crop,upazila_pcode,very_suitable,suitable,moderately_suitable,marginally_suitable,not_suitable,total_area,zone,source_span,barc_source_name,n_source_rows,suitability_factor
Aman,BD10040009,14512.5,14034.2,12574.8,2821.4,227.0,44170,2,,BARGUNA/Amtali,1,0.7379
Aman,BD10040019,7202.0,0.0,0.0,0.0,0.0,7202,1,,BARGUNA/Bamna,1,1.0
Aman,BD10040028,11092.3,10273.0,3911.6,0.0,0.0,25277,1,,BARGUNA/Borguna,1,0.8413
Aman,BD10040047,11227.6,63.4,0.0,0.0,0.0,11291,1,,BARGUNA/Betagi,1,0.9989
Aman,BD10040085,7056.9,10668.5,26.2,1871.4,0.0,19623,1,,BARGUNA/Patharghata,1,0.8143
Aman,BD10060002,2186.5,37.3,22.4,9171.5,1455.2,12873,4,,BARISAL/Agailjhara,1,0.3155
Aman,BD10060003,10387.1,0.0,437.9,0.0,0.0,10825,1,,BARISAL/Babuganj,1,0.9798
Aman,BD10060007,30175.0,66.9,1389.1,0.0,0.0,31631,1,,BARISAL/Bakerganj,1,0.9776
Aman,BD10060010,8143.1,182.1,437.0,262.2,1092.5,10117,1,,BARISAL/Banaripara,1,0.8461
Aman,BD10060032,8462.0,158.2,322.9,1364.2,164.8,10472,1,,BARISAL/Gaurnadi,1,0.8616
Aman,BD10060036,4198.1,0.0,10944.4,0.0,4511.4,19654,2,,BARISAL/Hizla,1,0.492
Aman,BD10060051,12021.7,0.0,7113.1,0.0,86.1,19221,2,,BARISAL/Barisal,1,0.8105
Aman,BD10060062,10335.1,0.0,15171.2,0.0,102.7,25609,2,,BARISAL/Mehendiganj,1,0.6998
Aman,BD10060069,7806.9,189.6,10714.7,0.0,73.7,18785,2,,BARISAL/Muladi,1,0.7089
Aman,BD10060094,7536.8,205.2,2384.9,6638.0,2767.0,19532,4,,BARISAL/Ujirpur,1,0.5233
Aman,BD10090018,3338.6,5405.0,12273.3,213.3,2242.9,23473,2,,BHOLA/Bhola,1,0.5897
Aman,BD10090021,2350.6,4572.9,9172.8,2256.0,283.7,18636,2,,BHOLA/Burhanuddin,1,0.5928
Aman,BD10090025,369.1,5457.8,13903.8,9852.2,15099.1,44682,4,,BHOLA/Char Fasson,1,0.3057
Aman,BD10090029,0.0,1086.2,6513.3,652.5,150.0,8402,2,,BHOLA/Daulatkhan,1,0.5066
Aman,BD10090054,7812.1,5090.9,4830.7,1413.4,2411.9,21559,2,,BHOLA/Lalmohan,1,0.6764
Aman,BD10090065,0.0,0.0,0.0,4912.5,10485.5,15398,4,,BHOLA/Monpura,1,0.0638
Aman,BD10090091,3363.1,900.6,5132.3,789.0,0.0,10185,2,,BHOLA/Tajumuddin,1,0.6684
Aman,BD10420040,15737.0,0.0,0.0,0.0,0.0,15737,1,,JHALAKATI/Jhalakati,1,1.0
Aman,BD10420043,11940.0,0.0,0.0,0.0,0.0,11940,1,,JHALAKATI/Kathalia,1,1.0
Aman,BD10420073,15149.8,0.0,107.2,0.0,0.0,15257,1,,JHALAKATI/Nalchiti,1,0.9965
Aman,BD10420084,12438.0,0.0,0.0,0.0,0.0,12438,1,,JHALAKATI/Rajapur,1,1.0
Aman,BD10780038,34830.4,1069.0,0.0,0.0,173.6,36073,1,,PATUAKHALI/Bauphal,1,0.9893
Aman,BD10780052,14408.8,1342.5,444.7,581.5,85.5,16863,1,,PATUAKHALI/Dashmina,1,0.9382
Aman,BD10780057,30755.8,2208.9,2929.6,6823.2,17034.6,59752,3,,PATUAKHALI/Galachipa,1,0.5917
Aman,BD10780066,0.0,15253.8,13817.6,4032.4,2162.2,35266,2,,PATUAKHALI/Kalapara,1,0.5648
Aman,BD10780076,11800.4,198.6,0.0,0.0,0.0,11999,1,,PATUAKHALI/Mirzaganj,1,0.9967
Aman,BD10780095,30202.3,7.7,0.0,0.0,0.0,30210,1,,PATUAKHALI/Patuakhali,1,0.9999
Aman,BD10790014,10415.0,0.0,0.0,0.0,0.0,10415,1,,PIROJPUR/Bhandaria,1,1.0
Aman,BD10790047,4816.0,0.0,0.0,0.0,0.0,4816,1,,PIROJPUR/Kawkhali,1,1.0
Aman,BD10790058,22887.0,0.0,0.0,0.0,0.0,22887,1,,PIROJPUR/Mathbaria,1,1.0
Aman,BD10790076,8741.3,685.5,4119.8,0.0,3123.4,16670,2,,PIROJPUR/Nazirpur,1,0.6808
Aman,BD10790080,19791.1,0.0,507.9,0.0,0.0,20299,1,,PIROJPUR/Pirojpur,1,0.9875
Aman,BD10790087,11377.6,0.0,79.5,0.0,97.9,11555,1,,PIROJPUR/Sarupkati,1,0.9881
Aman,BD20030004,0.0,203.9,83.1,747.6,22429.4,23464,4,,BANDARBAN/Alikadam,1,0.0151
Aman,BD20030014,0.0,0.0,101.8,0.0,15244.2,15346,4,,BANDARBAN/Bandarban,1,0.0033
Aman,BD20030051,0.0,208.3,347.2,0.0,15908.4,16464,4,,BANDARBAN/Lama,1,0.0207
Aman,BD20030073,3.2,3.2,142.6,0.0,8102.0,8251,4,,BANDARBAN/Naikhongchhari,1,0.0093
Aman,BD20030089,0.0,0.0,40.3,0.0,10233.7,10274,4,,BANDARBAN/Rowangchhari,1,0.002
Aman,BD20030091,0.0,0.0,0.0,0.0,7396.0,7396,4,,BANDARBAN/Ruma,1,0.0
Aman,BD20030095,0.0,0.0,71.4,14.5,5512.2,5598,4,,BANDARBAN/Thanchi,1,0.0069
Aman,BD20120002,962.8,1629.3,2856.5,0.0,3311.4,8760,4,,BRAHMANBARIA/Akhaura,1,0.4217
Aman,BD20120004,45.4,3471.1,2646.8,1656.1,6745.6,14565,4,,BRAHMANBARIA/Banchharampur,1,0.3074
Aman,BD20120013,3394.8,11905.0,3038.3,8122.7,16625.2,43086,4,,BRAHMANBARIA/Brahmanbaria,1,0.3728
Aman,BD20120063,1426.3,6678.5,5674.8,0.0,3735.4,17515,3,,BRAHMANBARIA/Kasba,1,0.5485
Aman,BD20120085,3376.1,1849.6,14344.5,1865.8,7673.0,29109,4,,BRAHMANBARIA/Nabinagar,1,0.426
Aman,BD20120090,236.2,15.7,13123.1,126.0,12320.1,25821,4,,BRAHMANBARIA/Nasirnagar,1,0.2647
Aman,BD20120094,492.0,4516.2,35.1,2978.6,10482.1,18504,4,,BRAHMANBARIA/Sarail,1,0.255
Aman,BD20130022,4219.6,359.3,6533.6,0.0,1388.4,12501,2,,CHANDPUR/Chandpur,1,0.6219
Aman,BD20130045,8981.1,4753.3,1280.4,0.0,628.1,15643,1,,CHANDPUR/Faridganj,1,0.8581
Aman,BD20130047,1367.1,3079.4,766.5,0.0,1385.0,6598,2,,CHANDPUR/Haimchar,1,0.6387
Aman,BD20130049,0.0,3443.9,7760.1,0.0,2268.1,13472,2,,CHANDPUR/Hajiganj,1,0.4925
Aman,BD20130058,3071.0,3623.3,7960.4,0.0,3138.4,17793,2,,CHANDPUR/Kachua,1,0.5592
Aman,BD20130076,243.9,5542.9,14427.5,13.2,6386.6,26614,2,Matlab,CHANDPUR/Matlab,1,0.4469
Aman,BD20130079,243.9,5542.9,14427.5,13.2,6386.6,26614,2,Matlab,CHANDPUR/Matlab,1,0.4469
Aman,BD20130095,2443.7,4355.7,2851.0,0.0,2166.5,11817,2,,CHANDPUR/Shahrasti,1,0.6223
Aman,BD20150004,6217.4,656.9,0.0,0.0,2586.7,9461,3,,CHITTAGONG/Anwara,1,0.7127
Aman,BD20150008,10419.8,2411.4,244.5,557.0,12396.4,26029,4,,CHITTAGONG/Banskhali,1,0.4834
Aman,BD20150012,2081.9,4732.2,0.0,0.0,178.8,6993,1,,CHITTAGONG/Boalkhali,1,0.8391
Aman,BD20150018,780.1,2525.2,780.1,0.0,7280.6,11366,4,,CHITTAGONG/Chandanais,1,0.2807
Aman,BD20150033,4707.1,1482.8,1452.3,0.0,16005.9,23648,4,,CHITTAGONG/Fatikchhari,1,0.2799
Aman,BD20150037,5421.4,199.4,299.1,0.0,6597.0,12517,4,,CHITTAGONG/Hathazari,1,0.4578
Aman,BD20150047,638.9,0.0,5298.9,0.0,6571.3,12509,4,,CHITTAGONG/Lohagora,1,0.2629
Aman,BD20150053,9031.2,2790.6,1746.1,0.0,9142.0,22710,4,,CHITTAGONG/Mirsharai,1,0.5344
Aman,BD20150061,4513.7,3075.7,0.0,0.0,4399.5,11989,3,,CHITTAGONG/Patia,1,0.5817
Aman,BD20150070,6068.9,1980.2,736.3,11.2,10754.4,19551,4,,CHITTAGONG/Rangunia,1,0.4104
Aman,BD20150074,6347.9,2950.8,5.6,0.0,4579.7,13884,3,,CHITTAGONG/Rauzan,1,0.6274
Aman,BD20150078,5976.1,5995.5,7838.7,5355.2,2221.6,27387,3,,CHITTAGONG/Sandwip,1,0.5756
Aman,BD20150082,3879.1,2489.6,2645.9,0.0,7422.4,16437,4,,CHITTAGONG/Satkania,1,0.4377
Aman,BD20150086,4360.2,205.7,665.5,0.0,4045.6,9277,4,,CHITTAGONG/Sitakunda,1,0.5236
Aman,BD20151600,0.0,0.0,0.0,0.0,0.0,0,4,,CHITTAGONG/Patenga; CHITTAGONG/Double Mooring; CHITTAGONG/Panchlais,3,
Aman,BD20190009,2415.9,6417.7,5607.9,4042.3,47.2,18531,2,,COMILLA/Barura,1,0.6024
Aman,BD20190015,1259.6,499.2,3801.9,3771.2,1175.1,10507,4,,COMILLA/Brahmanpara,1,0.4106
Aman,BD20190018,6157.1,2054.7,4123.8,0.0,465.4,12801,2,,COMILLA/Burichang,1,0.7705
Aman,BD20190027,375.2,6726.0,653.1,180.7,7657.0,15592,4,,COMILLA/Chandina,1,0.3924
Aman,BD20190031,10961.0,8222.7,2067.2,0.0,671.1,21922,1,,COMILLA/Chauddagram,1,0.8472
Aman,BD20190036,0.0,20.2,2090.7,0.0,37531.1,39642,4,,COMILLA/Daudkandi,1,0.0268
Aman,BD20190040,3972.3,8493.6,92.7,4015.0,2189.4,18763,3,,COMILLA/Debiduar,1,0.6191
Aman,BD20190054,0.0,116.5,840.7,0.0,12793.8,13751,4,,COMILLA/Homna,1,0.0373
Aman,BD20190067,12556.8,1959.6,3803.9,0.0,2251.6,20572,2,,COMILLA/Comilla,1,0.779
Aman,BD20190072,12859.0,572.3,16168.6,0.0,3799.1,33399,2,,COMILLA/Laksham,1,0.6408
Aman,BD20190081,3054.8,6005.1,6274.0,463.1,13265.0,29062,4,,COMILLA/Muradnagar,1,0.3815
Aman,BD20190087,14826.5,921.1,3117.1,0.0,405.3,19270,1,,COMILLA/Nangalkot,1,0.8885
Aman,BD20220016,6306.6,5242.6,6698.9,743.0,18384.9,37376,4,,COX'S BAZAR/Chakaria,1,0.3745
Aman,BD20220024,3244.1,1476.0,3386.2,489.4,7672.2,16268,4,,COX'S BAZAR/Cox's Bazar,1,0.3821
Aman,BD20220045,950.8,4821.9,0.0,77.6,659.7,6510,1,,COX'S BAZAR/Kutubdia,1,0.741
Aman,BD20220049,516.3,2446.8,2682.5,342.3,10135.1,16123,4,,COX'S BAZAR/Moheshkhali,1,0.2409
Aman,BD20220066,622.3,1877.7,991.3,0.0,11562.7,15054,4,,COX'S BAZAR/Ramu,1,0.174
Aman,BD20220090,101.6,1255.6,451.0,638.0,10613.8,13060,4,,COX'S BAZAR/Teknaf,1,0.1117
Aman,BD20220094,369.7,329.3,814.0,0.0,6741.9,8255,4,,COX'S BAZAR/Ukhia,1,0.126
Aman,BD20300014,6528.1,1482.2,809.9,0.0,1773.8,10594,1,,FENI/Chhagalnaiya,1,0.7664
Aman,BD20300025,7445.7,1129.8,3452.2,0.0,337.4,12365,2,,FENI/Daganbhuiya,1,0.8148
Aman,BD20300029,9100.2,1514.5,1232.6,268.8,3474.9,15591,3,,FENI/Feni,1,0.7044
Aman,BD20300051,12462.9,4466.1,0.0,0.0,0.0,16929,1,,FENI/Parshuram,1,0.9472
Aman,BD20300094,13759.2,405.0,1955.7,207.4,592.6,16920,1,,FENI/Sonagazi,1,0.8926
Aman,BD20460043,0.0,280.3,812.2,0.0,14493.5,15586,4,,KHAGRACHHARI/Dighinala,1,0.0404
Aman,BD20460049,0.0,190.4,590.7,3.2,7785.6,8570,4,,KHAGRACHHARI/Khagrachhari,1,0.0523
Aman,BD20460061,5.6,0.0,187.9,0.0,4406.6,4600,4,,KHAGRACHHARI/Laksmichhari,1,0.0216
Aman,BD20460065,0.0,132.4,417.5,0.0,7942.2,8492,4,,KHAGRACHHARI/Mohalchhari,1,0.0371
Aman,BD20460067,0.0,0.0,547.4,0.0,6312.6,6860,4,,KHAGRACHHARI/Manikchhari,1,0.0399
Aman,BD20460070,0.0,116.9,459.1,133.5,17945.5,18655,4,,KHAGRACHHARI/Matiranga,1,0.0187
Aman,BD20460077,0.0,144.5,466.0,0.0,9269.5,9880,4,,KHAGRACHHARI/Panchhari,1,0.0353
Aman,BD20460080,0.0,29.1,110.6,0.0,9592.3,9732,4,,KHAGRACHHARI/Ramgarh,1,0.0081
Aman,BD20510043,12452.5,2819.1,15230.3,218.7,2204.5,32925,2,,LAKSHMIPUR/Laksmipur,1,0.6793
Aman,BD20510058,6745.4,2009.9,1803.7,0.0,0.0,10559,1,,LAKSHMIPUR/Raipur,1,0.8765
Aman,BD20510065,2229.3,8187.8,497.7,0.0,1561.2,12476,1,,LAKSHMIPUR/Ramganj,1,0.7237
Aman,BD20510073,2211.8,3127.8,1645.8,19042.3,10649.4,36677,4,,LAKSHMIPUR/Ramgati,1,0.2548
Aman,BD20750007,1132.1,22986.7,3493.9,2830.2,143.1,30586,1,,NOAKHALI/Begumganj,1,0.7139
Aman,BD20750010,3406.2,2366.3,1301.5,0.0,1918.0,8992,3,,NOAKHALI/Chatkhil,1,0.6617
Aman,BD20750021,5629.2,4600.9,6433.3,1964.3,8661.3,27289,4,,NOAKHALI/Companiganj,1,0.4734
Aman,BD20750036,9830.0,0.0,11452.1,0.0,14994.8,36277,4,,NOAKHALI/Hatiya,1,0.4288
Aman,BD20750080,6239.8,4033.0,2089.2,0.0,0.0,12362,1,,NOAKHALI/Senbag,1,0.8503
Aman,BD20750087,13184.7,2084.8,26461.0,2549.6,23657.9,67938,4,,NOAKHALI/Noakhali,1,0.4209
Aman,BD20840007,0.0,106.1,379.5,314.2,16325.3,17125,4,,RANGAMATI/Baghaichhari,1,0.0197
Aman,BD20840021,0.0,0.0,108.3,5.8,10198.9,10313,4,,RANGAMATI/Barkal,1,0.0054
Aman,BD20840025,0.0,0.0,131.5,0.0,12689.5,12821,4,,RANGAMATI/Kawkhali (Betbunia),1,0.0051
Aman,BD20840029,0.0,0.0,74.1,0.0,5662.9,5737,4,,RANGAMATI/Belaichhari,1,0.0065
Aman,BD20840036,5.5,0.0,121.6,0.0,5961.9,6089,4,,RANGAMATI/Kaptai,1,0.0109
Aman,BD20840047,0.0,28.5,82.6,0.0,11958.9,12070,4,,RANGAMATI/Juraichhari,1,0.0053
Aman,BD20840058,0.0,0.0,537.4,593.1,12495.5,13626,4,,RANGAMATI/Langadu,1,0.0284
Aman,BD20840075,0.0,0.0,382.9,0.0,10050.1,10433,4,,RANGAMATI/Nannerchar,1,0.0184
Aman,BD20840078,2.5,1.2,87.3,0.0,3529.0,3620,4,,RANGAMATI/Rajasthali,1,0.013
Aman,BD20840087,0.0,0.0,185.8,37.2,8323.0,8546,4,,RANGAMATI/Rangamati,1,0.0117
Aman,BD30260014,2221.3,4570.9,11916.5,1170.8,6503.5,26383,4,,DHAKA/Dhamrai,1,0.4575
Aman,BD30260018,3102.6,1351.0,1241.0,1193.9,1979.4,8868,4,,DHAKA/Dohar,1,0.5686
Aman,BD30260038,1297.6,2381.4,1725.0,1022.8,6793.2,13220,4,,DHAKA/Keraniganj,1,0.323
Aman,BD30260062,901.3,2424.2,4767.6,93.2,11331.6,19518,4,,DHAKA/Nawabganj,1,0.2686
Aman,BD30260072,1419.0,6251.1,4807.6,4195.9,6734.3,23408,4,,DHAKA/Savar,1,0.4128
Aman,BD30262000,0.0,0.0,0.0,0.0,0.0,0,4,Dhaka Metro,DHAKA/Dhaka Metro,1,
Aman,BD30262500,0.0,0.0,0.0,0.0,0.0,0,4,Dhaka Metro,DHAKA/Dhaka Metro,1,
Aman,BD30290003,2789.4,0.0,7195.8,0.0,555.9,10541,2,,FARIDPUR/Alfadanga,1,0.6059
Aman,BD30290010,5623.4,434.3,9334.2,0.0,1760.2,17152,2,,FARIDPUR/Bhanga,1,0.6202
Aman,BD30290018,15304.2,6.0,6473.4,0.0,1003.4,22787,2,,FARIDPUR/Boalmari,1,0.8139
Aman,BD30290021,0.0,6986.2,958.7,14.1,0.0,7959,1,,FARIDPUR/Char Bhadrasan,1,0.7628
Aman,BD30290047,17133.8,7900.8,5906.7,0.0,192.7,31134,1,,FARIDPUR/Faridpur,1,0.8482
Aman,BD30290056,13620.5,0.0,3528.9,0.0,634.6,17784,1,,FARIDPUR/Madhukhali,1,0.8651
Aman,BD30290062,12132.3,221.0,18924.1,0.0,1097.6,32375,2,,FARIDPUR/Nagarkanda,1,0.6725
Aman,BD30290084,4448.9,12406.5,4234.9,53.5,145.2,21289,1,,FARIDPUR/Sadarpur,1,0.7752
Aman,BD30330030,2440.0,12420.0,6300.0,3870.0,12010.0,37040,4,,GAZIPUR/Gazipur,1,0.4401
Aman,BD30330032,3850.4,7250.1,2326.6,4038.8,10019.1,27485,4,,GAZIPUR/Kaliakoir,1,0.4228
Aman,BD30330034,2072.6,1588.4,1452.5,5003.0,8621.5,18738,4,,GAZIPUR/Kaliganj,1,0.2706
Aman,BD30330036,6491.6,5928.9,1769.7,10871.0,6393.8,31455,4,,GAZIPUR/Kapasia,1,0.4544
Aman,BD30330086,7137.8,13911.5,660.4,9237.6,12700.7,43648,4,,GAZIPUR/Sripur,1,0.4684
Aman,BD30350032,7510.5,2250.7,8188.9,478.9,14135.0,32564,4,,GOPALGANJ/Gopalganj,1,0.4146
Aman,BD30350043,8513.9,1348.0,5115.4,631.4,7336.2,22945,4,,GOPALGANJ/Kasiani,1,0.535
Aman,BD30350051,209.8,40.3,4438.0,0.0,27773.9,32462,4,,GOPALGANJ/Kotalipara,1,0.0758
Aman,BD30350058,3984.8,841.3,9149.9,345.6,10030.4,24352,4,,GOPALGANJ/Muksudpur,1,0.382
Aman,BD30350091,2406.9,1160.9,2613.5,0.0,4661.8,10843,4,,GOPALGANJ/Tungipara,1,0.4281
Aman,BD30480002,0.0,0.0,18.1,506.3,24979.6,25504,4,,KISHOREGANJ/Ashtagram,1,0.0043
Aman,BD30480006,6532.8,803.2,1774.7,0.0,5538.3,14649,4,,KISHOREGANJ/Bajitpur,1,0.5504
Aman,BD30480011,3400.0,521.5,3352.6,0.0,33.9,7308,2,,KISHOREGANJ/Bhairab,1,0.7517
Aman,BD30480027,6894.3,287.3,1342.9,0.0,732.5,9257,1,,KISHOREGANJ/Hossainpur,1,0.8421
Aman,BD30480033,337.5,629.4,930.4,0.0,35389.8,37287,4,,KISHOREGANJ/Itna,1,0.035
Aman,BD30480042,7213.0,1288.9,2223.5,90.4,5419.2,16235,4,,KISHOREGANJ/Karimganj,1,0.5774
Aman,BD30480045,8896.9,3447.2,2109.8,0.0,2875.1,17329,2,,KISHOREGANJ/Katiadi,1,0.7334
Aman,BD30480049,9766.4,533.1,717.3,0.0,1520.2,12537,1,,KISHOREGANJ/Kishoreganj,1,0.8416
Aman,BD30480054,5231.7,714.8,927.7,0.0,1193.9,8068,2,,KISHOREGANJ/Kuliarchar,1,0.7768
Aman,BD30480059,125.9,889.7,0.0,453.3,17610.1,19079,4,,KISHOREGANJ/Mithamoin,1,0.0487
Aman,BD30480076,823.1,2057.8,773.7,164.6,12725.7,16545,4,,KISHOREGANJ/Nikli,1,0.1746
Aman,BD30480079,11413.1,539.0,1765.5,453.1,773.4,14944,1,,KISHOREGANJ/Pakundia,1,0.8577
Aman,BD30480092,2658.0,2250.9,3504.1,0.0,3967.0,12380,4,,KISHOREGANJ/Tarail,1,0.5017
Aman,BD30540040,7667.5,4706.8,6467.4,21.6,3506.8,22370,2,,MADARIPUR/Kalkini,1,0.6558
Aman,BD30540054,7797.9,2768.0,7961.6,0.0,4092.4,22620,2,,MADARIPUR/Madaripur,1,0.6186
Aman,BD30540080,3869.8,171.3,8448.2,0.0,7334.7,19824,4,,MADARIPUR/Rajoir,1,0.4152
Aman,BD30540087,7806.4,4913.2,6851.9,0.0,2693.4,22265,2,,MADARIPUR/Sibchar,1,0.681
Aman,BD30560010,6374.0,2370.7,2579.1,2744.1,3404.1,17472,4,,MANIKGANJ/Daulatpur,1,0.5786
Aman,BD30560022,1149.2,115.6,6403.6,802.3,3122.3,11593,4,,MANIKGANJ/Ghior,1,0.3971
Aman,BD30560028,840.1,2035.3,4395.7,645.1,4930.8,12847,4,,MANIKGANJ/Harirampur,1,0.3733
Aman,BD30560046,5605.3,4016.8,4657.2,374.2,3243.4,17897,2,,MANIKGANJ/Manikganj,1,0.627
Aman,BD30560070,1619.0,4036.6,2316.9,1957.1,1597.4,11527,3,,MANIKGANJ/Saturia,1,0.5551
Aman,BD30560078,657.5,1122.5,8275.7,983.0,2125.4,13164,3,,MANIKGANJ/Sibalay,1,0.4474
Aman,BD30560082,4038.7,2784.0,5879.9,1165.6,3496.8,17365,3,,MANIKGANJ/Singair,1,0.5436
Aman,BD30590024,113.4,591.2,2575.4,32.4,5944.6,9257,4,,MUNSHIGANJ/Gozaria,1,0.2031
Aman,BD30590044,780.2,1506.9,637.3,232.3,4282.3,7439,4,,MUNSHIGANJ/Lohajang,1,0.316
Aman,BD30590056,1623.7,2893.4,2399.0,1404.0,1867.9,10188,4,,MUNSHIGANJ/Munshiganj,1,0.5319
Aman,BD30590074,2752.7,2430.3,2389.0,983.7,6588.3,15144,4,,MUNSHIGANJ/Serajdikhan,1,0.402
Aman,BD30590084,1505.2,1441.0,1162.8,14.3,10764.7,14888,4,,MUNSHIGANJ/Srinagar,1,0.2178
Aman,BD30590094,574.1,1335.0,1660.1,152.2,4523.7,8245,4,,MUNSHIGANJ/Tongibari,1,0.3035
Aman,BD30670002,2123.0,1102.3,4007.8,0.0,5600.0,12833,4,,NARAYANGANJ/Araihazar,1,0.3903
Aman,BD30670004,1921.5,898.9,3612.2,1154.6,6036.8,13624,4,,NARAYANGANJ/Sonargaon,1,0.3433
Aman,BD30670006,0.0,0.0,0.0,0.0,0.0,0,4,,NARAYANGANJ/Bandar,1,
Aman,BD30670058,0.0,0.0,0.0,0.0,0.0,0,4,,NARAYANGANJ/Narayanganj,1,
Aman,BD30670068,1480.5,1271.4,2254.7,2350.7,7837.7,15195,4,,NARAYANGANJ/Rupganj,1,0.2695
Aman,BD30680007,2952.7,3424.0,868.9,1030.9,942.5,9219,3,,NARSINGDI/Belabo,1,0.6869
Aman,BD30680052,7659.2,3445.6,1241.8,890.1,1902.2,15139,1,,NARSINGDI/Manohardi,1,0.7408
Aman,BD30680060,3096.9,4499.3,2846.5,676.1,5576.1,16695,4,,NARSINGDI/Narsingdi,1,0.4945
Aman,BD30680063,952.3,2049.1,551.7,1306.9,1563.1,6423,4,,NARSINGDI/Palas,1,0.4871
Aman,BD30680064,7247.6,2888.3,6739.3,0.0,6954.9,23830,3,,NARSINGDI/Raipura,1,0.5425
Aman,BD30680076,5278.3,3942.3,3680.4,484.6,2868.4,16254,2,,NARSINGDI/Sibpur,1,0.638
Aman,BD30820007,11775.6,0.0,5169.4,0.0,1642.9,18588,2,,RAJBARI/Baliakandi,1,0.7726
Aman,BD30820029,35.7,838.8,9325.5,0.0,0.0,10200,2,,RAJBARI/Goalanda,1,0.5264
Aman,BD30820073,25055.2,72.1,7409.1,7.2,721.4,33265,1,,RAJBARI/Pangsha,1,0.8663
Aman,BD30820076,15337.5,1912.3,4443.7,0.0,556.4,22250,2,,RAJBARI/Rajbari,1,0.8579
Aman,BD30860014,7.6,5060.2,9931.3,0.0,2238.9,17238,2,,SHARIATPUR/Bhedarganj,1,0.5233
Aman,BD30860025,1608.6,402.1,4407.8,0.0,993.5,7412,2,,SHARIATPUR/Damudya,1,0.5578
Aman,BD30860036,4665.0,1640.8,5662.3,0.0,1555.0,13523,2,,SHARIATPUR/Goshairhat,1,0.6514
Aman,BD30860065,1229.8,3599.3,7952.0,25.8,2672.1,15479,2,,SHARIATPUR/Naria,1,0.5227
Aman,BD30860069,4091.6,668.7,4822.6,0.0,1615.1,11198,2,,SHARIATPUR/Palong (Sadar),1,0.6285
Aman,BD30860094,4948.9,1305.4,3485.8,0.0,7279.9,17020,4,,SHARIATPUR/Janjira,1,0.4545
Aman,BD30930009,2042.4,3749.5,5657.7,0.0,1647.4,13097,2,,TANGAIL/Basail,1,0.601
Aman,BD30930019,3464.1,6686.6,4092.0,2077.1,607.2,16927,2,,TANGAIL/Bhuapur,1,0.6661
Aman,BD30930023,5559.7,7803.8,441.6,7.2,202.7,14015,1,,TANGAIL/Delduar,1,0.858
Aman,BD30930028,12696.5,10929.3,3844.0,9634.4,3835.8,40940,3,,TANGAIL/Ghatail,1,0.6177
Aman,BD30930038,9590.3,3366.6,2292.6,268.5,1549.0,17067,2,,TANGAIL/Gopalpur,1,0.79
Aman,BD30930047,7752.7,10444.8,2809.2,337.4,1445.9,22790,1,,TANGAIL/Kalihati,1,0.7714
Aman,BD30930057,16308.5,17376.8,1210.2,6641.4,1240.1,42777,1,,TANGAIL/Madhupur,1,0.7514
Aman,BD30930066,2352.9,15237.9,948.6,3114.8,8761.8,30416,3,,TANGAIL/Mirzapur,1,0.5142
Aman,BD30930076,8365.5,5517.9,4441.3,375.4,757.9,19458,2,,TANGAIL/Nagarpur,1,0.7748
Aman,BD30930085,6772.9,21547.8,3403.2,6296.3,2909.8,40930,3,,TANGAIL/Shakhipur,1,0.659
Aman,BD30930095,6398.0,11630.9,4483.4,27.3,497.4,23037,1,,TANGAIL/Tangail,1,0.7792
Aman,BD40010008,8645.9,5321.0,2236.6,529.1,685.4,17418,1,,BAGERHAT/Bagerhat,1,0.811
Aman,BD40010014,2813.9,3386.4,5288.2,0.0,2823.6,14312,3,,BAGERHAT/Chitalmari,1,0.5706
Aman,BD40010034,2965.5,4117.2,2531.5,116.8,345.0,10076,2,,BAGERHAT/Fakirhat,1,0.7491
Aman,BD40010038,7123.5,1043.2,278.7,0.0,85.7,8531,1,,BAGERHAT/Kachua,1,0.9492
Aman,BD40010056,4131.6,604.3,5916.3,0.0,5276.9,15929,4,,BAGERHAT/Mollahat,1,0.4754
Aman,BD40010058,0.0,1357.7,9658.7,3406.6,0.0,14423,3,,BAGERHAT/Mongla,1,0.4574
Aman,BD40010060,11773.5,15934.5,4804.5,0.0,665.5,33178,1,,BAGERHAT/Morelganj,1,0.8115
Aman,BD40010073,6115.9,7502.9,9795.5,999.0,28.7,24442,2,,BAGERHAT/Rampal,1,0.7044
Aman,BD40010077,2424.7,5751.6,0.0,1789.7,0.0,9966,1,,BAGERHAT/Sarankhola,1,0.7409
Aman,BD40180007,25621.3,196.3,50.9,0.0,1759.5,27628,1,,CHUADANGA/Alamdanga,1,0.934
Aman,BD40180023,21097.8,148.7,52.1,0.0,1829.4,23128,1,,CHUADANGA/Chuadanga,1,0.9185
Aman,BD40180031,22203.3,272.3,48.1,0.0,3460.3,25984,1,,CHUADANGA/Damurhuda,1,0.8638
Aman,BD40180055,12027.4,1875.8,1103.0,0.0,892.9,15899,1,,CHUADANGA/Jibannagar,1,0.8856
Aman,BD40410004,9536.2,256.5,2111.1,0.0,4860.2,16764,3,,JESSORE/Abhoynagar,1,0.6441
Aman,BD40410009,15869.9,0.0,2229.7,0.0,774.4,18874,1,,JESSORE/Bagherpara,1,0.8999
Aman,BD40410011,3277.7,15922.4,0.0,1495.8,1888.1,22584,1,,JESSORE/Chaugachha,1,0.7224
Aman,BD40410023,0.0,21616.0,0.0,1404.1,1360.9,24381,1,,JESSORE/Jhikorgachha,1,0.7208
Aman,BD40410038,673.9,14100.9,121.9,1206.6,2695.7,18799,1,,JESSORE/Keshabpur,1,0.652
Aman,BD40410047,19203.3,8586.6,1550.0,1015.0,1207.1,31562,1,,JESSORE/Jessore,1,0.8571
Aman,BD40410061,4077.2,20999.1,1630.9,1624.1,4164.8,32496,1,,JESSORE/Manirampur,1,0.6775
Aman,BD40410090,0.0,21301.4,0.0,2262.8,4334.9,27899,1,,JESSORE/Sarsa,1,0.627
Aman,BD40440014,17839.4,14.5,28.9,0.0,7.2,17890,1,,JHENAIDAH/Harinakundu,1,0.9986
Aman,BD40440019,30506.2,0.0,3919.6,0.0,1630.2,36056,1,,JHENAIDAH/Jhenaidah,1,0.9004
Aman,BD40440033,23182.7,15.1,1732.9,0.0,527.4,25458,1,,JHENAIDAH/Kaliganj,1,0.9451
Aman,BD40440042,10734.8,53.8,779.7,0.0,322.7,11891,1,,JHENAIDAH/Kotchandpur,1,0.9392
Aman,BD40440071,4552.1,22314.9,143.2,191.0,6732.7,33934,1,,JHENAIDAH/Maheshpur,1,0.6635
Aman,BD40440080,25812.2,14.8,3573.5,0.0,664.5,30065,1,,JHENAIDAH/Sailkupa,1,0.9184
Aman,BD40470012,11500.3,1992.0,4183.9,51.8,162.9,17891,1,,KHULNA/Batiaghata,1,0.8494
Aman,BD40470017,1116.2,0.0,628.9,19550.0,1249.9,22545,4,,KHULNA/Dacope,1,0.2369
Aman,BD40470030,11779.2,6024.9,10265.7,3670.5,4825.7,36566,3,,KHULNA/Dumuria,1,0.6144
Aman,BD40470040,1201.3,2982.3,126.0,0.0,92.4,4402,1,,KHULNA/Dighalia (Daulathpur),1,0.8292
Aman,BD40470053,74.3,0.0,4129.9,11662.8,5278.0,21145,4,,KHULNA/Koyra,1,0.2115
Aman,BD40470064,5349.9,444.4,5400.2,14666.2,6247.2,32108,4,,KHULNA/Paikgachha,1,0.3531
Aman,BD40470069,1663.5,1952.2,577.4,0.0,604.9,4798,1,,KHULNA/Phultala,1,0.7324
Aman,BD40470075,2122.5,923.9,1342.1,6.2,1036.3,5431,3,,KHULNA/Rupsha,1,0.6507
Aman,BD40470094,3270.2,499.9,8755.3,0.0,3471.6,15997,2,,KHULNA/Terakhada,1,0.5031
Aman,BD40473300,2120.0,0.0,0.0,0.0,0.0,2120,1,,KHULNA/Khulna Metro,1,1.0
Aman,BD40500015,7976.1,603.0,144.2,1074.8,235.9,10034,1,,KUSHTIA/Bheramara,1,0.8716
Aman,BD40500039,19262.2,2242.2,1635.1,6257.5,2456.1,31853,3,,KUSHTIA/Daulatpur,1,0.726
Aman,BD40500063,5100.6,1844.8,0.0,0.0,580.6,7526,1,,KUSHTIA/Khoksha,1,0.8738
Aman,BD40500071,10530.3,1184.2,855.0,2814.4,1115.2,16499,3,,KUSHTIA/Kumarkhali,1,0.7557
Aman,BD40500079,16255.8,2056.3,243.1,805.8,3932.0,23293,3,,KUSHTIA/Kushtia,1,0.7806
Aman,BD40500094,21737.7,300.9,110.1,550.4,3486.0,26185,1,,KUSHTIA/Mirpur,1,0.8457
Aman,BD40550057,24342.8,614.2,5288.0,0.0,2247.0,32492,1,,MAGURA/Magura,1,0.8457
Aman,BD40550066,8345.2,1660.2,6391.1,235.1,1153.3,17785,2,,MAGURA/Mohammadpur,1,0.7262
Aman,BD40550085,14362.2,0.0,3324.2,0.0,1110.6,18797,1,,MAGURA/Salikha,1,0.8525
Aman,BD40550095,10517.3,302.3,1298.3,0.0,1470.1,13588,1,,MAGURA/Sripur,1,0.8396
Aman,BD40570047,25149.8,439.4,122.0,0.0,3384.8,29096,1,,MEHERPUR/Gangni,1,0.8786
Aman,BD40570087,26220.5,137.2,0.0,0.0,4125.2,30483,1,,MEHERPUR/Meherpur,1,0.8638
Aman,BD40650028,2872.2,23.8,11639.7,246.0,10108.3,24890,4,,NARAIL/Kalia,1,0.352
Aman,BD40650052,11578.6,2668.6,4668.2,213.2,3543.4,22672,2,,NARAIL/Lohagara,1,0.7097
Aman,BD40650076,13733.7,0.0,7491.7,0.0,6003.6,27229,2,,NARAIL/Narail,1,0.6419
Aman,BD40870004,3796.6,9279.3,6819.0,12913.6,1111.5,33920,4,,SATKHIRA/Asasuni,1,0.5074
Aman,BD40870025,0.0,2885.6,1295.3,8247.1,2156.0,14584,4,,SATKHIRA/Debhata,1,0.3158
Aman,BD40870043,0.0,13218.9,0.0,13.3,3660.8,16893,1,,SATKHIRA/Kalaroa,1,0.6262
Aman,BD40870047,637.8,8969.2,4961.6,11300.4,112.9,25982,4,,SATKHIRA/Kaliganj,1,0.4832
Aman,BD40870082,0.0,17299.2,1604.9,2229.9,5944.0,27078,3,,SATKHIRA/Satkhira,1,0.5572
Aman,BD40870086,0.0,891.4,0.0,20766.2,14980.4,36638,4,,SATKHIRA/Shyamnagar,1,0.1328
Aman,BD40870090,1135.1,22469.7,0.0,2389.6,761.7,26756,1,,SATKHIRA/Tala,1,0.7321
Aman,BD45390007,955.0,9059.8,6260.1,1445.6,693.4,18414,2,,JAMALPUR/Bakshiganj,1,0.6312
Aman,BD45390015,3442.2,270.9,12910.9,6049.2,33.9,22707,3,,JAMALPUR/Dewanganj,1,0.4987
Aman,BD45390029,8487.5,2170.0,10403.6,5394.2,30.8,26486,3,,JAMALPUR/Islampur,1,0.6231
Aman,BD45390036,24677.2,3688.9,10613.1,2781.6,513.2,42274,2,,JAMALPUR/Jamalpur,1,0.7922
Aman,BD45390058,5327.7,1758.4,8328.4,6657.5,105.0,22177,4,,JAMALPUR/Madarganj,1,0.5515
Aman,BD45390061,13787.2,297.0,5901.0,547.1,15.6,20548,2,,JAMALPUR/Melandaha,1,0.8315
Aman,BD45390085,13819.4,8.0,1036.1,6423.6,271.0,21558,3,,JAMALPUR/Sarishabari,1,0.725
Aman,BD45610013,22537.5,7262.5,2798.9,3988.0,7427.1,44014,3,,MYMENSINGH/Bhaluka,1,0.694
Aman,BD45610016,11592.3,2015.4,3776.8,0.0,5625.5,23010,3,,MYMENSINGH/Dhobaura,1,0.6559
Aman,BD45610020,17981.1,2893.7,6816.4,3752.5,3110.3,34554,3,,MYMENSINGH/Phulbaria,1,0.7077
Aman,BD45610022,21458.4,0.0,5429.6,2050.0,3023.0,31961,2,,MYMENSINGH/Gafargaon,1,0.7692
Aman,BD45610023,18200.2,0.0,798.7,28.2,3890.0,22917,1,,MYMENSINGH/Gouripur,1,0.8118
Aman,BD45610024,18526.9,5001.7,1677.1,0.0,5830.3,31036,3,,MYMENSINGH/Haluaghat,1,0.7529
Aman,BD45610031,21613.4,115.3,1232.0,36.0,1210.4,24207,1,,MYMENSINGH/Ishwarganj,1,0.9224
Aman,BD45610052,22519.6,4058.8,369.7,808.7,2495.3,30252,1,,MYMENSINGH/Mymensingh,1,0.8632
Aman,BD45610065,18769.1,1302.8,1656.1,655.1,2877.9,25261,1,,MYMENSINGH/Muktagachha,1,0.8222
Aman,BD45610072,21384.8,122.1,1969.1,404.5,3266.5,27147,1,,MYMENSINGH/Nandail,1,0.8306
Aman,BD45610081,32484.3,2163.3,4305.2,21.3,7848.9,46823,3,,MYMENSINGH/Phulpur,1,0.7768
Aman,BD45610094,21522.8,22.8,5959.1,15.2,624.1,28144,1,,MYMENSINGH/Trisal,1,0.8714
Aman,BD45720004,7967.2,0.0,4868.0,0.0,3262.7,16098,2,,NETRAKONA/Atpara,1,0.6461
Aman,BD45720009,8984.2,15.9,2562.4,0.0,7806.5,19369,4,,NETRAKONA/Barhatta,1,0.5306
Aman,BD45720018,7074.8,5005.9,4275.7,0.0,7853.6,24210,4,,NETRAKONA/Durgapur,1,0.5459
Aman,BD45720038,19.7,0.0,72.1,0.0,20259.2,20351,4,,NETRAKONA/Khaliajuri,1,0.0027
Aman,BD45720040,3723.9,2058.4,2767.3,751.6,25392.7,34694,4,,NETRAKONA/Kalmakanda,1,0.199
Aman,BD45720047,14898.8,0.0,2702.9,0.0,6948.4,24550,2,,NETRAKONA/Kendua,1,0.6619
Aman,BD45720056,1912.2,0.0,5167.4,0.0,12808.4,19888,4,,NETRAKONA/Madan,1,0.2261
Aman,BD45720063,4971.8,0.0,2581.1,0.0,13758.1,21311,4,,NETRAKONA/Mohanganj,1,0.2939
Aman,BD45720074,17885.7,69.3,2102.8,0.0,6524.2,26582,3,,NETRAKONA/Netrakona,1,0.7145
Aman,BD45720083,19323.3,109.2,128.4,0.0,5452.1,25013,1,,NETRAKONA/Purbadhala,1,0.7786
Aman,BD45890037,12951.4,4065.9,1279.4,0.0,1025.2,19322,1,,SHERPUR/Jhenaigati,1,0.8717
Aman,BD45890067,10174.3,1826.7,2612.9,138.7,678.3,15431,1,,SHERPUR/Nakla,1,0.8405
Aman,BD45890070,23563.0,1604.8,3891.2,0.0,1578.9,30638,1,,SHERPUR/Nalitabari,1,0.8745
Aman,BD45890088,9525.7,18939.6,3103.6,1100.4,154.7,32824,1,,SHERPUR/Sherpur,1,0.8058
Aman,BD45890090,11450.3,7174.0,0.0,1329.1,2666.5,22620,1,,SHERPUR/Sribardi,1,0.7717
Aman,BD50100006,9786.7,3616.3,218.5,0.0,994.5,14616,1,,BOGRA/Adamdighi,1,0.875
Aman,BD50100020,21888.7,8045.5,1168.5,893.1,878.2,32874,1,,BOGRA/Bogra,1,0.8848
Aman,BD50100027,17024.7,0.0,470.4,0.0,2620.9,20116,1,,BOGRA/Dhunot,1,0.858
Aman,BD50100033,11766.8,2411.7,0.0,0.0,165.5,14344,1,,BOGRA/Dhubchachia,1,0.9548
Aman,BD50100040,15967.1,0.0,2378.5,0.0,689.4,19035,1,,BOGRA/Gabtali,1,0.9013
Aman,BD50100054,19340.5,1935.6,0.0,31.9,8.0,21316,1,,BOGRA/Kahalu,1,0.9803
Aman,BD50100067,20942.6,0.0,80.4,0.0,3225.0,24248,1,,BOGRA/Nandigram,1,0.8653
Aman,BD50100081,10086.8,0.0,4189.1,303.7,9517.3,24097,4,,BOGRA/Shariakandi,1,0.508
Aman,BD50100088,18461.9,1249.6,2300.5,0.0,3368.0,25380,1,,BOGRA/Sherpur,1,0.8121
Aman,BD50100094,23033.8,2027.6,437.8,990.8,0.0,26490,1,,BOGRA/Shibganj,1,0.9465
Aman,BD50100095,8737.8,0.0,1604.3,0.0,809.9,11152,1,,BOGRA/Sonatala,1,0.8554
Aman,BD50380013,3226.5,7590.2,1621.3,0.0,0.0,12438,1,,JOYPURHAT/Akkelpur,1,0.8128
Aman,BD50380047,14838.3,5679.1,205.6,0.0,0.0,20723,1,,JOYPURHAT/Joypurhat,1,0.9402
Aman,BD50380058,10658.5,3536.5,24.5,24.5,0.0,14244,1,,JOYPURHAT/Kalai,1,0.9481
Aman,BD50380061,10210.1,3144.6,71.3,0.0,0.0,13426,1,,JOYPURHAT/Khetlal,1,0.9505
Aman,BD50380074,15866.0,8829.3,1453.7,0.0,0.0,26149,1,,JOYPURHAT/Panchbibi,1,0.9047
Aman,BD50640003,1813.3,1123.4,5413.4,0.0,15974.9,24325,4,,NAOGAON/Atrai,1,0.2228
Aman,BD50640006,6020.5,10286.3,1127.1,0.0,114.1,17548,1,,NAOGAON/Badalgachhi,1,0.8441
Aman,BD50640028,4255.7,21612.3,260.4,0.0,626.6,26755,1,,NAOGAON/Dhamoirhat,1,0.8102
Aman,BD50640047,13490.1,8246.1,2050.0,0.0,10848.9,34635,3,,NAOGAON/Manda,1,0.6096
Aman,BD50640050,10088.2,23673.1,353.7,0.0,627.0,34742,1,,NAOGAON/Mohadebpur,1,0.8406
Aman,BD50640060,9253.9,4477.5,2300.1,0.0,7628.5,23660,4,,NAOGAON/Naogaon,1,0.5911
Aman,BD50640069,39.2,37829.7,117.6,0.0,752.5,38739,1,,NAOGAON/Niamatpur,1,0.7838
Aman,BD50640075,2836.3,26165.7,0.0,0.0,3779.0,32781,1,,NAOGAON/Patnitala,1,0.7251
Aman,BD50640079,123.4,18917.0,468.8,0.0,3141.9,22651,1,,NAOGAON/Porsha,1,0.6839
Aman,BD50640085,13074.6,378.1,4529.6,0.0,3992.7,21975,2,,NAOGAON/Raninagar,1,0.7118
Aman,BD50640086,145.9,13713.5,712.3,0.0,7028.4,21600,3,,NAOGAON/Shapahar,1,0.5311
Aman,BD50690009,11179.9,0.0,291.1,0.0,0.0,11471,1,,NATOR/Bagatipara,1,0.9873
Aman,BD50690015,15374.7,0.0,4129.9,0.0,5548.3,25053,2,,NATOR/Baraigram,1,0.6961
Aman,BD50690041,7296.5,0.0,7076.9,0.0,1997.7,16371,2,,NATOR/Gurudashpur,1,0.6618
Aman,BD50690044,19648.8,1525.2,1840.8,2177.4,809.9,26002,1,,NATOR/Lalpur,1,0.8547
Aman,BD50690063,17963.2,742.3,6532.1,0.0,6695.4,31933,2,,NATOR/Nator,1,0.6834
Aman,BD50690091,17021.9,2511.7,7495.1,0.0,20701.4,47730,4,,NATOR/Shingra,1,0.4772
Aman,BD50700018,4614.6,2241.9,3611.4,0.0,218.1,10686,2,,NAWABGANJ/Bholahat,1,0.7687
Aman,BD50700037,5012.3,16378.6,2286.8,0.0,3856.3,27534,3,,NAWABGANJ/Gomastapur,1,0.6994
Aman,BD50700056,1505.2,23359.2,1233.8,0.0,32.9,26131,1,,NAWABGANJ/Nachol,1,0.7963
Aman,BD50700066,9440.2,10213.3,3844.2,7057.1,3007.2,33562,3,,NAWABGANJ/Nawabganj,1,0.624
Aman,BD50700088,19388.0,14911.9,5595.1,3415.1,1574.9,44885,1,,NAWABGANJ/Shibganj,1,0.7753
Aman,BD50760005,6571.4,119.6,2955.0,0.0,4918.0,14564,3,,PABNA/Atgharia,1,0.5592
Aman,BD50760016,2645.1,2084.5,5232.7,14.4,7324.4,17301,4,,PABNA/Bera,1,0.4007
Aman,BD50760019,2107.6,41.2,3894.2,0.0,4421.1,10464,4,,PABNA/Bhangura,1,0.3906
Aman,BD50760022,8081.1,509.6,9558.9,0.0,7440.4,25590,3,,PABNA/Chatmohar,1,0.5185
Aman,BD50760033,491.0,15.1,2666.3,0.0,9184.7,12357,4,,PABNA/Faridpur,1,0.1486
Aman,BD50760039,12560.3,2568.3,4200.8,70.4,422.2,19822,1,,PABNA/Ishwardi,1,0.844
Aman,BD50760055,14195.1,7848.0,9407.5,603.7,1651.8,33706,2,,PABNA/Pabna,1,0.7505
Aman,BD50760072,7131.4,5183.0,2063.9,0.0,13669.7,28048,4,,PABNA/Santhia,1,0.4389
Aman,BD50760083,7350.5,2086.3,5885.9,0.0,9402.3,24725,4,,PABNA/Sujanagar,1,0.4838
Aman,BD50810010,7044.3,3178.5,350.2,1671.9,859.1,13104,1,,RAJSHAHI/Bagha,1,0.7705
Aman,BD50810012,14290.8,660.8,9229.6,0.0,4245.8,28427,2,,RAJSHAHI/Bagmara,1,0.6837
Aman,BD50810025,7981.8,4394.1,59.2,177.5,81.4,12694,1,,RAJSHAHI/Charghat,1,0.9108
Aman,BD50810031,11194.8,2194.2,2619.6,0.0,201.5,16210,1,,RAJSHAHI/Durgapur,1,0.8797
Aman,BD50810034,2847.3,35893.0,2794.7,219.0,473.1,42227,1,,RAJSHAHI/Godagari,1,0.7816
Aman,BD50810053,9278.8,846.2,2319.7,0.0,700.3,13145,1,,RAJSHAHI/Mohanpur,1,0.8456
Aman,BD50810072,9081.5,8201.9,2139.6,39.6,277.4,19740,1,,RAJSHAHI/Paba,1,0.847
Aman,BD50810082,10923.5,3183.2,1786.8,0.0,22.5,15916,1,,RAJSHAHI/Puthia,1,0.9025
Aman,BD50810094,226.9,23866.4,868.3,0.0,993.5,25955,1,,RAJSHAHI/Tanor,1,0.7611
Aman,BD50816600,0.0,0.0,0.0,0.0,0.0,0,4,,RAJSHAHI/Boalia (Rajshahi),1,
Aman,BD50880011,6223.5,48.2,2474.2,0.0,1337.0,10083,2,,SIRAJGANJ/Belkuchi,1,0.7437
Aman,BD50880027,505.5,35.1,6529.5,0.0,6016.9,13087,4,,SIRAJGANJ/Chauhali,1,0.2902
Aman,BD50880044,6423.7,0.0,1044.9,161.9,51.5,7682,1,,SIRAJGANJ/Kamarkhanda,1,0.9084
Aman,BD50880050,6992.5,0.0,9309.6,445.8,4382.0,21130,2,,SIRAJGANJ/Kazipur,1,0.5554
Aman,BD50880061,19356.4,0.0,2161.2,0.0,211.4,21729,1,,SIRAJGANJ/Raiganj,1,0.9405
Aman,BD50880067,13242.8,6.9,5613.9,0.0,4363.3,23227,2,,SIRAJGANJ/Shahzadpur,1,0.6912
Aman,BD50880078,15602.6,0.0,4984.9,0.0,2088.5,22676,2,,SIRAJGANJ/Sirajganj,1,0.798
Aman,BD50880089,5921.7,852.9,8951.6,0.0,11079.8,26806,4,,SIRAJGANJ/Taras,1,0.4133
Aman,BD50880094,24836.9,0.0,5716.0,256.3,4294.8,35104,1,,SIRAJGANJ/Ullapara,1,0.7904
Aman,BD55270010,11474.5,6223.8,321.3,890.4,0.0,18910,1,,DINAJPUR/Birampur,1,0.888
Aman,BD55270012,25159.3,9898.5,696.6,672.3,267.3,36694,1,,DINAJPUR/Birganj,1,0.9146
Aman,BD55270017,14637.8,13867.8,1748.5,585.5,136.4,30976,1,,DINAJPUR/Biral,1,0.8627
Aman,BD55270021,16925.9,2616.8,63.2,7.9,237.2,19851,1,,DINAJPUR/Bochaganj,1,0.9598
Aman,BD55270030,18876.8,8133.7,94.0,211.6,289.9,27606,1,,DINAJPUR/Chirirbandar,1,0.9227
Aman,BD55270038,11192.4,9375.8,136.7,0.0,0.0,20705,1,,DINAJPUR/Fulbari,1,0.9061
Aman,BD55270043,3106.7,5406.5,4486.6,24.2,0.0,13024,2,,DINAJPUR/Ghoraghat,1,0.7432
Aman,BD55270047,6774.5,1383.7,799.8,0.0,0.0,8958,1,,DINAJPUR/Hakimpur,1,0.9245
Aman,BD55270056,9786.1,7356.6,174.6,205.0,98.7,17621,1,,DINAJPUR/Kaharol,1,0.8966
Aman,BD55270060,13714.1,233.3,291.6,306.2,218.7,14764,1,,DINAJPUR/Khansama,1,0.9556
Aman,BD55270064,8808.1,19356.1,869.9,202.0,38.8,29275,1,,DINAJPUR/Dinajpur,1,0.8461
Aman,BD55270069,13576.9,7689.7,3873.9,1802.5,0.0,26943,1,,DINAJPUR/Nawabganj,1,0.8175
Aman,BD55270077,16063.0,17364.6,2610.8,0.0,344.5,36383,1,,DINAJPUR/Parbatipur,1,0.8592
Aman,BD55320021,2389.0,1037.9,4375.3,8947.5,5923.3,22673,4,,GAIBANDHA/Phulchhari,1,0.3174
Aman,BD55320024,7173.2,15855.4,1759.0,944.1,1444.3,27176,1,,GAIBANDHA/Gaibandha,1,0.77
Aman,BD55320030,31099.0,4158.3,1146.1,1307.7,653.9,38365,1,,GAIBANDHA/Gobindaganj,1,0.9191
Aman,BD55320067,12866.7,1782.8,667.6,0.0,295.9,15613,1,,GAIBANDHA/Palashbari,1,0.9368
Aman,BD55320082,8203.5,9330.4,2293.2,7.9,267.9,20103,1,,GAIBANDHA/Sadullapur,1,0.8365
Aman,BD55320088,10883.0,1099.1,2794.3,1842.2,1718.4,18337,3,,GAIBANDHA/Shaghata,1,0.7377
Aman,BD55320091,11943.9,12302.3,2345.1,4916.2,1137.5,32645,3,,GAIBANDHA/Sundarganj,1,0.7334
Aman,BD55490006,4554.3,9568.0,1218.5,4654.2,0.0,19995,3,,KURIGRAM/Bhurungamari,1,0.6876
Aman,BD55490008,428.2,0.0,556.0,5637.2,2556.5,9178,4,,KURIGRAM/Rajibpur (Dhushmara),1,0.1998
Aman,BD55490009,328.8,3038.8,3549.0,2766.7,759.7,10443,4,,KURIGRAM/Chilmari,1,0.4872
Aman,BD55490018,4194.5,6243.0,523.2,2598.3,0.0,13559,1,,KURIGRAM/Phulbari,1,0.7353
Aman,BD55490052,3655.4,5565.8,3680.2,6037.2,2307.4,21246,4,,KURIGRAM/Kurigram,1,0.5251
Aman,BD55490061,15209.4,7962.9,4072.2,5468.8,2185.7,34899,2,,KURIGRAM/Nageshwari,1,0.708
Aman,BD55490077,8762.1,2614.4,1471.6,1381.9,0.0,14230,1,,KURIGRAM/Rajarhat,1,0.8339
Aman,BD55490079,14.7,0.0,14692.9,125.0,2109.5,16942,2,,KURIGRAM/Ruhumari,1,0.436
Aman,BD55490094,1839.9,14706.4,1985.3,3414.2,5020.2,26966,3,,KURIGRAM/Ulipur,1,0.5667
Aman,BD55520002,8143.6,7321.4,883.5,769.8,43.7,17162,1,,LALMONIRHAT/Aditmari,1,0.8505
Aman,BD55520033,4778.3,5787.3,8489.9,1095.5,0.0,20151,2,,LALMONIRHAT/Hatibanda,1,0.6884
Aman,BD55520039,4139.6,13307.9,2613.1,1149.4,35.9,21246,1,,LALMONIRHAT/Kaliganj,1,0.7683
Aman,BD55520055,9178.8,7903.7,1731.0,2423.5,0.0,21237,1,,LALMONIRHAT/Lalmonirhat,1,0.7935
Aman,BD55520070,16564.0,3179.7,2424.5,19.9,0.0,22188,1,,LALMONIRHAT/Patgram,1,0.916
Aman,BD55730012,13660.5,4647.1,7626.0,2153.3,0.0,28087,2,,NILPHAMARI/Dimla,1,0.7698
Aman,BD55730015,7306.3,8712.2,3862.6,979.9,0.0,20861,1,,NILPHAMARI/Domar,1,0.7863
Aman,BD55730036,10280.8,8883.7,5752.9,329.6,0.0,25247,1,,NILPHAMARI/Jaldhaka,1,0.8052
Aman,BD55730045,5420.9,15676.1,2438.1,175.9,0.0,23711,1,,NILPHAMARI/Kishorganj,1,0.8104
Aman,BD55730064,14495.8,12929.4,5145.8,138.0,0.0,32709,1,,NILPHAMARI/Nilphamari,1,0.8389
Aman,BD55730085,5523.8,4358.3,254.4,123.1,16.4,10276,1,,NILPHAMARI/Saidpur,1,0.8916
Aman,BD55770004,15166.2,3800.9,1191.9,0.0,0.0,20159,1,,PANCHAGARH/Atwari,1,0.9327
Aman,BD55770025,20978.2,3031.4,2395.9,67.5,0.0,26473,1,,PANCHAGARH/Boda,1,0.9298
Aman,BD55770034,15350.3,4325.1,4303.6,72.0,0.0,24051,1,,PANCHAGARH/Debiganj,1,0.8722
Aman,BD55770073,11474.6,18105.8,1467.7,0.0,0.0,31048,1,,PANCHAGARH/Panchagar,1,0.8597
Aman,BD55770090,2277.3,10720.1,3656.7,0.0,101.8,16756,1,,PANCHAGARH/Tetulia,1,0.7569
Aman,BD55850003,2641.0,21733.5,678.4,2237.2,0.0,27290,1,,RANGPUR/Badarganj,1,0.7627
Aman,BD55850027,3826.6,11883.0,1765.4,466.0,0.0,17941,1,,RANGPUR/Gangachara,1,0.7976
Aman,BD55850042,5374.1,4257.5,2755.3,265.1,0.0,12652,1,,RANGPUR/Kaunia,1,0.807
Aman,BD55850049,6319.1,20184.2,0.0,260.7,0.0,26764,1,,RANGPUR/Rangpur,1,0.8414
Aman,BD55850058,22531.5,17087.2,0.0,5004.4,0.0,44623,1,,RANGPUR/Mithapukur,1,0.8337
Aman,BD55850073,5396.4,15391.8,1765.3,526.5,0.0,23080,1,,RANGPUR/Pirgachha,1,0.8101
Aman,BD55850076,16388.6,11755.0,3646.2,4548.1,0.0,36338,1,,RANGPUR/Pirganj,1,0.785
Aman,BD55850092,4725.5,6724.5,0.0,46.0,0.0,11496,1,,RANGPUR/Taraganj,1,0.8798
Aman,BD55940008,23217.8,2347.2,0.0,0.0,0.0,25565,1,,THAKURGAON/Baliadangi,1,0.9816
Aman,BD55940051,14258.6,1637.4,1766.2,101.2,303.6,18067,1,,THAKURGAON/Haripur,1,0.9117
Aman,BD55940082,17787.3,5464.4,5366.9,1671.5,359.8,30650,2,,THAKURGAON/Pirganj,1,0.8214
Aman,BD55940086,13623.3,3900.5,9520.1,308.1,0.0,27352,2,,THAKURGAON/Ranisonkail,1,0.7884
Aman,BD55940094,40815.3,11471.7,6074.3,1921.7,0.0,60283,1,,THAKURGAON/Thakurgaon,1,0.8861
Aman,BD60360002,0.0,0.0,70.6,197.7,15682.7,15951,4,,HABIGANJ/Ajmiriganj,1,0.0047
Aman,BD60360005,6839.6,6573.2,6272.5,0.0,2620.7,22306,2,,HABIGANJ/Bahubal,1,0.683
Aman,BD60360011,951.2,0.0,90.2,582.2,41631.4,43255,4,,HABIGANJ/Baniyachang,1,0.0257
Aman,BD60360026,11085.1,7538.9,71.8,0.0,9412.1,28108,3,,HABIGANJ/Chunarughat,1,0.6102
Aman,BD60360044,3141.3,4723.9,4132.4,24.0,9943.4,21965,4,,HABIGANJ/Habiganj,1,0.4094
Aman,BD60360068,1229.0,0.0,8.4,0.0,15875.6,17113,4,,HABIGANJ/Lakhai,1,0.0721
Aman,BD60360071,10726.1,6753.8,1888.3,3385.4,2628.4,25382,3,,HABIGANJ/Madhabpur,1,0.6993
Aman,BD60360077,7687.5,0.0,13230.2,945.6,14321.8,36185,4,,HABIGANJ/Nabiganj,1,0.4005
Aman,BD60580014,5423.6,14852.0,2090.5,1603.6,15322.2,39292,4,,MOULVI BAZAR/Barlekha,1,0.4752
Aman,BD60580056,28273.6,0.0,365.0,967.9,973.4,30580,1,,MOULVI BAZAR/Kamalganj,1,0.9369
Aman,BD60580065,26638.7,2169.0,2471.4,418.7,12002.2,43700,3,,MOULVI BAZAR/Kulaura,1,0.6795
Aman,BD60580074,10275.0,128.1,8783.5,7.5,7985.0,27179,3,,MOULVI BAZAR/Moulvi Bazar,1,0.5435
Aman,BD60580080,5690.8,2815.5,2649.5,0.0,11886.2,23042,4,,MOULVI BAZAR/Rajnagar,1,0.4022
Aman,BD60580083,22739.9,520.6,929.1,1762.2,6680.2,32632,3,,MOULVI BAZAR/Srimangal,1,0.7347
Aman,BD60900018,1274.2,3053.1,6679.1,0.0,6670.6,17677,4,,SUNAMGANJ/Bishambarpur,1,0.3992
Aman,BD60900023,4736.0,202.5,18126.0,0.0,11964.5,35029,3,,SUNAMGANJ/Chhatak,1,0.3986
Aman,BD60900029,3103.3,0.0,3594.6,0.0,30583.0,37281,4,,SUNAMGANJ/Dirai,1,0.1315
Aman,BD60900032,1615.4,8.3,4142.0,0.0,33508.4,39274,4,,SUNAMGANJ/Dharmapasha,1,0.094
Aman,BD60900033,1329.2,11375.7,6300.7,0.0,11125.4,30131,4,,SUNAMGANJ/Dwarabazar,1,0.4507
Aman,BD60900047,4828.3,0.0,11001.3,0.0,16301.4,32131,4,,SUNAMGANJ/Jagannathpur,1,0.3215
Aman,BD60900050,6.0,0.0,2774.4,0.0,25764.6,28545,4,,SUNAMGANJ/Jamalganj,1,0.0488
Aman,BD60900086,194.8,0.0,584.5,0.0,21518.6,22298,4,,SUNAMGANJ/Sulla,1,0.0218
Aman,BD60900089,717.4,440.0,19734.6,0.0,31366.9,52259,4,,SUNAMGANJ/Sunamganj,1,0.2093
Aman,BD60900092,2802.4,1009.7,3241.4,0.0,15621.5,22675,4,,SUNAMGANJ/Tahirpur,1,0.2307
Aman,BD60910008,9124.2,558.0,6877.6,0.0,14458.2,31018,4,,SYLHET/Balaganj,1,0.4194
Aman,BD60910017,5637.1,3316.7,3711.2,20.1,5362.9,18048,3,,SYLHET/Beani Bazar,1,0.5624
Aman,BD60910020,10348.2,28.9,4291.3,0.0,2098.6,16767,2,,SYLHET/Bishwanath,1,0.7465
Aman,BD60910027,1629.4,5533.5,1192.0,0.0,20209.1,28564,4,,SYLHET/Companiganj,1,0.2329
Aman,BD60910035,1230.5,1998.6,815.1,0.0,4592.8,8637,4,,SYLHET/Fenchuganj,1,0.3748
Aman,BD60910038,5066.0,5481.0,1729.4,239.5,3661.1,16177,2,,SYLHET/Golapganj,1,0.6406
Aman,BD60910041,3893.0,9014.1,4421.5,1622.7,25620.7,44572,4,,SYLHET/Gowainghat,1,0.306
Aman,BD60910053,5490.7,2593.0,1103.1,0.0,7853.2,17040,4,,SYLHET/Jaintapur,1,0.4763
Aman,BD60910059,11192.6,1292.6,2746.7,205.6,14475.5,29913,4,,SYLHET/Kanaighat,1,0.456
Aman,BD60910062,14522.9,5317.2,4575.9,74.1,12298.9,36789,4,,SYLHET/Sylhet,1,0.573
Aman,BD60910094,8835.8,217.7,2514.5,0.0,7712.0,19280,4,,SYLHET/Zakiganj,1,0.5325
Aus,BD10040009,40.5,13191.0,15315.2,12574.8,3048.4,44170,4,,BARGUNA/Amtali,1,0.4701
Aus,BD10040019,721.0,6465.5,15.5,0.0,0.0,7202,1,,BARGUNA/Bamna,1,0.8194
Aus,BD10040028,200.8,10650.6,10514.0,3911.6,0.0,25277,2,,BARGUNA/Borguna,1,0.584
Aus,BD10040047,8228.9,3062.1,0.0,0.0,0.0,11291,1,,BARGUNA/Betagi,1,0.9458
Aus,BD10040085,0.0,1198.0,5858.9,10694.7,1871.4,19623,4,,BARGUNA/Patharghata,1,0.3071
Aus,BD10060002,2186.5,37.3,9201.4,1253.7,194.0,12873,2,,BARISAL/Agailjhara,1,0.549
Aus,BD10060003,7711.6,3113.4,0.0,0.0,0.0,10825,1,,BARISAL/Babuganj,1,0.9425
Aus,BD10060007,24074.7,7556.3,0.0,0.0,0.0,31631,1,,BARISAL/Bakerganj,1,0.9522
Aus,BD10060010,2593.0,5732.2,262.2,437.0,1092.5,10117,1,,BARISAL/Banaripara,1,0.7312
Aus,BD10060032,5753.3,3176.5,1384.0,125.2,33.0,10472,1,,BARISAL/Gaurnadi,1,0.8605
Aus,BD10060036,2475.0,12667.5,0.0,4511.4,0.0,19654,1,,BARISAL/Hizla,1,0.6875
Aus,BD10060051,10678.3,8456.6,0.0,86.1,0.0,19221,1,,BARISAL/Barisal,1,0.9084
Aus,BD10060062,6012.5,19493.8,0.0,102.7,0.0,25609,1,,BARISAL/Mehendiganj,1,0.8445
Aus,BD10060069,4035.1,14444.3,221.2,84.3,0.0,18785,1,,BARISAL/Muladi,1,0.8367
Aus,BD10060094,6701.7,1040.3,6645.1,2894.4,2250.4,19532,3,,BARISAL/Ujirpur,1,0.5855
Aus,BD10090018,3000.3,18001.8,14.7,2456.1,0.0,23473,1,,BHOLA/Bhola,1,0.7626
Aus,BD10090021,2350.6,6822.2,1188.8,8186.6,87.8,18636,4,,BHOLA/Burhanuddin,1,0.5387
Aus,BD10090025,369.1,3111.2,2645.4,23404.4,15151.8,44682,4,,BHOLA/Char Fasson,1,0.1983
Aus,BD10090029,0.0,7599.5,0.0,652.5,150.0,8402,1,,BHOLA/Daulatkhan,1,0.7391
Aus,BD10090054,7812.1,8543.4,21.1,1800.1,3382.2,21559,3,,BHOLA/Lalmohan,1,0.6966
Aus,BD10090065,0.0,0.0,0.0,135.5,15262.5,15398,4,,BHOLA/Monpura,1,0.0018
Aus,BD10090091,3363.1,6032.9,0.0,31.9,757.1,10185,1,,BHOLA/Tajumuddin,1,0.8047
Aus,BD10420040,11504.5,4232.5,0.0,0.0,0.0,15737,1,,JHALAKATI/Jhalakati,1,0.9462
Aus,BD10420043,2974.2,6020.3,2945.5,0.0,0.0,11940,1,,JHALAKATI/Kathalia,1,0.7758
Aus,BD10420073,15149.8,107.2,0.0,0.0,0.0,15257,1,,JHALAKATI/Nalchiti,1,0.9986
Aus,BD10420084,11809.4,628.6,0.0,0.0,0.0,12438,1,,JHALAKATI/Rajapur,1,0.9899
Aus,BD10780038,33542.0,2357.4,0.0,173.6,0.0,36073,1,,PATUAKHALI/Bauphal,1,0.9831
Aus,BD10780052,10004.9,4891.3,1299.8,0.0,667.0,16863,1,,PATUAKHALI/Dashmina,1,0.8639
Aus,BD10780057,22060.7,8311.4,2592.6,3088.7,23698.6,59752,4,,PATUAKHALI/Galachipa,1,0.5125
Aus,BD10780066,0.0,0.0,15253.8,13817.6,6194.6,35266,4,,PATUAKHALI/Kalapara,1,0.2946
Aus,BD10780076,5862.5,6136.5,0.0,0.0,0.0,11999,1,,PATUAKHALI/Mirzaganj,1,0.8977
Aus,BD10780095,21557.7,8652.3,0.0,0.0,0.0,30210,1,,PATUAKHALI/Patuakhali,1,0.9427
Aus,BD10790014,578.6,8179.1,1657.3,0.0,0.0,10415,1,,PIROJPUR/Bhandaria,1,0.7634
Aus,BD10790047,3185.7,1630.3,0.0,0.0,0.0,4816,1,,PIROJPUR/Kawkhali,1,0.9323
Aus,BD10790058,0.0,2943.2,19943.8,0.0,0.0,22887,2,,PIROJPUR/Mathbaria,1,0.5386
Aus,BD10790076,2409.7,2968.0,4473.1,3384.9,3434.3,16670,4,,PIROJPUR/Nazirpur,1,0.4618
Aus,BD10790080,18.1,12725.4,6911.5,644.0,0.0,20299,3,,PIROJPUR/Pirojpur,1,0.679
Aus,BD10790087,2018.6,9359.0,0.0,79.5,97.9,11555,1,,PIROJPUR/Sarupkati,1,0.824
Aus,BD20030004,0.0,83.1,203.9,0.0,23177.0,23464,4,,BANDARBAN/Alikadam,1,0.0072
Aus,BD20030014,0.0,101.8,0.0,0.0,15244.2,15346,4,,BANDARBAN/Bandarban,1,0.0053
Aus,BD20030051,0.0,167.4,375.7,12.5,15908.4,16464,4,,BANDARBAN/Lama,1,0.0197
Aus,BD20030073,3.2,137.9,3.2,9.5,8097.3,8251,4,,BANDARBAN/Naikhongchhari,1,0.0142
Aus,BD20030089,0.0,8.1,32.3,0.0,10233.7,10274,4,,BANDARBAN/Rowangchhari,1,0.0022
Aus,BD20030091,0.0,0.0,0.0,0.0,7396.0,7396,4,,BANDARBAN/Ruma,1,0.0
Aus,BD20030095,0.0,0.0,71.4,0.0,5526.6,5598,4,,BANDARBAN/Thanchi,1,0.0064
Aus,BD20120002,719.4,370.3,4665.7,719.4,2285.2,8760,4,,BRAHMANBARIA/Akhaura,1,0.3987
Aus,BD20120004,45.4,3471.1,2896.4,3387.9,4764.3,14565,4,,BRAHMANBARIA/Banchharampur,1,0.3397
Aus,BD20120013,3224.3,9331.8,14191.5,4154.4,12184.1,43086,4,,BRAHMANBARIA/Brahmanbaria,1,0.4321
Aus,BD20120063,1418.7,5561.6,7825.5,490.5,2218.6,17515,2,,BRAHMANBARIA/Kasba,1,0.564
Aus,BD20120085,3376.1,1849.6,15871.0,880.4,7131.9,29109,3,,BRAHMANBARIA/Nabinagar,1,0.4455
Aus,BD20120090,236.2,15.7,15154.1,3936.1,6478.9,25821,4,,BRAHMANBARIA/Nasirnagar,1,0.3336
Aus,BD20120094,483.2,4525.0,2802.8,6211.9,4481.0,18504,4,,BRAHMANBARIA/Sarail,1,0.3646
Aus,BD20130022,4219.6,136.1,6849.4,1295.8,0.0,12501,2,,CHANDPUR/Chandpur,1,0.6409
Aus,BD20130045,8981.1,1727.4,4934.5,0.0,0.0,15643,2,,CHANDPUR/Faridganj,1,0.8202
Aus,BD20130047,1367.1,2774.6,1071.3,1385.0,0.0,6598,2,,CHANDPUR/Haimchar,1,0.6668
Aus,BD20130049,0.0,3314.9,10157.1,0.0,0.0,13472,2,,CHANDPUR/Hajiganj,1,0.5738
Aus,BD20130058,3071.0,8539.6,6182.4,0.0,0.0,17793,2,,CHANDPUR/Kachua,1,0.7303
Aus,BD20130076,243.9,5569.3,19680.4,1113.9,6.6,26614,2,Matlab,CHANDPUR/Matlab,1,0.5547
Aus,BD20130079,243.9,5569.3,19680.4,1113.9,6.6,26614,2,Matlab,CHANDPUR/Matlab,1,0.5547
Aus,BD20130095,2443.7,4016.3,5357.0,0.0,0.0,11817,2,,CHANDPUR/Shahrasti,1,0.7054
Aus,BD20150004,6147.0,123.2,1742.0,915.0,533.8,9461,2,,CHITTAGONG/Anwara,1,0.7715
Aus,BD20150008,9896.7,1358.5,2506.4,2316.3,9951.1,26029,4,,CHITTAGONG/Banskhali,1,0.4879
Aus,BD20150012,2081.9,2362.9,2369.3,0.0,178.8,6993,2,,CHITTAGONG/Boalkhali,1,0.7374
Aus,BD20150018,780.1,885.1,2530.2,1070.1,6100.5,11366,4,,CHITTAGONG/Chandanais,1,0.2611
Aus,BD20150033,2301.8,4475.7,1093.0,316.6,15460.9,23648,4,,CHITTAGONG/Fatikchhari,1,0.2745
Aus,BD20150037,3700.0,2151.8,1999.6,0.0,4665.7,12517,4,,CHITTAGONG/Hathazari,1,0.513
Aus,BD20150047,638.9,5.4,0.0,5379.4,6485.4,12509,4,,CHITTAGONG/Lohagora,1,0.1374
Aus,BD20150053,6620.5,5138.1,2305.3,654.1,7992.0,22710,4,,CHITTAGONG/Mirsharai,1,0.529
Aus,BD20150061,4317.5,1627.1,1823.3,85.6,4135.5,11989,4,,CHITTAGONG/Patia,1,0.5462
Aus,BD20150070,2872.7,5014.7,1701.3,11.2,9951.2,19551,4,,CHITTAGONG/Rangunia,1,0.3957
Aus,BD20150074,5025.9,2460.0,3335.7,61.4,3001.0,13884,3,,CHITTAGONG/Rauzan,1,0.6247
Aus,BD20150078,0.0,9352.1,10351.4,1086.6,6596.9,27387,3,,CHITTAGONG/Sandwip,1,0.4701
Aus,BD20150082,3630.2,2454.8,2263.8,2501.2,5587.1,16437,4,,CHITTAGONG/Satkania,1,0.4396
Aus,BD20150086,2315.2,2222.4,786.5,96.8,3856.0,9277,4,,CHITTAGONG/Sitakunda,1,0.4857
Aus,BD20151600,0.0,0.0,0.0,0.0,0.0,0,4,,CHITTAGONG/Patenga; CHITTAGONG/Double Mooring; CHITTAGONG/Panchlais,3,
Aus,BD20190009,2132.5,6417.7,9933.6,0.0,47.2,18531,2,,COMILLA/Barura,1,0.6602
Aus,BD20190015,1228.9,1559.2,7719.0,0.0,0.0,10507,2,,COMILLA/Brahmanpara,1,0.603
Aus,BD20190018,4438.8,3565.4,4395.9,0.0,400.9,12801,2,,COMILLA/Burichang,1,0.7413
Aus,BD20190027,375.2,6726.0,8490.8,0.0,0.0,15592,2,,COMILLA/Chandina,1,0.6414
Aus,BD20190031,10367.1,7914.1,2969.7,131.1,540.0,21922,1,,COMILLA/Chauddagram,1,0.8306
Aus,BD20190036,0.0,20.2,23118.6,2232.1,14271.1,39642,4,,COMILLA/Daudkandi,1,0.3033
Aus,BD20190040,3066.5,9178.3,6518.2,0.0,0.0,18763,2,,COMILLA/Debiduar,1,0.7285
Aus,BD20190054,0.0,116.5,998.9,2530.5,10105.2,13751,4,,COMILLA/Homna,1,0.0799
Aus,BD20190067,11396.4,1890.4,5033.5,0.0,2251.6,20572,2,,COMILLA/Comilla,1,0.7498
Aus,BD20190072,12852.1,572.3,19974.6,0.0,0.0,33399,2,,COMILLA/Laksham,1,0.6975
Aus,BD20190081,2868.1,5288.1,20211.2,52.3,642.3,29062,2,,COMILLA/Muradnagar,1,0.5923
Aus,BD20190087,14826.5,958.0,3109.7,375.8,0.0,19270,1,,COMILLA/Nangalkot,1,0.8938
Aus,BD20220016,3804.2,4012.2,5569.5,4030.0,19960.0,37376,4,,COX'S BAZAR/Chakaria,1,0.2837
Aus,BD20220024,1681.3,2391.7,1357.6,2233.8,8603.6,16268,4,,COX'S BAZAR/Cox's Bazar,1,0.2902
Aus,BD20220045,882.9,67.9,4317.4,698.5,543.3,6510,2,,COX'S BAZAR/Kutubdia,1,0.497
Aus,BD20220049,28.1,505.1,325.5,2974.3,12290.1,16123,4,,COX'S BAZAR/Moheshkhali,1,0.0738
Aus,BD20220066,477.6,1081.7,1584.6,861.1,11049.0,15054,4,,COX'S BAZAR/Ramu,1,0.1533
Aus,BD20220090,0.0,105.7,1251.5,467.3,11235.5,13060,4,,COX'S BAZAR/Teknaf,1,0.0615
Aus,BD20220094,276.5,407.0,15.5,904.1,6651.8,8255,4,,COX'S BAZAR/Ukhia,1,0.0958
Aus,BD20300014,3466.5,4187.4,2940.1,0.0,0.0,10594,2,,FENI/Chhagalnaiya,1,0.7822
Aus,BD20300025,7445.7,3946.4,972.9,0.0,0.0,12365,1,,FENI/Daganbhuiya,1,0.8968
Aus,BD20300029,9067.4,1717.8,4530.4,0.0,275.4,15591,2,,FENI/Feni,1,0.815
Aus,BD20300051,3711.7,8751.2,4466.1,0.0,0.0,16929,1,,FENI/Parshuram,1,0.7647
Aus,BD20300094,13759.2,286.4,2657.0,207.4,9.9,16920,1,,FENI/Sonagazi,1,0.9077
Aus,BD20460043,0.0,812.2,280.3,0.0,14493.5,15586,4,,KHAGRACHHARI/Dighinala,1,0.0507
Aus,BD20460049,0.0,590.7,190.4,0.0,7788.9,8570,4,,KHAGRACHHARI/Khagrachhari,1,0.0663
Aus,BD20460061,0.0,193.4,0.0,0.0,4406.6,4600,4,,KHAGRACHHARI/Laksmichhari,1,0.0336
Aus,BD20460065,0.0,417.5,132.4,0.0,7942.2,8492,4,,KHAGRACHHARI/Mohalchhari,1,0.0471
Aus,BD20460067,0.0,547.4,0.0,0.0,6312.6,6860,4,,KHAGRACHHARI/Manikchhari,1,0.0638
Aus,BD20460070,0.0,325.5,225.4,0.0,18104.1,18655,4,,KHAGRACHHARI/Matiranga,1,0.02
Aus,BD20460077,0.0,466.0,144.5,0.0,9269.5,9880,4,,KHAGRACHHARI/Panchhari,1,0.045
Aus,BD20460080,0.0,98.9,40.7,0.0,9592.3,9732,4,,KHAGRACHHARI/Ramgarh,1,0.0102
Aus,BD20510043,12452.5,5200.9,13817.7,1442.1,11.8,32925,2,,LAKSHMIPUR/Laksmipur,1,0.7232
Aus,BD20510058,6745.4,956.3,2857.3,0.0,0.0,10559,2,,LAKSHMIPUR/Raipur,1,0.8466
Aus,BD20510065,2229.3,4956.3,5290.4,0.0,0.0,12476,2,,LAKSHMIPUR/Ramganj,1,0.7085
Aus,BD20510073,2085.2,327.7,3872.5,25565.9,4825.7,36677,4,,LAKSHMIPUR/Ramgati,1,0.2562
Aus,BD20750007,1132.1,22954.1,6499.8,0.0,0.0,30586,1,,NOAKHALI/Begumganj,1,0.7437
Aus,BD20750010,3406.2,1918.0,3667.8,0.0,0.0,8992,2,,NOAKHALI/Chatkhil,1,0.7534
Aus,BD20750021,5629.2,6433.3,5431.4,5101.9,4693.2,27289,4,,NOAKHALI/Companiganj,1,0.5318
Aus,BD20750036,2725.2,10349.1,551.5,8175.5,14475.8,36277,4,,NOAKHALI/Hatiya,1,0.356
Aus,BD20750080,6239.8,4835.5,1286.7,0.0,0.0,12362,1,,NOAKHALI/Senbag,1,0.8697
Aus,BD20750087,7240.3,22897.2,9726.6,8261.6,19812.3,67938,4,,NOAKHALI/Noakhali,1,0.4721
Aus,BD20840007,0.0,371.3,106.1,0.0,16647.6,17125,4,,RANGAMATI/Baghaichhari,1,0.0204
Aus,BD20840021,0.0,108.3,0.0,0.0,10204.7,10313,4,,RANGAMATI/Barkal,1,0.0084
Aus,BD20840025,0.0,131.5,0.0,0.0,12689.5,12821,4,,RANGAMATI/Kawkhali (Betbunia),1,0.0082
Aus,BD20840029,0.0,74.1,0.0,0.0,5662.9,5737,4,,RANGAMATI/Belaichhari,1,0.0103
Aus,BD20840036,5.5,121.6,0.0,0.0,5961.9,6089,4,,RANGAMATI/Kaptai,1,0.0169
Aus,BD20840047,0.0,82.6,28.5,0.0,11958.9,12070,4,,RANGAMATI/Juraichhari,1,0.0067
Aus,BD20840058,0.0,537.4,0.0,0.0,13088.6,13626,4,,RANGAMATI/Langadu,1,0.0316
Aus,BD20840075,0.0,382.9,0.0,0.0,10050.1,10433,4,,RANGAMATI/Nannerchar,1,0.0294
Aus,BD20840078,0.0,30.7,0.0,0.0,3589.3,3620,4,,RANGAMATI/Rajasthali,1,0.0068
Aus,BD20840087,0.0,185.8,0.0,0.0,8360.2,8546,4,,RANGAMATI/Rangamati,1,0.0174
Aus,BD30260014,2109.0,12598.1,10857.9,777.9,40.1,26383,2,,DHAKA/Dhamrai,1,0.6736
Aus,BD30260018,1500.3,4021.6,3244.0,102.1,0.0,8868,2,,DHAKA/Dohar,1,0.7172
Aus,BD30260038,931.2,3785.9,7251.2,1167.8,84.0,13220,2,,DHAKA/Keraniganj,1,0.5915
Aus,BD30260062,839.1,5314.6,13302.1,62.2,0.0,19518,2,,DHAKA/Nawabganj,1,0.6022
Aus,BD30260072,905.2,4495.7,7963.7,4777.0,5266.3,23408,4,,DHAKA/Savar,1,0.4032
Aus,BD30262000,0.0,0.0,0.0,0.0,0.0,0,4,Dhaka Metro,DHAKA/Dhaka Metro,1,
Aus,BD30262500,0.0,0.0,0.0,0.0,0.0,0,4,Dhaka Metro,DHAKA/Dhaka Metro,1,
Aus,BD30290003,70.7,2718.6,6791.5,960.1,0.0,10541,2,,FARIDPUR/Alfadanga,1,0.5534
Aus,BD30290010,739.1,5699.6,8838.9,1874.5,0.0,17152,2,,FARIDPUR/Bhanga,1,0.5884
Aus,BD30290018,495.6,14814.6,6189.4,1287.4,0.0,22787,3,,FARIDPUR/Boalmari,1,0.689
Aus,BD30290021,0.0,6986.2,486.4,486.4,0.0,7959,1,,FARIDPUR/Char Bhadrasan,1,0.745
Aus,BD30290047,2538.6,22010.0,3602.7,2982.7,0.0,31134,1,,FARIDPUR/Faridpur,1,0.7241
Aus,BD30290056,441.1,13179.4,3521.2,642.3,0.0,17784,1,,FARIDPUR/Madhukhali,1,0.7239
Aus,BD30290062,3690.5,8721.7,18857.8,1104.9,0.0,32375,2,,FARIDPUR/Nagarkanda,1,0.6276
Aus,BD30290084,451.0,16427.3,3027.1,1383.6,0.0,21289,1,,FARIDPUR/Sadarpur,1,0.7226
Aus,BD30330030,490.0,8510.0,9170.0,9240.0,9630.0,37040,4,,GAZIPUR/Gazipur,1,0.3707
Aus,BD30330032,1040.4,5906.6,9421.1,2965.6,8151.3,27485,4,,GAZIPUR/Kaliakoir,1,0.4027
Aus,BD30330034,1461.0,2318.9,2310.4,8298.7,4349.0,18738,4,,GAZIPUR/Kaliganj,1,0.3272
Aus,BD30330036,3661.7,5317.3,5839.2,5048.1,11588.7,31455,4,,GAZIPUR/Kapasia,1,0.3766
Aus,BD30330086,973.7,13826.8,7645.8,2396.2,18805.5,43648,4,,GAZIPUR/Sripur,1,0.3743
Aus,BD30350032,1181.2,11102.1,5179.9,7326.9,7773.9,32564,4,,GOPALGANJ/Gopalganj,1,0.4336
Aus,BD30350043,1795.0,11401.6,2312.9,2958.6,4476.9,22945,4,,GOPALGANJ/Kasiani,1,0.5519
Aus,BD30350051,185.6,1436.3,5374.0,9344.0,16122.1,32462,4,,GOPALGANJ/Kotalipara,1,0.1815
Aus,BD30350058,1936.9,7095.6,5334.7,6423.9,3560.8,24352,4,,GOPALGANJ/Muksudpur,1,0.4749
Aus,BD30350091,1112.3,1732.2,3233.5,1780.8,2984.3,10843,4,,GOPALGANJ/Tungipara,1,0.4123
Aus,BD30480002,0.0,0.0,560.5,16146.8,8796.7,25504,4,,KISHOREGANJ/Ashtagram,1,0.1376
Aus,BD30480006,5155.8,2922.2,2195.4,4367.9,7.6,14649,4,,KISHOREGANJ/Bajitpur,1,0.6461
Aus,BD30480011,1496.8,2424.7,3352.6,33.9,0.0,7308,2,,KISHOREGANJ/Bhairab,1,0.7006
Aus,BD30480027,4639.3,3885.2,387.8,0.0,344.7,9257,1,,KISHOREGANJ/Hossainpur,1,0.8579
Aus,BD30480033,337.5,1559.7,0.0,17238.9,18151.0,37287,4,,KISHOREGANJ/Itna,1,0.135
Aus,BD30480042,5464.4,5260.9,1130.6,3700.7,678.3,16235,3,,KISHOREGANJ/Karimganj,1,0.6762
Aus,BD30480045,6851.5,7359.3,1194.4,1923.9,0.0,17329,1,,KISHOREGANJ/Katiadi,1,0.7918
Aus,BD30480049,8114.5,2718.0,1336.0,368.5,0.0,12537,1,,KISHOREGANJ/Kishoreganj,1,0.8798
Aus,BD30480054,4516.9,1110.2,1551.2,889.7,0.0,8068,2,,KISHOREGANJ/Kuliarchar,1,0.7881
Aus,BD30480059,125.9,889.7,587.6,13765.8,3710.0,19079,4,,KISHOREGANJ/Mithamoin,1,0.2036
Aus,BD30480076,823.1,2831.6,1160.6,10684.3,1045.4,16545,4,,KISHOREGANJ/Nikli,1,0.3509
Aus,BD30480079,6476.0,7116.6,460.9,54.7,835.9,14944,1,,KISHOREGANJ/Pakundia,1,0.8305
Aus,BD30480092,2634.0,5778.9,1205.3,2761.8,0.0,12380,3,,KISHOREGANJ/Tarail,1,0.6795
Aus,BD30540040,5655.4,7610.0,6460.2,1444.4,1200.1,22370,2,,MADARIPUR/Kalkini,1,0.6823
Aus,BD30540054,5178.8,6458.6,6979.5,3467.4,535.7,22620,2,,MADARIPUR/Madaripur,1,0.6423
Aus,BD30540080,1370.4,6205.7,6213.5,1378.2,4656.2,19824,3,,MADARIPUR/Rajoir,1,0.4902
Aus,BD30540087,5016.8,7702.8,7873.0,1672.3,0.0,22265,2,,MADARIPUR/Sibchar,1,0.6939
Aus,BD30560010,1893.1,4203.0,7485.5,3325.9,564.5,17472,2,,MANIKGANJ/Daulatpur,1,0.5531
Aus,BD30560022,1011.9,809.5,8022.6,1705.7,43.4,11593,3,,MANIKGANJ/Ghior,1,0.5186
Aus,BD30560028,840.1,3215.5,8761.4,30.0,0.0,12847,2,,MANIKGANJ/Harirampur,1,0.6071
Aus,BD30560046,2827.6,7667.8,5613.6,1114.4,673.6,17897,2,,MANIKGANJ/Manikganj,1,0.67
Aus,BD30560070,1244.8,4245.3,3367.4,2381.7,287.8,11527,3,,MANIKGANJ/Saturia,1,0.59
Aus,BD30560078,644.3,1275.2,9238.7,1574.1,431.7,13164,2,,MANIKGANJ/Sibalay,1,0.5013
Aus,BD30560082,3392.8,6793.1,6407.0,772.1,0.0,17365,2,,MANIKGANJ/Singair,1,0.7017
Aus,BD30590024,113.4,591.2,8293.2,210.6,48.6,9257,2,,MUNSHIGANJ/Gozaria,1,0.5158
Aus,BD30590044,708.8,1763.0,4913.7,53.6,0.0,7439,2,,MUNSHIGANJ/Lohajang,1,0.6166
Aus,BD30590056,1318.5,2936.1,4773.5,860.7,299.1,10188,2,,MUNSHIGANJ/Munshiganj,1,0.6111
Aus,BD30590074,2529.5,909.3,10762.8,826.6,115.7,15144,2,,MUNSHIGANJ/Serajdikhan,1,0.5813
Aus,BD30590084,1262.7,1940.4,11563.7,121.3,0.0,14888,2,,MUNSHIGANJ/Srinagar,1,0.5791
Aus,BD30590094,532.6,733.2,6979.2,0.0,0.0,8245,2,,MUNSHIGANJ/Tongibari,1,0.559
Aus,BD30670002,1810.0,4252.7,5797.3,871.0,102.1,12833,2,,NARAYANGANJ/Araihazar,1,0.6456
Aus,BD30670004,1731.9,1204.1,7554.2,2284.4,849.4,13624,3,,NARAYANGANJ/Sonargaon,1,0.5086
Aus,BD30670006,0.0,0.0,0.0,0.0,0.0,0,4,,NARAYANGANJ/Bandar,1,
Aus,BD30670058,0.0,0.0,0.0,0.0,0.0,0,4,,NARAYANGANJ/Narayanganj,1,
Aus,BD30670068,1356.2,1644.4,6187.6,2994.9,3011.9,15195,4,,NARAYANGANJ/Rupganj,1,0.4189
Aus,BD30680007,2275.3,1700.9,3512.4,684.8,1045.6,9219,3,,NARSINGDI/Belabo,1,0.5998
Aus,BD30680052,6202.0,3804.5,3424.0,753.7,954.7,15139,2,,NARSINGDI/Manohardi,1,0.7338
Aus,BD30680060,1736.3,5651.3,6920.1,1736.3,651.1,16695,2,,NARSINGDI/Narsingdi,1,0.6028
Aus,BD30680063,893.2,1188.7,1431.7,1208.4,1701.0,6423,4,,NARSINGDI/Palas,1,0.4362
Aus,BD30680064,6369.6,5237.4,7640.4,4382.4,200.3,23830,2,,NARSINGDI/Raipura,1,0.6402
Aus,BD30680076,3896.5,4662.7,5402.7,1912.2,379.8,16254,2,,NARSINGDI/Sibpur,1,0.6589
Aus,BD30820007,811.2,10964.4,5169.4,1642.9,0.0,18588,2,,RAJBARI/Baliakandi,1,0.6723
Aus,BD30820029,35.7,838.8,4229.9,5095.5,0.0,10200,4,,RAJBARI/Goalanda,1,0.3766
Aus,BD30820073,1175.9,16210.5,12372.5,3498.9,7.2,33265,2,,RAJBARI/Pangsha,1,0.6322
Aus,BD30820076,1630.2,15619.7,3346.5,1653.7,0.0,22250,1,,RAJBARI/Rajbari,1,0.7249
Aus,BD30860014,0.0,6784.8,8214.3,2238.9,0.0,17238,2,,SHARIATPUR/Bhedarganj,1,0.5791
Aus,BD30860025,165.6,3587.7,2925.4,733.3,0.0,7412,2,,SHARIATPUR/Damudya,1,0.6267
Aus,BD30860036,1222.5,5994.7,5083.2,1222.5,0.0,13523,2,,SHARIATPUR/Goshairhat,1,0.6511
Aus,BD30860065,206.0,7378.9,6316.5,1577.5,0.0,15479,2,,SHARIATPUR/Naria,1,0.6191
Aus,BD30860069,453.4,5366.7,5253.3,124.7,0.0,11198,2,,SHARIATPUR/Palong (Sadar),1,0.6607
Aus,BD30860094,1843.3,4418.2,6907.0,3851.6,0.0,17020,2,,SHARIATPUR/Janjira,1,0.5641
Aus,BD30930009,514.3,7759.8,4733.4,89.5,0.0,13097,2,,TANGAIL/Basail,1,0.6953
Aus,BD30930019,75.9,1966.7,8915.5,5893.1,75.9,16927,3,,TANGAIL/Bhuapur,1,0.4304
Aus,BD30930023,159.3,5262.9,7948.6,644.3,0.0,14015,2,,TANGAIL/Delduar,1,0.6045
Aus,BD30930028,9609.9,6946.9,13462.1,1270.5,9650.7,40940,3,,TANGAIL/Ghatail,1,0.5411
Aus,BD30930038,6774.5,6588.6,3043.0,660.9,0.0,17067,2,,TANGAIL/Gopalpur,1,0.8027
Aus,BD30930047,3497.7,6637.3,10782.2,1735.1,137.7,22790,2,,TANGAIL/Kalihati,1,0.6382
Aus,BD30930057,8800.4,12431.2,14007.5,672.4,6865.5,42777,2,,TANGAIL/Madhupur,1,0.6051
Aus,BD30930066,620.0,13378.0,4967.2,7013.9,4436.9,30416,4,,TANGAIL/Mirzapur,1,0.5
Aus,BD30930076,1919.6,5695.0,7055.0,4618.4,170.0,19458,4,,TANGAIL/Nagarpur,1,0.5616
Aus,BD30930085,961.6,6572.2,24357.3,476.6,8562.3,40930,3,,TANGAIL/Shakhipur,1,0.4518
Aus,BD30930095,0.0,5546.3,13000.5,4258.5,231.7,23037,2,,TANGAIL/Tangail,1,0.5117
Aus,BD40010008,0.0,0.0,6679.8,10660.0,78.2,17418,4,,BAGERHAT/Bagerhat,1,0.3142
Aus,BD40010014,9.7,1843.6,4676.9,4958.3,2823.6,14312,4,,BAGERHAT/Chitalmari,1,0.3364
Aus,BD40010034,0.0,0.0,2275.6,7433.2,367.2,10076,4,,BAGERHAT/Fakirhat,1,0.2605
Aus,BD40010038,0.0,0.0,7044.9,1486.1,0.0,8531,2,,BAGERHAT/Kachua,1,0.4477
Aus,BD40010056,0.0,2972.2,1363.1,7729.1,3864.6,15929,4,,BAGERHAT/Mollahat,1,0.2891
Aus,BD40010058,0.0,0.0,0.0,11016.4,3406.6,14423,4,,BAGERHAT/Mongla,1,0.1528
Aus,BD40010060,0.0,7005.6,4680.2,21492.2,0.0,33178,4,,BAGERHAT/Morelganj,1,0.369
Aus,BD40010073,0.0,0.0,6022.5,17435.0,984.6,24442,4,,BAGERHAT/Rampal,1,0.2659
Aus,BD40010077,0.0,2367.0,57.7,5751.6,1789.7,9966,4,,BAGERHAT/Sarankhola,1,0.3083
Aus,BD40180007,0.0,10745.8,15071.8,1810.4,0.0,27628,2,,CHUADANGA/Alamdanga,1,0.597
Aus,BD40180023,0.0,8938.9,12307.7,1881.5,0.0,23128,2,,CHUADANGA/Chuadanga,1,0.5915
Aus,BD40180031,0.0,10525.0,11950.7,3436.2,72.1,25984,2,,CHUADANGA/Damurhuda,1,0.5805
Aus,BD40180055,0.0,2671.1,9799.0,3406.4,22.5,15899,2,,CHUADANGA/Jibannagar,1,0.4854
Aus,BD40410004,0.0,1137.8,7326.4,6201.8,2098.0,16764,4,,JESSORE/Abhoynagar,1,0.3468
Aus,BD40410009,0.0,1249.1,14620.8,3004.1,0.0,18874,2,,JESSORE/Bagherpara,1,0.4721
Aus,BD40410011,0.0,825.5,6555.3,14745.4,457.7,22584,4,,JESSORE/Chaugachha,1,0.305
Aus,BD40410023,0.0,0.0,5306.8,18476.6,597.6,24381,4,,JESSORE/Jhikorgachha,1,0.2604
Aus,BD40410038,0.0,545.5,2580.1,15121.4,552.0,18799,4,,JESSORE/Keshabpur,1,0.2527
Aus,BD40410047,0.0,816.1,18949.5,11137.9,658.4,31562,3,,JESSORE/Jessore,1,0.3915
Aus,BD40410061,0.0,983.9,4340.0,24415.8,2756.3,32496,4,,JESSORE/Manirampur,1,0.2413
Aus,BD40410090,0.0,0.0,4077.9,22121.9,1699.1,27899,4,,JESSORE/Sarsa,1,0.2317
Aus,BD40440014,0.0,101.2,17752.7,36.1,0.0,17890,2,,JHENAIDAH/Harinakundu,1,0.5011
Aus,BD40440019,0.0,1056.1,29450.1,5549.8,0.0,36056,2,,JHENAIDAH/Jhenaidah,1,0.4626
Aus,BD40440033,0.0,3586.3,19611.5,2260.3,0.0,25458,2,,JHENAIDAH/Kaliganj,1,0.5156
Aus,BD40440042,0.0,2399.7,8388.9,1102.4,0.0,11891,2,,JHENAIDAH/Kotchandpur,1,0.5327
Aus,BD40440071,0.0,596.9,8029.9,23612.1,1695.1,33934,4,,JHENAIDAH/Maheshpur,1,0.2716
Aus,BD40440080,391.3,2717.1,23294.5,3374.2,288.0,30065,2,,JHENAIDAH/Sailkupa,1,0.4952
Aus,BD40470012,0.0,518.4,10981.9,6205.6,185.1,17891,3,,KHULNA/Batiaghata,1,0.3995
Aus,BD40470017,0.0,0.0,1116.2,628.9,20799.9,22545,4,,KHULNA/Dacope,1,0.0303
Aus,BD40470030,0.0,6127.2,5988.3,17401.9,7048.5,36566,4,,KHULNA/Dumuria,1,0.3111
Aus,BD40470040,0.0,655.3,1545.7,2108.6,92.4,4402,4,,KHULNA/Dighalia (Daulathpur),1,0.3905
Aus,BD40470053,0.0,0.0,74.3,4113.4,16957.3,21145,4,,KHULNA/Koyra,1,0.0407
Aus,BD40470064,0.0,3236.8,2121.5,6331.0,20418.6,32108,4,,KHULNA/Paikgachha,1,0.1531
Aus,BD40470069,0.0,1099.8,556.8,2536.5,604.9,4798,4,,KHULNA/Phultala,1,0.3471
Aus,BD40470075,0.0,624.3,1435.8,3108.8,262.2,5431,4,,KHULNA/Rupsha,1,0.3386
Aus,BD40470094,0.0,1319.2,1478.9,10088.4,3110.5,15997,4,,KHULNA/Terakhada,1,0.2383
Aus,BD40473300,0.0,2080.0,40.0,0.0,0.0,2120,1,,KHULNA/Khulna Metro,1,0.7943
Aus,BD40500015,0.0,2470.8,5957.5,1264.9,340.8,10034,2,,KUSHTIA/Bheramara,1,0.5191
Aus,BD40500039,0.0,7968.4,12894.4,8941.2,2049.0,31853,3,,KUSHTIA/Daulatpur,1,0.4587
Aus,BD40500063,0.0,2013.8,4931.6,580.6,0.0,7526,2,,KUSHTIA/Khoksha,1,0.5571
Aus,BD40500071,0.0,3903.0,7657.4,3972.1,966.5,16499,3,,KUSHTIA/Kumarkhali,1,0.4695
Aus,BD40500079,0.0,13532.6,4828.1,4675.3,257.0,23293,2,,KUSHTIA/Kushtia,1,0.6086
Aus,BD40500094,0.0,11228.4,10890.8,3867.6,198.1,26185,2,,KUSHTIA/Mirpur,1,0.5805
Aus,BD40550057,6126.9,7490.1,13190.0,5640.0,44.9,32492,2,,MAGURA/Magura,1,0.6107
Aus,BD40550066,5568.4,2989.9,7684.1,1351.7,191.0,17785,2,,MAGURA/Mohammadpur,1,0.6788
Aus,BD40550085,0.0,2750.0,11612.1,4434.8,0.0,18797,2,,MAGURA/Salikha,1,0.4731
Aus,BD40550095,3187.5,7632.1,1298.3,1222.8,247.3,13588,1,,MAGURA/Sripur,1,0.7497
Aus,BD40570047,0.0,9088.4,16500.8,3458.0,48.8,29096,2,,MEHERPUR/Gangni,1,0.5572
Aus,BD40570087,0.0,10664.2,15693.6,4012.2,113.0,30483,2,,MEHERPUR/Meherpur,1,0.5636
Aus,BD40650028,0.0,2158.1,1713.8,15717.9,5300.1,24890,4,,NARAIL/Kalia,1,0.2301
Aus,BD40650052,1948.1,8954.1,6778.1,4624.1,367.6,22672,4,,NARAIL/Lohagara,1,0.5922
Aus,BD40650076,0.0,4799.1,9050.6,12773.9,605.5,27229,4,,NARAIL/Narail,1,0.401
Aus,BD40870004,0.0,87.4,8430.0,11040.2,14362.3,33920,4,,SATKHIRA/Asasuni,1,0.1914
Aus,BD40870025,0.0,0.0,213.1,3771.0,10599.8,14584,4,,SATKHIRA/Debhata,1,0.059
Aus,BD40870043,0.0,0.0,2742.3,14150.7,0.0,16893,4,,SATKHIRA/Kalaroa,1,0.2487
Aus,BD40870047,0.0,0.0,694.3,13321.2,11966.5,25982,4,,SATKHIRA/Kaliganj,1,0.1159
Aus,BD40870082,0.0,0.0,5865.8,19728.0,1484.2,27078,4,,SATKHIRA/Satkhira,1,0.254
Aus,BD40870086,0.0,0.0,0.0,891.4,35746.6,36638,4,,SATKHIRA/Shyamnagar,1,0.0049
Aus,BD40870090,0.0,873.7,5862.0,17593.4,2426.9,26756,4,,SATKHIRA/Tala,1,0.2672
Aus,BD45390007,516.8,5324.7,11120.4,78.5,1373.7,18414,2,,JAMALPUR/Bakshiganj,1,0.5622
Aus,BD45390015,1726.7,10540.9,8904.5,0.0,1534.9,22707,2,,JAMALPUR/Dewanganj,1,0.6435
Aus,BD45390029,4632.4,7487.2,14058.7,7.7,300.1,26486,2,,JAMALPUR/Islampur,1,0.6665
Aus,BD45390036,15068.1,17291.9,6715.9,810.7,2387.4,42274,1,,JAMALPUR/Jamalpur,1,0.7669
Aus,BD45390058,2659.5,7716.0,10909.2,70.0,822.3,22177,2,,JAMALPUR/Madarganj,1,0.6449
Aus,BD45390061,10598.4,7096.8,2790.3,15.6,46.9,20548,1,,JAMALPUR/Melandaha,1,0.8601
Aus,BD45390085,11946.6,2853.1,6375.7,350.7,31.9,21558,2,,JAMALPUR/Sarishabari,1,0.8112
Aus,BD45610013,7637.5,18311.7,5268.5,5003.3,7793.0,44014,3,,MYMENSINGH/Bhaluka,1,0.5889
Aus,BD45610016,5609.7,9981.6,5911.2,904.5,603.0,23010,2,,MYMENSINGH/Dhobaura,1,0.7271
Aus,BD45610020,13362.0,9957.7,2901.4,54.2,8278.7,34554,3,,MYMENSINGH/Phulbaria,1,0.6595
Aus,BD45610022,16281.3,9700.5,2815.1,200.5,2963.6,31961,1,,MYMENSINGH/Gafargaon,1,0.7975
Aus,BD45610023,7253.8,11745.1,3617.5,0.0,300.7,22917,1,,MYMENSINGH/Gouripur,1,0.8055
Aus,BD45610024,5859.9,14659.7,8188.1,1923.7,404.5,31036,2,,MYMENSINGH/Haluaghat,1,0.711
Aus,BD45610031,4322.7,18522.7,900.6,0.0,461.1,24207,1,,MYMENSINGH/Ishwarganj,1,0.8093
Aus,BD45610052,12391.9,10535.8,4312.9,662.3,2349.0,30252,1,,MYMENSINGH/Mymensingh,1,0.7639
Aus,BD45610065,12328.7,8832.5,1876.9,81.0,2141.9,25261,1,,MYMENSINGH/Muktagachha,1,0.8056
Aus,BD45610072,9478.9,13997.1,2495.7,984.5,190.8,27147,1,,MYMENSINGH/Nandail,1,0.8149
Aus,BD45610081,8154.9,27894.6,9556.7,555.0,661.8,46823,2,,MYMENSINGH/Phulpur,1,0.7552
Aus,BD45610094,12329.2,15000.5,464.2,121.8,228.3,28144,1,,MYMENSINGH/Trisal,1,0.8736
Aus,BD45720004,6413.9,6421.4,1813.4,728.3,720.9,16098,2,,NETRAKONA/Atpara,1,0.7829
Aus,BD45720009,7798.5,3716.2,6294.5,604.8,954.9,19369,2,,NETRAKONA/Barhatta,1,0.7249
Aus,BD45720018,4008.0,9979.3,7756.3,0.0,2466.4,24210,2,,NETRAKONA/Durgapur,1,0.6555
Aus,BD45720038,19.7,72.1,157.4,17682.6,2419.3,20351,4,,NETRAKONA/Khaliajuri,1,0.1814
Aus,BD45720040,3023.6,3698.3,15177.6,6909.8,5884.8,34694,4,,NETRAKONA/Kalmakanda,1,0.431
Aus,BD45720047,8781.0,8820.6,5649.7,1298.7,0.0,24550,2,,NETRAKONA/Kendua,1,0.7708
Aus,BD45720056,1601.1,5478.5,1396.2,10516.9,895.4,19888,4,,NETRAKONA/Madan,1,0.4417
Aus,BD45720063,4157.1,3395.8,1834.9,10217.7,1705.5,21311,4,,NETRAKONA/Mohanganj,1,0.4615
Aus,BD45720074,12439.9,7618.0,4999.0,477.6,1047.6,26582,2,,NETRAKONA/Netrakona,1,0.7949
Aus,BD45720083,6768.6,12663.8,4187.0,1393.5,0.0,25013,1,,NETRAKONA/Purbadhala,1,0.7705
Aus,BD45890037,6414.4,7816.4,1726.3,2348.4,1016.5,19322,1,,SHERPUR/Jhenaigati,1,0.7246
Aus,BD45890067,6436.0,6112.3,2058.0,817.0,7.7,15431,1,,SHERPUR/Nakla,1,0.8112
Aus,BD45890070,2907.6,24305.1,1656.6,638.5,1130.3,30638,1,,SHERPUR/Nalitabari,1,0.7607
Aus,BD45890088,8304.9,6886.3,16446.4,1186.4,0.0,32824,2,,SHERPUR/Sherpur,1,0.6786
Aus,BD45890090,4722.1,6728.2,7174.0,1527.3,2468.4,22620,2,,SHERPUR/Sribardi,1,0.6188
Aus,BD50100006,0.0,6238.2,4550.5,3827.3,0.0,14616,2,,BOGRA/Adamdighi,1,0.5495
Aus,BD50100020,1347.1,10799.2,13761.4,6073.2,893.1,32874,2,,BOGRA/Bogra,1,0.55
Aus,BD50100027,298.7,13306.1,3666.3,2844.9,0.0,20116,3,,BOGRA/Dhunot,1,0.6634
Aus,BD50100033,512.3,7936.5,5714.0,181.3,0.0,14344,2,,BOGRA/Dhubchachia,1,0.6801
Aus,BD50100040,9065.9,6790.8,2144.1,1034.1,0.0,19035,1,,BOGRA/Gabtali,1,0.8289
Aus,BD50100054,0.0,15429.4,5233.4,621.3,31.9,21316,1,,BOGRA/Kahalu,1,0.7077
Aus,BD50100067,0.0,14967.0,5975.5,3305.4,0.0,24248,3,,BOGRA/Nandigram,1,0.6443
Aus,BD50100081,4948.5,9074.3,5916.7,0.0,4157.5,24097,2,,BOGRA/Shariakandi,1,0.6294
Aus,BD50100088,0.0,13563.0,5428.5,5858.8,529.6,25380,2,,BOGRA/Sherpur,1,0.5806
Aus,BD50100094,7918.6,14362.5,3095.2,122.9,990.8,26490,1,,BOGRA/Shibganj,1,0.792
Aus,BD50100095,6245.7,4002.9,778.8,0.0,124.6,11152,1,,BOGRA/Sonatala,1,0.8821
Aus,BD50380013,2669.9,1443.8,5178.5,3145.8,0.0,12438,2,,JOYPURHAT/Akkelpur,1,0.5663
Aus,BD50380047,11967.1,6533.3,2183.0,39.5,0.0,20723,1,,JOYPURHAT/Joypurhat,1,0.8827
Aus,BD50380058,5790.7,8404.3,24.5,0.0,24.5,14244,1,,JOYPURHAT/Kalai,1,0.8794
Aus,BD50380061,7485.3,5505.1,435.7,0.0,0.0,13426,1,,JOYPURHAT/Khetlal,1,0.9018
Aus,BD50380074,1302.1,15393.3,8989.8,0.0,463.8,26149,2,,JOYPURHAT/Panchbibi,1,0.6926
Aus,BD50640003,0.0,1468.3,999.5,10110.4,11746.8,24325,4,,NAOGAON/Atrai,1,0.152
Aus,BD50640006,1861.8,4715.1,6591.2,4265.7,114.1,17548,3,,NAOGAON/Badalgachhi,1,0.5575
Aus,BD50640028,1773.9,5476.3,14988.7,3889.6,626.6,26755,2,,NAOGAON/Dhamoirhat,1,0.5392
Aus,BD50640047,0.0,7854.5,10756.7,11954.5,4069.3,34635,4,,NAOGAON/Manda,1,0.4057
Aus,BD50640050,0.0,2049.8,30489.7,1961.4,241.2,34742,2,,NAOGAON/Mohadebpur,1,0.4973
Aus,BD50640060,0.0,4630.8,9108.3,9223.3,697.7,23660,4,,NAOGAON/Naogaon,1,0.427
Aus,BD50640069,0.0,39.2,19690.9,18264.2,744.7,38739,4,,NAOGAON/Niamatpur,1,0.3493
Aus,BD50640075,0.0,215.7,23625.0,5161.2,3779.0,32781,2,,NAOGAON/Patnitala,1,0.3971
Aus,BD50640079,0.0,123.4,6514.0,12871.8,3141.9,22651,4,,NAOGAON/Porsha,1,0.2618
Aus,BD50640085,0.0,1640.9,11274.9,7622.4,1436.8,21975,4,,NAOGAON/Raninagar,1,0.3857
Aus,BD50640086,0.0,145.9,6316.1,8109.7,7028.4,21600,4,,NAOGAON/Shapahar,1,0.2267
Aus,BD50690009,0.0,791.1,10388.8,291.1,0.0,11471,2,,NATOR/Bagatipara,1,0.5131
Aus,BD50690015,0.0,8049.1,7325.6,9678.3,0.0,25053,4,,NATOR/Baraigram,1,0.4805
Aus,BD50690041,0.0,3577.4,3719.1,8458.2,616.3,16371,4,,NATOR/Gurudashpur,1,0.3917
Aus,BD50690044,0.0,7236.8,12980.0,2871.6,2913.7,26002,3,,NATOR/Lalpur,1,0.4943
Aus,BD50690063,0.0,3355.1,15350.4,11958.2,1269.3,31933,4,,NATOR/Nator,1,0.3993
Aus,BD50690091,0.0,3175.6,16110.0,14726.1,13718.3,47730,4,,NATOR/Shingra,1,0.2837
Aus,BD50700018,0.0,96.0,4518.7,6071.4,0.0,10686,4,,NAWABGANJ/Bholahat,1,0.3322
Aus,BD50700037,0.0,261.6,4750.7,18665.4,3856.3,27534,4,,NAWABGANJ/Gomastapur,1,0.2295
Aus,BD50700056,0.0,82.3,4910.4,21105.5,32.9,26131,4,,NAWABGANJ/Nachol,1,0.258
Aus,BD50700066,0.0,6120.9,4901.0,12717.0,9823.2,33562,4,,NAWABGANJ/Nawabganj,1,0.2947
Aus,BD50700088,0.0,7136.8,13602.3,19843.9,4302.0,44885,4,,NAWABGANJ/Shibganj,1,0.3671
Aus,BD50760005,0.0,330.7,6240.7,7486.0,506.6,14564,4,,PABNA/Atgharia,1,0.3352
Aus,BD50760016,28.8,2832.0,4679.2,7611.9,2149.1,17301,4,,PABNA/Bera,1,0.3558
Aus,BD50760019,0.0,1984.1,345.8,7878.9,255.2,10464,4,,PABNA/Bhangura,1,0.3188
Aus,BD50760022,0.0,2373.4,6217.3,16577.1,422.3,25590,4,,PABNA/Chatmohar,1,0.3252
Aus,BD50760033,0.0,491.0,45.3,8958.1,2862.7,12357,4,,PABNA/Faridpur,1,0.1786
Aus,BD50760039,0.0,2082.8,11758.1,5143.7,837.4,19822,3,,PABNA/Ishwardi,1,0.4326
Aus,BD50760055,0.0,3085.5,16123.5,14203.5,293.5,33706,4,,PABNA/Pabna,1,0.3967
Aus,BD50760072,0.0,5213.8,5298.5,14463.0,3072.8,28048,4,,PABNA/Santhia,1,0.3463
Aus,BD50760083,89.8,3737.4,8407.5,8255.5,4234.8,24725,4,,PABNA/Sujanagar,1,0.3614
Aus,BD50810010,0.0,1156.4,6165.4,3304.1,2478.1,13104,4,,RAJSHAHI/Bagha,1,0.3563
Aus,BD50810012,0.0,4463.7,9827.1,12076.6,2059.6,28427,4,,RAJSHAHI/Bagmara,1,0.3834
Aus,BD50810025,0.0,813.7,7182.9,4438.5,258.9,12694,4,,RAJSHAHI/Charghat,1,0.4041
Aus,BD50810031,0.0,5089.9,6104.9,5015.2,0.0,16210,3,,RAJSHAHI/Durgapur,1,0.5014
Aus,BD50810034,0.0,516.9,2418.0,38600.0,692.1,42227,4,,RAJSHAHI/Godagari,1,0.2212
Aus,BD50810053,0.0,1086.9,8921.4,2443.7,693.0,13145,3,,RAJSHAHI/Mohanpur,1,0.4427
Aus,BD50810072,0.0,4818.1,4271.3,10333.6,317.0,19740,4,,RAJSHAHI/Paba,1,0.4081
Aus,BD50810082,0.0,5540.6,5382.9,4992.5,0.0,15916,3,,RAJSHAHI/Puthia,1,0.5103
Aus,BD50810094,0.0,23.5,12359.5,12578.6,993.5,25955,4,,RAJSHAHI/Tanor,1,0.3357
Aus,BD50816600,0.0,0.0,0.0,0.0,0.0,0,4,,RAJSHAHI/Boalia (Rajshahi),1,
Aus,BD50880011,0.0,2701.7,4279.9,2536.3,565.1,10083,3,,SIRAJGANJ/Belkuchi,1,0.4769
Aus,BD50880027,0.0,168.5,1018.0,8102.1,3798.3,13087,4,,SIRAJGANJ/Chauhali,1,0.173
Aus,BD50880044,0.0,4657.8,2685.8,176.6,161.9,7682,3,,SIRAJGANJ/Kamarkhanda,1,0.6645
Aus,BD50880050,0.0,3871.7,11538.8,4517.0,1202.6,21130,3,,SIRAJGANJ/Kazipur,1,0.4624
Aus,BD50880061,0.0,8284.4,12317.0,1127.6,0.0,21729,2,,SIRAJGANJ/Raiganj,1,0.5988
Aus,BD50880067,0.0,11603.1,6051.7,3508.7,2063.5,23227,3,,SIRAJGANJ/Shahzadpur,1,0.5601
Aus,BD50880078,0.0,8323.4,9131.4,5099.2,122.0,22676,2,,SIRAJGANJ/Sirajganj,1,0.54
Aus,BD50880089,0.0,5190.6,1584.0,10535.6,9495.8,26806,4,,SIRAJGANJ/Taras,1,0.2631
Aus,BD50880094,0.0,19392.6,9630.3,5723.8,357.3,35104,2,,SIRAJGANJ/Ullapara,1,0.6117
Aus,BD55270010,7619.1,6618.5,3194.5,587.5,890.4,18910,1,,DINAJPUR/Birampur,1,0.7736
Aus,BD55270012,8732.0,11818.2,8958.8,6933.8,251.1,36694,2,,DINAJPUR/Birganj,1,0.6555
Aus,BD55270017,104.3,6472.7,13867.8,9151.6,1379.6,30976,3,,DINAJPUR/Biral,1,0.4535
Aus,BD55270021,181.8,5281.0,5265.1,9059.8,63.2,19851,4,,DINAJPUR/Bochaganj,1,0.4459
Aus,BD55270030,4662.4,20859.3,619.0,1371.3,94.0,27606,1,,DINAJPUR/Chirirbandar,1,0.7945
Aus,BD55270038,3467.1,8985.2,6836.6,1328.2,87.9,20705,2,,DINAJPUR/Fulbari,1,0.6925
Aus,BD55270043,177.5,7012.3,3340.7,0.0,2493.4,13024,2,,DINAJPUR/Ghoraghat,1,0.5726
Aus,BD55270047,855.8,7086.4,911.8,0.0,104.0,8958,1,,DINAJPUR/Hakimpur,1,0.7793
Aus,BD55270056,1693.0,8503.0,3575.8,3765.6,83.5,17621,3,,DINAJPUR/Kaharol,1,0.6263
Aus,BD55270060,1582.1,495.8,11636.2,831.2,218.7,14764,2,,DINAJPUR/Khansama,1,0.5394
Aus,BD55270064,2252.5,9911.1,11852.9,4924.5,334.0,29275,2,,DINAJPUR/Dinajpur,1,0.5839
Aus,BD55270069,2507.5,16135.3,2870.9,545.1,4884.2,26943,3,,DINAJPUR/Nawabganj,1,0.6295
Aus,BD55270077,4570.8,26981.0,2220.3,1202.0,1408.8,36383,1,,DINAJPUR/Parbatipur,1,0.756
Aus,BD55320021,626.3,7095.4,9028.0,563.7,5359.6,22673,3,,GAIBANDHA/Phulchhari,1,0.482
Aus,BD55320024,3945.7,20761.2,968.3,0.0,1500.8,27176,1,,GAIBANDHA/Gaibandha,1,0.7742
Aus,BD55320030,13114.0,23142.4,521.6,146.9,1440.0,38365,1,,GAIBANDHA/Gobindaganj,1,0.832
Aus,BD55320067,5849.2,9467.9,242.8,53.1,0.0,15613,1,,GAIBANDHA/Palashbari,1,0.8682
Aus,BD55320082,2545.4,14287.2,1552.4,165.5,1552.4,20103,1,,GAIBANDHA/Sadullapur,1,0.7354
Aus,BD55320088,7229.5,7531.4,1857.7,727.6,990.8,18337,1,,GAIBANDHA/Shaghata,1,0.7814
Aus,BD55320091,4589.0,21597.1,5329.2,0.0,1129.7,32645,1,,GAIBANDHA/Sundarganj,1,0.7515
Aus,BD55490006,1278.4,9318.3,8819.0,579.3,0.0,19995,2,,KURIGRAM/Bhurungamari,1,0.6631
Aus,BD55490008,0.0,958.7,5662.7,0.0,2556.5,9178,2,,KURIGRAM/Rajibpur (Dhushmara),1,0.3921
Aus,BD55490009,0.0,3367.6,6315.7,0.0,759.7,10443,2,,KURIGRAM/Chilmari,1,0.5604
Aus,BD55490018,771.5,9453.2,3334.3,0.0,0.0,13559,3,,KURIGRAM/Phulbari,1,0.7376
Aus,BD55490052,1389.4,11181.2,6368.0,0.0,2307.4,21246,2,,KURIGRAM/Kurigram,1,0.6363
Aus,BD55490061,8198.7,18311.1,6248.8,0.0,2140.4,34899,1,,KURIGRAM/Nageshwari,1,0.7442
Aus,BD55490077,2196.1,10435.3,1598.5,0.0,0.0,14230,1,,KURIGRAM/Rajarhat,1,0.7972
Aus,BD55490079,0.0,14325.4,507.2,0.0,2109.5,16942,1,,KURIGRAM/Ruhumari,1,0.6914
Aus,BD55490094,1017.9,16932.0,3995.9,0.0,5020.2,26966,3,,KURIGRAM/Ulipur,1,0.6142
Aus,BD55520002,7076.5,7120.2,2947.8,17.5,0.0,17162,1,,LALMONIRHAT/Aditmari,1,0.8303
Aus,BD55520033,3408.9,3567.5,10025.1,3149.5,0.0,20151,3,,LALMONIRHAT/Hatibanda,1,0.5908
Aus,BD55520039,2720.9,6636.0,11889.1,0.0,0.0,21246,2,,LALMONIRHAT/Kaliganj,1,0.6577
Aus,BD55520055,4973.6,8216.1,8047.3,0.0,0.0,21237,2,,LALMONIRHAT/Lalmonirhat,1,0.7332
Aus,BD55520070,10830.7,8913.0,59.6,2384.7,0.0,22188,1,,LALMONIRHAT/Patgram,1,0.8323
Aus,BD55730012,8962.3,9387.9,5625.9,2740.6,1370.3,28087,2,,NILPHAMARI/Dimla,1,0.7062
Aus,BD55730015,2371.5,13334.6,312.4,3862.6,979.9,20861,1,,NILPHAMARI/Domar,1,0.6696
Aus,BD55730036,6978.0,9593.0,3947.5,4721.3,7.2,25247,3,,NILPHAMARI/Jaldhaka,1,0.6959
Aus,BD55730045,2664.3,9777.6,8990.1,2278.9,0.0,23711,2,,NILPHAMARI/Kishorganj,1,0.6511
Aus,BD55730064,7150.5,19146.5,1266.2,5145.8,0.0,32709,1,,NILPHAMARI/Nilphamari,1,0.7377
Aus,BD55730085,3931.5,5228.3,861.8,229.8,24.6,10276,1,,NILPHAMARI/Saidpur,1,0.836
Aus,BD55770004,3800.9,11750.0,3416.1,1191.9,0.0,20159,2,,PANCHAGARH/Atwari,1,0.7514
Aus,BD55770025,3560.1,17541.8,3256.4,494.9,1619.8,26473,1,,PANCHAGARH/Boda,1,0.7298
Aus,BD55770034,5894.0,7829.9,6037.9,4289.2,0.0,24051,2,,PANCHAGARH/Debiganj,1,0.6667
Aus,BD55770073,613.8,23015.8,5950.8,0.0,1467.7,31048,1,,PANCHAGARH/Panchagar,1,0.7086
Aus,BD55770090,1036.8,5434.1,6813.5,3471.5,0.0,16756,2,,PANCHAGARH/Tetulia,1,0.5661
Aus,BD55850003,2027.2,16112.3,6267.3,670.3,2212.9,27290,2,,RANGPUR/Badarganj,1,0.6664
Aus,BD55850027,1711.7,7169.2,9060.1,0.0,0.0,17941,2,,RANGPUR/Gangachara,1,0.6676
Aus,BD55850042,4699.3,4137.0,3815.7,0.0,0.0,12652,2,,RANGPUR/Kaunia,1,0.7838
Aus,BD55850049,4248.5,11641.2,10651.9,0.0,222.4,26764,2,,RANGPUR/Rangpur,1,0.7057
Aus,BD55850058,15979.4,20213.9,3653.1,0.0,4776.5,44623,1,,RANGPUR/Mithapukur,1,0.7614
Aus,BD55850073,3515.0,15895.1,3669.9,0.0,0.0,23080,1,,RANGPUR/Pirgachha,1,0.7828
Aus,BD55850076,12703.5,12034.9,3622.9,0.0,7976.6,36338,3,,RANGPUR/Pirganj,1,0.6644
Aus,BD55850092,3906.0,5154.4,2435.5,0.0,0.0,11496,1,,RANGPUR/Taraganj,1,0.8044
Aus,BD55940008,7059.6,15460.4,3045.0,0.0,0.0,25565,1,,THAKURGAON/Baliadangi,1,0.8195
Aus,BD55940051,3606.0,7810.0,4774.3,1876.6,0.0,18067,2,,THAKURGAON/Haripur,1,0.6983
Aus,BD55940082,4684.8,12495.4,3515.5,8372.7,1581.6,30650,3,,THAKURGAON/Pirganj,1,0.591
Aus,BD55940086,6357.5,9512.0,1808.3,9674.2,0.0,27352,3,,THAKURGAON/Ranisonkail,1,0.6144
Aus,BD55940094,10561.0,28574.9,13535.5,5689.9,1921.7,60283,2,,THAKURGAON/Thakurgaon,1,0.6855
Aus,BD60360002,0.0,0.0,2033.6,9807.9,4109.6,15951,4,,HABIGANJ/Ajmiriganj,1,0.1867
Aus,BD60360005,343.7,14469.7,4871.9,1821.6,799.1,22306,3,,HABIGANJ/Bahubal,1,0.6599
Aus,BD60360011,951.2,32.8,7839.2,17671.0,16760.8,43255,4,,HABIGANJ/Baniyachang,1,0.1949
Aus,BD60360026,71.8,13907.7,4716.3,0.0,9412.1,28108,4,,HABIGANJ/Chunarughat,1,0.4823
Aus,BD60360044,2477.9,5842.9,8168.9,4340.2,1135.0,21965,3,,HABIGANJ/Habiganj,1,0.5511
Aus,BD60360068,1229.0,0.0,1843.5,11035.5,3005.1,17113,4,,HABIGANJ/Lakhai,1,0.2546
Aus,BD60360071,8625.1,6473.1,7698.0,586.9,1998.9,25382,2,,HABIGANJ/Madhabpur,1,0.7001
Aus,BD60360077,5350.5,5496.6,11369.8,7349.2,6618.9,36185,4,,HABIGANJ/Nabiganj,1,0.4671
Aus,BD60580014,3593.4,5751.1,14037.7,713.6,15196.3,39292,4,,MOULVI BAZAR/Barlekha,1,0.3908
Aus,BD60580056,2405.9,26221.7,38.7,221.2,1692.4,30580,1,,MOULVI BAZAR/Kamalganj,1,0.7667
Aus,BD60580065,3663.5,24452.2,4593.9,1261.9,9728.6,43700,3,,MOULVI BAZAR/Kulaura,1,0.5898
Aus,BD60580074,8504.7,2742.0,8527.3,7397.4,7.5,27179,2,,MOULVI BAZAR/Moulvi Bazar,1,0.6049
Aus,BD60580080,5418.5,1334.7,6627.1,3273.7,6388.0,23042,4,,MOULVI BAZAR/Rajnagar,1,0.4537
Aus,BD60580083,0.0,23260.5,1073.3,5646.9,2651.2,32632,1,,MOULVI BAZAR/Srimangal,1,0.6213
Aus,BD60900018,179.6,2984.7,7235.0,607.2,6670.6,17677,4,,SUNAMGANJ/Bishambarpur,1,0.3567
Aus,BD60900023,4736.0,9059.1,10897.4,2243.4,8093.2,35029,3,,SUNAMGANJ/Chhatak,1,0.5105
Aus,BD60900029,3103.3,401.2,10333.5,11979.4,11463.5,37281,4,,SUNAMGANJ/Dirai,1,0.2947
Aus,BD60900032,753.8,969.2,8739.5,15250.7,13560.8,39274,4,,SUNAMGANJ/Dharmapasha,1,0.2279
Aus,BD60900033,1234.2,6689.1,13723.4,4755.7,3728.6,30131,3,,SUNAMGANJ/Dwarabazar,1,0.4779
Aus,BD60900047,4828.3,2319.8,11944.9,5913.5,7124.5,32131,4,,SUNAMGANJ/Jagannathpur,1,0.4307
Aus,BD60900050,6.0,460.4,6086.9,5375.4,16616.4,28545,4,,SUNAMGANJ/Jamalganj,1,0.1574
Aus,BD60900086,194.8,109.1,5720.6,11815.4,4458.0,22298,4,,SUNAMGANJ/Sulla,1,0.2469
Aus,BD60900089,554.8,2209.7,22556.6,4390.8,22547.0,52259,4,,SUNAMGANJ/Sunamganj,1,0.2771
Aus,BD60900092,153.7,2443.8,3087.7,4221.8,12767.9,22675,4,,SUNAMGANJ/Tahirpur,1,0.1983
Aus,BD60910008,8921.3,666.7,6971.8,14414.7,43.5,31018,4,,SYLHET/Balaganj,1,0.5101
Aus,BD60910017,4634.0,1444.4,6586.6,5362.9,20.1,18048,4,,SYLHET/Beani Bazar,1,0.5627
Aus,BD60910020,10261.4,825.0,4580.7,1099.9,0.0,16767,2,,SYLHET/Bishwanath,1,0.8011
Aus,BD60910027,645.2,2132.5,6200.5,16961.2,2624.6,28564,4,,SYLHET/Companiganj,1,0.3096
Aus,BD60910035,1230.5,0.0,2813.7,1857.5,2735.3,8637,4,,SYLHET/Fenchuganj,1,0.3484
Aus,BD60910038,2735.2,4113.4,5896.1,1500.6,1931.7,16177,3,,SYLHET/Golapganj,1,0.5733
Aus,BD60910041,2813.7,3178.4,11336.5,15564.5,11678.9,44572,4,,SYLHET/Gowainghat,1,0.3172
Aus,BD60910053,3893.7,1119.5,4173.6,1539.4,6313.9,17040,4,,SYLHET/Jaintapur,1,0.4216
Aus,BD60910059,8857.1,3591.3,2783.5,4252.3,10428.8,29913,4,,SYLHET/Kanaighat,1,0.4671
Aus,BD60910062,11436.3,4299.6,9818.9,5303.7,5930.4,36789,3,,SYLHET/Sylhet,1,0.5666
Aus,BD60910094,6468.8,2844.6,2254.6,4614.6,3097.4,19280,4,,SYLHET/Zakiganj,1,0.5599
Boro,BD10040009,73.0,14512.5,13961.2,12574.8,3048.4,44170,3,,BARGUNA/Amtali,1,0.4795
Boro,BD10040019,7186.5,15.5,0.0,0.0,0.0,7202,1,,BARGUNA/Bamna,1,0.9996
Boro,BD10040028,200.8,10891.5,10273.0,3911.6,0.0,25277,2,,BARGUNA/Borguna,1,0.5868
Boro,BD10040047,11002.4,288.6,0.0,0.0,0.0,11291,1,,BARGUNA/Betagi,1,0.9949
Boro,BD10040085,1145.5,5911.4,10668.5,26.2,1871.4,19623,2,,BARGUNA/Patharghata,1,0.5715
Boro,BD10060002,3402.9,9470.1,0.0,0.0,0.0,12873,1,,BARISAL/Agailjhara,1,0.8529
Boro,BD10060003,7711.6,3113.4,0.0,0.0,0.0,10825,1,,BARISAL/Babuganj,1,0.9425
Boro,BD10060007,28141.5,3489.5,0.0,0.0,0.0,31631,1,,BARISAL/Bakerganj,1,0.9779
Boro,BD10060010,8740.4,1289.2,0.0,0.0,87.4,10117,1,,BARISAL/Banaripara,1,0.9659
Boro,BD10060032,6115.8,4356.2,0.0,0.0,0.0,10472,1,,BARISAL/Gaurnadi,1,0.9168
Boro,BD10060036,9064.7,10589.3,0.0,0.0,0.0,19654,1,,BARISAL/Hizla,1,0.8922
Boro,BD10060051,16809.8,2411.2,0.0,0.0,0.0,19221,1,,BARISAL/Barisal,1,0.9749
Boro,BD10060062,16627.6,8981.4,0.0,0.0,0.0,25609,1,,BARISAL/Mehendiganj,1,0.9299
Boro,BD10060069,9113.3,9661.2,10.5,0.0,0.0,18785,1,,BARISAL/Muladi,1,0.8969
Boro,BD10060094,10565.7,8966.3,0.0,0.0,0.0,19532,1,,BARISAL/Ujirpur,1,0.9082
Boro,BD10090018,13376.4,9868.7,14.7,213.3,0.0,23473,1,,BHOLA/Bhola,1,0.9083
Boro,BD10090021,6416.9,2951.8,7241.0,2026.4,0.0,18636,2,,BHOLA/Burhanuddin,1,0.6871
Boro,BD10090025,3480.3,386.7,25663.1,1467.7,13684.1,44682,4,,BHOLA/Char Fasson,1,0.3786
Boro,BD10090029,4442.2,3773.4,0.0,186.4,0.0,8402,1,,BHOLA/Daulatkhan,1,0.8924
Boro,BD10090054,15392.3,1132.1,1645.4,7.0,3382.2,21559,1,,BHOLA/Lalmohan,1,0.7942
Boro,BD10090065,0.0,135.5,0.0,11705.2,3557.3,15398,4,,BHOLA/Monpura,1,0.1591
Boro,BD10090091,8559.2,868.7,0.0,0.0,757.1,10185,1,,BHOLA/Tajumuddin,1,0.9086
Boro,BD10420040,14338.8,1398.2,0.0,0.0,0.0,15737,1,,JHALAKATI/Jhalakati,1,0.9822
Boro,BD10420043,11940.0,0.0,0.0,0.0,0.0,11940,1,,JHALAKATI/Kathalia,1,1.0
Boro,BD10420073,15257.0,0.0,0.0,0.0,0.0,15257,1,,JHALAKATI/Nalchiti,1,1.0
Boro,BD10420084,12438.0,0.0,0.0,0.0,0.0,12438,1,,JHALAKATI/Rajapur,1,1.0
Boro,BD10780038,34611.1,1461.9,0.0,0.0,0.0,36073,1,,PATUAKHALI/Bauphal,1,0.9919
Boro,BD10780052,13288.6,2907.4,581.5,0.0,85.5,16863,1,,PATUAKHALI/Dashmina,1,0.9432
Boro,BD10780057,25654.8,5409.9,2059.1,7309.9,19318.3,59752,4,,PATUAKHALI/Galachipa,1,0.5435
Boro,BD10780066,0.0,0.0,15253.8,13959.6,6052.6,35266,4,,PATUAKHALI/Kalapara,1,0.2954
Boro,BD10780076,9554.0,2445.0,0.0,0.0,0.0,11999,1,,PATUAKHALI/Mirzaganj,1,0.9592
Boro,BD10780095,22626.7,7583.3,0.0,0.0,0.0,30210,1,,PATUAKHALI/Patuakhali,1,0.9498
Boro,BD10790014,9193.5,1221.5,0.0,0.0,0.0,10415,1,,PIROJPUR/Bhandaria,1,0.9765
Boro,BD10790047,4816.0,0.0,0.0,0.0,0.0,4816,1,,PIROJPUR/Kawkhali,1,1.0
Boro,BD10790058,2990.2,19896.8,0.0,0.0,0.0,22887,1,,PIROJPUR/Mathbaria,1,0.8261
Boro,BD10790076,8543.5,6783.9,120.1,0.0,1222.5,16670,1,,PIROJPUR/Nazirpur,1,0.8417
Boro,BD10790080,12879.6,7147.3,272.1,0.0,0.0,20299,1,,PIROJPUR/Pirojpur,1,0.9229
Boro,BD10790087,10827.1,727.9,0.0,0.0,0.0,11555,1,,PIROJPUR/Sarupkati,1,0.9874
Boro,BD20030004,0.0,83.1,0.0,203.9,23177.0,23464,4,,BANDARBAN/Alikadam,1,0.0046
Boro,BD20030014,0.0,101.8,0.0,0.0,15244.2,15346,4,,BANDARBAN/Bandarban,1,0.0053
Boro,BD20030051,0.0,170.9,172.7,199.4,15920.9,16464,4,,BANDARBAN/Lama,1,0.016
Boro,BD20030073,4.8,144.2,0.0,0.0,8102.0,8251,4,,BANDARBAN/Naikhongchhari,1,0.0146
Boro,BD20030089,0.0,8.1,32.3,0.0,10233.7,10274,4,,BANDARBAN/Rowangchhari,1,0.0022
Boro,BD20030091,0.0,0.0,0.0,0.0,7396.0,7396,4,,BANDARBAN/Ruma,1,0.0
Boro,BD20030095,0.0,0.0,71.4,0.0,5526.6,5598,4,,BANDARBAN/Thanchi,1,0.0064
Boro,BD20120002,4316.5,3311.4,1132.0,0.0,0.0,8760,1,,BRAHMANBARIA/Akhaura,1,0.8598
Boro,BD20120004,4968.4,7494.2,15.1,423.5,1663.7,14565,1,,BRAHMANBARIA/Banchharampur,1,0.7591
Boro,BD20120013,18965.9,21081.8,2743.7,0.0,294.5,43086,1,,BRAHMANBARIA/Brahmanbaria,1,0.8635
Boro,BD20120063,13681.5,2626.1,407.5,0.0,799.9,17515,1,,BRAHMANBARIA/Kasba,1,0.9127
Boro,BD20120085,19626.8,8278.8,0.0,201.9,1001.5,29109,1,,BRAHMANBARIA/Nabinagar,1,0.9032
Boro,BD20120090,15335.2,10446.5,0.0,0.0,39.4,25821,1,,BRAHMANBARIA/Nasirnagar,1,0.9176
Boro,BD20120094,5702.3,12538.1,0.0,0.0,263.6,18504,1,,BRAHMANBARIA/Sarail,1,0.8502
Boro,BD20130022,10981.9,1295.8,0.0,223.2,0.0,12501,1,,CHANDPUR/Chandpur,1,0.965
Boro,BD20130045,12617.1,0.0,0.0,3025.9,0.0,15643,1,,CHANDPUR/Faridganj,1,0.8453
Boro,BD20130047,4235.8,1721.2,0.0,641.0,0.0,6598,1,,CHANDPUR/Haimchar,1,0.8701
Boro,BD20130049,13343.0,0.0,0.0,129.0,0.0,13472,1,,CHANDPUR/Hajiganj,1,0.9923
Boro,BD20130058,17274.4,0.0,0.0,518.6,0.0,17793,1,,CHANDPUR/Kachua,1,0.9767
Boro,BD20130076,25487.0,1127.0,0.0,0.0,0.0,26614,1,Matlab,CHANDPUR/Matlab,1,0.9915
Boro,BD20130079,25487.0,1127.0,0.0,0.0,0.0,26614,1,Matlab,CHANDPUR/Matlab,1,0.9915
Boro,BD20130095,11477.6,0.0,0.0,339.4,0.0,11817,1,,CHANDPUR/Shahrasti,1,0.977
Boro,BD20150004,6217.4,2709.8,0.0,0.0,533.8,9461,1,,CHITTAGONG/Anwara,1,0.8863
Boro,BD20150008,10732.2,4483.1,747.2,197.0,9869.6,26029,3,,CHITTAGONG/Banskhali,1,0.566
Boro,BD20150012,4444.9,2369.3,0.0,0.0,178.8,6993,1,,CHITTAGONG/Boalkhali,1,0.9067
Boro,BD20150018,1610.1,2930.3,725.1,0.0,6100.5,11366,4,,CHITTAGONG/Chandanais,1,0.3798
Boro,BD20150033,3486.2,4539.6,0.0,234.4,15387.8,23648,4,,CHITTAGONG/Fatikchhari,1,0.303
Boro,BD20150037,3831.2,3951.9,0.0,0.0,4733.9,12517,3,,CHITTAGONG/Hathazari,1,0.5587
Boro,BD20150047,638.9,91.3,0.0,0.0,11778.9,12509,4,,CHITTAGONG/Lohagora,1,0.0569
Boro,BD20150053,9590.4,4431.2,828.2,0.0,7860.1,22710,3,,CHITTAGONG/Mirsharai,1,0.5966
Boro,BD20150061,5751.9,2101.6,0.0,0.0,4135.5,11989,3,,CHITTAGONG/Patia,1,0.62
Boro,BD20150070,4105.4,5076.0,0.0,16.7,10352.8,19551,4,,CHITTAGONG/Rangunia,1,0.4179
Boro,BD20150074,6258.7,4646.6,0.0,0.0,2978.7,13884,1,,CHITTAGONG/Rauzan,1,0.7185
Boro,BD20150078,3288.8,8954.4,8799.2,5355.2,989.5,27387,2,,CHITTAGONG/Sandwip,1,0.5814
Boro,BD20150082,5726.0,2611.2,1389.5,0.0,6710.3,16437,4,,CHITTAGONG/Satkania,1,0.5177
Boro,BD20150086,2520.9,2238.6,806.7,0.0,3710.8,9277,4,,CHITTAGONG/Sitakunda,1,0.5083
Boro,BD20151600,0.0,0.0,0.0,0.0,0.0,0,4,,CHITTAGONG/Patenga; CHITTAGONG/Double Mooring; CHITTAGONG/Panchlais,3,
Boro,BD20190009,14158.1,4325.7,0.0,0.0,47.2,18531,1,,COMILLA/Barura,1,0.9508
Boro,BD20190015,6620.6,3886.4,0.0,0.0,0.0,10507,1,,COMILLA/Brahmanpara,1,0.926
Boro,BD20190018,12020.6,379.4,0.0,0.0,400.9,12801,1,,COMILLA/Burichang,1,0.9628
Boro,BD20190027,15411.3,180.7,0.0,0.0,0.0,15592,1,,COMILLA/Chandina,1,0.9977
Boro,BD20190031,20479.6,902.5,0.0,0.0,540.0,21922,1,,COMILLA/Chauddagram,1,0.9671
Boro,BD20190036,33137.7,2817.9,0.0,0.0,3686.5,39642,1,,COMILLA/Daudkandi,1,0.8928
Boro,BD20190040,14748.0,4015.0,0.0,0.0,0.0,18763,1,,COMILLA/Debiduar,1,0.9572
Boro,BD20190054,8382.1,291.3,1881.2,166.5,3029.9,13751,2,,COMILLA/Homna,1,0.6973
Boro,BD20190067,17306.0,1014.4,0.0,0.0,2251.6,20572,1,,COMILLA/Comilla,1,0.8807
Boro,BD20190072,33392.1,6.9,0.0,0.0,0.0,33399,1,,COMILLA/Laksham,1,1.0
Boro,BD20190081,28046.2,941.1,0.0,52.3,22.4,29062,1,,COMILLA/Muradnagar,1,0.9913
Boro,BD20190087,19270.0,0.0,0.0,0.0,0.0,19270,1,,COMILLA/Nangalkot,1,1.0
Boro,BD20220016,7786.7,4071.7,5111.9,3685.3,16720.5,37376,4,,COX'S BAZAR/Chakaria,1,0.3836
Boro,BD20220024,4199.2,1547.1,315.7,2533.7,7672.2,16268,4,,COX'S BAZAR/Cox's Bazar,1,0.3751
Boro,BD20220045,950.8,116.4,4647.2,679.1,116.4,6510,2,,COX'S BAZAR/Kutubdia,1,0.5382
Boro,BD20220049,297.4,712.7,1863.2,3019.2,10230.5,16123,4,,COX'S BAZAR/Moheshkhali,1,0.149
Boro,BD20220066,1548.5,1675.1,412.4,0.0,11418.0,15054,4,,COX'S BAZAR/Ramu,1,0.2056
Boro,BD20220090,121.9,1662.0,0.0,377.9,10898.2,13060,4,,COX'S BAZAR/Teknaf,1,0.1169
Boro,BD20220094,695.9,93.2,0.0,0.0,7465.9,8255,4,,COX'S BAZAR/Ukhia,1,0.0933
Boro,BD20300014,6601.0,3912.0,81.0,0.0,0.0,10594,1,,FENI/Chhagalnaiya,1,0.9223
Boro,BD20300025,11321.5,643.4,0.0,400.1,0.0,12365,1,,FENI/Daganbhuiya,1,0.9637
Boro,BD20300029,11952.2,3074.9,0.0,288.5,275.4,15591,1,,FENI/Feni,1,0.9281
Boro,BD20300051,7151.8,6306.9,422.5,0.0,3047.8,16929,1,,FENI/Parshuram,1,0.733
Boro,BD20300094,15685.3,740.8,276.6,217.3,0.0,16920,1,,FENI/Sonagazi,1,0.9728
Boro,BD20460043,0.0,812.2,0.0,280.3,14493.5,15586,4,,KHAGRACHHARI/Dighinala,1,0.0453
Boro,BD20460049,0.0,590.7,0.0,190.4,7788.9,8570,4,,KHAGRACHHARI/Khagrachhari,1,0.0596
Boro,BD20460061,0.0,193.4,0.0,0.0,4406.6,4600,4,,KHAGRACHHARI/Laksmichhari,1,0.0336
Boro,BD20460065,0.0,417.5,0.0,132.4,7942.2,8492,4,,KHAGRACHHARI/Mohalchhari,1,0.0424
Boro,BD20460067,0.0,547.4,0.0,0.0,6312.6,6860,4,,KHAGRACHHARI/Manikchhari,1,0.0638
Boro,BD20460070,0.0,325.5,108.5,116.9,18104.1,18655,4,,KHAGRACHHARI/Matiranga,1,0.0181
Boro,BD20460077,0.0,466.0,0.0,144.5,9269.5,9880,4,,KHAGRACHHARI/Panchhari,1,0.0407
Boro,BD20460080,0.0,104.8,11.6,29.1,9586.5,9732,4,,KHAGRACHHARI/Ramgarh,1,0.0098
Boro,BD20510043,22718.3,7198.5,0.0,3008.2,0.0,32925,1,,LAKSHMIPUR/Laksmipur,1,0.8832
Boro,BD20510058,7718.8,893.3,0.0,1946.9,0.0,10559,1,,LAKSHMIPUR/Raipur,1,0.8356
Boro,BD20510065,9244.5,0.0,0.0,3231.5,0.0,12476,1,,LAKSHMIPUR/Ramganj,1,0.7928
Boro,BD20510073,2085.2,1697.9,10604.7,22214.7,74.5,36677,4,,LAKSHMIPUR/Ramgati,1,0.3596
Boro,BD20750007,27716.7,2830.2,0.0,39.0,0.0,30586,1,,NOAKHALI/Begumganj,1,0.9805
Boro,BD20750010,8543.6,0.0,0.0,448.4,0.0,8992,1,,NOAKHALI/Chatkhil,1,0.9601
Boro,BD20750021,5629.2,8279.0,4600.9,4231.8,4548.2,27289,3,,NOAKHALI/Companiganj,1,0.5643
Boro,BD20750036,5969.4,7688.8,1096.6,14436.8,7085.4,36277,4,,NOAKHALI/Hatiya,1,0.4288
Boro,BD20750080,10770.9,539.6,0.0,1051.5,0.0,12362,1,,NOAKHALI/Senbag,1,0.9232
Boro,BD20750087,11621.2,24650.9,7254.4,8177.1,16234.4,67938,4,,NOAKHALI/Noakhali,1,0.5388
Boro,BD20840007,0.0,371.3,0.0,106.1,16647.6,17125,4,,RANGAMATI/Baghaichhari,1,0.0186
Boro,BD20840021,0.0,108.3,0.0,0.0,10204.7,10313,4,,RANGAMATI/Barkal,1,0.0084
Boro,BD20840025,0.0,131.5,0.0,0.0,12689.5,12821,4,,RANGAMATI/Kawkhali (Betbunia),1,0.0082
Boro,BD20840029,0.0,74.1,0.0,0.0,5662.9,5737,4,,RANGAMATI/Belaichhari,1,0.0103
Boro,BD20840036,5.5,121.6,0.0,0.0,5961.9,6089,4,,RANGAMATI/Kaptai,1,0.0169
Boro,BD20840047,0.0,82.6,0.0,28.5,11958.9,12070,4,,RANGAMATI/Juraichhari,1,0.0059
Boro,BD20840058,0.0,537.4,0.0,0.0,13088.6,13626,4,,RANGAMATI/Langadu,1,0.0316
Boro,BD20840075,0.0,382.9,0.0,0.0,10050.1,10433,4,,RANGAMATI/Nannerchar,1,0.0294
Boro,BD20840078,3.7,27.0,0.0,0.0,3589.3,3620,4,,RANGAMATI/Rajasthali,1,0.007
Boro,BD20840087,0.0,185.8,0.0,0.0,8360.2,8546,4,,RANGAMATI/Rangamati,1,0.0174
Boro,BD30260014,11299.0,14995.8,64.2,0.0,24.1,26383,1,,DHAKA/Dhamrai,1,0.8842
Boro,BD30260018,4296.5,4414.4,0.0,0.0,157.1,8868,1,,DHAKA/Dohar,1,0.8827
Boro,BD30260038,8907.5,4114.1,198.5,0.0,0.0,13220,1,,DHAKA/Keraniganj,1,0.9303
Boro,BD30260062,16453.5,2865.5,198.9,0.0,0.0,19518,1,,DHAKA/Nawabganj,1,0.9655
Boro,BD30260072,6575.3,5963.6,2813.6,0.0,8055.5,23408,4,,DHAKA/Savar,1,0.5448
Boro,BD30262000,0.0,0.0,0.0,0.0,0.0,0,4,Dhaka Metro,DHAKA/Dhaka Metro,1,
Boro,BD30262500,0.0,0.0,0.0,0.0,0.0,0,4,Dhaka Metro,DHAKA/Dhaka Metro,1,
Boro,BD30290003,7620.2,2536.7,384.0,0.0,0.0,10541,1,,FARIDPUR/Alfadanga,1,0.9337
Boro,BD30290010,14850.8,2179.2,121.9,0.0,0.0,17152,1,,FARIDPUR/Bhanga,1,0.971
Boro,BD30290018,17873.0,4629.9,284.1,0.0,0.0,22787,1,,FARIDPUR/Boalmari,1,0.9531
Boro,BD30290021,7070.8,401.8,486.4,0.0,0.0,7959,1,,FARIDPUR/Char Bhadrasan,1,0.9593
Boro,BD30290047,21121.9,6736.2,3275.9,0.0,0.0,31134,1,,FARIDPUR/Faridpur,1,0.9041
Boro,BD30290056,15268.9,2507.4,7.7,0.0,0.0,17784,1,,FARIDPUR/Madhukhali,1,0.9716
Boro,BD30290062,28411.9,3955.7,7.4,0.0,0.0,32375,1,,FARIDPUR/Nagarkanda,1,0.9754
Boro,BD30290084,17153.5,2828.3,1276.6,0.0,30.6,21289,1,,FARIDPUR/Sadarpur,1,0.942
Boro,BD30330030,9530.0,7820.0,5630.0,0.0,14060.0,37040,4,,GAZIPUR/Gazipur,1,0.5022
Boro,BD30330032,8175.9,7029.0,4219.0,0.0,8061.2,27485,4,,GAZIPUR/Kaliakoir,1,0.5788
Boro,BD30330034,11849.3,1936.7,186.9,0.0,4765.2,18738,1,,GAZIPUR/Kaliganj,1,0.72
Boro,BD30330036,10487.7,4461.0,4281.5,0.0,12224.8,31455,4,,GAZIPUR/Kapasia,1,0.5149
Boro,BD30330086,6147.1,13564.3,4910.9,0.0,19025.6,43648,4,,GAZIPUR/Sripur,1,0.4457
Boro,BD30350032,17327.6,14653.8,582.6,0.0,0.0,32564,1,,GOPALGANJ/Gopalganj,1,0.9011
Boro,BD30350043,12366.5,10422.5,127.7,0.0,28.4,22945,1,,GOPALGANJ/Kasiani,1,0.9051
Boro,BD30350051,4663.9,27798.1,0.0,0.0,0.0,32462,1,,GOPALGANJ/Kotalipara,1,0.8287
Boro,BD30350058,12573.8,11778.2,0.0,0.0,0.0,24352,1,,GOPALGANJ/Muksudpur,1,0.9033
Boro,BD30350091,6120.5,4613.1,109.4,0.0,0.0,10843,1,,GOPALGANJ/Tungipara,1,0.9099
Boro,BD30480002,18.1,25485.9,0.0,0.0,0.0,25504,1,,KISHOREGANJ/Ashtagram,1,0.8001
Boro,BD30480006,8888.8,5760.2,0.0,0.0,0.0,14649,1,,KISHOREGANJ/Bajitpur,1,0.9214
Boro,BD30480011,7037.1,270.9,0.0,0.0,0.0,7308,1,,KISHOREGANJ/Bhairab,1,0.9926
Boro,BD30480027,4955.3,3957.0,0.0,0.0,344.7,9257,1,,KISHOREGANJ/Hossainpur,1,0.8773
Boro,BD30480033,1897.2,35389.8,0.0,0.0,0.0,37287,1,,KISHOREGANJ/Itna,1,0.8102
Boro,BD30480042,9730.4,6504.6,0.0,0.0,0.0,16235,1,,KISHOREGANJ/Karimganj,1,0.9199
Boro,BD30480045,13152.3,3933.5,0.0,243.2,0.0,17329,1,,KISHOREGANJ/Katiadi,1,0.9434
Boro,BD30480049,9792.7,2744.3,0.0,0.0,0.0,12537,1,,KISHOREGANJ/Kishoreganj,1,0.9562
Boro,BD30480054,5885.6,1863.0,0.0,319.4,0.0,8068,1,,KISHOREGANJ/Kuliarchar,1,0.9221
Boro,BD30480059,1015.6,18063.4,0.0,0.0,0.0,19079,1,,KISHOREGANJ/Mithamoin,1,0.8106
Boro,BD30480076,4650.7,11894.3,0.0,0.0,0.0,16545,1,,KISHOREGANJ/Nikli,1,0.8562
Boro,BD30480079,8179.0,5851.0,0.0,0.0,914.0,14944,1,,KISHOREGANJ/Pakundia,1,0.8605
Boro,BD30480092,9458.6,2921.4,0.0,0.0,0.0,12380,1,,KISHOREGANJ/Tarail,1,0.9528
Boro,BD30540040,17497.9,4361.9,510.2,0.0,0.0,22370,1,,MADARIPUR/Kalkini,1,0.9496
Boro,BD30540054,17069.2,4412.4,1138.4,0.0,0.0,22620,1,,MADARIPUR/Madaripur,1,0.9358
Boro,BD30540080,11936.4,7887.6,0.0,0.0,0.0,19824,1,,MADARIPUR/Rajoir,1,0.9204
Boro,BD30540087,16145.6,5423.8,695.6,0.0,0.0,22265,1,,MADARIPUR/Sibchar,1,0.9357
Boro,BD30560010,8623.1,8128.1,694.7,0.0,26.1,17472,1,,MANIKGANJ/Daulatpur,1,0.8856
Boro,BD30560022,8629.7,2905.5,57.8,0.0,0.0,11593,1,,MANIKGANJ/Ghior,1,0.9474
Boro,BD30560028,10671.7,2055.3,75.0,0.0,45.0,12847,1,,MANIKGANJ/Harirampur,1,0.9616
Boro,BD30560046,8241.6,9455.8,199.6,0.0,0.0,17897,1,,MANIKGANJ/Manikganj,1,0.8888
Boro,BD30560070,3554.5,6555.0,1417.5,0.0,0.0,11527,1,,MANIKGANJ/Saturia,1,0.8248
Boro,BD30560078,10620.2,1892.9,597.8,0.0,53.1,13164,1,,MANIKGANJ/Sibalay,1,0.9445
Boro,BD30560082,8359.6,9005.4,0.0,0.0,0.0,17365,1,,MANIKGANJ/Singair,1,0.8963
Boro,BD30590024,9005.9,210.6,0.0,0.0,40.5,9257,1,,MUNSHIGANJ/Gozaria,1,0.9911
Boro,BD30590044,6676.6,750.5,0.0,0.0,11.9,7439,1,,MUNSHIGANJ/Lohajang,1,0.9782
Boro,BD30590056,3668.7,4578.2,1922.8,0.0,18.3,10188,1,,MUNSHIGANJ/Munshiganj,1,0.814
Boro,BD30590074,11316.7,1967.4,1859.9,0.0,0.0,15144,1,,MUNSHIGANJ/Serajdikhan,1,0.9126
Boro,BD30590084,13974.9,791.8,121.3,0.0,0.0,14888,1,,MUNSHIGANJ/Srinagar,1,0.9853
Boro,BD30590094,6833.9,670.9,670.9,0.0,69.2,8245,1,,MUNSHIGANJ/Tongibari,1,0.9346
Boro,BD30670002,11540.2,1286.0,0.0,0.0,6.8,12833,1,,NARAYANGANJ/Araihazar,1,0.9794
Boro,BD30670004,10556.1,1566.9,659.8,0.0,841.2,13624,1,,NARAYANGANJ/Sonargaon,1,0.891
Boro,BD30670006,0.0,0.0,0.0,0.0,0.0,0,4,,NARAYANGANJ/Bandar,1,
Boro,BD30670058,0.0,0.0,0.0,0.0,0.0,0,4,,NARAYANGANJ/Narayanganj,1,
Boro,BD30670068,10713.9,898.5,0.0,339.0,3243.6,15195,1,,NARAYANGANJ/Rupganj,1,0.7569
Boro,BD30680007,4189.8,2510.9,1553.7,0.0,964.6,9219,2,,NARSINGDI/Belabo,1,0.7566
Boro,BD30680052,9733.8,4314.1,43.1,0.0,1048.0,15139,1,,NARSINGDI/Manohardi,1,0.8724
Boro,BD30680060,12320.9,3831.5,0.0,0.0,542.6,16695,1,,NARSINGDI/Narsingdi,1,0.9216
Boro,BD30680063,3034.2,1536.8,0.0,0.0,1852.0,6423,3,,NARSINGDI/Palas,1,0.6638
Boro,BD30680064,17899.5,5522.3,408.2,0.0,0.0,23830,1,,NARSINGDI/Raipura,1,0.9451
Boro,BD30680076,9430.2,3922.7,2606.4,294.7,0.0,16254,1,,NARSINGDI/Sibpur,1,0.8571
Boro,BD30820007,13789.8,4798.2,0.0,0.0,0.0,18588,1,,RAJBARI/Baliakandi,1,0.9484
Boro,BD30820029,1927.6,3176.9,5095.5,0.0,0.0,10200,2,,RAJBARI/Goalanda,1,0.6879
Boro,BD30820073,17083.4,15402.5,771.9,7.2,0.0,33265,1,,RAJBARI/Pangsha,1,0.8956
Boro,BD30820076,9381.2,11771.6,1097.2,0.0,0.0,22250,1,,RAJBARI/Rajbari,1,0.8695
Boro,BD30860014,14991.5,2246.5,0.0,0.0,0.0,17238,1,,SHARIATPUR/Bhedarganj,1,0.9739
Boro,BD30860025,6134.6,1277.4,0.0,0.0,0.0,7412,1,,SHARIATPUR/Damudya,1,0.9655
Boro,BD30860036,11131.5,2380.7,10.7,0.0,0.0,13523,1,,SHARIATPUR/Goshairhat,1,0.9644
Boro,BD30860065,11770.2,3708.8,0.0,0.0,0.0,15479,1,,SHARIATPUR/Naria,1,0.9521
Boro,BD30860069,8500.5,2691.8,5.7,0.0,0.0,11198,1,,SHARIATPUR/Palong (Sadar),1,0.9517
Boro,BD30860094,6404.9,10278.0,337.1,0.0,0.0,17020,1,,SHARIATPUR/Janjira,1,0.8693
Boro,BD30930009,13007.5,89.5,0.0,0.0,0.0,13097,1,,TANGAIL/Basail,1,0.9986
Boro,BD30930019,12938.5,1870.0,2042.6,0.0,75.9,16927,1,,TANGAIL/Bhuapur,1,0.9131
Boro,BD30930023,13334.5,673.2,7.2,0.0,0.0,14015,1,,TANGAIL/Delduar,1,0.9901
Boro,BD30930028,19024.4,12224.2,0.0,0.0,9691.4,40940,3,,TANGAIL/Ghatail,1,0.7036
Boro,BD30930038,12846.7,3993.1,227.2,0.0,0.0,17067,1,,TANGAIL/Gopalpur,1,0.9466
Boro,BD30930047,20848.4,1604.3,206.6,0.0,130.8,22790,1,,TANGAIL/Kalihati,1,0.9756
Boro,BD30930057,14037.4,21874.1,0.0,0.0,6865.5,42777,1,,TANGAIL/Madhupur,1,0.7372
Boro,BD30930066,15364.9,11301.4,0.0,620.0,3129.7,30416,1,,TANGAIL/Mirzapur,1,0.8065
Boro,BD30930076,14960.1,4150.9,177.1,0.0,170.0,19458,1,,TANGAIL/Nagarpur,1,0.944
Boro,BD30930085,8420.1,24114.8,0.0,2090.4,6304.6,40930,1,,TANGAIL/Shakhipur,1,0.6873
Boro,BD30930095,21033.8,1744.3,27.3,0.0,231.7,23037,1,,TANGAIL/Tangail,1,0.9742
Boro,BD40010008,0.0,10040.8,4449.2,511.1,2417.0,17418,2,,BAGERHAT/Bagerhat,1,0.5948
Boro,BD40010014,8267.0,4017.1,2027.9,0.0,0.0,14312,1,,BAGERHAT/Chitalmari,1,0.873
Boro,BD40010034,11.1,4172.8,817.9,3427.3,1646.9,10076,4,,BAGERHAT/Fakirhat,1,0.441
Boro,BD40010038,0.0,7430.7,235.8,0.0,864.5,8531,1,,BAGERHAT/Kachua,1,0.7106
Boro,BD40010056,8621.5,6239.5,505.9,512.9,49.2,15929,1,,BAGERHAT/Mollahat,1,0.8769
Boro,BD40010058,0.0,0.0,1357.7,9658.7,3406.6,14423,4,,BAGERHAT/Mongla,1,0.181
Boro,BD40010060,7020.3,4782.5,16088.1,5272.5,14.6,33178,2,,BAGERHAT/Morelganj,1,0.6011
Boro,BD40010073,0.0,6338.7,6518.3,10672.3,912.7,24442,4,,BAGERHAT/Rampal,1,0.4281
Boro,BD40010077,2367.0,57.7,5751.6,0.0,1789.7,9966,2,,BAGERHAT/Sarankhola,1,0.5307
Boro,BD40180007,10993.0,16635.0,0.0,0.0,0.0,27628,1,,CHUADANGA/Alamdanga,1,0.8796
Boro,BD40180023,9176.8,13951.2,0.0,0.0,0.0,23128,1,,CHUADANGA/Chuadanga,1,0.8794
Boro,BD40180031,10997.5,14986.5,0.0,0.0,0.0,25984,1,,CHUADANGA/Damurhuda,1,0.8846
Boro,BD40180055,4449.3,11449.7,0.0,0.0,0.0,15899,1,,CHUADANGA/Jibannagar,1,0.856
Boro,BD40410004,6905.5,6826.6,2637.3,138.1,256.5,16764,1,,JESSORE/Abhoynagar,1,0.818
Boro,BD40410009,8718.8,10155.2,0.0,0.0,0.0,18874,1,,JESSORE/Bagherpara,1,0.8924
Boro,BD40410011,10397.0,11900.9,0.0,0.0,286.1,22584,1,,JESSORE/Chaugachha,1,0.8819
Boro,BD40410023,8554.2,15668.4,0.0,0.0,158.4,24381,1,,JESSORE/Jhikorgachha,1,0.865
Boro,BD40410038,10031.7,7124.2,885.7,757.4,0.0,18799,1,,JESSORE/Keshabpur,1,0.8684
Boro,BD40410047,10918.4,20355.5,0.0,0.0,288.0,31562,1,,JESSORE/Jessore,1,0.8619
Boro,BD40410061,10668.0,21059.7,121.3,6.7,640.2,32496,1,,JESSORE/Manirampur,1,0.8487
Boro,BD40410090,11156.3,16328.3,0.0,0.0,414.4,27899,1,,JESSORE/Sarsa,1,0.8681
Boro,BD40440014,4508.6,13381.4,0.0,0.0,0.0,17890,1,,JHENAIDAH/Harinakundu,1,0.8504
Boro,BD40440019,15926.4,20129.6,0.0,0.0,0.0,36056,1,,JHENAIDAH/Jhenaidah,1,0.8883
Boro,BD40440033,9952.7,15505.3,0.0,0.0,0.0,25458,1,,JHENAIDAH/Kaliganj,1,0.8782
Boro,BD40440042,4631.4,7259.6,0.0,0.0,0.0,11891,1,,JHENAIDAH/Kotchandpur,1,0.8779
Boro,BD40440071,9573.8,24360.2,0.0,0.0,0.0,33934,1,,JHENAIDAH/Maheshpur,1,0.8564
Boro,BD40440080,11052.9,19012.1,0.0,0.0,0.0,30065,1,,JHENAIDAH/Sailkupa,1,0.8735
Boro,BD40470012,540.6,11122.6,2169.7,3998.8,59.2,17891,3,,KHULNA/Batiaghata,1,0.6329
Boro,BD40470017,0.0,1116.2,0.0,628.9,20799.9,22545,4,,KHULNA/Dacope,1,0.0452
Boro,BD40470030,8788.7,10126.8,5871.3,7304.4,4474.8,36566,4,,KHULNA/Dumuria,1,0.5821
Boro,BD40470040,1797.8,1134.1,92.4,1377.7,0.0,4402,3,,KHULNA/Dighalia (Daulathpur),1,0.6876
Boro,BD40470053,0.0,74.3,0.0,4113.4,16957.3,21145,4,,KHULNA/Koyra,1,0.0417
Boro,BD40470064,3245.2,3010.4,33.5,5400.2,20418.6,32108,4,,KHULNA/Paikgachha,1,0.2102
Boro,BD40470069,1629.1,1182.3,34.4,1849.1,103.1,4798,3,,KHULNA/Phultala,1,0.6173
Boro,BD40470075,1885.2,2453.3,405.8,199.8,486.9,5431,1,,KHULNA/Rupsha,1,0.7532
Boro,BD40470094,4908.8,8234.6,2617.6,34.7,201.4,15997,1,,KHULNA/Terakhada,1,0.8009
Boro,BD40473300,2080.0,40.0,0.0,0.0,0.0,2120,1,,KHULNA/Khulna Metro,1,0.9962
Boro,BD40500015,3683.3,6009.9,0.0,340.8,0.0,10034,1,,KUSHTIA/Bheramara,1,0.853
Boro,BD40500039,9603.5,20200.5,0.0,1973.1,75.9,31853,1,,KUSHTIA/Daulatpur,1,0.8212
Boro,BD40500063,5945.8,1580.2,0.0,0.0,0.0,7526,1,,KUSHTIA/Khoksha,1,0.958
Boro,BD40500071,7784.9,7758.3,0.0,955.8,0.0,16499,1,,KUSHTIA/Kumarkhali,1,0.8596
Boro,BD40500079,16700.4,6342.5,0.0,250.1,0.0,23293,1,,KUSHTIA/Kushtia,1,0.937
Boro,BD40500094,11639.4,14347.4,0.0,198.1,0.0,26185,1,,KUSHTIA/Mirpur,1,0.8844
Boro,BD40550057,22530.2,9961.8,0.0,0.0,0.0,32492,1,,MAGURA/Magura,1,0.9387
Boro,BD40550066,13957.7,3709.8,0.0,0.0,117.5,17785,1,,MAGURA/Mohammadpur,1,0.9517
Boro,BD40550085,11853.9,6943.1,0.0,0.0,0.0,18797,1,,MAGURA/Salikha,1,0.9261
Boro,BD40550095,7529.0,6059.0,0.0,0.0,0.0,13588,1,,MAGURA/Sripur,1,0.9108
Boro,BD40570047,9755.6,19340.4,0.0,0.0,0.0,29096,1,,MEHERPUR/Gangni,1,0.8671
Boro,BD40570087,11027.5,19455.5,0.0,0.0,0.0,30483,1,,MEHERPUR/Meherpur,1,0.8724
Boro,BD40650028,9275.2,9751.3,4665.4,15.9,1182.2,24890,2,,NARAIL/Kalia,1,0.7799
Boro,BD40650052,16842.3,5403.3,323.5,0.0,102.9,22672,1,,NARAIL/Lohagara,1,0.9407
Boro,BD40650076,18738.9,8490.1,0.0,0.0,0.0,27229,1,,NARAIL/Narail,1,0.9376
Boro,BD40870004,4820.7,7755.6,2585.2,10315.9,8442.5,33920,4,,SATKHIRA/Asasuni,1,0.424
Boro,BD40870025,213.1,844.4,4836.7,4779.4,3910.4,14584,4,,SATKHIRA/Debhata,1,0.2923
Boro,BD40870043,2775.6,14117.4,0.0,0.0,0.0,16893,1,,SATKHIRA/Kalaroa,1,0.8329
Boro,BD40870047,56.4,2907.0,7467.8,4431.0,11119.8,25982,4,,SATKHIRA/Kaliganj,1,0.2695
Boro,BD40870082,7179.6,16787.9,2357.7,738.6,14.2,27078,1,,SATKHIRA/Satkhira,1,0.8101
Boro,BD40870086,0.0,0.0,627.3,264.1,35746.6,36638,4,,SATKHIRA/Shyamnagar,1,0.01
Boro,BD40870090,6787.9,17421.6,141.9,0.0,2404.5,26756,1,,SATKHIRA/Tala,1,0.7773
Boro,BD45390007,1870.8,6050.8,52.3,7980.5,2459.6,18414,4,,JAMALPUR/Bakshiganj,1,0.4526
Boro,BD45390015,3995.2,15360.0,316.0,1433.3,1602.6,22707,1,,JAMALPUR/Dewanganj,1,0.7367
Boro,BD45390029,11550.1,12488.9,0.0,2146.9,300.1,26486,1,,JAMALPUR/Islampur,1,0.8295
Boro,BD45390036,22736.0,15715.2,0.0,1435.4,2387.4,42274,1,,JAMALPUR/Jamalpur,1,0.842
Boro,BD45390058,5196.5,14399.7,0.0,1758.4,822.3,22177,1,,JAMALPUR/Madarganj,1,0.7696
Boro,BD45390061,14029.5,6174.6,0.0,297.0,46.9,20548,1,,JAMALPUR/Melandaha,1,0.9261
Boro,BD45390085,13062.3,8463.8,0.0,0.0,31.9,21558,1,,JAMALPUR/Sarishabari,1,0.92
Boro,BD45610013,10665.1,23068.0,0.0,0.0,10280.9,44014,1,,MYMENSINGH/Bhaluka,1,0.6616
Boro,BD45610016,9584.9,13274.4,0.0,0.0,150.8,23010,1,,MYMENSINGH/Dhobaura,1,0.8781
Boro,BD45610020,18391.1,7884.1,0.0,0.0,8278.7,34554,1,,MYMENSINGH/Phulbaria,1,0.7148
Boro,BD45610022,20247.7,8876.0,0.0,0.0,2837.3,31961,1,,MYMENSINGH/Gafargaon,1,0.8557
Boro,BD45610023,8052.4,14733.0,0.0,0.0,131.5,22917,1,,MYMENSINGH/Gouripur,1,0.8657
Boro,BD45610024,7507.4,16356.5,956.9,6175.6,39.5,31036,1,,MYMENSINGH/Haluaghat,1,0.7187
Boro,BD45610031,5540.2,18090.4,0.0,0.0,576.4,24207,1,,MYMENSINGH/Ishwarganj,1,0.8267
Boro,BD45610052,12761.6,11529.3,0.0,4004.8,1956.2,30252,1,,MYMENSINGH/Mymensingh,1,0.7532
Boro,BD45610065,14242.4,8876.7,0.0,0.0,2141.9,25261,1,,MYMENSINGH/Muktagachha,1,0.8449
Boro,BD45610072,11470.9,15485.3,0.0,0.0,190.8,27147,1,,MYMENSINGH/Nandail,1,0.8789
Boro,BD45610081,12758.9,31929.3,0.0,2070.7,64.0,46823,1,,MYMENSINGH/Phulpur,1,0.8269
Boro,BD45610094,18029.5,9870.9,0.0,0.0,243.5,28144,1,,MYMENSINGH/Trisal,1,0.9212
Boro,BD45720004,12538.0,3560.0,0.0,0.0,0.0,16098,1,,NETRAKONA/Atpara,1,0.9558
Boro,BD45720009,10822.4,8546.6,0.0,0.0,0.0,19369,1,,NETRAKONA/Barhatta,1,0.9118
Boro,BD45720018,10871.8,12956.9,0.0,0.0,381.3,24210,1,,NETRAKONA/Durgapur,1,0.8772
Boro,BD45720038,91.8,20259.2,0.0,0.0,0.0,20351,1,,NETRAKONA/Khaliajuri,1,0.8009
Boro,BD45720040,6021.5,27801.3,0.0,0.0,871.2,34694,1,,NETRAKONA/Kalmakanda,1,0.8146
Boro,BD45720047,12558.5,11991.5,0.0,0.0,0.0,24550,1,,NETRAKONA/Kendua,1,0.9023
Boro,BD45720056,8164.6,11723.4,0.0,0.0,0.0,19888,1,,NETRAKONA/Madan,1,0.8821
Boro,BD45720063,7758.5,13552.5,0.0,0.0,0.0,21311,1,,NETRAKONA/Mohanganj,1,0.8728
Boro,BD45720074,14612.0,11970.0,0.0,0.0,0.0,26582,1,,NETRAKONA/Netrakona,1,0.9099
Boro,BD45720083,7083.3,17929.7,0.0,0.0,0.0,25013,1,,NETRAKONA/Purbadhala,1,0.8566
Boro,BD45890037,1691.2,438.1,6063.9,7772.6,3356.2,19322,4,,SHERPUR/Jhenaigati,1,0.343
Boro,BD45890067,10898.8,2759.4,0.0,1765.1,7.7,15431,1,,SHERPUR/Nakla,1,0.8722
Boro,BD45890070,11397.6,888.7,6324.3,10707.3,1320.1,30638,4,,SHERPUR/Nalitabari,1,0.5683
Boro,BD45890088,15689.8,2837.1,0.0,14297.1,0.0,32824,4,,SHERPUR/Sherpur,1,0.6343
Boro,BD45890090,3021.5,3904.8,4045.2,9031.5,2617.0,22620,4,,SHERPUR/Sribardi,1,0.4409
Boro,BD50100006,12099.6,2516.4,0.0,0.0,0.0,14616,1,,BOGRA/Adamdighi,1,0.9656
Boro,BD50100020,21449.6,8514.3,1667.1,0.0,1242.9,32874,1,,BOGRA/Bogra,1,0.885
Boro,BD50100027,13231.5,6884.5,0.0,0.0,0.0,20116,1,,BOGRA/Dhunot,1,0.9316
Boro,BD50100033,7258.7,1331.9,4508.1,1229.5,15.8,14344,2,,BOGRA/Dhubchachia,1,0.7546
Boro,BD50100040,15774.0,3261.0,0.0,0.0,0.0,19035,1,,BOGRA/Gabtali,1,0.9657
Boro,BD50100054,19340.5,1362.1,0.0,0.0,613.4,21316,1,,BOGRA/Kahalu,1,0.9584
Boro,BD50100067,21023.0,3225.0,0.0,0.0,0.0,24248,1,,BOGRA/Nandigram,1,0.9734
Boro,BD50100081,6043.2,13896.3,0.0,0.0,4157.5,24097,1,,BOGRA/Shariakandi,1,0.7121
Boro,BD50100088,18139.2,6711.2,0.0,529.6,0.0,25380,1,,BOGRA/Sherpur,1,0.9304
Boro,BD50100094,4462.4,5860.2,10522.3,4039.9,1605.2,26490,3,,BOGRA/Shibganj,1,0.5745
Boro,BD50100095,7242.6,3784.8,0.0,0.0,124.6,11152,1,,BOGRA/Sonatala,1,0.9209
Boro,BD50380013,64.5,2726.4,5452.7,4194.4,0.0,12438,3,,JOYPURHAT/Akkelpur,1,0.4672
Boro,BD50380047,0.0,0.0,15771.6,2934.4,2016.9,20723,2,,JOYPURHAT/Joypurhat,1,0.4089
Boro,BD50380058,0.0,0.0,12733.0,1486.5,24.5,14244,2,,JOYPURHAT/Kalai,1,0.4678
Boro,BD50380061,0.0,0.0,10930.9,2495.1,0.0,13426,2,,JOYPURHAT/Khetlal,1,0.4442
Boro,BD50380074,0.0,0.0,16499.2,1623.2,8026.6,26149,3,,JOYPURHAT/Panchbibi,1,0.3279
Boro,BD50640003,7828.2,16045.7,88.5,0.0,362.7,24325,1,,NAOGAON/Atrai,1,0.8513
Boro,BD50640006,1184.1,1127.1,5942.1,9294.7,0.0,17548,4,,NAOGAON/Badalgachhi,1,0.3941
Boro,BD50640028,0.0,0.0,2034.3,21905.2,2815.5,26755,4,,NAOGAON/Dhamoirhat,1,0.2018
Boro,BD50640047,1320.6,13559.2,17321.3,2433.9,0.0,34635,2,,NAOGAON/Manda,1,0.6154
Boro,BD50640050,1607.7,10409.7,6567.4,15731.2,426.0,34742,4,,NAOGAON/Mohadebpur,1,0.4711
Boro,BD50640060,8142.2,13210.0,1426.0,0.0,881.7,23660,1,,NAOGAON/Naogaon,1,0.8209
Boro,BD50640069,0.0,78.4,4985.4,33675.2,0.0,38739,4,,NAOGAON/Niamatpur,1,0.2398
Boro,BD50640075,0.0,0.0,255.7,28746.3,3779.0,32781,4,,NAOGAON/Patnitala,1,0.1793
Boro,BD50640079,0.0,0.0,600.4,21466.6,584.0,22651,4,,NAOGAON/Porsha,1,0.2028
Boro,BD50640085,16870.7,4756.5,7.6,0.0,340.3,21975,1,,NAOGAON/Raninagar,1,0.9411
Boro,BD50640086,0.0,0.0,883.9,16511.1,4205.0,21600,4,,NAOGAON/Shapahar,1,0.1733
Boro,BD50690009,2082.2,9388.8,0.0,0.0,0.0,11471,1,,NATOR/Bagatipara,1,0.8363
Boro,BD50690015,14708.2,10344.8,0.0,0.0,0.0,25053,1,,NATOR/Baraigram,1,0.9174
Boro,BD50690041,11646.0,4725.0,0.0,0.0,0.0,16371,1,,NATOR/Gurudashpur,1,0.9423
Boro,BD50690044,10297.7,11970.2,0.0,904.6,2829.5,26002,1,,NATOR/Lalpur,1,0.7713
Boro,BD50690063,14593.3,17339.7,0.0,0.0,0.0,31933,1,,NATOR/Nator,1,0.8914
Boro,BD50690091,24548.9,23181.1,0.0,0.0,0.0,47730,1,,NATOR/Shingra,1,0.9029
Boro,BD50700018,0.0,0.0,5312.5,3131.7,2241.9,10686,4,,NAWABGANJ/Bholahat,1,0.3072
Boro,BD50700037,0.0,0.0,4455.4,20201.2,2877.4,27534,4,,NAWABGANJ/Gomastapur,1,0.2276
Boro,BD50700056,0.0,0.0,2146.7,23762.2,222.1,26131,4,,NAWABGANJ/Nachol,1,0.2229
Boro,BD50700066,0.0,0.0,10532.5,9766.5,13263.1,33562,4,,NAWABGANJ/Nawabganj,1,0.2151
Boro,BD50700088,0.0,0.0,15168.9,15218.6,14497.5,44885,4,,NAWABGANJ/Shibganj,1,0.2368
Boro,BD50760005,7085.0,7359.4,119.6,0.0,0.0,14564,1,,PABNA/Atgharia,1,0.8948
Boro,BD50760016,9545.4,7216.5,100.6,194.1,244.4,17301,1,,PABNA/Bera,1,0.8906
Boro,BD50760019,5944.1,4519.9,0.0,0.0,0.0,10464,1,,PABNA/Bhangura,1,0.9136
Boro,BD50760022,14757.0,10833.0,0.0,0.0,0.0,25590,1,,PABNA/Chatmohar,1,0.9153
Boro,BD50760033,3414.0,8943.0,0.0,0.0,0.0,12357,1,,PABNA/Faridpur,1,0.8553
Boro,BD50760039,9576.8,9407.9,0.0,788.1,49.3,19822,1,,PABNA/Ishwardi,1,0.8708
Boro,BD50760055,18630.5,11059.3,3722.8,293.5,0.0,33706,1,,PABNA/Pabna,1,0.8722
Boro,BD50760072,10735.6,15387.1,1809.8,0.0,115.5,28048,1,,PABNA/Santhia,1,0.8539
Boro,BD50760083,12870.3,11143.2,13.8,414.5,283.2,24725,1,,PABNA/Sujanagar,1,0.8847
Boro,BD50810010,1638.8,5868.1,0.0,3178.5,2418.6,13104,3,,RAJSHAHI/Bagha,1,0.5318
Boro,BD50810012,10902.6,12245.3,4681.6,189.8,407.7,28427,1,,RAJSHAHI/Bagmara,1,0.8118
Boro,BD50810025,858.1,6783.4,399.5,4394.1,258.9,12694,3,,RAJSHAHI/Charghat,1,0.5801
Boro,BD50810031,5358.6,4522.7,4134.6,2194.2,0.0,16210,2,,RAJSHAHI/Durgapur,1,0.7084
Boro,BD50810034,0.0,1804.7,3425.5,34018.1,2978.7,42227,4,,RAJSHAHI/Godagari,1,0.2359
Boro,BD50810053,0.0,5419.9,7608.3,116.7,0.0,13145,2,,RAJSHAHI/Mohanpur,1,0.621
Boro,BD50810072,0.0,8083.0,3415.5,8201.9,39.6,19740,4,,RAJSHAHI/Paba,1,0.4972
Boro,BD50810082,7102.1,5608.1,22.5,3183.2,0.0,15916,1,,RAJSHAHI/Puthia,1,0.7688
Boro,BD50810094,0.0,1001.3,8002.4,16951.3,0.0,25955,4,,RAJSHAHI/Tanor,1,0.3156
Boro,BD50816600,0.0,0.0,0.0,0.0,0.0,0,4,,RAJSHAHI/Boalia (Rajshahi),1,
Boro,BD50880011,5810.0,3707.9,0.0,0.0,565.1,10083,1,,SIRAJGANJ/Belkuchi,1,0.8704
Boro,BD50880027,8256.6,1032.1,0.0,0.0,3798.3,13087,3,,SIRAJGANJ/Chauhali,1,0.694
Boro,BD50880044,5702.6,1817.5,161.9,0.0,0.0,7682,1,,SIRAJGANJ/Kamarkhanda,1,0.9421
Boro,BD50880050,14554.0,5373.4,0.0,0.0,1202.6,21130,1,,SIRAJGANJ/Kazipur,1,0.8922
Boro,BD50880061,10461.2,11267.8,0.0,0.0,0.0,21729,1,,SIRAJGANJ/Raiganj,1,0.8963
Boro,BD50880067,18120.3,4432.8,0.0,0.0,674.0,23227,1,,SIRAJGANJ/Shahzadpur,1,0.9328
Boro,BD50880078,15252.0,7302.1,0.0,0.0,122.0,22676,1,,SIRAJGANJ/Sirajganj,1,0.9302
Boro,BD50880089,15133.2,11672.8,0.0,0.0,0.0,26806,1,,SIRAJGANJ/Taras,1,0.9129
Boro,BD50880094,25240.7,9607.0,256.3,0.0,0.0,35104,1,,SIRAJGANJ/Ullapara,1,0.9416
Boro,BD55270010,0.0,0.0,14558.9,3157.8,1193.3,18910,2,,DINAJPUR/Birampur,1,0.4183
Boro,BD55270012,0.0,0.0,9971.4,19408.1,7314.5,36694,4,,DINAJPUR/Birganj,1,0.2417
Boro,BD55270017,0.0,0.0,12961.5,14814.3,3200.3,30976,4,,DINAJPUR/Biral,1,0.3049
Boro,BD55270021,0.0,0.0,5573.5,13906.0,371.6,19851,4,,DINAJPUR/Bochaganj,1,0.2805
Boro,BD55270030,0.0,0.0,17685.7,8423.6,1496.7,27606,3,,DINAJPUR/Chirirbandar,1,0.3814
Boro,BD55270038,0.0,0.0,12501.1,3535.5,4668.4,20705,3,,DINAJPUR/Fulbari,1,0.336
Boro,BD55270043,0.0,0.0,6867.1,3647.4,2509.6,13024,4,,DINAJPUR/Ghoraghat,1,0.3196
Boro,BD55270047,0.0,0.0,8206.2,639.9,112.0,8958,2,,DINAJPUR/Hakimpur,1,0.4723
Boro,BD55270056,0.0,0.0,6263.4,8601.7,2755.9,17621,4,,DINAJPUR/Kaharol,1,0.2754
Boro,BD55270060,0.0,0.0,1713.4,12000.8,1049.9,14764,4,,DINAJPUR/Khansama,1,0.2206
Boro,BD55270064,0.0,0.0,8264.4,15954.1,5056.5,29275,4,,DINAJPUR/Dinajpur,1,0.2501
Boro,BD55270069,0.0,0.0,15350.3,6708.5,4884.2,26943,4,,DINAJPUR/Nawabganj,1,0.3347
Boro,BD55270077,0.0,0.0,14401.6,17670.9,4310.5,36383,4,,DINAJPUR/Parbatipur,1,0.2951
Boro,BD55320021,3239.0,13823.9,223.7,26.8,5359.6,22673,1,,GAIBANDHA/Phulchhari,1,0.6358
Boro,BD55320024,2904.8,2977.4,17444.9,2348.0,1500.8,27176,2,,GAIBANDHA/Gaibandha,1,0.5328
Boro,BD55320030,5451.3,1983.6,23046.9,6443.1,1440.0,38365,2,,GAIBANDHA/Gobindaganj,1,0.5174
Boro,BD55320067,166.9,0.0,8117.5,7328.6,0.0,15613,4,,GAIBANDHA/Palashbari,1,0.3645
Boro,BD55320082,0.0,0.0,8975.8,9141.3,1985.9,20103,4,,GAIBANDHA/Sadullapur,1,0.3142
Boro,BD55320088,9156.9,8142.9,31.0,15.5,990.8,18337,1,,GAIBANDHA/Shaghata,1,0.8556
Boro,BD55320091,2119.2,3919.0,11679.0,13626.8,1301.1,32645,4,,GAIBANDHA/Sundarganj,1,0.4233
Boro,BD55490006,0.0,0.0,7201.0,9857.7,2936.3,19995,4,,KURIGRAM/Bhurungamari,1,0.2787
Boro,BD55490008,25.6,5880.1,0.0,715.8,2556.5,9178,3,,KURIGRAM/Rajibpur (Dhushmara),1,0.5309
Boro,BD55490009,1995.6,1938.9,1508.1,4240.7,759.7,10443,4,,KURIGRAM/Chilmari,1,0.4931
Boro,BD55490018,0.0,0.0,5932.6,7209.6,416.8,13559,4,,KURIGRAM/Phulbari,1,0.3251
Boro,BD55490052,0.0,0.0,5855.3,13083.4,2307.4,21246,4,,KURIGRAM/Kurigram,1,0.261
Boro,BD55490061,0.0,0.0,18156.9,14220.8,2521.3,34899,4,,KURIGRAM/Nageshwari,1,0.3416
Boro,BD55490077,0.0,0.0,4541.6,9688.4,0.0,14230,4,,KURIGRAM/Rajarhat,1,0.2957
Boro,BD55490079,0.0,2638.7,264.6,11929.2,2109.5,16942,4,,KURIGRAM/Ruhumari,1,0.2732
Boro,BD55490094,0.0,0.0,1220.3,20725.6,5020.2,26966,4,,KURIGRAM/Ulipur,1,0.1763
Boro,BD55520002,0.0,0.0,10208.0,5676.9,1277.1,17162,4,,LALMONIRHAT/Aditmari,1,0.3636
Boro,BD55520033,0.0,0.0,4936.9,8475.5,6738.6,20151,4,,LALMONIRHAT/Hatibanda,1,0.2066
Boro,BD55520039,0.0,0.0,5639.3,7516.0,8090.7,21246,4,,LALMONIRHAT/Kaliganj,1,0.2035
Boro,BD55520055,0.0,0.0,6814.4,9761.4,4661.2,21237,4,,LALMONIRHAT/Lalmonirhat,1,0.2524
Boro,BD55520070,0.0,0.0,10830.7,8972.6,2384.7,22188,4,,LALMONIRHAT/Patgram,1,0.3249
Boro,BD55730012,0.0,0.0,10111.3,13864.8,4110.9,28087,4,,NILPHAMARI/Dimla,1,0.2787
Boro,BD55730015,0.0,0.0,2541.9,13476.6,4842.5,20861,4,,NILPHAMARI/Domar,1,0.1901
Boro,BD55730036,0.0,0.0,8095.7,9829.4,7321.9,25247,4,,NILPHAMARI/Jaldhaka,1,0.2382
Boro,BD55730045,0.0,0.0,2781.6,9995.5,10933.9,23711,4,,NILPHAMARI/Kishorganj,1,0.143
Boro,BD55730064,0.0,0.0,11923.0,15640.3,5145.8,32709,4,,NILPHAMARI/Nilphamari,1,0.2779
Boro,BD55730085,0.0,0.0,4038.2,5261.1,976.7,10276,4,,NILPHAMARI/Saidpur,1,0.2989
Boro,BD55770004,0.0,0.0,4523.6,11365.2,4270.2,20159,4,,PANCHAGARH/Atwari,1,0.225
Boro,BD55770025,0.0,0.0,6614.0,17418.1,2440.9,26473,4,,PANCHAGARH/Boda,1,0.2565
Boro,BD55770034,0.0,0.0,10183.2,8542.4,5325.5,24051,4,,PANCHAGARH/Debiganj,1,0.2827
Boro,BD55770073,0.0,0.0,12768.8,10860.8,7418.4,31048,4,,PANCHAGARH/Panchagar,1,0.2756
Boro,BD55770090,0.0,0.0,5045.3,1342.3,10368.4,16756,4,,PANCHAGARH/Tetulia,1,0.1666
Boro,BD55850003,0.0,0.0,6477.2,11694.6,9118.2,27290,4,,RANGPUR/Badarganj,1,0.2044
Boro,BD55850027,0.0,0.0,4660.0,6452.3,6828.7,17941,4,,RANGPUR/Gangachara,1,0.2018
Boro,BD55850042,0.0,0.0,7840.2,4016.5,795.3,12652,3,,RANGPUR/Kaunia,1,0.3733
Boro,BD55850049,0.0,0.0,7116.6,8811.4,10836.0,26764,4,,RANGPUR/Rangpur,1,0.1988
Boro,BD55850058,0.0,0.0,16018.7,20402.5,8201.8,44623,4,,RANGPUR/Mithapukur,1,0.2709
Boro,BD55850073,0.0,0.0,3894.4,17792.0,1393.6,23080,4,,RANGPUR/Pirgachha,1,0.2385
Boro,BD55850076,0.0,0.0,13201.1,14709.3,8427.6,36338,4,,RANGPUR/Pirganj,1,0.2626
Boro,BD55850092,0.0,0.0,7452.1,1654.3,2389.6,11496,3,,RANGPUR/Taraganj,1,0.3529
Boro,BD55940008,0.0,0.0,9406.8,16158.2,0.0,25565,4,,THAKURGAON/Baliadangi,1,0.3104
Boro,BD55940051,0.0,0.0,6218.6,9686.6,2161.8,18067,4,,THAKURGAON/Haripur,1,0.2793
Boro,BD55940082,0.0,0.0,16355.7,4812.3,9482.1,30650,4,,THAKURGAON/Pirganj,1,0.2982
Boro,BD55940086,0.0,0.0,12001.5,5643.9,9706.6,27352,4,,THAKURGAON/Ranisonkail,1,0.2607
Boro,BD55940094,0.0,0.0,17195.1,30254.3,12833.6,60283,4,,THAKURGAON/Thakurgaon,1,0.243
Boro,BD60360002,70.6,15880.4,0.0,0.0,0.0,15951,1,,HABIGANJ/Ajmiriganj,1,0.8009
Boro,BD60360005,3101.9,2534.8,10087.5,6581.8,0.0,22306,3,,HABIGANJ/Bahubal,1,0.5151
Boro,BD60360011,1041.4,42213.6,0.0,0.0,0.0,43255,1,,HABIGANJ/Baniyachang,1,0.8048
Boro,BD60360026,15.4,0.0,7667.2,11013.3,9412.1,28108,4,,HABIGANJ/Chunarughat,1,0.2153
Boro,BD60360044,7865.2,10215.2,3469.0,0.0,415.6,21965,1,,HABIGANJ/Habiganj,1,0.8091
Boro,BD60360068,1245.8,15867.2,0.0,0.0,0.0,17113,1,,HABIGANJ/Lakhai,1,0.8146
Boro,BD60360071,16841.9,6141.4,178.6,357.3,1862.8,25382,1,,HABIGANJ/Madhabpur,1,0.8634
Boro,BD60360077,18580.7,17419.8,0.0,184.5,0.0,36185,1,,HABIGANJ/Nabiganj,1,0.8996
Boro,BD60580014,0.0,0.0,9462.0,18722.5,11107.5,39292,4,,MOULVI BAZAR/Barlekha,1,0.2157
Boro,BD60580056,0.0,0.0,2770.9,26116.6,1692.4,30580,4,,MOULVI BAZAR/Kamalganj,1,0.2161
Boro,BD60580065,0.0,0.0,7489.8,29720.7,6489.6,43700,4,,MOULVI BAZAR/Kulaura,1,0.2217
Boro,BD60580074,12384.2,5122.4,5604.5,4060.3,7.5,27179,2,,MOULVI BAZAR/Moulvi Bazar,1,0.7394
Boro,BD60580080,5558.0,3831.5,4794.3,3844.8,5013.5,23042,4,,MOULVI BAZAR/Rajnagar,1,0.5116
Boro,BD60580083,0.0,312.4,1481.8,28186.6,2651.2,32632,4,,MOULVI BAZAR/Srimangal,1,0.2031
Boro,BD60900018,8859.9,5430.5,1248.6,2138.0,0.0,17677,1,,SUNAMGANJ/Bishambarpur,1,0.8065
Boro,BD60900023,24692.4,9619.9,0.0,0.0,716.6,35029,1,,SUNAMGANJ/Chhatak,1,0.9246
Boro,BD60900029,7516.8,29764.2,0.0,0.0,0.0,37281,1,,SUNAMGANJ/Dirai,1,0.8403
Boro,BD60900032,5773.9,32481.2,0.0,381.1,637.9,39274,1,,SUNAMGANJ/Dharmapasha,1,0.8106
Boro,BD60900033,14767.7,13248.7,681.9,224.4,1208.3,30131,1,,SUNAMGANJ/Dwarabazar,1,0.8547
Boro,BD60900047,15829.6,16301.4,0.0,0.0,0.0,32131,1,,SUNAMGANJ/Jagannathpur,1,0.8985
Boro,BD60900050,5297.6,23247.4,0.0,0.0,0.0,28545,1,,SUNAMGANJ/Jamalganj,1,0.8371
Boro,BD60900086,1395.1,20902.9,0.0,0.0,0.0,22298,1,,SUNAMGANJ/Sulla,1,0.8125
Boro,BD60900089,24096.7,28162.3,0.0,0.0,0.0,52259,1,,SUNAMGANJ/Sunamganj,1,0.8922
Boro,BD60900092,3702.3,14055.7,1009.7,3073.1,834.1,22675,1,,SUNAMGANJ/Tahirpur,1,0.7086
Boro,BD60910008,16132.3,14494.4,50.7,297.1,43.5,31018,1,,SYLHET/Balaganj,1,0.8967
Boro,BD60910017,6.7,0.0,8779.9,9241.3,20.1,18048,4,,SYLHET/Beani Bazar,1,0.346
Boro,BD60910020,15580.2,1186.8,0.0,0.0,0.0,16767,1,,SYLHET/Bishwanath,1,0.9858
Boro,BD60910027,2930.8,21751.1,3718.1,0.0,164.0,28564,1,,SYLHET/Companiganj,1,0.7769
Boro,BD60910035,948.3,1011.0,1097.3,4302.8,1277.5,8637,4,,SYLHET/Fenchuganj,1,0.3666
Boro,BD60910038,1239.9,3315.2,5736.4,5880.1,5.3,16177,4,,SYLHET/Golapganj,1,0.4906
Boro,BD60910041,8083.7,32550.7,297.7,0.0,3639.9,44572,1,,SYLHET/Gowainghat,1,0.7689
Boro,BD60910053,3811.4,6560.8,1300.6,2914.1,2453.1,17040,3,,SYLHET/Jaintapur,1,0.6041
Boro,BD60910059,675.7,4531.4,11398.2,11875.6,1432.1,29913,4,,SYLHET/Kanaighat,1,0.4137
Boro,BD60910062,17232.0,15297.9,141.5,114.6,4003.1,36789,1,,SYLHET/Sylhet,1,0.8036
Boro,BD60910094,0.0,0.0,9201.0,10015.8,63.2,19280,4,,SYLHET/Zakiganj,1,0.3425
Chili,BD10040009,0.0,40.5,13166.7,14026.1,16936.7,44170,4,,BARGUNA/Amtali,1,0.2133
Chili,BD10040019,0.0,7186.5,15.5,0.0,0.0,7202,1,,BARGUNA/Bamna,1,0.7994
Chili,BD10040028,0.0,200.8,10891.5,10273.0,3911.6,25277,4,,BARGUNA/Borguna,1,0.3031
Chili,BD10040047,0.0,8228.9,352.0,0.0,2710.1,11291,1,,BARGUNA/Betagi,1,0.5986
Chili,BD10040085,0.0,1145.5,5911.4,10668.5,1897.6,19623,4,,BARGUNA/Patharghata,1,0.3061
Chili,BD10060002,4350.7,0.0,22.4,0.0,8499.9,12873,4,,BARISAL/Agailjhara,1,0.3388
Chili,BD10060003,7130.0,3695.0,0.0,0.0,0.0,10825,1,,BARISAL/Babuganj,1,0.9317
Chili,BD10060007,1397.5,24066.3,2953.9,0.0,3213.3,31631,1,,BARISAL/Bakerganj,1,0.6996
Chili,BD10060010,2206.9,750.2,21.9,0.0,7138.0,10117,4,,BARISAL/Banaripara,1,0.2785
Chili,BD10060032,5529.3,2748.2,98.9,0.0,2095.7,10472,1,,BARISAL/Gaurnadi,1,0.7427
Chili,BD10060036,15790.0,1723.1,553.5,0.0,1587.4,19654,1,,BARISAL/Hizla,1,0.8876
Chili,BD10060051,11763.4,7371.5,0.0,0.0,86.1,19221,1,,BARISAL/Barisal,1,0.9188
Chili,BD10060062,20315.4,4322.6,952.3,0.0,18.7,25609,1,,BARISAL/Mehendiganj,1,0.9469
Chili,BD10060069,14518.1,4130.0,63.2,0.0,73.7,18785,1,,BARISAL/Muladi,1,0.9504
Chili,BD10060094,7310.3,1075.7,0.0,0.0,11146.0,19532,4,,BARISAL/Ujirpur,1,0.4183
Chili,BD10090018,11177.6,338.3,11192.3,213.3,551.5,23473,2,,BHOLA/Bhola,1,0.7279
Chili,BD10090021,3046.3,60.8,7713.8,7673.2,141.8,18636,4,,BHOLA/Burhanuddin,1,0.4554
Chili,BD10090025,676.7,342.8,14545.4,15397.9,13719.2,44682,4,,BHOLA/Char Fasson,1,0.253
Chili,BD10090029,3311.4,660.6,4243.6,186.4,0.0,8402,2,,BHOLA/Daulatkhan,1,0.714
Chili,BD10090054,10322.4,147.7,6321.4,1364.1,3403.3,21559,3,,BHOLA/Lalmohan,1,0.6435
Chili,BD10090065,0.0,135.5,0.0,6098.2,9164.3,15398,4,,BHOLA/Monpura,1,0.0862
Chili,BD10090091,7658.7,31.9,1737.3,0.0,757.1,10185,1,,BHOLA/Tajumuddin,1,0.8397
Chili,BD10420040,2348.0,8404.2,1398.2,0.0,3586.6,15737,3,,JHALAKATI/Jhalakati,1,0.6209
Chili,BD10420043,0.0,4935.5,0.0,0.0,7004.5,11940,4,,JHALAKATI/Kathalia,1,0.3307
Chili,BD10420073,680.9,14576.1,0.0,0.0,0.0,15257,1,,JHALAKATI/Nalchiti,1,0.8089
Chili,BD10420084,1532.7,8624.0,0.0,0.0,2281.4,12438,1,,JHALAKATI/Rajapur,1,0.6779
Chili,BD10780038,1005.1,32692.3,2357.4,0.0,18.3,36073,1,,PATUAKHALI/Bauphal,1,0.7856
Chili,BD10780052,367.7,11185.0,1573.4,855.1,2881.8,16863,3,,PATUAKHALI/Dashmina,1,0.6092
Chili,BD10780057,0.0,22201.1,4838.9,5129.1,27582.9,59752,4,,PATUAKHALI/Galachipa,1,0.3549
Chili,BD10780066,0.0,0.0,0.0,15253.8,20012.2,35266,4,,PATUAKHALI/Kalapara,1,0.0865
Chili,BD10780076,0.0,5862.5,2643.6,0.0,3492.9,11999,3,,PATUAKHALI/Mirzaganj,1,0.501
Chili,BD10780095,0.0,21550.0,7591.0,0.0,1069.0,30210,1,,PATUAKHALI/Patuakhali,1,0.6963
Chili,BD10790014,85.7,6614.7,1221.5,0.0,2493.0,10415,3,,PIROJPUR/Bhandaria,1,0.575
Chili,BD10790047,668.4,12.5,0.0,0.0,4135.1,4816,4,,PIROJPUR/Kawkhali,1,0.1409
Chili,BD10790058,33.6,2439.2,18048.9,0.0,2365.3,22887,2,,PIROJPUR/Mathbaria,1,0.481
Chili,BD10790076,1476.9,1215.4,113.1,0.0,13864.6,16670,4,,PIROJPUR/Nazirpur,1,0.1503
Chili,BD10790080,2566.9,2058.9,3165.5,0.0,12507.7,20299,4,,PIROJPUR/Pirojpur,1,0.2856
Chili,BD10790087,48.9,0.0,630.1,0.0,10876.0,11555,4,,PIROJPUR/Sarupkati,1,0.0315
Chili,BD20030004,83.1,951.5,181.2,0.0,22248.1,23464,4,,BANDARBAN/Alikadam,1,0.0398
Chili,BD20030014,101.8,0.0,41.3,0.0,15202.9,15346,4,,BANDARBAN/Bandarban,1,0.008
Chili,BD20030051,167.4,381.1,58.8,130.0,15726.8,16464,4,,BANDARBAN/Lama,1,0.032
Chili,BD20030073,147.4,1.6,95.1,49.1,7957.8,8251,4,,BANDARBAN/Naikhongchhari,1,0.025
Chili,BD20030089,8.1,32.3,223.9,0.0,10009.8,10274,4,,BANDARBAN/Rowangchhari,1,0.0142
Chili,BD20030091,0.0,0.0,193.8,0.0,7202.2,7396,4,,BANDARBAN/Ruma,1,0.0131
Chili,BD20030095,0.0,85.8,382.2,0.0,5130.0,5598,4,,BANDARBAN/Thanchi,1,0.0464
Chili,BD20120002,962.8,402.0,4179.0,0.0,3216.2,8760,4,,BRAHMANBARIA/Akhaura,1,0.3851
Chili,BD20120004,1444.4,3728.2,2230.9,559.6,6601.9,14565,4,,BRAHMANBARIA/Banchharampur,1,0.3882
Chili,BD20120013,581.3,3751.3,21539.1,837.1,16377.2,43086,4,,BRAHMANBARIA/Brahmanbaria,1,0.337
Chili,BD20120063,490.5,792.4,12564.6,0.0,3667.5,17515,2,,BRAHMANBARIA/Kasba,1,0.4229
Chili,BD20120085,1050.0,395.8,19424.8,831.9,7406.5,29109,3,,BRAHMANBARIA/Nabinagar,1,0.3863
Chili,BD20120090,1235.9,55.1,13469.4,0.0,11060.5,25821,4,,BRAHMANBARIA/Nasirnagar,1,0.3104
Chili,BD20120094,298.7,1107.1,6088.9,553.5,10455.7,18504,4,,BRAHMANBARIA/Sarail,1,0.2345
Chili,BD20130022,479.1,1023.6,10508.2,0.0,490.0,12501,2,,CHANDPUR/Chandpur,1,0.5241
Chili,BD20130045,5061.3,3001.8,6879.3,0.0,700.6,15643,2,,CHANDPUR/Faridganj,1,0.6969
Chili,BD20130047,2214.3,3863.8,515.5,0.0,4.5,6598,1,,CHANDPUR/Haimchar,1,0.8431
Chili,BD20130049,0.0,3314.9,7889.0,0.0,2268.1,13472,2,,CHANDPUR/Hajiganj,1,0.4896
Chili,BD20130058,0.0,2343.7,6876.1,0.0,8573.2,17793,4,,CHANDPUR/Kachua,1,0.2986
Chili,BD20130076,540.5,6202.0,14532.9,0.0,5338.6,26614,2,Matlab,CHANDPUR/Matlab,1,0.4798
Chili,BD20130079,540.5,6202.0,14532.9,0.0,5338.6,26614,2,Matlab,CHANDPUR/Matlab,1,0.4798
Chili,BD20130095,882.5,4016.3,4751.7,0.0,2166.5,11817,2,,CHANDPUR/Shahrasti,1,0.5476
Chili,BD20150004,205.3,7871.5,0.0,0.0,1384.3,9461,1,,CHITTAGONG/Anwara,1,0.6873
Chili,BD20150008,1195.5,11934.5,760.8,774.3,11363.9,26029,4,,CHITTAGONG/Banskhali,1,0.4333
Chili,BD20150012,4444.9,2369.3,0.0,0.0,178.8,6993,1,,CHITTAGONG/Boalkhali,1,0.9067
Chili,BD20150018,2330.2,2935.3,0.0,20.0,6080.5,11366,4,,CHITTAGONG/Chandanais,1,0.412
Chili,BD20150033,3495.3,4122.5,2201.3,6795.7,7033.2,23648,4,,CHITTAGONG/Fatikchhari,1,0.3913
Chili,BD20150037,1710.9,5190.5,949.9,0.0,4665.7,12517,3,,CHITTAGONG/Hathazari,1,0.5064
Chili,BD20150047,461.7,268.4,0.0,5.4,11773.5,12509,4,,CHITTAGONG/Lohagora,1,0.0542
Chili,BD20150053,9284.5,4658.1,596.1,1825.2,6346.1,22710,3,,CHITTAGONG/Mirsharai,1,0.6021
Chili,BD20150061,1983.9,5869.6,0.0,0.0,4135.5,11989,3,,CHITTAGONG/Patia,1,0.5571
Chili,BD20150070,2956.4,6102.4,396.0,2794.6,7301.6,19551,4,,CHITTAGONG/Rangunia,1,0.4396
Chili,BD20150074,2621.7,8066.0,976.2,1338.8,881.3,13884,3,,CHITTAGONG/Rauzan,1,0.708
Chili,BD20150078,0.0,941.0,3696.2,16405.0,6344.7,27387,4,,CHITTAGONG/Sandwip,1,0.2148
Chili,BD20150082,5199.2,4539.1,0.0,0.0,6698.7,16437,3,,CHITTAGONG/Satkania,1,0.5372
Chili,BD20150086,2266.8,3267.1,32.3,0.0,3710.8,9277,3,,CHITTAGONG/Sitakunda,1,0.5278
Chili,BD20151600,0.0,0.0,0.0,0.0,0.0,0,4,,CHITTAGONG/Patenga; CHITTAGONG/Double Mooring; CHITTAGONG/Panchlais,3,
Chili,BD20190009,60.7,890.8,17532.2,0.0,47.2,18531,2,,COMILLA/Barura,1,0.5148
Chili,BD20190015,7.7,2465.5,6497.8,0.0,1536.1,10507,2,,COMILLA/Brahmanpara,1,0.4977
Chili,BD20190018,1360.3,4646.4,4646.4,0.0,2147.8,12801,2,,COMILLA/Burichang,1,0.5781
Chili,BD20190027,0.0,3786.8,4148.1,0.0,7657.0,15592,4,,COMILLA/Chandina,1,0.3273
Chili,BD20190031,0.0,6371.4,13915.3,540.0,1095.3,21922,2,,COMILLA/Chauddagram,1,0.5548
Chili,BD20190036,50.5,0.0,2060.4,0.0,37531.1,39642,4,,COMILLA/Daudkandi,1,0.0273
Chili,BD20190040,905.7,1383.5,14284.4,0.0,2189.4,18763,2,,COMILLA/Debiduar,1,0.4879
Chili,BD20190054,49.9,66.6,840.7,149.8,12643.9,13751,4,,COMILLA/Homna,1,0.0403
Chili,BD20190067,607.1,12057.3,2543.6,445.7,4918.2,20572,3,,COMILLA/Comilla,1,0.5645
Chili,BD20190072,151.7,661.9,28283.0,0.0,4302.4,33399,2,,COMILLA/Laksham,1,0.4438
Chili,BD20190081,530.3,1112.9,14153.8,14.9,13250.1,29062,4,,COMILLA/Muradnagar,1,0.2925
Chili,BD20190087,0.0,3131.8,15732.9,0.0,405.3,19270,2,,COMILLA/Nangalkot,1,0.5382
Chili,BD20220016,2918.5,8618.8,214.0,3917.1,21707.6,37376,4,,COX'S BAZAR/Chakaria,1,0.2864
Chili,BD20220024,1373.4,4191.3,7.9,813.0,9882.4,16268,4,,COX'S BAZAR/Cox's Bazar,1,0.3008
Chili,BD20220045,0.0,950.8,0.0,4899.5,659.7,6510,4,,COX'S BAZAR/Kutubdia,1,0.2674
Chili,BD20220049,44.9,566.8,95.4,2676.9,12739.0,16123,4,,COX'S BAZAR/Moheshkhali,1,0.0671
Chili,BD20220066,1501.4,2134.5,0.0,0.0,11418.0,15054,4,,COX'S BAZAR/Ramu,1,0.2132
Chili,BD20220090,20.3,877.7,617.6,418.5,11125.8,13060,4,,COX'S BAZAR/Teknaf,1,0.0854
Chili,BD20220094,692.8,93.2,3.1,0.0,7465.9,8255,4,,COX'S BAZAR/Ukhia,1,0.0932
Chili,BD20300014,5345.6,5029.7,214.6,0.0,4.0,10594,1,,FENI/Chhagalnaiya,1,0.8945
Chili,BD20300025,6582.6,415.8,2016.4,0.0,3350.2,12365,3,,FENI/Daganbhuiya,1,0.6408
Chili,BD20300029,4694.3,649.1,9205.1,6.6,1035.9,15591,2,,FENI/Feni,1,0.6297
Chili,BD20300051,90.5,15752.1,1086.4,0.0,0.0,16929,1,,FENI/Parshuram,1,0.7818
Chili,BD20300094,3210.2,0.0,13216.0,493.9,0.0,16920,2,,FENI/Sonagazi,1,0.5861
Chili,BD20460043,812.2,280.3,0.0,2203.0,12290.6,15586,4,,KHAGRACHHARI/Dighinala,1,0.0948
Chili,BD20460049,590.7,193.7,22.6,374.4,7388.6,8570,4,,KHAGRACHHARI/Khagrachhari,1,0.0971
Chili,BD20460061,187.9,5.6,1.9,7.4,4397.3,4600,4,,KHAGRACHHARI/Laksmichhari,1,0.0423
Chili,BD20460065,417.5,132.4,25.5,168.0,7748.7,8492,4,,KHAGRACHHARI/Mohalchhari,1,0.0671
Chili,BD20460067,547.4,0.0,31.4,44.9,6236.4,6860,4,,KHAGRACHHARI/Manikchhari,1,0.0834
Chili,BD20460070,325.5,358.9,634.4,0.0,17336.2,18655,4,,KHAGRACHHARI/Matiranga,1,0.0498
Chili,BD20460077,466.0,144.5,256.7,28.0,8984.8,9880,4,,KHAGRACHHARI/Panchhari,1,0.0724
Chili,BD20460080,98.9,40.7,0.0,69.8,9522.5,9732,4,,KHAGRACHHARI/Ramgarh,1,0.015
Chili,BD20510043,12458.4,3634.7,16406.4,313.2,112.3,32925,2,,LAKSHMIPUR/Laksmipur,1,0.7178
Chili,BD20510058,4569.5,956.3,4752.7,280.6,0.0,10559,2,,LAKSHMIPUR/Raipur,1,0.7356
Chili,BD20510065,1084.0,6203.9,3626.9,0.0,1561.2,12476,3,,LAKSHMIPUR/Ramganj,1,0.6301
Chili,BD20510073,0.0,1154.3,3611.8,27658.6,4252.3,36677,4,,LAKSHMIPUR/Ramgati,1,0.2252
Chili,BD20750007,4229.1,52.1,390.4,0.0,25914.5,30586,4,,NOAKHALI/Begumganj,1,0.146
Chili,BD20750010,1058.6,1276.6,4029.0,0.0,2627.9,8992,3,,NOAKHALI/Chatkhil,1,0.4553
Chili,BD20750021,5167.8,1845.6,6894.8,8832.7,4548.2,27289,4,,NOAKHALI/Companiganj,1,0.4345
Chili,BD20750036,0.0,259.5,6838.8,7656.4,21522.2,36277,4,,NOAKHALI/Hatiya,1,0.1422
Chili,BD20750080,2448.9,1777.9,4503.4,62.3,3569.6,12362,4,,NOAKHALI/Senbag,1,0.4963
Chili,BD20750087,3084.9,49.3,25883.5,13072.0,25848.3,67938,4,,NOAKHALI/Noakhali,1,0.275
Chili,BD20840007,371.3,346.8,212.2,179.5,16015.2,17125,4,,RANGAMATI/Baghaichhari,1,0.0462
Chili,BD20840021,108.3,0.0,496.9,299.7,9408.1,10313,4,,RANGAMATI/Barkal,1,0.0404
Chili,BD20840025,131.5,0.0,20.2,5.1,12664.2,12821,4,,RANGAMATI/Kawkhali (Betbunia),1,0.0111
Chili,BD20840029,74.1,0.0,0.0,0.0,5662.9,5737,4,,RANGAMATI/Belaichhari,1,0.0129
Chili,BD20840036,127.1,0.0,0.0,0.0,5961.9,6089,4,,RANGAMATI/Kaptai,1,0.0209
Chili,BD20840047,82.6,28.5,0.0,0.0,11958.9,12070,4,,RANGAMATI/Juraichhari,1,0.0087
Chili,BD20840058,537.4,585.2,8.0,2790.5,9705.0,13626,4,,RANGAMATI/Langadu,1,0.115
Chili,BD20840075,382.9,0.0,0.0,22.7,10027.4,10433,4,,RANGAMATI/Nannerchar,1,0.0371
Chili,BD20840078,28.3,0.0,0.0,9.8,3581.9,3620,4,,RANGAMATI/Rajasthali,1,0.0084
Chili,BD20840087,185.8,0.0,61.2,0.0,8299.0,8546,4,,RANGAMATI/Rangamati,1,0.0253
Chili,BD30260014,2253.4,16286.9,1339.2,0.0,6503.5,26383,3,,DHAKA/Dhamrai,1,0.6047
Chili,BD30260018,4697.1,2466.4,0.0,0.0,1704.5,8868,1,,DHAKA/Dohar,1,0.7522
Chili,BD30260038,1671.6,2755.4,2099.0,0.0,6694.0,13220,4,,DHAKA/Keraniganj,1,0.3726
Chili,BD30260062,1504.3,5165.4,1516.7,0.0,11331.6,19518,4,,DHAKA/Nawabganj,1,0.3276
Chili,BD30260072,1192.7,5217.4,6685.4,0.0,10312.5,23408,4,,DHAKA/Savar,1,0.3721
Chili,BD30262000,0.0,0.0,0.0,0.0,0.0,0,4,Dhaka Metro,DHAKA/Dhaka Metro,1,
Chili,BD30262500,0.0,0.0,0.0,0.0,0.0,0,4,Dhaka Metro,DHAKA/Dhaka Metro,1,
Chili,BD30290003,1596.8,3102.7,5285.7,0.0,555.9,10541,2,,FARIDPUR/Alfadanga,1,0.6377
Chili,BD30290010,1158.2,5387.1,8465.5,0.0,2141.1,17152,2,,FARIDPUR/Bhanga,1,0.5656
Chili,BD30290018,1148.4,15092.6,5542.6,0.0,1003.4,22787,3,,FARIDPUR/Boalmari,1,0.7019
Chili,BD30290021,6527.9,486.4,944.6,0.0,0.0,7959,1,,FARIDPUR/Char Bhadrasan,1,0.9284
Chili,BD30290047,10531.6,17385.1,3024.6,0.0,192.7,31134,1,,FARIDPUR/Faridpur,1,0.8336
Chili,BD30290056,487.6,13187.1,2530.6,0.0,1578.7,17784,1,,FARIDPUR/Madhukhali,1,0.6918
Chili,BD30290062,3911.5,8508.1,18658.9,0.0,1296.5,32375,2,,FARIDPUR/Nagarkanda,1,0.6192
Chili,BD30290084,10847.1,5442.6,4861.7,0.0,137.6,21289,1,,FARIDPUR/Sadarpur,1,0.8282
Chili,BD30330030,1200.0,9950.0,7420.0,3220.0,15250.0,37040,4,,GAZIPUR/Gazipur,1,0.3648
Chili,BD30330032,1409.1,6816.0,8044.8,0.0,11215.2,27485,4,,GAZIPUR/Kaliakoir,1,0.396
Chili,BD30330034,611.6,4349.0,4340.5,356.8,9080.2,18738,4,,GAZIPUR/Kaliganj,1,0.3379
Chili,BD30330036,2136.7,5928.9,13276.8,2797.3,7315.3,31455,4,,GAZIPUR/Kapasia,1,0.4475
Chili,BD30330086,160.9,10236.7,16841.1,1346.3,15063.0,43648,4,,GAZIPUR/Sripur,1,0.3904
Chili,BD30350032,4693.0,8635.8,5100.1,0.0,14135.0,32564,4,,GOPALGANJ/Gopalganj,1,0.4346
Chili,BD30350043,2007.9,10039.3,3561.7,0.0,7336.2,22945,4,,GOPALGANJ/Kasiani,1,0.5152
Chili,BD30350051,0.0,1581.5,3106.6,0.0,27773.9,32462,4,,GOPALGANJ/Kotalipara,1,0.0868
Chili,BD30350058,1976.1,6182.6,6091.3,0.0,10102.1,24352,4,,GOPALGANJ/Muksudpur,1,0.4093
Chili,BD30350091,2169.8,1258.1,2491.9,0.0,4923.1,10843,4,,GOPALGANJ/Tungipara,1,0.4078
Chili,BD30480002,1536.9,18.1,0.0,0.0,23949.0,25504,4,,KISHOREGANJ/Ashtagram,1,0.0608
Chili,BD30480006,2738.6,2952.7,3518.8,0.0,5438.9,14649,4,,KISHOREGANJ/Bajitpur,1,0.4683
Chili,BD30480011,3251.0,2309.6,1713.6,0.0,33.9,7308,1,,KISHOREGANJ/Bhairab,1,0.8149
Chili,BD30480027,3095.2,1328.6,4596.2,0.0,237.0,9257,2,,KISHOREGANJ/Hossainpur,1,0.6974
Chili,BD30480033,1851.6,1559.7,0.0,0.0,33875.7,37287,4,,KISHOREGANJ/Itna,1,0.0831
Chili,BD30480042,4688.1,4967.0,1439.6,0.0,5140.3,16235,3,,KISHOREGANJ/Karimganj,1,0.5779
Chili,BD30480045,4069.4,6679.9,3747.6,0.0,2832.1,17329,2,,KISHOREGANJ/Katiadi,1,0.6513
Chili,BD30480049,4705.5,2296.8,4415.9,0.0,1118.8,12537,2,,KISHOREGANJ/Kishoreganj,1,0.698
Chili,BD30480054,790.8,1901.0,4478.8,7.6,889.7,8068,2,,KISHOREGANJ/Kuliarchar,1,0.5643
Chili,BD30480059,1426.9,1015.6,0.0,0.0,16636.4,19079,4,,KISHOREGANJ/Mithamoin,1,0.1174
Chili,BD30480076,485.6,3366.6,0.0,0.0,12692.7,16545,4,,KISHOREGANJ/Nikli,1,0.1921
Chili,BD30480079,5038.6,3640.3,5788.6,0.0,476.5,14944,2,,KISHOREGANJ/Pakundia,1,0.7257
Chili,BD30480092,2115.2,6098.2,167.6,0.0,3999.0,12380,3,,KISHOREGANJ/Tarail,1,0.5717
Chili,BD30540040,5526.0,6352.4,7035.1,0.0,3456.5,22370,2,,MADARIPUR/Kalkini,1,0.6314
Chili,BD30540054,5223.4,5982.4,6265.1,0.0,5149.0,22620,3,,MADARIPUR/Madaripur,1,0.581
Chili,BD30540080,1269.2,3901.0,4928.7,0.0,9725.1,19824,4,,MADARIPUR/Rajoir,1,0.3458
Chili,BD30540087,7887.8,7436.5,6141.6,0.0,799.1,22265,2,,MADARIPUR/Sibchar,1,0.7594
Chili,BD30560010,2700.7,5714.0,4897.7,1111.5,3048.0,17472,3,,MANIKGANJ/Daulatpur,1,0.5691
Chili,BD30560022,1380.5,838.4,6280.7,0.0,3093.4,11593,3,,MANIKGANJ/Ghior,1,0.4478
Chili,BD30560028,3045.5,1905.3,3080.5,0.0,4815.7,12847,4,,MANIKGANJ/Harirampur,1,0.4756
Chili,BD30560046,3842.2,9855.0,1438.7,0.0,2761.1,17897,1,,MANIKGANJ/Manikganj,1,0.6954
Chili,BD30560070,2676.7,6619.8,1259.2,0.0,971.4,11527,1,,MANIKGANJ/Saturia,1,0.7463
Chili,BD30560078,1985.9,650.9,9039.5,0.0,1487.8,13164,2,,MANIKGANJ/Sibalay,1,0.5338
Chili,BD30560082,3845.7,8671.4,1351.2,0.0,3496.8,17365,3,,MANIKGANJ/Singair,1,0.6599
Chili,BD30590024,3280.0,32.4,0.0,0.0,5944.6,9257,4,,MUNSHIGANJ/Gozaria,1,0.3571
Chili,BD30590044,1334.1,1429.4,0.0,440.7,4234.7,7439,4,,MUNSHIGANJ/Lohajang,1,0.3449
Chili,BD30590056,3216.9,4468.3,640.9,329.6,1532.2,10188,1,,MUNSHIGANJ/Munshiganj,1,0.7046
Chili,BD30590074,4009.2,2256.7,2364.2,49.6,6464.3,15144,4,,MUNSHIGANJ/Serajdikhan,1,0.4627
Chili,BD30590084,1926.1,1983.2,71.3,149.8,10757.6,14888,4,,MUNSHIGANJ/Srinagar,1,0.2403
Chili,BD30590094,1376.5,1141.3,0.0,1258.9,4468.3,8245,4,,MUNSHIGANJ/Tongibari,1,0.3082
Chili,BD30670002,3293.3,660.0,61.2,3218.5,5600.0,12833,4,,NARAYANGANJ/Araihazar,1,0.3503
Chili,BD30670004,3834.8,1204.1,1896.8,750.5,5937.8,13624,4,,NARAYANGANJ/Sonargaon,1,0.4328
Chili,BD30670006,0.0,0.0,0.0,0.0,0.0,0,4,,NARAYANGANJ/Bandar,1,
Chili,BD30670058,0.0,0.0,0.0,0.0,0.0,0,4,,NARAYANGANJ/Narayanganj,1,
Chili,BD30670068,785.5,1983.4,3401.8,621.6,8402.7,15195,4,,NARAYANGANJ/Rupganj,1,0.2762
Chili,BD30680007,1752.5,2540.4,2650.8,1126.6,1148.7,9219,4,,NARSINGDI/Belabo,1,0.5788
Chili,BD30680052,4845.3,5103.8,940.4,2490.9,1758.7,15139,3,,NARSINGDI/Manohardi,1,0.6537
Chili,BD30680060,4883.3,3547.7,559.3,2128.6,5576.1,16695,4,,NARSINGDI/Narsingdi,1,0.5048
Chili,BD30680063,755.3,2528.5,1530.2,216.7,1392.3,6423,3,,NARSINGDI/Palas,1,0.5584
Chili,BD30680064,9427.3,2965.3,408.2,4582.7,6446.6,23830,4,,NARSINGDI/Raipura,1,0.5422
Chili,BD30680076,3772.1,3254.7,2901.1,3261.3,3064.8,16254,4,,NARSINGDI/Sibpur,1,0.5216
Chili,BD30820007,811.2,10964.4,4468.3,0.0,2344.1,18588,2,,RAJBARI/Baliakandi,1,0.6357
Chili,BD30820029,4033.6,5095.5,1070.9,0.0,0.0,10200,1,,RAJBARI/Goalanda,1,0.8476
Chili,BD30820073,2323.0,17465.7,11593.3,1161.5,721.4,33265,2,,RAJBARI/Pangsha,1,0.6711
Chili,BD30820076,3166.3,14804.6,3518.9,0.0,760.2,22250,1,,RAJBARI/Rajbari,1,0.7537
Chili,BD30860014,3834.9,8237.0,1361.5,1717.0,2087.6,17238,3,,SHARIATPUR/Bhedarganj,1,0.6642
Chili,BD30860025,465.2,2436.5,1774.1,1742.6,993.5,7412,4,,SHARIATPUR/Damudya,1,0.4924
Chili,BD30860036,2198.4,6423.7,2434.4,911.5,1555.0,13523,3,,SHARIATPUR/Goshairhat,1,0.6461
Chili,BD30860065,2099.1,3856.9,5376.4,2736.5,1410.1,15479,3,,SHARIATPUR/Naria,1,0.544
Chili,BD30860069,1717.1,3643.9,4425.9,1059.7,351.4,11198,2,,SHARIATPUR/Palong (Sadar),1,0.6302
Chili,BD30860094,6361.9,6734.8,2897.6,0.0,1025.6,17020,2,,SHARIATPUR/Janjira,1,0.7755
Chili,BD30930009,402.5,6321.1,3235.1,1490.8,1647.4,13097,3,,TANGAIL/Basail,1,0.5631
Chili,BD30930019,255.3,10868.3,1863.1,3257.1,683.2,16927,3,,TANGAIL/Bhuapur,1,0.6223
Chili,BD30930023,14.5,4922.6,4618.6,4242.1,217.2,14015,3,,TANGAIL/Delduar,1,0.5073
Chili,BD30930028,5912.6,14594.1,18641.7,374.6,1417.1,40940,2,,TANGAIL/Ghatail,1,0.6591
Chili,BD30930038,2540.4,5507.7,7986.2,103.3,929.4,17067,2,,TANGAIL/Gopalpur,1,0.6422
Chili,BD30930047,2182.6,11071.4,2699.0,5990.1,846.9,22790,4,,TANGAIL/Kalihati,1,0.5962
Chili,BD30930057,5969.1,10346.9,25295.7,0.0,1165.4,42777,2,,TANGAIL/Madhupur,1,0.6287
Chili,BD30930066,0.0,14304.2,7305.2,44.8,8761.8,30416,3,,TANGAIL/Mirzapur,1,0.4966
Chili,BD30930076,1877.1,12650.9,2776.7,1756.7,396.7,19458,3,,TANGAIL/Nagarpur,1,0.706
Chili,BD30930085,802.7,18721.6,19290.2,25.1,2090.4,40930,2,,TANGAIL/Shakhipur,1,0.6213
Chili,BD30930095,0.0,14990.1,1621.7,6111.9,313.4,23037,3,,TANGAIL/Tangail,1,0.6088
Chili,BD40010008,0.0,1611.3,9619.9,3866.0,2320.8,17418,4,,BAGERHAT/Bagerhat,1,0.3945
Chili,BD40010014,1824.2,2192.9,4172.3,0.0,6122.6,14312,4,,BAGERHAT/Chitalmari,1,0.3958
Chili,BD40010034,0.0,906.9,5686.2,1396.5,2086.4,10076,4,,BAGERHAT/Fakirhat,1,0.3819
Chili,BD40010038,0.0,735.9,7380.7,78.6,335.8,8531,2,,BAGERHAT/Kachua,1,0.5034
Chili,BD40010056,2367.9,2564.7,49.2,0.0,10947.2,15929,4,,BAGERHAT/Mollahat,1,0.279
Chili,BD40010058,0.0,0.0,0.0,1357.7,13065.3,14423,4,,BAGERHAT/Mongla,1,0.0188
Chili,BD40010060,80.4,7071.4,4636.3,15919.9,5469.9,33178,4,,BAGERHAT/Morelganj,1,0.3388
Chili,BD40010073,0.0,1631.4,6733.9,5275.0,10801.6,24442,4,,BAGERHAT/Rampal,1,0.2343
Chili,BD40010077,0.0,2367.0,57.7,5751.6,1789.7,9966,4,,BAGERHAT/Sarankhola,1,0.3083
Chili,BD40180007,0.0,6063.6,19557.7,50.9,1955.8,27628,2,,CHUADANGA/Alamdanga,1,0.5299
Chili,BD40180023,0.0,1569.1,19528.7,0.0,2030.2,23128,2,,CHUADANGA/Chuadanga,1,0.4765
Chili,BD40180031,0.0,1081.3,21122.0,0.0,3780.7,25984,2,,CHUADANGA/Damurhuda,1,0.4397
Chili,BD40180055,0.0,247.6,13490.5,0.0,2160.9,15899,2,,CHUADANGA/Jibannagar,1,0.4367
Chili,BD40410004,125.0,6866.1,2703.0,0.0,7069.9,16764,4,,JESSORE/Abhoynagar,1,0.4157
Chili,BD40410009,0.0,843.1,15026.8,0.0,3004.1,18874,2,,JESSORE/Bagherpara,1,0.4338
Chili,BD40410011,0.0,4610.0,14590.1,0.0,3383.9,22584,2,,JESSORE/Chaugachha,1,0.4863
Chili,BD40410023,0.0,5306.8,16309.2,259.2,2505.8,24381,2,,JESSORE/Jhikorgachha,1,0.5107
Chili,BD40410038,526.3,2092.3,12014.9,301.7,3863.8,18799,2,,JESSORE/Keshabpur,1,0.4398
Chili,BD40410047,0.0,260.6,27529.3,0.0,3772.1,31562,2,,JESSORE/Jessore,1,0.4427
Chili,BD40410061,606.5,1920.6,22549.1,13.5,7406.3,32496,3,,JESSORE/Manirampur,1,0.413
Chili,BD40410090,0.0,4003.3,17347.8,0.0,6547.9,27899,2,,JESSORE/Sarsa,1,0.4257
Chili,BD40440014,0.0,101.2,17738.3,0.0,50.6,17890,2,,JHENAIDAH/Harinakundu,1,0.5003
Chili,BD40440019,0.0,1056.1,29450.1,0.0,5549.8,36056,2,,JHENAIDAH/Jhenaidah,1,0.4318
Chili,BD40440033,0.0,1597.2,21600.5,0.0,2260.3,25458,2,,JHENAIDAH/Kaliganj,1,0.4744
Chili,BD40440042,0.0,645.3,10089.5,0.0,1156.2,11891,2,,JHENAIDAH/Kotchandpur,1,0.4677
Chili,BD40440071,0.0,652.6,26103.1,0.0,7178.3,33934,2,,JHENAIDAH/Maheshpur,1,0.4
Chili,BD40440080,391.3,2717.1,23021.3,583.3,3352.0,30065,2,,JHENAIDAH/Sailkupa,1,0.4721
Chili,BD40470012,0.0,518.4,11004.1,2414.1,3954.4,17891,3,,KHULNA/Batiaghata,1,0.3577
Chili,BD40470017,0.0,0.0,1116.2,0.0,21428.8,22545,4,,KHULNA/Dacope,1,0.0248
Chili,BD40470030,511.8,8145.3,5929.8,3341.5,18637.6,36566,4,,KHULNA/Dumuria,1,0.2916
Chili,BD40470040,386.4,2083.4,109.2,0.0,1823.0,4402,4,,KHULNA/Dighalia (Daulathpur),1,0.4788
Chili,BD40470053,0.0,0.0,74.3,0.0,21070.7,21145,4,,KHULNA/Koyra,1,0.0018
Chili,BD40470064,2280.9,2238.9,1274.6,0.0,26313.6,32108,4,,KHULNA/Paikgachha,1,0.1467
Chili,BD40470069,110.0,3244.5,261.2,0.0,1182.3,4798,3,,KHULNA/Phultala,1,0.5911
Chili,BD40470075,511.9,1435.8,1566.9,268.4,1648.0,5431,4,,KHULNA/Rupsha,1,0.4599
Chili,BD40470094,1319.2,1291.4,888.7,76.4,12421.3,15997,4,,KHULNA/Terakhada,1,0.1758
Chili,BD40473300,0.0,2080.0,40.0,0.0,0.0,2120,1,,KHULNA/Khulna Metro,1,0.7943
Chili,BD40500015,0.0,2529.8,6934.0,334.2,235.9,10034,2,,KUSHTIA/Bheramara,1,0.5539
Chili,BD40500039,0.0,5063.9,23863.9,469.1,2456.1,31853,2,,KUSHTIA/Daulatpur,1,0.5047
Chili,BD40500063,0.0,1955.0,3145.6,1844.8,580.6,7526,3,,KUSHTIA/Khoksha,1,0.4658
Chili,BD40500071,0.0,3945.5,9648.8,1720.5,1184.2,16499,2,,KUSHTIA/Kumarkhali,1,0.5046
Chili,BD40500079,0.0,8822.6,8364.1,243.1,5863.2,23293,3,,KUSHTIA/Kushtia,1,0.4846
Chili,BD40500094,0.0,5217.9,17165.6,51.4,3750.1,26185,2,,KUSHTIA/Mirpur,1,0.4876
Chili,BD40550057,6126.9,6875.9,12089.0,0.0,7400.2,32492,3,,MAGURA/Magura,1,0.5439
Chili,BD40550066,6516.0,3011.9,5406.8,1689.6,1160.7,17785,2,,MAGURA/Mohammadpur,1,0.6729
Chili,BD40550085,0.0,2395.0,11967.2,0.0,4434.8,18797,2,,MAGURA/Salikha,1,0.4203
Chili,BD40550095,3187.5,7329.8,906.8,0.0,2163.9,13588,1,,MAGURA/Sripur,1,0.6995
Chili,BD40570047,0.0,1391.3,23758.5,122.0,3824.1,29096,2,,MEHERPUR/Gangni,1,0.4474
Chili,BD40570087,0.0,912.2,25308.3,0.0,4262.5,30483,2,,MEHERPUR/Meherpur,1,0.4391
Chili,BD40650028,2166.1,2396.2,769.6,0.0,19558.1,24890,4,,NARAIL/Kalia,1,0.1795
Chili,BD40650052,9020.3,6145.8,2477.5,1080.7,3947.8,22672,3,,NARAIL/Lohagara,1,0.6789
Chili,BD40650076,2885.9,5050.3,7478.8,0.0,11814.0,27229,4,,NARAIL/Narail,1,0.3917
Chili,BD40870004,25.0,62.4,10952.8,4133.8,18745.9,33920,4,,SATKHIRA/Asasuni,1,0.188
Chili,BD40870025,0.0,0.0,491.9,6304.2,7788.0,14584,4,,SATKHIRA/Debhata,1,0.1033
Chili,BD40870043,0.0,5444.6,10476.6,958.5,13.3,16893,2,,SATKHIRA/Kalaroa,1,0.5793
Chili,BD40870047,0.0,0.0,835.4,12943.0,12203.6,25982,4,,SATKHIRA/Kaliganj,1,0.1157
Chili,BD40870082,0.0,6078.9,11263.0,7918.2,1818.0,27078,3,,SATKHIRA/Satkhira,1,0.4461
Chili,BD40870086,0.0,0.0,0.0,891.4,35746.6,36638,4,,SATKHIRA/Shyamnagar,1,0.0049
Chili,BD40870090,567.5,2561.3,16555.4,4629.8,2441.9,26756,3,,SATKHIRA/Tala,1,0.4418
Chili,BD45390007,6757.3,8026.3,2204.4,0.0,1426.0,18414,1,,JAMALPUR/Bakshiganj,1,0.7755
Chili,BD45390015,13305.9,6083.0,2911.7,395.0,11.3,22707,1,,JAMALPUR/Dewanganj,1,0.8679
Chili,BD45390029,12942.9,11049.9,2485.5,0.0,7.7,26486,1,,JAMALPUR/Islampur,1,0.8693
Chili,BD45390036,11996.5,15202.0,10256.1,0.0,4819.4,42274,2,,JAMALPUR/Jamalpur,1,0.6928
Chili,BD45390058,12335.1,7401.1,2362.0,0.0,78.7,22177,1,,JAMALPUR/Madarganj,1,0.8764
Chili,BD45390061,5963.5,11254.9,2821.5,0.0,508.0,20548,1,,JAMALPUR/Melandaha,1,0.7971
Chili,BD45390085,12209.6,7132.9,1490.3,0.0,725.2,21558,1,,JAMALPUR/Sarishabari,1,0.8656
Chili,BD45610013,2716.6,10674.2,13089.0,1646.4,15887.8,44014,4,,MYMENSINGH/Bhaluka,1,0.4119
Chili,BD45610016,277.7,16916.3,0.0,0.0,5816.0,23010,1,,MYMENSINGH/Dhobaura,1,0.6002
Chili,BD45610020,10901.6,14437.5,6243.9,239.9,2731.2,34554,1,,MYMENSINGH/Phulbaria,1,0.7415
Chili,BD45610022,11200.8,7732.1,11891.6,0.0,1136.4,31961,2,,MYMENSINGH/Gafargaon,1,0.73
Chili,BD45610023,3720.8,17213.6,140.9,0.0,1841.6,22917,1,,MYMENSINGH/Gouripur,1,0.7663
Chili,BD45610024,325.6,17727.8,7132.6,0.0,5850.1,31036,2,,MYMENSINGH/Haluaghat,1,0.5824
Chili,BD45610031,2600.8,19920.3,922.2,0.0,763.7,24207,1,,MYMENSINGH/Ishwarganj,1,0.7848
Chili,BD45610052,7224.1,17883.2,4544.0,0.0,600.7,30252,1,,MYMENSINGH/Mymensingh,1,0.7868
Chili,BD45610065,8604.3,10900.8,3356.4,0.0,2399.5,25261,1,,MYMENSINGH/Muktagachha,1,0.7523
Chili,BD45610072,2266.7,20713.2,1587.5,0.0,2579.6,27147,1,,MYMENSINGH/Nandail,1,0.7231
Chili,BD45610081,2440.8,40852.7,270.4,0.0,3259.1,46823,1,,MYMENSINGH/Phulpur,1,0.753
Chili,BD45610094,9878.6,12359.6,4124.9,7.6,1773.3,28144,1,,MYMENSINGH/Trisal,1,0.7757
Chili,BD45720004,3262.7,10211.8,0.0,0.0,2623.5,16098,1,,NETRAKONA/Atpara,1,0.7102
Chili,BD45720009,4822.4,8276.0,71.6,0.0,6199.0,19369,3,,NETRAKONA/Barhatta,1,0.5926
Chili,BD45720018,941.1,15415.2,0.0,0.0,7853.6,24210,3,,NETRAKONA/Durgapur,1,0.5483
Chili,BD45720038,1029.4,85.2,157.4,0.0,19079.1,20351,4,,NETRAKONA/Khaliajuri,1,0.0578
Chili,BD45720040,2519.6,5816.5,674.7,768.7,24914.4,34694,4,,NETRAKONA/Kalmakanda,1,0.2209
Chili,BD45720047,2953.4,15511.9,0.0,0.0,6084.8,24550,1,,NETRAKONA/Kendua,1,0.6258
Chili,BD45720056,811.9,6738.1,0.0,0.0,12338.0,19888,4,,NETRAKONA/Madan,1,0.3119
Chili,BD45720063,4195.2,5398.2,76.1,0.0,11641.5,21311,4,,NETRAKONA/Mohanganj,1,0.4013
Chili,BD45720074,7671.9,13325.7,0.0,0.0,5584.5,26582,1,,NETRAKONA/Netrakona,1,0.6897
Chili,BD45720083,327.5,22193.8,0.0,0.0,2491.7,25013,1,,NETRAKONA/Purbadhala,1,0.7229
Chili,BD45890037,0.0,1139.2,14975.6,902.6,2304.6,19322,2,,SHERPUR/Jhenaigati,1,0.444
Chili,BD45890067,3221.9,7507.4,1734.3,0.0,2967.5,15431,2,,SHERPUR/Nakla,1,0.6542
Chili,BD45890070,0.0,8955.9,16212.0,0.0,5470.1,30638,2,,SHERPUR/Nalitabari,1,0.4984
Chili,BD45890088,6525.3,21570.3,1693.6,0.0,3034.8,32824,1,,SHERPUR/Sherpur,1,0.7503
Chili,BD45890090,1312.6,9213.1,7999.6,99.1,3995.6,22620,2,,SHERPUR/Sribardi,1,0.5616
Chili,BD50100006,0.0,286.3,2523.9,8588.8,3217.0,14616,4,,BOGRA/Adamdighi,1,0.2195
Chili,BD50100020,0.0,2113.7,7874.3,21412.4,1473.6,32874,4,,BOGRA/Bogra,1,0.3015
Chili,BD50100027,0.0,0.0,4666.9,13948.3,1500.9,20116,4,,BOGRA/Dhunot,1,0.2547
Chili,BD50100033,0.0,654.1,2821.5,10702.8,165.5,14344,4,,BOGRA/Dhubchachia,1,0.2841
Chili,BD50100040,0.0,2799.1,11478.9,3460.9,1296.1,19035,2,,BOGRA/Gabtali,1,0.4555
Chili,BD50100054,0.0,979.8,8045.3,12283.0,8.0,21316,4,,BOGRA/Kahalu,1,0.3407
Chili,BD50100067,0.0,16.1,313.7,20628.9,3289.4,24248,4,,BOGRA/Nandigram,1,0.1771
Chili,BD50100081,5473.7,873.3,14807.5,569.5,2373.0,24097,2,,BOGRA/Shariakandi,1,0.5681
Chili,BD50100088,0.0,529.6,3434.2,19074.3,2341.9,25380,4,,BOGRA/Sherpur,1,0.2347
Chili,BD50100094,0.0,591.4,13248.8,12327.2,322.6,26490,4,,BOGRA/Shibganj,1,0.361
Chili,BD50100095,288.1,1043.6,9026.0,93.5,700.9,11152,2,,BOGRA/Sonatala,1,0.5071
Chili,BD50380013,0.0,1339.0,7235.3,1589.0,2274.7,12438,3,,JOYPURHAT/Akkelpur,1,0.4025
Chili,BD50380047,0.0,9649.6,4911.8,5070.0,1091.5,20723,3,,JOYPURHAT/Joypurhat,1,0.54
Chili,BD50380058,0.0,0.0,3895.9,10348.1,0.0,14244,4,,JOYPURHAT/Kalai,1,0.2821
Chili,BD50380061,0.0,316.8,5124.9,7913.0,71.3,13426,4,,JOYPURHAT/Khetlal,1,0.3276
Chili,BD50380074,0.0,642.1,9186.0,15990.8,330.0,26149,4,,JOYPURHAT/Panchbibi,1,0.3176
Chili,BD50640003,0.0,1149.9,2432.5,4263.5,16479.1,24325,4,,NAOGAON/Atrai,1,0.1229
Chili,BD50640006,0.0,1119.9,15900.2,313.9,214.0,17548,2,,NAOGAON/Badalgachhi,1,0.5077
Chili,BD50640028,0.0,341.8,16730.0,9056.7,626.6,26755,3,,NAOGAON/Dhamoirhat,1,0.3906
Chili,BD50640047,0.0,6748.9,18450.0,4391.8,5044.4,34635,3,,NAOGAON/Manda,1,0.4476
Chili,BD50640050,0.0,972.6,30939.8,2363.3,466.2,34742,2,,NAOGAON/Mohadebpur,1,0.4813
Chili,BD50640060,0.0,2108.4,14122.4,1173.0,6256.2,23660,4,,NAOGAON/Naogaon,1,0.3797
Chili,BD50640069,0.0,39.2,19698.7,18256.4,744.7,38739,4,,NAOGAON/Niamatpur,1,0.3493
Chili,BD50640075,0.0,0.0,21739.5,7262.5,3779.0,32781,3,,NAOGAON/Patnitala,1,0.3759
Chili,BD50640079,0.0,0.0,6514.0,12995.1,3141.9,22651,4,,NAOGAON/Porsha,1,0.2585
Chili,BD50640085,0.0,468.8,11063.1,6737.7,3705.4,21975,4,,NAOGAON/Raninagar,1,0.3301
Chili,BD50640086,0.0,0.0,6436.2,8135.4,7028.4,21600,4,,NAOGAON/Shapahar,1,0.2243
Chili,BD50690009,0.0,791.1,10388.8,291.1,0.0,11471,2,,NATOR/Bagatipara,1,0.5131
Chili,BD50690015,0.0,6813.0,8561.8,4129.9,5548.3,25053,4,,NATOR/Baraigram,1,0.4214
Chili,BD50690041,0.0,2436.9,4859.6,2776.9,6297.6,16371,4,,NATOR/Gurudashpur,1,0.3014
Chili,BD50690044,0.0,7447.2,14368.4,3860.3,326.1,26002,2,,NATOR/Lalpur,1,0.5351
Chili,BD50690063,0.0,3355.1,14615.5,4505.7,9456.7,31933,4,,NATOR/Nator,1,0.3411
Chili,BD50690091,0.0,1431.8,13470.3,8806.9,24021.0,47730,4,,NATOR/Shingra,1,0.202
Chili,BD50700018,0.0,96.0,3847.0,6525.0,218.1,10686,4,,NAWABGANJ/Bholahat,1,0.3093
Chili,BD50700037,0.0,227.8,5847.7,17602.2,3856.3,27534,4,,NAWABGANJ/Gomastapur,1,0.2407
Chili,BD50700056,0.0,49.4,5132.4,20916.3,32.9,26131,4,,NAWABGANJ/Nachol,1,0.2598
Chili,BD50700066,0.0,6716.7,8355.0,17022.1,1468.2,33562,4,,NAWABGANJ/Nawabganj,1,0.386
Chili,BD50700088,0.0,7974.0,23408.2,12806.5,696.3,44885,3,,NAWABGANJ/Shibganj,1,0.4599
Chili,BD50760005,0.0,281.4,6409.6,2772.1,5100.9,14564,4,,PABNA/Atgharia,1,0.2736
Chili,BD50760016,1250.7,2968.6,3924.5,1761.0,7396.2,17301,4,,PABNA/Bera,1,0.3433
Chili,BD50760019,0.0,1975.9,2124.1,2313.4,4050.6,10464,4,,PABNA/Bhangura,1,0.2968
Chili,BD50760022,0.0,2766.5,7913.6,7484.1,7425.8,25590,4,,PABNA/Chatmohar,1,0.2996
Chili,BD50760033,0.0,475.9,226.6,3202.5,8452.0,12357,4,,PABNA/Faridpur,1,0.0918
Chili,BD50760039,0.0,4158.6,11919.9,3342.4,401.1,19822,2,,PABNA/Ishwardi,1,0.5022
Chili,BD50760055,0.0,7663.5,17624.4,6389.0,2029.1,33706,2,,PABNA/Pabna,1,0.4812
Chili,BD50760072,0.0,5221.5,6060.9,3119.0,13646.6,28048,4,,PABNA/Santhia,1,0.2792
Chili,BD50760083,1084.6,4089.7,7447.2,2321.2,9782.2,24725,4,,PABNA/Sujanagar,1,0.3456
Chili,BD50810010,0.0,1156.4,9363.8,2286.4,297.4,13104,2,,RAJSHAHI/Bagha,1,0.4628
Chili,BD50810012,0.0,4463.7,5328.3,11233.0,7402.0,28427,4,,RAJSHAHI/Bagmara,1,0.2984
Chili,BD50810025,0.0,813.7,11577.0,266.3,37.0,12694,2,,RAJSHAHI/Charghat,1,0.5115
Chili,BD50810031,0.0,5089.9,7560.2,3298.7,261.2,16210,2,,RAJSHAHI/Durgapur,1,0.5251
Chili,BD50810034,0.0,210.3,3478.0,38083.1,455.6,42227,4,,RAJSHAHI/Godagari,1,0.2255
Chili,BD50810053,0.0,1086.9,7659.4,2137.3,2261.3,13145,4,,RAJSHAHI/Mohanpur,1,0.39
Chili,BD50810072,0.0,4723.0,11419.2,3161.9,435.8,19740,2,,RAJSHAHI/Paba,1,0.5127
Chili,BD50810082,0.0,5540.6,8498.5,1291.3,585.6,15916,2,,RAJSHAHI/Puthia,1,0.5617
Chili,BD50810094,0.0,23.5,12359.5,12578.6,993.5,25955,4,,RAJSHAHI/Tanor,1,0.3357
Chili,BD50816600,0.0,0.0,0.0,0.0,0.0,0,4,,RAJSHAHI/Boalia (Rajshahi),1,
Chili,BD50880011,0.0,441.1,4073.2,4514.3,1054.5,10083,4,,SIRAJGANJ/Belkuchi,1,0.3265
Chili,BD50880027,0.0,610.8,1544.6,5371.0,5560.6,13087,4,,SIRAJGANJ/Chauhali,1,0.1784
Chili,BD50880044,0.0,0.0,2752.0,4878.5,51.5,7682,4,,SIRAJGANJ/Kamarkhanda,1,0.3061
Chili,BD50880050,1501.7,2698.4,7714.0,5080.1,4135.7,21130,4,,SIRAJGANJ/Kazipur,1,0.4039
Chili,BD50880061,0.0,313.2,3179.1,18158.4,78.3,21729,4,,SIRAJGANJ/Raiganj,1,0.2518
Chili,BD50880067,0.0,139.0,5537.5,14257.2,3293.3,23227,4,,SIRAJGANJ/Shahzadpur,1,0.2468
Chili,BD50880078,0.0,221.0,11113.1,9314.3,2027.5,22676,4,,SIRAJGANJ/Sirajganj,1,0.335
Chili,BD50880089,0.0,1640.9,6141.0,7944.3,11079.8,26806,4,,SIRAJGANJ/Taras,1,0.2228
Chili,BD50880094,0.0,1118.4,6950.9,22771.0,4263.7,35104,4,,SIRAJGANJ/Ullapara,1,0.2542
Chili,BD55270010,0.0,6067.7,6737.8,5333.4,771.1,18910,3,,DINAJPUR/Birampur,1,0.4913
Chili,BD55270012,0.0,3637.0,25078.3,7857.2,121.5,36694,3,,DINAJPUR/Birganj,1,0.4638
Chili,BD55270017,0.0,657.7,14381.1,15800.8,136.4,30976,4,,DINAJPUR/Biral,1,0.3511
Chili,BD55270021,0.0,1976.4,12135.1,5502.3,237.2,19851,3,,DINAJPUR/Bochaganj,1,0.4407
Chili,BD55270030,0.0,9121.0,6213.9,11957.6,313.4,27606,4,,DINAJPUR/Chirirbandar,1,0.4635
Chili,BD55270038,0.0,2177.9,8946.1,9297.7,283.2,20705,4,,DINAJPUR/Fulbari,1,0.39
Chili,BD55270043,0.0,0.0,3647.4,8892.5,484.2,13024,4,,DINAJPUR/Ghoraghat,1,0.2766
Chili,BD55270047,0.0,975.8,895.8,6022.7,1063.8,8958,4,,DINAJPUR/Hakimpur,1,0.2716
Chili,BD55270056,0.0,3477.1,8313.2,5731.9,98.7,17621,4,,DINAJPUR/Kaharol,1,0.4588
Chili,BD55270060,0.0,131.2,12161.2,2471.6,0.0,14764,2,,DINAJPUR/Khansama,1,0.4524
Chili,BD55270064,0.0,1258.3,15511.3,12505.4,0.0,29275,4,,DINAJPUR/Dinajpur,1,0.3847
Chili,BD55270069,0.0,930.3,6882.9,18802.7,327.1,26943,4,,DINAJPUR/Nawabganj,1,0.2949
Chili,BD55270077,0.0,4387.1,15611.3,15305.1,1079.5,36383,4,,DINAJPUR/Parbatipur,1,0.3951
Chili,BD55320021,125.3,8017.0,10164.4,161.1,4205.3,22673,2,,GAIBANDHA/Phulchhari,1,0.514
Chili,BD55320024,80.7,1274.9,5301.3,18768.2,1750.9,27176,4,,GAIBANDHA/Gaibandha,1,0.2762
Chili,BD55320030,1608.9,551.0,10968.8,25067.3,169.0,38365,4,,GAIBANDHA/Gobindaganj,1,0.3271
Chili,BD55320067,0.0,1669.0,3793.2,9725.9,424.8,15613,4,,GAIBANDHA/Palashbari,1,0.3316
Chili,BD55320082,0.0,1237.2,5327.2,13262.8,275.8,20103,4,,GAIBANDHA/Sadullapur,1,0.3137
Chili,BD55320088,7.7,2167.3,15117.0,0.0,1045.0,18337,2,,GAIBANDHA/Shaghata,1,0.5072
Chili,BD55320091,15.6,2820.4,6521.2,21978.9,1308.9,32645,4,,GAIBANDHA/Sundarganj,1,0.3041
Chili,BD55490006,0.0,5543.1,9608.0,4374.5,469.4,19995,3,,KURIGRAM/Bhurungamari,1,0.5058
Chili,BD55490008,159.8,5285.7,2377.6,370.7,984.3,9178,2,,KURIGRAM/Rajibpur (Dhushmara),1,0.6157
Chili,BD55490009,45.4,1145.2,2211.1,3310.9,3730.5,10443,4,,KURIGRAM/Chilmari,1,0.2613
Chili,BD55490018,0.0,266.0,5480.4,7688.5,124.2,13559,4,,KURIGRAM/Phulbari,1,0.3312
Chili,BD55490052,0.0,1472.1,1463.8,16854.6,1455.5,21246,4,,KURIGRAM/Kurigram,1,0.2485
Chili,BD55490061,0.0,897.9,10955.8,18955.0,4090.3,34899,4,,KURIGRAM/Nageshwari,1,0.2862
Chili,BD55490077,0.0,761.9,2061.7,10719.2,687.2,14230,4,,KURIGRAM/Rajarhat,1,0.2659
Chili,BD55490079,1705.2,1734.6,1631.7,11128.1,742.4,16942,4,,KURIGRAM/Ruhumari,1,0.3621
Chili,BD55490094,0.0,1169.7,2086.5,22603.4,1106.5,26966,4,,KURIGRAM/Ulipur,1,0.241
Chili,BD55520002,0.0,1084.7,2108.1,13348.2,621.1,17162,4,,LALMONIRHAT/Aditmari,1,0.2675
Chili,BD55520033,0.0,5419.7,8936.8,5794.5,0.0,20151,3,,LALMONIRHAT/Hatibanda,1,0.4944
Chili,BD55520039,0.0,2900.4,9518.5,8216.4,610.6,21246,4,,LALMONIRHAT/Kaliganj,1,0.4106
Chili,BD55520055,0.0,2026.6,9837.4,8790.3,582.6,21237,4,,LALMONIRHAT/Lalmonirhat,1,0.3907
Chili,BD55520070,0.0,39.7,8137.9,14010.3,0.0,22188,4,,LALMONIRHAT/Patgram,1,0.3111
Chili,BD55730012,0.0,6179.1,8204.8,12537.0,1166.0,28087,4,,NILPHAMARI/Dimla,1,0.4113
Chili,BD55730015,0.0,170.4,8627.0,12063.6,0.0,20861,4,,NILPHAMARI/Domar,1,0.329
Chili,BD55730036,0.0,2521.8,10739.3,10667.6,1318.2,25247,4,,NILPHAMARI/Jaldhaka,1,0.3771
Chili,BD55730045,0.0,159.2,13799.3,9685.5,67.0,23711,4,,NILPHAMARI/Kishorganj,1,0.3781
Chili,BD55730064,0.0,0.0,12353.1,20217.9,138.0,32709,4,,NILPHAMARI/Nilphamari,1,0.3125
Chili,BD55730085,0.0,8.2,4448.6,5679.7,139.5,10276,4,,NILPHAMARI/Saidpur,1,0.3276
Chili,BD55770004,0.0,3528.8,15907.6,722.6,0.0,20159,2,,PANCHAGARH/Atwari,1,0.5418
Chili,BD55770025,0.0,4679.3,20314.5,1411.7,67.5,26473,2,,PANCHAGARH/Boda,1,0.5358
Chili,BD55770034,0.0,6023.5,12169.4,5836.4,21.6,24051,2,,PANCHAGARH/Debiganj,1,0.5019
Chili,BD55770073,0.0,12768.8,18279.2,0.0,0.0,31048,2,,PANCHAGARH/Panchagar,1,0.6234
Chili,BD55770090,0.0,5045.3,11608.9,0.0,101.8,16756,2,,PANCHAGARH/Tetulia,1,0.5873
Chili,BD55850003,0.0,0.0,16815.0,10442.7,32.3,27290,3,,RANGPUR/Badarganj,1,0.3846
Chili,BD55850027,0.0,1765.4,9391.7,6766.0,17.9,17941,4,,RANGPUR/Gangachara,1,0.4159
Chili,BD55850042,0.0,2755.3,1703.0,8193.7,0.0,12652,4,,RANGPUR/Kaunia,1,0.371
Chili,BD55850049,0.0,0.0,12684.1,14041.5,38.3,26764,4,,RANGPUR/Rangpur,1,0.3419
Chili,BD55850058,0.0,0.0,17456.4,26938.8,227.8,44623,4,,RANGPUR/Mithapukur,1,0.3163
Chili,BD55850073,0.0,1749.8,3623.4,17513.2,193.6,23080,4,,RANGPUR/Pirgachha,1,0.2909
Chili,BD55850076,0.0,0.0,18962.0,17166.1,209.9,36338,4,,RANGPUR/Pirganj,1,0.3554
Chili,BD55850092,0.0,0.0,4771.5,6678.6,46.0,11496,4,,RANGPUR/Taraganj,1,0.3237
Chili,BD55940008,0.0,4594.6,20970.4,0.0,0.0,25565,2,,THAKURGAON/Baliadangi,1,0.5539
Chili,BD55940051,0.0,1628.2,8509.2,7524.9,404.8,18067,4,,THAKURGAON/Haripur,1,0.3909
Chili,BD55940082,0.0,7848.0,13664.7,8710.0,427.3,30650,3,,THAKURGAON/Pirganj,1,0.4846
Chili,BD55940086,0.0,3843.7,21716.2,1484.0,308.1,27352,2,,THAKURGAON/Ranisonkail,1,0.5202
Chili,BD55940094,0.0,10953.7,43656.1,5673.2,0.0,60283,2,,THAKURGAON/Thakurgaon,1,0.5263
Chili,BD60360002,56.5,0.0,3685.9,0.0,12208.6,15951,4,,HABIGANJ/Ajmiriganj,1,0.1191
Chili,BD60360005,8.6,6813.8,4468.1,8205.8,2809.7,22306,4,,HABIGANJ/Bahubal,1,0.4185
Chili,BD60360011,967.6,32.8,8503.4,0.0,33751.2,43255,4,,HABIGANJ/Baniyachang,1,0.1213
Chili,BD60360026,15.4,7385.0,4798.4,6440.7,9468.6,28108,4,,HABIGANJ/Chunarughat,1,0.3419
Chili,BD60360044,4372.2,3820.7,4036.5,751.4,8984.2,21965,4,,HABIGANJ/Habiganj,1,0.4369
Chili,BD60360068,1321.6,0.0,4654.9,0.0,11136.5,17113,4,,HABIGANJ/Lakhai,1,0.2132
Chili,BD60360071,7306.7,2636.9,12954.7,0.0,2483.8,25382,2,,HABIGANJ/Madhabpur,1,0.6262
Chili,BD60360077,6396.0,2167.9,13253.2,1821.9,12546.0,36185,4,,HABIGANJ/Nabiganj,1,0.4179
Chili,BD60580014,0.0,5037.4,7967.5,10293.2,15993.9,39292,4,,MOULVI BAZAR/Barlekha,1,0.2563
Chili,BD60580056,0.0,862.8,11105.9,6802.9,11808.3,30580,4,,MOULVI BAZAR/Kamalganj,1,0.2487
Chili,BD60580065,0.0,808.3,27383.0,3239.0,12269.7,43700,3,,MOULVI BAZAR/Kulaura,1,0.3429
Chili,BD60580074,210.9,6448.2,8775.9,2794.7,8949.2,27179,4,,MOULVI BAZAR/Moulvi Bazar,1,0.3796
Chili,BD60580080,278.9,2184.7,8333.6,358.6,11886.2,23042,4,,MOULVI BAZAR/Rajnagar,1,0.2719
Chili,BD60580083,0.0,632.8,11149.7,3035.7,17813.8,32632,4,,MOULVI BAZAR/Srimangal,1,0.205
Chili,BD60900018,1872.9,2830.7,4763.5,2138.0,6071.9,17677,4,,SUNAMGANJ/Bishambarpur,1,0.393
Chili,BD60900023,7688.2,6184.8,9269.4,0.0,11886.6,35029,4,,SUNAMGANJ/Chhatak,1,0.493
Chili,BD60900029,3103.3,1531.2,4053.2,0.0,28593.3,37281,4,,SUNAMGANJ/Dirai,1,0.1705
Chili,BD60900032,762.1,4084.0,7173.9,637.9,26616.2,39274,4,,SUNAMGANJ/Dharmapasha,1,0.1972
Chili,BD60900033,7163.8,6551.0,7560.8,224.4,8631.1,30131,3,,SUNAMGANJ/Dwarabazar,1,0.5386
Chili,BD60900047,5536.0,1612.1,8705.1,0.0,16277.8,32131,4,,SUNAMGANJ/Jagannathpur,1,0.3479
Chili,BD60900050,59.8,1536.7,2439.5,0.0,24509.0,28545,4,,SUNAMGANJ/Jamalganj,1,0.0879
Chili,BD60900086,374.1,397.5,2353.7,0.0,19172.7,22298,4,,SUNAMGANJ/Sulla,1,0.0838
Chili,BD60900089,1874.9,2047.1,18519.8,0.0,29817.2,52259,4,,SUNAMGANJ/Sunamganj,1,0.2444
Chili,BD60900092,248.8,4975.5,439.0,3907.2,13104.5,22675,4,,SUNAMGANJ/Tahirpur,1,0.2307
Chili,BD60910008,1956.7,8160.3,6268.8,173.9,14458.2,31018,4,,SYLHET/Balaganj,1,0.3757
Chili,BD60910017,0.0,1986.0,4400.0,6299.1,5362.9,18048,4,,SYLHET/Beani Bazar,1,0.2797
Chili,BD60910020,376.3,10710.0,3582.1,0.0,2098.6,16767,3,,SYLHET/Bishwanath,1,0.6403
Chili,BD60910027,721.8,7316.0,940.5,0.0,19585.8,28564,4,,SYLHET/Companiganj,1,0.2466
Chili,BD60910035,133.2,689.7,1144.3,2077.0,4592.8,8637,4,,SYLHET/Fenchuganj,1,0.1936
Chili,BD60910038,138.4,4821.2,3203.5,4352.9,3661.1,16177,4,,SYLHET/Golapganj,1,0.3998
Chili,BD60910041,1198.4,15192.3,2560.6,0.0,25620.7,44572,4,,SYLHET/Gowainghat,1,0.3283
Chili,BD60910053,493.9,4865.0,3655.0,172.9,7853.2,17040,4,,SYLHET/Jaintapur,1,0.3667
Chili,BD60910059,0.0,1894.8,12845.0,697.7,14475.5,29913,4,,SYLHET/Kanaighat,1,0.27
Chili,BD60910062,2399.1,18431.6,3659.4,0.0,12298.9,36789,3,,SYLHET/Sylhet,1,0.5158
Chili,BD60910094,0.0,1032.5,8646.1,1889.4,7712.0,19280,4,,SYLHET/Zakiganj,1,0.2867
Garlic,BD10040009,0.0,40.5,13166.7,14026.1,16936.7,44170,4,,BARGUNA/Amtali,1,0.2133
Garlic,BD10040019,0.0,7186.5,15.5,0.0,0.0,7202,1,,BARGUNA/Bamna,1,0.7994
Garlic,BD10040028,0.0,200.8,10891.5,10273.0,3911.6,25277,4,,BARGUNA/Borguna,1,0.3031
Garlic,BD10040047,0.0,8228.9,352.0,0.0,2710.1,11291,1,,BARGUNA/Betagi,1,0.5986
Garlic,BD10040085,0.0,1145.5,5911.4,10668.5,1897.6,19623,4,,BARGUNA/Patharghata,1,0.3061
Garlic,BD10060002,3171.6,1179.1,22.4,0.0,8499.9,12873,4,,BARISAL/Agailjhara,1,0.3205
Garlic,BD10060003,437.9,10387.1,0.0,0.0,0.0,10825,1,,BARISAL/Babuganj,1,0.8081
Garlic,BD10060007,602.5,24861.3,2953.9,0.0,3213.3,31631,1,,BARISAL/Bakerganj,1,0.6945
Garlic,BD10060010,378.8,2578.4,21.9,0.0,7138.0,10117,4,,BARISAL/Banaripara,1,0.2424
Garlic,BD10060032,1166.5,7045.0,164.8,0.0,2095.7,10472,1,,BARISAL/Gaurnadi,1,0.6575
Garlic,BD10060036,6725.4,10787.8,553.5,0.0,1587.4,19654,1,,BARISAL/Hizla,1,0.7954
Garlic,BD10060051,981.7,18153.2,0.0,0.0,86.1,19221,1,,BARISAL/Barisal,1,0.8066
Garlic,BD10060062,3687.8,20950.3,952.3,0.0,18.7,25609,1,,BARISAL/Mehendiganj,1,0.8171
Garlic,BD10060069,5921.0,12537.4,252.9,73.7,0.0,18785,1,,BARISAL/Muladi,1,0.8566
Garlic,BD10060094,4231.9,4154.1,0.0,0.0,11146.0,19532,4,,BARISAL/Ujirpur,1,0.3868
Garlic,BD10090018,3191.5,8324.4,11177.6,228.0,551.5,23473,2,,BHOLA/Bhola,1,0.6597
Garlic,BD10090021,13.5,3093.6,6207.5,9179.5,141.8,18636,4,,BHOLA/Burhanuddin,1,0.3986
Garlic,BD10090025,351.5,667.9,4280.1,25663.1,13719.2,44682,4,,BHOLA/Char Fasson,1,0.1826
Garlic,BD10090029,616.1,3355.9,4393.5,36.5,0.0,8402,2,,BHOLA/Daulatkhan,1,0.6552
Garlic,BD10090054,7.0,10463.1,6033.1,1652.4,3403.3,21559,3,,BHOLA/Lalmohan,1,0.5438
Garlic,BD10090065,135.5,0.0,0.0,3540.4,11722.1,15398,4,,BHOLA/Monpura,1,0.0548
Garlic,BD10090091,31.9,7658.7,1737.3,0.0,757.1,10185,1,,BHOLA/Tajumuddin,1,0.69
Garlic,BD10420040,0.0,10752.2,1398.2,0.0,3586.6,15737,3,,JHALAKATI/Jhalakati,1,0.591
Garlic,BD10420043,0.0,4935.5,0.0,0.0,7004.5,11940,4,,JHALAKATI/Kathalia,1,0.3307
Garlic,BD10420073,0.0,15257.0,0.0,0.0,0.0,15257,1,,JHALAKATI/Nalchiti,1,0.8
Garlic,BD10420084,0.0,10156.6,0.0,0.0,2281.4,12438,1,,JHALAKATI/Rajapur,1,0.6533
Garlic,BD10780038,54.8,33642.5,2357.4,0.0,18.3,36073,1,,PATUAKHALI/Bauphal,1,0.7803
Garlic,BD10780052,0.0,10586.4,2539.7,855.1,2881.8,16863,3,,PATUAKHALI/Dashmina,1,0.5877
Garlic,BD10780057,140.4,22060.7,4923.2,2864.1,29763.7,59752,4,,PATUAKHALI/Galachipa,1,0.3485
Garlic,BD10780066,0.0,0.0,0.0,15766.7,19499.3,35266,4,,PATUAKHALI/Kalapara,1,0.0894
Garlic,BD10780076,0.0,5862.5,2643.6,0.0,3492.9,11999,3,,PATUAKHALI/Mirzaganj,1,0.501
Garlic,BD10780095,0.0,21550.0,7591.0,0.0,1069.0,30210,1,,PATUAKHALI/Patuakhali,1,0.6963
Garlic,BD10790014,0.0,6700.5,1221.5,0.0,2493.0,10415,3,,PIROJPUR/Bhandaria,1,0.5733
Garlic,BD10790047,0.0,680.9,0.0,0.0,4135.1,4816,4,,PIROJPUR/Kawkhali,1,0.1131
Garlic,BD10790058,0.0,2190.6,18331.1,0.0,2365.3,22887,2,,PIROJPUR/Mathbaria,1,0.477
Garlic,BD10790076,777.3,1116.5,911.6,0.0,13864.6,16670,4,,PIROJPUR/Nazirpur,1,0.1276
Garlic,BD10790080,0.0,3492.0,4299.3,0.0,12507.7,20299,4,,PIROJPUR/Pirojpur,1,0.2435
Garlic,BD10790087,0.0,48.9,630.1,0.0,10876.0,11555,4,,PIROJPUR/Sarupkati,1,0.0307
Garlic,BD20030004,83.1,203.9,747.6,0.0,22429.4,23464,4,,BANDARBAN/Alikadam,1,0.0264
Garlic,BD20030014,101.8,0.0,0.0,0.0,15244.2,15346,4,,BANDARBAN/Bandarban,1,0.0066
Garlic,BD20030051,167.4,381.1,58.8,0.0,15856.8,16464,4,,BANDARBAN/Lama,1,0.0305
Garlic,BD20030073,142.6,4.8,12.7,0.0,8091.0,8251,4,,BANDARBAN/Naikhongchhari,1,0.0185
Garlic,BD20030089,8.1,32.3,0.0,0.0,10233.7,10274,4,,BANDARBAN/Rowangchhari,1,0.0033
Garlic,BD20030091,0.0,0.0,0.0,0.0,7396.0,7396,4,,BANDARBAN/Ruma,1,0.0
Garlic,BD20030095,0.0,71.4,14.5,0.0,5512.2,5598,4,,BANDARBAN/Thanchi,1,0.0115
Garlic,BD20120002,275.1,1089.7,4179.0,95.2,3121.0,8760,4,,BRAHMANBARIA/Akhaura,1,0.3716
Garlic,BD20120004,1399.0,3773.6,2790.5,3940.0,2661.9,14565,4,,BRAHMANBARIA/Banchharampur,1,0.4532
Garlic,BD20120013,54.3,2263.2,24856.4,3154.5,12757.6,43086,4,,BRAHMANBARIA/Brahmanbaria,1,0.3464
Garlic,BD20120063,490.5,792.4,12602.3,301.9,3327.9,17515,2,,BRAHMANBARIA/Kasba,1,0.4274
Garlic,BD20120085,1033.8,411.9,20587.9,2164.6,4910.7,29109,2,,BRAHMANBARIA/Nabinagar,1,0.4153
Garlic,BD20120090,1235.9,55.1,15980.7,39.4,8509.9,25821,3,,BRAHMANBARIA/Nasirnagar,1,0.3593
Garlic,BD20120094,307.5,1098.3,8092.2,940.1,8065.8,18504,4,,BRAHMANBARIA/Sarail,1,0.2929
Garlic,BD20130022,1246.8,234.1,10622.6,272.2,125.2,12501,2,,CHANDPUR/Chandpur,1,0.5439
Garlic,BD20130045,5061.3,1274.4,8606.7,0.0,700.6,15643,2,,CHANDPUR/Faridganj,1,0.6638
Garlic,BD20130047,2061.9,4016.2,515.5,0.0,4.5,6598,1,,CHANDPUR/Haimchar,1,0.8385
Garlic,BD20130049,0.0,0.0,11203.9,424.8,1843.3,13472,2,,CHANDPUR/Hajiganj,1,0.4221
Garlic,BD20130058,0.0,168.4,9051.4,680.2,7893.0,17793,4,,CHANDPUR/Kachua,1,0.2696
Garlic,BD20130076,1140.2,2741.8,20444.9,1838.9,448.2,26614,2,Matlab,CHANDPUR/Matlab,1,0.5232
Garlic,BD20130079,1140.2,2741.8,20444.9,1838.9,448.2,26614,2,Matlab,CHANDPUR/Matlab,1,0.5232
Garlic,BD20130095,882.5,0.0,8768.0,5.7,2160.9,11817,2,,CHANDPUR/Shahrasti,1,0.4458
Garlic,BD20150004,117.3,6803.9,1155.5,0.0,1384.3,9461,1,,CHITTAGONG/Anwara,1,0.6488
Garlic,BD20150008,876.2,12022.8,930.6,835.5,11363.9,26029,4,,CHITTAGONG/Banskhali,1,0.4275
Garlic,BD20150012,2362.9,4451.3,0.0,0.0,178.8,6993,1,,CHITTAGONG/Boalkhali,1,0.8471
Garlic,BD20150018,1955.2,3200.3,110.0,20.0,6080.5,11366,4,,CHITTAGONG/Chandanais,1,0.4025
Garlic,BD20150033,1251.4,5145.5,1376.2,5915.8,9959.1,23648,4,,CHITTAGONG/Fatikchhari,1,0.3061
Garlic,BD20150037,367.4,5589.4,1894.6,0.0,4665.7,12517,4,,CHITTAGONG/Hathazari,1,0.4623
Garlic,BD20150047,91.3,638.9,0.0,0.0,11778.9,12509,4,,CHITTAGONG/Lohagora,1,0.0482
Garlic,BD20150053,4985.1,8466.8,1086.7,321.8,7849.6,22710,3,,CHITTAGONG/Mirsharai,1,0.5445
Garlic,BD20150061,1516.5,6155.1,182.0,0.0,4135.5,11989,3,,CHITTAGONG/Patia,1,0.5448
Garlic,BD20150070,1745.9,5243.3,2465.5,2805.7,7290.5,19551,4,,CHITTAGONG/Rangunia,1,0.3956
Garlic,BD20150074,775.4,8066.0,1879.8,1338.8,1824.1,13884,3,,CHITTAGONG/Rauzan,1,0.6076
Garlic,BD20150078,0.0,941.0,3696.2,16405.0,6344.7,27387,4,,CHITTAGONG/Sandwip,1,0.2148
Garlic,BD20150082,3554.9,5662.3,521.1,0.0,6698.7,16437,3,,CHITTAGONG/Satkania,1,0.5077
Garlic,BD20150086,790.6,4658.7,117.0,0.0,3710.8,9277,3,,CHITTAGONG/Sitakunda,1,0.4933
Garlic,BD20151600,0.0,0.0,0.0,0.0,0.0,0,4,,CHITTAGONG/Patenga; CHITTAGONG/Double Mooring; CHITTAGONG/Panchlais,3,
Garlic,BD20190009,60.7,323.9,18099.1,0.0,47.2,18531,2,,COMILLA/Barura,1,0.5056
Garlic,BD20190015,7.7,1321.1,7642.2,937.0,599.1,10507,2,,COMILLA/Brahmanpara,1,0.4828
Garlic,BD20190018,1360.3,4646.4,4646.4,64.4,2083.4,12801,2,,COMILLA/Burichang,1,0.5791
Garlic,BD20190027,0.0,375.2,7559.8,0.0,7657.0,15592,4,,COMILLA/Chandina,1,0.2617
Garlic,BD20190031,7.7,5276.1,15002.9,0.0,1635.3,21922,2,,COMILLA/Chauddagram,1,0.5351
Garlic,BD20190036,50.5,0.0,2080.6,3686.5,33824.5,39642,4,,COMILLA/Daudkandi,1,0.0461
Garlic,BD20190040,905.7,0.0,15446.8,242.5,2168.0,18763,2,,COMILLA/Debiduar,1,0.4625
Garlic,BD20190054,49.9,66.6,990.5,7325.0,5318.9,13751,4,,COMILLA/Homna,1,0.1501
Garlic,BD20190067,630.1,12034.3,2543.6,0.0,5363.9,20572,3,,COMILLA/Comilla,1,0.5604
Garlic,BD20190072,151.7,165.5,28779.4,3750.8,551.6,33399,2,,COMILLA/Laksham,1,0.4618
Garlic,BD20190081,530.3,14.9,14377.9,4488.9,9650.0,29062,4,,COMILLA/Muradnagar,1,0.2969
Garlic,BD20190087,0.0,2336.0,16528.7,22.1,383.2,19270,2,,COMILLA/Nangalkot,1,0.5261
Garlic,BD20220016,1854.5,5492.3,636.0,4862.2,24531.0,37376,4,,COX'S BAZAR/Chakaria,1,0.2017
Garlic,BD20220024,552.5,2802.1,623.6,1594.4,10695.4,16268,4,,COX'S BAZAR/Cox's Bazar,1,0.2105
Garlic,BD20220045,0.0,950.8,0.0,5015.9,543.3,6510,4,,COX'S BAZAR/Kutubdia,1,0.2709
Garlic,BD20220049,28.1,538.7,286.2,2553.4,12716.6,16123,4,,COX'S BAZAR/Moheshkhali,1,0.069
Garlic,BD20220066,1208.4,2062.2,224.3,141.1,11418.0,15054,4,,COX'S BAZAR/Ramu,1,0.1992
Garlic,BD20220090,0.0,134.1,251.9,910.2,11763.8,13060,4,,COX'S BAZAR/Teknaf,1,0.0318
Garlic,BD20220094,391.5,369.7,24.9,0.0,7469.0,8255,4,,COX'S BAZAR/Ukhia,1,0.0848
Garlic,BD20300014,2093.7,8192.5,303.7,0.0,4.0,10594,1,,FENI/Chhagalnaiya,1,0.8306
Garlic,BD20300025,6057.0,941.5,2016.4,0.0,3350.2,12365,4,,FENI/Daganbhuiya,1,0.6323
Garlic,BD20300029,4543.6,491.7,9513.3,0.0,1042.5,15591,2,,FENI/Feni,1,0.6217
Garlic,BD20300051,0.0,15842.6,1086.4,0.0,0.0,16929,1,,FENI/Parshuram,1,0.7807
Garlic,BD20300094,3111.4,98.8,13216.0,493.9,0.0,16920,2,,FENI/Sonagazi,1,0.5849
Garlic,BD20460043,812.2,280.3,0.0,0.0,14493.5,15586,4,,KHAGRACHHARI/Dighinala,1,0.0665
Garlic,BD20460049,590.7,190.4,3.2,0.0,7785.6,8570,4,,KHAGRACHHARI/Khagrachhari,1,0.0869
Garlic,BD20460061,187.9,5.6,0.0,7.4,4399.1,4600,4,,KHAGRACHHARI/Laksmichhari,1,0.0421
Garlic,BD20460065,417.5,132.4,0.0,25.5,7916.7,8492,4,,KHAGRACHHARI/Mohalchhari,1,0.0622
Garlic,BD20460067,547.4,0.0,0.0,44.9,6267.8,6860,4,,KHAGRACHHARI/Manikchhari,1,0.0811
Garlic,BD20460070,325.5,225.4,133.5,0.0,17970.6,18655,4,,KHAGRACHHARI/Matiranga,1,0.0307
Garlic,BD20460077,466.0,144.5,0.0,0.0,9269.5,9880,4,,KHAGRACHHARI/Panchhari,1,0.0589
Garlic,BD20460080,98.9,40.7,0.0,20.4,9571.9,9732,4,,KHAGRACHHARI/Ramgarh,1,0.0139
Garlic,BD20510043,12458.4,3628.8,16418.2,307.3,112.3,32925,2,,LAKSHMIPUR/Laksmipur,1,0.7178
Garlic,BD20510058,3017.7,2445.1,5096.3,0.0,0.0,10559,2,,LAKSHMIPUR/Raipur,1,0.7124
Garlic,BD20510065,1084.0,1247.6,8583.2,0.0,1561.2,12476,2,,LAKSHMIPUR/Ramganj,1,0.5109
Garlic,BD20510073,0.0,1154.3,3611.8,29170.3,2740.5,36677,4,,LAKSHMIPUR/Ramgati,1,0.2335
Garlic,BD20750007,4229.1,39.0,403.4,0.0,25914.5,30586,4,,NOAKHALI/Begumganj,1,0.1459
Garlic,BD20750010,1058.6,68.5,5237.0,0.0,2627.9,8992,3,,NOAKHALI/Chatkhil,1,0.415
Garlic,BD20750021,0.0,7013.4,6894.8,8832.7,4548.2,27289,4,,NOAKHALI/Companiganj,1,0.3967
Garlic,BD20750036,0.0,259.5,6838.8,7656.4,21522.2,36277,4,,NOAKHALI/Hatiya,1,0.1422
Garlic,BD20750080,2448.9,1051.5,5292.1,0.0,3569.6,12362,4,,NOAKHALI/Senbag,1,0.4802
Garlic,BD20750087,3084.9,49.3,26707.5,12262.1,25834.2,67938,4,,NOAKHALI/Noakhali,1,0.2786
Garlic,BD20840007,371.3,106.1,240.7,0.0,16406.9,17125,4,,RANGAMATI/Baghaichhari,1,0.0337
Garlic,BD20840021,108.3,0.0,0.0,0.0,10204.7,10313,4,,RANGAMATI/Barkal,1,0.0105
Garlic,BD20840025,131.5,0.0,0.0,5.1,12684.4,12821,4,,RANGAMATI/Kawkhali (Betbunia),1,0.0103
Garlic,BD20840029,74.1,0.0,0.0,0.0,5662.9,5737,4,,RANGAMATI/Belaichhari,1,0.0129
Garlic,BD20840036,121.6,5.5,0.0,0.0,5961.9,6089,4,,RANGAMATI/Kaptai,1,0.0207
Garlic,BD20840047,82.6,28.5,0.0,0.0,11958.9,12070,4,,RANGAMATI/Juraichhari,1,0.0087
Garlic,BD20840058,537.4,0.0,585.2,0.0,12503.4,13626,4,,RANGAMATI/Langadu,1,0.0609
Garlic,BD20840075,382.9,0.0,0.0,0.0,10050.1,10433,4,,RANGAMATI/Nannerchar,1,0.0367
Garlic,BD20840078,27.0,0.0,1.2,9.8,3581.9,3620,4,,RANGAMATI/Rajasthali,1,0.0082
Garlic,BD20840087,185.8,0.0,0.0,0.0,8360.2,8546,4,,RANGAMATI/Rangamati,1,0.0217
Garlic,BD30260014,769.8,14955.7,4763.4,24.1,5870.0,26383,3,,DHAKA/Dhamrai,1,0.5731
Garlic,BD30260018,3244.0,3212.6,1641.6,94.3,675.5,8868,2,,DHAKA/Dohar,1,0.7503
Garlic,BD30260038,1473.1,2633.3,3274.5,84.0,5755.1,13220,4,,DHAKA/Keraniganj,1,0.3959
Garlic,BD30260062,932.4,3847.7,3468.5,7123.4,4146.0,19518,4,,DHAKA/Nawabganj,1,0.3673
Garlic,BD30260072,1027.6,7370.4,2018.5,6104.3,6887.2,23408,4,,DHAKA/Savar,1,0.3911
Garlic,BD30262000,0.0,0.0,0.0,0.0,0.0,0,4,Dhaka Metro,DHAKA/Dhaka Metro,1,
Garlic,BD30262500,0.0,0.0,0.0,0.0,0.0,0,4,Dhaka Metro,DHAKA/Dhaka Metro,1,
Garlic,BD30290003,1526.1,3173.4,5285.7,0.0,555.9,10541,2,,FARIDPUR/Alfadanga,1,0.6363
Garlic,BD30290010,419.1,5745.3,8846.5,0.0,2141.1,17152,2,,FARIDPUR/Bhanga,1,0.5503
Garlic,BD30290018,652.8,15588.2,5542.6,18.1,985.2,22787,3,,FARIDPUR/Boalmari,1,0.6977
Garlic,BD30290021,6527.9,486.4,944.6,0.0,0.0,7959,1,,FARIDPUR/Char Bhadrasan,1,0.9284
Garlic,BD30290047,7993.0,20409.7,2538.6,0.0,192.7,31134,1,,FARIDPUR/Faridpur,1,0.8219
Garlic,BD30290056,46.4,13628.2,2530.6,487.6,1091.2,17784,1,,FARIDPUR/Madhukhali,1,0.6923
Garlic,BD30290062,221.0,12139.7,18717.8,0.0,1296.5,32375,2,,FARIDPUR/Nagarkanda,1,0.5959
Garlic,BD30290084,10503.1,5771.3,4907.6,68.8,38.2,21289,2,,FARIDPUR/Sadarpur,1,0.8261
Garlic,BD30330030,1200.0,13140.0,2180.0,10170.0,10350.0,37040,4,,GAZIPUR/Gazipur,1,0.4005
Garlic,BD30330032,1294.4,9183.5,1867.8,7373.0,7766.3,27485,4,,GAZIPUR/Kaliakoir,1,0.402
Garlic,BD30330034,611.6,2293.4,2828.5,4416.9,8587.5,18738,4,,GAZIPUR/Kaliganj,1,0.2532
Garlic,BD30330036,2120.4,7347.9,4224.4,11344.0,6418.2,31455,4,,GAZIPUR/Kapasia,1,0.3936
Garlic,BD30330086,135.5,13674.4,4606.1,17476.1,7755.9,43648,4,,GAZIPUR/Sripur,1,0.3866
Garlic,BD30350032,486.9,7694.0,10248.1,2482.2,11652.8,32564,4,,GOPALGANJ/Gopalganj,1,0.3766
Garlic,BD30350043,191.6,8641.6,6775.7,674.0,6662.1,22945,4,,GOPALGANJ/Kasiani,1,0.4632
Garlic,BD30350051,0.0,209.8,4478.4,637.5,27136.4,32462,4,,GOPALGANJ/Kotalipara,1,0.0781
Garlic,BD30350058,39.1,3984.8,10226.0,4213.0,5889.1,24352,4,,GOPALGANJ/Muksudpur,1,0.3771
Garlic,BD30350091,1774.8,1021.1,3124.0,91.2,4831.9,10843,4,,GOPALGANJ/Tungipara,1,0.3848
Garlic,BD30480002,1555.0,0.0,524.4,2088.4,21336.2,25504,4,,KISHOREGANJ/Ashtagram,1,0.0876
Garlic,BD30480006,1262.2,3687.1,4260.8,451.3,4987.5,14649,4,,KISHOREGANJ/Bajitpur,1,0.4391
Garlic,BD30480011,5072.9,487.7,1713.6,0.0,33.9,7308,2,,KISHOREGANJ/Bhairab,1,0.8648
Garlic,BD30480027,1572.8,3124.0,4380.7,0.0,179.5,9257,2,,KISHOREGANJ/Hossainpur,1,0.6765
Garlic,BD30480033,1514.1,966.8,930.4,4925.4,28950.3,37287,4,,KISHOREGANJ/Itna,1,0.1002
Garlic,BD30480042,98.0,7160.3,3874.1,2110.4,2992.2,16235,3,,KISHOREGANJ/Karimganj,1,0.5042
Garlic,BD30480045,0.0,8639.5,5857.4,293.2,2538.9,17329,2,,KISHOREGANJ/Katiadi,1,0.5712
Garlic,BD30480049,0.0,6331.0,5087.2,151.4,967.4,12537,2,,KISHOREGANJ/Kishoreganj,1,0.6093
Garlic,BD30480054,973.3,1718.5,4478.8,737.6,159.7,8068,2,,KISHOREGANJ/Kuliarchar,1,0.5869
Garlic,BD30480059,1426.9,125.9,1368.2,4079.4,12078.6,19079,4,,KISHOREGANJ/Mithamoin,1,0.1587
Garlic,BD30480076,197.6,1885.0,2008.4,2321.2,10132.8,16545,4,,KISHOREGANJ/Nikli,1,0.1918
Garlic,BD30480079,609.3,7655.6,6335.4,0.0,343.7,14944,2,,KISHOREGANJ/Pakundia,1,0.6626
Garlic,BD30480092,0.0,4014.9,4366.1,654.5,3344.4,12380,3,,KISHOREGANJ/Tarail,1,0.4464
Garlic,BD30540040,1458.8,7610.0,9844.8,1746.2,1710.3,22370,2,,MADARIPUR/Kalkini,1,0.573
Garlic,BD30540054,3355.8,5788.9,8326.2,3080.5,2068.5,22620,3,,MADARIPUR/Madaripur,1,0.5644
Garlic,BD30540080,155.7,3869.8,6073.3,1378.2,8346.9,19824,4,,MADARIPUR/Rajoir,1,0.3311
Garlic,BD30540087,3278.0,10581.2,7606.7,702.9,96.2,22265,2,,MADARIPUR/Sibchar,1,0.7046
Garlic,BD30560010,5496.9,5245.1,4480.9,538.4,1710.7,17472,2,,MANIKGANJ/Daulatpur,1,0.6892
Garlic,BD30560022,1048.0,903.4,7596.2,939.6,1105.8,11593,3,,MANIKGANJ/Ghior,1,0.4966
Garlic,BD30560028,2205.3,960.1,5140.8,4420.7,120.0,12847,4,,MANIKGANJ/Harirampur,1,0.5004
Garlic,BD30560046,1538.5,10520.3,3509.5,1580.1,748.5,17897,3,,MANIKGANJ/Manikganj,1,0.6719
Garlic,BD30560070,2036.3,6893.2,1964.3,287.8,345.4,11527,2,,MANIKGANJ/Saturia,1,0.7453
Garlic,BD30560078,1899.5,724.0,9431.3,1062.7,46.5,13164,2,,MANIKGANJ/Sibalay,1,0.5627
Garlic,BD30560082,2524.2,8463.5,3652.7,482.6,2242.1,17365,2,,MANIKGANJ/Singair,1,0.646
Garlic,BD30590024,3280.0,32.4,0.0,40.5,5904.1,9257,4,,MUNSHIGANJ/Gozaria,1,0.358
Garlic,BD30590044,631.3,786.2,1959.5,470.5,3591.4,7439,4,,MUNSHIGANJ/Lohajang,1,0.3138
Garlic,BD30590056,3021.6,4309.6,1770.2,299.1,787.4,10188,2,,MUNSHIGANJ/Munshiganj,1,0.7277
Garlic,BD30590074,4009.2,2256.7,3000.7,2901.5,2975.9,15144,4,,MUNSHIGANJ/Serajdikhan,1,0.5213
Garlic,BD30590084,1269.8,1362.5,1519.5,2882.0,7854.2,14888,4,,MUNSHIGANJ/Srinagar,1,0.2483
Garlic,BD30590094,1300.4,913.0,1625.5,0.0,4406.1,8245,4,,MUNSHIGANJ/Tongibari,1,0.3449
Garlic,BD30670002,3456.6,313.0,245.0,3225.3,5593.2,12833,4,,NARAYANGANJ/Araihazar,1,0.3487
Garlic,BD30670004,3834.8,824.7,2251.4,1690.6,5022.4,13624,4,,NARAYANGANJ/Sonargaon,1,0.4373
Garlic,BD30670006,0.0,0.0,0.0,0.0,0.0,0,4,,NARAYANGANJ/Bandar,1,
Garlic,BD30670058,0.0,0.0,0.0,0.0,0.0,0,4,,NARAYANGANJ/Narayanganj,1,
Garlic,BD30670068,785.5,1118.9,1271.4,4311.6,7707.7,15195,4,,NARAYANGANJ/Rupganj,1,0.2092
Garlic,BD30680007,1752.5,2938.0,1273.9,1995.5,1259.1,9219,4,,NARSINGDI/Belabo,1,0.5574
Garlic,BD30680052,4845.3,2907.2,2261.2,2979.0,2146.3,15139,4,,NARSINGDI/Manohardi,1,0.5877
Garlic,BD30680060,5400.8,2086.9,943.3,2687.9,5576.1,16695,4,,NARSINGDI/Narsingdi,1,0.484
Garlic,BD30680063,755.3,1825.8,1215.0,1523.7,1103.3,6423,4,,NARSINGDI/Palas,1,0.487
Garlic,BD30680064,10297.6,1555.8,955.0,3997.3,7024.2,23830,4,,NARSINGDI/Raipura,1,0.5379
Garlic,BD30680076,3772.1,4800.2,1702.7,3556.0,2423.0,16254,4,,NARSINGDI/Sibpur,1,0.5645
Garlic,BD30820007,0.0,11775.6,4468.3,220.0,2124.1,18588,3,,RAJBARI/Baliakandi,1,0.6294
Garlic,BD30820029,3997.9,5131.2,1070.9,0.0,0.0,10200,1,,RAJBARI/Goalanda,1,0.8469
Garlic,BD30820073,2099.4,25855.9,4545.0,57.7,707.0,33265,1,,RAJBARI/Pangsha,1,0.7536
Garlic,BD30820076,1536.1,16434.7,3518.9,0.0,760.2,22250,1,,RAJBARI/Rajbari,1,0.739
Garlic,BD30860014,3850.0,8221.9,1361.5,2972.6,832.0,17238,3,,SHARIATPUR/Bhedarganj,1,0.6789
Garlic,BD30860025,299.6,2602.1,1774.1,1939.7,796.4,7412,4,,SHARIATPUR/Damudya,1,0.4933
Garlic,BD30860036,1061.7,7539.0,2455.8,1876.7,589.8,13523,3,,SHARIATPUR/Goshairhat,1,0.6431
Garlic,BD30860065,978.7,4977.2,5408.6,3412.6,701.8,15479,3,,SHARIATPUR/Naria,1,0.5393
Garlic,BD30860069,11.3,5349.7,4425.9,1059.7,351.4,11198,2,,SHARIATPUR/Palong (Sadar),1,0.5997
Garlic,BD30860094,3851.6,8456.2,3700.9,566.6,444.7,17020,2,,SHARIATPUR/Janjira,1,0.7391
Garlic,BD30930009,492.0,3697.3,7349.8,0.0,1557.9,13097,2,,TANGAIL/Basail,1,0.544
Garlic,BD30930019,10067.9,4423.2,2001.2,34.5,400.2,16927,1,,TANGAIL/Bhuapur,1,0.8634
Garlic,BD30930023,3554.4,5863.7,4401.4,0.0,195.5,14015,2,,TANGAIL/Delduar,1,0.7454
Garlic,BD30930028,6441.9,8087.0,8657.1,11735.5,6018.4,40940,4,,TANGAIL/Ghatail,1,0.4784
Garlic,BD30930038,1349.4,5831.3,9328.7,0.0,557.7,17067,2,,TANGAIL/Gopalpur,1,0.6257
Garlic,BD30930047,9391.4,3125.9,9412.1,151.5,709.2,22790,2,,TANGAIL/Kalihati,1,0.7296
Garlic,BD30930057,5819.6,5498.4,10272.2,8464.3,12722.5,42777,4,,TANGAIL/Madhupur,1,0.3985
Garlic,BD30930066,0.0,12660.9,8567.6,4339.8,4847.7,30416,3,,TANGAIL/Mirzapur,1,0.5024
Garlic,BD30930076,9229.6,7260.4,2592.5,0.0,375.4,19458,1,,TANGAIL/Nagarpur,1,0.8395
Garlic,BD30930085,585.3,702.4,12776.5,16773.4,10092.4,40930,4,,TANGAIL/Shakhipur,1,0.2661
Garlic,BD30930095,13157.2,4176.8,5457.7,0.0,245.3,23037,2,,TANGAIL/Tangail,1,0.8346
Garlic,BD40010008,0.0,12.0,10894.5,4190.7,2320.8,17418,3,,BAGERHAT/Bagerhat,1,0.3614
Garlic,BD40010014,1668.9,553.1,5618.1,349.3,6122.6,14312,4,,BAGERHAT/Chitalmari,1,0.3487
Garlic,BD40010034,0.0,0.0,6565.3,1424.3,2086.4,10076,3,,BAGERHAT/Fakirhat,1,0.3541
Garlic,BD40010038,0.0,0.0,7973.7,221.5,335.8,8531,2,,BAGERHAT/Kachua,1,0.4725
Garlic,BD40010056,2283.6,2445.2,253.0,7.0,10940.2,15929,4,,BAGERHAT/Mollahat,1,0.2742
Garlic,BD40010058,0.0,0.0,0.0,1357.7,13065.3,14423,4,,BAGERHAT/Mongla,1,0.0188
Garlic,BD40010060,0.0,7012.9,4775.2,15919.9,5469.9,33178,4,,BAGERHAT/Morelganj,1,0.337
Garlic,BD40010073,0.0,0.0,7186.7,6453.7,10801.6,24442,4,,BAGERHAT/Rampal,1,0.1998
Garlic,BD40010077,0.0,2367.0,57.7,5751.6,1789.7,9966,4,,BAGERHAT/Sarankhola,1,0.3083
Garlic,BD40180007,0.0,25621.3,50.9,0.0,1955.8,27628,1,,CHUADANGA/Alamdanga,1,0.7428
Garlic,BD40180023,133.9,20963.9,0.0,0.0,2030.2,23128,1,,CHUADANGA/Chuadanga,1,0.7309
Garlic,BD40180031,576.7,21626.6,0.0,0.0,3780.7,25984,1,,CHUADANGA/Damurhuda,1,0.688
Garlic,BD40180055,127.6,13610.6,0.0,0.0,2160.9,15899,1,,CHUADANGA/Jibannagar,1,0.6929
Garlic,BD40410004,0.0,8227.4,1466.6,0.0,7069.9,16764,4,,JESSORE/Abhoynagar,1,0.4364
Garlic,BD40410009,0.0,15869.9,0.0,0.0,3004.1,18874,1,,JESSORE/Bagherpara,1,0.6727
Garlic,BD40410011,0.0,19200.1,0.0,0.0,3383.9,22584,1,,JESSORE/Chaugachha,1,0.6801
Garlic,BD40410023,0.0,21616.0,259.2,0.0,2505.8,24381,1,,JESSORE/Jhikorgachha,1,0.7146
Garlic,BD40410038,0.0,14030.3,19.3,885.7,3863.8,18799,1,,JESSORE/Keshabpur,1,0.607
Garlic,BD40410047,0.0,27789.9,0.0,0.0,3772.1,31562,1,,JESSORE/Jessore,1,0.7044
Garlic,BD40410061,0.0,24887.5,202.2,0.0,7406.3,32496,1,,JESSORE/Manirampur,1,0.6158
Garlic,BD40410090,0.0,21351.1,0.0,0.0,6547.9,27899,1,,JESSORE/Sarsa,1,0.6122
Garlic,BD40440014,0.0,17839.4,0.0,0.0,50.6,17890,1,,JHENAIDAH/Harinakundu,1,0.7977
Garlic,BD40440019,0.0,30506.2,0.0,0.0,5549.8,36056,1,,JHENAIDAH/Jhenaidah,1,0.6769
Garlic,BD40440033,0.0,23197.7,0.0,0.0,2260.3,25458,1,,JHENAIDAH/Kaliganj,1,0.729
Garlic,BD40440042,0.0,10734.8,0.0,0.0,1156.2,11891,1,,JHENAIDAH/Kotchandpur,1,0.7222
Garlic,BD40440071,0.0,26755.7,0.0,0.0,7178.3,33934,1,,JHENAIDAH/Maheshpur,1,0.6308
Garlic,BD40440080,0.0,25812.2,967.2,0.0,3285.6,30065,1,,JHENAIDAH/Sailkupa,1,0.7029
Garlic,BD40470012,0.0,518.4,11004.1,2414.1,3954.4,17891,3,,KHULNA/Batiaghata,1,0.3577
Garlic,BD40470017,0.0,0.0,1116.2,0.0,21428.8,22545,4,,KHULNA/Dacope,1,0.0248
Garlic,BD40470030,87.7,9402.9,4840.4,3597.4,18637.6,36566,4,,KHULNA/Dumuria,1,0.294
Garlic,BD40470040,0.0,2201.0,378.0,0.0,1823.0,4402,3,,KHULNA/Dighalia (Daulathpur),1,0.4429
Garlic,BD40470053,0.0,0.0,74.3,0.0,21070.7,21145,4,,KHULNA/Koyra,1,0.0018
Garlic,BD40470064,0.0,4930.7,863.7,0.0,26313.6,32108,4,,KHULNA/Paikgachha,1,0.1363
Garlic,BD40470069,0.0,3120.8,494.9,0.0,1182.3,4798,3,,KHULNA/Phultala,1,0.5719
Garlic,BD40470075,231.0,1423.3,1779.1,349.6,1648.0,5431,4,,KHULNA/Rupsha,1,0.4289
Garlic,BD40470094,1173.4,1430.3,895.7,76.4,12421.3,15997,4,,KHULNA/Terakhada,1,0.1738
Garlic,BD40473300,0.0,2080.0,40.0,0.0,0.0,2120,1,,KHULNA/Khulna Metro,1,0.7943
Garlic,BD40500015,498.1,8887.1,412.9,0.0,235.9,10034,1,,KUSHTIA/Bheramara,1,0.7788
Garlic,BD40500039,3815.2,25112.6,469.1,0.0,2456.1,31853,1,,KUSHTIA/Daulatpur,1,0.7579
Garlic,BD40500063,0.0,5100.6,1844.8,0.0,580.6,7526,3,,KUSHTIA/Khoksha,1,0.6647
Garlic,BD40500071,1768.3,11826.0,1694.0,58.4,1152.3,16499,1,,KUSHTIA/Kumarkhali,1,0.7326
Garlic,BD40500079,500.2,16686.5,201.5,48.6,5856.2,23293,1,,KUSHTIA/Kushtia,1,0.5993
Garlic,BD40500094,535.7,21833.1,66.0,0.0,3750.1,26185,1,,KUSHTIA/Mirpur,1,0.6888
Garlic,BD40550057,0.0,24342.8,749.0,0.0,7400.2,32492,1,,MAGURA/Magura,1,0.6109
Garlic,BD40550066,1182.7,8345.2,6449.9,646.5,1160.7,17785,2,,MAGURA/Mohammadpur,1,0.6305
Garlic,BD40550085,0.0,14362.2,0.0,0.0,4434.8,18797,1,,MAGURA/Salikha,1,0.6113
Garlic,BD40550095,0.0,10517.3,906.8,0.0,2163.9,13588,1,,MAGURA/Sripur,1,0.6526
Garlic,BD40570047,0.0,25149.8,122.0,0.0,3824.1,29096,1,,MEHERPUR/Gangni,1,0.6936
Garlic,BD40570087,0.0,26220.5,0.0,0.0,4262.5,30483,1,,MEHERPUR/Meherpur,1,0.6881
Garlic,BD40650028,849.0,2181.9,2301.0,0.0,19558.1,24890,4,,NARAIL/Kalia,1,0.1505
Garlic,BD40650052,742.5,11586.0,6116.4,279.4,3947.8,22672,2,,NARAIL/Lohagara,1,0.5789
Garlic,BD40650076,0.0,13733.7,1681.3,0.0,11814.0,27229,3,,NARAIL/Narail,1,0.4344
Garlic,BD40870004,0.0,6856.4,5507.6,2098.1,19457.8,33920,4,,SATKHIRA/Asasuni,1,0.2553
Garlic,BD40870025,0.0,262.3,4623.6,1828.1,7869.9,14584,4,,SATKHIRA/Debhata,1,0.198
Garlic,BD40870043,0.0,15921.2,958.5,0.0,13.3,16893,1,,SATKHIRA/Kalaroa,1,0.7823
Garlic,BD40870047,0.0,56.4,3505.3,10216.7,12203.6,25982,4,,SATKHIRA/Kaliganj,1,0.1478
Garlic,BD40870082,0.0,17100.4,6355.8,1803.8,1818.0,27078,3,,SATKHIRA/Satkhira,1,0.6359
Garlic,BD40870086,0.0,0.0,0.0,891.4,35746.6,36638,4,,SATKHIRA/Shyamnagar,1,0.0049
Garlic,BD40870090,0.0,19086.9,5092.8,134.4,2441.9,26756,1,,SATKHIRA/Tala,1,0.6669
Garlic,BD45390007,6757.3,8026.3,2204.4,0.0,1426.0,18414,1,,JAMALPUR/Bakshiganj,1,0.7755
Garlic,BD45390015,13305.9,6105.6,2900.4,395.0,0.0,22707,1,,JAMALPUR/Dewanganj,1,0.8684
Garlic,BD45390029,12942.9,10696.0,2839.4,0.0,7.7,26486,1,,JAMALPUR/Islampur,1,0.8653
Garlic,BD45390036,11981.6,13290.6,11371.7,1026.4,4603.7,42274,2,,JAMALPUR/Jamalpur,1,0.6743
Garlic,BD45390058,12317.6,7366.1,2423.3,26.2,43.7,22177,1,,JAMALPUR/Madarganj,1,0.876
Garlic,BD45390061,5963.5,10262.3,3814.2,15.6,492.4,20548,2,,JAMALPUR/Melandaha,1,0.7827
Garlic,BD45390085,12241.4,6662.7,2000.4,167.4,486.2,21558,1,,JAMALPUR/Sarishabari,1,0.863
Garlic,BD45610013,0.0,12549.3,11104.1,4070.3,16290.3,44014,4,,MYMENSINGH/Bhaluka,1,0.3727
Garlic,BD45610016,39.7,16963.9,190.4,0.0,5816.0,23010,1,,MYMENSINGH/Dhobaura,1,0.5957
Garlic,BD45610020,866.6,21710.4,5570.7,3837.6,2568.7,34554,3,,MYMENSINGH/Phulbaria,1,0.6305
Garlic,BD45610022,1470.7,14164.4,12522.9,2874.5,928.5,31961,2,,MYMENSINGH/Gafargaon,1,0.6145
Garlic,BD45610023,0.0,18322.3,2753.0,0.0,1841.6,22917,1,,MYMENSINGH/Gouripur,1,0.6997
Garlic,BD45610024,0.0,17165.5,7408.8,611.6,5850.1,31036,2,,MYMENSINGH/Haluaghat,1,0.5658
Garlic,BD45610031,1102.3,20756.1,1585.0,0.0,763.7,24207,1,,MYMENSINGH/Ishwarganj,1,0.7642
Garlic,BD45610052,69.3,26509.0,3073.0,0.0,600.7,30252,1,,MYMENSINGH/Mymensingh,1,0.7541
Garlic,BD45610065,36.8,18180.3,4180.7,640.4,2222.9,25261,1,,MYMENSINGH/Muktagachha,1,0.665
Garlic,BD45610072,831.9,19866.1,3922.8,0.0,2526.2,27147,1,,MYMENSINGH/Nandail,1,0.6883
Garlic,BD45610081,92.5,35779.0,7692.4,0.0,3259.1,46823,1,,MYMENSINGH/Phulpur,1,0.6954
Garlic,BD45610094,266.4,16400.8,9627.4,159.8,1689.6,28144,2,,MYMENSINGH/Trisal,1,0.6478
Garlic,BD45720004,81.8,8524.7,4868.0,0.0,2623.5,16098,2,,NETRAKONA/Atpara,1,0.5799
Garlic,BD45720009,87.5,9270.7,3811.7,0.0,6199.0,19369,4,,NETRAKONA/Barhatta,1,0.4858
Garlic,BD45720018,56.8,15309.7,989.8,0.0,7853.6,24210,3,,NETRAKONA/Durgapur,1,0.5287
Garlic,BD45720038,1022.8,19.7,229.5,0.0,19079.1,20351,4,,NETRAKONA/Khaliajuri,1,0.0567
Garlic,BD45720040,444.1,7627.2,1691.1,25.6,24905.9,34694,4,,NETRAKONA/Kalmakanda,1,0.2132
Garlic,BD45720047,0.0,15670.1,2795.2,0.0,6084.8,24550,3,,NETRAKONA/Kendua,1,0.5676
Garlic,BD45720056,470.5,1912.2,5167.4,0.0,12338.0,19888,4,,NETRAKONA/Madan,1,0.2305
Garlic,BD45720063,1302.0,4971.8,3395.8,0.0,11641.5,21311,4,,NETRAKONA/Mohanganj,1,0.3274
Garlic,BD45720074,0.0,17955.0,3042.6,0.0,5584.5,26582,3,,NETRAKONA/Netrakona,1,0.5976
Garlic,BD45720083,0.0,19451.7,3069.6,0.0,2491.7,25013,1,,NETRAKONA/Purbadhala,1,0.6835
Garlic,BD45890037,0.0,1077.8,14975.6,963.9,2304.6,19322,2,,SHERPUR/Jhenaigati,1,0.4421
Garlic,BD45890067,3221.9,7122.0,1734.3,385.4,2967.5,15431,2,,SHERPUR/Nakla,1,0.6392
Garlic,BD45890070,0.0,750.6,12942.0,11475.2,5470.1,30638,4,,SHERPUR/Nalitabari,1,0.3057
Garlic,BD45890088,6525.3,21570.3,1693.6,0.0,3034.8,32824,1,,SHERPUR/Sherpur,1,0.7503
Garlic,BD45890090,1312.6,9213.1,7999.6,99.1,3995.6,22620,2,,SHERPUR/Sribardi,1,0.5616
Garlic,BD50100006,0.0,5236.1,6155.3,7.5,3217.0,14616,2,,BOGRA/Adamdighi,1,0.4973
Garlic,BD50100020,0.0,8544.1,20296.0,2560.3,1473.6,32874,2,,BOGRA/Bogra,1,0.5322
Garlic,BD50100027,0.0,2411.8,16203.3,7.5,1493.4,20116,2,,BOGRA/Dhunot,1,0.4987
Garlic,BD50100033,0.0,2277.7,10679.2,1221.6,165.5,14344,2,,BOGRA/Dhubchachia,1,0.5163
Garlic,BD50100040,0.0,5584.3,12154.5,0.0,1296.1,19035,2,,BOGRA/Gabtali,1,0.554
Garlic,BD50100054,0.0,12912.3,8363.9,31.9,8.0,21316,3,,BOGRA/Kahalu,1,0.6811
Garlic,BD50100067,0.0,5991.6,14950.9,16.1,3289.4,24248,2,,BOGRA/Nandigram,1,0.5061
Garlic,BD50100081,253.1,8137.8,15490.9,0.0,215.2,24097,2,,BOGRA/Shariakandi,1,0.6021
Garlic,BD50100088,0.0,4485.2,18023.4,529.6,2341.9,25380,2,,BOGRA/Sherpur,1,0.5006
Garlic,BD50100094,0.0,1321.0,12780.3,12066.0,322.6,26490,4,,BOGRA/Shibganj,1,0.3722
Garlic,BD50100095,0.0,1456.3,8948.1,46.7,700.9,11152,2,,BOGRA/Sonatala,1,0.5065
Garlic,BD50380013,0.0,1097.0,6638.4,2427.9,2274.7,12438,4,,JOYPURHAT/Akkelpur,1,0.3765
Garlic,BD50380047,0.0,0.0,17314.0,2317.5,1091.5,20723,2,,JOYPURHAT/Joypurhat,1,0.4401
Garlic,BD50380058,0.0,0.0,9359.9,4884.1,0.0,14244,3,,JOYPURHAT/Kalai,1,0.3971
Garlic,BD50380061,0.0,0.0,8792.2,4562.5,71.3,13426,3,,JOYPURHAT/Khetlal,1,0.3954
Garlic,BD50380074,0.0,0.0,23785.6,2033.4,330.0,26149,2,,JOYPURHAT/Panchbibi,1,0.4704
Garlic,BD50640003,0.0,3750.5,973.0,5908.8,13692.8,24325,4,,NAOGAON/Atrai,1,0.1919
Garlic,BD50640006,0.0,4051.7,12297.9,955.9,242.5,17548,2,,NAOGAON/Badalgachhi,1,0.546
Garlic,BD50640028,0.0,0.0,25868.0,170.9,716.1,26755,2,,NAOGAON/Dhamoirhat,1,0.4847
Garlic,BD50640047,0.0,28323.8,1266.9,0.0,5044.4,34635,1,,NAOGAON/Manda,1,0.6725
Garlic,BD50640050,160.8,17443.3,16599.3,0.0,538.6,34742,2,,NAOGAON/Mohadebpur,1,0.6452
Garlic,BD50640060,191.7,13148.7,4063.4,0.0,6256.2,23660,3,,NAOGAON/Naogaon,1,0.5386
Garlic,BD50640069,0.0,5659.6,32232.9,0.0,846.6,38739,2,,NAOGAON/Niamatpur,1,0.5329
Garlic,BD50640075,0.0,0.0,29002.0,0.0,3779.0,32781,2,,NAOGAON/Patnitala,1,0.4424
Garlic,BD50640079,0.0,0.0,18925.2,115.1,3610.7,22651,2,,NAOGAON/Porsha,1,0.4188
Garlic,BD50640085,0.0,13346.8,3198.7,3372.6,2056.8,21975,3,,NAOGAON/Raninagar,1,0.5894
Garlic,BD50640086,0.0,0.0,13859.4,0.0,7740.6,21600,3,,NAOGAON/Shapahar,1,0.3208
Garlic,BD50690009,0.0,11179.9,291.1,0.0,0.0,11471,1,,NATOR/Bagatipara,1,0.7924
Garlic,BD50690015,0.0,15374.7,4129.9,0.0,5548.3,25053,3,,NATOR/Baraigram,1,0.5734
Garlic,BD50690041,0.0,7296.5,2606.9,170.0,6297.6,16371,4,,NATOR/Gurudashpur,1,0.4383
Garlic,BD50690044,10.5,21805.1,3860.3,0.0,326.1,26002,1,,NATOR/Lalpur,1,0.7455
Garlic,BD50690063,0.0,17970.7,5247.9,4060.3,4654.1,31933,3,,NATOR/Nator,1,0.5578
Garlic,BD50690091,0.0,16381.9,4807.4,9054.9,17485.8,47730,4,,NATOR/Shingra,1,0.3629
Garlic,BD50700018,0.0,0.0,3942.9,6743.1,0.0,10686,4,,NAWABGANJ/Bholahat,1,0.3107
Garlic,BD50700037,0.0,0.0,19576.7,3814.1,4143.2,27534,2,,NAWABGANJ/Gomastapur,1,0.3832
Garlic,BD50700056,0.0,0.0,24831.4,1266.7,32.9,26131,2,,NAWABGANJ/Nachol,1,0.4848
Garlic,BD50700066,0.0,28.4,20951.4,11355.2,1227.0,33562,3,,NAWABGANJ/Nawabganj,1,0.3805
Garlic,BD50700088,0.0,0.0,31382.2,13494.5,8.3,44885,3,,NAWABGANJ/Shibganj,1,0.4097
Garlic,BD50760005,84.4,6606.6,2772.1,2631.4,2469.5,14564,4,,PABNA/Atgharia,1,0.5
Garlic,BD50760016,1451.9,4650.5,4542.7,4168.9,2487.0,17301,4,,PABNA/Bera,1,0.4784
Garlic,BD50760019,238.8,3680.1,2494.6,3276.7,773.9,10464,4,,PABNA/Bhangura,1,0.486
Garlic,BD50760022,407.7,10272.4,7484.1,6632.3,793.5,25590,3,,PABNA/Chatmohar,1,0.5351
Garlic,BD50760033,136.0,521.2,3247.9,657.1,7794.9,12357,4,,PABNA/Faridpur,1,0.1868
Garlic,BD50760039,1210.3,14868.3,2842.8,520.7,380.0,19822,1,,PABNA/Ishwardi,1,0.7381
Garlic,BD50760055,3613.8,21581.9,3211.3,4259.4,1039.7,33706,1,,PABNA/Pabna,1,0.6924
Garlic,BD50760072,2233.4,6723.2,5329.3,8679.3,5082.8,28048,4,,PABNA/Santhia,1,0.4283
Garlic,BD50760083,2120.9,7322.9,5022.4,6134.6,4124.3,24725,4,,PABNA/Sujanagar,1,0.4739
Garlic,BD50810010,66.1,10454.1,2286.4,0.0,297.4,13104,1,,RAJSHAHI/Bagha,1,0.7305
Garlic,BD50810012,0.0,10045.1,12048.4,0.0,6333.5,28427,2,,RAJSHAHI/Bagmara,1,0.4946
Garlic,BD50810025,0.0,12390.7,266.3,0.0,37.0,12694,1,,RAJSHAHI/Charghat,1,0.7914
Garlic,BD50810031,0.0,12650.1,3298.7,0.0,261.2,16210,1,,RAJSHAHI/Durgapur,1,0.7261
Garlic,BD50810034,0.0,6789.6,30671.5,4310.3,455.6,42227,2,,RAJSHAHI/Godagari,1,0.5122
Garlic,BD50810053,0.0,8746.3,2137.3,0.0,2261.3,13145,3,,RAJSHAHI/Mohanpur,1,0.6136
Garlic,BD50810072,0.0,16776.2,2527.9,0.0,435.8,19740,1,,RAJSHAHI/Paba,1,0.7439
Garlic,BD50810082,0.0,14039.1,1291.3,0.0,585.6,15916,1,,RAJSHAHI/Puthia,1,0.7462
Garlic,BD50810094,0.0,8377.9,16349.0,0.0,1228.1,25955,2,,RAJSHAHI/Tanor,1,0.5732
Garlic,BD50816600,0.0,0.0,0.0,0.0,0.0,0,4,,RAJSHAHI/Boalia (Rajshahi),1,
Garlic,BD50880011,220.5,3990.5,5306.8,261.9,303.2,10083,2,,SIRAJGANJ/Belkuchi,1,0.6068
Garlic,BD50880027,42.1,2113.3,6964.8,168.5,3798.3,13087,3,,SIRAJGANJ/Chauhali,1,0.4011
Garlic,BD50880044,0.0,1832.2,5636.4,161.9,51.5,7682,2,,SIRAJGANJ/Kamarkhanda,1,0.5619
Garlic,BD50880050,334.4,8834.5,10764.5,52.8,1143.9,21130,2,,SIRAJGANJ/Kazipur,1,0.6055
Garlic,BD50880061,0.0,1988.9,19137.2,524.6,78.3,21729,2,,SIRAJGANJ/Raiganj,1,0.5184
Garlic,BD50880067,6.9,1125.6,18926.2,875.4,2292.8,23227,2,,SIRAJGANJ/Shahzadpur,1,0.454
Garlic,BD50880078,0.0,10145.1,12355.6,53.4,122.0,22676,2,,SIRAJGANJ/Sirajganj,1,0.6308
Garlic,BD50880089,0.0,7790.0,1795.2,7716.9,9503.9,26806,4,,SIRAJGANJ/Taras,1,0.3235
Garlic,BD50880094,0.0,3883.2,26700.8,3828.8,691.2,35104,2,,SIRAJGANJ/Ullapara,1,0.4906
Garlic,BD55270010,0.0,0.0,11740.7,6398.2,771.1,18910,3,,DINAJPUR/Birampur,1,0.3781
Garlic,BD55270012,0.0,1506.6,27881.0,7184.9,121.5,36694,2,,DINAJPUR/Birganj,1,0.4519
Garlic,BD55270017,0.0,721.9,16097.6,14020.2,136.4,30976,4,,DINAJPUR/Biral,1,0.369
Garlic,BD55270021,0.0,0.0,14119.4,5494.4,237.2,19851,2,,DINAJPUR/Bochaganj,1,0.411
Garlic,BD55270030,0.0,9121.0,8063.2,10108.4,313.4,27606,4,,DINAJPUR/Chirirbandar,1,0.4836
Garlic,BD55270038,0.0,0.0,15772.9,4648.9,283.2,20705,2,,DINAJPUR/Fulbari,1,0.4258
Garlic,BD55270043,0.0,0.0,6399.0,6140.8,484.2,13024,4,,DINAJPUR/Ghoraghat,1,0.34
Garlic,BD55270047,0.0,0.0,6990.4,903.8,1063.8,8958,2,,DINAJPUR/Hakimpur,1,0.4104
Garlic,BD55270056,0.0,1822.1,10097.3,5602.9,98.7,17621,3,,DINAJPUR/Kaharol,1,0.4328
Garlic,BD55270060,0.0,131.2,12686.1,1946.7,0.0,14764,2,,DINAJPUR/Khansama,1,0.4631
Garlic,BD55270064,0.0,1258.3,15674.4,12342.3,0.0,29275,4,,DINAJPUR/Dinajpur,1,0.3864
Garlic,BD55270069,0.0,0.0,14514.5,12101.5,327.1,26943,4,,DINAJPUR/Nawabganj,1,0.3592
Garlic,BD55270077,0.0,3590.8,18505.4,13207.2,1079.5,36383,4,,DINAJPUR/Parbatipur,1,0.4059
Garlic,BD55320021,125.3,11506.5,8544.9,724.7,1771.6,22673,2,,GAIBANDHA/Phulchhari,1,0.6064
Garlic,BD55320024,80.7,1428.2,6059.7,18816.6,790.8,27176,4,,GAIBANDHA/Gaibandha,1,0.295
Garlic,BD55320030,0.0,1608.9,21408.6,15325.4,22.0,38365,4,,GAIBANDHA/Gobindaganj,1,0.3925
Garlic,BD55320067,0.0,0.0,5007.1,10234.2,371.7,15613,4,,GAIBANDHA/Palashbari,1,0.2914
Garlic,BD55320082,0.0,0.0,5642.4,14240.0,220.7,20103,4,,GAIBANDHA/Sadullapur,1,0.282
Garlic,BD55320088,7.7,1997.0,15573.7,758.6,0.0,18337,2,,GAIBANDHA/Shaghata,1,0.5205
Garlic,BD55320091,15.6,3583.9,6108.3,21986.7,950.5,32645,4,,GAIBANDHA/Sundarganj,1,0.3166
Garlic,BD55490006,0.0,6122.3,9028.7,4374.5,469.4,19995,2,,KURIGRAM/Bhurungamari,1,0.5145
Garlic,BD55490008,159.8,6710.9,1891.8,409.0,6.4,9178,1,,KURIGRAM/Rajibpur (Dhushmara),1,0.7143
Garlic,BD55490009,45.4,1564.7,2109.0,3220.2,3503.7,10443,4,,KURIGRAM/Chilmari,1,0.2869
Garlic,BD55490018,0.0,266.0,5480.4,7688.5,124.2,13559,4,,KURIGRAM/Phulbari,1,0.3312
Garlic,BD55490052,0.0,1174.4,3423.8,15837.3,810.5,21246,4,,KURIGRAM/Kurigram,1,0.2739
Garlic,BD55490061,0.0,897.9,11944.4,19118.3,2938.5,34899,4,,KURIGRAM/Nageshwari,1,0.3013
Garlic,BD55490077,0.0,216.6,2607.0,10719.2,687.2,14230,4,,KURIGRAM/Rajarhat,1,0.2544
Garlic,BD55490079,1705.2,2249.1,2190.3,10797.3,0.0,16942,4,,KURIGRAM/Ruhumari,1,0.399
Garlic,BD55490094,0.0,1169.7,6202.5,19391.5,202.3,26966,4,,KURIGRAM/Ulipur,1,0.2935
Garlic,BD55520002,0.0,1049.7,2116.8,13392.0,603.6,17162,4,,LALMONIRHAT/Aditmari,1,0.2667
Garlic,BD55520033,0.0,5419.7,8936.8,5794.5,0.0,20151,3,,LALMONIRHAT/Hatibanda,1,0.4944
Garlic,BD55520039,0.0,2613.1,9769.9,8252.4,610.6,21246,4,,LALMONIRHAT/Kaliganj,1,0.406
Garlic,BD55520055,0.0,726.2,11137.8,8790.3,582.6,21237,4,,LALMONIRHAT/Lalmonirhat,1,0.3724
Garlic,BD55520070,0.0,39.7,8137.9,14010.3,0.0,22188,4,,LALMONIRHAT/Patgram,1,0.3111
Garlic,BD55730012,0.0,6179.1,8204.8,12537.0,1166.0,28087,4,,NILPHAMARI/Dimla,1,0.4113
Garlic,BD55730015,0.0,170.4,8627.0,12063.6,0.0,20861,4,,NILPHAMARI/Domar,1,0.329
Garlic,BD55730036,0.0,2521.8,10739.3,10667.6,1318.2,25247,4,,NILPHAMARI/Jaldhaka,1,0.3771
Garlic,BD55730045,0.0,159.2,13799.3,9685.5,67.0,23711,4,,NILPHAMARI/Kishorganj,1,0.3781
Garlic,BD55730064,0.0,0.0,12353.1,20217.9,138.0,32709,4,,NILPHAMARI/Nilphamari,1,0.3125
Garlic,BD55730085,0.0,8.2,4448.6,5679.7,139.5,10276,4,,NILPHAMARI/Saidpur,1,0.3276
Garlic,BD55770004,0.0,2402.6,17033.8,722.6,0.0,20159,2,,PANCHAGARH/Atwari,1,0.525
Garlic,BD55770025,0.0,3824.4,19549.6,3031.4,67.5,26473,2,,PANCHAGARH/Boda,1,0.5077
Garlic,BD55770034,0.0,5843.6,12399.7,5786.1,21.6,24051,2,,PANCHAGARH/Debiganj,1,0.5003
Garlic,BD55770073,0.0,12155.0,17425.3,1467.7,0.0,31048,2,,PANCHAGARH/Panchagar,1,0.6033
Garlic,BD55770090,0.0,4258.4,12395.7,0.0,101.8,16756,2,,PANCHAGARH/Tetulia,1,0.5732
Garlic,BD55850003,0.0,0.0,16823.0,10434.6,32.3,27290,3,,RANGPUR/Badarganj,1,0.3847
Garlic,BD55850027,0.0,1765.4,9391.7,6766.0,17.9,17941,4,,RANGPUR/Gangachara,1,0.4159
Garlic,BD55850042,0.0,2755.3,1703.0,8193.7,0.0,12652,4,,RANGPUR/Kaunia,1,0.371
Garlic,BD55850049,0.0,0.0,12684.1,14041.5,38.3,26764,4,,RANGPUR/Rangpur,1,0.3419
Garlic,BD55850058,0.0,0.0,17456.4,26938.8,227.8,44623,4,,RANGPUR/Mithapukur,1,0.3163
Garlic,BD55850073,0.0,1749.8,3623.4,17513.2,193.6,23080,4,,RANGPUR/Pirgachha,1,0.2909
Garlic,BD55850076,0.0,0.0,15999.9,20128.2,209.9,36338,4,,RANGPUR/Pirganj,1,0.3309
Garlic,BD55850092,0.0,0.0,4771.5,6678.6,46.0,11496,4,,RANGPUR/Taraganj,1,0.3237
Garlic,BD55940008,0.0,2510.3,23054.7,0.0,0.0,25565,2,,THAKURGAON/Baliadangi,1,0.5295
Garlic,BD55940051,0.0,1821.4,8316.0,7524.9,404.8,18067,4,,THAKURGAON/Haripur,1,0.3941
Garlic,BD55940082,0.0,2855.9,18679.3,8687.5,427.3,30650,3,,THAKURGAON/Pirganj,1,0.436
Garlic,BD55940086,0.0,3932.9,21627.0,1484.0,308.1,27352,2,,THAKURGAON/Ranisonkail,1,0.5212
Garlic,BD55940094,0.0,7970.9,46638.9,5673.2,0.0,60283,2,,THAKURGAON/Thakurgaon,1,0.5114
Garlic,BD60360002,56.5,0.0,3685.9,91.8,12116.8,15951,4,,HABIGANJ/Ajmiriganj,1,0.1202
Garlic,BD60360005,8.6,6813.8,4468.1,8205.8,2809.7,22306,4,,HABIGANJ/Bahubal,1,0.4185
Garlic,BD60360011,16.4,959.4,8528.0,32.8,33718.4,43255,4,,HABIGANJ/Baniyachang,1,0.1169
Garlic,BD60360026,0.0,7400.4,4644.5,6594.6,9468.6,28108,4,,HABIGANJ/Chunarughat,1,0.3402
Garlic,BD60360044,1934.3,6186.6,4020.5,839.3,8984.2,21965,4,,HABIGANJ/Habiganj,1,0.4126
Garlic,BD60360068,92.6,1229.0,4663.4,286.2,10841.9,17113,4,,HABIGANJ/Lakhai,1,0.2025
Garlic,BD60360071,6073.3,3768.2,13031.2,127.6,2381.7,25382,2,,HABIGANJ/Madhabpur,1,0.6158
Garlic,BD60360077,0.0,8333.2,13483.9,1821.9,12546.0,36185,4,,HABIGANJ/Nabiganj,1,0.3806
Garlic,BD60580014,0.0,4374.2,15943.5,2980.5,15993.9,39292,4,,MOULVI BAZAR/Barlekha,1,0.3071
Garlic,BD60580056,0.0,0.0,10989.8,7781.9,11808.3,30580,4,,MOULVI BAZAR/Kamalganj,1,0.2306
Garlic,BD60580065,0.0,133.7,26848.0,4448.5,12269.7,43700,3,,MOULVI BAZAR/Kulaura,1,0.33
Garlic,BD60580074,52.7,5807.9,9551.8,2945.4,8821.1,27179,4,,MOULVI BAZAR/Moulvi Bazar,1,0.3703
Garlic,BD60580080,53.1,1474.2,9037.5,591.0,11886.2,23042,4,,MOULVI BAZAR/Rajnagar,1,0.2547
Garlic,BD60580083,0.0,632.8,11149.7,6359.8,14489.8,32632,4,,MOULVI BAZAR/Srimangal,1,0.2253
Garlic,BD60900018,1693.3,1719.0,4532.6,3660.3,6071.9,17677,4,,SUNAMGANJ/Bishambarpur,1,0.3432
Garlic,BD60900023,155.8,9277.2,13545.8,521.9,11528.3,35029,4,,SUNAMGANJ/Chhatak,1,0.4127
Garlic,BD60900029,0.0,3103.3,5584.4,0.0,28593.3,37281,4,,SUNAMGANJ/Dirai,1,0.1415
Garlic,BD60900032,8.3,3876.9,7289.8,5434.2,22664.8,39274,4,,SUNAMGANJ/Dharmapasha,1,0.1997
Garlic,BD60900033,5610.2,6093.5,8070.0,5152.7,5204.5,30131,4,,SUNAMGANJ/Dwarabazar,1,0.5161
Garlic,BD60900047,0.0,7045.9,8807.3,0.0,16277.8,32131,4,,SUNAMGANJ/Jagannathpur,1,0.3125
Garlic,BD60900050,0.0,299.0,3737.0,0.0,24509.0,28545,4,,SUNAMGANJ/Jamalganj,1,0.0738
Garlic,BD60900086,179.3,194.8,2751.2,7.8,19164.9,22298,4,,SUNAMGANJ/Sulla,1,0.0768
Garlic,BD60900089,440.0,1712.3,20079.0,1339.2,28688.4,52259,4,,SUNAMGANJ/Sunamganj,1,0.2319
Garlic,BD60900092,95.1,2824.3,929.2,8721.7,10104.6,22675,4,,SUNAMGANJ/Tahirpur,1,0.2013
Garlic,BD60910008,355.1,9762.0,6442.8,0.0,14458.2,31018,4,,SYLHET/Balaganj,1,0.3671
Garlic,BD60910017,0.0,448.0,8793.3,3443.8,5362.9,18048,4,,SYLHET/Beani Bazar,1,0.3016
Garlic,BD60910020,28.9,10398.9,4240.6,0.0,2098.6,16767,3,,SYLHET/Bishwanath,1,0.6243
Garlic,BD60910027,273.4,5336.6,1924.7,1443.5,19585.8,28564,4,,SYLHET/Companiganj,1,0.2028
Garlic,BD60910035,0.0,478.1,3229.1,337.0,4592.8,8637,4,,SYLHET/Fenchuganj,1,0.239
Garlic,BD60910038,21.3,4789.2,6555.9,1149.4,3661.1,16177,3,,SYLHET/Golapganj,1,0.455
Garlic,BD60910041,848.6,13889.7,2590.4,1622.7,25620.7,44572,4,,SYLHET/Gowainghat,1,0.3047
Garlic,BD60910053,107.0,5037.9,3819.6,222.3,7853.2,17040,4,,SYLHET/Jaintapur,1,0.3575
Garlic,BD60910059,0.0,668.3,13234.3,1534.9,14475.5,29913,4,,SYLHET/Kanaighat,1,0.2493
Garlic,BD60910062,80.9,19759.2,4575.9,74.1,12298.9,36789,3,,SYLHET/Sylhet,1,0.4945
Garlic,BD60910094,0.0,217.7,9201.0,2149.2,7712.0,19280,4,,SYLHET/Zakiganj,1,0.2699
Gram,BD10040009,0.0,1062.1,12145.1,14026.1,16936.7,44170,4,,BARGUNA/Amtali,1,0.2202
Gram,BD10040019,2279.2,4907.3,15.5,0.0,0.0,7202,1,,BARGUNA/Bamna,1,0.8626
Gram,BD10040028,112.4,5188.7,6658.6,9405.6,3911.6,25277,4,,BARGUNA/Borguna,1,0.3748
Gram,BD10040047,3407.0,4934.5,239.3,0.0,2710.1,11291,1,,BARGUNA/Betagi,1,0.662
Gram,BD10040085,297.3,1180.5,5579.1,10668.5,1897.6,19623,4,,BARGUNA/Patharghata,1,0.3142
Gram,BD10060002,1216.4,3134.3,22.4,0.0,8499.9,12873,4,,BARISAL/Agailjhara,1,0.2901
Gram,BD10060003,9805.5,1019.5,0.0,0.0,0.0,10825,1,,BARISAL/Babuganj,1,0.9812
Gram,BD10060007,9815.7,16786.2,1815.9,0.0,3213.3,31631,1,,BARISAL/Bakerganj,1,0.7636
Gram,BD10060010,2010.3,968.7,0.0,0.0,7138.0,10117,4,,BARISAL/Banaripara,1,0.2753
Gram,BD10060032,7387.7,889.7,98.9,0.0,2095.7,10472,1,,BARISAL/Gaurnadi,1,0.7782
Gram,BD10060036,17513.2,0.0,553.5,0.0,1587.4,19654,1,,BARISAL/Hizla,1,0.9052
Gram,BD10060051,13761.3,5373.6,0.0,0.0,86.1,19221,1,,BARISAL/Barisal,1,0.9396
Gram,BD10060062,24638.0,0.0,952.3,0.0,18.7,25609,1,,BARISAL/Mehendiganj,1,0.9807
Gram,BD10060069,18300.4,347.7,137.0,0.0,0.0,18785,1,,BARISAL/Muladi,1,0.9927
Gram,BD10060094,3354.4,5031.6,0.0,0.0,11146.0,19532,4,,BARISAL/Ujirpur,1,0.3778
Gram,BD10090018,11515.9,0.0,11192.3,213.3,551.5,23473,2,,BHOLA/Bhola,1,0.7308
Gram,BD10090021,3046.3,60.8,7713.8,7673.2,141.8,18636,4,,BHOLA/Burhanuddin,1,0.4554
Gram,BD10090025,676.7,342.8,14870.6,15072.7,13719.2,44682,4,,BHOLA/Char Fasson,1,0.2552
Gram,BD10090029,3355.9,616.1,4243.6,186.4,0.0,8402,2,,BHOLA/Daulatkhan,1,0.7151
Gram,BD10090054,10322.4,147.7,6321.4,1364.1,3403.3,21559,3,,BHOLA/Lalmohan,1,0.6435
Gram,BD10090065,0.0,135.5,0.0,6928.3,8334.2,15398,4,,BHOLA/Monpura,1,0.097
Gram,BD10090091,7658.7,31.9,1737.3,0.0,757.1,10185,1,,BHOLA/Tajumuddin,1,0.8397
Gram,BD10420040,3183.9,8966.5,0.0,0.0,3586.6,15737,1,,JHALAKATI/Jhalakati,1,0.6581
Gram,BD10420043,1903.8,3031.7,0.0,0.0,7004.5,11940,4,,JHALAKATI/Kathalia,1,0.3626
Gram,BD10420073,4526.7,10730.3,0.0,0.0,0.0,15257,1,,JHALAKATI/Nalchiti,1,0.8593
Gram,BD10420084,3227.8,6928.8,0.0,0.0,2281.4,12438,1,,JHALAKATI/Rajapur,1,0.7052
Gram,BD10780038,9027.4,25775.6,1251.8,0.0,18.3,36073,1,,PATUAKHALI/Bauphal,1,0.8392
Gram,BD10780052,2967.3,8730.8,1428.1,855.1,2881.8,16863,3,,PATUAKHALI/Dashmina,1,0.6426
Gram,BD10780057,570.9,21864.1,4623.7,5166.5,27526.7,59752,4,,PATUAKHALI/Galachipa,1,0.3583
Gram,BD10780066,0.0,0.0,0.0,15395.8,19870.2,35266,4,,PATUAKHALI/Kalapara,1,0.0873
Gram,BD10780076,1732.7,4890.0,1883.4,0.0,3492.9,11999,3,,PATUAKHALI/Mirzaganj,1,0.5489
Gram,BD10780095,9798.3,13720.6,5622.1,0.0,1069.0,30210,1,,PATUAKHALI/Patuakhali,1,0.7807
Gram,BD10790014,3128.8,4421.7,371.5,0.0,2493.0,10415,1,,PIROJPUR/Bhandaria,1,0.6579
Gram,BD10790047,668.4,12.5,0.0,0.0,4135.1,4816,4,,PIROJPUR/Kawkhali,1,0.1409
Gram,BD10790058,436.8,9232.7,10852.2,0.0,2365.3,22887,2,,PIROJPUR/Mathbaria,1,0.5789
Gram,BD10790076,1886.8,918.7,0.0,0.0,13864.6,16670,4,,PIROJPUR/Nazirpur,1,0.1573
Gram,BD10790080,3120.1,2775.5,1895.7,0.0,12507.7,20299,4,,PIROJPUR/Pirojpur,1,0.3098
Gram,BD10790087,48.9,630.1,0.0,0.0,10876.0,11555,4,,PIROJPUR/Sarupkati,1,0.0479
Gram,BD20030004,287.0,0.0,0.0,0.0,23177.0,23464,4,,BANDARBAN/Alikadam,1,0.0122
Gram,BD20030014,101.8,0.0,0.0,0.0,15244.2,15346,4,,BANDARBAN/Bandarban,1,0.0066
Gram,BD20030051,543.1,0.0,64.1,0.0,15856.8,16464,4,,BANDARBAN/Lama,1,0.0349
Gram,BD20030073,142.6,4.8,11.1,0.0,8092.5,8251,4,,BANDARBAN/Naikhongchhari,1,0.0184
Gram,BD20030089,40.3,0.0,0.0,0.0,10233.7,10274,4,,BANDARBAN/Rowangchhari,1,0.0039
Gram,BD20030091,0.0,0.0,0.0,0.0,7396.0,7396,4,,BANDARBAN/Ruma,1,0.0
Gram,BD20030095,71.4,0.0,0.0,0.0,5526.6,5598,4,,BANDARBAN/Thanchi,1,0.0128
Gram,BD20120002,1089.7,1407.1,1428.3,1713.9,3121.0,8760,4,,BRAHMANBARIA/Akhaura,1,0.3736
Gram,BD20120004,1444.4,3728.2,2669.5,2813.2,3909.7,14565,4,,BRAHMANBARIA/Banchharampur,1,0.4342
Gram,BD20120013,527.0,5177.5,20740.8,3007.3,13633.4,43086,4,,BRAHMANBARIA/Brahmanbaria,1,0.363
Gram,BD20120063,1207.4,483.0,12225.0,271.7,3327.9,17515,3,,BRAHMANBARIA/Kasba,1,0.4431
Gram,BD20120085,1050.0,395.8,20717.1,1736.5,5209.6,29109,2,,BRAHMANBARIA/Nabinagar,1,0.4147
Gram,BD20120090,15.7,1275.3,15980.7,0.0,8549.3,25821,3,,BRAHMANBARIA/Nasirnagar,1,0.3496
Gram,BD20120094,281.2,1124.6,7538.7,1230.1,8329.4,18504,4,,BRAHMANBARIA/Sarail,1,0.2808
Gram,BD20130022,490.0,1012.7,10873.0,0.0,125.2,12501,2,,CHANDPUR/Chandpur,1,0.5389
Gram,BD20130045,6335.7,1727.4,6879.3,0.0,700.6,15643,2,,CHANDPUR/Faridganj,1,0.7132
Gram,BD20130047,2438.4,3639.7,515.5,0.0,4.5,6598,1,,CHANDPUR/Haimchar,1,0.8499
Gram,BD20130049,0.0,3314.9,7889.0,424.8,1843.3,13472,2,,CHANDPUR/Hajiganj,1,0.4959
Gram,BD20130058,168.4,2175.3,7421.6,134.7,7893.0,17793,4,,CHANDPUR/Kachua,1,0.3173
Gram,BD20130076,527.3,6221.8,17927.2,1489.5,448.2,26614,2,Matlab,CHANDPUR/Matlab,1,0.5548
Gram,BD20130079,527.3,6221.8,17927.2,1489.5,448.2,26614,2,Matlab,CHANDPUR/Matlab,1,0.5548
Gram,BD20130095,0.0,4898.8,4751.7,5.7,2160.9,11817,2,,CHANDPUR/Shahrasti,1,0.5328
Gram,BD20150004,6240.9,1818.3,0.0,0.0,1401.8,9461,1,,CHITTAGONG/Anwara,1,0.8134
Gram,BD20150008,11228.1,1901.9,889.8,645.3,11363.9,26029,4,,CHITTAGONG/Banskhali,1,0.5119
Gram,BD20150012,6814.2,0.0,0.0,0.0,178.8,6993,1,,CHITTAGONG/Boalkhali,1,0.9744
Gram,BD20150018,3955.3,1310.1,0.0,20.0,6080.5,11366,4,,CHITTAGONG/Chandanais,1,0.4406
Gram,BD20150033,6001.1,563.3,155.3,5915.8,11012.6,23648,4,,CHITTAGONG/Fatikchhari,1,0.3261
Gram,BD20150037,5652.3,1049.6,1018.2,0.0,4796.9,12517,4,,CHITTAGONG/Hathazari,1,0.5593
Gram,BD20150047,375.8,354.3,0.0,0.0,11778.9,12509,4,,CHITTAGONG/Lohagora,1,0.0527
Gram,BD20150053,10687.7,2648.2,712.2,321.8,8340.2,22710,3,,CHITTAGONG/Mirsharai,1,0.5824
Gram,BD20150061,7229.1,620.9,0.0,0.0,4139.1,11989,3,,CHITTAGONG/Patia,1,0.6444
Gram,BD20150070,6258.6,1812.9,859.0,2794.6,7826.0,19551,4,,CHITTAGONG/Rangunia,1,0.4449
Gram,BD20150074,8813.5,1511.7,33.5,1338.8,2186.6,13884,1,,CHITTAGONG/Rauzan,1,0.7424
Gram,BD20150078,650.0,329.8,3657.4,16783.4,5966.3,27387,4,,CHITTAGONG/Sandwip,1,0.2227
Gram,BD20150082,5783.9,3879.1,0.0,0.0,6774.0,16437,3,,CHITTAGONG/Satkania,1,0.5407
Gram,BD20150086,3646.3,1690.0,169.4,0.0,3771.3,9277,4,,CHITTAGONG/Sitakunda,1,0.5479
Gram,BD20151600,0.0,0.0,0.0,0.0,0.0,0,4,,CHITTAGONG/Patenga; CHITTAGONG/Double Mooring; CHITTAGONG/Panchlais,3,
Gram,BD20190009,377.9,573.6,17532.2,0.0,47.2,18531,2,,COMILLA/Barura,1,0.5182
Gram,BD20190015,122.9,2350.2,7311.9,122.9,599.1,10507,2,,COMILLA/Brahmanpara,1,0.5409
Gram,BD20190018,3851.8,2026.1,4546.2,293.5,2083.4,12801,2,,COMILLA/Burichang,1,0.6097
Gram,BD20190027,375.2,3411.6,4148.1,0.0,7657.0,15592,4,,COMILLA/Chandina,1,0.3321
Gram,BD20190031,1033.6,5337.8,13915.3,0.0,1635.3,21922,2,,COMILLA/Chauddagram,1,0.5593
Gram,BD20190036,20.2,30.3,2080.6,0.0,37510.9,39642,4,,COMILLA/Daudkandi,1,0.0274
Gram,BD20190040,905.7,1383.5,14084.7,0.0,2389.1,18763,2,,COMILLA/Debiduar,1,0.4826
Gram,BD20190054,49.9,66.6,2888.4,2397.3,8348.8,13751,4,,COMILLA/Homna,1,0.1474
Gram,BD20190067,2313.1,10351.3,1867.4,676.3,5363.9,20572,3,,COMILLA/Comilla,1,0.5669
Gram,BD20190072,48.3,765.3,32033.8,0.0,551.6,33399,2,,COMILLA/Laksham,1,0.4993
Gram,BD20190081,530.3,1112.9,16842.7,0.0,10576.1,29062,4,,COMILLA/Muradnagar,1,0.3387
Gram,BD20190087,0.0,3131.8,15755.0,0.0,383.2,19270,2,,COMILLA/Nangalkot,1,0.5388
Gram,BD20220016,6288.8,1539.5,624.1,719.2,28204.4,37376,4,,COX'S BAZAR/Chakaria,1,0.2134
Gram,BD20220024,3220.4,544.6,7.9,1184.0,11311.0,16268,4,,COX'S BAZAR/Cox's Bazar,1,0.2395
Gram,BD20220045,950.8,0.0,4821.9,77.6,659.7,6510,2,,COX'S BAZAR/Kutubdia,1,0.5188
Gram,BD20220049,544.4,44.9,2054.0,1447.9,12031.9,16123,4,,COX'S BAZAR/Moheshkhali,1,0.1176
Gram,BD20220066,2742.4,723.6,0.0,0.0,11588.1,15054,4,,COX'S BAZAR/Ramu,1,0.2206
Gram,BD20220090,134.1,0.0,174.7,959.0,11792.2,13060,4,,COX'S BAZAR/Teknaf,1,0.0316
Gram,BD20220094,577.9,183.3,0.0,0.0,7493.8,8255,4,,COX'S BAZAR/Ukhia,1,0.0878
Gram,BD20300014,9508.7,927.4,153.9,0.0,4.0,10594,1,,FENI/Chhagalnaiya,1,0.9748
Gram,BD20300025,6763.1,235.4,2016.4,0.0,3350.2,12365,3,,FENI/Daganbhuiya,1,0.6437
Gram,BD20300029,4412.4,662.2,9205.1,0.0,1311.3,15591,2,,FENI/Feni,1,0.6122
Gram,BD20300051,9173.6,4707.5,3047.8,0.0,0.0,16929,1,,FENI/Parshuram,1,0.8544
Gram,BD20300094,1412.5,1797.7,13216.0,493.9,0.0,16920,2,,FENI/Sonagazi,1,0.5649
Gram,BD20460043,1092.5,0.0,0.0,0.0,14493.5,15586,4,,KHAGRACHHARI/Dighinala,1,0.0701
Gram,BD20460049,781.1,0.0,0.0,0.0,7788.9,8570,4,,KHAGRACHHARI/Khagrachhari,1,0.0911
Gram,BD20460061,193.4,0.0,0.0,7.4,4399.1,4600,4,,KHAGRACHHARI/Laksmichhari,1,0.0424
Gram,BD20460065,549.8,0.0,0.0,0.0,7942.2,8492,4,,KHAGRACHHARI/Mohalchhari,1,0.0647
Gram,BD20460067,547.4,0.0,0.0,44.9,6267.8,6860,4,,KHAGRACHHARI/Manikchhari,1,0.0811
Gram,BD20460070,550.9,0.0,0.0,0.0,18104.1,18655,4,,KHAGRACHHARI/Matiranga,1,0.0295
Gram,BD20460077,610.5,0.0,0.0,0.0,9269.5,9880,4,,KHAGRACHHARI/Panchhari,1,0.0618
Gram,BD20460080,139.7,0.0,0.0,20.4,9571.9,9732,4,,KHAGRACHHARI/Ramgarh,1,0.0148
Gram,BD20510043,4799.0,11294.1,16412.3,307.3,112.3,32925,2,,LAKSHMIPUR/Laksmipur,1,0.6713
Gram,BD20510058,4832.9,692.9,5033.3,0.0,0.0,10559,2,,LAKSHMIPUR/Raipur,1,0.7485
Gram,BD20510065,1833.9,5454.0,3626.9,0.0,1561.2,12476,2,,LAKSHMIPUR/Ramganj,1,0.6421
Gram,BD20510073,0.0,1511.8,3261.8,29162.9,2740.5,36677,4,,LAKSHMIPUR/Ramgati,1,0.2365
Gram,BD20750007,1047.5,3233.6,390.4,0.0,25914.5,30586,4,,NOAKHALI/Begumganj,1,0.1252
Gram,BD20750010,87.2,2248.0,4029.0,0.0,2627.9,8992,3,,NOAKHALI/Chatkhil,1,0.4337
Gram,BD20750021,5998.3,1015.1,6894.8,9399.5,3981.3,27289,4,,NOAKHALI/Companiganj,1,0.4448
Gram,BD20750036,227.1,519.1,6352.2,9486.1,19692.5,36277,4,,NOAKHALI/Hatiya,1,0.1576
Gram,BD20750080,3327.4,899.3,4565.7,0.0,3569.6,12362,4,,NOAKHALI/Senbag,1,0.512
Gram,BD20750087,486.0,3803.3,25573.6,15896.3,22178.8,67938,4,,NOAKHALI/Noakhali,1,0.2869
Gram,BD20840007,477.4,0.0,0.0,0.0,16647.6,17125,4,,RANGAMATI/Baghaichhari,1,0.0279
Gram,BD20840021,108.3,0.0,0.0,0.0,10204.7,10313,4,,RANGAMATI/Barkal,1,0.0105
Gram,BD20840025,131.5,0.0,0.0,5.1,12684.4,12821,4,,RANGAMATI/Kawkhali (Betbunia),1,0.0103
Gram,BD20840029,74.1,0.0,0.0,0.0,5662.9,5737,4,,RANGAMATI/Belaichhari,1,0.0129
Gram,BD20840036,127.1,0.0,0.0,0.0,5961.9,6089,4,,RANGAMATI/Kaptai,1,0.0209
Gram,BD20840047,111.1,0.0,0.0,0.0,11958.9,12070,4,,RANGAMATI/Juraichhari,1,0.0092
Gram,BD20840058,537.4,0.0,0.0,0.0,13088.6,13626,4,,RANGAMATI/Langadu,1,0.0394
Gram,BD20840075,382.9,0.0,0.0,0.0,10050.1,10433,4,,RANGAMATI/Nannerchar,1,0.0367
Gram,BD20840078,27.0,0.0,0.0,9.8,3583.1,3620,4,,RANGAMATI/Rajasthali,1,0.008
Gram,BD20840087,185.8,0.0,0.0,0.0,8360.2,8546,4,,RANGAMATI/Rangamati,1,0.0217
Gram,BD30260014,15629.3,3825.1,890.1,0.0,6038.4,26383,3,,DHAKA/Dhamrai,1,0.7253
Gram,BD30260018,5105.6,1900.8,1186.1,0.0,675.5,8868,1,,DHAKA/Dohar,1,0.8141
Gram,BD30260038,3831.7,1503.7,2114.3,0.0,5770.4,13220,4,,DHAKA/Keraniganj,1,0.4608
Gram,BD30260062,4233.0,2579.6,7278.8,1280.5,4146.0,19518,3,,DHAKA/Nawabganj,1,0.5222
Gram,BD30260072,5033.9,3920.7,1033.7,4140.9,9278.8,23408,4,,DHAKA/Savar,1,0.4065
Gram,BD30262000,0.0,0.0,0.0,0.0,0.0,0,4,Dhaka Metro,DHAKA/Dhaka Metro,1,
Gram,BD30262500,0.0,0.0,0.0,0.0,0.0,0,4,Dhaka Metro,DHAKA/Dhaka Metro,1,
Gram,BD30290003,4699.5,333.5,4952.1,0.0,555.9,10541,2,,FARIDPUR/Alfadanga,1,0.706
Gram,BD30290010,6164.4,396.2,8450.3,0.0,2141.1,17152,2,,FARIDPUR/Bhanga,1,0.6242
Gram,BD30290018,16241.0,163.2,5379.4,18.1,985.2,22787,1,,FARIDPUR/Boalmari,1,0.8367
Gram,BD30290021,7000.3,958.7,0.0,0.0,0.0,7959,1,,FARIDPUR/Char Bhadrasan,1,0.9759
Gram,BD30290047,28402.7,368.6,2170.0,0.0,192.7,31134,1,,FARIDPUR/Faridpur,1,0.9566
Gram,BD30290056,13674.6,7.7,2522.9,487.6,1091.2,17784,1,,FARIDPUR/Madhukhali,1,0.8457
Gram,BD30290062,12360.7,58.9,18658.9,0.0,1296.5,32375,2,,FARIDPUR/Nagarkanda,1,0.6714
Gram,BD30290084,16068.0,4143.1,1039.6,0.0,38.2,21289,1,,FARIDPUR/Sadarpur,1,0.9349
Gram,BD30330030,6880.0,7460.0,780.0,3430.0,18490.0,37040,4,,GAZIPUR/Gazipur,1,0.3759
Gram,BD30330032,7602.4,3293.3,639.0,270.3,15680.0,27485,4,,GAZIPUR/Kaliakoir,1,0.3861
Gram,BD30330034,2132.0,1163.7,773.0,356.8,14312.6,18738,4,,GAZIPUR/Kaliganj,1,0.1879
Gram,BD30330036,4232.6,6679.2,415.9,636.1,19491.2,31455,4,,GAZIPUR/Kapasia,1,0.3151
Gram,BD30330086,1270.1,14495.7,1896.6,1828.9,24156.7,43648,4,,GAZIPUR/Sripur,1,0.3249
Gram,BD30350032,8180.9,6840.0,5682.7,207.5,11652.8,32564,4,,GOPALGANJ/Gopalganj,1,0.5078
Gram,BD30350043,8797.7,4491.1,2646.4,347.7,6662.1,22945,4,,GOPALGANJ/Kasiani,1,0.6007
Gram,BD30350051,209.8,1371.7,3744.1,0.0,27136.4,32462,4,,GOPALGANJ/Kotalipara,1,0.0979
Gram,BD30350058,4023.9,4206.5,9026.0,1206.5,5889.1,24352,4,,GOPALGANJ/Muksudpur,1,0.4987
Gram,BD30350091,2795.8,1653.2,1562.0,0.0,4831.9,10843,4,,GOPALGANJ/Tungipara,1,0.4518
Gram,BD30480002,0.0,1555.0,2612.8,0.0,21336.2,25504,4,,KISHOREGANJ/Ashtagram,1,0.1
Gram,BD30480006,2876.3,2815.1,3970.1,0.0,4987.5,14649,4,,KISHOREGANJ/Bajitpur,1,0.4856
Gram,BD30480011,1720.3,3840.3,1713.6,0.0,33.9,7308,1,,KISHOREGANJ/Bhairab,1,0.773
Gram,BD30480027,3870.8,538.6,4323.3,287.3,237.0,9257,2,,KISHOREGANJ/Hossainpur,1,0.7044
Gram,BD30480033,255.4,3155.9,4925.4,0.0,28950.3,37287,4,,KISHOREGANJ/Itna,1,0.1406
Gram,BD30480042,2615.4,7039.7,3587.7,0.0,2992.2,16235,2,,KISHOREGANJ/Karimganj,1,0.6185
Gram,BD30480045,2109.8,8639.5,4040.8,0.0,2538.9,17329,2,,KISHOREGANJ/Katiadi,1,0.6372
Gram,BD30480049,4152.7,2849.6,4567.3,0.0,967.4,12537,2,,KISHOREGANJ/Kishoreganj,1,0.6952
Gram,BD30480054,1072.2,1619.7,4478.8,745.2,152.1,8068,2,,KISHOREGANJ/Kuliarchar,1,0.5895
Gram,BD30480059,125.9,2316.7,4557.8,0.0,12078.6,19079,4,,KISHOREGANJ/Mithamoin,1,0.2232
Gram,BD30480076,724.4,3127.9,2559.9,0.0,10132.8,16545,4,,KISHOREGANJ/Nikli,1,0.2724
Gram,BD30480079,5077.7,3476.3,5257.4,656.2,476.5,14944,2,,KISHOREGANJ/Pakundia,1,0.7106
Gram,BD30480092,622.6,7590.8,822.1,0.0,3344.4,12380,3,,KISHOREGANJ/Tarail,1,0.574
Gram,BD30540040,7746.5,4419.4,8493.8,0.0,1710.3,22370,2,,MADARIPUR/Kalkini,1,0.6942
Gram,BD30540054,8497.4,3058.2,7016.7,1979.2,2068.5,22620,2,,MADARIPUR/Madaripur,1,0.6564
Gram,BD30540080,4025.5,1144.6,4928.7,1378.2,8346.9,19824,4,,MADARIPUR/Rajoir,1,0.3875
Gram,BD30540087,11373.0,9833.9,961.9,0.0,96.2,22265,1,,MADARIPUR/Sibchar,1,0.8857
Gram,BD30560010,10403.3,4020.6,1337.3,0.0,1710.7,17472,1,,MANIKGANJ/Daulatpur,1,0.8178
Gram,BD30560022,1655.1,6844.5,1944.2,43.4,1105.8,11593,2,,MANIKGANJ/Ghior,1,0.6997
Gram,BD30560028,2475.4,5510.9,4740.7,0.0,120.0,12847,2,,MANIKGANJ/Harirampur,1,0.7204
Gram,BD30560046,12058.9,3077.1,1688.2,324.3,748.5,17897,1,,MANIKGANJ/Manikganj,1,0.8621
Gram,BD30560070,8835.9,1626.2,719.5,0.0,345.4,11527,1,,MANIKGANJ/Saturia,1,0.9106
Gram,BD30560078,2550.4,9119.2,1447.9,0.0,46.5,13164,1,,MANIKGANJ/Sibalay,1,0.8029
Gram,BD30560082,10987.7,2695.0,1366.0,74.2,2242.1,17365,1,,MANIKGANJ/Singair,1,0.7971
Gram,BD30590024,704.6,2607.8,0.0,0.0,5944.6,9257,4,,MUNSHIGANJ/Gozaria,1,0.3015
Gram,BD30590044,1173.3,1578.3,655.2,440.7,3591.4,7439,4,,MUNSHIGANJ/Lohajang,1,0.3833
Gram,BD30590056,6586.5,1721.4,763.0,329.6,787.4,10188,1,,MUNSHIGANJ/Munshiganj,1,0.8256
Gram,BD30590074,5026.0,2959.4,3488.4,694.4,2975.9,15144,3,,MUNSHIGANJ/Serajdikhan,1,0.6126
Gram,BD30590084,2054.5,1854.8,2974.7,149.8,7854.2,14888,4,,MUNSHIGANJ/Srinagar,1,0.3396
Gram,BD30590094,1736.2,712.4,131.4,1258.9,4406.1,8245,4,,MUNSHIGANJ/Tongibari,1,0.3182
Gram,BD30670002,2660.5,1286.0,61.2,3218.5,5606.8,12833,4,,NARAYANGANJ/Araihazar,1,0.34
Gram,BD30670004,2606.0,2152.5,1797.8,750.5,6317.2,13624,4,,NARAYANGANJ/Sonargaon,1,0.3947
Gram,BD30670006,0.0,0.0,0.0,0.0,0.0,0,4,,NARAYANGANJ/Bandar,1,
Gram,BD30670058,0.0,0.0,0.0,0.0,0.0,0,4,,NARAYANGANJ/Narayanganj,1,
Gram,BD30670068,1356.2,847.6,446.4,621.6,11923.2,15195,4,,NARAYANGANJ/Rupganj,1,0.1567
Gram,BD30680007,3033.7,1656.8,706.9,537.5,3284.1,9219,4,,NARSINGDI/Belabo,1,0.5228
Gram,BD30680052,6654.3,1277.7,997.8,1514.6,4694.6,15139,4,,NARSINGDI/Manohardi,1,0.56
Gram,BD30680060,5617.9,2220.4,25.0,2103.6,6728.1,16695,4,,NARSINGDI/Narsingdi,1,0.4688
Gram,BD30680063,2469.4,394.0,512.3,216.7,2830.6,6423,4,,NARSINGDI/Palas,1,0.4802
Gram,BD30680064,7809.8,4043.6,1178.4,3412.0,7386.2,23830,4,,NARSINGDI/Raipura,1,0.5168
Gram,BD30680076,8087.7,1250.8,1683.0,2449.2,2783.2,16254,4,,NARSINGDI/Sibpur,1,0.6411
Gram,BD30820007,11775.6,0.0,4468.3,220.0,2124.1,18588,2,,RAJBARI/Baliakandi,1,0.7561
Gram,BD30820029,9129.1,1053.0,17.8,0.0,0.0,10200,1,,RAJBARI/Goalanda,1,0.9785
Gram,BD30820073,27948.1,512.2,4104.9,0.0,699.8,33265,1,,RAJBARI/Pangsha,1,0.9142
Gram,BD30820076,17970.9,94.0,3424.9,0.0,760.2,22250,1,,RAJBARI/Rajbari,1,0.888
Gram,BD30860014,3842.4,8229.5,4334.1,0.0,832.0,17238,2,,SHARIATPUR/Bhedarganj,1,0.7305
Gram,BD30860025,1908.2,993.5,3713.9,0.0,796.4,7412,2,,SHARIATPUR/Damudya,1,0.6152
Gram,BD30860036,5651.6,2970.6,4311.1,0.0,589.8,13523,2,,SHARIATPUR/Goshairhat,1,0.7531
Gram,BD30860065,3097.1,5370.0,6310.1,0.0,701.8,15479,2,,SHARIATPUR/Naria,1,0.6814
Gram,BD30860069,5361.0,1960.8,3524.9,0.0,351.4,11198,2,,SHARIATPUR/Palong (Sadar),1,0.7762
Gram,BD30860094,9804.6,6182.6,588.1,0.0,444.7,17020,1,,SHARIATPUR/Janjira,1,0.8839
Gram,BD30930009,492.0,9355.0,1692.1,0.0,1557.9,13097,1,,TANGAIL/Basail,1,0.6736
Gram,BD30930019,8791.3,5844.7,1890.7,0.0,400.2,16927,1,,TANGAIL/Bhuapur,1,0.8514
Gram,BD30930023,4857.5,4546.2,4415.9,0.0,195.5,14015,2,,TANGAIL/Delduar,1,0.7636
Gram,BD30930028,11979.9,6246.5,2280.3,57.0,20376.3,40940,4,,TANGAIL/Ghatail,1,0.4428
Gram,BD30930038,3070.5,5246.1,8192.7,0.0,557.7,17067,2,,TANGAIL/Gopalpur,1,0.6658
Gram,BD30930047,9935.3,4929.8,7071.1,0.0,853.8,22790,2,,TANGAIL/Kalihati,1,0.7641
Gram,BD30930057,11362.9,1314.8,5222.0,52.3,24825.0,42777,4,,TANGAIL/Madhupur,1,0.3515
Gram,BD30930066,37.3,12944.7,7043.8,0.0,10390.1,30416,3,,TANGAIL/Mirzapur,1,0.4575
Gram,BD30930076,11538.8,5199.2,2344.6,0.0,375.4,19458,1,,TANGAIL/Nagarpur,1,0.867
Gram,BD30930085,969.9,2475.0,133.8,0.0,37351.2,40930,4,,TANGAIL/Shakhipur,1,0.0737
Gram,BD30930095,13266.2,4054.1,5471.4,0.0,245.3,23037,2,,TANGAIL/Tangail,1,0.8354
Gram,BD40010008,0.0,8098.7,5020.4,1978.1,2320.8,17418,3,,BAGERHAT/Bagerhat,1,0.5388
Gram,BD40010014,2192.9,4803.0,1193.5,0.0,6122.6,14312,4,,BAGERHAT/Chitalmari,1,0.4634
Gram,BD40010034,0.0,6498.5,1468.8,606.5,1502.2,10076,3,,BAGERHAT/Fakirhat,1,0.6009
Gram,BD40010038,0.0,1900.5,6237.5,57.2,335.8,8531,2,,BAGERHAT/Kachua,1,0.5451
Gram,BD40010056,3569.4,1412.3,7.0,0.0,10940.2,15929,4,,BAGERHAT/Mollahat,1,0.2952
Gram,BD40010058,0.0,0.0,73.2,1764.3,12585.6,14423,4,,BAGERHAT/Mongla,1,0.027
Gram,BD40010060,1762.4,5828.3,6559.5,13762.6,5265.2,33178,4,,BAGERHAT/Morelganj,1,0.3755
Gram,BD40010073,0.0,6087.1,4017.4,8379.7,5957.8,24442,4,,BAGERHAT/Rampal,1,0.35
Gram,BD40010077,1385.6,1032.0,2446.4,3312.4,1789.7,9966,4,,BAGERHAT/Sarankhola,1,0.4111
Gram,BD40180007,25621.3,50.9,0.0,0.0,1955.8,27628,1,,CHUADANGA/Alamdanga,1,0.9288
Gram,BD40180023,21097.8,0.0,0.0,0.0,2030.2,23128,1,,CHUADANGA/Chuadanga,1,0.9122
Gram,BD40180031,22203.3,0.0,0.0,0.0,3780.7,25984,1,,CHUADANGA/Damurhuda,1,0.8545
Gram,BD40180055,13738.1,0.0,0.0,0.0,2160.9,15899,1,,CHUADANGA/Jibannagar,1,0.8641
Gram,BD40410004,8227.4,1466.6,0.0,0.0,7069.9,16764,4,,JESSORE/Abhoynagar,1,0.5608
Gram,BD40410009,15869.9,0.0,0.0,0.0,3004.1,18874,1,,JESSORE/Bagherpara,1,0.8408
Gram,BD40410011,19200.1,0.0,0.0,0.0,3383.9,22584,1,,JESSORE/Chaugachha,1,0.8502
Gram,BD40410023,21616.0,0.0,259.2,0.0,2505.8,24381,1,,JESSORE/Jhikorgachha,1,0.8919
Gram,BD40410038,13889.1,160.5,885.7,0.0,3863.8,18799,1,,JESSORE/Keshabpur,1,0.7692
Gram,BD40410047,27789.9,0.0,0.0,0.0,3772.1,31562,1,,JESSORE/Jessore,1,0.8805
Gram,BD40410061,24887.5,202.2,0.0,0.0,7406.3,32496,1,,JESSORE/Manirampur,1,0.7708
Gram,BD40410090,21351.1,0.0,0.0,0.0,6547.9,27899,1,,JESSORE/Sarsa,1,0.7653
Gram,BD40440014,17839.4,0.0,0.0,0.0,50.6,17890,1,,JHENAIDAH/Harinakundu,1,0.9972
Gram,BD40440019,30506.2,0.0,0.0,0.0,5549.8,36056,1,,JHENAIDAH/Jhenaidah,1,0.8461
Gram,BD40440033,23197.7,0.0,0.0,0.0,2260.3,25458,1,,JHENAIDAH/Kaliganj,1,0.9112
Gram,BD40440042,10734.8,0.0,0.0,0.0,1156.2,11891,1,,JHENAIDAH/Kotchandpur,1,0.9028
Gram,BD40440071,26755.7,0.0,0.0,0.0,7178.3,33934,1,,JHENAIDAH/Maheshpur,1,0.7885
Gram,BD40440080,25812.2,0.0,967.2,0.0,3285.6,30065,1,,JHENAIDAH/Sailkupa,1,0.8746
Gram,BD40470012,518.4,10967.1,2169.7,3591.5,644.3,17891,3,,KHULNA/Batiaghata,1,0.6202
Gram,BD40470017,0.0,1116.2,0.0,613.1,20815.6,22545,4,,KHULNA/Dacope,1,0.045
Gram,BD40470030,9432.1,4898.9,3597.4,5615.4,13022.2,36566,4,,KHULNA/Dumuria,1,0.445
Gram,BD40470040,2201.0,378.0,0.0,0.0,1823.0,4402,3,,KHULNA/Dighalia (Daulathpur),1,0.5687
Gram,BD40470053,0.0,74.3,0.0,338.7,20732.0,21145,4,,KHULNA/Koyra,1,0.006
Gram,BD40470064,3974.7,1719.0,100.6,620.5,25693.1,32108,4,,KHULNA/Paikgachha,1,0.1721
Gram,BD40470069,3120.8,494.9,0.0,0.0,1182.3,4798,1,,KHULNA/Phultala,1,0.733
Gram,BD40470075,1548.1,1885.2,349.6,0.0,1648.0,5431,3,,KHULNA/Rupsha,1,0.5949
Gram,BD40470094,1562.2,1937.1,76.4,0.0,12421.3,15997,4,,KHULNA/Terakhada,1,0.1969
Gram,BD40473300,2080.0,40.0,0.0,0.0,0.0,2120,1,,KHULNA/Khulna Metro,1,0.9962
Gram,BD40500015,8887.1,911.0,235.9,0.0,0.0,10034,1,,KUSHTIA/Bheramara,1,0.9701
Gram,BD40500039,25112.6,4208.4,1690.3,0.0,841.7,31853,1,,KUSHTIA/Daulatpur,1,0.9206
Gram,BD40500063,5100.6,624.7,1220.0,0.0,580.6,7526,2,,KUSHTIA/Khoksha,1,0.8252
Gram,BD40500071,11836.6,2251.6,2023.2,0.0,387.6,16499,1,,KUSHTIA/Kumarkhali,1,0.8879
Gram,BD40500079,16693.4,611.3,326.5,0.0,5661.7,23293,1,,KUSHTIA/Kushtia,1,0.7447
Gram,BD40500094,21833.1,601.8,198.1,0.0,3552.0,26185,1,,KUSHTIA/Mirpur,1,0.856
Gram,BD40550057,24342.8,614.2,134.8,0.0,7400.2,32492,1,,MAGURA/Magura,1,0.7664
Gram,BD40550066,9292.9,1248.8,6082.6,0.0,1160.7,17785,2,,MAGURA/Mohammadpur,1,0.7497
Gram,BD40550085,14362.2,0.0,0.0,0.0,4434.8,18797,1,,MAGURA/Salikha,1,0.7641
Gram,BD40550095,10517.3,302.3,604.5,0.0,2163.9,13588,1,,MAGURA/Sripur,1,0.8141
Gram,BD40570047,25149.8,122.0,0.0,0.0,3824.1,29096,1,,MEHERPUR/Gangni,1,0.8677
Gram,BD40570087,26220.5,0.0,0.0,0.0,4262.5,30483,1,,MEHERPUR/Meherpur,1,0.8602
Gram,BD40650028,2785.0,2229.5,317.4,0.0,19558.1,24890,4,,NARAIL/Kalia,1,0.1899
Gram,BD40650052,12122.6,5579.8,1021.9,0.0,3947.8,22672,1,,NARAIL/Lohagara,1,0.7541
Gram,BD40650076,13733.7,116.0,1565.3,0.0,11814.0,27229,3,,NARAIL/Narail,1,0.5365
Gram,BD40870004,3047.3,4733.3,5145.4,2972.4,18021.6,33920,4,,SATKHIRA/Asasuni,1,0.2948
Gram,BD40870025,98.4,4984.3,1008.3,705.0,7788.0,14584,4,,SATKHIRA/Debhata,1,0.3244
Gram,BD40870043,15921.2,898.6,59.9,0.0,13.3,16893,1,,SATKHIRA/Kalaroa,1,0.9868
Gram,BD40870047,0.0,1044.2,8687.0,4047.2,12203.6,25982,4,,SATKHIRA/Kaliganj,1,0.2305
Gram,BD40870082,15779.5,5205.4,3266.7,1022.6,1803.8,27078,2,,SATKHIRA/Satkhira,1,0.8044
Gram,BD40870086,0.0,0.0,643.8,247.6,35746.6,36638,4,,SATKHIRA/Shyamnagar,1,0.0101
Gram,BD40870090,15681.7,4570.1,4062.3,0.0,2441.9,26756,2,,SATKHIRA/Tala,1,0.7987
Gram,BD45390007,13161.3,3512.7,314.0,0.0,1426.0,18414,1,,JAMALPUR/Bakshiganj,1,0.8759
Gram,BD45390015,12831.9,6613.5,2832.7,417.6,11.3,22707,1,,JAMALPUR/Dewanganj,1,0.8642
Gram,BD45390029,14735.8,9257.0,2462.4,23.1,7.7,26486,1,,JAMALPUR/Islampur,1,0.8826
Gram,BD45390036,20207.3,7177.1,8895.1,0.0,5994.5,42274,2,,JAMALPUR/Jamalpur,1,0.719
Gram,BD45390058,14119.8,5616.4,2379.5,8.7,52.5,22177,1,,JAMALPUR/Madarganj,1,0.893
Gram,BD45390061,14170.2,3048.2,2837.2,0.0,492.4,20548,1,,JAMALPUR/Melandaha,1,0.8773
Gram,BD45390085,15732.2,3729.8,1609.9,0.0,486.2,21558,1,,JAMALPUR/Sarishabari,1,0.9055
Gram,BD45610013,1719.6,15695.8,823.2,4646.5,21128.9,44014,4,,MYMENSINGH/Bhaluka,1,0.3548
Gram,BD45610016,4054.5,12957.0,0.0,0.0,5998.5,23010,3,,MYMENSINGH/Dhobaura,1,0.6267
Gram,BD45610020,11443.2,12201.4,178.0,2615.1,8116.2,34554,3,,MYMENSINGH/Phulbaria,1,0.6314
Gram,BD45610022,10101.5,11141.4,6209.5,497.6,4010.9,31961,2,,MYMENSINGH/Gafargaon,1,0.6952
Gram,BD45610023,15851.2,5083.3,37.6,103.4,1841.6,22917,1,,MYMENSINGH/Gouripur,1,0.8708
Gram,BD45610024,1726.4,21614.7,917.5,0.0,6777.4,31036,3,,MYMENSINGH/Haluaghat,1,0.6276
Gram,BD45610031,14891.6,6973.9,1152.7,425.1,763.7,24207,1,,MYMENSINGH/Ishwarganj,1,0.873
Gram,BD45610052,20832.9,4259.0,2818.8,1740.6,600.7,30252,1,,MYMENSINGH/Mymensingh,1,0.8594
Gram,BD45610065,11106.9,8170.1,2244.9,662.4,3076.7,25261,1,,MYMENSINGH/Muktagachha,1,0.7481
Gram,BD45610072,11890.6,10661.9,1877.5,137.4,2579.6,27147,1,,MYMENSINGH/Nandail,1,0.7878
Gram,BD45610081,27780.7,15477.2,298.9,7.1,3259.1,46823,1,,MYMENSINGH/Phulpur,1,0.861
Gram,BD45610094,9391.5,13623.0,3089.9,144.6,1895.0,28144,1,,MYMENSINGH/Trisal,1,0.7769
Gram,BD45720004,4503.9,8970.6,0.0,0.0,2623.5,16098,1,,NETRAKONA/Atpara,1,0.7256
Gram,BD45720009,3334.3,9748.2,71.6,0.0,6215.0,19369,3,,NETRAKONA/Barhatta,1,0.5766
Gram,BD45720018,8746.1,6620.4,0.0,0.0,8843.5,24210,3,,NETRAKONA/Durgapur,1,0.58
Gram,BD45720038,19.7,1094.9,157.4,0.0,19079.1,20351,4,,NETRAKONA/Khaliajuri,1,0.0479
Gram,BD45720040,2570.9,6141.1,34.2,777.2,25170.7,34694,4,,NETRAKONA/Kalmakanda,1,0.2207
Gram,BD45720047,8748.1,9717.2,0.0,0.0,6084.8,24550,3,,NETRAKONA/Kendua,1,0.673
Gram,BD45720056,1601.1,5948.9,0.0,0.0,12338.0,19888,4,,NETRAKONA/Madan,1,0.3198
Gram,BD45720063,1469.5,8123.9,76.1,0.0,11641.5,21311,4,,NETRAKONA/Mohanganj,1,0.3757
Gram,BD45720074,9528.2,11400.0,0.0,0.0,5653.8,26582,1,,NETRAKONA/Netrakona,1,0.7015
Gram,BD45720083,14417.0,7995.2,0.0,0.0,2600.8,25013,1,,NETRAKONA/Purbadhala,1,0.8321
Gram,BD45890037,1077.8,10559.2,4416.5,902.6,2366.0,19322,2,,SHERPUR/Jhenaigati,1,0.6166
Gram,BD45890067,10043.3,300.6,1734.3,0.0,3352.9,15431,2,,SHERPUR/Nakla,1,0.7226
Gram,BD45890070,595.3,10439.9,2657.4,0.0,16945.4,30638,4,,SHERPUR/Nalitabari,1,0.3354
Gram,BD45890088,27029.5,1066.0,1693.6,0.0,3034.8,32824,1,,SHERPUR/Sherpur,1,0.8752
Gram,BD45890090,9493.8,3434.3,5597.2,99.1,3995.6,22620,2,,SHERPUR/Sribardi,1,0.6658
Gram,BD50100006,293.8,10494.9,60.3,0.0,3767.0,14616,1,,BOGRA/Adamdighi,1,0.5966
Gram,BD50100020,588.0,12042.1,11722.1,0.0,8521.8,32874,3,,BOGRA/Bogra,1,0.4892
Gram,BD50100027,2411.8,1344.1,14866.7,0.0,1493.4,20116,2,,BOGRA/Dhunot,1,0.5429
Gram,BD50100033,654.1,7771.0,5753.4,0.0,165.5,14344,2,,BOGRA/Dhubchachia,1,0.6796
Gram,BD50100040,5584.3,0.0,12154.5,0.0,1296.1,19035,2,,BOGRA/Gabtali,1,0.6126
Gram,BD50100054,979.8,19714.9,581.5,0.0,39.8,21316,1,,BOGRA/Kahalu,1,0.7995
Gram,BD50100067,16.1,20926.5,0.0,0.0,3305.4,24248,1,,BOGRA/Nandigram,1,0.6911
Gram,BD50100081,6138.2,253.1,13333.1,1999.6,2373.0,24097,2,,BOGRA/Shariakandi,1,0.5564
Gram,BD50100088,206.9,11320.5,8846.2,0.0,5006.5,25380,2,,BOGRA/Sherpur,1,0.5393
Gram,BD50100094,7.7,4408.6,16943.2,3702.0,1428.6,26490,2,,BOGRA/Shibganj,1,0.4812
Gram,BD50100095,1331.7,0.0,8994.8,124.6,700.9,11152,2,,BOGRA/Sonatala,1,0.5249
Gram,BD50380013,32.3,2484.4,5097.8,0.0,4823.6,12438,4,,JOYPURHAT/Akkelpur,1,0.3673
Gram,BD50380047,0.0,10472.2,7142.3,2016.9,1091.5,20723,2,,JOYPURHAT/Joypurhat,1,0.5961
Gram,BD50380058,0.0,0.0,14195.0,0.0,49.0,14244,2,,JOYPURHAT/Kalai,1,0.4983
Gram,BD50380061,0.0,316.8,13037.9,0.0,71.3,13426,2,,JOYPURHAT/Khetlal,1,0.5044
Gram,BD50380074,0.0,660.0,16142.5,7643.1,1703.4,26149,3,,JOYPURHAT/Panchbibi,1,0.3873
Gram,BD50640003,1671.8,1733.7,1318.0,2786.3,16815.2,24325,4,,NAOGAON/Atrai,1,0.1757
Gram,BD50640006,2161.4,9922.5,5100.3,121.3,242.5,17548,2,,NAOGAON/Badalgachhi,1,0.7222
Gram,BD50640028,0.0,2823.6,20391.7,2823.6,716.1,26755,2,,NAOGAON/Dhamoirhat,1,0.4866
Gram,BD50640047,13321.2,11900.7,4368.7,0.0,5044.4,34635,2,,NAOGAON/Manda,1,0.7226
Gram,BD50640050,6840.7,13713.5,13383.9,265.3,538.6,34742,2,,NAOGAON/Mohadebpur,1,0.7068
Gram,BD50640060,8157.6,6877.2,1556.4,690.0,6378.8,23660,3,,NAOGAON/Naogaon,1,0.616
Gram,BD50640069,39.2,5612.5,32240.7,0.0,846.6,38739,2,,NAOGAON/Niamatpur,1,0.533
Gram,BD50640075,0.0,2916.2,26085.8,0.0,3779.0,32781,2,,NAOGAON/Patnitala,1,0.469
Gram,BD50640079,0.0,8.2,19032.1,0.0,3610.7,22651,2,,NAOGAON/Porsha,1,0.4204
Gram,BD50640085,1890.5,11879.8,2745.0,1678.8,3781.0,21975,3,,NAOGAON/Raninagar,1,0.5962
Gram,BD50640086,0.0,145.9,13713.5,0.0,7740.6,21600,3,,NAOGAON/Shapahar,1,0.3228
Gram,BD50690009,11179.9,291.1,0.0,0.0,0.0,11471,1,,NATOR/Bagatipara,1,0.9949
Gram,BD50690015,15374.7,4129.9,0.0,0.0,5548.3,25053,1,,NATOR/Baraigram,1,0.7456
Gram,BD50690041,6418.1,3145.3,340.0,0.0,6467.6,16371,4,,NATOR/Gurudashpur,1,0.5561
Gram,BD50690044,21805.1,94.7,3376.5,483.9,241.9,26002,1,,NATOR/Lalpur,1,0.9102
Gram,BD50690063,17963.2,1573.6,2939.4,4802.6,4654.1,31933,3,,NATOR/Nator,1,0.6781
Gram,BD50690091,4703.4,12326.5,4159.5,6535.2,20005.5,47730,4,,NATOR/Shingra,1,0.3761
Gram,BD50700018,0.0,3942.9,2913.6,3829.5,0.0,10686,4,,NAWABGANJ/Bholahat,1,0.5032
Gram,BD50700037,0.0,6075.5,15315.4,1999.9,4143.2,27534,2,,NAWABGANJ/Gomastapur,1,0.4692
Gram,BD50700056,0.0,1694.4,23170.0,1233.8,32.9,26131,2,,NAWABGANJ/Nachol,1,0.5047
Gram,BD50700066,28.4,15036.2,6170.5,11099.9,1227.0,33562,4,,NAWABGANJ/Nawabganj,1,0.5173
Gram,BD50700088,0.0,31382.2,4310.3,9184.2,8.3,44885,3,,NAWABGANJ/Shibganj,1,0.6483
Gram,BD50760005,6691.0,2582.1,2821.3,0.0,2469.5,14564,3,,PABNA/Atgharia,1,0.6981
Gram,BD50760016,4255.2,4779.9,5779.0,0.0,2487.0,17301,2,,PABNA/Bera,1,0.634
Gram,BD50760019,2148.8,3375.5,1251.4,2914.4,773.9,10464,3,,PABNA/Bhangura,1,0.5789
Gram,BD50760022,8488.7,9151.2,6180.9,975.6,793.5,25590,2,,PABNA/Chatmohar,1,0.7462
Gram,BD50760033,491.0,778.0,2991.1,302.1,7794.9,12357,4,,PABNA/Faridpur,1,0.216
Gram,BD50760039,16071.5,2462.8,900.7,21.1,365.9,19822,1,,PABNA/Ishwardi,1,0.9331
Gram,BD50760055,24717.7,3647.3,4485.7,0.0,855.2,33706,1,,PABNA/Pabna,1,0.8864
Gram,BD50760072,8956.6,3596.5,10412.1,0.0,5082.8,28048,2,,PABNA/Santhia,1,0.6075
Gram,BD50760083,9443.7,4573.3,4525.0,2058.7,4124.3,24725,4,,PABNA/Sujanagar,1,0.6381
Gram,BD50810010,10454.1,191.6,1599.2,561.7,297.4,13104,1,,RAJSHAHI/Bagha,1,0.8791
Gram,BD50810012,8470.5,1166.9,11387.7,1068.5,6333.5,28427,3,,RAJSHAHI/Bagmara,1,0.5386
Gram,BD50810025,12390.7,7.4,177.5,81.4,37.0,12694,1,,RAJSHAHI/Charghat,1,0.9848
Gram,BD50810031,12650.1,141.8,3156.9,0.0,261.2,16210,1,,RAJSHAHI/Durgapur,1,0.8848
Gram,BD50810034,2006.2,6605.6,31100.8,2058.8,455.6,42227,2,,RAJSHAHI/Godagari,1,0.5507
Gram,BD50810053,8016.8,729.5,2137.3,0.0,2261.3,13145,2,,RAJSHAHI/Mohanpur,1,0.7356
Gram,BD50810072,16142.3,966.8,2195.1,0.0,435.8,19740,1,,RAJSHAHI/Paba,1,0.9125
Gram,BD50810082,14039.1,67.6,1223.7,0.0,585.6,15916,1,,RAJSHAHI/Puthia,1,0.9239
Gram,BD50810094,226.9,8151.0,16349.0,0.0,1228.1,25955,2,,RAJSHAHI/Tanor,1,0.5749
Gram,BD50816600,0.0,0.0,0.0,0.0,0.0,0,4,,RAJSHAHI/Boalia (Rajshahi),1,
Gram,BD50880011,2839.5,1991.8,4686.6,261.9,303.2,10083,2,,SIRAJGANJ/Belkuchi,1,0.6772
Gram,BD50880027,617.8,5876.5,2794.3,0.0,3798.3,13087,3,,SIRAJGANJ/Chauhali,1,0.5132
Gram,BD50880044,1707.1,1044.9,4716.6,161.9,51.5,7682,2,,SIRAJGANJ/Kamarkhanda,1,0.6422
Gram,BD50880050,6059.8,6511.5,7303.4,70.4,1185.0,21130,2,,SIRAJGANJ/Kazipur,1,0.7068
Gram,BD50880061,454.2,4306.6,16365.3,0.0,602.9,21729,2,,SIRAJGANJ/Raiganj,1,0.556
Gram,BD50880067,201.5,5919.7,14014.0,799.0,2292.8,23227,2,,SIRAJGANJ/Shahzadpur,1,0.5211
Gram,BD50880078,8773.1,3948.3,9832.6,0.0,122.0,22676,2,,SIRAJGANJ/Sirajganj,1,0.743
Gram,BD50880089,2177.0,6100.4,1307.8,1575.9,15645.0,26806,4,,SIRAJGANJ/Taras,1,0.2994
Gram,BD50880094,1933.8,6135.4,22514.7,3828.8,691.2,35104,2,,SIRAJGANJ/Ullapara,1,0.5374
Gram,BD55270010,0.0,3754.5,7940.4,302.9,6912.2,18910,4,,DINAJPUR/Birampur,1,0.372
Gram,BD55270012,0.0,25135.0,2656.9,8626.7,275.4,36694,3,,DINAJPUR/Birganj,1,0.6312
Gram,BD55270017,0.0,8405.7,6159.9,12873.2,3537.1,30976,4,,DINAJPUR/Biral,1,0.3996
Gram,BD55270021,0.0,12403.9,1707.6,5360.0,379.5,19851,3,,DINAJPUR/Bochaganj,1,0.5969
Gram,BD55270030,0.0,10492.3,6503.8,8094.5,2515.3,27606,4,,DINAJPUR/Chirirbandar,1,0.4805
Gram,BD55270038,0.0,1308.7,9883.7,4580.5,4932.1,20705,4,,DINAJPUR/Fulbari,1,0.3335
Gram,BD55270043,0.0,80.7,4115.4,5737.3,3090.6,13024,4,,DINAJPUR/Ghoraghat,1,0.2511
Gram,BD55270047,0.0,607.9,6374.6,8.0,1967.6,8958,2,,DINAJPUR/Hakimpur,1,0.4103
Gram,BD55270056,0.0,10378.2,1321.0,4281.9,1639.9,17621,3,,DINAJPUR/Kaharol,1,0.5573
Gram,BD55270060,0.0,12000.8,0.0,2763.2,0.0,14764,1,,DINAJPUR/Khansama,1,0.6877
Gram,BD55270064,0.0,5499.3,10695.6,8194.5,4885.6,29275,4,,DINAJPUR/Dinajpur,1,0.3889
Gram,BD55270069,0.0,3118.0,9768.4,7907.7,6148.8,26943,4,,DINAJPUR/Nawabganj,1,0.3326
Gram,BD55270077,0.0,6997.9,13781.4,9983.9,5619.8,36383,4,,DINAJPUR/Parbatipur,1,0.3981
Gram,BD55320021,8052.8,89.5,6674.8,4214.3,3641.6,22673,4,,GAIBANDHA/Phulchhari,1,0.5427
Gram,BD55320024,1000.5,355.0,4817.1,19252.4,1750.9,27176,4,,GAIBANDHA/Gaibandha,1,0.2776
Gram,BD55320030,1608.9,4628.5,18065.8,12717.3,1344.5,38365,4,,GAIBANDHA/Gobindaganj,1,0.4402
Gram,BD55320067,0.0,4908.5,553.8,9779.0,371.7,15613,4,,GAIBANDHA/Palashbari,1,0.3945
Gram,BD55320082,0.0,4089.9,197.0,14760.1,1056.0,20103,4,,GAIBANDHA/Sadullapur,1,0.3145
Gram,BD55320088,1323.6,851.4,14443.6,1401.0,317.4,18337,2,,GAIBANDHA/Shaghata,1,0.5184
Gram,BD55320091,2734.7,2937.3,2913.9,22750.2,1308.9,32645,4,,GAIBANDHA/Sundarganj,1,0.3398
Gram,BD55490006,0.0,14571.8,579.3,4374.5,469.4,19995,1,,KURIGRAM/Bhurungamari,1,0.6413
Gram,BD55490008,5349.6,517.7,530.5,1796.0,984.3,9178,3,,KURIGRAM/Rajibpur (Dhushmara),1,0.696
Gram,BD55490009,1190.6,1043.2,748.4,3730.5,3730.5,10443,4,,KURIGRAM/Chilmari,1,0.3012
Gram,BD55490018,0.0,5746.4,0.0,7688.5,124.2,13559,4,,KURIGRAM/Phulbari,1,0.4525
Gram,BD55490052,0.0,2935.9,0.0,16854.6,1455.5,21246,4,,KURIGRAM/Kurigram,1,0.2692
Gram,BD55490061,0.0,11853.7,0.0,18955.0,4090.3,34899,4,,KURIGRAM/Nageshwari,1,0.3804
Gram,BD55490077,0.0,2823.6,0.0,10719.2,687.2,14230,4,,KURIGRAM/Rajarhat,1,0.3094
Gram,BD55490079,1808.1,1653.8,1095.2,11642.6,742.4,16942,4,,KURIGRAM/Ruhumari,1,0.3546
Gram,BD55490094,0.0,3256.2,0.0,22603.4,1106.5,26966,4,,KURIGRAM/Ulipur,1,0.2642
Gram,BD55520002,0.0,2991.5,201.2,13365.7,603.6,17162,4,,LALMONIRHAT/Aditmari,1,0.3011
Gram,BD55520033,0.0,11127.7,79.3,8944.0,0.0,20151,3,,LALMONIRHAT/Hatibanda,1,0.5325
Gram,BD55520039,0.0,12383.0,35.9,8216.4,610.6,21246,3,,LALMONIRHAT/Kaliganj,1,0.5445
Gram,BD55520055,0.0,11847.1,16.9,8790.3,582.6,21237,3,,LALMONIRHAT/Lalmonirhat,1,0.5295
Gram,BD55520070,0.0,5792.9,0.0,16395.1,0.0,22188,4,,LALMONIRHAT/Patgram,1,0.3567
Gram,BD55730012,0.0,11643.3,0.0,15277.6,1166.0,28087,4,,NILPHAMARI/Dimla,1,0.4404
Gram,BD55730015,0.0,4934.8,0.0,15926.2,0.0,20861,4,,NILPHAMARI/Domar,1,0.3419
Gram,BD55730036,0.0,8539.8,0.0,15388.9,1318.2,25247,4,,NILPHAMARI/Jaldhaka,1,0.3925
Gram,BD55730045,0.0,11679.6,0.0,11964.4,67.0,23711,4,,NILPHAMARI/Kishorganj,1,0.495
Gram,BD55730064,0.0,7207.3,0.0,25363.7,138.0,32709,4,,NILPHAMARI/Nilphamari,1,0.3314
Gram,BD55730085,0.0,4169.5,57.5,5884.9,164.2,10276,4,,NILPHAMARI/Saidpur,1,0.4419
Gram,BD55770004,0.0,15166.2,0.0,4992.8,0.0,20159,1,,PANCHAGARH/Atwari,1,0.6514
Gram,BD55770025,0.0,22552.9,0.0,2232.8,1687.3,26473,1,,PANCHAGARH/Boda,1,0.6984
Gram,BD55770034,0.0,12917.9,0.0,11111.5,21.6,24051,3,,PANCHAGARH/Debiganj,1,0.5221
Gram,BD55770073,0.0,23629.6,0.0,5950.8,1467.7,31048,1,,PANCHAGARH/Panchagar,1,0.6472
Gram,BD55770090,0.0,6285.8,0.0,10368.4,101.8,16756,4,,PANCHAGARH/Tetulia,1,0.4239
Gram,BD55850003,0.0,7276.8,8867.8,8908.2,2237.2,27290,4,,RANGPUR/Badarganj,1,0.4411
Gram,BD55850027,0.0,11157.1,0.0,6766.0,17.9,17941,3,,RANGPUR/Gangachara,1,0.5729
Gram,BD55850042,0.0,4458.3,0.0,8193.7,0.0,12652,4,,RANGPUR/Kaunia,1,0.4114
Gram,BD55850049,0.0,12684.1,0.0,13819.1,260.7,26764,4,,RANGPUR/Rangpur,1,0.4824
Gram,BD55850058,0.0,9977.3,7479.1,22162.2,5004.4,44623,4,,RANGPUR/Mithapukur,1,0.362
Gram,BD55850073,0.0,5373.2,0.0,17513.2,193.6,23080,4,,RANGPUR/Pirgachha,1,0.338
Gram,BD55850076,0.0,5597.6,6763.8,16466.4,7510.2,36338,4,,RANGPUR/Pirganj,1,0.3069
Gram,BD55850092,0.0,4771.5,0.0,6678.6,46.0,11496,4,,RANGPUR/Taraganj,1,0.4482
Gram,BD55940008,0.0,25565.0,0.0,0.0,0.0,25565,1,,THAKURGAON/Baliadangi,1,0.8
Gram,BD55940051,0.0,7975.6,0.0,9686.6,404.8,18067,4,,THAKURGAON/Haripur,1,0.4604
Gram,BD55940082,0.0,16138.3,7.5,12495.4,2008.9,30650,3,,THAKURGAON/Pirganj,1,0.5029
Gram,BD55940086,0.0,15853.3,0.0,11190.6,308.1,27352,3,,THAKURGAON/Ranisonkail,1,0.5455
Gram,BD55940094,0.0,48226.4,0.0,10134.9,1921.7,60283,1,,THAKURGAON/Thakurgaon,1,0.6736
Gram,BD60360002,0.0,56.5,3777.7,0.0,12116.8,15951,4,,HABIGANJ/Ajmiriganj,1,0.1212
Gram,BD60360005,257.8,9838.4,7363.7,2036.4,2809.7,22306,2,,HABIGANJ/Bahubal,1,0.5477
Gram,BD60360011,959.4,41.0,8536.2,0.0,33718.4,43255,4,,HABIGANJ/Baniyachang,1,0.1216
Gram,BD60360026,15.4,13035.3,5362.9,71.8,9622.5,28108,4,,HABIGANJ/Chunarughat,1,0.4675
Gram,BD60360044,5491.2,2629.7,3948.6,751.4,9144.1,21965,4,,HABIGANJ/Habiganj,1,0.4425
Gram,BD60360068,1229.0,92.6,4949.6,0.0,10841.9,17113,4,,HABIGANJ/Lakhai,1,0.2208
Gram,BD60360071,9764.9,204.1,12827.1,51.0,2534.8,25382,2,,HABIGANJ/Madhabpur,1,0.6442
Gram,BD60360077,7810.5,2390.8,13437.7,0.0,12546.0,36185,4,,HABIGANJ/Nabiganj,1,0.4544
Gram,BD60580014,0.0,10931.2,10503.1,1066.3,16791.5,39292,4,,MOULVI BAZAR/Barlekha,1,0.3616
Gram,BD60580056,0.0,10613.7,7162.4,27.7,12776.2,30580,4,,MOULVI BAZAR/Kamalganj,1,0.395
Gram,BD60580065,0.0,8914.5,21341.2,790.8,12653.5,43700,3,,MOULVI BAZAR/Kulaura,1,0.411
Gram,BD60580074,5785.3,3781.6,5951.1,2832.4,8828.7,27179,4,,MOULVI BAZAR/Moulvi Bazar,1,0.4545
Gram,BD60580080,1441.0,7848.9,1540.6,325.4,11886.2,23042,4,,MOULVI BAZAR/Rajnagar,1,0.3713
Gram,BD60580083,0.0,592.7,11646.3,4253.2,16139.8,32632,4,,MOULVI BAZAR/Srimangal,1,0.219
Gram,BD60900018,3412.3,2514.3,4156.3,0.0,7594.2,17677,4,,SUNAMGANJ/Bishambarpur,1,0.4244
Gram,BD60900023,9355.1,4393.2,9183.7,358.3,11738.6,35029,4,,SUNAMGANJ/Chhatak,1,0.5005
Gram,BD60900029,3103.3,1531.2,4053.2,0.0,28593.3,37281,4,,SUNAMGANJ/Dirai,1,0.1705
Gram,BD60900032,729.0,1383.4,9054.3,4589.3,23518.0,39274,4,,SUNAMGANJ/Dharmapasha,1,0.1854
Gram,BD60900033,12791.2,889.0,6248.9,3426.5,6775.4,30131,3,,SUNAMGANJ/Dwarabazar,1,0.5746
Gram,BD60900047,7045.9,102.2,8705.1,0.0,16277.8,32131,4,,SUNAMGANJ/Jagannathpur,1,0.3573
Gram,BD60900050,59.8,1536.7,2439.5,0.0,24509.0,28545,4,,SUNAMGANJ/Jamalganj,1,0.0879
Gram,BD60900086,194.8,576.7,2361.5,0.0,19164.9,22298,4,,SUNAMGANJ/Sulla,1,0.0824
Gram,BD60900089,1874.9,1607.1,18749.3,1128.8,28898.9,52259,4,,SUNAMGANJ/Sunamganj,1,0.2442
Gram,BD60900092,1712.1,3702.3,687.8,3834.0,12738.7,22675,4,,SUNAMGANJ/Tahirpur,1,0.2551
Gram,BD60910008,9559.1,558.0,6442.8,0.0,14458.2,31018,4,,SYLHET/Balaganj,1,0.4264
Gram,BD60910017,6.7,6071.7,3122.8,3463.8,5383.0,18048,4,,SYLHET/Beani Bazar,1,0.3944
Gram,BD60910020,10427.8,658.5,3582.1,0.0,2098.6,16767,2,,SYLHET/Bishwanath,1,0.7602
Gram,BD60910027,6397.4,984.2,153.1,0.0,21029.3,28564,4,,SYLHET/Companiganj,1,0.2542
Gram,BD60910035,478.1,1011.0,2218.0,337.0,4592.8,8637,4,,SYLHET/Fenchuganj,1,0.2852
Gram,BD60910038,2320.1,5257.5,3783.5,1149.4,3666.4,16177,3,,SYLHET/Golapganj,1,0.5346
Gram,BD60910041,12609.4,4079.1,640.1,0.0,27243.4,44572,4,,SYLHET/Gowainghat,1,0.3633
Gram,BD60910053,4922.7,3449.2,642.1,172.9,7853.2,17040,4,,SYLHET/Jaintapur,1,0.4717
Gram,BD60910059,198.3,12477.8,1858.1,697.7,14681.1,29913,4,,SYLHET/Kanaighat,1,0.3761
Gram,BD60910062,19698.5,1273.7,3443.7,0.0,12373.1,36789,3,,SYLHET/Sylhet,1,0.6099
Gram,BD60910094,0.0,9053.5,625.1,1889.4,7712.0,19280,4,,SYLHET/Zakiganj,1,0.4115
Groundnut,BD10040009,0.0,8.1,105.4,27119.8,16936.7,44170,4,,BARGUNA/Amtali,1,0.1241
Groundnut,BD10040019,0.0,0.0,7186.5,15.5,0.0,7202,2,,BARGUNA/Bamna,1,0.4994
Groundnut,BD10040028,0.0,0.0,200.8,21164.6,3911.6,25277,4,,BARGUNA/Borguna,1,0.1714
Groundnut,BD10040047,0.0,63.4,8228.9,288.6,2710.1,11291,2,,BARGUNA/Betagi,1,0.374
Groundnut,BD10040085,0.0,0.0,1145.5,16579.9,1897.6,19623,4,,BARGUNA/Patharghata,1,0.1982
Groundnut,BD10060002,37.3,4335.8,0.0,6037.3,2462.7,12873,4,,BARISAL/Agailjhara,1,0.3661
Groundnut,BD10060003,437.9,7013.7,3373.4,0.0,0.0,10825,3,,BARISAL/Babuganj,1,0.7146
Groundnut,BD10060007,602.5,861.9,24066.3,2887.0,3213.3,31631,2,,BARISAL/Bakerganj,1,0.4395
Groundnut,BD10060010,182.1,2003.0,772.1,102.0,7057.9,10117,4,,BARISAL/Banaripara,1,0.2166
Groundnut,BD10060032,342.7,7743.6,210.9,619.5,1555.3,10472,1,,BARISAL/Gaurnadi,1,0.6462
Groundnut,BD10060036,3801.3,13241.9,1023.4,0.0,1587.4,19654,1,,BARISAL/Hizla,1,0.7584
Groundnut,BD10060051,981.7,11711.7,6441.4,0.0,86.1,19221,3,,BARISAL/Barisal,1,0.7061
Groundnut,BD10060062,3603.7,18728.3,3258.3,0.0,18.7,25609,1,,BARISAL/Mehendiganj,1,0.7894
Groundnut,BD10060069,5921.0,9271.3,3245.0,273.9,73.7,18785,1,,BARISAL/Muladi,1,0.7993
Groundnut,BD10060094,205.2,7098.0,1082.8,2611.3,8534.6,19532,4,,BARISAL/Ujirpur,1,0.3557
Groundnut,BD10090018,1500.2,20855.1,338.3,228.0,551.5,23473,1,,BHOLA/Bhola,1,0.7838
Groundnut,BD10090021,0.0,9186.3,0.0,9307.9,141.8,18636,4,,BHOLA/Burhanuddin,1,0.4942
Groundnut,BD10090025,0.0,3831.9,0.0,27130.9,13719.2,44682,4,,BHOLA/Char Fasson,1,0.19
Groundnut,BD10090029,0.0,8171.0,44.6,186.4,0.0,8402,1,,BHOLA/Daulatkhan,1,0.7851
Groundnut,BD10090054,0.0,16362.6,0.0,1793.1,3403.3,21559,1,,BHOLA/Lalmohan,1,0.6238
Groundnut,BD10090065,0.0,135.5,0.0,0.0,15262.5,15398,4,,BHOLA/Monpura,1,0.007
Groundnut,BD10090091,0.0,9427.9,0.0,0.0,757.1,10185,1,,BHOLA/Tajumuddin,1,0.7405
Groundnut,BD10420040,0.0,2340.4,8411.8,1443.8,3541.0,15737,3,,JHALAKATI/Jhalakati,1,0.4046
Groundnut,BD10420043,0.0,0.0,4935.5,215.5,6789.0,11940,4,,JHALAKATI/Kathalia,1,0.2103
Groundnut,BD10420073,0.0,680.9,14576.1,0.0,0.0,15257,2,,JHALAKATI/Nalchiti,1,0.5134
Groundnut,BD10420084,0.0,1356.1,8800.5,0.0,2281.4,12438,2,,JHALAKATI/Rajapur,1,0.441
Groundnut,BD10780038,0.0,2074.1,32591.8,1388.8,18.3,36073,2,,PATUAKHALI/Bauphal,1,0.5054
Groundnut,BD10780052,0.0,855.1,12621.6,504.5,2881.8,16863,2,,PATUAKHALI/Dashmina,1,0.4208
Groundnut,BD10780057,0.0,262.1,22107.5,7244.4,30138.1,59752,4,,PATUAKHALI/Galachipa,1,0.2128
Groundnut,BD10780066,0.0,0.0,0.0,15253.8,20012.2,35266,4,,PATUAKHALI/Kalapara,1,0.0865
Groundnut,BD10780076,0.0,198.6,5862.5,2445.0,3492.9,11999,4,,PATUAKHALI/Mirzaganj,1,0.2983
Groundnut,BD10780095,0.0,7.7,21550.0,7591.0,1061.3,30210,2,,PATUAKHALI/Patuakhali,1,0.4071
Groundnut,BD10790014,0.0,0.0,6700.5,1221.5,2493.0,10415,3,,PIROJPUR/Bhandaria,1,0.3451
Groundnut,BD10790047,0.0,0.0,680.9,0.0,4135.1,4816,4,,PIROJPUR/Kawkhali,1,0.0707
Groundnut,BD10790058,0.0,0.0,2190.6,18331.1,2365.3,22887,4,,PIROJPUR/Mathbaria,1,0.208
Groundnut,BD10790076,777.3,480.5,869.2,713.7,13829.2,16670,4,,PIROJPUR/Nazirpur,1,0.1043
Groundnut,BD10790080,0.0,544.2,3328.7,3918.3,12507.7,20299,4,,PIROJPUR/Pirojpur,1,0.142
Groundnut,BD10790087,0.0,0.0,48.9,838.0,10668.0,11555,4,,PIROJPUR/Sarupkati,1,0.0166
Groundnut,BD20030004,83.1,203.9,747.6,181.2,22248.1,23464,4,,BANDARBAN/Alikadam,1,0.028
Groundnut,BD20030014,101.8,0.0,0.0,133.6,15110.6,15346,4,,BANDARBAN/Bandarban,1,0.0084
Groundnut,BD20030051,167.4,381.1,58.8,130.0,15726.8,16464,4,,BANDARBAN/Lama,1,0.032
Groundnut,BD20030073,142.6,6.3,11.1,133.1,7957.8,8251,4,,BANDARBAN/Naikhongchhari,1,0.0218
Groundnut,BD20030089,8.1,32.3,0.0,223.9,10009.8,10274,4,,BANDARBAN/Rowangchhari,1,0.0077
Groundnut,BD20030091,0.0,0.0,0.0,193.8,7202.2,7396,4,,BANDARBAN/Ruma,1,0.0052
Groundnut,BD20030095,0.0,71.4,14.5,382.2,5130.0,5598,4,,BANDARBAN/Thanchi,1,0.0251
Groundnut,BD20120002,338.6,2147.7,275.1,2782.5,3216.2,8760,4,,BRAHMANBARIA/Akhaura,1,0.314
Groundnut,BD20120004,1399.0,6420.4,143.7,0.0,6601.9,14565,4,,BRAHMANBARIA/Banchharampur,1,0.4536
Groundnut,BD20120013,9510.1,12052.3,2379.5,2767.0,16377.2,43086,4,,BRAHMANBARIA/Brahmanbaria,1,0.485
Groundnut,BD20120063,6980.3,6429.5,0.0,437.7,3667.5,17515,3,,BRAHMANBARIA/Kasba,1,0.6972
Groundnut,BD20120085,5209.6,16363.7,129.2,0.0,7406.5,29109,3,,BRAHMANBARIA/Nabinagar,1,0.6309
Groundnut,BD20120090,1472.1,13288.4,0.0,0.0,11060.5,25821,3,,BRAHMANBARIA/Nasirnagar,1,0.4687
Groundnut,BD20120094,3725.4,3769.3,553.5,0.0,10455.7,18504,4,,BRAHMANBARIA/Sarail,1,0.3792
Groundnut,BD20130022,337.6,11504.6,76.2,147.0,435.6,12501,1,,CHANDPUR/Chandpur,1,0.7686
Groundnut,BD20130045,6516.9,5937.1,2560.9,0.0,628.1,15643,1,,CHANDPUR/Faridganj,1,0.8021
Groundnut,BD20130047,676.8,3478.3,2442.9,0.0,0.0,6598,2,,CHANDPUR/Haimchar,1,0.7094
Groundnut,BD20130049,0.0,7889.0,3314.9,0.0,2268.1,13472,2,,CHANDPUR/Hajiganj,1,0.5915
Groundnut,BD20130058,4000.4,3044.1,2175.3,0.0,8573.2,17793,4,,CHANDPUR/Kachua,1,0.4228
Groundnut,BD20130076,79.1,18223.8,2860.4,112.0,5338.6,26614,3,Matlab,CHANDPUR/Matlab,1,0.6053
Groundnut,BD20130079,79.1,18223.8,2860.4,112.0,5338.6,26614,3,Matlab,CHANDPUR/Matlab,1,0.6053
Groundnut,BD20130095,3326.2,2308.0,4016.3,0.0,2166.5,11817,3,,CHANDPUR/Shahrasti,1,0.6077
Groundnut,BD20150004,117.3,674.5,7284.9,0.0,1384.3,9461,2,,CHITTAGONG/Anwara,1,0.4544
Groundnut,BD20150008,876.2,1922.3,10331.4,1446.8,11452.2,26029,4,,CHITTAGONG/Banskhali,1,0.3023
Groundnut,BD20150012,2362.9,4451.3,0.0,0.0,178.8,6993,1,,CHITTAGONG/Boalkhali,1,0.8471
Groundnut,BD20150018,1955.2,2795.2,515.0,20.0,6080.5,11366,4,,CHITTAGONG/Chandanais,1,0.3918
Groundnut,BD20150033,1251.4,4028.1,2338.3,9328.9,6701.3,23648,4,,CHITTAGONG/Fatikchhari,1,0.3175
Groundnut,BD20150037,367.4,3301.1,3023.0,1159.9,4665.7,12517,4,,CHITTAGONG/Hathazari,1,0.3796
Groundnut,BD20150047,91.3,370.4,268.4,26.8,11752.0,12509,4,,CHITTAGONG/Lohagora,1,0.0421
Groundnut,BD20150053,5238.3,8218.9,1181.7,1725.0,6346.1,22710,3,,CHITTAGONG/Mirsharai,1,0.5614
Groundnut,BD20150061,1516.5,2258.6,4078.4,0.0,4135.5,11989,4,,CHITTAGONG/Patia,1,0.4473
Groundnut,BD20150070,1734.8,3809.8,2247.9,4607.5,7151.0,19551,4,,CHITTAGONG/Rangunia,1,0.3492
Groundnut,BD20150074,775.4,4395.6,5516.8,2415.3,780.9,13884,3,,CHITTAGONG/Rauzan,1,0.5426
Groundnut,BD20150078,3279.1,8226.8,2221.6,8052.1,5607.4,27387,4,,CHITTAGONG/Sandwip,1,0.4594
Groundnut,BD20150082,3566.5,3427.5,2744.3,0.0,6698.7,16437,4,,CHITTAGONG/Satkania,1,0.4673
Groundnut,BD20150086,790.6,4392.5,375.1,8.1,3710.8,9277,4,,CHITTAGONG/Sitakunda,1,0.4844
Groundnut,BD20151600,0.0,0.0,0.0,0.0,0.0,0,4,,CHITTAGONG/Patenga; CHITTAGONG/Double Mooring; CHITTAGONG/Panchlais,3,
Groundnut,BD20190009,7942.8,9933.6,607.4,0.0,47.2,18531,1,,COMILLA/Barura,1,0.8739
Groundnut,BD20190015,937.0,6060.0,1851.0,122.9,1536.1,10507,3,,COMILLA/Brahmanpara,1,0.641
Groundnut,BD20190018,3393.6,2233.7,4438.8,587.1,2147.8,12801,3,,COMILLA/Burichang,1,0.5872
Groundnut,BD20190027,3314.3,826.8,3786.8,6.9,7657.0,15592,4,,COMILLA/Chandina,1,0.3765
Groundnut,BD20190031,13915.3,2028.7,4342.7,0.0,1635.3,21922,2,,COMILLA/Chauddagram,1,0.8078
Groundnut,BD20190036,50.5,2060.4,0.0,0.0,37531.1,39642,4,,COMILLA/Daudkandi,1,0.0429
Groundnut,BD20190040,10861.3,4107.7,1383.5,221.1,2189.4,18763,1,,COMILLA/Debiduar,1,0.7932
Groundnut,BD20190054,49.9,907.3,149.8,0.0,12643.9,13751,4,,COMILLA/Homna,1,0.0619
Groundnut,BD20190067,2267.0,1106.6,10950.7,883.7,5363.9,20572,3,,COMILLA/Comilla,1,0.428
Groundnut,BD20190072,12879.7,15561.8,655.0,0.0,4302.4,33399,1,,COMILLA/Laksham,1,0.7682
Groundnut,BD20190081,7058.2,6737.1,1112.9,903.8,13250.1,29062,4,,COMILLA/Muradnagar,1,0.4537
Groundnut,BD20190087,14988.6,3080.3,795.9,0.0,405.3,19270,1,,COMILLA/Nangalkot,1,0.9263
Groundnut,BD20220016,1854.5,3804.2,3394.0,6104.5,22218.7,37376,4,,COX'S BAZAR/Chakaria,1,0.2091
Groundnut,BD20220024,552.5,2060.1,1476.0,1491.8,10687.5,16268,4,,COX'S BAZAR/Cox's Bazar,1,0.199
Groundnut,BD20220045,0.0,67.9,882.9,4763.7,795.6,6510,4,,COX'S BAZAR/Kutubdia,1,0.2225
Groundnut,BD20220049,39.3,533.1,269.4,2547.8,12733.4,16123,4,,COX'S BAZAR/Moheshkhali,1,0.0688
Groundnut,BD20220066,1208.4,1874.1,423.3,130.2,11418.0,15054,4,,COX'S BAZAR/Ramu,1,0.1957
Groundnut,BD20220090,0.0,170.7,1007.7,743.6,11138.0,13060,4,,COX'S BAZAR/Teknaf,1,0.0604
Groundnut,BD20220094,391.5,301.4,93.2,3.1,7465.9,8255,4,,COX'S BAZAR/Ukhia,1,0.0823
Groundnut,BD20300014,2134.2,6532.2,1862.9,60.7,4.0,10594,1,,FENI/Chhagalnaiya,1,0.7838
Groundnut,BD20300025,7759.5,1255.3,0.0,0.0,3350.2,12365,1,,FENI/Daganbhuiya,1,0.7088
Groundnut,BD20300029,13735.6,458.9,354.0,0.0,1042.5,15591,1,,FENI/Feni,1,0.9159
Groundnut,BD20300051,0.0,7996.8,7845.9,1086.4,0.0,16929,2,,FENI/Parshuram,1,0.6225
Groundnut,BD20300094,8188.4,414.9,7822.9,484.0,9.9,16920,2,,FENI/Sonagazi,1,0.7405
Groundnut,BD20460043,812.2,280.3,0.0,3223.6,11269.9,15586,4,,KHAGRACHHARI/Dighinala,1,0.1079
Groundnut,BD20460049,590.7,190.4,3.2,397.0,7388.6,8570,4,,KHAGRACHHARI/Khagrachhari,1,0.0962
Groundnut,BD20460061,187.9,5.6,0.0,9.3,4397.3,4600,4,,KHAGRACHHARI/Laksmichhari,1,0.0422
Groundnut,BD20460065,417.5,132.4,25.5,168.0,7748.7,8492,4,,KHAGRACHHARI/Mohalchhari,1,0.0671
Groundnut,BD20460067,547.4,0.0,0.0,76.3,6236.4,6860,4,,KHAGRACHHARI/Manikchhari,1,0.082
Groundnut,BD20460070,325.5,225.4,133.5,634.4,17336.2,18655,4,,KHAGRACHHARI/Matiranga,1,0.0375
Groundnut,BD20460077,466.0,144.5,0.0,284.8,8984.8,9880,4,,KHAGRACHHARI/Panchhari,1,0.0646
Groundnut,BD20460080,98.9,40.7,0.0,69.8,9522.5,9732,4,,KHAGRACHHARI/Ramgarh,1,0.015
Groundnut,BD20510043,16347.3,14946.6,65.0,1442.1,124.1,32925,1,,LAKSHMIPUR/Laksmipur,1,0.8694
Groundnut,BD20510058,3017.7,7197.8,343.6,0.0,0.0,10559,1,,LAKSHMIPUR/Raipur,1,0.8474
Groundnut,BD20510065,1854.4,3231.5,5829.0,0.0,1561.2,12476,2,,LAKSHMIPUR/Ramganj,1,0.5895
Groundnut,BD20510073,0.0,2286.3,3343.8,25521.2,5525.8,36677,4,,LAKSHMIPUR/Ramgati,1,0.2346
Groundnut,BD20750007,4352.7,305.8,2843.2,0.0,23084.3,30586,4,,NOAKHALI/Begumganj,1,0.1968
Groundnut,BD20750010,4446.2,709.9,1208.1,0.0,2627.9,8992,4,,NOAKHALI/Chatkhil,1,0.6248
Groundnut,BD20750021,131.8,11640.7,1120.6,9702.8,4693.2,27289,4,,NOAKHALI/Companiganj,1,0.4377
Groundnut,BD20750036,0.0,0.0,5969.4,8175.5,22132.1,36277,4,,NOAKHALI/Hatiya,1,0.1273
Groundnut,BD20750080,6419.7,1584.2,788.6,0.0,3569.6,12362,3,,NOAKHALI/Senbag,1,0.6537
Groundnut,BD20750087,3084.9,23798.7,10761.9,5134.4,25158.0,67938,4,,NOAKHALI/Noakhali,1,0.42
Groundnut,BD20840007,371.3,346.8,73.4,318.3,16015.2,17125,4,,RANGAMATI/Baghaichhari,1,0.0437
Groundnut,BD20840021,108.3,0.0,5.8,790.8,9408.1,10313,4,,RANGAMATI/Barkal,1,0.0261
Groundnut,BD20840025,131.5,0.0,0.0,25.3,12664.2,12821,4,,RANGAMATI/Kawkhali (Betbunia),1,0.0107
Groundnut,BD20840029,74.1,0.0,0.0,51.4,5611.5,5737,4,,RANGAMATI/Belaichhari,1,0.0147
Groundnut,BD20840036,121.6,5.5,0.0,0.0,5961.9,6089,4,,RANGAMATI/Kaptai,1,0.0207
Groundnut,BD20840047,82.6,28.5,0.0,0.0,11958.9,12070,4,,RANGAMATI/Juraichhari,1,0.0087
Groundnut,BD20840058,537.4,585.2,8.0,2790.5,9705.0,13626,4,,RANGAMATI/Langadu,1,0.115
Groundnut,BD20840075,382.9,0.0,0.0,22.7,10027.4,10433,4,,RANGAMATI/Nannerchar,1,0.0371
Groundnut,BD20840078,27.0,1.2,0.0,55.3,3536.4,3620,4,,RANGAMATI/Rajasthali,1,0.0108
Groundnut,BD20840087,185.8,0.0,37.2,24.0,8299.0,8546,4,,RANGAMATI/Rangamati,1,0.0245
Groundnut,BD30260014,769.8,14867.5,3841.2,425.0,6479.5,26383,3,,DHAKA/Dhamrai,1,0.556
Groundnut,BD30260018,2034.4,2969.1,1665.2,494.8,1704.5,8868,3,,DHAKA/Dohar,1,0.6023
Groundnut,BD30260038,1473.1,2434.9,1343.4,1274.7,6694.0,13220,4,,DHAKA/Keraniganj,1,0.3289
Groundnut,BD30260062,926.2,3076.9,2716.4,1467.0,11331.6,19518,4,,DHAKA/Nawabganj,1,0.2582
Groundnut,BD30260072,1180.5,6508.0,4422.3,1718.7,9578.5,23408,4,,DHAKA/Savar,1,0.382
Groundnut,BD30262000,0.0,0.0,0.0,0.0,0.0,0,4,Dhaka Metro,DHAKA/Dhaka Metro,1,
Groundnut,BD30262500,0.0,0.0,0.0,0.0,0.0,0,4,Dhaka Metro,DHAKA/Dhaka Metro,1,
Groundnut,BD30290003,0.0,2678.2,2021.3,5285.7,555.9,10541,4,,FARIDPUR/Alfadanga,1,0.3994
Groundnut,BD30290010,15.2,1981.1,4206.1,8808.4,2141.1,17152,4,,FARIDPUR/Bhanga,1,0.3186
Groundnut,BD30290018,6.0,5458.0,10777.0,5542.6,1003.4,22787,3,,FARIDPUR/Boalmari,1,0.477
Groundnut,BD30290021,0.0,6527.9,486.4,944.6,0.0,7959,1,,FARIDPUR/Char Bhadrasan,1,0.7105
Groundnut,BD30290047,0.0,17468.9,10933.8,2538.6,192.7,31134,2,,FARIDPUR/Faridpur,1,0.6408
Groundnut,BD30290056,0.0,2491.9,11182.7,2530.6,1578.7,17784,2,,FARIDPUR/Madhukhali,1,0.455
Groundnut,BD30290062,0.0,8441.8,3918.9,18717.8,1296.5,32375,4,,FARIDPUR/Nagarkanda,1,0.3848
Groundnut,BD30290084,191.1,12047.2,3913.8,4999.3,137.6,21289,3,,FARIDPUR/Sadarpur,1,0.6006
Groundnut,BD30330030,2330.0,10400.0,3320.0,11220.0,9770.0,37040,4,,GAZIPUR/Gazipur,1,0.3929
Groundnut,BD30330032,2039.9,8519.9,3252.3,6742.2,6930.6,27485,4,,GAZIPUR/Kaliakoir,1,0.4304
Groundnut,BD30330034,1095.7,739.0,4969.1,3193.8,8740.4,18738,4,,GAZIPUR/Kaliganj,1,0.2567
Groundnut,BD30330036,2707.6,1190.7,17101.7,3629.1,6826.0,31455,4,,GAZIPUR/Kapasia,1,0.4113
Groundnut,BD30330086,279.4,9034.4,15579.5,9254.6,9500.1,43648,4,,GAZIPUR/Sripur,1,0.3929
Groundnut,BD30350032,423.0,5267.7,3136.7,9601.6,14135.0,32564,4,,GOPALGANJ/Gopalganj,1,0.2495
Groundnut,BD30350043,63.9,5200.6,4221.5,6122.9,7336.2,22945,4,,GOPALGANJ/Kasiani,1,0.3295
Groundnut,BD30350051,0.0,3130.8,185.6,1371.7,27773.9,32462,4,,GOPALGANJ/Kotalipara,1,0.0885
Groundnut,BD30350058,39.1,4460.8,1682.6,8067.3,10102.1,24352,4,,GOPALGANJ/Muksudpur,1,0.249
Groundnut,BD30350091,1774.8,522.7,498.4,3124.0,4923.1,10843,4,,GOPALGANJ/Tungipara,1,0.2828
Groundnut,BD30480002,1536.9,18.1,0.0,0.0,23949.0,25504,4,,KISHOREGANJ/Ashtagram,1,0.0608
Groundnut,BD30480006,2730.9,5438.9,1040.3,114.7,5324.1,14649,4,,KISHOREGANJ/Bajitpur,1,0.5205
Groundnut,BD30480011,4714.0,2560.2,0.0,0.0,33.9,7308,1,,KISHOREGANJ/Bhairab,1,0.9253
Groundnut,BD30480027,4215.6,4387.9,416.5,43.1,193.9,9257,1,,KISHOREGANJ/Hossainpur,1,0.858
Groundnut,BD30480033,1514.1,966.8,930.4,0.0,33875.7,37287,4,,KISHOREGANJ/Itna,1,0.0738
Groundnut,BD30480042,874.3,6640.2,3580.1,15.1,5125.3,16235,3,,KISHOREGANJ/Karimganj,1,0.4915
Groundnut,BD30480045,2753.5,8553.6,3189.7,0.0,2832.1,17329,3,,KISHOREGANJ/Katiadi,1,0.6458
Groundnut,BD30480049,3211.6,6706.1,1500.5,111.9,1006.9,12537,1,,KISHOREGANJ/Kishoreganj,1,0.7457
Groundnut,BD30480054,3893.3,3277.4,0.0,7.6,889.7,8068,1,,KISHOREGANJ/Kuliarchar,1,0.8077
Groundnut,BD30480059,1426.9,0.0,1015.6,0.0,16636.4,19079,4,,KISHOREGANJ/Mithamoin,1,0.1014
Groundnut,BD30480076,197.6,1349.9,2304.8,0.0,12692.7,16545,4,,KISHOREGANJ/Nikli,1,0.1469
Groundnut,BD30480079,2624.8,9647.6,2195.1,78.1,398.4,14944,1,,KISHOREGANJ/Pakundia,1,0.7666
Groundnut,BD30480092,151.7,3655.7,4573.7,0.0,3999.0,12380,4,,KISHOREGANJ/Tarail,1,0.4332
Groundnut,BD30540040,1458.8,7875.8,2953.4,6625.5,3456.5,22370,4,,MADARIPUR/Kalkini,1,0.4721
Groundnut,BD30540054,3355.8,3169.8,3623.7,7321.7,5149.0,22620,4,,MADARIPUR/Madaripur,1,0.4053
Groundnut,BD30540080,155.7,2569.5,1315.9,6057.8,9725.1,19824,4,,MADARIPUR/Rajoir,1,0.2059
Groundnut,BD30540087,2952.4,7836.0,717.7,9959.7,799.1,22265,4,,MADARIPUR/Sibchar,1,0.5197
Groundnut,BD30560010,5340.6,4333.3,3352.0,1415.5,3030.7,17472,3,,MANIKGANJ/Daulatpur,1,0.6162
Groundnut,BD30560022,751.7,1142.0,1069.7,5536.3,3093.4,11593,4,,MANIKGANJ/Ghior,1,0.2853
Groundnut,BD30560028,1440.2,855.1,2655.4,3080.5,4815.7,12847,4,,MANIKGANJ/Harirampur,1,0.3167
Groundnut,BD30560046,1538.5,10320.7,2012.6,1264.1,2761.1,17897,3,,MANIKGANJ/Manikganj,1,0.6177
Groundnut,BD30560070,2036.3,5497.3,2396.1,626.0,971.4,11527,2,,MANIKGANJ/Saturia,1,0.673
Groundnut,BD30560078,1819.8,99.6,1036.1,8720.7,1487.8,13164,4,,MANIKGANJ/Sibalay,1,0.3161
Groundnut,BD30560082,2524.2,8463.5,2695.0,185.6,3496.8,17365,3,,MANIKGANJ/Singair,1,0.615
Groundnut,BD30590024,3280.0,32.4,0.0,0.0,5944.6,9257,4,,MUNSHIGANJ/Gozaria,1,0.3571
Groundnut,BD30590044,399.0,315.7,1322.2,1167.4,4234.7,7439,4,,MUNSHIGANJ/Lohajang,1,0.2078
Groundnut,BD30590056,2368.5,4584.3,1434.5,268.6,1532.2,10188,2,,MUNSHIGANJ/Munshiganj,1,0.6681
Groundnut,BD30590074,4009.2,2017.0,1157.3,1496.2,6464.3,15144,4,,MUNSHIGANJ/Serajdikhan,1,0.4293
Groundnut,BD30590084,1255.5,378.1,2125.8,371.0,10757.6,14888,4,,MUNSHIGANJ/Srinagar,1,0.181
Groundnut,BD30590094,1148.2,989.1,1335.0,304.3,4468.3,8245,4,,MUNSHIGANJ/Tongibari,1,0.3236
Groundnut,BD30670002,3293.3,537.5,183.7,3218.5,5600.0,12833,4,,NARAYANGANJ/Araihazar,1,0.3475
Groundnut,BD30670004,3834.8,1426.7,1154.6,1270.0,5937.8,13624,4,,NARAYANGANJ/Sonargaon,1,0.4263
Groundnut,BD30670006,0.0,0.0,0.0,0.0,0.0,0,4,,NARAYANGANJ/Bandar,1,
Groundnut,BD30670058,0.0,0.0,0.0,0.0,0.0,0,4,,NARAYANGANJ/Narayanganj,1,
Groundnut,BD30670068,785.5,909.8,3266.2,2525.9,7707.7,15195,4,,NARAYANGANJ/Rupganj,1,0.2403
Groundnut,BD30680007,1840.9,1885.0,3674.3,670.1,1148.7,9219,3,,NARSINGDI/Belabo,1,0.5771
Groundnut,BD30680052,4866.9,2591.4,4278.3,1643.8,1758.7,15139,3,,NARSINGDI/Manohardi,1,0.6214
Groundnut,BD30680060,4883.3,3063.5,918.2,2253.8,5576.1,16695,4,,NARSINGDI/Narsingdi,1,0.4938
Groundnut,BD30680063,755.3,1405.4,1983.4,1129.6,1149.3,6423,3,,NARSINGDI/Palas,1,0.4822
Groundnut,BD30680064,9488.9,2364.5,2118.1,3412.0,6446.6,23830,4,,NARSINGDI/Raipura,1,0.5506
Groundnut,BD30680076,3857.2,4715.1,2167.6,2488.5,3025.5,16254,4,,NARSINGDI/Sibpur,1,0.5667
Groundnut,BD30820007,0.0,5623.1,6152.5,4468.3,2344.1,18588,3,,RAJBARI/Baliakandi,1,0.4556
Groundnut,BD30820029,0.0,4033.6,5095.5,1070.9,0.0,10200,2,,RAJBARI/Goalanda,1,0.5871
Groundnut,BD30820073,0.0,17393.6,10561.7,4588.3,721.4,33265,2,,RAJBARI/Pangsha,1,0.6046
Groundnut,BD30820076,0.0,14765.4,3205.4,3518.9,760.2,22250,3,,RAJBARI/Rajbari,1,0.6346
Groundnut,BD30860014,3698.7,1520.3,0.0,9931.3,2087.6,17238,4,,SHARIATPUR/Bhedarganj,1,0.4004
Groundnut,BD30860025,299.6,812.2,898.9,4407.8,993.5,7412,4,,SHARIATPUR/Damudya,1,0.3077
Groundnut,BD30860036,1061.7,2241.3,2992.0,5673.0,1555.0,13523,4,,SHARIATPUR/Goshairhat,1,0.4056
Groundnut,BD30860065,753.3,5382.9,0.0,7932.7,1410.1,15479,4,,SHARIATPUR/Naria,1,0.4294
Groundnut,BD30860069,11.3,3683.6,2334.8,4817.0,351.4,11198,4,,SHARIATPUR/Palong (Sadar),1,0.4545
Groundnut,BD30860094,1348.4,10184.7,437.5,4023.7,1025.6,17020,3,,SHARIATPUR/Janjira,1,0.6181
Groundnut,BD30930009,492.0,1602.6,9355.0,0.0,1647.4,13097,2,,TANGAIL/Basail,1,0.4926
Groundnut,BD30930019,10040.3,517.5,5175.4,586.5,607.2,16927,2,,TANGAIL/Bhuapur,1,0.7774
Groundnut,BD30930023,3554.4,4850.2,5393.2,195.5,21.7,14015,2,,TANGAIL/Delduar,1,0.7257
Groundnut,BD30930028,6450.1,3021.4,24888.1,5163.3,1417.1,40940,2,,TANGAIL/Ghatail,1,0.5458
Groundnut,BD30930038,1349.4,5108.4,9679.8,0.0,929.4,17067,2,,TANGAIL/Gopalpur,1,0.6021
Groundnut,BD30930047,9391.4,6589.1,5845.5,172.1,791.8,22790,2,,TANGAIL/Kalihati,1,0.7731
Groundnut,BD30930057,5864.5,4579.5,19162.2,12005.4,1165.4,42777,3,,TANGAIL/Madhupur,1,0.5028
Groundnut,BD30930066,0.0,1381.9,17374.2,2913.1,8746.8,30416,4,,TANGAIL/Mirzapur,1,0.3411
Groundnut,BD30930076,9229.6,3506.3,6091.7,375.4,255.0,19458,2,,TANGAIL/Nagarpur,1,0.7789
Groundnut,BD30930085,585.3,8528.8,16104.4,13621.0,2090.4,40930,4,,TANGAIL/Shakhipur,1,0.4443
Groundnut,BD30930095,13157.2,6173.2,2671.0,735.9,299.8,23037,1,,TANGAIL/Tangail,1,0.8499
Groundnut,BD40010008,0.0,12.0,3511.3,11111.0,2783.8,17418,4,,BAGERHAT/Bagerhat,1,0.2289
Groundnut,BD40010014,1668.9,184.4,426.9,5559.8,6471.9,14312,4,,BAGERHAT/Chitalmari,1,0.2195
Groundnut,BD40010034,0.0,0.0,2386.9,5524.8,2164.3,10076,4,,BAGERHAT/Fakirhat,1,0.2281
Groundnut,BD40010038,0.0,0.0,1579.0,6487.6,464.4,8531,4,,BAGERHAT/Kachua,1,0.2446
Groundnut,BD40010056,2283.6,1756.6,737.8,203.8,10947.2,15929,4,,BAGERHAT/Mollahat,1,0.2573
Groundnut,BD40010058,0.0,0.0,0.0,1357.7,13065.3,14423,4,,BAGERHAT/Mongla,1,0.0188
Groundnut,BD40010060,0.0,80.4,7086.1,20541.5,5469.9,33178,4,,BAGERHAT/Morelganj,1,0.2326
Groundnut,BD40010073,0.0,0.0,1631.4,12009.0,10801.6,24442,4,,BAGERHAT/Rampal,1,0.1316
Groundnut,BD40010077,0.0,0.0,2367.0,5809.3,1789.7,9966,4,,BAGERHAT/Sarankhola,1,0.2353
Groundnut,BD40180007,0.0,25068.8,552.6,50.9,1955.8,27628,1,,CHUADANGA/Alamdanga,1,0.7363
Groundnut,BD40180023,133.9,20621.8,342.1,0.0,2030.2,23128,1,,CHUADANGA/Chuadanga,1,0.7265
Groundnut,BD40180031,576.7,20377.1,1249.5,0.0,3780.7,25984,1,,CHUADANGA/Damurhuda,1,0.6736
Groundnut,BD40180055,127.6,8238.4,5364.7,7.5,2160.9,15899,2,,CHUADANGA/Jibannagar,1,0.5914
Groundnut,BD40410004,0.0,4584.0,4544.5,565.6,7069.9,16764,4,,JESSORE/Abhoynagar,1,0.361
Groundnut,BD40410009,0.0,4159.5,11710.4,0.0,3004.1,18874,2,,JESSORE/Bagherpara,1,0.4865
Groundnut,BD40410011,0.0,14998.8,4201.3,0.0,3383.9,22584,3,,JESSORE/Chaugachha,1,0.6243
Groundnut,BD40410023,0.0,18728.6,2887.4,259.2,2505.8,24381,1,,JESSORE/Jhikorgachha,1,0.6759
Groundnut,BD40410038,0.0,11726.1,2304.1,905.0,3863.8,18799,3,,JESSORE/Keshabpur,1,0.5699
Groundnut,BD40410047,0.0,5315.2,22474.7,0.0,3772.1,31562,2,,JESSORE/Jessore,1,0.4908
Groundnut,BD40410061,0.0,12851.5,12150.6,87.6,7406.3,32496,3,,JESSORE/Manirampur,1,0.5039
Groundnut,BD40410090,0.0,15897.3,5453.8,0.0,6547.9,27899,3,,JESSORE/Sarsa,1,0.5536
Groundnut,BD40440014,0.0,12290.3,5549.1,0.0,50.6,17890,3,,JHENAIDAH/Harinakundu,1,0.7047
Groundnut,BD40440019,0.0,9044.1,21462.1,0.0,5549.8,36056,2,,JHENAIDAH/Jhenaidah,1,0.4983
Groundnut,BD40440033,0.0,15204.0,7993.8,0.0,2260.3,25458,2,,JHENAIDAH/Kaliganj,1,0.6348
Groundnut,BD40440042,0.0,6889.9,3844.9,0.0,1156.2,11891,2,,JHENAIDAH/Kotchandpur,1,0.6252
Groundnut,BD40440071,0.0,13043.6,13712.1,0.0,7178.3,33934,2,,JHENAIDAH/Maheshpur,1,0.5095
Groundnut,BD40440080,0.0,24520.1,1292.1,900.8,3352.0,30065,1,,JHENAIDAH/Sailkupa,1,0.6799
Groundnut,BD40470012,0.0,0.0,518.4,12159.4,5213.3,17891,4,,KHULNA/Batiaghata,1,0.1504
Groundnut,BD40470017,0.0,0.0,0.0,70.7,22474.3,22545,4,,KHULNA/Dacope,1,0.0006
Groundnut,BD40470030,87.7,1221.1,9636.9,6982.7,18637.6,36566,4,,KHULNA/Dumuria,1,0.1991
Groundnut,BD40470040,0.0,1932.2,579.7,67.2,1823.0,4402,4,,KHULNA/Dighalia (Daulathpur),1,0.42
Groundnut,BD40470053,0.0,0.0,0.0,74.3,21070.7,21145,4,,KHULNA/Koyra,1,0.0007
Groundnut,BD40470064,0.0,3974.7,981.1,327.0,26825.1,32108,4,,KHULNA/Paikgachha,1,0.1163
Groundnut,BD40470069,0.0,2096.5,1367.9,151.2,1182.3,4798,3,,KHULNA/Phultala,1,0.4984
Groundnut,BD40470075,231.0,792.8,1417.1,1267.2,1722.9,5431,4,,KHULNA/Rupsha,1,0.3364
Groundnut,BD40470094,1173.4,1298.4,270.8,756.8,12497.7,15997,4,,KHULNA/Terakhada,1,0.1562
Groundnut,BD40473300,0.0,0.0,2080.0,40.0,0.0,2120,2,,KHULNA/Khulna Metro,1,0.4943
Groundnut,BD40500015,0.0,8067.8,1422.2,308.0,235.9,10034,1,,KUSHTIA/Bheramara,1,0.7202
Groundnut,BD40500039,0.0,28500.1,862.4,34.5,2456.1,31853,1,,KUSHTIA/Daulatpur,1,0.7295
Groundnut,BD40500063,0.0,3130.9,1969.7,1844.8,580.6,7526,3,,KUSHTIA/Khoksha,1,0.5127
Groundnut,BD40500071,0.0,9531.9,4253.5,1529.4,1184.2,16499,2,,KUSHTIA/Kumarkhali,1,0.6096
Groundnut,BD40500079,0.0,15852.9,1389.4,187.6,5863.2,23293,3,,KUSHTIA/Kushtia,1,0.5759
Groundnut,BD40500094,0.0,22089.9,278.9,66.0,3750.1,26185,1,,KUSHTIA/Mirpur,1,0.6807
Groundnut,BD40550057,0.0,17676.6,6666.2,749.0,7400.2,32492,2,,MAGURA/Magura,1,0.5424
Groundnut,BD40550066,95.5,8404.0,1028.5,7096.4,1160.7,17785,4,,MAGURA/Mohammadpur,1,0.4921
Groundnut,BD40550085,0.0,5220.5,9141.6,0.0,4434.8,18797,3,,MAGURA/Salikha,1,0.4654
Groundnut,BD40550095,0.0,8951.0,1566.3,906.8,2163.9,13588,3,,MAGURA/Sripur,1,0.598
Groundnut,BD40570047,0.0,24140.9,1008.9,122.0,3824.1,29096,1,,MEHERPUR/Gangni,1,0.6819
Groundnut,BD40570087,0.0,25485.9,734.6,0.0,4262.5,30483,1,,MEHERPUR/Meherpur,1,0.6809
Groundnut,BD40650028,47.6,2983.3,380.8,1920.1,19558.1,24890,4,,NARAIL/Kalia,1,0.1209
Groundnut,BD40650052,29.4,12012.3,286.7,6395.8,3947.8,22672,3,,NARAIL/Lohagara,1,0.4879
Groundnut,BD40650076,0.0,11092.6,2641.1,1681.3,11814.0,27229,4,,NARAIL/Narail,1,0.3868
Groundnut,BD40870004,0.0,25.0,6331.9,7780.6,19782.5,33920,4,,SATKHIRA/Asasuni,1,0.1398
Groundnut,BD40870025,0.0,0.0,442.7,5877.9,8263.4,14584,4,,SATKHIRA/Debhata,1,0.0958
Groundnut,BD40870043,0.0,13305.4,2615.8,958.5,13.3,16893,1,,SATKHIRA/Kalaroa,1,0.7189
Groundnut,BD40870047,0.0,0.0,197.6,13535.7,12248.7,25982,4,,SATKHIRA/Kaliganj,1,0.108
Groundnut,BD40870082,0.0,6696.7,10190.6,7683.8,2506.8,27078,4,,SATKHIRA/Satkhira,1,0.4428
Groundnut,BD40870086,0.0,0.0,0.0,891.4,35746.6,36638,4,,SATKHIRA/Shyamnagar,1,0.0049
Groundnut,BD40870090,0.0,13329.5,5764.9,5085.4,2576.3,26756,3,,SATKHIRA/Tala,1,0.5443
Groundnut,BD45390007,5213.5,11499.8,274.7,26.2,1399.9,18414,1,,JAMALPUR/Bakshiganj,1,0.7905
Groundnut,BD45390015,10608.6,10586.1,1501.0,0.0,11.3,22707,1,,JAMALPUR/Dewanganj,1,0.8732
Groundnut,BD45390029,4409.2,17890.7,4178.4,7.7,0.0,26486,1,,JAMALPUR/Islampur,1,0.7858
Groundnut,BD45390036,8828.2,16317.6,11193.2,1673.4,4261.6,42274,2,,JAMALPUR/Jamalpur,1,0.6579
Groundnut,BD45390058,7471.1,13568.6,1058.5,43.7,35.0,22177,1,,JAMALPUR/Madarganj,1,0.8506
Groundnut,BD45390061,4025.2,5979.2,10035.6,0.0,508.0,20548,2,,JAMALPUR/Melandaha,1,0.6729
Groundnut,BD45390085,9157.2,8296.4,3323.4,55.8,725.2,21558,1,,JAMALPUR/Sarishabari,1,0.8102
Groundnut,BD45610013,1372.0,13125.5,9128.4,4500.2,15887.8,44014,4,,MYMENSINGH/Bhaluka,1,0.3939
Groundnut,BD45610016,39.7,2094.7,15059.6,0.0,5816.0,23010,3,,MYMENSINGH/Dhobaura,1,0.4018
Groundnut,BD45610020,2514.6,13114.4,12890.1,3582.3,2452.7,34554,3,,MYMENSINGH/Phulbaria,1,0.5837
Groundnut,BD45610022,6551.2,11817.3,9581.6,2874.5,1136.4,31961,2,,MYMENSINGH/Gafargaon,1,0.6686
Groundnut,BD45610023,9.4,8550.4,12515.6,629.5,1212.1,22917,2,,MYMENSINGH/Gouripur,1,0.5774
Groundnut,BD45610024,0.0,7931.6,16642.6,611.6,5850.1,31036,2,,MYMENSINGH/Haluaghat,1,0.4765
Groundnut,BD45610031,1563.4,11015.6,10864.3,79.2,684.4,24207,2,,MYMENSINGH/Ishwarganj,1,0.6537
Groundnut,BD45610052,2025.5,17267.1,9750.3,608.4,600.7,30252,2,,MYMENSINGH/Mymensingh,1,0.6887
Groundnut,BD45610065,1420.6,11276.2,10010.2,382.7,2171.3,25261,2,,MYMENSINGH/Muktagachha,1,0.6145
Groundnut,BD45610072,1854.6,5205.0,17103.3,404.5,2579.6,27147,2,,MYMENSINGH/Nandail,1,0.5397
Groundnut,BD45610081,334.4,8361.2,34868.2,0.0,3259.1,46823,2,,MYMENSINGH/Phulpur,1,0.5223
Groundnut,BD45610094,1476.5,11674.7,13075.0,144.6,1773.3,28144,2,,MYMENSINGH/Trisal,1,0.6176
Groundnut,BD45720004,81.8,3181.0,10211.8,0.0,2623.5,16098,2,,NETRAKONA/Atpara,1,0.4803
Groundnut,BD45720009,87.5,4734.8,8276.0,71.6,6199.0,19369,3,,NETRAKONA/Barhatta,1,0.4145
Groundnut,BD45720018,97.4,5160.0,11099.0,0.0,7853.6,24210,3,,NETRAKONA/Durgapur,1,0.4038
Groundnut,BD45720038,1022.8,6.6,85.2,157.4,19079.1,20351,4,,NETRAKONA/Khaliajuri,1,0.0542
Groundnut,BD45720040,503.9,4125.4,5150.3,0.0,24914.4,34694,4,,NETRAKONA/Kalmakanda,1,0.1839
Groundnut,BD45720047,0.0,3329.1,15136.1,0.0,6084.8,24550,2,,NETRAKONA/Kendua,1,0.4168
Groundnut,BD45720056,470.5,341.5,6738.1,0.0,12338.0,19888,4,,NETRAKONA/Madan,1,0.2068
Groundnut,BD45720063,1302.0,2893.2,5398.2,76.1,11641.5,21311,4,,NETRAKONA/Mohanganj,1,0.2971
Groundnut,BD45720074,0.0,7671.9,13325.7,0.0,5584.5,26582,2,,NETRAKONA/Netrakona,1,0.4815
Groundnut,BD45720083,0.0,327.5,22193.8,0.0,2491.7,25013,2,,NETRAKONA/Purbadhala,1,0.4541
Groundnut,BD45890037,315.5,10541.7,6098.9,61.3,2304.6,19322,2,,SHERPUR/Jhenaigati,1,0.6112
Groundnut,BD45890067,2982.9,3730.6,5364.6,1094.5,2258.4,15431,3,,SHERPUR/Nakla,1,0.5747
Groundnut,BD45890070,69.0,11259.5,2976.7,10862.6,5470.1,30638,4,,SHERPUR/Nalitabari,1,0.4157
Groundnut,BD45890088,5811.7,16721.5,7256.0,1160.6,1874.2,32824,2,,SHERPUR/Sherpur,1,0.7022
Groundnut,BD45890090,2344.6,11557.7,4722.1,776.0,3219.6,22620,2,,SHERPUR/Sribardi,1,0.6236
Groundnut,BD50100006,0.0,1514.3,4294.4,5740.9,3066.3,14616,4,,BOGRA/Adamdighi,1,0.3084
Groundnut,BD50100020,818.7,15309.4,10516.4,4845.1,1384.3,32874,2,,BOGRA/Bogra,1,0.5869
Groundnut,BD50100027,0.0,11178.0,7437.1,238.9,1261.9,20116,2,,BOGRA/Dhunot,1,0.6318
Groundnut,BD50100033,0.0,2411.7,4382.0,7384.8,165.5,14344,4,,BOGRA/Dhubchachia,1,0.3902
Groundnut,BD50100040,41.4,9293.4,8300.7,103.4,1296.1,19035,2,,BOGRA/Gabtali,1,0.6119
Groundnut,BD50100054,0.0,1935.6,11008.5,8363.9,8.0,21316,4,,BOGRA/Kahalu,1,0.4093
Groundnut,BD50100067,0.0,0.0,5991.6,15031.3,3225.0,24248,4,,BOGRA/Nandigram,1,0.2475
Groundnut,BD50100081,44.3,8688.3,12991.4,75.9,2297.1,24097,2,,BOGRA/Shariakandi,1,0.5605
Groundnut,BD50100088,0.0,11196.3,5494.7,6347.1,2341.9,25380,3,,BOGRA/Sherpur,1,0.5112
Groundnut,BD50100094,1213.5,13087.6,2611.4,9562.2,15.4,26490,4,,BOGRA/Shibganj,1,0.5625
Groundnut,BD50100095,311.5,6642.9,3450.0,46.7,700.9,11152,2,,BOGRA/Sonatala,1,0.66
Groundnut,BD50380013,0.0,6872.4,1702.0,3210.3,653.4,12438,3,,JOYPURHAT/Akkelpur,1,0.5621
Groundnut,BD50380047,0.0,4824.8,12489.2,2523.1,885.9,20723,2,,JOYPURHAT/Joypurhat,1,0.5119
Groundnut,BD50380058,0.0,1511.0,7897.9,4835.1,0.0,14244,3,,JOYPURHAT/Kalai,1,0.43
Groundnut,BD50380061,0.0,2495.1,6297.2,4633.8,0.0,13426,4,,JOYPURHAT/Khetlal,1,0.4522
Groundnut,BD50380074,0.0,9266.3,15892.7,660.0,330.0,26149,2,,JOYPURHAT/Panchbibi,1,0.5924
Groundnut,BD50640003,0.0,3166.7,539.6,4139.7,16479.1,24325,4,,NAOGAON/Atrai,1,0.1493
Groundnut,BD50640006,0.0,3409.7,13710.3,235.4,192.6,17548,2,,NAOGAON/Badalgachhi,1,0.5488
Groundnut,BD50640028,0.0,17625.1,8405.7,8.1,716.1,26755,3,,NAOGAON/Dhamoirhat,1,0.6842
Groundnut,BD50640047,0.0,20430.9,7892.9,1266.9,5044.4,34635,2,,NAOGAON/Manda,1,0.5932
Groundnut,BD50640050,426.0,30988.1,2001.6,787.8,538.6,34742,1,,NAOGAON/Mohadebpur,1,0.7592
Groundnut,BD50640060,881.7,1027.4,15011.8,483.0,6256.2,23660,3,,NAOGAON/Naogaon,1,0.3933
Groundnut,BD50640069,0.0,19730.1,18146.7,15.7,846.6,38739,2,,NAOGAON/Niamatpur,1,0.6417
Groundnut,BD50640075,0.0,21659.6,7342.4,0.0,3779.0,32781,3,,NAOGAON/Patnitala,1,0.6406
Groundnut,BD50640079,0.0,6514.0,12411.2,115.1,3610.7,22651,2,,NAOGAON/Porsha,1,0.505
Groundnut,BD50640085,30.2,1005.7,12560.4,4673.3,3705.4,21975,4,,NAOGAON/Raninagar,1,0.3663
Groundnut,BD50640086,0.0,6436.2,7423.1,0.0,7740.6,21600,4,,NAOGAON/Shapahar,1,0.4102
Groundnut,BD50690009,0.0,2127.0,9052.9,291.1,0.0,11471,2,,NATOR/Bagatipara,1,0.548
Groundnut,BD50690015,0.0,6841.4,8533.3,4129.9,5548.3,25053,4,,NATOR/Baraigram,1,0.4217
Groundnut,BD50690041,0.0,3655.3,3641.1,2776.9,6297.6,16371,4,,NATOR/Gurudashpur,1,0.3238
Groundnut,BD50690044,0.0,11275.9,12001.7,2398.2,326.1,26002,2,,NATOR/Lalpur,1,0.5962
Groundnut,BD50690063,0.0,5062.4,12759.8,4654.1,9456.7,31933,4,,NATOR/Nator,1,0.3558
Groundnut,BD50690091,0.0,1727.8,14566.2,7415.1,24021.0,47730,4,,NATOR/Shingra,1,0.2126
Groundnut,BD50700018,0.0,2468.7,1474.2,6525.0,218.1,10686,4,,NAWABGANJ/Bholahat,1,0.3759
Groundnut,BD50700037,0.0,4067.2,15509.5,3814.1,4143.2,27534,3,,NAWABGANJ/Gomastapur,1,0.4275
Groundnut,BD50700056,0.0,4589.6,20241.9,1266.7,32.9,26131,2,,NAWABGANJ/Nachol,1,0.5375
Groundnut,BD50700066,0.0,18206.6,8702.6,5184.7,1468.2,33562,2,,NAWABGANJ/Nawabganj,1,0.5945
Groundnut,BD50700088,0.0,28116.3,3829.5,12242.9,696.3,44885,3,,NAWABGANJ/Shibganj,1,0.5983
Groundnut,BD50760005,84.4,4003.3,2596.2,2779.1,5100.9,14564,4,,PABNA/Atgharia,1,0.353
Groundnut,BD50760016,668.5,3047.6,805.0,5383.7,7396.2,17301,4,,PABNA/Bera,1,0.2651
Groundnut,BD50760019,238.8,1646.6,2165.2,2362.8,4050.6,10464,4,,PABNA/Bhangura,1,0.2973
Groundnut,BD50760022,407.7,7600.6,2671.8,7484.1,7425.8,25590,4,,PABNA/Chatmohar,1,0.3642
Groundnut,BD50760033,136.0,339.9,196.4,3232.8,8452.0,12357,4,,PABNA/Faridpur,1,0.0933
Groundnut,BD50760039,0.0,10048.2,6846.6,2526.1,401.1,19822,2,,PABNA/Ishwardi,1,0.6037
Groundnut,BD50760055,1375.1,12627.2,10682.0,6992.7,2029.1,33706,3,,PABNA/Pabna,1,0.5404
Groundnut,BD50760072,2233.4,4667.0,2164.1,5337.0,13646.6,28048,4,,PABNA/Santhia,1,0.2894
Groundnut,BD50760083,759.9,5754.7,3260.7,5167.4,9782.2,24725,4,,PABNA/Sujanagar,1,0.3247
Groundnut,BD50810010,0.0,6423.1,5286.5,1097.0,297.4,13104,2,,RAJSHAHI/Bagha,1,0.6106
Groundnut,BD50810012,0.0,14283.8,1581.6,5159.6,7402.0,28427,3,,RAJSHAHI/Bagmara,1,0.4661
Groundnut,BD50810025,0.0,7656.3,4978.5,22.2,37.0,12694,3,,RAJSHAHI/Charghat,1,0.679
Groundnut,BD50810031,0.0,8022.9,5366.0,2559.9,261.2,16210,2,,RAJSHAHI/Durgapur,1,0.593
Groundnut,BD50810034,0.0,2654.5,33913.0,5203.9,455.6,42227,2,,RAJSHAHI/Godagari,1,0.4765
Groundnut,BD50810053,0.0,5325.1,4799.9,758.6,2261.3,13145,2,,RAJSHAHI/Mohanpur,1,0.5182
Groundnut,BD50810072,0.0,13115.1,3629.4,2559.6,435.8,19740,3,,RAJSHAHI/Paba,1,0.6494
Groundnut,BD50810082,0.0,8791.3,5315.3,1223.7,585.6,15916,2,,RAJSHAHI/Puthia,1,0.6242
Groundnut,BD50810094,0.0,12289.1,11804.1,633.6,1228.1,25955,2,,RAJSHAHI/Tanor,1,0.6111
Groundnut,BD50816600,0.0,0.0,0.0,0.0,0.0,0,4,,RAJSHAHI/Boalia (Rajshahi),1,
Groundnut,BD50880011,289.5,2508.7,5113.9,1116.5,1054.5,10083,2,,SIRAJGANJ/Belkuchi,1,0.5035
Groundnut,BD50880027,42.1,238.7,1362.1,5883.5,5560.6,13087,4,,SIRAJGANJ/Chauhali,1,0.1598
Groundnut,BD50880044,0.0,4701.9,2641.6,287.0,51.5,7682,3,,SIRAJGANJ/Kamarkhanda,1,0.6691
Groundnut,BD50880050,0.0,6235.8,4692.9,5655.0,4546.3,21130,4,,SIRAJGANJ/Kazipur,1,0.4007
Groundnut,BD50880061,0.0,5340.2,14282.4,2028.0,78.3,21729,2,,SIRAJGANJ/Raiganj,1,0.5439
Groundnut,BD50880067,3974.2,7656.6,7052.2,1250.6,3293.3,23227,2,,SIRAJGANJ/Shahzadpur,1,0.5974
Groundnut,BD50880078,0.0,8841.7,8277.7,3300.4,2256.2,22676,3,,SIRAJGANJ/Sirajganj,1,0.5236
Groundnut,BD50880089,0.0,324.9,7546.3,7855.0,11079.8,26806,4,,SIRAJGANJ/Taras,1,0.2091
Groundnut,BD50880094,271.8,18390.8,11882.5,295.1,4263.7,35104,2,,SIRAJGANJ/Ullapara,1,0.5978
Groundnut,BD55270010,0.0,5186.5,12695.4,578.3,449.8,18910,2,,DINAJPUR/Birampur,1,0.5612
Groundnut,BD55270012,4916.8,29330.9,2276.2,48.6,121.5,36694,1,,DINAJPUR/Birganj,1,0.8047
Groundnut,BD55270017,4275.0,23027.5,216.6,3424.8,32.1,30976,1,,DINAJPUR/Biral,1,0.7583
Groundnut,BD55270021,917.1,17898.3,719.4,150.2,166.0,19851,1,,DINAJPUR/Bochaganj,1,0.7871
Groundnut,BD55270030,10539.3,12043.8,2578.0,2421.3,23.5,27606,1,,DINAJPUR/Chirirbandar,1,0.795
Groundnut,BD55270038,0.0,7676.5,12501.1,293.0,234.4,20705,2,,DINAJPUR/Fulbari,1,0.6013
Groundnut,BD55270043,3534.4,5850.3,3171.3,0.0,468.0,13024,2,,DINAJPUR/Ghoraghat,1,0.7525
Groundnut,BD55270047,0.0,1015.8,6878.5,263.9,799.8,8958,2,,DINAJPUR/Hakimpur,1,0.4805
Groundnut,BD55270056,2414.3,13566.9,83.5,1518.4,38.0,17621,1,,DINAJPUR/Kaharol,1,0.7726
Groundnut,BD55270060,452.0,14282.8,29.2,0.0,0.0,14764,1,,DINAJPUR/Khansama,1,0.8055
Groundnut,BD55270064,3363.2,21026.1,295.2,4590.5,0.0,29275,1,,DINAJPUR/Dinajpur,1,0.7259
Groundnut,BD55270069,4906.0,8140.3,12675.6,901.2,319.8,26943,2,,DINAJPUR/Nawabganj,1,0.6657
Groundnut,BD55270077,3935.4,23175.8,4494.3,4042.6,735.0,36383,1,,DINAJPUR/Parbatipur,1,0.7017
Groundnut,BD55320021,11962.8,6504.8,0.0,0.0,4205.3,22673,1,,GAIBANDHA/Phulchhari,1,0.7571
Groundnut,BD55320024,20938.8,4381.4,104.9,0.0,1750.9,27176,1,,GAIBANDHA/Gaibandha,1,0.9014
Groundnut,BD55320030,12386.7,11622.6,13885.5,323.3,146.9,38365,2,,GAIBANDHA/Gobindaganj,1,0.7479
Groundnut,BD55320067,5993.3,8656.2,538.6,0.0,424.8,15613,1,,GAIBANDHA/Palashbari,1,0.8447
Groundnut,BD55320082,6706.3,12640.2,472.8,15.8,267.9,20103,1,,GAIBANDHA/Sadullapur,1,0.8485
Groundnut,BD55320088,7237.3,9164.6,890.1,0.0,1045.0,18337,1,,GAIBANDHA/Shaghata,1,0.8188
Groundnut,BD55320091,16532.9,13128.1,1721.8,0.0,1262.2,32645,1,,GAIBANDHA/Sundarganj,1,0.8545
Groundnut,BD55490006,5183.5,13493.1,848.9,0.0,469.4,19995,1,,KURIGRAM/Bhurungamari,1,0.8203
Groundnut,BD55490008,6161.3,2032.5,0.0,0.0,984.3,9178,1,,KURIGRAM/Rajibpur (Dhushmara),1,0.8485
Groundnut,BD55490009,2188.4,4524.2,0.0,0.0,3730.5,10443,3,,KURIGRAM/Chilmari,1,0.5561
Groundnut,BD55490018,7777.1,5657.7,0.0,0.0,124.2,13559,1,,KURIGRAM/Phulbari,1,0.9074
Groundnut,BD55490052,6459.0,13331.5,0.0,0.0,1455.5,21246,1,,KURIGRAM/Kurigram,1,0.806
Groundnut,BD55490061,14982.6,15826.1,0.0,0.0,4090.3,34899,1,,KURIGRAM/Nageshwari,1,0.7921
Groundnut,BD55490077,4302.6,9240.2,0.0,0.0,687.2,14230,1,,KURIGRAM/Rajarhat,1,0.8218
Groundnut,BD55490079,14435.6,1764.0,0.0,0.0,742.4,16942,1,,KURIGRAM/Ruhumari,1,0.9354
Groundnut,BD55490094,4179.3,21680.3,0.0,0.0,1106.5,26966,1,,KURIGRAM/Ulipur,1,0.7982
Groundnut,BD55520002,10234.2,6280.5,70.0,551.1,26.2,17162,1,,LALMONIRHAT/Aditmari,1,0.8976
Groundnut,BD55520033,5016.1,15134.9,0.0,0.0,0.0,20151,1,,LALMONIRHAT/Hatibanda,1,0.8498
Groundnut,BD55520039,5208.2,15391.2,224.5,422.0,0.0,21246,1,,LALMONIRHAT/Kaliganj,1,0.8339
Groundnut,BD55520055,6164.2,14490.1,0.0,0.0,582.6,21237,1,,LALMONIRHAT/Lalmonirhat,1,0.8361
Groundnut,BD55520070,10830.7,11357.3,0.0,0.0,0.0,22188,1,,LALMONIRHAT/Patgram,1,0.8976
Groundnut,BD55730012,9004.9,17916.1,1166.0,0.0,0.0,28087,1,,NILPHAMARI/Dimla,1,0.8517
Groundnut,BD55730015,2371.5,18177.0,312.4,0.0,0.0,20861,1,,NILPHAMARI/Domar,1,0.8182
Groundnut,BD55730036,6978.0,16950.7,1318.2,0.0,0.0,25247,1,,NILPHAMARI/Jaldhaka,1,0.8396
Groundnut,BD55730045,2781.6,20862.3,67.0,0.0,0.0,23711,1,,NILPHAMARI/Kishorganj,1,0.8226
Groundnut,BD55730064,11923.0,20648.1,138.0,0.0,0.0,32709,1,,NILPHAMARI/Nilphamari,1,0.8716
Groundnut,BD55730085,508.9,6164.0,3586.8,16.4,0.0,10276,2,,NILPHAMARI/Saidpur,1,0.7042
Groundnut,BD55770004,3125.2,16311.1,722.6,0.0,0.0,20159,1,,PANCHAGARH/Atwari,1,0.8203
Groundnut,BD55770025,3920.1,14285.4,8200.0,0.0,67.5,26473,2,,PANCHAGARH/Boda,1,0.7347
Groundnut,BD55770034,2526.0,15918.9,5584.6,0.0,21.6,24051,1,,PANCHAGARH/Debiganj,1,0.7506
Groundnut,BD55770073,12155.0,12595.3,6297.7,0.0,0.0,31048,1,,PANCHAGARH/Panchagar,1,0.8174
Groundnut,BD55770090,4258.4,12395.7,0.0,101.8,0.0,16756,1,,PANCHAGARH/Tetulia,1,0.8472
Groundnut,BD55850003,5976.5,18559.5,2754.0,0.0,0.0,27290,1,,RANGPUR/Badarganj,1,0.8135
Groundnut,BD55850027,4660.0,13263.1,17.9,0.0,0.0,17941,1,,RANGPUR/Gangachara,1,0.8516
Groundnut,BD55850042,7872.4,4779.6,0.0,0.0,0.0,12652,1,,RANGPUR/Kaunia,1,0.9244
Groundnut,BD55850049,7116.6,19386.6,260.7,0.0,0.0,26764,1,,RANGPUR/Rangpur,1,0.8503
Groundnut,BD55850058,13936.8,23529.2,7157.0,0.0,0.0,44623,1,,RANGPUR/Mithapukur,1,0.8143
Groundnut,BD55850073,3917.6,18968.8,178.1,0.0,15.5,23080,1,,RANGPUR/Pirgachha,1,0.8311
Groundnut,BD55850076,8730.8,18604.4,9002.9,0.0,0.0,36338,1,,RANGPUR/Pirganj,1,0.7737
Groundnut,BD55850092,5874.4,3997.9,1623.7,0.0,0.0,11496,1,,RANGPUR/Taraganj,1,0.8598
Groundnut,BD55940008,2129.7,13493.9,9941.4,0.0,0.0,25565,2,,THAKURGAON/Baliadangi,1,0.7
Groundnut,BD55940051,2998.9,12400.4,2263.0,0.0,404.8,18067,1,,THAKURGAON/Haripur,1,0.7777
Groundnut,BD55940082,4422.5,17674.9,8125.4,269.8,157.4,30650,2,,THAKURGAON/Pirganj,1,0.7399
Groundnut,BD55940086,3932.9,15358.6,7752.3,0.0,308.1,27352,2,,THAKURGAON/Ranisonkail,1,0.7347
Groundnut,BD55940094,6868.0,37113.9,16301.1,0.0,0.0,60283,1,,THAKURGAON/Thakurgaon,1,0.7417
Groundnut,BD60360002,56.5,3615.3,0.0,70.6,12208.6,15951,4,,HABIGANJ/Ajmiriganj,1,0.1857
Groundnut,BD60360005,6573.2,0.0,1881.7,11041.3,2809.7,22306,4,,HABIGANJ/Bahubal,1,0.4359
Groundnut,BD60360011,16.4,9397.2,32.8,57.4,33751.2,43255,4,,HABIGANJ/Baniyachang,1,0.1748
Groundnut,BD60360026,7385.0,4659.9,154.0,6440.7,9468.6,28108,4,,HABIGANJ/Chunarughat,1,0.4439
Groundnut,BD60360044,4604.0,3421.0,1278.9,5531.2,7129.8,21965,4,,HABIGANJ/Habiganj,1,0.4137
Groundnut,BD60360068,92.6,5883.9,0.0,0.0,11136.5,17113,4,,HABIGANJ/Lakhai,1,0.2805
Groundnut,BD60360071,13507.6,7936.1,357.3,1395.0,2186.1,25382,1,,HABIGANJ/Madhabpur,1,0.8003
Groundnut,BD60360077,0.0,9594.0,2160.2,11884.9,12546.0,36185,4,,HABIGANJ/Nabiganj,1,0.3076
Groundnut,BD60580014,4374.2,3534.6,12711.1,2678.2,15993.9,39292,4,,MOULVI BAZAR/Barlekha,1,0.3587
Groundnut,BD60580056,0.0,879.4,10149.1,7743.2,11808.3,30580,4,,MOULVI BAZAR/Kamalganj,1,0.2396
Groundnut,BD60580065,133.7,2756.3,25632.7,2907.5,12269.7,43700,4,,MOULVI BAZAR/Kulaura,1,0.3601
Groundnut,BD60580074,128.1,165.7,9905.9,8030.2,8949.2,27179,4,,MOULVI BAZAR/Moulvi Bazar,1,0.2509
Groundnut,BD60580080,59.8,3253.8,6275.1,1567.1,11886.2,23042,4,,MOULVI BAZAR/Rajnagar,1,0.2653
Groundnut,BD60580083,632.8,384.5,12415.2,1385.7,17813.8,32632,4,,MOULVI BAZAR/Srimangal,1,0.2275
Groundnut,BD60900018,1693.3,1719.0,2514.3,5678.5,6071.9,17677,4,,SUNAMGANJ/Bishambarpur,1,0.309
Groundnut,BD60900023,202.5,7485.6,6184.8,9269.4,11886.6,35029,4,,SUNAMGANJ/Chhatak,1,0.3179
Groundnut,BD60900029,0.0,3103.3,1531.2,4053.2,28593.3,37281,4,,SUNAMGANJ/Dirai,1,0.1089
Groundnut,BD60900032,8.3,1598.8,3413.0,7637.8,26616.2,39274,4,,SUNAMGANJ/Dharmapasha,1,0.1151
Groundnut,BD60900033,5679.2,4781.6,4600.4,6438.8,8631.1,30131,4,,SUNAMGANJ/Dwarabazar,1,0.4345
Groundnut,BD60900047,0.0,5559.6,1612.1,8681.5,16277.8,32131,4,,SUNAMGANJ/Jagannathpur,1,0.2175
Groundnut,BD60900050,0.0,299.0,1297.5,2439.5,24509.0,28545,4,,SUNAMGANJ/Jamalganj,1,0.0482
Groundnut,BD60900086,179.3,194.8,397.5,2353.7,19172.7,22298,4,,SUNAMGANJ/Sulla,1,0.0451
Groundnut,BD60900089,440.0,1434.9,1884.5,18682.4,29817.2,52259,4,,SUNAMGANJ/Sunamganj,1,0.1199
Groundnut,BD60900092,95.1,2956.0,3885.3,2634.1,13104.5,22675,4,,SUNAMGANJ/Tahirpur,1,0.2174
Groundnut,BD60910008,384.1,2152.4,7776.2,6247.1,14458.2,31018,4,,SYLHET/Balaganj,1,0.2335
Groundnut,BD60910017,441.3,1785.4,7034.6,3423.7,5362.9,18048,4,,SYLHET/Beani Bazar,1,0.3364
Groundnut,BD60910020,28.9,347.4,10710.0,3582.1,2098.6,16767,3,,SYLHET/Bishwanath,1,0.3804
Groundnut,BD60910027,273.4,5085.1,2023.1,1596.6,19585.8,28564,4,,SYLHET/Companiganj,1,0.1986
Groundnut,BD60910035,0.0,744.6,2492.3,807.3,4592.8,8637,4,,SYLHET/Fenchuganj,1,0.2319
Groundnut,BD60910038,1782.7,761.0,8482.3,1490.0,3661.1,16177,3,,SYLHET/Golapganj,1,0.4284
Groundnut,BD60910041,848.6,10748.5,6714.1,640.1,25620.7,44572,4,,SYLHET/Gowainghat,1,0.2901
Groundnut,BD60910053,115.2,3934.8,4371.1,765.6,7853.2,17040,4,,SYLHET/Jaintapur,1,0.3287
Groundnut,BD60910059,403.9,2805.5,11067.7,1160.4,14475.5,29913,4,,SYLHET/Kanaighat,1,0.2813
Groundnut,BD60910062,80.9,7413.1,13552.4,3443.7,12298.9,36789,4,,SYLHET/Sylhet,1,0.3663
Groundnut,BD60910094,217.7,1180.0,8280.9,1889.4,7712.0,19280,4,,SYLHET/Zakiganj,1,0.2946
Jute,BD10040009,0.0,48.6,13223.4,13961.2,16936.7,44170,4,,BARGUNA/Amtali,1,0.2138
Jute,BD10040019,0.0,7186.5,15.5,0.0,0.0,7202,1,,BARGUNA/Bamna,1,0.7994
Jute,BD10040028,0.0,200.8,10891.5,10273.0,3911.6,25277,4,,BARGUNA/Borguna,1,0.3031
Jute,BD10040047,0.0,8292.3,288.6,0.0,2710.1,11291,1,,BARGUNA/Betagi,1,0.6003
Jute,BD10040085,0.0,1145.5,5911.4,10668.5,1897.6,19623,4,,BARGUNA/Patharghata,1,0.3061
Jute,BD10060002,1238.8,4141.7,6134.3,0.0,1358.2,12873,2,,BARISAL/Agailjhara,1,0.5919
Jute,BD10060003,3462.4,7342.1,20.5,0.0,0.0,10825,1,,BARISAL/Babuganj,1,0.8634
Jute,BD10060007,8.4,25488.9,2920.4,0.0,3213.3,31631,1,,BARISAL/Bakerganj,1,0.6911
Jute,BD10060010,1558.7,1420.3,80.1,0.0,7057.9,10117,4,,BARISAL/Banaripara,1,0.2703
Jute,BD10060032,4507.8,5239.3,560.2,0.0,164.8,10472,1,,BARISAL/Gaurnadi,1,0.8575
Jute,BD10060036,2475.0,9952.3,2715.2,0.0,4511.4,19654,2,,BARISAL/Hizla,1,0.6001
Jute,BD10060051,1343.4,17722.6,68.9,0.0,86.1,19221,1,,BARISAL/Barisal,1,0.8093
Jute,BD10060062,6012.5,17822.7,1671.2,0.0,102.7,25609,1,,BARISAL/Mehendiganj,1,0.8242
Jute,BD10060069,4045.7,14075.6,579.5,10.5,73.7,18785,1,,BARISAL/Muladi,1,0.8303
Jute,BD10060094,2505.2,8499.3,2611.3,0.0,5916.2,19532,3,,BARISAL/Ujirpur,1,0.5432
Jute,BD10090018,3000.3,12905.7,5110.8,213.3,2242.9,23473,2,,BHOLA/Bhola,1,0.6784
Jute,BD10090021,2337.1,6153.5,1871.0,7990.7,283.7,18636,4,,BHOLA/Burhanuddin,1,0.5255
Jute,BD10090025,369.1,3111.2,2988.2,24485.5,13728.0,44682,4,,BHOLA/Char Fasson,1,0.207
Jute,BD10090029,0.0,4288.1,3927.4,186.4,0.0,8402,2,,BHOLA/Daulatkhan,1,0.6465
Jute,BD10090054,7805.1,6349.6,2229.0,1631.3,3543.9,21559,3,,BHOLA/Lalmohan,1,0.6645
Jute,BD10090065,0.0,0.0,135.5,0.0,15262.5,15398,4,,BHOLA/Monpura,1,0.0044
Jute,BD10090091,39.8,5060.6,4327.4,0.0,757.1,10185,2,,BHOLA/Tajumuddin,1,0.6138
Jute,BD10420040,136.8,12720.3,45.6,0.0,2834.3,15737,1,,JHALAKATI/Jhalakati,1,0.6568
Jute,BD10420043,0.0,5014.5,215.5,0.0,6710.0,11940,4,,JHALAKATI/Kathalia,1,0.345
Jute,BD10420073,0.0,15257.0,0.0,0.0,0.0,15257,1,,JHALAKATI/Nalchiti,1,0.8
Jute,BD10420084,0.0,12176.7,0.0,0.0,261.3,12438,1,,JHALAKATI/Rajapur,1,0.7832
Jute,BD10780038,950.3,33660.8,1288.3,0.0,173.6,36073,1,,PATUAKHALI/Bauphal,1,0.7907
Jute,BD10780052,367.7,11364.6,1667.5,581.5,2881.8,16863,3,,PATUAKHALI/Dashmina,1,0.6173
Jute,BD10780057,0.0,22182.4,4904.5,2143.4,30521.8,59752,4,,PATUAKHALI/Galachipa,1,0.3452
Jute,BD10780066,0.0,0.0,0.0,15253.8,20012.2,35266,4,,PATUAKHALI/Kalapara,1,0.0865
Jute,BD10780076,0.0,6061.1,2445.0,0.0,3492.9,11999,2,,PATUAKHALI/Mirzaganj,1,0.506
Jute,BD10780095,0.0,21557.7,7591.0,0.0,1061.3,30210,1,,PATUAKHALI/Patuakhali,1,0.6965
Jute,BD10790014,0.0,7907.7,1221.5,0.0,1285.8,10415,1,,PIROJPUR/Bhandaria,1,0.666
Jute,BD10790047,0.0,4816.0,0.0,0.0,0.0,4816,1,,PIROJPUR/Kawkhali,1,0.8
Jute,BD10790058,0.0,2943.2,19896.8,0.0,47.0,22887,2,,PIROJPUR/Mathbaria,1,0.5376
Jute,BD10790076,42.4,5186.9,4296.5,7.1,7137.2,16670,4,,PIROJPUR/Nazirpur,1,0.3804
Jute,BD10790080,426.3,12761.7,7111.0,0.0,0.0,20299,3,,PIROJPUR/Pirojpur,1,0.6991
Jute,BD10790087,0.0,2575.3,208.0,0.0,8771.8,11555,4,,PIROJPUR/Sarupkati,1,0.1873
Jute,BD20030004,0.0,287.0,747.6,0.0,22429.4,23464,4,,BANDARBAN/Alikadam,1,0.0257
Jute,BD20030014,0.0,101.8,0.0,0.0,15244.2,15346,4,,BANDARBAN/Bandarban,1,0.0053
Jute,BD20030051,0.0,370.4,185.2,0.0,15908.4,16464,4,,BANDARBAN/Lama,1,0.0236
Jute,BD20030073,3.2,141.0,4.8,0.0,8102.0,8251,4,,BANDARBAN/Naikhongchhari,1,0.0143
Jute,BD20030089,0.0,8.1,32.3,0.0,10233.7,10274,4,,BANDARBAN/Rowangchhari,1,0.0022
Jute,BD20030091,0.0,0.0,0.0,0.0,7396.0,7396,4,,BANDARBAN/Ruma,1,0.0
Jute,BD20030095,0.0,0.0,85.8,0.0,5512.2,5598,4,,BANDARBAN/Thanchi,1,0.0077
Jute,BD20120002,63.5,5162.9,603.0,0.0,2930.6,8760,3,,BRAHMANBARIA/Akhaura,1,0.5132
Jute,BD20120004,0.0,9135.3,680.6,1807.4,2941.7,14565,3,,BRAHMANBARIA/Banchharampur,1,0.5499
Jute,BD20120013,2705.0,24654.9,1240.1,294.5,14191.5,43086,3,,BRAHMANBARIA/Brahmanbaria,1,0.5363
Jute,BD20120063,0.0,14187.1,618.8,0.0,2709.1,17515,1,,BRAHMANBARIA/Kasba,1,0.6657
Jute,BD20120085,759.2,20749.5,0.0,1130.8,6469.6,29109,1,,BRAHMANBARIA/Nabinagar,1,0.6041
Jute,BD20120090,0.0,15461.1,0.0,39.4,10320.5,25821,3,,BRAHMANBARIA/Nasirnagar,1,0.4793
Jute,BD20120094,553.5,8285.5,0.0,263.6,9401.4,18504,4,,BRAHMANBARIA/Sarail,1,0.391
Jute,BD20130022,98.0,10960.2,217.8,0.0,1225.1,12501,1,,CHANDPUR/Chandpur,1,0.7179
Jute,BD20130045,2488.4,12526.5,628.1,0.0,0.0,15643,1,,CHANDPUR/Faridganj,1,0.8198
Jute,BD20130047,3792.1,1376.1,44.8,0.0,1385.0,6598,1,,CHANDPUR/Haimchar,1,0.745
Jute,BD20130049,1835.7,9793.0,1843.3,0.0,0.0,13472,1,,CHANDPUR/Hajiganj,1,0.7862
Jute,BD20130058,2114.7,8074.9,7603.4,0.0,0.0,17793,2,,CHANDPUR/Kachua,1,0.6956
Jute,BD20130076,2623.2,22633.1,243.9,0.0,1113.9,26614,1,Matlab,CHANDPUR/Matlab,1,0.7835
Jute,BD20130079,2623.2,22633.1,243.9,0.0,1113.9,26614,1,Matlab,CHANDPUR/Matlab,1,0.7835
Jute,BD20130095,4898.8,4757.3,2160.9,0.0,0.0,11817,1,,CHANDPUR/Shahrasti,1,0.8281
Jute,BD20150004,6147.0,727.3,0.0,0.0,2586.7,9461,3,,CHITTAGONG/Anwara,1,0.7112
Jute,BD20150008,9869.6,2988.7,156.2,618.1,12396.4,26029,4,,CHITTAGONG/Banskhali,1,0.4788
Jute,BD20150012,0.0,6814.2,0.0,0.0,178.8,6993,1,,CHITTAGONG/Boalkhali,1,0.7795
Jute,BD20150018,955.1,2405.2,725.1,0.0,7280.6,11366,4,,CHITTAGONG/Chandanais,1,0.2852
Jute,BD20150033,2207.4,5200.3,234.4,0.0,16005.9,23648,4,,CHITTAGONG/Fatikchhari,1,0.2742
Jute,BD20150037,3700.0,2151.8,68.2,0.0,6597.0,12517,4,,CHITTAGONG/Hathazari,1,0.4358
Jute,BD20150047,370.4,273.8,5293.5,0.0,6571.3,12509,4,,CHITTAGONG/Lohagora,1,0.2587
Jute,BD20150053,8778.0,3919.5,870.4,0.0,9142.0,22710,4,,CHITTAGONG/Mirsharai,1,0.5438
Jute,BD20150061,4128.4,3461.1,0.0,0.0,4399.5,11989,3,,CHITTAGONG/Patia,1,0.5753
Jute,BD20150070,2710.9,5622.7,463.0,16.7,10737.7,19551,4,,CHITTAGONG/Rangunia,1,0.3807
Jute,BD20150074,4970.1,4334.2,0.0,0.0,4579.7,13884,3,,CHITTAGONG/Rauzan,1,0.6077
Jute,BD20150078,3191.8,6567.8,10050.6,989.5,6587.2,27387,3,,CHITTAGONG/Sandwip,1,0.4991
Jute,BD20150082,3468.0,3033.8,2512.7,0.0,7422.4,16437,4,,CHITTAGONG/Satkania,1,0.4351
Jute,BD20150086,2460.4,2133.7,637.3,0.0,4045.6,9277,4,,CHITTAGONG/Sitakunda,1,0.4836
Jute,BD20151600,0.0,0.0,0.0,0.0,0.0,0,4,,CHITTAGONG/Patenga; CHITTAGONG/Double Mooring; CHITTAGONG/Panchlais,3,
Jute,BD20190009,33.7,18450.0,0.0,0.0,47.2,18531,1,,COMILLA/Barura,1,0.7983
Jute,BD20190015,0.0,9877.2,629.8,0.0,0.0,10507,1,,COMILLA/Brahmanpara,1,0.782
Jute,BD20190018,1525.0,8691.5,2183.6,0.0,400.9,12801,1,,COMILLA/Burichang,1,0.7476
Jute,BD20190027,340.5,15244.6,6.9,0.0,0.0,15592,1,,COMILLA/Chandina,1,0.8042
Jute,BD20190031,108.0,19553.9,1589.0,0.0,671.1,21922,1,,COMILLA/Chauddagram,1,0.7548
Jute,BD20190036,0.0,25340.6,3716.8,0.0,10584.7,39642,3,,COMILLA/Daudkandi,1,0.5583
Jute,BD20190040,0.0,18763.0,0.0,0.0,0.0,18763,1,,COMILLA/Debiduar,1,0.8
Jute,BD20190054,0.0,3562.6,4994.3,149.8,5044.3,13751,4,,COMILLA/Homna,1,0.391
Jute,BD20190067,614.8,13371.4,4119.0,0.0,2466.8,20572,3,,COMILLA/Comilla,1,0.65
Jute,BD20190072,475.7,32371.7,551.6,0.0,0.0,33399,1,,COMILLA/Laksham,1,0.7979
Jute,BD20190081,351.0,28023.8,52.3,14.9,619.9,29062,1,,COMILLA/Muradnagar,1,0.7845
Jute,BD20190087,294.8,18592.0,7.4,0.0,375.8,19270,1,,COMILLA/Nangalkot,1,0.7873
Jute,BD20220016,2395.4,6805.9,2460.8,4945.4,20768.4,37376,4,,COX'S BAZAR/Chakaria,1,0.2691
Jute,BD20220024,1120.8,4001.9,418.3,236.8,10490.1,16268,4,,COX'S BAZAR/Cox's Bazar,1,0.2815
Jute,BD20220045,950.8,0.0,4569.6,329.9,659.7,6510,2,,COX'S BAZAR/Kutubdia,1,0.5072
Jute,BD20220049,246.9,359.2,1554.5,1021.4,12941.1,16123,4,,COX'S BAZAR/Moheshkhali,1,0.094
Jute,BD20220066,683.8,2026.0,781.5,0.0,11562.7,15054,4,,COX'S BAZAR/Ramu,1,0.179
Jute,BD20220090,101.6,1089.0,195.0,438.9,11235.5,13060,4,,COX'S BAZAR/Teknaf,1,0.0887
Jute,BD20220094,369.7,329.3,814.0,0.0,6741.9,8255,4,,COX'S BAZAR/Ukhia,1,0.126
Jute,BD20300014,3296.5,4296.7,1227.1,0.0,1773.8,10594,1,,FENI/Chhagalnaiya,1,0.6935
Jute,BD20300025,6033.4,3412.9,2918.6,0.0,0.0,12365,2,,FENI/Daganbhuiya,1,0.8268
Jute,BD20300029,1475.2,9788.6,1035.9,268.8,3022.5,15591,3,,FENI/Feni,1,0.6336
Jute,BD20300051,2052.0,9324.5,5552.5,0.0,0.0,16929,2,,FENI/Parshuram,1,0.7258
Jute,BD20300094,10450.3,5383.2,9.9,484.0,592.6,16920,1,,FENI/Sonagazi,1,0.8782
Jute,BD20460043,0.0,1092.5,0.0,0.0,14493.5,15586,4,,KHAGRACHHARI/Dighinala,1,0.0561
Jute,BD20460049,0.0,781.1,3.2,0.0,7785.6,8570,4,,KHAGRACHHARI/Khagrachhari,1,0.0731
Jute,BD20460061,0.0,193.4,0.0,0.0,4406.6,4600,4,,KHAGRACHHARI/Laksmichhari,1,0.0336
Jute,BD20460065,0.0,549.8,0.0,0.0,7942.2,8492,4,,KHAGRACHHARI/Mohalchhari,1,0.0518
Jute,BD20460067,0.0,547.4,0.0,0.0,6312.6,6860,4,,KHAGRACHHARI/Manikchhari,1,0.0638
Jute,BD20460070,0.0,442.4,267.1,0.0,17945.5,18655,4,,KHAGRACHHARI/Matiranga,1,0.0261
Jute,BD20460077,0.0,610.5,0.0,0.0,9269.5,9880,4,,KHAGRACHHARI/Panchhari,1,0.0494
Jute,BD20460080,0.0,128.1,11.6,0.0,9592.3,9732,4,,KHAGRACHHARI/Ramgarh,1,0.0111
Jute,BD20510043,11323.7,17913.4,1264.8,218.7,2204.5,32925,1,,LAKSHMIPUR/Laksmipur,1,0.7997
Jute,BD20510058,2244.6,8108.2,206.1,0.0,0.0,10559,1,,LAKSHMIPUR/Raipur,1,0.8367
Jute,BD20510065,6497.1,4417.7,1561.2,0.0,0.0,12476,1,,LAKSHMIPUR/Ramganj,1,0.8666
Jute,BD20510073,0.0,2412.9,2733.1,20881.7,10649.4,36677,4,,LAKSHMIPUR/Ramgati,1,0.2038
Jute,BD20750007,4235.6,23377.0,2973.4,0.0,0.0,30586,1,,NOAKHALI/Begumganj,1,0.7985
Jute,BD20750010,2266.7,4807.4,1918.0,0.0,0.0,8992,1,,NOAKHALI/Chatkhil,1,0.7864
Jute,BD20750021,5457.8,3348.5,3256.2,6565.2,8661.3,27289,4,,NOAKHALI/Companiganj,1,0.4059
Jute,BD20750036,2725.2,10349.1,551.5,7656.4,14994.8,36277,4,,NOAKHALI/Hatiya,1,0.3532
Jute,BD20750080,2483.5,9172.9,705.6,0.0,0.0,12362,1,,NOAKHALI/Senbag,1,0.8231
Jute,BD20750087,3084.9,17988.1,15586.4,4620.3,26658.2,67938,4,,NOAKHALI/Noakhali,1,0.3855
Jute,BD20840007,0.0,477.4,81.6,240.7,16325.3,17125,4,,RANGAMATI/Baghaichhari,1,0.0275
Jute,BD20840021,0.0,108.3,5.8,0.0,10198.9,10313,4,,RANGAMATI/Barkal,1,0.0087
Jute,BD20840025,0.0,131.5,0.0,0.0,12689.5,12821,4,,RANGAMATI/Kawkhali (Betbunia),1,0.0082
Jute,BD20840029,0.0,74.1,0.0,0.0,5662.9,5737,4,,RANGAMATI/Belaichhari,1,0.0103
Jute,BD20840036,5.5,121.6,0.0,0.0,5961.9,6089,4,,RANGAMATI/Kaptai,1,0.0169
Jute,BD20840047,0.0,111.1,0.0,0.0,11958.9,12070,4,,RANGAMATI/Juraichhari,1,0.0074
Jute,BD20840058,0.0,537.4,8.0,585.2,12495.5,13626,4,,RANGAMATI/Langadu,1,0.0404
Jute,BD20840075,0.0,382.9,0.0,0.0,10050.1,10433,4,,RANGAMATI/Nannerchar,1,0.0294
Jute,BD20840078,0.0,30.7,60.2,0.0,3529.0,3620,4,,RANGAMATI/Rajasthali,1,0.0151
Jute,BD20840087,0.0,185.8,37.2,0.0,8323.0,8546,4,,RANGAMATI/Rangamati,1,0.0196
Jute,BD30260014,368.9,9077.7,16262.8,0.0,673.6,26383,2,,DHAKA/Dhamrai,1,0.5974
Jute,BD30260018,1948.0,5788.9,754.1,0.0,377.0,8868,1,,DHAKA/Dohar,1,0.7844
Jute,BD30260038,1175.5,3068.4,7739.7,198.5,1038.1,13220,2,,DHAKA/Keraniganj,1,0.5703
Jute,BD30260062,808.1,11891.1,6756.7,0.0,62.2,19518,3,,DHAKA/Nawabganj,1,0.7019
Jute,BD30260072,348.6,8642.7,8569.3,3107.2,2740.2,23408,3,,DHAKA/Savar,1,0.5199
Jute,BD30262000,0.0,0.0,0.0,0.0,0.0,0,4,Dhaka Metro,DHAKA/Dhaka Metro,1,
Jute,BD30262500,0.0,0.0,0.0,0.0,0.0,0,4,Dhaka Metro,DHAKA/Dhaka Metro,1,
Jute,BD30290003,2294.2,5780.9,1526.1,384.0,555.9,10541,1,,FARIDPUR/Alfadanga,1,0.736
Jute,BD30290010,5059.5,9829.4,388.6,114.3,1760.2,17152,1,,FARIDPUR/Bhanga,1,0.7661
Jute,BD30290018,12318.3,8534.5,646.7,284.1,1003.4,22787,1,,FARIDPUR/Boalmari,1,0.8569
Jute,BD30290021,860.1,6224.8,387.7,486.4,0.0,7959,1,,FARIDPUR/Char Bhadrasan,1,0.7703
Jute,BD30290047,11738.1,15064.3,1348.9,2790.0,192.7,31134,1,,FARIDPUR/Faridpur,1,0.8037
Jute,BD30290056,11763.1,4388.0,990.6,7.7,634.6,17784,1,,FARIDPUR/Madhukhali,1,0.8868
Jute,BD30290062,9274.2,21797.0,198.9,7.4,1097.6,32375,1,,FARIDPUR/Nagarkanda,1,0.8282
Jute,BD30290084,6551.0,11687.9,1658.8,1276.6,114.7,21289,1,,FARIDPUR/Sadarpur,1,0.7979
Jute,BD30330030,0.0,11620.0,14530.0,1950.0,8940.0,37040,3,,GAZIPUR/Gazipur,1,0.4576
Jute,BD30330032,81.9,9552.2,9240.9,2547.8,6062.3,27485,3,,GAZIPUR/Kaliakoir,1,0.4677
Jute,BD30330034,1512.0,2539.7,8655.5,3423.1,2607.7,18738,4,,GAZIPUR/Kaliganj,1,0.4566
Jute,BD30330036,1883.9,5407.0,12420.5,8921.9,2821.7,31455,4,,GAZIPUR/Kapasia,1,0.4516
Jute,BD30330086,906.0,13174.8,7129.3,8949.7,13488.1,43648,4,,GAZIPUR/Sripur,1,0.3849
Jute,BD30350032,4254.1,13520.4,71.8,582.6,14135.0,32564,3,,GOPALGANJ/Gopalganj,1,0.4675
Jute,BD30350043,1866.0,13473.3,205.8,127.7,7272.3,22945,3,,GOPALGANJ/Kasiani,1,0.5567
Jute,BD30350051,3292.2,1396.0,8706.6,0.0,19067.3,32462,4,,GOPALGANJ/Kotalipara,1,0.2699
Jute,BD30350058,1760.9,12489.0,117.4,0.0,9984.7,24352,3,,GOPALGANJ/Muksudpur,1,0.485
Jute,BD30350091,1726.1,4084.4,601.7,109.4,4321.4,10843,4,,GOPALGANJ/Tungipara,1,0.4903
Jute,BD30480002,0.0,524.4,0.0,0.0,24979.6,25504,4,,KISHOREGANJ/Ashtagram,1,0.0164
Jute,BD30480006,703.8,8406.9,0.0,0.0,5538.3,14649,3,,KISHOREGANJ/Bajitpur,1,0.5072
Jute,BD30480011,1564.5,5709.6,33.9,0.0,0.0,7308,1,,KISHOREGANJ/Bhairab,1,0.8414
Jute,BD30480027,308.8,8201.3,14.4,344.7,387.8,9257,1,,KISHOREGANJ/Hossainpur,1,0.7503
Jute,BD30480033,711.4,1185.7,0.0,0.0,35389.8,37287,4,,KISHOREGANJ/Itna,1,0.0445
Jute,BD30480042,4386.6,6429.2,0.0,0.0,5419.2,16235,3,,KISHOREGANJ/Karimganj,1,0.587
Jute,BD30480045,5192.3,9261.7,78.7,0.0,2796.4,17329,1,,KISHOREGANJ/Katiadi,1,0.7295
Jute,BD30480049,1540.0,9476.8,0.0,0.0,1520.2,12537,1,,KISHOREGANJ/Kishoreganj,1,0.7276
Jute,BD30480054,38.0,6836.1,152.1,0.0,1041.8,8068,1,,KISHOREGANJ/Kuliarchar,1,0.692
Jute,BD30480059,1015.6,453.3,0.0,0.0,17610.1,19079,4,,KISHOREGANJ/Mithamoin,1,0.0722
Jute,BD30480076,2691.6,1127.7,0.0,0.0,12725.7,16545,4,,KISHOREGANJ/Nikli,1,0.2172
Jute,BD30480079,1773.3,11733.3,218.7,789.0,429.6,14944,1,,KISHOREGANJ/Pakundia,1,0.7647
Jute,BD30480092,4438.0,3927.1,87.8,0.0,3927.1,12380,3,,KISHOREGANJ/Tarail,1,0.6158
Jute,BD30540040,8098.6,10836.5,294.6,510.2,2630.1,22370,1,,MADARIPUR/Kalkini,1,0.7607
Jute,BD30540054,3184.7,13691.1,1495.6,1138.4,3110.2,22620,1,,MADARIPUR/Madaripur,1,0.6681
Jute,BD30540080,1175.7,8923.1,2709.6,0.0,7015.5,19824,4,,MADARIPUR/Rajoir,1,0.4877
Jute,BD30540087,4432.3,8546.4,5897.4,695.6,2693.4,22265,3,,MADARIPUR/Sibchar,1,0.6448
Jute,BD30560010,191.0,10116.7,4263.8,694.7,2205.7,17472,2,,MANIKGANJ/Daulatpur,1,0.6041
Jute,BD30560022,0.0,8275.6,1611.7,57.8,1647.9,11593,1,,MANIKGANJ/Ghior,1,0.6416
Jute,BD30560028,895.1,11351.8,455.1,30.0,115.0,12847,1,,MANIKGANJ/Harirampur,1,0.7947
Jute,BD30560046,0.0,13273.1,3160.3,199.6,1264.1,17897,1,,MANIKGANJ/Manikganj,1,0.6838
Jute,BD30560070,72.0,5972.2,2813.4,1417.5,1252.0,11527,2,,MANIKGANJ/Saturia,1,0.5674
Jute,BD30560078,79.7,10620.2,491.5,597.8,1374.8,13164,1,,MANIKGANJ/Sibalay,1,0.6792
Jute,BD30560082,0.0,9094.5,7572.6,0.0,697.9,17365,2,,MANIKGANJ/Singair,1,0.637
Jute,BD30590024,0.0,3312.4,5725.9,40.5,178.2,9257,2,,MUNSHIGANJ/Gozaria,1,0.5964
Jute,BD30590044,2001.2,1780.8,3555.7,0.0,101.3,7439,2,,MUNSHIGANJ/Lohajang,1,0.6995
Jute,BD30590056,732.5,5841.8,2374.6,366.3,872.9,10188,2,,MUNSHIGANJ/Munshiganj,1,0.6543
Jute,BD30590074,281.1,10076.7,3843.9,115.7,826.6,15144,3,,MUNSHIGANJ/Serajdikhan,1,0.6793
Jute,BD30590084,984.4,5835.4,7939.8,0.0,128.4,14888,2,,MUNSHIGANJ/Srinagar,1,0.6463
Jute,BD30590094,975.3,2732.2,4482.2,0.0,55.3,8245,2,,MUNSHIGANJ/Tongibari,1,0.6552
Jute,BD30670002,612.4,6620.6,4627.0,6.8,966.2,12833,2,,NARAYANGANJ/Araihazar,1,0.6408
Jute,BD30670004,1220.6,6045.0,4939.9,956.6,461.8,13624,2,,NARAYANGANJ/Sonargaon,1,0.6399
Jute,BD30670006,0.0,0.0,0.0,0.0,0.0,0,4,,NARAYANGANJ/Bandar,1,
Jute,BD30670058,0.0,0.0,0.0,0.0,0.0,0,4,,NARAYANGANJ/Narayanganj,1,
Jute,BD30670068,1429.7,2627.6,8165.4,1972.1,1000.2,15195,3,,NARAYANGANJ/Rupganj,1,0.5271
Jute,BD30680007,589.1,4123.5,3114.7,972.0,419.7,9219,2,,NARSINGDI/Belabo,1,0.6117
Jute,BD30680052,1715.6,8463.2,3431.2,926.0,603.0,15139,2,,NARSINGDI/Manohardi,1,0.6861
Jute,BD30680060,1502.6,8940.2,4324.0,642.8,1285.5,16695,2,,NARSINGDI/Narsingdi,1,0.6556
Jute,BD30680063,801.2,2620.4,1293.8,1090.2,617.3,6423,2,,NARSINGDI/Palas,1,0.5858
Jute,BD30680064,1170.7,14356.5,3150.1,1525.0,3627.6,23830,3,,NARSINGDI/Raipura,1,0.61
Jute,BD30680076,844.8,10183.3,3641.1,1270.5,314.3,16254,3,,NARSINGDI/Sibpur,1,0.6808
Jute,BD30820007,8620.3,7623.6,701.2,0.0,1642.9,18588,1,,RAJBARI/Baliakandi,1,0.8107
Jute,BD30820029,53.5,1874.0,3176.9,5095.5,0.0,10200,4,,RAJBARI/Goalanda,1,0.4079
Jute,BD30820073,11420.2,18223.2,2373.5,569.9,678.1,33265,1,,RAJBARI/Pangsha,1,0.8207
Jute,BD30820076,6301.2,13190.1,1105.1,1097.2,556.4,22250,1,,RAJBARI/Rajbari,1,0.7921
Jute,BD30860014,0.0,6784.8,8214.3,0.0,2238.9,17238,2,,SHARIATPUR/Bhedarganj,1,0.5531
Jute,BD30860025,165.6,5259.4,1253.7,0.0,733.3,7412,1,,SHARIATPUR/Damudya,1,0.6746
Jute,BD30860036,1158.2,7850.0,3292.3,10.7,1211.8,13523,2,,SHARIATPUR/Goshairhat,1,0.6719
Jute,BD30860065,206.0,7436.9,5196.2,0.0,2639.9,15479,2,,SHARIATPUR/Naria,1,0.5655
Jute,BD30860069,442.0,7174.4,2193.1,5.7,1382.7,11198,3,,SHARIATPUR/Palong (Sadar),1,0.6501
Jute,BD30860094,1714.2,4568.8,3134.3,337.1,7265.6,17020,4,,SHARIATPUR/Janjira,1,0.4115
Jute,BD30930009,3697.3,7752.4,1557.9,0.0,89.5,13097,1,,TANGAIL/Basail,1,0.8153
Jute,BD30930019,434.7,13490.5,883.3,2042.6,75.9,16927,1,,TANGAIL/Bhuapur,1,0.7135
Jute,BD30930023,5205.0,8404.7,195.5,7.2,202.7,14015,1,,TANGAIL/Delduar,1,0.8582
Jute,BD30930028,4715.4,16898.8,1759.1,14757.0,2809.7,40940,3,,TANGAIL/Ghatail,1,0.539
Jute,BD30930038,3772.8,11476.7,420.0,227.2,1170.4,17067,1,,TANGAIL/Gopalpur,1,0.774
Jute,BD30930047,2120.6,18741.5,633.4,358.0,936.4,22790,1,,TANGAIL/Kalihati,1,0.768
Jute,BD30930057,2659.6,19109.9,1628.6,18198.5,1180.4,42777,4,,TANGAIL/Madhupur,1,0.5237
Jute,BD30930066,12623.5,1852.4,2659.2,5564.8,7716.0,30416,4,,TANGAIL/Mirzapur,1,0.5441
Jute,BD30930076,4129.6,13855.1,602.1,177.1,694.2,19458,1,,TANGAIL/Nagarpur,1,0.7992
Jute,BD30930085,685.7,12768.2,11062.4,14432.1,1981.7,40930,4,,TANGAIL/Shakhipur,1,0.472
Jute,BD30930095,1887.4,20570.5,122.6,27.3,429.3,23037,1,,TANGAIL/Tangail,1,0.7992
Jute,BD40010008,0.0,6794.0,6806.1,3132.5,685.4,17418,3,,BAGERHAT/Bagerhat,1,0.5434
Jute,BD40010014,1998.8,5637.5,2377.2,1474.9,2823.6,14312,4,,BAGERHAT/Chitalmari,1,0.5584
Jute,BD40010034,0.0,2503.7,4584.6,2531.5,456.2,10076,3,,BAGERHAT/Fakirhat,1,0.4765
Jute,BD40010038,0.0,5401.5,2793.7,250.1,85.7,8531,3,,BAGERHAT/Kachua,1,0.6761
Jute,BD40010056,2353.9,2494.4,5494.7,1735.5,3850.5,15929,4,,BAGERHAT/Mollahat,1,0.4673
Jute,BD40010058,0.0,0.0,1357.7,9658.7,3406.6,14423,4,,BAGERHAT/Mongla,1,0.181
Jute,BD40010060,5199.4,5901.4,16197.8,5214.0,665.5,33178,3,,BAGERHAT/Morelganj,1,0.5745
Jute,BD40010073,0.0,6115.9,7416.7,9960.8,948.6,24442,4,,BAGERHAT/Rampal,1,0.4334
Jute,BD40010077,2367.0,57.7,5751.6,0.0,1789.7,9966,2,,BAGERHAT/Sarankhola,1,0.5307
Jute,BD40180007,10353.2,15515.3,0.0,0.0,1759.5,27628,1,,CHUADANGA/Alamdanga,1,0.824
Jute,BD40180023,8619.1,12627.4,52.1,0.0,1829.4,23128,1,,CHUADANGA/Chuadanga,1,0.8106
Jute,BD40180031,9291.4,13184.2,48.1,0.0,3460.3,25984,1,,CHUADANGA/Damurhuda,1,0.7644
Jute,BD40180055,2446.0,10061.6,2498.5,0.0,892.9,15899,1,,CHUADANGA/Jibannagar,1,0.7387
Jute,BD40410004,4235.4,4741.8,2860.9,65.8,4860.2,16764,4,,JESSORE/Abhoynagar,1,0.565
Jute,BD40410009,5827.1,10042.8,2229.7,0.0,774.4,18874,1,,JESSORE/Bagherpara,1,0.7935
Jute,BD40410011,850.1,9963.8,8386.2,1495.8,1888.1,22584,2,,JESSORE/Chaugachha,1,0.5895
Jute,BD40410023,0.0,7020.5,14854.7,1144.9,1360.9,24381,2,,JESSORE/Jhikorgachha,1,0.5444
Jute,BD40410038,558.4,7888.0,6482.4,1174.5,2695.7,18799,2,,JESSORE/Keshabpur,1,0.5503
Jute,BD40410047,4224.7,17344.7,7770.5,1015.0,1207.1,31562,2,,JESSORE/Jessore,1,0.703
Jute,BD40410061,2688.9,5108.2,18909.9,1624.1,4164.8,32496,3,,JESSORE/Manirampur,1,0.5095
Jute,BD40410090,0.0,8454.2,12847.1,2262.8,4334.9,27899,2,,JESSORE/Sarsa,1,0.4889
Jute,BD40440014,3699.4,14154.5,28.9,0.0,7.2,17890,1,,JHENAIDAH/Harinakundu,1,0.8405
Jute,BD40440019,11333.5,19172.7,3919.6,0.0,1630.2,36056,1,,JHENAIDAH/Jhenaidah,1,0.7941
Jute,BD40440033,7586.9,15610.8,1732.9,0.0,527.4,25458,1,,JHENAIDAH/Kaliganj,1,0.8226
Jute,BD40440042,3676.9,7111.7,779.7,0.0,322.7,11891,1,,JHENAIDAH/Kotchandpur,1,0.8205
Jute,BD40440071,1774.7,9152.0,16083.6,191.0,6732.7,33934,3,,JHENAIDAH/Maheshpur,1,0.5062
Jute,BD40440080,6334.9,20378.0,2687.5,0.0,664.5,30065,1,,JHENAIDAH/Sailkupa,1,0.7976
Jute,BD40470012,518.4,10819.0,2095.7,3991.4,466.5,17891,3,,KHULNA/Batiaghata,1,0.6159
Jute,BD40470017,0.0,1116.2,0.0,628.9,20799.9,22545,4,,KHULNA/Dacope,1,0.0452
Jute,BD40470030,1469.7,11040.7,6083.4,7779.7,10192.6,36566,4,,KHULNA/Dumuria,1,0.4075
Jute,BD40470040,655.3,2923.5,705.7,25.2,92.4,4402,1,,KHULNA/Dighalia (Daulathpur),1,0.7615
Jute,BD40470053,0.0,0.0,74.3,3659.1,17411.6,21145,4,,KHULNA/Koyra,1,0.0364
Jute,BD40470064,3211.6,2004.1,578.6,5232.5,21081.1,32108,4,,KHULNA/Paikgachha,1,0.1916
Jute,BD40470069,1216.7,2295.9,508.7,171.8,604.9,4798,2,,KHULNA/Phultala,1,0.6966
Jute,BD40470075,992.6,1005.0,1747.9,705.4,980.1,5431,4,,KHULNA/Rupsha,1,0.5177
Jute,BD40470094,888.7,2464.8,3652.1,5943.3,3048.0,15997,4,,KHULNA/Terakhada,1,0.3673
Jute,BD40473300,2080.0,40.0,0.0,0.0,0.0,2120,1,,KHULNA/Khulna Metro,1,0.9962
Jute,BD40500015,3526.0,5092.4,1074.8,340.8,0.0,10034,1,,KUSHTIA/Bheramara,1,0.8178
Jute,BD40500039,7471.7,15302.1,6188.5,2049.0,841.7,31853,2,,KUSHTIA/Daulatpur,1,0.7289
Jute,BD40500063,5306.4,1639.0,580.6,0.0,0.0,7526,1,,KUSHTIA/Khoksha,1,0.9179
Jute,BD40500071,6425.4,5947.5,3159.6,955.8,10.6,16499,2,,KUSHTIA/Kumarkhali,1,0.7852
Jute,BD40500079,14095.3,4362.7,868.4,250.1,3716.6,23293,1,,KUSHTIA/Kushtia,1,0.7758
Jute,BD40500094,10986.3,11162.4,550.4,198.1,3287.8,26185,1,,KUSHTIA/Mirpur,1,0.7726
Jute,BD40550057,16590.5,8501.2,5153.2,0.0,2247.0,32492,1,,MAGURA/Magura,1,0.7992
Jute,BD40550066,5443.5,9998.1,1190.1,0.0,1153.3,17785,1,,MAGURA/Mohammadpur,1,0.7893
Jute,BD40550085,7781.7,6580.5,3324.2,0.0,1110.6,18797,1,,MAGURA/Salikha,1,0.7825
Jute,BD40550095,4863.7,6560.4,693.8,0.0,1470.1,13588,1,,MAGURA/Sripur,1,0.7697
Jute,BD40570047,8640.9,17070.3,0.0,0.0,3384.8,29096,1,,MEHERPUR/Gangni,1,0.7663
Jute,BD40570087,9792.3,16565.4,0.0,0.0,4125.2,30483,1,,MEHERPUR/Meherpur,1,0.756
Jute,BD40650028,1705.9,2777.0,6379.2,3919.6,10108.3,24890,4,,NARAIL/Kalia,1,0.3174
Jute,BD40650052,5645.9,12328.5,1146.8,7.4,3543.4,22672,1,,NARAIL/Lohagara,1,0.7094
Jute,BD40650076,10744.7,4670.2,5810.4,0.0,6003.6,27229,3,,NARAIL/Narail,1,0.6385
Jute,BD40870004,87.4,7605.8,5232.9,10578.1,10415.8,33920,4,,SATKHIRA/Asasuni,1,0.3215
Jute,BD40870025,0.0,188.6,418.1,8025.7,5951.6,14584,4,,SATKHIRA/Debhata,1,0.1347
Jute,BD40870043,0.0,2449.4,10769.5,13.3,3660.8,16893,2,,SATKHIRA/Kalaroa,1,0.4349
Jute,BD40870047,0.0,677.3,3290.8,10837.6,11176.3,25982,4,,SATKHIRA/Kaliganj,1,0.1676
Jute,BD40870082,0.0,4353.2,11880.8,4850.3,5993.7,27078,4,,SATKHIRA/Satkhira,1,0.3838
Jute,BD40870086,0.0,0.0,214.6,676.8,35746.6,36638,4,,SATKHIRA/Shyamnagar,1,0.0066
Jute,BD40870090,873.7,4988.3,17414.2,343.5,3136.3,26756,2,,SATKHIRA/Tala,1,0.5098
Jute,BD45390007,0.0,16464.7,444.8,209.3,1295.2,18414,1,,JAMALPUR/Bakshiganj,1,0.7297
Jute,BD45390015,0.0,18102.4,3069.7,1501.0,33.9,22707,1,,JAMALPUR/Dewanganj,1,0.7186
Jute,BD45390029,0.0,23192.6,2985.6,277.0,30.8,26486,1,,JAMALPUR/Islampur,1,0.759
Jute,BD45390036,7.4,35491.1,4819.4,1643.7,312.4,42274,1,,JAMALPUR/Jamalpur,1,0.7366
Jute,BD45390058,0.0,17689.1,3578.1,822.3,87.5,22177,1,,JAMALPUR/Madarganj,1,0.7262
Jute,BD45390061,0.0,19555.4,930.1,46.9,15.6,20548,1,,JAMALPUR/Melandaha,1,0.7844
Jute,BD45390085,8.0,17533.3,3817.5,0.0,199.2,21558,1,,JAMALPUR/Sarishabari,1,0.7396
Jute,BD45610013,6850.9,10820.6,1838.5,7436.3,17067.8,44014,4,,MYMENSINGH/Bhaluka,1,0.407
Jute,BD45610016,4657.5,12719.0,7.9,0.0,5625.5,23010,1,,MYMENSINGH/Dhobaura,1,0.6448
Jute,BD45610020,13555.4,9640.5,3334.7,4711.9,3311.5,34554,3,,MYMENSINGH/Phulbaria,1,0.691
Jute,BD45610022,10614.1,15092.9,1181.0,2755.6,2317.4,31961,1,,MYMENSINGH/Gafargaon,1,0.7456
Jute,BD45610023,5383.9,13182.7,432.2,103.4,3814.8,22917,1,,MYMENSINGH/Gouripur,1,0.7055
Jute,BD45610024,4232.2,20884.7,88.8,0.0,5830.3,31036,1,,MYMENSINGH/Haluaghat,1,0.6761
Jute,BD45610031,2269.4,20021.2,670.0,425.1,821.3,24207,1,,MYMENSINGH/Ishwarganj,1,0.7728
Jute,BD45610052,6538.7,20393.9,623.8,1740.6,955.0,30252,1,,MYMENSINGH/Mymensingh,1,0.7773
Jute,BD45610065,8552.8,12667.3,198.7,978.9,2863.2,25261,1,,MYMENSINGH/Muktagachha,1,0.7514
Jute,BD45610072,7792.3,15424.3,664.0,190.8,3075.7,27147,1,,MYMENSINGH/Nandail,1,0.7552
Jute,BD45610081,6788.6,31915.1,491.0,7.1,7621.2,46823,1,,MYMENSINGH/Phulpur,1,0.6955
Jute,BD45610094,11141.9,14581.9,205.5,213.1,2001.6,28144,1,,MYMENSINGH/Trisal,1,0.8155
Jute,BD45720004,6413.9,6421.4,1256.0,0.0,2006.7,16098,3,,NETRAKONA/Atpara,1,0.7566
Jute,BD45720009,7798.5,3764.0,477.5,0.0,7329.0,19369,3,,NETRAKONA/Barhatta,1,0.5704
Jute,BD45720018,5111.4,11245.0,0.0,0.0,7853.6,24210,3,,NETRAKONA/Durgapur,1,0.5827
Jute,BD45720038,19.7,72.1,0.0,0.0,20259.2,20351,4,,NETRAKONA/Khaliajuri,1,0.0038
Jute,BD45720040,2844.2,5013.6,674.7,768.7,25392.7,34694,4,,NETRAKONA/Kalmakanda,1,0.2117
Jute,BD45720047,8781.0,7528.5,2366.7,0.0,5873.8,24550,3,,NETRAKONA/Kendua,1,0.6512
Jute,BD45720056,1593.5,5486.1,1396.2,0.0,11412.3,19888,4,,NETRAKONA/Madan,1,0.3359
Jute,BD45720063,4157.1,3395.8,1020.2,0.0,12737.9,21311,4,,NETRAKONA/Mohanganj,1,0.3465
Jute,BD45720074,12509.2,7548.6,0.0,0.0,6524.2,26582,3,,NETRAKONA/Netrakona,1,0.6978
Jute,BD45720083,6858.5,12702.4,77.1,0.0,5375.1,25013,1,,NETRAKONA/Purbadhala,1,0.682
Jute,BD45890037,0.0,16991.1,385.6,928.9,1016.5,19322,1,,SHERPUR/Jhenaigati,1,0.7231
Jute,BD45890067,0.0,12455.8,2150.5,146.4,678.3,15431,1,,SHERPUR/Nakla,1,0.7173
Jute,BD45890070,34.5,22260.2,5798.0,966.3,1578.9,30638,1,,SHERPUR/Nalitabari,1,0.6833
Jute,BD45890088,0.0,29772.0,1865.6,1031.7,154.7,32824,1,,SHERPUR/Sherpur,1,0.7603
Jute,BD45890090,0.0,18624.4,0.0,1527.3,2468.4,22620,1,,SHERPUR/Sribardi,1,0.6722
Jute,BD50100006,278.8,10012.7,3330.0,0.0,994.5,14616,3,,BOGRA/Adamdighi,1,0.681
Jute,BD50100020,7360.7,18271.6,3751.1,2612.4,878.2,32874,1,,BOGRA/Bogra,1,0.7415
Jute,BD50100027,12992.5,4263.6,238.9,0.0,2620.9,20116,1,,BOGRA/Dhunot,1,0.8214
Jute,BD50100033,654.1,13508.6,15.8,0.0,165.5,14344,1,,BOGRA/Dhubchachia,1,0.7996
Jute,BD50100040,13395.5,4343.4,606.7,0.0,689.4,19035,1,,BOGRA/Gabtali,1,0.9022
Jute,BD50100054,979.8,19714.9,581.5,31.9,8.0,21316,1,,BOGRA/Kahalu,1,0.7998
Jute,BD50100067,16.1,20612.8,394.1,0.0,3225.0,24248,1,,BOGRA/Nandigram,1,0.6889
Jute,BD50100081,5385.1,9068.0,126.6,4151.2,5366.1,24097,3,,BOGRA/Shariakandi,1,0.5616
Jute,BD50100088,7547.0,12296.9,1638.5,529.6,3368.0,25380,3,,BOGRA/Sherpur,1,0.7214
Jute,BD50100094,3932.4,20514.6,1036.9,1006.1,0.0,26490,1,,BOGRA/Shibganj,1,0.7952
Jute,BD50100095,5864.1,4174.2,303.7,124.6,685.3,11152,1,,BOGRA/Sonatala,1,0.8411
Jute,BD50380013,1306.7,6961.1,4170.2,0.0,0.0,12438,2,,JOYPURHAT/Akkelpur,1,0.7204
Jute,BD50380047,9641.7,8858.7,2183.0,39.5,0.0,20723,1,,JOYPURHAT/Joypurhat,1,0.8603
Jute,BD50380058,0.0,14195.0,24.5,24.5,0.0,14244,1,,JOYPURHAT/Kalai,1,0.7985
Jute,BD50380061,316.8,13037.9,71.3,0.0,0.0,13426,1,,JOYPURHAT/Khetlal,1,0.8031
Jute,BD50380074,642.1,16454.6,8570.7,481.6,0.0,26149,3,,JOYPURHAT/Panchbibi,1,0.6955
Jute,BD50640003,468.8,3122.4,5661.1,1052.6,14020.0,24325,4,,NAOGAON/Atrai,1,0.247
Jute,BD50640006,2325.5,14930.1,178.3,0.0,114.1,17548,1,,NAOGAON/Badalgachhi,1,0.8183
Jute,BD50640028,1513.5,10928.2,10016.9,3669.9,626.6,26755,2,,NAOGAON/Dhamoirhat,1,0.598
Jute,BD50640047,15.4,3723.8,10595.5,9451.5,10848.9,34635,4,,NAOGAON/Manda,1,0.294
Jute,BD50640050,120.6,19051.0,6776.4,8167.0,627.0,34742,3,,NAOGAON/Mohadebpur,1,0.5867
Jute,BD50640060,1564.0,13432.4,1035.0,0.0,7628.5,23660,3,,NAOGAON/Naogaon,1,0.5422
Jute,BD50640069,0.0,39.2,0.0,37947.3,752.5,38739,4,,NAOGAON/Niamatpur,1,0.1967
Jute,BD50640075,0.0,8660.6,8668.6,11672.7,3779.0,32781,4,,NAOGAON/Patnitala,1,0.4148
Jute,BD50640079,0.0,8.2,123.4,19377.5,3141.9,22651,4,,NAOGAON/Porsha,1,0.1741
Jute,BD50640085,1066.2,5300.9,13233.4,30.2,2344.2,21975,2,,NAOGAON/Raninagar,1,0.5429
Jute,BD50640086,0.0,145.9,25.7,14400.0,7028.4,21600,4,,NAOGAON/Shapahar,1,0.1393
Jute,BD50690009,0.0,11471.0,0.0,0.0,0.0,11471,1,,NATOR/Bagatipara,1,0.8
Jute,BD50690015,3309.6,15722.2,472.8,0.0,5548.3,25053,1,,NATOR/Baraigram,1,0.6436
Jute,BD50690041,2784.0,6078.0,1211.4,0.0,6297.6,16371,4,,NATOR/Gurudashpur,1,0.5041
Jute,BD50690044,2661.2,18660.0,1767.1,2187.9,725.8,26002,1,,NATOR/Lalpur,1,0.7273
Jute,BD50690063,2969.1,17161.6,2345.6,2761.3,6695.4,31933,3,,NATOR/Nator,1,0.5769
Jute,BD50690091,2535.7,9278.8,13950.2,1199.8,20765.4,47730,4,,NATOR/Shingra,1,0.3598
Jute,BD50700018,0.0,1570.2,4099.9,4797.8,218.1,10686,4,,NAWABGANJ/Bholahat,1,0.3992
Jute,BD50700037,0.0,1172.9,5476.4,17028.4,3856.3,27534,4,,NAWABGANJ/Gomastapur,1,0.2572
Jute,BD50700056,0.0,49.4,1085.7,24963.0,32.9,26131,4,,NAWABGANJ/Nachol,1,0.2133
Jute,BD50700066,0.0,468.1,10255.8,19830.8,3007.2,33562,4,,NAWABGANJ/Nawabganj,1,0.2821
Jute,BD50700088,0.0,3224.4,27386.9,12698.8,1574.9,44885,3,,NAWABGANJ/Shibganj,1,0.4191
Jute,BD50760005,2174.0,4763.2,2708.8,0.0,4918.0,14564,4,,PABNA/Atgharia,1,0.5039
Jute,BD50760016,3241.7,3371.1,4255.2,294.7,6138.4,17301,4,,PABNA/Bera,1,0.4696
Jute,BD50760019,2000.6,2988.5,1053.8,0.0,4421.1,10464,4,,PABNA/Bhangura,1,0.47
Jute,BD50760022,5037.9,6246.4,6865.3,0.0,7440.4,25590,4,,PABNA/Chatmohar,1,0.5263
Jute,BD50760033,491.0,2923.1,0.0,0.0,8943.0,12357,4,,PABNA/Faridpur,1,0.229
Jute,BD50760039,2216.5,14650.1,1752.1,816.2,387.0,19822,1,,PABNA/Ishwardi,1,0.7555
Jute,BD50760055,4460.6,17766.9,10187.3,293.5,997.8,33706,2,,PABNA/Pabna,1,0.7069
Jute,BD50760072,6284.2,5860.7,2094.7,23.1,13785.3,28048,4,,PABNA/Santhia,1,0.4287
Jute,BD50760083,3267.7,11378.1,1837.6,656.3,7585.4,24725,3,,PABNA/Sujanagar,1,0.5428
Jute,BD50810010,693.9,8517.9,1381.1,1652.0,859.1,13104,3,,RAJSHAHI/Bagha,1,0.6509
Jute,BD50810012,3465.5,6678.0,8997.7,5040.1,4245.8,28427,3,,RAJSHAHI/Bagmara,1,0.5036
Jute,BD50810025,14.8,11969.1,384.7,244.1,81.4,12694,1,,RAJSHAHI/Charghat,1,0.7745
Jute,BD50810031,3448.0,5373.5,6373.5,813.5,201.5,16210,2,,RAJSHAHI/Durgapur,1,0.6845
Jute,BD50810034,0.0,219.0,2523.1,39011.8,473.1,42227,4,,RAJSHAHI/Godagari,1,0.2188
Jute,BD50810053,0.0,2210.3,7185.3,3049.2,700.3,13145,3,,RAJSHAHI/Mohanpur,1,0.4542
Jute,BD50810072,0.0,2472.5,14192.8,2797.4,277.4,19740,2,,RAJSHAHI/Paba,1,0.488
Jute,BD50810082,3258.3,10645.7,1426.4,563.1,22.5,15916,1,,RAJSHAHI/Puthia,1,0.7917
Jute,BD50810094,0.0,23.5,109.5,24828.6,993.5,25955,4,,RAJSHAHI/Tanor,1,0.1942
Jute,BD50816600,0.0,0.0,0.0,0.0,0.0,0,4,,RAJSHAHI/Boalia (Rajshahi),1,
Jute,BD50880011,751.2,7195.3,1550.7,0.0,585.8,10083,1,,SIRAJGANJ/Belkuchi,1,0.7223
Jute,BD50880027,161.5,5371.0,3138.4,0.0,4416.2,13087,3,,SIRAJGANJ/Chauhali,1,0.4606
Jute,BD50880044,3841.0,3502.5,287.0,0.0,51.5,7682,1,,SIRAJGANJ/Kamarkhanda,1,0.8834
Jute,BD50880050,2540.1,10834.8,6271.0,111.5,1372.7,21130,2,,SIRAJGANJ/Kazipur,1,0.6799
Jute,BD50880061,7031.6,13820.4,665.6,0.0,211.4,21729,1,,SIRAJGANJ/Raiganj,1,0.8477
Jute,BD50880067,7496.8,11207.0,1111.7,0.0,3411.4,23227,1,,SIRAJGANJ/Shahzadpur,1,0.7327
Jute,BD50880078,7507.9,11517.1,3468.1,0.0,182.9,22676,1,,SIRAJGANJ/Sirajganj,1,0.8139
Jute,BD50880089,5767.4,3476.7,6506.5,0.0,11055.4,26806,4,,SIRAJGANJ/Taras,1,0.4403
Jute,BD50880094,18041.3,12643.7,256.3,0.0,4162.8,35104,1,,SIRAJGANJ/Ullapara,1,0.8057
Jute,BD55270010,3754.5,10703.4,2974.2,1477.9,0.0,18910,2,,DINAJPUR/Birampur,1,0.7456
Jute,BD55270012,7436.0,13308.7,15358.0,469.8,121.5,36694,2,,DINAJPUR/Birganj,1,0.7046
Jute,BD55270017,4275.0,13025.6,12239.6,1299.4,136.4,30976,2,,DINAJPUR/Biral,1,0.6804
Jute,BD55270021,4901.5,5747.4,8957.1,7.9,237.2,19851,2,,DINAJPUR/Bochaganj,1,0.7042
Jute,BD55270030,3604.5,19785.7,3925.8,0.0,289.9,27606,1,,DINAJPUR/Chirirbandar,1,0.775
Jute,BD55270038,1308.7,10899.4,7168.6,1328.2,0.0,20705,2,,DINAJPUR/Fulbari,1,0.6703
Jute,BD55270043,3356.9,4575.3,2388.5,2703.2,0.0,13024,3,,DINAJPUR/Ghoraghat,1,0.672
Jute,BD55270047,607.9,7542.3,703.8,104.0,0.0,8958,1,,DINAJPUR/Hakimpur,1,0.783
Jute,BD55270056,4775.4,5838.2,6908.7,0.0,98.7,17621,2,,DINAJPUR/Kaharol,1,0.7321
Jute,BD55270060,1567.5,510.4,12161.2,524.9,0.0,14764,2,,DINAJPUR/Khansama,1,0.5528
Jute,BD55270064,769.0,18540.6,9926.6,38.8,0.0,29275,3,,DINAJPUR/Dinajpur,1,0.7027
Jute,BD55270069,5269.4,13947.6,1976.9,5749.1,0.0,26943,3,,DINAJPUR/Nawabganj,1,0.6891
Jute,BD55270077,5397.7,24132.8,6002.6,505.3,344.5,36383,1,,DINAJPUR/Parbatipur,1,0.7643
Jute,BD55320021,1011.1,12302.8,3999.5,0.0,5359.6,22673,3,,GAIBANDHA/Phulchhari,1,0.5669
Jute,BD55320024,18171.1,6293.7,1210.3,56.5,1444.3,27176,1,,GAIBANDHA/Gaibandha,1,0.8766
Jute,BD55320030,9609.6,19770.2,6891.3,1440.0,653.9,38365,1,,GAIBANDHA/Gobindaganj,1,0.7601
Jute,BD55320067,6941.6,8003.7,371.7,0.0,295.9,15613,1,,GAIBANDHA/Palashbari,1,0.8666
Jute,BD55320082,9527.5,8148.4,2159.2,0.0,267.9,20103,1,,GAIBANDHA/Sadullapur,1,0.8519
Jute,BD55320088,7794.6,8886.0,665.7,15.5,975.3,18337,1,,GAIBANDHA/Shaghata,1,0.8311
Jute,BD55320091,9925.9,17327.6,4254.0,0.0,1137.5,32645,1,,GAIBANDHA/Sundarganj,1,0.7938
Jute,BD55490006,3475.7,9797.7,6721.6,0.0,0.0,19995,2,,KURIGRAM/Bhurungamari,1,0.7339
Jute,BD55490008,0.0,4998.0,1623.4,0.0,2556.5,9178,3,,KURIGRAM/Rajibpur (Dhushmara),1,0.5241
Jute,BD55490009,3038.8,1712.2,4932.4,0.0,759.7,10443,2,,KURIGRAM/Chilmari,1,0.6583
Jute,BD55490018,6163.2,4407.3,2988.5,0.0,0.0,13559,1,,KURIGRAM/Phulbari,1,0.8248
Jute,BD55490052,6169.5,5913.2,6855.9,0.0,2307.4,21246,2,,KURIGRAM/Kurigram,1,0.6744
Jute,BD55490061,15263.8,10230.3,7219.2,0.0,2185.7,34899,2,,KURIGRAM/Nageshwari,1,0.7753
Jute,BD55490077,2823.6,9120.6,2270.8,14.9,0.0,14230,1,,KURIGRAM/Rajarhat,1,0.7912
Jute,BD55490079,0.0,11936.6,2895.9,0.0,2109.5,16942,1,,KURIGRAM/Ruhumari,1,0.6491
Jute,BD55490094,14706.4,4217.2,3022.2,0.0,5020.2,26966,2,,KURIGRAM/Ulipur,1,0.7265
Jute,BD55520002,6184.3,9455.7,1478.3,0.0,43.7,17162,1,,LALMONIRHAT/Aditmari,1,0.8442
Jute,BD55520033,1549.5,9095.3,8489.9,1016.2,0.0,20151,2,,LALMONIRHAT/Hatibanda,1,0.6587
Jute,BD55520039,5504.6,11943.0,3080.0,682.5,35.9,21246,1,,LALMONIRHAT/Kaliganj,1,0.7877
Jute,BD55520055,7768.6,9769.9,3698.5,0.0,0.0,21237,1,,LALMONIRHAT/Lalmonirhat,1,0.8209
Jute,BD55520070,0.0,19743.6,2424.5,19.9,0.0,22188,1,,LALMONIRHAT/Patgram,1,0.7667
Jute,BD55730012,1123.5,16077.7,8749.5,2136.3,0.0,28087,2,,NILPHAMARI/Dimla,1,0.6689
Jute,BD55730015,8556.0,7150.1,4175.0,979.9,0.0,20861,1,,NILPHAMARI/Domar,1,0.7938
Jute,BD55730036,3940.4,14106.5,7071.2,129.0,0.0,25247,2,,NILPHAMARI/Jaldhaka,1,0.7441
Jute,BD55730045,6778.2,14318.8,2505.2,108.9,0.0,23711,1,,NILPHAMARI/Kishorganj,1,0.8227
Jute,BD55730064,6874.6,19422.5,6411.9,0.0,0.0,32709,1,,NILPHAMARI/Nilphamari,1,0.7832
Jute,BD55730085,7009.3,2872.7,377.6,0.0,16.4,10276,1,,NILPHAMARI/Saidpur,1,0.9241
Jute,BD55770004,4251.4,11299.6,4608.0,0.0,0.0,20159,1,,PANCHAGARH/Atwari,1,0.7736
Jute,BD55770025,3307.0,17794.9,3672.6,1698.5,0.0,26473,1,,PANCHAGARH/Boda,1,0.7449
Jute,BD55770034,6361.8,8110.6,9528.3,50.4,0.0,24051,2,,PANCHAGARH/Debiganj,1,0.7328
Jute,BD55770073,613.8,23015.8,5950.8,1467.7,0.0,31048,1,,PANCHAGARH/Panchagar,1,0.7181
Jute,BD55770090,786.9,5498.9,10368.4,0.0,101.8,16756,2,,PANCHAGARH/Tetulia,1,0.6189
Jute,BD55850003,2681.3,21693.1,702.6,2212.9,0.0,27290,1,,RANGPUR/Badarganj,1,0.7633
Jute,BD55850027,2079.1,13630.5,1783.3,448.1,0.0,17941,1,,RANGPUR/Gangachara,1,0.7784
Jute,BD55850042,321.3,9310.3,2819.6,200.8,0.0,12652,1,,RANGPUR/Kaunia,1,0.7287
Jute,BD55850049,6234.7,20268.6,38.3,222.4,0.0,26764,1,,RANGPUR/Rangpur,1,0.8412
Jute,BD55850058,11964.9,27653.7,227.8,4776.5,0.0,44623,1,,RANGPUR/Mithapukur,1,0.7879
Jute,BD55850073,13642.1,7146.2,1982.0,309.7,0.0,23080,1,,RANGPUR/Pirgachha,1,0.8844
Jute,BD55850076,9982.5,17492.6,4524.8,4338.2,0.0,36338,2,,RANGPUR/Pirganj,1,0.746
Jute,BD55850092,1960.7,9489.4,46.0,0.0,0.0,11496,1,,RANGPUR/Taraganj,1,0.8329
Jute,BD55940008,4050.9,18469.1,3045.0,0.0,0.0,25565,1,,THAKURGAON/Baliadangi,1,0.796
Jute,BD55940051,5583.8,10211.0,1968.6,0.0,303.6,18067,1,,THAKURGAON/Haripur,1,0.8157
Jute,BD55940082,10733.9,9856.9,8095.4,1604.1,359.8,30650,2,,THAKURGAON/Pirganj,1,0.75
Jute,BD55940086,11085.1,6390.0,9876.9,0.0,0.0,27352,2,,THAKURGAON/Ranisonkail,1,0.7727
Jute,BD55940094,8915.0,34640.8,14805.5,1921.7,0.0,60283,2,,THAKURGAON/Thakurgaon,1,0.7368
Jute,BD60360002,0.0,268.3,7.1,0.0,15675.6,15951,4,,HABIGANJ/Ajmiriganj,1,0.0137
Jute,BD60360005,6624.8,12871.5,0.0,0.0,2809.7,22306,1,,HABIGANJ/Bahubal,1,0.7586
Jute,BD60360011,24.6,1599.0,0.0,0.0,41631.4,43255,4,,HABIGANJ/Baniyachang,1,0.0301
Jute,BD60360026,3828.5,14811.0,0.0,0.0,9468.6,28108,3,,HABIGANJ/Chunarughat,1,0.5578
Jute,BD60360044,5898.9,6122.7,0.0,0.0,9943.4,21965,4,,HABIGANJ/Habiganj,1,0.4916
Jute,BD60360068,0.0,1245.8,0.0,0.0,15867.2,17113,4,,HABIGANJ/Lakhai,1,0.0582
Jute,BD60360071,5656.5,17199.2,0.0,0.0,2526.3,25382,1,,HABIGANJ/Madhabpur,1,0.7649
Jute,BD60360077,4704.7,16689.5,0.0,0.0,14790.7,36185,3,,HABIGANJ/Nabiganj,1,0.499
Jute,BD60580014,3593.4,10494.7,9420.0,671.7,15112.3,39292,4,,MOULVI BAZAR/Barlekha,1,0.4284
Jute,BD60580056,2405.9,15370.2,967.9,0.0,11836.0,30580,3,,MOULVI BAZAR/Kamalganj,1,0.4966
Jute,BD60580065,3663.5,27057.4,1843.4,314.0,10821.8,43700,3,,MOULVI BAZAR/Kulaura,1,0.6017
Jute,BD60580074,8504.7,9702.5,580.0,0.0,8391.7,27179,3,,MOULVI BAZAR/Moulvi Bazar,1,0.6092
Jute,BD60580080,5418.5,5704.1,2257.7,0.0,9661.7,23042,4,,MOULVI BAZAR/Rajnagar,1,0.4822
Jute,BD60580083,0.0,13168.1,32.0,1650.0,17781.8,32632,4,,MOULVI BAZAR/Srimangal,1,0.3334
Jute,BD60900018,0.0,7431.7,2959.0,2138.0,5148.3,17677,4,,SUNAMGANJ/Bishambarpur,1,0.4442
Jute,BD60900023,4860.6,18040.3,3279.3,0.0,8848.8,35029,3,,SUNAMGANJ/Chhatak,1,0.5976
Jute,BD60900029,3103.3,3594.6,3692.9,0.0,26890.1,37281,4,,SUNAMGANJ/Dirai,1,0.2099
Jute,BD60900032,720.7,4017.7,7082.7,1018.9,26433.9,39274,4,,SUNAMGANJ/Dharmapasha,1,0.1955
Jute,BD60900033,1234.2,14241.2,5135.5,224.4,9295.6,30131,4,,SUNAMGANJ/Dwarabazar,1,0.5058
Jute,BD60900047,4828.3,11001.3,6739.2,0.0,9562.2,32131,3,,SUNAMGANJ/Jagannathpur,1,0.5291
Jute,BD60900050,6.0,2774.4,2971.7,0.0,22792.9,28545,4,,SUNAMGANJ/Jamalganj,1,0.13
Jute,BD60900086,194.8,584.5,1784.8,0.0,19733.8,22298,4,,SUNAMGANJ/Sulla,1,0.0697
Jute,BD60900089,554.8,20337.3,3740.3,0.0,27626.6,52259,4,,SUNAMGANJ/Sunamganj,1,0.3577
Jute,BD60900092,0.0,2597.5,2524.3,3087.7,14465.5,22675,4,,SUNAMGANJ/Tahirpur,1,0.1745
Jute,BD60910008,8921.3,7464.6,173.9,0.0,14458.2,31018,4,,SYLHET/Balaganj,1,0.4829
Jute,BD60910017,4634.0,5155.6,2895.4,0.0,5362.9,18048,4,,SYLHET/Beani Bazar,1,0.5655
Jute,BD60910020,10283.1,4385.3,998.6,0.0,1099.9,16767,1,,SYLHET/Bishwanath,1,0.8523
Jute,BD60910027,645.2,2449.6,5260.1,0.0,20209.1,28564,4,,SYLHET/Companiganj,1,0.1833
Jute,BD60910035,1230.5,1073.7,1739.9,0.0,4592.8,8637,4,,SYLHET/Fenchuganj,1,0.3426
Jute,BD60910038,2735.2,5842.9,4172.0,0.0,3427.0,16177,3,,SYLHET/Golapganj,1,0.587
Jute,BD60910041,2813.7,9922.3,4592.7,1622.7,25620.7,44572,4,,SYLHET/Gowainghat,1,0.3
Jute,BD60910053,3893.7,5210.8,82.3,0.0,7853.2,17040,3,,SYLHET/Jaintapur,1,0.4756
Jute,BD60910059,8857.1,6308.7,271.7,0.0,14475.5,29913,4,,SYLHET/Kanaighat,1,0.4694
Jute,BD60910062,11436.3,7743.3,6375.2,74.1,11160.0,36789,3,,SYLHET/Sylhet,1,0.5663
Jute,BD60910094,6468.8,5099.2,0.0,0.0,7712.0,19280,3,,SYLHET/Zakiganj,1,0.5471
Lentil,BD10040009,0.0,40.5,13158.6,13961.2,17009.7,44170,4,,BARGUNA/Amtali,1,0.2129
Lentil,BD10040019,0.0,7186.5,15.5,0.0,0.0,7202,1,,BARGUNA/Bamna,1,0.7994
Lentil,BD10040028,0.0,200.8,10891.5,10273.0,3911.6,25277,4,,BARGUNA/Borguna,1,0.3031
Lentil,BD10040047,0.0,8228.9,288.6,0.0,2773.5,11291,1,,BARGUNA/Betagi,1,0.5958
Lentil,BD10040085,0.0,1145.5,5911.4,10668.5,1897.6,19623,4,,BARGUNA/Patharghata,1,0.3061
Lentil,BD10060002,1216.4,0.0,3134.3,0.0,8522.3,12873,4,,BARISAL/Agailjhara,1,0.2162
Lentil,BD10060003,9805.5,1019.5,0.0,0.0,0.0,10825,1,,BARISAL/Babuganj,1,0.9812
Lentil,BD10060007,1397.5,24066.3,2887.0,0.0,3280.3,31631,1,,BARISAL/Bakerganj,1,0.6985
Lentil,BD10060010,2010.3,772.1,196.7,0.0,7138.0,10117,4,,BARISAL/Banaripara,1,0.2695
Lentil,BD10060032,7387.7,0.0,889.7,13.2,2181.4,10472,1,,BARISAL/Gaurnadi,1,0.7482
Lentil,BD10060036,17513.2,0.0,0.0,0.0,2140.8,19654,1,,BARISAL/Hizla,1,0.8911
Lentil,BD10060051,13106.8,6028.1,0.0,0.0,86.1,19221,1,,BARISAL/Barisal,1,0.9328
Lentil,BD10060062,24638.0,0.0,0.0,0.0,971.0,25609,1,,BARISAL/Mehendiganj,1,0.9621
Lentil,BD10060069,18300.4,0.0,347.7,63.2,73.7,18785,1,,BARISAL/Muladi,1,0.9841
Lentil,BD10060094,3354.4,1004.9,4026.7,0.0,11146.0,19532,4,,BARISAL/Ujirpur,1,0.316
Lentil,BD10090018,11515.9,0.0,14.7,0.0,11942.4,23473,4,,BHOLA/Bhola,1,0.4909
Lentil,BD10090021,3046.3,0.0,1634.6,0.0,13955.0,18636,4,,BHOLA/Burhanuddin,1,0.2073
Lentil,BD10090025,676.7,0.0,12400.9,1467.7,30136.6,44682,4,,BHOLA/Char Fasson,1,0.1605
Lentil,BD10090029,3355.9,0.0,616.1,150.0,4280.0,8402,4,,BHOLA/Daulatkhan,1,0.4397
Lentil,BD10090054,10322.4,0.0,436.0,0.0,10800.6,21559,4,,BHOLA/Lalmohan,1,0.4889
Lentil,BD10090065,0.0,0.0,135.5,6928.3,8334.2,15398,4,,BHOLA/Monpura,1,0.0944
Lentil,BD10090091,7658.7,0.0,31.9,0.0,2494.4,10185,1,,BHOLA/Tajumuddin,1,0.7535
Lentil,BD10420040,2348.0,9802.4,0.0,0.0,3586.6,15737,1,,JHALAKATI/Jhalakati,1,0.6475
Lentil,BD10420043,0.0,4935.5,0.0,0.0,7004.5,11940,4,,JHALAKATI/Kathalia,1,0.3307
Lentil,BD10420073,680.9,14576.1,0.0,0.0,0.0,15257,1,,JHALAKATI/Nalchiti,1,0.8089
Lentil,BD10420084,1532.7,8624.0,0.0,0.0,2281.4,12438,1,,JHALAKATI/Rajapur,1,0.6779
Lentil,BD10780038,1005.1,32591.8,1388.8,0.0,1087.3,36073,1,,PATUAKHALI/Bauphal,1,0.7699
Lentil,BD10780052,367.7,11321.8,367.7,581.5,4224.3,16863,3,,PATUAKHALI/Dashmina,1,0.5767
Lentil,BD10780057,0.0,22060.7,4876.4,5119.7,27695.2,59752,4,,PATUAKHALI/Galachipa,1,0.3533
Lentil,BD10780066,0.0,0.0,0.0,15395.8,19870.2,35266,4,,PATUAKHALI/Kalapara,1,0.0873
Lentil,BD10780076,0.0,5862.5,2445.0,0.0,3691.5,11999,3,,PATUAKHALI/Mirzaganj,1,0.4928
Lentil,BD10780095,0.0,21550.0,7583.3,0.0,1076.7,30210,1,,PATUAKHALI/Patuakhali,1,0.6962
Lentil,BD10790014,85.7,6614.7,1221.5,0.0,2493.0,10415,3,,PIROJPUR/Bhandaria,1,0.575
Lentil,BD10790047,668.4,12.5,0.0,0.0,4135.1,4816,4,,PIROJPUR/Kawkhali,1,0.1409
Lentil,BD10790058,33.6,2439.2,18048.9,0.0,2365.3,22887,2,,PIROJPUR/Mathbaria,1,0.481
Lentil,BD10790076,1865.6,890.4,49.5,0.0,13864.6,16670,4,,PIROJPUR/Nazirpur,1,0.1561
Lentil,BD10790080,2866.2,2031.7,2893.4,0.0,12507.7,20299,4,,PIROJPUR/Pirojpur,1,0.2925
Lentil,BD10790087,48.9,630.1,0.0,0.0,10876.0,11555,4,,PIROJPUR/Sarupkati,1,0.0479
Lentil,BD20030004,287.0,0.0,0.0,0.0,23177.0,23464,4,,BANDARBAN/Alikadam,1,0.0122
Lentil,BD20030014,101.8,0.0,0.0,0.0,15244.2,15346,4,,BANDARBAN/Bandarban,1,0.0066
Lentil,BD20030051,543.1,64.1,0.0,0.0,15856.8,16464,4,,BANDARBAN/Lama,1,0.0361
Lentil,BD20030073,139.4,14.3,4.8,0.0,8092.5,8251,4,,BANDARBAN/Naikhongchhari,1,0.0186
Lentil,BD20030089,40.3,0.0,0.0,0.0,10233.7,10274,4,,BANDARBAN/Rowangchhari,1,0.0039
Lentil,BD20030091,0.0,0.0,0.0,0.0,7396.0,7396,4,,BANDARBAN/Ruma,1,0.0
Lentil,BD20030095,71.4,0.0,0.0,0.0,5526.6,5598,4,,BANDARBAN/Thanchi,1,0.0128
Lentil,BD20120002,645.4,1851.4,0.0,1650.4,4612.8,8760,4,,BRAHMANBARIA/Akhaura,1,0.2804
Lentil,BD20120004,1444.4,1444.4,2283.8,415.9,8976.5,14565,4,,BRAHMANBARIA/Banchharampur,1,0.2626
Lentil,BD20120013,356.5,2658.5,1418.4,1457.1,37195.5,43086,4,,BRAHMANBARIA/Brahmanbaria,1,0.0809
Lentil,BD20120063,1207.4,407.5,75.5,30.2,15794.4,17515,4,,BRAHMANBARIA/Kasba,1,0.09
Lentil,BD20120085,1033.8,16.2,395.8,702.7,26960.6,29109,4,,BRAHMANBARIA/Nabinagar,1,0.0476
Lentil,BD20120090,15.7,0.0,1275.3,0.0,24530.0,25821,4,,BRAHMANBARIA/Nasirnagar,1,0.0253
Lentil,BD20120094,281.2,0.0,1124.6,0.0,17098.2,18504,4,,BRAHMANBARIA/Sarail,1,0.0456
Lentil,BD20130022,490.0,0.0,990.9,21.8,10998.3,12501,4,,CHANDPUR/Chandpur,1,0.0792
Lentil,BD20130045,5574.7,761.0,0.0,1727.4,7579.9,15643,4,,CHANDPUR/Faridganj,1,0.4174
Lentil,BD20130047,2438.4,0.0,3639.7,0.0,520.0,6598,2,,CHANDPUR/Haimchar,1,0.6454
Lentil,BD20130049,0.0,0.0,0.0,3314.9,10157.1,13472,4,,CHANDPUR/Hajiganj,1,0.0492
Lentil,BD20130058,168.4,0.0,0.0,2175.3,15449.3,17793,4,,CHANDPUR/Kachua,1,0.0339
Lentil,BD20130076,527.3,0.0,3361.4,2860.4,19864.9,26614,4,Matlab,CHANDPUR/Matlab,1,0.1045
Lentil,BD20130079,527.3,0.0,3361.4,2860.4,19864.9,26614,4,Matlab,CHANDPUR/Matlab,1,0.1045
Lentil,BD20130095,0.0,0.0,882.5,4016.3,6918.2,11817,4,,CHANDPUR/Shahrasti,1,0.1053
Lentil,BD20150004,709.7,6147.0,64.5,1137.9,1401.8,9461,3,,CHITTAGONG/Anwara,1,0.6223
Lentil,BD20150008,2757.8,9883.1,319.2,1059.6,12009.2,26029,4,,CHITTAGONG/Banskhali,1,0.424
Lentil,BD20150012,4732.2,2081.9,0.0,0.0,178.8,6993,1,,CHITTAGONG/Boalkhali,1,0.9149
Lentil,BD20150018,3305.3,780.1,1090.1,110.0,6080.5,11366,4,,CHITTAGONG/Chandanais,1,0.3956
Lentil,BD20150033,4408.7,1848.1,6055.9,322.7,11012.6,23648,4,,CHITTAGONG/Fatikchhari,1,0.3797
Lentil,BD20150037,1810.6,3978.1,377.9,1553.5,4796.9,12517,4,,CHITTAGONG/Hathazari,1,0.4388
Lentil,BD20150047,5.4,638.9,85.9,0.0,11778.9,12509,4,,CHITTAGONG/Lohagora,1,0.0447
Lentil,BD20150053,6240.6,5581.2,1572.0,116.1,9200.1,22710,4,,CHITTAGONG/Mirsharai,1,0.507
Lentil,BD20150061,3268.4,4317.5,85.6,178.4,4139.1,11989,3,,CHITTAGONG/Patia,1,0.5673
Lentil,BD20150070,3636.9,4462.4,2956.4,658.2,7837.1,19551,4,,CHITTAGONG/Rangunia,1,0.451
Lentil,BD20150074,3815.5,5025.9,1338.8,1517.3,2186.6,13884,3,,CHITTAGONG/Rauzan,1,0.6345
Lentil,BD20150078,650.0,38.8,291.0,630.6,25776.6,27387,4,,CHITTAGONG/Sandwip,1,0.0348
Lentil,BD20150082,4197.5,3630.2,1389.5,445.8,6774.0,16437,4,,CHITTAGONG/Satkania,1,0.4797
Lentil,BD20150086,1903.8,3206.6,225.9,169.4,3771.3,9277,3,,CHITTAGONG/Sitakunda,1,0.4976
Lentil,BD20151600,0.0,0.0,0.0,0.0,0.0,0,4,,CHITTAGONG/Patenga; CHITTAGONG/Double Mooring; CHITTAGONG/Panchlais,3,
Lentil,BD20190009,344.2,40.5,0.0,566.9,17579.5,18531,4,,COMILLA/Barura,1,0.0264
Lentil,BD20190015,122.9,706.6,499.2,1267.3,7911.0,10507,4,,COMILLA/Brahmanpara,1,0.1134
Lentil,BD20190018,1567.9,4438.8,0.0,587.1,6207.2,12801,4,,COMILLA/Burichang,1,0.4091
Lentil,BD20190027,0.0,375.2,0.0,3418.6,11798.2,15592,4,,COMILLA/Chandina,1,0.0631
Lentil,BD20190031,1496.4,2684.3,1103.0,1087.6,15550.6,21922,4,,COMILLA/Chauddagram,1,0.2013
Lentil,BD20190036,20.2,0.0,30.3,0.0,39591.5,39642,4,,COMILLA/Daudkandi,1,0.0009
Lentil,BD20190040,905.7,0.0,0.0,1383.5,16473.8,18763,4,,COMILLA/Debiduar,1,0.063
Lentil,BD20190054,49.9,16.6,49.9,0.0,13634.5,13751,4,,COMILLA/Homna,1,0.0064
Lentil,BD20190067,1690.6,10950.7,23.1,883.7,7023.8,20572,3,,COMILLA/Comilla,1,0.5172
Lentil,BD20190072,48.3,158.6,110.3,496.4,32585.4,33399,4,,COMILLA/Laksham,1,0.0099
Lentil,BD20190081,530.3,0.0,14.9,1097.9,27418.8,29062,4,,COMILLA/Muradnagar,1,0.0261
Lentil,BD20190087,0.0,0.0,2336.0,795.9,16138.2,19270,4,,COMILLA/Nangalkot,1,0.0689
Lentil,BD20220016,4303.5,2169.6,945.1,1034.3,28923.6,37376,4,,COX'S BAZAR/Chakaria,1,0.1798
Lentil,BD20220024,2099.6,1120.8,134.2,726.2,12187.2,16268,4,,COX'S BAZAR/Cox's Bazar,1,0.1972
Lentil,BD20220045,0.0,950.8,0.0,4821.9,737.3,6510,4,,COX'S BAZAR/Kutubdia,1,0.265
Lentil,BD20220049,303.0,269.4,319.9,2901.4,12329.4,16123,4,,COX'S BAZAR/Moheshkhali,1,0.0781
Lentil,BD20220066,2275.6,481.2,513.7,195.4,11588.1,15054,4,,COX'S BAZAR/Ramu,1,0.1964
Lentil,BD20220090,32.5,101.6,162.5,650.2,12113.2,13060,4,,COX'S BAZAR/Teknaf,1,0.0249
Lentil,BD20220094,301.4,369.7,90.1,0.0,7493.8,8255,4,,COX'S BAZAR/Ukhia,1,0.0778
Lentil,BD20300014,4653.1,5693.9,0.0,89.1,157.9,10594,1,,FENI/Chhagalnaiya,1,0.8709
Lentil,BD20300025,6763.1,0.0,235.4,0.0,5366.5,12365,3,,FENI/Daganbhuiya,1,0.5565
Lentil,BD20300029,4255.1,170.5,609.7,39.3,10516.4,15591,4,,FENI/Feni,1,0.3017
Lentil,BD20300051,7906.2,9022.8,0.0,0.0,0.0,16929,1,,FENI/Parshuram,1,0.8934
Lentil,BD20300094,1412.5,0.0,1797.7,9.9,13700.0,16920,4,,FENI/Sonagazi,1,0.1367
Lentil,BD20460043,1092.5,0.0,0.0,0.0,14493.5,15586,4,,KHAGRACHHARI/Dighinala,1,0.0701
Lentil,BD20460049,781.1,0.0,0.0,0.0,7788.9,8570,4,,KHAGRACHHARI/Khagrachhari,1,0.0911
Lentil,BD20460061,193.4,0.0,7.4,0.0,4399.1,4600,4,,KHAGRACHHARI/Laksmichhari,1,0.0429
Lentil,BD20460065,549.8,0.0,0.0,0.0,7942.2,8492,4,,KHAGRACHHARI/Mohalchhari,1,0.0647
Lentil,BD20460067,547.4,0.0,44.9,0.0,6267.8,6860,4,,KHAGRACHHARI/Manikchhari,1,0.0831
Lentil,BD20460070,550.9,0.0,0.0,0.0,18104.1,18655,4,,KHAGRACHHARI/Matiranga,1,0.0295
Lentil,BD20460077,610.5,0.0,0.0,0.0,9269.5,9880,4,,KHAGRACHHARI/Panchhari,1,0.0618
Lentil,BD20460080,139.7,0.0,20.4,0.0,9571.9,9732,4,,KHAGRACHHARI/Ramgarh,1,0.0154
Lentil,BD20510043,4745.8,53.2,11288.2,17.7,16820.1,32925,4,,LAKSHMIPUR/Laksmipur,1,0.317
Lentil,BD20510058,4832.9,0.0,629.9,63.0,5033.3,10559,4,,LAKSHMIPUR/Raipur,1,0.4887
Lentil,BD20510065,961.3,872.6,497.7,4956.3,5188.1,12476,4,,LAKSHMIPUR/Ramganj,1,0.2324
Lentil,BD20510073,0.0,357.5,1161.7,2785.2,32372.6,36677,4,,LAKSHMIPUR/Ramgati,1,0.0388
Lentil,BD20750007,1047.5,0.0,3220.6,13.0,26304.9,30586,4,,NOAKHALI/Begumganj,1,0.087
Lentil,BD20750010,87.2,0.0,1039.9,1208.1,6656.8,8992,4,,NOAKHALI/Chatkhil,1,0.0944
Lentil,BD20750021,5998.3,0.0,1015.1,711.9,19563.7,27289,4,,NOAKHALI/Companiganj,1,0.2436
Lentil,BD20750036,58.4,655.3,32.4,2439.7,33091.2,36277,4,,NOAKHALI/Hatiya,1,0.03
Lentil,BD20750080,3327.4,0.0,172.9,726.4,8135.3,12362,4,,NOAKHALI/Senbag,1,0.2879
Lentil,BD20750087,486.0,1155.1,2669.3,4634.4,58993.2,67938,4,,NOAKHALI/Noakhali,1,0.054
Lentil,BD20840007,477.4,0.0,0.0,0.0,16647.6,17125,4,,RANGAMATI/Baghaichhari,1,0.0279
Lentil,BD20840021,108.3,0.0,0.0,0.0,10204.7,10313,4,,RANGAMATI/Barkal,1,0.0105
Lentil,BD20840025,131.5,0.0,5.1,0.0,12684.4,12821,4,,RANGAMATI/Kawkhali (Betbunia),1,0.0105
Lentil,BD20840029,74.1,0.0,0.0,0.0,5662.9,5737,4,,RANGAMATI/Belaichhari,1,0.0129
Lentil,BD20840036,121.6,5.5,0.0,0.0,5961.9,6089,4,,RANGAMATI/Kaptai,1,0.0207
Lentil,BD20840047,111.1,0.0,0.0,0.0,11958.9,12070,4,,RANGAMATI/Juraichhari,1,0.0092
Lentil,BD20840058,537.4,0.0,0.0,0.0,13088.6,13626,4,,RANGAMATI/Langadu,1,0.0394
Lentil,BD20840075,382.9,0.0,0.0,0.0,10050.1,10433,4,,RANGAMATI/Nannerchar,1,0.0367
Lentil,BD20840078,27.0,0.0,9.8,0.0,3583.1,3620,4,,RANGAMATI/Rajasthali,1,0.0088
Lentil,BD20840087,185.8,0.0,0.0,0.0,8360.2,8546,4,,RANGAMATI/Rangamati,1,0.0217
Lentil,BD30260014,6423.3,9206.0,96.2,3985.5,6671.9,26383,3,,DHAKA/Dhamrai,1,0.5547
Lentil,BD30260018,5105.6,157.1,1688.8,212.1,1704.5,8868,3,,DHAKA/Dohar,1,0.6899
Lentil,BD30260038,2686.7,1144.9,374.0,2305.1,6709.2,13220,4,,DHAKA/Keraniganj,1,0.3215
Lentil,BD30260062,2063.7,2169.4,640.2,3313.1,11331.6,19518,4,,DHAKA/Nawabganj,1,0.245
Lentil,BD30260072,4728.1,2948.2,2208.1,819.6,12704.1,23408,4,,DHAKA/Savar,1,0.3569
Lentil,BD30262000,0.0,0.0,0.0,0.0,0.0,0,4,Dhaka Metro,DHAKA/Dhaka Metro,1,
Lentil,BD30262500,0.0,0.0,0.0,0.0,0.0,0,4,Dhaka Metro,DHAKA/Dhaka Metro,1,
Lentil,BD30290003,3749.5,950.0,333.5,4952.1,555.9,10541,4,,FARIDPUR/Alfadanga,1,0.5376
Lentil,BD30290010,5570.0,594.3,358.1,8488.4,2141.1,17152,4,,FARIDPUR/Bhanga,1,0.4619
Lentil,BD30290018,14349.2,1891.9,163.2,5379.4,1003.4,22787,3,,FARIDPUR/Boalmari,1,0.7469
Lentil,BD30290021,7000.3,0.0,958.7,0.0,0.0,7959,1,,FARIDPUR/Char Bhadrasan,1,0.9398
Lentil,BD30290047,25838.9,2563.8,368.6,2170.0,192.7,31134,1,,FARIDPUR/Faridpur,1,0.9157
Lentil,BD30290056,13496.6,178.0,7.7,2522.9,1578.7,17784,1,,FARIDPUR/Madhukhali,1,0.7955
Lentil,BD30290062,10585.4,1775.3,58.9,18658.9,1296.5,32375,4,,FARIDPUR/Nagarkanda,1,0.487
Lentil,BD30290084,15922.8,175.8,4143.1,909.7,137.6,21289,1,,FARIDPUR/Sadarpur,1,0.8604
Lentil,BD30330030,5850.0,7170.0,4540.0,3970.0,15510.0,37040,4,,GAZIPUR/Gazipur,1,0.3955
Lentil,BD30330032,6422.7,2261.1,1818.7,3539.1,13443.5,27485,4,,GAZIPUR/Kaliakoir,1,0.3583
Lentil,BD30330034,492.7,2446.3,552.1,764.5,14482.5,18738,4,,GAZIPUR/Kaliganj,1,0.1536
Lentil,BD30330036,6679.2,3180.6,1777.9,1892.0,17925.4,31455,4,,GAZIPUR/Kapasia,1,0.3335
Lentil,BD30330086,5546.0,10287.5,1786.6,5673.0,20355.0,43648,4,,GAZIPUR/Sripur,1,0.3621
Lentil,BD30350032,8180.9,0.0,6840.0,2761.6,14781.5,32564,4,,GOPALGANJ/Gopalganj,1,0.3732
Lentil,BD30350043,8797.7,0.0,4491.1,1667.3,7988.9,22945,4,,GOPALGANJ/Kasiani,1,0.4958
Lentil,BD30350051,24.2,185.6,1371.7,0.0,30880.5,32462,4,,GOPALGANJ/Kotalipara,1,0.0264
Lentil,BD30350058,4023.9,0.0,3123.9,6026.0,11178.2,24352,4,,GOPALGANJ/Muksudpur,1,0.2789
Lentil,BD30350091,2498.0,297.8,1653.2,1470.9,4923.1,10843,4,,GOPALGANJ/Tungipara,1,0.3557
Lentil,BD30480002,0.0,0.0,1555.0,0.0,23949.0,25504,4,,KISHOREGANJ/Ashtagram,1,0.0305
Lentil,BD30480006,902.7,2134.2,1912.4,742.0,8957.7,14649,4,,KISHOREGANJ/Bajitpur,1,0.2536
Lentil,BD30480011,1720.3,0.0,3840.3,0.0,1747.4,7308,2,,KISHOREGANJ/Bhairab,1,0.4981
Lentil,BD30480027,2678.7,1256.8,761.2,14.4,4545.9,9257,4,,KISHOREGANJ/Hossainpur,1,0.4394
Lentil,BD30480033,82.1,255.4,2143.5,930.4,33875.7,37287,4,,KISHOREGANJ/Itna,1,0.0414
Lentil,BD30480042,2148.1,3625.4,1484.8,2396.8,6579.9,16235,4,,KISHOREGANJ/Karimganj,1,0.3862
Lentil,BD30480045,2124.1,3268.4,3247.0,2109.8,6579.7,17329,4,,KISHOREGANJ/Katiadi,1,0.3915
Lentil,BD30480049,1289.9,4060.5,980.6,671.3,5534.7,12537,4,,KISHOREGANJ/Kishoreganj,1,0.4118
Lentil,BD30480054,547.5,524.7,1619.7,0.0,5376.1,8068,4,,KISHOREGANJ/Kuliarchar,1,0.2203
Lentil,BD30480059,0.0,125.9,1426.9,889.7,16636.4,19079,4,,KISHOREGANJ/Mithamoin,1,0.052
Lentil,BD30480076,8.2,814.9,1259.4,1769.7,12692.7,16545,4,,KISHOREGANJ/Nikli,1,0.0994
Lentil,BD30480079,3968.4,3007.5,1288.9,1070.2,5608.9,14944,4,,KISHOREGANJ/Pakundia,1,0.484
Lentil,BD30480092,415.1,2075.3,1524.6,4198.5,4166.6,12380,4,,KISHOREGANJ/Tarail,1,0.297
Lentil,BD30540040,7545.3,201.2,4419.4,3528.3,6675.8,22370,4,,MADARIPUR/Kalkini,1,0.4748
Lentil,BD30540054,8132.8,364.6,3058.2,4910.9,6153.5,22620,4,,MADARIPUR/Madaripur,1,0.4835
Lentil,BD30540080,3200.2,825.4,1144.6,4913.2,9740.7,19824,4,,MADARIPUR/Rajoir,1,0.2732
Lentil,BD30540087,11313.8,59.2,9833.9,259.0,799.1,22265,2,,MADARIPUR/Sibchar,1,0.7334
Lentil,BD30560010,9265.7,1137.6,1702.0,2318.6,3048.0,17472,3,,MANIKGANJ/Daulatpur,1,0.6577
Lentil,BD30560022,1011.9,643.3,5832.6,1011.9,3093.4,11593,4,,MANIKGANJ/Ghior,1,0.4007
Lentil,BD30560028,2475.4,45.0,3725.6,1785.3,4815.7,12847,4,,MANIKGANJ/Harirampur,1,0.3683
Lentil,BD30560046,8008.7,4050.1,1264.1,1813.0,2761.1,17897,3,,MANIKGANJ/Manikganj,1,0.6841
Lentil,BD30560070,6907.6,1928.4,719.5,906.6,1064.9,11527,3,,MANIKGANJ/Saturia,1,0.78
Lentil,BD30560078,2550.4,6.6,8773.8,345.4,1487.8,13164,2,,MANIKGANJ/Sibalay,1,0.5326
Lentil,BD30560082,6362.5,4625.2,0.0,2880.6,3496.8,17365,3,,MANIKGANJ/Singair,1,0.6127
Lentil,BD30590024,704.6,0.0,2607.8,0.0,5944.6,9257,4,,MUNSHIGANJ/Gozaria,1,0.217
Lentil,BD30590044,1042.3,142.9,1399.7,178.7,4675.4,7439,4,,MUNSHIGANJ/Lohajang,1,0.2544
Lentil,BD30590056,5377.8,1227.0,982.8,738.6,1861.8,10188,3,,MUNSHIGANJ/Munshiganj,1,0.6869
Lentil,BD30590074,5026.0,0.0,2091.4,1512.7,6513.9,15144,4,,MUNSHIGANJ/Serajdikhan,1,0.4209
Lentil,BD30590084,2026.0,28.5,877.4,1048.7,10907.4,14888,4,,MUNSHIGANJ/Srinagar,1,0.1812
Lentil,BD30590094,1584.0,221.3,712.4,0.0,5727.2,8245,4,,MUNSHIGANJ/Tongibari,1,0.2568
Lentil,BD30670002,2667.3,0.0,1102.3,176.9,8886.5,12833,4,,NARAYANGANJ/Araihazar,1,0.2536
Lentil,BD30670004,2771.0,0.0,1987.5,0.0,8865.5,13624,4,,NARAYANGANJ/Sonargaon,1,0.2763
Lentil,BD30670006,0.0,0.0,0.0,0.0,0.0,0,4,,NARAYANGANJ/Bandar,1,
Lentil,BD30670058,0.0,0.0,0.0,0.0,0.0,0,4,,NARAYANGANJ/Narayanganj,1,
Lentil,BD30670068,870.2,1034.1,5.7,1101.9,12183.1,15195,4,,NARAYANGANJ/Rupganj,1,0.1264
Lentil,BD30680007,3910.0,184.1,596.4,0.0,4528.5,9219,4,,NARSINGDI/Belabo,1,0.4724
Lentil,BD30680052,6324.1,689.1,739.4,179.5,7207.0,15139,4,,NARSINGDI/Manohardi,1,0.4809
Lentil,BD30680060,5617.9,0.0,1869.8,350.6,8856.7,16695,4,,NARSINGDI/Narsingdi,1,0.3967
Lentil,BD30680063,1852.0,1136.2,0.0,466.3,2968.5,6423,4,,NARSINGDI/Palas,1,0.4444
Lentil,BD30680064,7748.2,61.6,4043.6,0.0,11976.6,23830,4,,NARSINGDI/Raipura,1,0.4121
Lentil,BD30680076,7996.0,91.7,484.6,766.2,6915.5,16254,4,,NARSINGDI/Sibpur,1,0.5208
Lentil,BD30820007,9630.8,2144.8,0.0,4468.3,2344.1,18588,3,,RAJBARI/Baliakandi,1,0.6585
Lentil,BD30820029,9129.1,0.0,1053.0,17.8,0.0,10200,1,,RAJBARI/Goalanda,1,0.947
Lentil,BD30820073,26021.9,1926.2,512.2,4083.3,721.4,33265,1,,RAJBARI/Pangsha,1,0.8608
Lentil,BD30820076,16513.1,1457.7,94.0,3424.9,760.2,22250,1,,RAJBARI/Rajbari,1,0.8275
Lentil,BD30860014,3842.4,0.0,8229.5,0.0,5166.1,17238,3,,SHARIATPUR/Bhedarganj,1,0.4616
Lentil,BD30860025,1908.2,0.0,993.5,1671.6,2838.6,7412,4,,SHARIATPUR/Damudya,1,0.3696
Lentil,BD30860036,5651.6,0.0,2970.6,1790.9,3110.0,13523,3,,SHARIATPUR/Goshairhat,1,0.5542
Lentil,BD30860065,3097.1,0.0,5370.0,0.0,7011.9,15479,4,,SHARIATPUR/Naria,1,0.3735
Lentil,BD30860069,5361.0,0.0,1960.8,1796.4,2079.8,11198,4,,SHARIATPUR/Palong (Sadar),1,0.5984
Lentil,BD30860094,9804.6,0.0,6182.6,7.2,1025.6,17020,2,,SHARIATPUR/Janjira,1,0.7578
Lentil,BD30930009,492.0,0.0,3697.3,5657.7,3250.0,13097,4,,TANGAIL/Basail,1,0.2651
Lentil,BD30930019,10412.9,420.9,3850.5,34.5,2208.2,16927,2,,TANGAIL/Bhuapur,1,0.7492
Lentil,BD30930023,4032.2,832.5,4553.4,0.0,4596.9,14015,4,,TANGAIL/Delduar,1,0.4977
Lentil,BD30930028,7158.6,4862.0,2606.1,3656.7,22656.7,40940,4,,TANGAIL/Ghatail,1,0.3196
Lentil,BD30930038,1631.7,1666.1,3882.9,1136.0,8750.4,17067,4,,TANGAIL/Gopalpur,1,0.3008
Lentil,BD30930047,9618.6,585.2,2327.2,2602.6,7656.3,22790,4,,TANGAIL/Kalihati,1,0.5165
Lentil,BD30930057,8105.7,3279.6,381.0,963.7,30047.0,42777,4,,TANGAIL/Madhupur,1,0.2598
Lentil,BD30930066,29.9,1247.4,11383.6,321.2,17433.9,30416,4,,TANGAIL/Mirzapur,1,0.223
Lentil,BD30930076,8542.5,3088.3,5092.9,297.5,2436.7,19458,2,,TANGAIL/Nagarpur,1,0.6999
Lentil,BD30930085,602.0,710.7,0.0,2132.2,37485.0,40930,4,,TANGAIL/Shakhipur,1,0.039
Lentil,BD30930095,12251.0,1042.5,4721.9,0.0,5021.7,23037,2,,TANGAIL/Tangail,1,0.6705
Lentil,BD40010008,0.0,5705.8,6487.4,2904.0,2320.8,17418,3,,BAGERHAT/Bagerhat,1,0.4816
Lentil,BD40010014,1979.4,310.5,5550.1,349.3,6122.6,14312,4,,BAGERHAT/Chitalmari,1,0.3544
Lentil,BD40010034,0.0,5213.3,2470.3,406.2,1986.3,10076,2,,BAGERHAT/Fakirhat,1,0.5446
Lentil,BD40010038,0.0,1657.6,6351.8,185.8,335.8,8531,2,,BAGERHAT/Kachua,1,0.5321
Lentil,BD40010056,3569.4,1208.6,203.8,0.0,10947.2,15929,4,,BAGERHAT/Mollahat,1,0.2912
Lentil,BD40010058,0.0,0.0,0.0,1471.6,12951.4,14423,4,,BAGERHAT/Mongla,1,0.0204
Lentil,BD40010060,87.8,7166.5,4533.9,15919.9,5469.9,33178,4,,BAGERHAT/Morelganj,1,0.3397
Lentil,BD40010073,0.0,1394.2,5900.3,8006.0,9141.5,24442,4,,BAGERHAT/Rampal,1,0.2318
Lentil,BD40010077,0.0,2367.0,57.7,5751.6,1789.7,9966,4,,BAGERHAT/Sarankhola,1,0.3083
Lentil,BD40180007,21331.7,4289.6,50.9,0.0,1955.8,27628,1,,CHUADANGA/Alamdanga,1,0.8972
Lentil,BD40180023,13943.7,7154.1,0.0,0.0,2030.2,23128,1,,CHUADANGA/Chuadanga,1,0.8504
Lentil,BD40180031,13416.5,8786.8,0.0,0.0,3780.7,25984,1,,CHUADANGA/Damurhuda,1,0.7869
Lentil,BD40180055,11082.0,2656.1,0.0,0.0,2160.9,15899,1,,CHUADANGA/Jibannagar,1,0.8307
Lentil,BD40410004,4577.4,4623.4,493.3,0.0,7069.9,16764,4,,JESSORE/Abhoynagar,1,0.5084
Lentil,BD40410009,13590.3,2279.6,0.0,0.0,3004.1,18874,1,,JESSORE/Bagherpara,1,0.8167
Lentil,BD40410011,13682.8,5517.3,0.0,0.0,3383.9,22584,1,,JESSORE/Chaugachha,1,0.8013
Lentil,BD40410023,19657.5,1958.5,0.0,259.2,2505.8,24381,1,,JESSORE/Jhikorgachha,1,0.8727
Lentil,BD40410038,7945.8,5943.3,898.6,147.6,3863.8,18799,1,,JESSORE/Keshabpur,1,0.7011
Lentil,BD40410047,24635.1,3154.8,0.0,0.0,3772.1,31562,1,,JESSORE/Jessore,1,0.8605
Lentil,BD40410061,20729.5,4232.2,128.0,0.0,7406.3,32496,1,,JESSORE/Manirampur,1,0.7441
Lentil,BD40410090,17430.7,3920.4,0.0,0.0,6547.9,27899,1,,JESSORE/Sarsa,1,0.7372
Lentil,BD40440014,14241.2,3598.2,0.0,0.0,50.6,17890,1,,JHENAIDAH/Harinakundu,1,0.9569
Lentil,BD40440019,26033.8,4472.4,0.0,0.0,5549.8,36056,1,,JHENAIDAH/Jhenaidah,1,0.8213
Lentil,BD40440033,19370.4,3827.4,0.0,0.0,2260.3,25458,1,,JHENAIDAH/Kaliganj,1,0.8811
Lentil,BD40440042,8832.5,1902.3,0.0,0.0,1156.2,11891,1,,JHENAIDAH/Kotchandpur,1,0.8708
Lentil,BD40440071,19163.5,7592.2,0.0,0.0,7178.3,33934,1,,JHENAIDAH/Maheshpur,1,0.7437
Lentil,BD40440080,20592.2,5220.0,0.0,900.8,3352.0,30065,1,,JHENAIDAH/Sailkupa,1,0.8298
Lentil,BD40470012,81.5,2932.5,9086.2,2865.8,2925.1,17891,3,,KHULNA/Batiaghata,1,0.4216
Lentil,BD40470017,0.0,70.7,1045.5,298.7,21130.0,22545,4,,KHULNA/Dacope,1,0.0283
Lentil,BD40470030,3882.5,7611.5,3648.6,3663.2,17760.2,36566,4,,KHULNA/Dumuria,1,0.3426
Lentil,BD40470040,1982.6,562.9,33.6,0.0,1823.0,4402,3,,KHULNA/Dighalia (Daulathpur),1,0.5565
Lentil,BD40470053,0.0,0.0,74.3,16.5,21054.1,21145,4,,KHULNA/Koyra,1,0.0019
Lentil,BD40470064,3974.7,1090.1,729.5,134.2,26179.5,32108,4,,KHULNA/Paikgachha,1,0.1631
Lentil,BD40470069,2268.4,1202.9,144.4,0.0,1182.3,4798,3,,KHULNA/Phultala,1,0.6884
Lentil,BD40470075,1479.5,998.8,1067.5,237.2,1648.0,5431,4,,KHULNA/Rupsha,1,0.5266
Lentil,BD40470094,1562.2,1826.0,111.1,76.4,12421.3,15997,4,,KHULNA/Terakhada,1,0.1934
Lentil,BD40473300,400.0,1680.0,40.0,0.0,0.0,2120,1,,KHULNA/Khulna Metro,1,0.8321
Lentil,BD40500015,8815.0,72.1,911.0,0.0,235.9,10034,1,,KUSHTIA/Bheramara,1,0.9297
Lentil,BD40500039,21111.2,4001.5,4284.3,0.0,2456.1,31853,1,,KUSHTIA/Daulatpur,1,0.8305
Lentil,BD40500063,5100.6,0.0,624.7,1220.0,580.6,7526,3,,KUSHTIA/Khoksha,1,0.7517
Lentil,BD40500071,11836.6,0.0,2251.6,1226.7,1184.2,16499,1,,KUSHTIA/Kumarkhali,1,0.8005
Lentil,BD40500079,12282.1,4411.3,611.3,125.0,5863.2,23293,3,,KUSHTIA/Kushtia,1,0.693
Lentil,BD40500094,16020.7,5812.4,601.8,0.0,3750.1,26185,1,,KUSHTIA/Mirpur,1,0.8009
Lentil,BD40550057,19691.4,4651.3,614.2,134.8,7400.2,32492,1,,MAGURA/Magura,1,0.7308
Lentil,BD40550066,9292.9,0.0,1248.8,6082.6,1160.7,17785,3,,MAGURA/Mohammadpur,1,0.626
Lentil,BD40550085,13652.0,710.2,0.0,0.0,4434.8,18797,1,,MAGURA/Salikha,1,0.7565
Lentil,BD40550095,8703.7,1813.6,302.3,604.5,2163.9,13588,1,,MAGURA/Sripur,1,0.7673
Lentil,BD40570047,17900.2,7249.6,122.0,0.0,3824.1,29096,1,,MEHERPUR/Gangni,1,0.8166
Lentil,BD40570087,17340.4,8880.1,0.0,0.0,4262.5,30483,1,,MEHERPUR/Meherpur,1,0.8019
Lentil,BD40650028,2189.9,1174.3,1650.3,317.4,19558.1,24890,4,,NARAIL/Kalia,1,0.1614
Lentil,BD40650052,12107.9,14.7,5579.8,1021.9,3947.8,22672,2,,NARAIL/Lohagara,1,0.6666
Lentil,BD40650076,6589.8,7143.8,116.0,1565.3,11814.0,27229,4,,NARAIL/Narail,1,0.4655
Lentil,BD40870004,2535.3,4908.2,5257.8,2835.0,18383.7,33920,4,,SATKHIRA/Asasuni,1,0.2847
Lentil,BD40870025,82.0,2967.6,2852.9,811.6,7869.9,14584,4,,SATKHIRA/Debhata,1,0.2773
Lentil,BD40870043,15868.0,53.2,898.6,59.9,13.3,16893,1,,SATKHIRA/Kalaroa,1,0.9691
Lentil,BD40870047,0.0,699.9,6248.5,6829.9,12203.6,25982,4,,SATKHIRA/Kaliganj,1,0.1944
Lentil,BD40870082,13322.4,4999.5,5446.8,1470.0,1839.3,27078,2,,SATKHIRA/Satkhira,1,0.7511
Lentil,BD40870086,0.0,0.0,264.1,627.3,35746.6,36638,4,,SATKHIRA/Shyamnagar,1,0.007
Lentil,BD40870090,15442.8,4383.4,4488.0,0.0,2441.9,26756,2,,SATKHIRA/Tala,1,0.7921
Lentil,BD45390007,12965.0,2093.2,1694.2,0.0,1661.5,18414,1,,JAMALPUR/Bakshiganj,1,0.841
Lentil,BD45390015,12786.8,1309.2,6658.6,383.7,1568.7,22707,2,,JAMALPUR/Dewanganj,1,0.7592
Lentil,BD45390029,11165.4,3570.5,9180.1,377.1,2193.1,26486,2,,JAMALPUR/Islampur,1,0.7055
Lentil,BD45390036,11245.3,11104.0,4157.5,996.6,14770.6,42274,4,,JAMALPUR/Jamalpur,1,0.53
Lentil,BD45390058,13944.8,175.0,6368.8,61.2,1627.2,22177,2,,JAMALPUR/Madarganj,1,0.7793
Lentil,BD45390061,5174.1,8996.1,2102.5,992.6,3282.7,20548,2,,JAMALPUR/Melandaha,1,0.6629
Lentil,BD45390085,12934.8,2797.4,3211.8,518.0,2096.0,21558,1,,JAMALPUR/Sarishabari,1,0.7831
Lentil,BD45610013,1134.2,14936.6,3475.8,2853.8,21613.7,44014,4,,MYMENSINGH/Bhaluka,1,0.3497
Lentil,BD45610016,7863.1,9140.5,0.0,7.9,5998.5,23010,3,,MYMENSINGH/Dhobaura,1,0.6596
Lentil,BD45610020,6522.4,13632.8,3087.1,3381.1,7930.6,34554,4,,MYMENSINGH/Phulbaria,1,0.5686
Lentil,BD45610022,5117.6,11951.0,958.2,3795.5,10138.7,31961,4,,MYMENSINGH/Gafargaon,1,0.498
Lentil,BD45610023,11585.3,6633.6,103.4,2743.7,1851.0,22917,1,,MYMENSINGH/Gouripur,1,0.7633
Lentil,BD45610024,10565.7,12775.5,917.5,0.0,6777.4,31036,1,,MYMENSINGH/Haluaghat,1,0.6845
Lentil,BD45610031,18551.5,2881.8,425.1,1123.9,1224.8,24207,1,,MYMENSINGH/Ishwarganj,1,0.8797
Lentil,BD45610052,15241.5,9573.1,2372.1,469.8,2595.4,30252,1,,MYMENSINGH/Mymensingh,1,0.7993
Lentil,BD45610065,7382.5,9767.3,1266.0,1715.0,5130.2,25261,3,,MYMENSINGH/Muktagachha,1,0.6402
Lentil,BD45610072,13035.4,7525.1,541.9,2419.3,3625.2,27147,3,,MYMENSINGH/Nandail,1,0.7297
Lentil,BD45610081,26941.0,7201.3,1729.2,7450.4,3501.1,46823,3,,MYMENSINGH/Phulpur,1,0.7487
Lentil,BD45610094,6514.7,10791.8,205.5,5730.8,4901.2,28144,3,,MYMENSINGH/Trisal,1,0.5826
Lentil,BD45720004,1724.3,6243.0,639.2,4868.0,2623.5,16098,4,,NETRAKONA/Atpara,1,0.4977
Lentil,BD45720009,1512.0,7758.7,87.5,3795.8,6215.0,19369,4,,NETRAKONA/Barhatta,1,0.44
Lentil,BD45720018,5338.5,10028.0,0.0,0.0,8843.5,24210,3,,NETRAKONA/Durgapur,1,0.5519
Lentil,BD45720038,0.0,19.7,1022.8,229.5,19079.1,20351,4,,NETRAKONA/Khaliajuri,1,0.0282
Lentil,BD45720040,1955.9,6311.9,478.3,768.7,25179.2,34694,4,,NETRAKONA/Kalmakanda,1,0.2132
Lentil,BD45720047,7225.2,7673.5,771.3,2795.2,6084.8,24550,3,,NETRAKONA/Kendua,1,0.5828
Lentil,BD45720056,371.8,1540.4,470.5,5167.4,12338.0,19888,4,,NETRAKONA/Madan,1,0.1444
Lentil,BD45720063,883.2,4088.6,1302.0,3395.8,11641.5,21311,4,,NETRAKONA/Mohanganj,1,0.2573
Lentil,BD45720074,8965.9,8989.0,0.0,2973.2,5653.8,26582,3,,NETRAKONA/Netrakona,1,0.6302
Lentil,BD45720083,12747.3,6575.9,128.4,2960.5,2600.8,25013,1,,NETRAKONA/Purbadhala,1,0.7462
Lentil,BD45890037,122.7,10156.1,5143.8,0.0,3899.5,19322,2,,SHERPUR/Jhenaigati,1,0.56
Lentil,BD45890067,4809.7,5241.3,300.6,0.0,5079.4,15431,3,,SHERPUR/Nakla,1,0.5932
Lentil,BD45890070,431.4,10603.8,2640.2,0.0,16962.6,30638,4,,SHERPUR/Nalitabari,1,0.334
Lentil,BD45890088,19773.5,7256.0,1066.0,0.0,4728.4,32824,1,,SHERPUR/Sherpur,1,0.7955
Lentil,BD45890090,7784.9,5134.9,3013.2,0.0,6686.9,22620,3,,SHERPUR/Sribardi,1,0.5924
Lentil,BD50100006,1393.8,3842.4,5522.4,90.4,3767.0,14616,4,,BOGRA/Adamdighi,1,0.4958
Lentil,BD50100020,1689.5,6854.6,4435.8,320.0,19574.1,32874,4,,BOGRA/Bogra,1,0.2876
Lentil,BD50100027,97.1,2314.8,0.0,1344.1,16360.1,20116,4,,BOGRA/Dhunot,1,0.1102
Lentil,BD50100033,1395.0,2112.2,9449.7,1221.6,165.5,14344,2,,BOGRA/Dhubchachia,1,0.5615
Lentil,BD50100040,241.3,5343.0,0.0,103.4,13347.3,19035,4,,BOGRA/Gabtali,1,0.2383
Lentil,BD50100054,7822.2,5090.0,8363.9,0.0,39.8,21316,2,,BOGRA/Kahalu,1,0.7542
Lentil,BD50100067,0.0,5991.6,14950.9,0.0,3305.4,24248,2,,BOGRA/Nandigram,1,0.506
Lentil,BD50100081,5277.5,860.6,2252.8,0.0,15706.1,24097,4,,BOGRA/Shariakandi,1,0.2943
Lentil,BD50100088,140.7,4344.5,6016.1,1357.1,13521.7,25380,4,,BOGRA/Sherpur,1,0.2717
Lentil,BD50100094,545.3,2811.1,5576.0,4846.4,12711.2,26490,4,,BOGRA/Shibganj,1,0.2473
Lentil,BD50100095,1331.7,0.0,124.6,0.0,9695.7,11152,4,,BOGRA/Sonatala,1,0.125
Lentil,BD50380013,1080.9,3307.1,1685.8,1540.6,4823.6,12438,4,,JOYPURHAT/Akkelpur,1,0.3922
Lentil,BD50380047,0.0,5726.5,11587.5,2317.5,1091.5,20723,2,,JOYPURHAT/Joypurhat,1,0.523
Lentil,BD50380058,0.0,1462.0,10919.9,1813.2,49.0,14244,2,,JOYPURHAT/Kalai,1,0.4909
Lentil,BD50380061,0.0,2495.1,6313.0,4546.6,71.3,13426,4,,JOYPURHAT/Khetlal,1,0.4515
Lentil,BD50380074,0.0,838.3,23482.4,124.9,1703.4,26149,2,,JOYPURHAT/Panchbibi,1,0.4756
Lentil,BD50640003,353.8,1910.6,1503.7,955.3,19601.5,24325,4,,NAOGAON/Atrai,1,0.1161
Lentil,BD50640006,1248.3,7732.5,7069.1,1255.5,242.5,17548,2,,NAOGAON/Badalgachhi,1,0.6394
Lentil,BD50640028,0.0,21400.7,4467.3,170.9,716.1,26755,1,,NAOGAON/Dhamoirhat,1,0.7247
Lentil,BD50640047,13912.4,7685.6,6894.8,1097.9,5044.4,34635,2,,NAOGAON/Manda,1,0.6851
Lentil,BD50640050,16036.6,16904.8,964.6,297.4,538.6,34742,1,,NAOGAON/Mohadebpur,1,0.8665
Lentil,BD50640060,6432.5,4876.1,2491.7,3480.8,6378.8,23660,4,,NAOGAON/Naogaon,1,0.5188
Lentil,BD50640069,5612.5,32256.4,7.8,15.7,846.6,38739,1,,NAOGAON/Niamatpur,1,0.8112
Lentil,BD50640075,0.0,28666.4,335.6,0.0,3779.0,32781,1,,NAOGAON/Patnitala,1,0.7047
Lentil,BD50640079,0.0,18908.7,16.4,115.1,3610.7,22651,1,,NAOGAON/Porsha,1,0.6692
Lentil,BD50640085,499.1,12787.2,574.7,2684.5,5429.5,21975,3,,NAOGAON/Raninagar,1,0.5257
Lentil,BD50640086,0.0,13687.7,171.6,0.0,7740.6,21600,3,,NAOGAON/Shapahar,1,0.5109
Lentil,BD50690009,11179.9,0.0,291.1,0.0,0.0,11471,1,,NATOR/Bagatipara,1,0.9873
Lentil,BD50690015,15374.7,0.0,4129.9,0.0,5548.3,25053,2,,NATOR/Baraigram,1,0.6961
Lentil,BD50690041,6666.0,630.5,2266.9,340.0,6467.6,16371,4,,NATOR/Gurudashpur,1,0.5114
Lentil,BD50690044,21805.1,0.0,2198.4,1188.6,809.9,26002,1,,NATOR/Lalpur,1,0.89
Lentil,BD50690063,17525.3,437.9,1573.6,2939.4,9456.7,31933,3,,NATOR/Nator,1,0.6028
Lentil,BD50690091,3951.5,12678.4,399.9,4159.5,26540.7,47730,4,,NATOR/Shingra,1,0.3169
Lentil,BD50700018,0.0,3812.1,3044.4,3611.4,218.1,10686,4,,NAWABGANJ/Bholahat,1,0.4954
Lentil,BD50700037,0.0,18614.8,2742.4,2033.6,4143.2,27534,3,,NAWABGANJ/Gomastapur,1,0.6054
Lentil,BD50700056,0.0,24000.7,830.7,1266.7,32.9,26131,1,,NAWABGANJ/Nachol,1,0.7604
Lentil,BD50700066,28.4,20568.4,638.3,9319.6,3007.2,33562,3,,NAWABGANJ/Nawabganj,1,0.5562
Lentil,BD50700088,0.0,31382.2,4268.8,7659.0,1574.9,44885,3,,NAWABGANJ/Shibganj,1,0.641
Lentil,BD50760005,4721.0,1970.0,2582.1,190.0,5100.9,14564,4,,PABNA/Atgharia,1,0.5236
Lentil,BD50760016,4068.3,186.9,4679.2,963.2,7403.4,17301,4,,PABNA/Bera,1,0.3902
Lentil,BD50760019,2008.8,140.0,3194.4,1070.3,4050.6,10464,4,,PABNA/Bhangura,1,0.3758
Lentil,BD50760022,6202.8,2286.0,9151.2,524.2,7425.8,25590,4,,PABNA/Chatmohar,1,0.4968
Lentil,BD50760033,491.0,0.0,747.8,2666.3,8452.0,12357,4,,PABNA/Faridpur,1,0.1131
Lentil,BD50760039,15874.5,197.0,2490.9,837.4,422.2,19822,1,,PABNA/Ishwardi,1,0.8801
Lentil,BD50760055,23988.3,729.5,3647.3,3311.9,2029.1,33706,1,,PABNA/Pabna,1,0.8028
Lentil,BD50760072,8956.6,0.0,3712.0,1732.8,13646.6,28048,4,,PABNA/Santhia,1,0.3979
Lentil,BD50760083,8822.0,621.8,4856.6,642.5,9782.2,24725,4,,PABNA/Sujanagar,1,0.4803
Lentil,BD50810010,10454.1,0.0,1784.2,6.6,859.1,13104,1,,RAJSHAHI/Bagha,1,0.866
Lentil,BD50810012,1975.3,7156.0,913.8,5159.6,13222.4,28427,4,,RAJSHAHI/Bagmara,1,0.3232
Lentil,BD50810025,12390.7,0.0,184.9,0.0,118.4,12694,1,,RAJSHAHI/Charghat,1,0.9834
Lentil,BD50810031,8530.4,4119.7,141.8,2418.1,1000.1,16210,1,,RAJSHAHI/Durgapur,1,0.7638
Lentil,BD50810034,6115.0,29786.7,2803.5,3048.8,473.1,42227,1,,RAJSHAHI/Godagari,1,0.7568
Lentil,BD50810053,5740.9,3005.4,0.0,758.6,3640.0,13145,3,,RAJSHAHI/Mohanpur,1,0.6312
Lentil,BD50810072,13915.5,2908.3,372.5,1735.5,808.3,19740,1,,RAJSHAHI/Paba,1,0.8498
Lentil,BD50810082,11471.5,2567.6,67.6,1156.2,653.2,15916,1,,RAJSHAHI/Puthia,1,0.8665
Lentil,BD50810094,8244.9,15848.4,0.0,633.6,1228.1,25955,1,,RAJSHAHI/Tanor,1,0.811
Lentil,BD50816600,0.0,0.0,0.0,0.0,0.0,0,4,,RAJSHAHI/Boalia (Rajshahi),1,
Lentil,BD50880011,2584.5,255.0,1688.5,565.1,4989.8,10083,4,,SIRAJGANJ/Belkuchi,1,0.3715
Lentil,BD50880027,610.8,7.0,5876.5,7.0,6585.6,13087,4,,SIRAJGANJ/Chauhali,1,0.2717
Lentil,BD50880044,1030.2,677.0,125.1,919.8,4930.0,7682,4,,SIRAJGANJ/Kamarkhanda,1,0.2367
Lentil,BD50880050,4605.0,1454.8,5942.4,639.4,8488.4,21130,4,,SIRAJGANJ/Kazipur,1,0.4197
Lentil,BD50880061,140.9,3085.1,15.7,1769.6,16717.6,21729,4,,SIRAJGANJ/Raiganj,1,0.1367
Lentil,BD50880067,173.7,27.8,1375.7,5030.3,16619.5,23227,4,,SIRAJGANJ/Shahzadpur,1,0.0814
Lentil,BD50880078,5457.5,3315.7,2766.9,1471.1,9664.9,22676,4,,SIRAJGANJ/Sirajganj,1,0.4316
Lentil,BD50880089,812.3,5011.9,2453.2,1226.6,17302.1,26806,4,,SIRAJGANJ/Taras,1,0.2348
Lentil,BD50880094,815.5,1545.5,1522.2,4224.9,26995.9,35104,4,,SIRAJGANJ/Ullapara,1,0.1042
Lentil,BD55270010,0.0,615.0,11125.7,257.0,6912.2,18910,4,,DINAJPUR/Birampur,1,0.3229
Lentil,BD55270012,0.0,23433.9,5386.6,567.0,7306.4,36694,3,,DINAJPUR/Birganj,1,0.5874
Lentil,BD55270017,0.0,14012.2,1163.0,1644.2,14156.6,30976,4,,DINAJPUR/Biral,1,0.3913
Lentil,BD55270021,0.0,12158.8,1952.7,7.9,5731.6,19851,3,,DINAJPUR/Bochaganj,1,0.5393
Lentil,BD55270030,0.0,15092.0,2013.8,78.4,10421.8,27606,3,,DINAJPUR/Chirirbandar,1,0.4744
Lentil,BD55270038,0.0,2519.8,13253.2,0.0,4932.1,20705,2,,DINAJPUR/Fulbari,1,0.4174
Lentil,BD55270043,0.0,80.7,4115.4,2202.9,6625.0,13024,4,,DINAJPUR/Ghoraghat,1,0.1968
Lentil,BD55270047,0.0,0.0,6990.4,0.0,1967.6,8958,2,,DINAJPUR/Hakimpur,1,0.3902
Lentil,BD55270056,0.0,9968.3,1822.1,129.1,5701.6,17621,3,,DINAJPUR/Kaharol,1,0.5057
Lentil,BD55270060,0.0,12000.8,328.1,488.5,1946.7,14764,1,,DINAJPUR/Khansama,1,0.668
Lentil,BD55270064,0.0,16117.2,652.5,163.1,12342.3,29275,3,,DINAJPUR/Dinajpur,1,0.4527
Lentil,BD55270069,0.0,3794.0,8213.0,3387.0,11549.1,26943,4,,DINAJPUR/Nawabganj,1,0.2902
Lentil,BD55270077,0.0,16752.1,4838.8,505.3,14286.8,36383,4,,DINAJPUR/Parbatipur,1,0.4376
Lentil,BD55320021,2120.6,5932.2,3579.0,0.0,11041.2,22673,4,,GAIBANDHA/Phulchhari,1,0.3818
Lentil,BD55320024,266.3,734.3,895.6,48.4,25231.4,27176,4,,GAIBANDHA/Gaibandha,1,0.0482
Lentil,BD55320030,0.0,5686.4,11659.4,1719.2,19300.0,38365,4,,GAIBANDHA/Gobindaganj,1,0.2795
Lentil,BD55320067,0.0,3239.4,1600.7,538.6,10234.2,15613,4,,GAIBANDHA/Palashbari,1,0.2241
Lentil,BD55320082,0.0,2852.7,2789.7,197.0,14263.6,20103,4,,GAIBANDHA/Sadullapur,1,0.1849
Lentil,BD55320088,394.8,928.8,681.2,874.7,15457.6,18337,4,,GAIBANDHA/Shaghata,1,0.0902
Lentil,BD55320091,748.0,4885.1,810.3,7.8,26193.9,32645,4,,GAIBANDHA/Sundarganj,1,0.1551
Lentil,BD55490006,0.0,10496.9,4074.9,579.3,4843.9,19995,2,,KURIGRAM/Bhurungamari,1,0.5277
Lentil,BD55490008,1521.1,4077.7,1693.7,153.4,1732.1,9178,3,,KURIGRAM/Rajibpur (Dhushmara),1,0.6168
Lentil,BD55490009,317.5,1213.2,1122.5,113.4,7676.3,10443,4,,KURIGRAM/Chilmari,1,0.1793
Lentil,BD55490018,0.0,3777.7,1968.7,0.0,7812.6,13559,4,,KURIGRAM/Phulbari,1,0.2955
Lentil,BD55490052,0.0,2373.5,562.4,1662.3,16647.8,21246,4,,KURIGRAM/Kurigram,1,0.1183
Lentil,BD55490061,0.0,8117.1,3736.6,988.6,22056.7,34899,4,,KURIGRAM/Nageshwari,1,0.2453
Lentil,BD55490077,0.0,1396.9,1426.7,0.0,11406.4,14230,4,,KURIGRAM/Rajarhat,1,0.1287
Lentil,BD55490079,1734.6,1705.2,536.6,852.6,12113.0,16942,4,,KURIGRAM/Ruhumari,1,0.2088
Lentil,BD55490094,0.0,1599.6,1656.5,4116.0,19593.8,26966,4,,KURIGRAM/Ulipur,1,0.1087
Lentil,BD55520002,0.0,2956.6,35.0,201.2,13969.3,17162,4,,LALMONIRHAT/Aditmari,1,0.1412
Lentil,BD55520033,0.0,11127.7,3149.5,79.3,5794.5,20151,3,,LALMONIRHAT/Hatibanda,1,0.5207
Lentil,BD55520039,0.0,12095.7,287.4,35.9,8827.1,21246,3,,LALMONIRHAT/Kaliganj,1,0.4626
Lentil,BD55520055,0.0,9204.1,2643.0,16.9,9373.0,21237,4,,LALMONIRHAT/Lalmonirhat,1,0.4091
Lentil,BD55520070,0.0,5792.9,2384.7,0.0,14010.3,22188,4,,LALMONIRHAT/Patgram,1,0.2626
Lentil,BD55730012,0.0,11643.3,2740.6,1370.3,12332.7,28087,4,,NILPHAMARI/Dimla,1,0.3902
Lentil,BD55730015,0.0,4934.8,3862.6,979.9,11083.7,20861,4,,NILPHAMARI/Domar,1,0.2912
Lentil,BD55730036,0.0,8539.8,4721.3,7.2,11978.7,25247,4,,NILPHAMARI/Jaldhaka,1,0.3642
Lentil,BD55730045,0.0,11679.6,2278.9,0.0,9752.5,23711,4,,NILPHAMARI/Kishorganj,1,0.4421
Lentil,BD55730064,0.0,7207.3,5145.8,0.0,20355.9,32709,4,,NILPHAMARI/Nilphamari,1,0.2549
Lentil,BD55730085,0.0,787.9,3668.8,0.0,5819.2,10276,4,,NILPHAMARI/Saidpur,1,0.2399
Lentil,BD55770004,0.0,14894.0,4542.3,0.0,722.6,20159,1,,PANCHAGARH/Atwari,1,0.7037
Lentil,BD55770025,0.0,20353.9,3020.2,0.0,3098.9,26473,1,,PANCHAGARH/Boda,1,0.6721
Lentil,BD55770034,0.0,11593.7,6613.7,36.0,5807.6,24051,3,,PANCHAGARH/Debiganj,1,0.5234
Lentil,BD55770073,0.0,23616.2,5964.1,0.0,1467.7,31048,1,,PANCHAGARH/Panchagar,1,0.7046
Lentil,BD55770090,0.0,5573.0,11081.2,0.0,101.8,16756,2,,PANCHAGARH/Tetulia,1,0.5967
Lentil,BD55850003,0.0,10063.1,6751.8,8.1,10467.0,27290,4,,RANGPUR/Badarganj,1,0.4188
Lentil,BD55850027,0.0,11157.1,0.0,0.0,6783.9,17941,3,,RANGPUR/Gangachara,1,0.4975
Lentil,BD55850042,0.0,4426.2,32.1,0.0,8193.7,12652,4,,RANGPUR/Kaunia,1,0.2811
Lentil,BD55850049,0.0,12684.1,0.0,0.0,14079.9,26764,4,,RANGPUR/Rangpur,1,0.3791
Lentil,BD55850058,0.0,13025.5,4430.9,0.0,27166.6,44623,4,,RANGPUR/Mithapukur,1,0.2832
Lentil,BD55850073,0.0,5334.5,38.7,0.0,17706.8,23080,4,,RANGPUR/Pirgachha,1,0.1857
Lentil,BD55850076,0.0,5076.7,10923.2,0.0,20338.1,36338,4,,RANGPUR/Pirganj,1,0.2621
Lentil,BD55850092,0.0,3193.8,1577.7,0.0,6724.5,11496,4,,RANGPUR/Taraganj,1,0.2909
Lentil,BD55940008,0.0,20752.9,4812.1,0.0,0.0,25565,1,,THAKURGAON/Baliadangi,1,0.7435
Lentil,BD55940051,0.0,5731.0,4406.4,0.0,7929.6,18067,4,,THAKURGAON/Haripur,1,0.3757
Lentil,BD55940082,0.0,9617.0,11895.7,22.5,9114.8,30650,3,,THAKURGAON/Pirganj,1,0.4452
Lentil,BD55940086,0.0,8109.1,17450.8,0.0,1792.1,27352,2,,THAKURGAON/Ranisonkail,1,0.5562
Lentil,BD55940094,0.0,42511.4,12098.4,0.0,5673.2,60283,1,,THAKURGAON/Thakurgaon,1,0.6645
Lentil,BD60360002,0.0,0.0,56.5,70.6,15823.9,15951,4,,HABIGANJ/Ajmiriganj,1,0.0027
Lentil,BD60360005,8.6,7140.3,7475.4,4871.9,2809.7,22306,3,,HABIGANJ/Bahubal,1,0.4677
Lentil,BD60360011,188.6,770.8,16.4,82.0,42197.2,43255,4,,HABIGANJ/Baniyachang,1,0.0192
Lentil,BD60360026,0.0,12044.8,6368.8,71.8,9622.5,28108,3,,HABIGANJ/Chunarughat,1,0.4566
Lentil,BD60360044,2941.5,5179.5,0.0,3676.8,10167.2,21965,4,,HABIGANJ/Habiganj,1,0.356
Lentil,BD60360068,42.1,1186.9,92.6,0.0,15791.4,17113,4,,HABIGANJ/Lakhai,1,0.0606
Lentil,BD60360071,8846.3,986.7,76.6,1088.8,14383.7,25382,4,,HABIGANJ/Madhabpur,1,0.3897
Lentil,BD60360077,1606.7,8356.3,192.2,10293.5,15736.3,36185,4,,HABIGANJ/Nabiganj,1,0.2887
Lentil,BD60580014,0.0,16145.0,4181.1,2174.5,16791.5,39292,4,,MOULVI BAZAR/Barlekha,1,0.393
Lentil,BD60580056,0.0,9430.1,8335.0,38.7,12776.2,30580,4,,MOULVI BAZAR/Kamalganj,1,0.3832
Lentil,BD60580065,0.0,22951.9,6239.5,1855.0,12653.5,43700,3,,MOULVI BAZAR/Kulaura,1,0.5001
Lentil,BD60580074,135.6,6523.6,2817.3,8745.8,8956.7,27179,4,,MOULVI BAZAR/Moulvi Bazar,1,0.3132
Lentil,BD60580080,232.4,4369.3,4010.8,2543.3,11886.2,23042,4,,MOULVI BAZAR/Rajnagar,1,0.2709
Lentil,BD60580083,0.0,11357.9,768.9,1041.3,19463.9,32632,4,,MOULVI BAZAR/Srimangal,1,0.2966
Lentil,BD60900018,3412.3,0.0,2138.0,4532.6,7594.2,17677,4,,SUNAMGANJ/Bishambarpur,1,0.3048
Lentil,BD60900023,1659.1,7695.9,77.9,13499.1,12097.0,35029,4,,SUNAMGANJ/Chhatak,1,0.3013
Lentil,BD60900029,745.1,2358.2,0.0,5584.4,28593.3,37281,4,,SUNAMGANJ/Dirai,1,0.1005
Lentil,BD60900032,66.3,704.1,3495.8,7538.4,27469.4,39274,4,,SUNAMGANJ/Dharmapasha,1,0.0989
Lentil,BD60900033,9045.3,3745.9,1536.3,5601.6,10201.9,30131,4,,SUNAMGANJ/Dwarabazar,1,0.4623
Lentil,BD60900047,754.9,6290.9,0.0,8783.7,16301.4,32131,4,,SUNAMGANJ/Jagannathpur,1,0.2348
Lentil,BD60900050,6.0,53.8,239.2,3737.0,24509.0,28545,4,,SUNAMGANJ/Jamalganj,1,0.0321
Lentil,BD60900086,0.0,194.8,179.3,2751.2,19172.7,22298,4,,SUNAMGANJ/Sulla,1,0.0357
Lentil,BD60900089,688.8,1186.2,277.4,20079.0,30027.6,52259,4,,SUNAMGANJ/Sunamganj,1,0.1108
Lentil,BD60900092,1712.1,0.0,4280.4,943.9,15738.6,22675,4,,SUNAMGANJ/Tahirpur,1,0.1782
Lentil,BD60910008,1166.8,8595.2,529.0,6268.8,14458.2,31018,4,,SYLHET/Balaganj,1,0.3082
Lentil,BD60910017,0.0,4714.3,4239.5,3711.2,5383.0,18048,4,,SYLHET/Beani Bazar,1,0.3675
Lentil,BD60910020,412.5,10015.3,0.0,4240.6,2098.6,16767,3,,SYLHET/Bishwanath,1,0.553
Lentil,BD60910027,5074.2,1323.2,0.0,1137.3,21029.3,28564,4,,SYLHET/Companiganj,1,0.2227
Lentil,BD60910035,47.0,2500.2,681.9,815.1,4592.8,8637,4,,SYLHET/Fenchuganj,1,0.2954
Lentil,BD60910038,2639.4,5933.3,1974.2,1963.6,3666.4,16177,4,,SYLHET/Golapganj,1,0.5419
Lentil,BD60910041,10220.0,2687.1,1831.1,2590.4,27243.4,44572,4,,SYLHET/Gowainghat,1,0.3097
Lentil,BD60910053,2486.0,4667.5,1144.2,889.0,7853.2,17040,4,,SYLHET/Jaintapur,1,0.409
Lentil,BD60910059,66.1,4582.8,7836.3,2746.7,14681.1,29913,4,,SYLHET/Kanaighat,1,0.2741
Lentil,BD60910062,10331.1,9508.9,0.0,4575.9,12373.1,36789,4,,SYLHET/Sylhet,1,0.5125
Lentil,BD60910094,0.0,3357.3,5696.2,2514.5,7712.0,19280,4,,SYLHET/Zakiganj,1,0.3131
Maize,BD10040009,0.0,8.1,1127.0,26098.2,16936.7,44170,4,,BARGUNA/Amtali,1,0.1311
Maize,BD10040019,0.0,2279.2,4907.3,15.5,0.0,7202,2,,BARGUNA/Bamna,1,0.5943
Maize,BD10040028,0.0,112.4,5188.7,16064.2,3911.6,25277,4,,BARGUNA/Borguna,1,0.2333
Maize,BD10040047,0.0,3470.4,4934.5,176.0,2710.1,11291,2,,BARGUNA/Betagi,1,0.4675
Maize,BD10040085,0.0,297.3,1180.5,16247.6,1897.6,19623,4,,BARGUNA/Patharghata,1,0.2078
Maize,BD10060002,37.3,1179.1,3134.3,1029.8,7492.5,12873,4,,BARISAL/Agailjhara,1,0.2139
Maize,BD10060003,4899.3,4906.1,1019.5,0.0,0.0,10825,1,,BARISAL/Babuganj,1,0.8623
Maize,BD10060007,0.0,9096.0,17572.8,1748.9,3213.3,31631,2,,BARISAL/Bakerganj,1,0.5189
Maize,BD10060010,429.7,1580.6,968.7,14.6,7123.4,10117,4,,BARISAL/Banaripara,1,0.2156
Maize,BD10060032,3631.3,3842.1,823.8,1390.6,784.2,10472,3,,BARISAL/Gaurnadi,1,0.7062
Maize,BD10060036,699.7,9753.9,4689.0,2924.1,1587.4,19654,3,,BARISAL/Hizla,1,0.5817
Maize,BD10060051,4236.9,3393.0,11505.0,0.0,86.1,19221,2,,BARISAL/Barisal,1,0.6609
Maize,BD10060062,1064.3,14218.9,10223.1,84.0,18.7,25609,2,,BARISAL/Mehendiganj,1,0.686
Maize,BD10060069,916.6,12716.5,4667.3,326.6,158.0,18785,3,,BARISAL/Muladi,1,0.7181
Maize,BD10060094,1068.6,2208.0,5109.5,2618.4,8527.6,19532,4,,BARISAL/Ujirpur,1,0.3028
Maize,BD10090018,0.0,15214.8,5787.4,1919.3,551.5,23473,3,,BHOLA/Bhola,1,0.6582
Maize,BD10090021,13.5,6403.4,2755.9,9193.0,270.2,18636,4,,BHOLA/Burhanuddin,1,0.4482
Maize,BD10090025,0.0,3181.5,298.8,25689.5,15512.1,44682,4,,BHOLA/Char Fasson,1,0.1753
Maize,BD10090029,0.0,4397.6,3157.3,697.1,150.0,8402,2,,BHOLA/Daulatkhan,1,0.6232
Maize,BD10090054,7.0,15075.8,1272.7,1659.5,3543.9,21559,3,,BHOLA/Lalmohan,1,0.6047
Maize,BD10090065,0.0,0.0,0.0,135.5,15262.5,15398,4,,BHOLA/Monpura,1,0.0018
Maize,BD10090091,3323.3,5236.0,836.8,31.9,757.1,10185,1,,BHOLA/Tajumuddin,1,0.7793
Maize,BD10420040,2203.6,2378.4,7568.3,752.3,2834.3,15737,3,,JHALAKATI/Jhalakati,1,0.511
Maize,BD10420043,0.0,1903.8,3031.7,294.5,6710.0,11940,4,,JHALAKATI/Kathalia,1,0.2594
Maize,BD10420073,573.7,3845.8,10837.5,0.0,0.0,15257,2,,JHALAKATI/Nalchiti,1,0.5944
Maize,BD10420084,1356.1,1871.7,6928.8,2020.0,261.3,12438,2,,JHALAKATI/Rajapur,1,0.5404
Maize,BD10780038,0.0,10041.6,25675.1,237.6,118.8,36073,2,,PATUAKHALI/Bauphal,1,0.5799
Maize,BD10780052,0.0,3454.7,9141.3,667.0,3600.1,16863,2,,PATUAKHALI/Dashmina,1,0.4428
Maize,BD10780057,0.0,692.6,21770.5,7047.8,30241.0,59752,4,,PATUAKHALI/Galachipa,1,0.215
Maize,BD10780066,0.0,0.0,0.0,15253.8,20012.2,35266,4,,PATUAKHALI/Kalapara,1,0.0865
Maize,BD10780076,0.0,1931.3,4890.0,1684.8,3492.9,11999,4,,PATUAKHALI/Mirzaganj,1,0.3606
Maize,BD10780095,0.0,9805.9,13720.6,5622.1,1061.3,30210,2,,PATUAKHALI/Patuakhali,1,0.524
Maize,BD10790014,0.0,3128.8,4421.7,1578.7,1285.8,10415,2,,PIROJPUR/Bhandaria,1,0.4829
Maize,BD10790047,0.0,668.4,12.5,4135.1,0.0,4816,4,,PIROJPUR/Kawkhali,1,0.284
Maize,BD10790058,0.0,436.8,9232.7,11604.8,1612.7,22887,4,,PIROJPUR/Mathbaria,1,0.3184
Maize,BD10790076,777.3,664.3,1158.9,3512.1,10557.4,16670,4,,PIROJPUR/Nazirpur,1,0.1554
Maize,BD10790080,181.4,2829.9,2521.5,11945.4,2820.8,20299,4,,PIROJPUR/Pirojpur,1,0.3003
Maize,BD10790087,0.0,679.0,0.0,2104.2,8771.8,11555,4,,PIROJPUR/Sarupkati,1,0.0834
Maize,BD20030004,951.5,83.1,181.2,0.0,22248.1,23464,4,,BANDARBAN/Alikadam,1,0.0472
Maize,BD20030014,0.0,101.8,41.3,0.0,15202.9,15346,4,,BANDARBAN/Bandarban,1,0.0067
Maize,BD20030051,203.0,345.4,65.9,130.0,15719.7,16464,4,,BANDARBAN/Lama,1,0.0327
Maize,BD20030073,1.6,142.6,99.8,53.9,7953.1,8251,4,,BANDARBAN/Naikhongchhari,1,0.0214
Maize,BD20030089,0.0,40.3,223.9,621.2,9388.6,10274,4,,BANDARBAN/Rowangchhari,1,0.0261
Maize,BD20030091,0.0,0.0,193.8,362.3,6839.9,7396,4,,BANDARBAN/Ruma,1,0.0229
Maize,BD20030095,14.5,71.4,382.2,271.0,4858.9,5598,4,,BANDARBAN/Thanchi,1,0.0566
Maize,BD20120002,402.0,2126.5,1269.6,127.0,4834.9,8760,4,,BRAHMANBARIA/Akhaura,1,0.3155
Maize,BD20120004,1444.4,1444.4,2858.6,2072.1,6745.6,14565,4,,BRAHMANBARIA/Banchharampur,1,0.3051
Maize,BD20120013,2681.7,10215.4,10959.5,2852.2,16377.2,43086,4,,BRAHMANBARIA/Brahmanbaria,1,0.3923
Maize,BD20120063,2626.1,5478.6,5644.6,67.9,3697.7,17515,2,,BRAHMANBARIA/Kasba,1,0.5621
Maize,BD20120085,4393.8,831.9,15111.8,1235.8,7535.7,29109,3,,BRAHMANBARIA/Nabinagar,1,0.4419
Maize,BD20120090,251.9,0.0,13123.1,1385.5,11060.5,25821,4,,BRAHMANBARIA/Nasirnagar,1,0.2746
Maize,BD20120094,764.4,2943.4,3409.1,931.4,10455.7,18504,4,,BRAHMANBARIA/Sarail,1,0.2708
Maize,BD20130022,658.8,3898.4,1519.1,5074.4,1350.3,12501,4,,CHANDPUR/Chandpur,1,0.4441
Maize,BD20130045,9663.6,2343.4,1208.0,1799.9,628.1,15643,1,,CHANDPUR/Faridganj,1,0.7992
Maize,BD20130047,1169.9,883.0,708.2,3052.5,784.4,6598,4,,CHANDPUR/Haimchar,1,0.4306
Maize,BD20130049,129.0,0.0,7638.7,3436.3,2268.1,13472,4,,CHANDPUR/Hajiganj,1,0.3441
Maize,BD20130058,3589.6,929.4,2525.5,2175.3,8573.2,17793,4,,CHANDPUR/Kachua,1,0.3389
Maize,BD20130076,0.0,303.2,15178.8,5081.6,6050.4,26614,4,Matlab,CHANDPUR/Matlab,1,0.3325
Maize,BD20130079,0.0,303.2,15178.8,5081.6,6050.4,26614,4,Matlab,CHANDPUR/Matlab,1,0.3325
Maize,BD20130095,2783.1,0.0,2851.0,4016.3,2166.5,11817,4,,CHANDPUR/Shahrasti,1,0.4241
Maize,BD20150004,709.7,5548.7,615.9,64.5,2522.2,9461,3,,CHITTAGONG/Anwara,1,0.5781
Maize,BD20150008,2757.8,7091.4,2880.0,604.5,12695.3,26029,4,,CHITTAGONG/Banskhali,1,0.3839
Maize,BD20150012,4732.2,2081.9,0.0,0.0,178.8,6993,1,,CHITTAGONG/Boalkhali,1,0.9149
Maize,BD20150018,2525.2,1430.1,150.0,1070.1,6190.5,11366,4,,CHITTAGONG/Chandanais,1,0.3483
Maize,BD20150033,2971.6,4012.9,8287.6,1351.8,7024.1,23648,4,,CHITTAGONG/Fatikchhari,1,0.4481
Maize,BD20150037,1511.5,3946.7,461.8,377.9,6219.1,12517,4,,CHITTAGONG/Hathazari,1,0.3975
Maize,BD20150047,0.0,375.8,5561.9,91.3,6480.0,12509,4,,CHITTAGONG/Lohagora,1,0.2478
Maize,BD20150053,5876.6,6261.7,1487.6,2458.3,6625.7,22710,4,,CHITTAGONG/Mirsharai,1,0.5338
Maize,BD20150061,3268.4,3964.2,356.8,85.6,4313.9,11989,3,,CHITTAGONG/Patia,1,0.5535
Maize,BD20150070,2766.7,4479.2,4194.7,306.8,7803.7,19551,4,,CHITTAGONG/Rangunia,1,0.4352
Maize,BD20150074,3809.9,5343.9,2331.7,100.4,2298.2,13884,3,,CHITTAGONG/Rauzan,1,0.6677
Maize,BD20150078,3191.8,591.8,10050.6,7615.6,5937.2,27387,4,,CHITTAGONG/Sandwip,1,0.3729
Maize,BD20150082,2674.8,3172.8,3167.0,1389.5,6032.9,16437,4,,CHITTAGONG/Satkania,1,0.4304
Maize,BD20150086,1903.8,2629.8,697.8,165.4,3880.2,9277,4,,CHITTAGONG/Sitakunda,1,0.4732
Maize,BD20151600,0.0,0.0,0.0,0.0,0.0,0,4,,CHITTAGONG/Patenga; CHITTAGONG/Double Mooring; CHITTAGONG/Panchlais,3,
Maize,BD20190009,5317.7,2942.3,9656.9,566.9,47.2,18531,2,,COMILLA/Barura,1,0.6807
Maize,BD20190015,775.7,276.5,6651.4,1144.4,1659.0,10507,3,,COMILLA/Brahmanpara,1,0.4332
Maize,BD20190018,3021.3,3586.9,3458.0,0.0,2734.9,12801,3,,COMILLA/Burichang,1,0.5952
Maize,BD20190027,1167.3,2522.2,826.8,3411.6,7664.0,15592,4,,COMILLA/Chandina,1,0.2746
Maize,BD20190031,10529.0,5060.1,3610.0,1627.6,1095.3,21922,2,,COMILLA/Chauddagram,1,0.7621
Maize,BD20190036,0.0,20.2,2090.7,0.0,37531.1,39642,4,,COMILLA/Daudkandi,1,0.0268
Maize,BD20190040,4678.3,6183.0,4107.7,1604.6,2189.4,18763,2,,COMILLA/Debiduar,1,0.6395
Maize,BD20190054,49.9,16.6,890.7,0.0,12793.8,13751,4,,COMILLA/Homna,1,0.037
Maize,BD20190067,2958.6,2397.6,8968.1,445.7,5802.0,20572,3,,COMILLA/Comilla,1,0.4594
Maize,BD20190072,12741.8,34.5,15823.8,496.4,4302.4,33399,2,,COMILLA/Laksham,1,0.6222
Maize,BD20190081,4182.7,2875.6,6737.1,2001.7,13265.0,29062,4,,COMILLA/Muradnagar,1,0.3528
Maize,BD20190087,14870.7,117.9,3080.3,795.9,405.3,19270,1,,COMILLA/Nangalkot,1,0.8648
Maize,BD20220016,2740.2,2187.4,3287.0,5533.9,23627.5,37376,4,,COX'S BAZAR/Chakaria,1,0.1937
Maize,BD20220024,1791.8,686.7,1168.2,2336.4,10284.9,16268,4,,COX'S BAZAR/Cox's Bazar,1,0.2085
Maize,BD20220045,0.0,67.9,882.9,4821.9,737.3,6510,4,,COX'S BAZAR/Kutubdia,1,0.2243
Maize,BD20220049,303.0,291.8,353.5,2867.7,12306.9,16123,4,,COX'S BAZAR/Moheshkhali,1,0.0798
Maize,BD20220066,1848.7,720.0,597.0,839.3,11049.0,15054,4,,COX'S BAZAR/Ramu,1,0.192
Maize,BD20220090,32.5,865.5,186.9,1101.2,10873.9,13060,4,,COX'S BAZAR/Teknaf,1,0.0795
Maize,BD20220094,301.4,301.4,907.2,93.2,6651.8,8255,4,,COX'S BAZAR/Ukhia,1,0.1229
Maize,BD20300014,2555.4,5333.4,2612.1,89.1,4.0,10594,1,,FENI/Chhagalnaiya,1,0.7689
Maize,BD20300025,7673.2,800.3,541.4,0.0,3350.2,12365,3,,FENI/Daganbhuiya,1,0.6942
Maize,BD20300029,10378.7,504.8,3625.7,45.9,1035.9,15591,2,,FENI/Feni,1,0.8085
Maize,BD20300051,5220.5,7000.9,4707.5,0.0,0.0,16929,1,,FENI/Parshuram,1,0.7783
Maize,BD20300094,5827.7,8069.8,2528.6,484.0,9.9,16920,1,,FENI/Sonagazi,1,0.8064
Maize,BD20460043,280.3,812.2,0.0,2285.6,12207.9,15586,4,,KHAGRACHHARI/Dighinala,1,0.089
Maize,BD20460049,193.7,590.7,22.6,129.1,7633.9,8570,4,,KHAGRACHHARI/Khagrachhari,1,0.0821
Maize,BD20460061,5.6,187.9,9.3,0.0,4397.3,4600,4,,KHAGRACHHARI/Laksmichhari,1,0.0349
Maize,BD20460065,132.4,417.5,0.0,310.6,7631.6,8492,4,,KHAGRACHHARI/Mohalchhari,1,0.0622
Maize,BD20460067,0.0,547.4,76.3,0.0,6236.4,6860,4,,KHAGRACHHARI/Manikchhari,1,0.0694
Maize,BD20460070,250.4,434.0,659.4,250.4,17060.8,18655,4,,KHAGRACHHARI/Matiranga,1,0.0524
Maize,BD20460077,144.5,466.0,256.7,202.8,8810.0,9880,4,,KHAGRACHHARI/Panchhari,1,0.0695
Maize,BD20460080,29.1,110.6,20.4,34.9,9537.0,9732,4,,KHAGRACHHARI/Ramgarh,1,0.0138
Maize,BD20510043,9231.5,7186.6,13959.6,1199.7,1347.5,32925,2,,LAKSHMIPUR/Laksmipur,1,0.6743
Maize,BD20510058,4792.8,4105.6,1317.0,343.6,0.0,10559,1,,LAKSHMIPUR/Raipur,1,0.8338
Maize,BD20510065,4588.2,872.6,497.7,4956.3,1561.2,12476,4,,LAKSHMIPUR/Ramganj,1,0.5231
Maize,BD20510073,0.0,2085.2,454.3,21276.4,12861.2,36677,4,,LAKSHMIPUR/Ramgati,1,0.1677
Maize,BD20750007,1171.1,0.0,3487.4,13.0,25914.5,30586,4,,NOAKHALI/Begumganj,1,0.0954
Maize,BD20750010,3854.6,0.0,1301.5,1208.1,2627.9,8992,4,,NOAKHALI/Chatkhil,1,0.5279
Maize,BD20750021,856.9,8028.5,3177.1,7395.7,7830.8,27289,4,,NOAKHALI/Companiganj,1,0.3792
Maize,BD20750036,0.0,2725.2,10180.4,720.2,22651.2,36277,4,,NOAKHALI/Hatiya,1,0.2044
Maize,BD20750080,7291.3,83.0,629.5,788.6,3569.6,12362,3,,NOAKHALI/Senbag,1,0.6334
Maize,BD20750087,471.9,15100.5,17488.1,5134.4,29743.1,67938,4,,NOAKHALI/Noakhali,1,0.3286
Maize,BD20840007,106.1,612.0,220.3,179.5,16007.0,17125,4,,RANGAMATI/Baghaichhari,1,0.0433
Maize,BD20840021,0.0,108.3,496.9,61.9,9646.0,10313,4,,RANGAMATI/Barkal,1,0.0337
Maize,BD20840025,0.0,131.5,25.3,0.0,12664.2,12821,4,,RANGAMATI/Kawkhali (Betbunia),1,0.0092
Maize,BD20840029,0.0,74.1,0.0,0.0,5662.9,5737,4,,RANGAMATI/Belaichhari,1,0.0103
Maize,BD20840036,0.0,127.1,0.0,0.0,5961.9,6089,4,,RANGAMATI/Kaptai,1,0.0167
Maize,BD20840047,28.5,82.6,0.0,0.0,11958.9,12070,4,,RANGAMATI/Juraichhari,1,0.0078
Maize,BD20840058,0.0,1122.6,8.0,740.4,11755.1,13626,4,,RANGAMATI/Langadu,1,0.0771
Maize,BD20840075,0.0,382.9,0.0,109.9,9940.2,10433,4,,RANGAMATI/Nannerchar,1,0.0315
Maize,BD20840078,0.0,28.3,70.1,2.5,3519.2,3620,4,,RANGAMATI/Rajasthali,1,0.0161
Maize,BD20840087,0.0,185.8,61.2,32.8,8266.2,8546,4,,RANGAMATI/Rangamati,1,0.0217
Maize,BD30260014,6295.0,64.2,9390.4,3985.5,6647.9,26383,4,,DHAKA/Dhamrai,1,0.4487
Maize,BD30260018,1649.5,3322.6,1484.5,706.9,1704.5,8868,4,,DHAKA/Dohar,1,0.5854
Maize,BD30260038,1992.2,183.2,1946.4,2305.1,6793.2,13220,4,,DHAKA/Keraniganj,1,0.2703
Maize,BD30260062,982.1,913.7,2343.4,3052.0,12226.7,19518,4,,DHAKA/Nawabganj,1,0.1791
Maize,BD30260072,1761.6,4936.0,7933.2,1835.0,6942.3,23408,4,,DHAKA/Savar,1,0.4291
Maize,BD30262000,0.0,0.0,0.0,0.0,0.0,0,4,Dhaka Metro,DHAKA/Dhaka Metro,1,
Maize,BD30262500,0.0,0.0,0.0,0.0,0.0,0,4,Dhaka Metro,DHAKA/Dhaka Metro,1,
Maize,BD30290003,454.8,1404.8,2839.9,0.0,5841.5,10541,4,,FARIDPUR/Alfadanga,1,0.2845
Maize,BD30290010,662.9,1630.6,3870.8,45.7,10941.9,17152,4,,FARIDPUR/Bhanga,1,0.2281
Maize,BD30290018,3191.4,2466.1,10583.6,0.0,6546.0,22787,3,,FARIDPUR/Boalmari,1,0.4589
Maize,BD30290021,0.0,6612.5,401.8,860.1,84.6,7959,1,,FARIDPUR/Char Bhadrasan,1,0.7115
Maize,BD30290047,6451.3,14737.5,7213.8,284.9,2446.5,31134,2,,FARIDPUR/Faridpur,1,0.7036
Maize,BD30290056,2143.7,309.6,11221.4,0.0,4109.4,17784,2,,FARIDPUR/Madhukhali,1,0.45
Maize,BD30290062,3697.9,4854.4,3808.4,0.0,20014.3,32375,4,,FARIDPUR/Nagarkanda,1,0.293
Maize,BD30290084,1429.5,10694.2,4028.5,3455.2,1681.7,21289,3,,FARIDPUR/Sadarpur,1,0.5961
Maize,BD30330030,120.0,11290.0,12540.0,4990.0,8100.0,37040,3,,GAZIPUR/Gazipur,1,0.4433
Maize,BD30330032,2203.7,5873.8,4939.9,6553.8,7913.7,27485,4,,GAZIPUR/Kaliakoir,1,0.3887
Maize,BD30330034,305.8,1410.0,5699.5,1953.6,9369.0,18738,4,,GAZIPUR/Kaliganj,1,0.2495
Maize,BD30330036,2332.4,6654.7,12078.0,4632.2,5757.6,31455,4,,GAZIPUR/Kapasia,1,0.4648
Maize,BD30330086,135.5,14936.0,10575.4,8585.7,9415.4,43648,4,,GAZIPUR/Sripur,1,0.4373
Maize,BD30350032,893.9,4836.7,3001.0,1779.8,22052.5,32564,4,,GOPALGANJ/Gopalganj,1,0.2033
Maize,BD30350043,2618.0,2050.4,4313.7,1617.6,12345.2,22945,4,,GOPALGANJ/Kasiani,1,0.2937
Maize,BD30350051,24.2,40.3,185.6,3066.3,29145.6,32462,4,,GOPALGANJ/Kotalipara,1,0.0235
Maize,BD30350058,1891.3,2263.0,600.0,1500.0,18097.7,24352,4,,GOPALGANJ/Muksudpur,1,0.1766
Maize,BD30350091,1738.3,759.7,297.8,1057.6,6989.6,10843,4,,GOPALGANJ/Tungipara,1,0.2496
Maize,BD30480002,0.0,0.0,524.4,1030.6,23949.0,25504,4,,KISHOREGANJ/Ashtagram,1,0.0184
Maize,BD30480006,6410.4,145.3,1813.0,841.5,5438.9,14649,4,,KISHOREGANJ/Bajitpur,1,0.5189
Maize,BD30480011,3433.9,0.0,3840.3,0.0,33.9,7308,2,,KISHOREGANJ/Bhairab,1,0.7326
Maize,BD30480027,6664.5,1400.4,445.3,222.6,524.3,9257,1,,KISHOREGANJ/Hossainpur,1,0.8698
Maize,BD30480033,337.5,0.0,629.4,2444.5,33875.7,37287,4,,KISHOREGANJ/Itna,1,0.0306
Maize,BD30480042,7115.1,98.0,1379.3,2329.0,5313.7,16235,4,,KISHOREGANJ/Karimganj,1,0.5143
Maize,BD30480045,9111.5,28.6,3204.0,2152.7,2832.1,17329,3,,KISHOREGANJ/Katiadi,1,0.6444
Maize,BD30480049,9568.9,65.8,664.7,980.6,1257.0,12537,1,,KISHOREGANJ/Kishoreganj,1,0.8096
Maize,BD30480054,5551.0,0.0,1323.1,296.6,897.3,8068,2,,KISHOREGANJ/Kuliarchar,1,0.7774
Maize,BD30480059,0.0,16.8,562.4,1863.4,16636.4,19079,4,,KISHOREGANJ/Mithamoin,1,0.035
Maize,BD30480076,288.1,107.0,1654.5,1802.7,12692.7,16545,4,,KISHOREGANJ/Nikli,1,0.0944
Maize,BD30480079,11413.1,570.3,992.1,1281.1,687.4,14944,1,,KISHOREGANJ/Pakundia,1,0.8446
Maize,BD30480092,2282.8,71.8,1811.9,4214.5,3999.0,12380,4,,KISHOREGANJ/Tarail,1,0.3303
Maize,BD30540040,3492.4,6905.7,517.4,3363.0,8091.4,22370,4,,MADARIPUR/Kalkini,1,0.4447
Maize,BD30540054,4710.0,3556.7,1220.3,2879.6,10253.4,22620,4,,MADARIPUR/Madaripur,1,0.3864
Maize,BD30540080,1027.8,1697.4,1315.9,0.0,15782.9,19824,4,,MADARIPUR/Rajoir,1,0.1535
Maize,BD30540087,5764.2,3847.7,0.0,5564.4,7088.7,22265,4,,MADARIPUR/Sibchar,1,0.4471
Maize,BD30560010,7997.9,746.8,1814.9,2318.6,4593.8,17472,4,,MANIKGANJ/Daulatpur,1,0.5704
Maize,BD30560022,1207.0,57.8,686.6,1011.9,8629.7,11593,4,,MANIKGANJ/Ghior,1,0.1552
Maize,BD30560028,15.0,1480.2,1670.3,1840.3,7841.2,12847,4,,MANIKGANJ/Harirampur,1,0.187
Maize,BD30560046,8981.8,640.4,2436.7,1813.0,4025.2,17897,3,,MANIKGANJ/Manikganj,1,0.6188
Maize,BD30560070,4360.4,1223.2,3439.4,906.6,1597.4,11527,3,,MANIKGANJ/Saturia,1,0.6281
Maize,BD30560078,757.2,1069.3,783.7,345.4,10208.4,13164,4,,MANIKGANJ/Sibalay,1,0.1575
Maize,BD30560082,6822.8,0.0,4164.9,2695.0,3682.4,17365,4,,MANIKGANJ/Singair,1,0.5439
Maize,BD30590024,153.9,550.7,2575.4,32.4,5944.6,9257,4,,MUNSHIGANJ/Gozaria,1,0.204
Maize,BD30590044,226.3,911.3,279.9,1786.8,4234.7,7439,4,,MUNSHIGANJ/Lohajang,1,0.1953
Maize,BD30590056,4108.2,879.0,2331.8,1068.2,1800.8,10188,3,,MUNSHIGANJ/Munshiganj,1,0.6077
Maize,BD30590074,4637.4,206.7,1306.1,1306.1,7687.7,15144,4,,MUNSHIGANJ/Serajdikhan,1,0.3775
Maize,BD30590084,998.7,1048.7,242.5,1769.2,10828.9,14888,4,,MUNSHIGANJ/Srinagar,1,0.1553
Maize,BD30590094,1459.5,283.6,470.4,1563.2,4468.3,8245,4,,MUNSHIGANJ/Tongibari,1,0.271
Maize,BD30670002,2633.3,34.0,1170.3,728.1,8267.3,12833,4,,NARAYANGANJ/Araihazar,1,0.2643
Maize,BD30670004,2350.4,338.1,3752.4,255.7,6927.5,13624,4,,NARAYANGANJ/Sonargaon,1,0.3338
Maize,BD30670006,0.0,0.0,0.0,0.0,0.0,0,4,,NARAYANGANJ/Bandar,1,
Maize,BD30670058,0.0,0.0,0.0,0.0,0.0,0,4,,NARAYANGANJ/Narayanganj,1,
Maize,BD30670068,785.5,926.7,3565.7,1734.8,8182.4,15195,4,,NARAYANGANJ/Rupganj,1,0.2406
Maize,BD30680007,3512.4,1737.8,2150.1,7.4,1811.4,9219,3,,NARSINGDI/Belabo,1,0.6486
Maize,BD30680052,8197.6,373.3,3223.0,552.7,2792.4,15139,2,,NARSINGDI/Manohardi,1,0.675
Maize,BD30680060,5484.3,133.6,2896.6,1844.8,6335.8,16695,4,,NARSINGDI/Narsingdi,1,0.4438
Maize,BD30680063,1852.0,472.9,2121.3,689.6,1287.2,6423,4,,NARSINGDI/Palas,1,0.5338
Maize,BD30680064,8148.7,608.5,5214.3,0.0,9858.6,23830,4,,NARSINGDI/Raipura,1,0.4718
Maize,BD30680076,5677.8,2986.2,1309.8,792.4,5487.9,16254,4,,NARSINGDI/Sibpur,1,0.5463
Maize,BD30820007,3966.4,2144.8,5664.4,0.0,6812.4,18588,3,,RAJBARI/Baliakandi,1,0.4581
Maize,BD30820029,0.0,5952.2,3176.9,17.8,1053.0,10200,2,,RAJBARI/Goalanda,1,0.6229
Maize,BD30820073,13995.7,2957.9,10994.5,50.5,5266.4,33265,2,,RAJBARI/Pangsha,1,0.6574
Maize,BD30820076,10541.1,4592.6,2837.1,1277.5,3001.7,22250,2,,RAJBARI/Rajbari,1,0.7141
Maize,BD30860014,7.6,5060.2,0.0,136.1,12034.1,17238,4,,SHARIATPUR/Bhedarganj,1,0.2369
Maize,BD30860025,544.1,567.7,898.9,0.0,5401.3,7412,4,,SHARIATPUR/Damudya,1,0.1953
Maize,BD30860036,546.9,3474.6,2273.5,21.4,7206.5,13523,4,,SHARIATPUR/Goshairhat,1,0.3304
Maize,BD30860065,1229.8,3618.6,25.8,1113.9,9490.9,15479,4,,SHARIATPUR/Naria,1,0.2817
Maize,BD30860069,1535.8,901.1,2329.1,1263.7,5168.3,11198,4,,SHARIATPUR/Palong (Sadar),1,0.3281
Maize,BD30860094,4697.9,918.1,100.4,4970.4,6333.2,17020,4,,SHARIATPUR/Janjira,1,0.3805
Maize,BD30930009,492.0,1602.6,3697.3,5657.7,1647.4,13097,4,,TANGAIL/Basail,1,0.363
Maize,BD30930019,5906.9,4140.3,4609.6,1124.8,1145.5,16927,2,,TANGAIL/Bhuapur,1,0.6941
Maize,BD30930023,3706.4,5530.7,4365.2,14.5,398.2,14015,2,,TANGAIL/Delduar,1,0.7361
Maize,BD30930028,8706.0,2842.3,21728.3,3827.7,3835.8,40940,2,,TANGAIL/Ghatail,1,0.5523
Maize,BD30930038,4130.8,6409.6,2685.0,2292.6,1549.0,17067,3,,TANGAIL/Gopalpur,1,0.648
Maize,BD30930047,6768.1,9542.9,2251.5,2630.1,1597.4,22790,3,,TANGAIL/Kalihati,1,0.7044
Maize,BD30930057,12879.4,2771.6,24720.4,1143.0,1262.5,42777,2,,TANGAIL/Madhupur,1,0.6472
Maize,BD30930066,29.9,2285.7,19017.5,321.2,8761.8,30416,3,,TANGAIL/Mirzapur,1,0.3758
Maize,BD30930076,7862.5,5432.9,4462.5,580.8,1119.2,19458,2,,TANGAIL/Nagarpur,1,0.7481
Maize,BD30930085,602.0,9858.3,26247.0,1312.8,2909.8,40930,2,,TANGAIL/Shakhipur,1,0.5344
Maize,BD30930095,4735.5,12721.1,3652.1,695.0,1233.3,23037,1,,TANGAIL/Tangail,1,0.7326
Maize,BD40010008,0.0,2681.5,2825.8,9126.9,2783.8,17418,4,,BAGERHAT/Bagerhat,1,0.3091
Maize,BD40010014,1494.3,524.0,310.5,3900.6,8082.6,14312,4,,BAGERHAT/Chitalmari,1,0.1991
Maize,BD40010034,0.0,3711.0,2030.8,2270.0,2064.2,10076,4,,BAGERHAT/Fakirhat,1,0.4405
Maize,BD40010038,0.0,1193.2,1807.7,5065.7,464.4,8531,4,,BAGERHAT/Kachua,1,0.3366
Maize,BD40010056,2859.8,1918.2,0.0,42.2,11108.8,15929,4,,BAGERHAT/Mollahat,1,0.2764
Maize,BD40010058,0.0,0.0,0.0,1357.7,13065.3,14423,4,,BAGERHAT/Mongla,1,0.0188
Maize,BD40010060,87.8,2164.6,5521.1,19934.6,5469.9,33178,4,,BAGERHAT/Morelganj,1,0.2582
Maize,BD40010073,0.0,1193.0,1954.8,10974.1,10320.1,24442,4,,BAGERHAT/Rampal,1,0.1688
Maize,BD40010077,0.0,1385.6,1032.0,5758.8,1789.7,9966,4,,BAGERHAT/Sarankhola,1,0.2786
Maize,BD40180007,16351.4,9269.9,0.0,0.0,2006.7,27628,1,,CHUADANGA/Alamdanga,1,0.8603
Maize,BD40180023,13408.3,7659.8,29.7,0.0,2030.2,23128,1,,CHUADANGA/Chuadanga,1,0.8453
Maize,BD40180031,12960.0,9243.4,0.0,0.0,3780.7,25984,1,,CHUADANGA/Damurhuda,1,0.7834
Maize,BD40180055,10984.5,2753.6,0.0,0.0,2160.9,15899,1,,CHUADANGA/Jibannagar,1,0.8294
Maize,BD40410004,4084.1,4426.1,1124.6,59.2,7069.9,16764,4,,JESSORE/Abhoynagar,1,0.4891
Maize,BD40410009,9961.6,3204.0,2704.3,0.0,3004.1,18874,2,,JESSORE/Bagherpara,1,0.7352
Maize,BD40410011,11394.2,7184.7,621.2,0.0,3383.9,22584,1,,JESSORE/Chaugachha,1,0.7728
Maize,BD40410023,15826.8,5249.2,540.0,0.0,2765.0,24381,1,,JESSORE/Jhikorgachha,1,0.8325
Maize,BD40410038,6007.5,7727.6,378.7,802.3,3883.0,18799,1,,JESSORE/Keshabpur,1,0.667
Maize,BD40410047,20623.0,3991.5,3175.4,0.0,3772.1,31562,1,,JESSORE/Jessore,1,0.8049
Maize,BD40410061,18404.5,5202.6,1415.2,53.9,7419.8,32496,3,,JESSORE/Manirampur,1,0.7165
Maize,BD40410090,13211.8,7509.4,580.2,49.7,6547.9,27899,3,,JESSORE/Sarsa,1,0.6996
Maize,BD40440014,13388.6,4450.8,0.0,0.0,50.6,17890,1,,JHENAIDAH/Harinakundu,1,0.9474
Maize,BD40440019,19271.9,5429.3,5805.0,0.0,5549.8,36056,2,,JHENAIDAH/Jhenaidah,1,0.7355
Maize,BD40440033,15799.2,5160.9,2237.7,0.0,2260.3,25458,1,,JHENAIDAH/Kaliganj,1,0.8267
Maize,BD40440042,7555.4,2023.3,1156.2,0.0,1156.2,11891,1,,JHENAIDAH/Kotchandpur,1,0.8201
Maize,BD40440071,18900.9,7807.0,47.7,0.0,7178.3,33934,1,,JHENAIDAH/Maheshpur,1,0.7417
Maize,BD40440080,18606.0,7206.1,0.0,0.0,4252.8,30065,1,,JHENAIDAH/Sailkupa,1,0.8106
Maize,BD40470012,0.0,103.7,3221.3,10670.9,3895.1,17891,4,,KHULNA/Batiaghata,1,0.2139
Maize,BD40470017,0.0,0.0,0.0,1116.2,21428.8,22545,4,,KHULNA/Dacope,1,0.0099
Maize,BD40470030,2559.1,1498.9,7209.4,6873.0,18425.6,36566,4,,KHULNA/Dumuria,1,0.239
Maize,BD40470040,1612.9,394.8,504.0,67.2,1823.0,4402,4,,KHULNA/Dighalia (Daulathpur),1,0.4985
Maize,BD40470053,0.0,0.0,41.3,49.6,21054.1,21145,4,,KHULNA/Koyra,1,0.0014
Maize,BD40470064,1685.5,2289.2,1014.6,805.0,26313.6,32108,4,,KHULNA/Paikgachha,1,0.1303
Maize,BD40470069,1931.6,357.4,1175.4,151.2,1182.3,4798,3,,KHULNA/Phultala,1,0.591
Maize,BD40470075,699.2,936.4,942.6,486.9,2365.9,5431,4,,KHULNA/Rupsha,1,0.3714
Maize,BD40470094,1291.4,1312.3,138.9,645.7,12608.7,15997,4,,KHULNA/Terakhada,1,0.1588
Maize,BD40473300,0.0,400.0,1680.0,40.0,0.0,2120,2,,KHULNA/Khulna Metro,1,0.5509
Maize,BD40500015,5603.6,1907.2,904.4,1382.9,235.9,10034,3,,KUSHTIA/Bheramara,1,0.7831
Maize,BD40500039,13625.7,7878.7,1600.6,6257.5,2490.6,31853,3,,KUSHTIA/Daulatpur,1,0.6901
Maize,BD40500063,1602.2,1991.7,1506.7,1844.8,580.6,7526,3,,KUSHTIA/Khoksha,1,0.5737
Maize,BD40500071,5151.0,3865.9,1954.2,3637.5,1890.5,16499,3,,KUSHTIA/Kumarkhali,1,0.603
Maize,BD40500079,2417.5,12983.8,1035.1,868.4,5988.2,23293,3,,KUSHTIA/Kushtia,1,0.5794
Maize,BD40500094,11382.5,10355.1,80.7,587.1,3779.5,26185,1,,KUSHTIA/Mirpur,1,0.7571
Maize,BD40550057,8104.3,13609.5,2629.0,614.2,7535.0,32492,3,,MAGURA/Magura,1,0.6287
Maize,BD40550066,1968.8,6471.9,852.2,1248.8,7243.3,17785,4,,MAGURA/Mohammadpur,1,0.4398
Maize,BD40550085,6361.4,3324.2,4676.6,0.0,4434.8,18797,3,,MAGURA/Salikha,1,0.6043
Maize,BD40550095,4877.4,4795.0,845.0,302.3,2768.4,13588,3,,MAGURA/Sripur,1,0.6768
Maize,BD40570047,16508.9,8640.9,0.0,0.0,3946.2,29096,1,,MEHERPUR/Gangni,1,0.805
Maize,BD40570087,16307.1,9913.4,0.0,0.0,4262.5,30483,1,,MEHERPUR/Meherpur,1,0.7951
Maize,BD40650028,87.3,2142.3,936.3,571.3,21152.9,24890,4,,NARAIL/Kalia,1,0.0958
Maize,BD40650052,1661.4,9711.3,749.9,2595.1,7954.3,22672,4,,NARAIL/Lohagara,1,0.4554
Maize,BD40650076,3259.5,10261.6,212.6,0.0,13495.3,27229,4,,NARAIL/Narail,1,0.4251
Maize,BD40870004,2035.7,612.0,4858.2,7780.6,18633.5,33920,4,,SATKHIRA/Asasuni,1,0.1919
Maize,BD40870025,49.2,2000.3,1270.7,1360.8,9903.0,14584,4,,SATKHIRA/Debhata,1,0.1753
Maize,BD40870043,11288.6,1930.2,0.0,2702.3,971.8,16893,1,,SATKHIRA/Kalaroa,1,0.7916
Maize,BD40870047,0.0,598.3,3855.2,9296.6,12231.8,25982,4,,SATKHIRA/Kaliganj,1,0.1642
Maize,BD40870082,7932.4,2641.8,3991.0,8514.7,3998.1,27078,4,,SATKHIRA/Satkhira,1,0.5076
Maize,BD40870086,0.0,0.0,264.1,627.3,35746.6,36638,4,,SATKHIRA/Shyamnagar,1,0.007
Maize,BD40870090,12298.9,2785.4,4458.1,4346.1,2867.5,26756,3,,SATKHIRA/Tala,1,0.6587
Maize,BD45390007,9818.6,4834.1,2335.3,0.0,1426.0,18414,1,,JAMALPUR/Bakshiganj,1,0.8066
Maize,BD45390015,3713.0,8836.8,10123.3,0.0,33.9,22707,2,,JAMALPUR/Dewanganj,1,0.6978
Maize,BD45390029,7110.1,3255.0,15713.1,377.1,30.8,26486,2,,JAMALPUR/Islampur,1,0.6662
Maize,BD45390036,16339.9,7080.4,13751.7,1190.0,3912.1,42274,2,,JAMALPUR/Jamalpur,1,0.6888
Maize,BD45390058,6911.2,4986.5,10113.1,78.7,87.5,22177,2,,JAMALPUR/Madarganj,1,0.7202
Maize,BD45390061,5088.2,6815.5,7143.7,992.6,508.0,20548,2,,JAMALPUR/Melandaha,1,0.6965
Maize,BD45390085,11022.1,1362.8,7874.0,518.0,781.0,21558,2,,JAMALPUR/Sarishabari,1,0.7493
Maize,BD45610013,3064.2,10326.6,11360.2,2131.2,17131.8,44014,4,,MYMENSINGH/Bhaluka,1,0.3961
Maize,BD45610016,7839.3,1102.9,4506.8,3927.6,5633.5,23010,4,,MYMENSINGH/Dhobaura,1,0.5111
Maize,BD45610020,14924.9,6499.2,5740.9,3102.6,4286.4,34554,3,,MYMENSINGH/Phulbaria,1,0.6834
Maize,BD45610022,17410.3,4939.4,2815.1,3409.3,3387.0,31961,3,,MYMENSINGH/Gafargaon,1,0.7337
Maize,BD45610023,12778.6,4265.8,1155.7,394.6,4322.2,22917,3,,MYMENSINGH/Gouripur,1,0.7352
Maize,BD45610024,16741.3,374.9,5869.8,2199.9,5850.1,31036,3,,MYMENSINGH/Haluaghat,1,0.6578
Maize,BD45610031,19084.6,2312.6,345.8,698.8,1765.1,24207,1,,MYMENSINGH/Ishwarganj,1,0.8777
Maize,BD45610052,18399.2,5922.6,2310.5,516.0,3103.8,30252,1,,MYMENSINGH/Mymensingh,1,0.8064
Maize,BD45610065,15817.6,2230.2,2973.6,1427.9,2811.7,25261,2,,MYMENSINGH/Muktagachha,1,0.767
Maize,BD45610072,14172.6,2869.6,4563.9,1610.4,3930.5,27147,2,,MYMENSINGH/Nandail,1,0.7026
Maize,BD45610081,27524.5,3920.9,2789.5,4525.7,8062.4,46823,3,,MYMENSINGH/Phulpur,1,0.704
Maize,BD45610094,17466.3,2793.1,30.4,5548.1,2306.0,28144,3,,MYMENSINGH/Trisal,1,0.74
Maize,BD45720004,1724.3,4340.4,1902.6,4949.8,3181.0,16098,4,,NETRAKONA/Atpara,1,0.4434
Maize,BD45720009,1512.0,6278.6,1265.3,2546.5,7766.7,19369,4,,NETRAKONA/Barhatta,1,0.3963
Maize,BD45720018,5330.4,908.7,6044.4,4072.9,7853.6,24210,4,,NETRAKONA/Durgapur,1,0.4087
Maize,BD45720038,0.0,6.6,13.1,1094.9,19236.4,20351,4,,NETRAKONA/Khaliajuri,1,0.0113
Maize,BD45720040,2015.7,2494.0,3049.2,2169.4,24965.7,34694,4,,NETRAKONA/Kalmakanda,1,0.1721
Maize,BD45720047,7225.2,3177.5,4496.0,1410.8,8240.5,24550,4,,NETRAKONA/Kendua,1,0.5009
Maize,BD45720056,379.4,842.3,690.5,5637.8,12338.0,19888,4,,NETRAKONA/Madan,1,0.127
Maize,BD45720063,883.2,3266.3,822.3,3883.0,12456.2,21311,4,,NETRAKONA/Mohanganj,1,0.2198
Maize,BD45720074,8965.9,6270.0,2719.1,2102.8,6524.2,26582,3,,NETRAKONA/Netrakona,1,0.593
Maize,BD45720083,12747.3,1682.5,5002.6,128.4,5452.1,25013,2,,NETRAKONA/Purbadhala,1,0.6645
Maize,BD45890037,10857.1,2313.4,3811.8,35.1,2304.6,19322,2,,SHERPUR/Jhenaigati,1,0.7567
Maize,BD45890067,6320.4,5449.4,300.6,393.1,2967.5,15431,1,,SHERPUR/Nakla,1,0.7069
Maize,BD45890070,11406.2,233.0,4926.6,8602.1,5470.1,30638,4,,SHERPUR/Nalitabari,1,0.5149
Maize,BD45890088,17744.6,10961.4,1083.2,0.0,3034.8,32824,1,,SHERPUR/Sherpur,1,0.8243
Maize,BD45890090,13902.2,1717.1,3005.0,0.0,3995.6,22620,2,,SHERPUR/Sribardi,1,0.7418
Maize,BD50100006,7.5,1665.0,4106.0,5552.6,3284.8,14616,4,,BOGRA/Adamdighi,1,0.3081
Maize,BD50100020,5187.5,13545.5,7658.4,4688.8,1793.7,32874,2,,BOGRA/Bogra,1,0.6324
Maize,BD50100027,5129.8,9580.1,2546.2,0.0,2859.8,20116,2,,BOGRA/Dhunot,1,0.6993
Maize,BD50100033,0.0,3475.7,3318.0,7384.8,165.5,14344,4,,BOGRA/Dhubchachia,1,0.4125
Maize,BD50100040,3095.5,6487.5,6384.1,1668.4,1399.5,19035,2,,BOGRA/Gabtali,1,0.6205
Maize,BD50100054,0.0,9025.0,3919.1,8363.9,8.0,21316,4,,BOGRA/Kahalu,1,0.5091
Maize,BD50100067,0.0,16.1,5975.5,14950.9,3305.4,24248,4,,BOGRA/Nandigram,1,0.2471
Maize,BD50100081,4840.9,3461.4,6201.4,5220.6,4372.6,24097,4,,BOGRA/Shariakandi,1,0.4878
Maize,BD50100088,1903.3,7977.3,5784.4,6016.1,3699.0,25380,4,,BOGRA/Sherpur,1,0.4878
Maize,BD50100094,9669.7,5576.0,2043.0,8878.6,322.6,26490,3,,BOGRA/Shibganj,1,0.639
Maize,BD50100095,2873.7,5319.0,1752.2,381.6,825.5,11152,2,,BOGRA/Sonatala,1,0.7247
Maize,BD50380013,64.5,5944.8,2565.0,1589.0,2274.7,12438,3,,JOYPURHAT/Akkelpur,1,0.5162
Maize,BD50380047,822.6,13738.9,2088.1,2981.9,1091.5,20723,3,,JOYPURHAT/Joypurhat,1,0.6492
Maize,BD50380058,0.0,3871.4,5072.0,5300.7,0.0,14244,4,,JOYPURHAT/Kalai,1,0.4699
Maize,BD50380061,0.0,5441.7,2701.0,5212.0,71.3,13426,3,,JOYPURHAT/Khetlal,1,0.5025
Maize,BD50380074,17.8,8802.5,16633.0,365.7,330.0,26149,2,,JOYPURHAT/Panchbibi,1,0.5908
Maize,BD50640003,1158.8,645.7,1415.3,1220.7,19884.6,24325,4,,NAOGAON/Atrai,1,0.108
Maize,BD50640006,8838.2,4629.5,2582.3,1070.0,428.0,17548,1,,NAOGAON/Badalgachhi,1,0.8005
Maize,BD50640028,2709.7,18910.8,4247.6,162.7,724.2,26755,1,,NAOGAON/Dhamoirhat,1,0.7473
Maize,BD50640047,11478.5,10088.8,30.7,3624.0,9413.1,34635,3,,NAOGAON/Manda,1,0.5858
Maize,BD50640050,9011.1,23673.1,522.5,836.0,699.3,34742,1,,NAOGAON/Mohadebpur,1,0.8168
Maize,BD50640060,6056.8,3128.1,2936.4,3917.8,7620.9,23660,4,,NAOGAON/Naogaon,1,0.4569
Maize,BD50640069,39.2,37829.7,0.0,0.0,870.1,38739,1,,NAOGAON/Niamatpur,1,0.7822
Maize,BD50640075,2708.4,26245.6,47.9,0.0,3779.0,32781,1,,NAOGAON/Patnitala,1,0.7239
Maize,BD50640079,0.0,18917.0,8.2,115.1,3610.7,22651,1,,NAOGAON/Porsha,1,0.6693
Maize,BD50640085,612.5,529.3,12265.5,703.3,7864.4,21975,4,,NAOGAON/Raninagar,1,0.3326
Maize,BD50640086,0.0,13833.6,25.7,0.0,7740.6,21600,3,,NAOGAON/Shapahar,1,0.513
Maize,BD50690009,9478.3,701.5,1000.1,0.0,291.1,11471,1,,NATOR/Bagatipara,1,0.9188
Maize,BD50690015,5081.2,7764.3,2529.2,0.0,9678.3,25053,3,,NATOR/Baraigram,1,0.5012
Maize,BD50690041,2812.3,2861.9,1622.2,0.0,9074.5,16371,4,,NATOR/Gurudashpur,1,0.3612
Maize,BD50690044,12443.5,7720.7,1577.8,2177.4,2082.7,26002,3,,NATOR/Lalpur,1,0.7632
Maize,BD50690063,11230.7,2768.7,3971.2,742.3,13220.1,31933,4,,NATOR/Nator,1,0.4879
Maize,BD50690091,3343.6,320.0,12966.4,2903.6,28196.5,47730,4,,NATOR/Shingra,1,0.2234
Maize,BD50700018,2241.9,3140.4,1474.2,0.0,3829.5,10686,4,,NAWABGANJ/Bholahat,1,0.5139
Maize,BD50700037,3940.7,16471.5,945.1,33.8,6143.0,27534,3,,NAWABGANJ/Gomastapur,1,0.6391
Maize,BD50700056,814.3,24017.2,0.0,32.9,1266.7,26131,1,,NAWABGANJ/Nachol,1,0.7667
Maize,BD50700066,4163.3,15674.6,1397.2,7057.1,5269.8,33562,3,,NAWABGANJ/Nawabganj,1,0.5605
Maize,BD50700088,16727.2,15972.9,2950.9,3415.1,5818.9,44885,3,,NAWABGANJ/Shibganj,1,0.7054
Maize,BD50760005,2525.8,2328.8,1836.3,0.0,7873.0,14564,4,,PABNA/Atgharia,1,0.3644
Maize,BD50760016,1372.9,1595.7,1451.9,1940.7,10939.8,17301,4,,PABNA/Bera,1,0.2175
Maize,BD50760019,337.5,1761.8,49.4,1951.2,6364.0,10464,4,,PABNA/Bhangura,1,0.2066
Maize,BD50760022,3800.3,4652.1,138.3,2089.4,14909.9,25590,4,,PABNA/Chatmohar,1,0.313
Maize,BD50760033,136.0,339.9,15.1,45.3,11820.7,12357,4,,PABNA/Faridpur,1,0.0344
Maize,BD50760039,8035.8,2814.6,5960.0,471.4,2540.2,19822,2,,PABNA/Ishwardi,1,0.6741
Maize,BD50760055,7562.9,7596.4,8921.2,2708.2,6917.3,33706,3,,PABNA/Pabna,1,0.5531
Maize,BD50760072,4212.6,4536.0,207.9,3473.3,15618.2,28048,4,,PABNA/Santhia,1,0.308
Maize,BD50760083,3343.6,2148.5,3999.9,1872.2,13360.8,24725,4,,PABNA/Sujanagar,1,0.3008
Maize,BD50810010,7876.9,2213.7,409.7,1671.9,931.8,13104,1,,RAJSHAHI/Bagha,1,0.7774
Maize,BD50810012,11612.6,3339.0,77.3,836.5,12561.6,28427,3,,RAJSHAHI/Bagmara,1,0.5097
Maize,BD50810025,11636.2,739.7,14.8,177.5,125.8,12694,1,,RAJSHAHI/Charghat,1,0.9667
Maize,BD50810031,12523.2,865.7,0.0,0.0,2821.1,16210,1,,RAJSHAHI/Durgapur,1,0.8153
Maize,BD50810034,2120.1,34202.1,2207.7,516.9,3180.2,42227,1,,RAJSHAHI/Godagari,1,0.7268
Maize,BD50810053,7353.0,2772.0,0.0,0.0,3020.0,13145,1,,RAJSHAHI/Mohanpur,1,0.7281
Maize,BD50810072,13067.5,3455.1,673.6,134.7,2409.1,19740,1,,RAJSHAHI/Paba,1,0.8204
Maize,BD50810082,11253.8,2830.3,22.5,0.0,1809.3,15916,1,,RAJSHAHI/Puthia,1,0.85
Maize,BD50810094,117.3,23975.9,0.0,0.0,1861.8,25955,1,,RAJSHAHI/Tanor,1,0.7435
Maize,BD50816600,0.0,0.0,0.0,0.0,0.0,0,4,,RAJSHAHI/Boalia (Rajshahi),1,
Maize,BD50880011,3163.4,2963.6,558.3,1206.1,2191.7,10083,3,,SIRAJGANJ/Belkuchi,1,0.6005
Maize,BD50880027,400.2,133.4,652.9,7.0,11893.4,13087,4,,SIRAJGANJ/Chauhali,1,0.0638
Maize,BD50880044,2236.9,4179.5,7.4,919.8,338.5,7682,1,,SIRAJGANJ/Kamarkhanda,1,0.7509
Maize,BD50880050,4651.9,2076.6,2287.8,2217.4,9896.3,21130,4,,SIRAJGANJ/Kazipur,1,0.3739
Maize,BD50880061,12724.2,3844.7,2771.9,1401.6,986.6,21729,2,,SIRAJGANJ/Raiganj,1,0.8038
Maize,BD50880067,6517.2,6690.9,187.6,4585.6,5245.7,23227,4,,SIRAJGANJ/Shahzadpur,1,0.5546
Maize,BD50880078,8026.2,4512.3,3094.6,1989.4,5053.5,22676,4,,SIRAJGANJ/Sirajganj,1,0.5989
Maize,BD50880089,609.2,1640.9,4508.3,1389.0,18658.6,26806,4,,SIRAJGANJ/Taras,1,0.1662
Maize,BD50880094,8877.0,15532.7,427.2,5677.2,4589.9,35104,3,,SIRAJGANJ/Ullapara,1,0.6453
Maize,BD55270010,0.0,13393.1,4488.8,257.0,771.1,18910,1,,DINAJPUR/Birampur,1,0.688
Maize,BD55270012,27921.5,5443.3,2486.8,575.1,267.3,36694,1,,DINAJPUR/Birganj,1,0.9166
Maize,BD55270017,12127.3,13186.1,1860.8,3665.5,136.4,30976,1,,DINAJPUR/Biral,1,0.7858
Maize,BD55270021,14870.5,4245.3,411.1,87.0,237.2,19851,1,,DINAJPUR/Bochaganj,1,0.9314
Maize,BD55270030,16196.9,6981.8,1927.6,2209.7,289.9,27606,1,,DINAJPUR/Chirirbandar,1,0.84
Maize,BD55270038,19.5,12432.8,7813.2,244.2,195.3,20705,3,,DINAJPUR/Fulbari,1,0.6724
Maize,BD55270043,258.2,4631.8,7649.8,0.0,484.2,13024,2,,DINAJPUR/Ghoraghat,1,0.598
Maize,BD55270047,0.0,1335.7,6558.5,0.0,1063.8,8958,2,,DINAJPUR/Hakimpur,1,0.4854
Maize,BD55270056,13938.9,1920.8,75.9,1586.7,98.7,17621,1,,DINAJPUR/Kaharol,1,0.8984
Maize,BD55270060,13794.3,444.7,0.0,306.2,218.7,14764,1,,DINAJPUR/Khansama,1,0.9626
Maize,BD55270064,12816.1,11627.7,77.7,4714.8,38.8,29275,1,,DINAJPUR/Dinajpur,1,0.7891
Maize,BD55270069,4433.6,9310.5,11970.6,901.2,327.1,26943,2,,DINAJPUR/Nawabganj,1,0.6698
Maize,BD55270077,12089.4,16468.8,3782.2,3698.0,344.5,36383,1,,DINAJPUR/Parbatipur,1,0.7667
Maize,BD55320021,2415.8,5404.3,7158.0,0.0,7694.9,22673,3,,GAIBANDHA/Phulchhari,1,0.4551
Maize,BD55320024,7964.0,16113.6,815.0,48.4,2235.1,27176,1,,GAIBANDHA/Gaibandha,1,0.7827
Maize,BD55320030,16765.4,7390.9,12452.8,1102.0,653.9,38365,2,,GAIBANDHA/Gobindaganj,1,0.7592
Maize,BD55320067,11630.1,3019.4,0.0,295.9,667.6,15613,1,,GAIBANDHA/Palashbari,1,0.9034
Maize,BD55320082,10567.7,7943.5,1103.3,0.0,488.6,20103,1,,GAIBANDHA/Sadullapur,1,0.8692
Maize,BD55320088,7949.4,6053.0,1741.6,874.7,1718.4,18337,1,,GAIBANDHA/Shaghata,1,0.7546
Maize,BD55320091,13548.8,12793.1,4215.0,0.0,2088.0,32645,1,,GAIBANDHA/Sundarganj,1,0.7931
Maize,BD55490006,6941.3,7930.1,4074.9,579.3,469.4,19995,2,,KURIGRAM/Bhurungamari,1,0.7721
Maize,BD55490008,428.2,2083.6,4103.3,0.0,2562.9,9178,3,,KURIGRAM/Rajibpur (Dhushmara),1,0.4518
Maize,BD55490009,328.8,3696.4,2154.4,0.0,4263.4,10443,4,,KURIGRAM/Chilmari,1,0.4178
Maize,BD55490018,4611.3,6225.3,2598.3,0.0,124.2,13559,1,,KURIGRAM/Phulbari,1,0.8032
Maize,BD55490052,3762.9,8526.5,5838.7,0.0,3117.8,21246,2,,KURIGRAM/Kurigram,1,0.6356
Maize,BD55490061,10466.1,14402.2,4951.9,0.0,5078.9,34899,2,,KURIGRAM/Nageshwari,1,0.701
Maize,BD55490077,8762.1,3361.4,1419.3,0.0,687.2,14230,1,,KURIGRAM/Rajarhat,1,0.8546
Maize,BD55490079,14.7,14722.3,95.6,0.0,2109.5,16942,1,,KURIGRAM/Ruhumari,1,0.6989
Maize,BD55490094,1839.9,16868.8,3034.9,0.0,5222.5,26966,3,,KURIGRAM/Ulipur,1,0.6249
Maize,BD55520002,9307.0,6158.0,1049.7,0.0,647.3,17162,1,,LALMONIRHAT/Aditmari,1,0.8599
Maize,BD55520033,8367.4,5347.7,6435.9,0.0,0.0,20151,2,,LALMONIRHAT/Hatibanda,1,0.7872
Maize,BD55520039,11853.2,5450.7,3439.2,0.0,502.9,21246,1,,LALMONIRHAT/Kaliganj,1,0.8441
Maize,BD55520055,13046.2,4804.7,2803.5,0.0,582.6,21237,1,,LALMONIRHAT/Lalmonirhat,1,0.8613
Maize,BD55520070,16564.0,5564.4,59.6,0.0,0.0,22188,1,,LALMONIRHAT/Patgram,1,0.9485
Maize,BD55730012,13660.5,7651.6,6128.1,629.8,17.0,28087,2,,NILPHAMARI/Dimla,1,0.8179
Maize,BD55730015,7214.0,13647.0,0.0,0.0,0.0,20861,1,,NILPHAMARI/Domar,1,0.8692
Maize,BD55730036,12874.3,9901.1,1225.1,1046.0,200.6,25247,1,,NILPHAMARI/Jaldhaka,1,0.8562
Maize,BD55730045,14193.1,9182.8,268.1,0.0,67.0,23711,1,,NILPHAMARI/Kishorganj,1,0.9141
Maize,BD55730064,14495.8,18075.2,0.0,0.0,138.0,32709,1,,NILPHAMARI/Nilphamari,1,0.8853
Maize,BD55730085,2741.4,5154.4,2240.7,0.0,139.5,10276,1,,NILPHAMARI/Saidpur,1,0.7771
Maize,BD55770004,15119.2,4767.6,272.2,0.0,0.0,20159,1,,PANCHAGARH/Atwari,1,0.9459
Maize,BD55770025,21405.6,3301.4,1698.5,0.0,67.5,26473,1,,PANCHAGARH/Boda,1,0.9404
Maize,BD55770034,11032.4,11694.5,1252.2,50.4,21.6,24051,1,,PANCHAGARH/Debiganj,1,0.8741
Maize,BD55770073,23616.2,7431.8,0.0,0.0,0.0,31048,1,,PANCHAGARH/Panchagar,1,0.9521
Maize,BD55770090,5526.7,11127.5,0.0,0.0,101.8,16756,1,,PANCHAGARH/Tetulia,1,0.8611
Maize,BD55850003,8593.2,15950.8,2713.7,0.0,32.3,27290,1,,RANGPUR/Badarganj,1,0.8322
Maize,BD55850027,11130.2,4579.3,2213.5,0.0,17.9,17941,1,,RANGPUR/Gangachara,1,0.8863
Maize,BD55850042,6458.5,3197.1,2996.3,0.0,0.0,12652,1,,RANGPUR/Kaunia,1,0.831
Maize,BD55850049,17760.9,8742.4,222.4,0.0,38.3,26764,1,,RANGPUR/Rangpur,1,0.9291
Maize,BD55850058,23874.9,15743.7,4776.5,0.0,227.8,44623,1,,RANGPUR/Mithapukur,1,0.8708
Maize,BD55850073,6790.1,13998.2,2098.2,0.0,193.6,23080,1,,RANGPUR/Pirgachha,1,0.8249
Maize,BD55850076,12384.8,15541.2,8202.1,0.0,209.9,36338,1,,RANGPUR/Pirganj,1,0.7958
Maize,BD55850092,6770.5,3193.8,1485.8,0.0,46.0,11496,1,,RANGPUR/Taraganj,1,0.8758
Maize,BD55940008,18287.9,2465.0,4812.1,0.0,0.0,25565,1,,THAKURGAON/Baliadangi,1,0.8866
Maize,BD55940051,12216.4,3090.9,2355.0,0.0,404.8,18067,1,,THAKURGAON/Haripur,1,0.8782
Maize,BD55940082,10509.0,12412.9,7278.3,22.5,427.3,30650,1,,THAKURGAON/Pirganj,1,0.7857
Maize,BD55940086,9430.9,9820.1,7792.8,0.0,308.1,27352,2,,THAKURGAON/Ranisonkail,1,0.7745
Maize,BD55940094,40581.4,13142.8,6558.9,0.0,0.0,60283,1,,THAKURGAON/Thakurgaon,1,0.902
Maize,BD60360002,0.0,0.0,0.0,3671.8,12279.2,15951,4,,HABIGANJ/Ajmiriganj,1,0.046
Maize,BD60360005,429.6,8592.4,5602.3,0.0,7681.7,22306,4,,HABIGANJ/Bahubal,1,0.453
Maize,BD60360011,188.6,762.6,8.2,8487.0,33808.6,43255,4,,HABIGANJ/Baniyachang,1,0.0578
Maize,BD60360026,8216.3,4834.4,5516.9,0.0,9540.4,28108,4,,HABIGANJ/Chunarughat,1,0.528
Maize,BD60360044,1047.1,6658.2,615.5,983.1,12661.0,21965,4,,HABIGANJ/Habiganj,1,0.3131
Maize,BD60360068,42.1,1186.9,8.4,4739.1,11136.5,17113,4,,HABIGANJ/Lakhai,1,0.1136
Maize,BD60360071,11729.8,5537.4,1012.2,3589.5,3513.0,25382,3,,HABIGANJ/Madhabpur,1,0.6849
Maize,BD60360077,1606.7,5496.6,3051.9,3420.9,22608.9,36185,4,,HABIGANJ/Nabiganj,1,0.227
Maize,BD60580014,7732.5,9613.1,4584.1,470.2,16892.2,39292,4,,MOULVI BAZAR/Barlekha,1,0.4532
Maize,BD60580056,9457.7,6791.9,2483.3,16.6,11830.5,30580,3,,MOULVI BAZAR/Kamalganj,1,0.5277
Maize,BD60580065,22748.4,2994.7,4070.5,942.0,12944.3,43700,3,,MOULVI BAZAR/Kulaura,1,0.6263
Maize,BD60580074,926.6,75.3,8482.1,791.0,16904.0,27179,4,,MOULVI BAZAR/Moulvi Bazar,1,0.1982
Maize,BD60580080,3360.0,179.3,5073.2,976.1,13453.3,23042,4,,MOULVI BAZAR/Rajnagar,1,0.2706
Maize,BD60580083,11285.8,0.0,2987.7,0.0,18358.5,32632,4,,MOULVI BAZAR/Srimangal,1,0.3916
Maize,BD60900018,2163.7,1248.6,2138.0,1291.4,10835.4,17677,4,,SUNAMGANJ/Bishambarpur,1,0.254
Maize,BD60900023,1705.9,5982.3,1713.7,4393.2,21233.9,35029,4,,SUNAMGANJ/Chhatak,1,0.2349
Maize,BD60900029,745.1,2358.2,0.0,401.2,33776.4,37281,4,,SUNAMGANJ/Dirai,1,0.0727
Maize,BD60900032,66.3,1085.2,8.3,1797.6,36316.6,39274,4,,SUNAMGANJ/Dharmapasha,1,0.0331
Maize,BD60900033,8432.5,4427.7,224.4,1942.0,15104.3,30131,4,,SUNAMGANJ/Dwarabazar,1,0.414
Maize,BD60900047,754.9,4781.1,1509.8,125.8,24959.3,32131,4,,SUNAMGANJ/Jagannathpur,1,0.1668
Maize,BD60900050,6.0,53.8,0.0,645.8,27839.4,28545,4,,SUNAMGANJ/Jamalganj,1,0.0062
Maize,BD60900086,0.0,194.8,0.0,288.4,21814.8,22298,4,,SUNAMGANJ/Sulla,1,0.0096
Maize,BD60900089,688.8,1186.2,0.0,889.6,49494.4,52259,4,,SUNAMGANJ/Sunamganj,1,0.0347
Maize,BD60900092,607.3,1009.7,3168.2,2824.3,15065.4,22675,4,,SUNAMGANJ/Tahirpur,1,0.1572
Maize,BD60910008,1195.8,1166.8,7950.2,0.0,20705.2,31018,4,,SYLHET/Balaganj,1,0.1968
Maize,BD60910017,1852.3,4025.5,3343.5,40.1,8786.6,18048,4,,SYLHET/Beani Bazar,1,0.3741
Maize,BD60910020,412.5,50.7,9964.7,658.5,5680.7,16767,4,,SYLHET/Bishwanath,1,0.332
Maize,BD60910027,1356.0,4789.8,251.5,2427.7,19738.9,28564,4,,SYLHET/Companiganj,1,0.203
Maize,BD60910035,376.2,2100.5,760.2,0.0,5400.1,8637,4,,SYLHET/Fenchuganj,1,0.2821
Maize,BD60910038,4235.8,4336.9,2219.0,234.1,5151.1,16177,4,,SYLHET/Golapganj,1,0.5478
Maize,BD60910041,9922.3,521.0,5917.6,1950.2,26260.9,44572,4,,SYLHET/Gowainghat,1,0.3071
Maize,BD60910053,4716.9,0.0,3580.9,123.5,8618.8,17040,4,,SYLHET/Jaintapur,1,0.3833
Maize,BD60910059,4413.9,315.8,8871.8,851.9,15459.6,29913,4,,SYLHET/Kanaighat,1,0.31
Maize,BD60910062,10189.6,532.4,9192.2,1132.2,15742.6,36789,4,,SYLHET/Sylhet,1,0.4196
Maize,BD60910094,3357.3,42.1,6019.3,259.9,9601.4,19280,4,,SYLHET/Zakiganj,1,0.3347
Mung,BD10040009,40.5,13158.6,13969.3,12639.7,4361.9,44170,4,,BARGUNA/Amtali,1,0.4546
Mung,BD10040019,7186.5,15.5,0.0,0.0,0.0,7202,1,,BARGUNA/Bamna,1,0.9996
Mung,BD10040028,200.8,10891.5,10273.0,3911.6,0.0,25277,2,,BARGUNA/Borguna,1,0.5868
Mung,BD10040047,8228.9,288.6,63.4,0.0,2710.1,11291,1,,BARGUNA/Betagi,1,0.7521
Mung,BD10040085,1145.5,5911.4,10668.5,26.2,1871.4,19623,2,,BARGUNA/Patharghata,1,0.5715
Mung,BD10060002,1216.4,1007.5,3134.3,29.9,7485.0,12873,4,,BARISAL/Agailjhara,1,0.2793
Mung,BD10060003,10825.0,0.0,0.0,0.0,0.0,10825,1,,BARISAL/Babuganj,1,1.0
Mung,BD10060007,25463.8,2887.0,66.9,0.0,3213.3,31631,1,,BARISAL/Bakerganj,1,0.8791
Mung,BD10060010,2760.5,36.4,196.7,0.0,7123.4,10117,4,,BARISAL/Banaripara,1,0.2855
Mung,BD10060032,7387.7,1390.6,988.5,6.6,698.6,10472,1,,BARISAL/Gaurnadi,1,0.859
Mung,BD10060036,17513.2,0.0,553.5,0.0,1587.4,19654,1,,BARISAL/Hizla,1,0.9052
Mung,BD10060051,19134.9,0.0,0.0,0.0,86.1,19221,1,,BARISAL/Barisal,1,0.9955
Mung,BD10060062,24638.0,0.0,952.3,0.0,18.7,25609,1,,BARISAL/Mehendiganj,1,0.9807
Mung,BD10060069,18300.4,0.0,410.9,0.0,73.7,18785,1,,BARISAL/Muladi,1,0.9851
Mung,BD10060094,4359.3,2618.4,4026.7,7.1,8520.5,19532,4,,BARISAL/Ujirpur,1,0.4336
Mung,BD10090018,11515.9,0.0,11192.3,213.3,551.5,23473,2,,BHOLA/Bhola,1,0.7308
Mung,BD10090021,3046.3,0.0,7774.6,7673.2,141.8,18636,4,,BHOLA/Burhanuddin,1,0.4544
Mung,BD10090025,676.7,0.0,15213.3,15072.7,13719.2,44682,4,,BHOLA/Char Fasson,1,0.2529
Mung,BD10090029,3355.9,0.0,4859.6,186.4,0.0,8402,2,,BHOLA/Daulatkhan,1,0.6931
Mung,BD10090054,10322.4,0.0,6469.1,1364.1,3403.3,21559,2,,BHOLA/Lalmohan,1,0.6415
Mung,BD10090065,0.0,0.0,135.5,6928.3,8334.2,15398,4,,BHOLA/Monpura,1,0.0944
Mung,BD10090091,7658.7,0.0,1769.2,0.0,757.1,10185,1,,BHOLA/Tajumuddin,1,0.8388
Mung,BD10420040,10752.2,2150.4,0.0,0.0,2834.3,15737,1,,JHALAKATI/Jhalakati,1,0.7926
Mung,BD10420043,4935.5,294.5,0.0,0.0,6710.0,11940,4,,JHALAKATI/Kathalia,1,0.4331
Mung,BD10420073,15257.0,0.0,0.0,0.0,0.0,15257,1,,JHALAKATI/Nalchiti,1,1.0
Mung,BD10420084,10156.6,2020.0,0.0,0.0,261.3,12438,1,,JHALAKATI/Rajapur,1,0.9465
Mung,BD10780038,33596.9,1288.3,1169.5,0.0,18.3,36073,1,,PATUAKHALI/Bauphal,1,0.9761
Mung,BD10780052,10004.9,2052.3,487.4,1436.6,2881.8,16863,3,,PATUAKHALI/Dashmina,1,0.7222
Mung,BD10780057,22060.7,4717.3,2321.2,3126.1,27526.7,59752,4,,PATUAKHALI/Galachipa,1,0.4622
Mung,BD10780066,0.0,0.0,15253.8,13959.6,6052.6,35266,4,,PATUAKHALI/Kalapara,1,0.2954
Mung,BD10780076,5862.5,2445.0,198.6,0.0,3492.9,11999,3,,PATUAKHALI/Mirzaganj,1,0.6599
Mung,BD10780095,21550.0,7591.0,7.7,0.0,1061.3,30210,1,,PATUAKHALI/Patuakhali,1,0.9145
Mung,BD10790014,6700.5,2428.7,0.0,0.0,1285.8,10415,1,,PIROJPUR/Bhandaria,1,0.8299
Mung,BD10790047,680.9,4135.1,0.0,0.0,0.0,4816,1,,PIROJPUR/Kawkhali,1,0.8283
Mung,BD10790058,2190.6,19083.7,1565.7,0.0,47.0,22887,1,,PIROJPUR/Mathbaria,1,0.797
Mung,BD10790076,1886.8,4204.6,3441.4,42.4,7094.8,16670,4,,PIROJPUR/Nazirpur,1,0.4187
Mung,BD10790080,3492.0,13986.2,2820.8,0.0,0.0,20299,1,,PIROJPUR/Pirojpur,1,0.7927
Mung,BD10790087,48.9,2734.3,0.0,0.0,8771.8,11555,4,,PIROJPUR/Sarupkati,1,0.1935
Mung,BD20030004,287.0,747.6,181.2,0.0,22248.1,23464,4,,BANDARBAN/Alikadam,1,0.0416
Mung,BD20030014,101.8,0.0,41.3,0.0,15202.9,15346,4,,BANDARBAN/Bandarban,1,0.008
Mung,BD20030051,543.1,64.1,0.0,130.0,15726.8,16464,4,,BANDARBAN/Lama,1,0.0377
Mung,BD20030073,142.6,12.7,88.7,49.1,7957.8,8251,4,,BANDARBAN/Naikhongchhari,1,0.0251
Mung,BD20030089,40.3,0.0,223.9,0.0,10009.8,10274,4,,BANDARBAN/Rowangchhari,1,0.0148
Mung,BD20030091,0.0,0.0,193.8,0.0,7202.2,7396,4,,BANDARBAN/Ruma,1,0.0131
Mung,BD20030095,71.4,14.5,382.2,0.0,5130.0,5598,4,,BANDARBAN/Thanchi,1,0.049
Mung,BD20120002,1364.8,1132.0,1713.9,1333.0,3216.2,8760,4,,BRAHMANBARIA/Akhaura,1,0.3874
Mung,BD20120004,1444.4,1444.4,2699.7,2374.6,6601.9,14565,4,,BRAHMANBARIA/Banchharampur,1,0.3038
Mung,BD20120013,899.1,2115.9,12959.1,10734.7,16377.2,43086,4,,BRAHMANBARIA/Brahmanbaria,1,0.2604
Mung,BD20120063,1207.4,407.5,6595.5,5637.1,3667.5,17515,4,,BRAHMANBARIA/Kasba,1,0.3402
Mung,BD20120085,1050.0,0.0,5274.2,15378.3,7406.5,29109,4,,BRAHMANBARIA/Nabinagar,1,0.2323
Mung,BD20120090,15.7,0.0,1511.5,13233.3,11060.5,25821,4,,BRAHMANBARIA/Nasirnagar,1,0.1324
Mung,BD20120094,281.2,0.0,4551.3,3215.8,10455.7,18504,4,,BRAHMANBARIA/Sarail,1,0.1729
Mung,BD20130022,490.0,0.0,5319.5,6255.9,435.6,12501,4,,CHANDPUR/Chandpur,1,0.352
Mung,BD20130045,6335.7,0.0,7471.2,1208.0,628.1,15643,2,,CHANDPUR/Faridganj,1,0.6593
Mung,BD20130047,2438.4,0.0,4150.6,9.0,0.0,6598,2,,CHANDPUR/Haimchar,1,0.6844
Mung,BD20130049,0.0,0.0,3443.9,7760.1,2268.1,13472,4,,CHANDPUR/Hajiganj,1,0.243
Mung,BD20130058,168.4,0.0,6525.9,7960.4,3138.4,17793,4,,CHANDPUR/Kachua,1,0.2823
Mung,BD20130076,527.3,0.0,6465.7,14308.8,5312.3,26614,4,Matlab,CHANDPUR/Matlab,1,0.2488
Mung,BD20130079,527.3,0.0,6465.7,14308.8,5312.3,26614,4,Matlab,CHANDPUR/Matlab,1,0.2488
Mung,BD20130095,0.0,0.0,7681.9,1968.6,2166.5,11817,3,,CHANDPUR/Shahrasti,1,0.3584
Mung,BD20150004,6856.7,17.6,1202.4,0.0,1384.3,9461,1,,CHITTAGONG/Anwara,1,0.7898
Mung,BD20150008,12640.9,0.0,1378.9,645.3,11363.9,26029,4,,CHITTAGONG/Banskhali,1,0.5171
Mung,BD20150012,6814.2,0.0,0.0,0.0,178.8,6993,1,,CHITTAGONG/Boalkhali,1,0.9744
Mung,BD20150018,4085.4,0.0,1200.1,0.0,6080.5,11366,4,,CHITTAGONG/Chandanais,1,0.4122
Mung,BD20150033,6256.8,1385.3,8506.8,879.9,6619.1,23648,4,,CHITTAGONG/Fatikchhari,1,0.4988
Mung,BD20150037,5510.6,409.4,1931.3,0.0,4665.7,12517,4,,CHITTAGONG/Hathazari,1,0.5436
Mung,BD20150047,644.2,0.0,85.9,5.4,11773.5,12509,4,,CHITTAGONG/Lohagora,1,0.055
Mung,BD20150053,10687.7,1624.8,2168.1,1883.3,6346.1,22710,4,,CHITTAGONG/Mirsharai,1,0.5922
Mung,BD20150061,7585.9,3.6,264.0,0.0,4135.5,11989,3,,CHITTAGONG/Patia,1,0.644
Mung,BD20150070,6375.7,2409.7,3614.6,0.0,7151.0,19551,4,,CHITTAGONG/Rangunia,1,0.5171
Mung,BD20150074,8841.4,463.0,3860.1,0.0,719.6,13884,2,,CHITTAGONG/Rauzan,1,0.8025
Mung,BD20150078,650.0,38.8,3696.2,17035.6,5966.3,27387,4,,CHITTAGONG/Sandwip,1,0.2168
Mung,BD20150082,7827.7,75.3,1835.3,0.0,6698.7,16437,4,,CHITTAGONG/Satkania,1,0.5357
Mung,BD20150086,3646.3,1556.9,193.6,169.4,3710.8,9277,4,,CHITTAGONG/Sitakunda,1,0.5414
Mung,BD20151600,0.0,0.0,0.0,0.0,0.0,0,4,,CHITTAGONG/Patenga; CHITTAGONG/Double Mooring; CHITTAGONG/Panchlais,3,
Mung,BD20190009,384.7,0.0,8448.9,9650.2,47.2,18531,4,,COMILLA/Barura,1,0.3529
Mung,BD20190015,829.5,0.0,2695.9,5806.5,1175.1,10507,4,,COMILLA/Brahmanpara,1,0.3178
Mung,BD20190018,6006.7,0.0,2792.2,3536.7,465.4,12801,3,,COMILLA/Burichang,1,0.6336
Mung,BD20190027,375.2,0.0,6732.9,826.8,7657.0,15592,4,,COMILLA/Chandina,1,0.2506
Mung,BD20190031,4180.8,0.0,16106.0,1504.1,131.1,21922,2,,COMILLA/Chauddagram,1,0.5718
Mung,BD20190036,20.2,0.0,30.3,2060.4,37531.1,39642,4,,COMILLA/Daudkandi,1,0.0113
Mung,BD20190040,905.7,0.0,11339.1,4328.8,2189.4,18763,3,,COMILLA/Debiduar,1,0.3966
Mung,BD20190054,49.9,16.6,49.9,990.5,12643.9,13751,4,,COMILLA/Homna,1,0.0208
Mung,BD20190067,12641.4,0.0,2566.7,3342.9,2021.1,20572,2,,COMILLA/Comilla,1,0.7094
Mung,BD20190072,206.8,0.0,13334.8,16058.3,3799.1,33399,4,,COMILLA/Laksham,1,0.302
Mung,BD20190081,530.3,0.0,7640.8,7640.8,13250.1,29062,4,,COMILLA/Muradnagar,1,0.2023
Mung,BD20190087,0.0,0.0,18120.4,744.3,405.3,19270,2,,COMILLA/Nangalkot,1,0.4779
Mung,BD20220016,6437.4,3709.1,3596.1,3400.0,20233.4,37376,4,,COX'S BAZAR/Chakaria,1,0.3179
Mung,BD20220024,3220.4,1799.7,560.4,1184.0,9503.5,16268,4,,COX'S BAZAR/Cox's Bazar,1,0.3182
Mung,BD20220045,950.8,0.0,4569.6,329.9,659.7,6510,2,,COX'S BAZAR/Kutubdia,1,0.5072
Mung,BD20220049,550.0,67.3,2082.0,1795.8,11627.9,16123,4,,COX'S BAZAR/Moheshkhali,1,0.1243
Mung,BD20220066,2756.8,170.0,709.1,0.0,11418.0,15054,4,,COX'S BAZAR/Ramu,1,0.2157
Mung,BD20220090,134.1,597.3,800.5,902.1,10626.0,13060,4,,COX'S BAZAR/Teknaf,1,0.0913
Mung,BD20220094,671.1,24.9,93.2,0.0,7465.9,8255,4,,COX'S BAZAR/Ukhia,1,0.0893
Mung,BD20300014,10205.2,141.7,243.0,4.0,0.0,10594,1,,FENI/Chhagalnaiya,1,0.9856
Mung,BD20300025,6763.1,0.0,2251.7,3012.8,337.4,12365,3,,FENI/Daganbhuiya,1,0.6867
Mung,BD20300029,4425.5,0.0,10123.0,590.1,452.4,15591,2,,FENI/Feni,1,0.6161
Mung,BD20300051,12372.4,4556.6,0.0,0.0,0.0,16929,1,,FENI/Parshuram,1,0.9462
Mung,BD20300094,1412.5,0.0,15013.7,493.9,0.0,16920,2,,FENI/Sonagazi,1,0.533
Mung,BD20460043,1092.5,0.0,0.0,2203.0,12290.6,15586,4,,KHAGRACHHARI/Dighinala,1,0.0984
Mung,BD20460049,781.1,3.2,22.6,374.4,7388.6,8570,4,,KHAGRACHHARI/Khagrachhari,1,0.1015
Mung,BD20460061,193.4,0.0,9.3,0.0,4397.3,4600,4,,KHAGRACHHARI/Laksmichhari,1,0.0431
Mung,BD20460065,549.8,0.0,0.0,193.5,7748.7,8492,4,,KHAGRACHHARI/Mohalchhari,1,0.0693
Mung,BD20460067,547.4,0.0,76.3,0.0,6236.4,6860,4,,KHAGRACHHARI/Manikchhari,1,0.0853
Mung,BD20460070,550.9,133.5,634.4,0.0,17336.2,18655,4,,KHAGRACHHARI/Matiranga,1,0.0523
Mung,BD20460077,610.5,0.0,256.7,28.0,8984.8,9880,4,,KHAGRACHHARI/Panchhari,1,0.0753
Mung,BD20460080,139.7,0.0,20.4,49.5,9522.5,9732,4,,KHAGRACHHARI/Ramgarh,1,0.0164
Mung,BD20510043,4799.0,0.0,27700.5,425.5,0.0,32925,2,,LAKSHMIPUR/Laksmipur,1,0.569
Mung,BD20510058,4832.9,0.0,5445.6,280.6,0.0,10559,2,,LAKSHMIPUR/Raipur,1,0.7209
Mung,BD20510065,1833.9,0.0,9080.9,0.0,1561.2,12476,2,,LAKSHMIPUR/Ramganj,1,0.5109
Mung,BD20510073,0.0,357.5,3448.0,28619.2,4252.3,36677,4,,LAKSHMIPUR/Ramgati,1,0.2109
Mung,BD20750007,1047.5,0.0,6187.5,23207.9,143.1,30586,4,,NOAKHALI/Begumganj,1,0.2872
Mung,BD20750010,87.2,0.0,6015.4,971.4,1918.0,8992,3,,NOAKHALI/Chatkhil,1,0.3658
Mung,BD20750021,5998.3,0.0,7909.9,9399.5,3981.3,27289,4,,NOAKHALI/Companiganj,1,0.4336
Mung,BD20750036,227.1,486.6,5774.7,10096.0,19692.5,36277,4,,NOAKHALI/Hatiya,1,0.1522
Mung,BD20750080,3327.4,0.0,5402.8,3631.8,0.0,12362,3,,NOAKHALI/Senbag,1,0.5464
Mung,BD20750087,486.0,1155.1,28088.0,18579.8,19629.2,67938,4,,NOAKHALI/Noakhali,1,0.2822
Mung,BD20840007,477.4,0.0,379.5,253.0,16015.2,17125,4,,RANGAMATI/Baghaichhari,1,0.0419
Mung,BD20840021,108.3,0.0,491.1,305.5,9408.1,10313,4,,RANGAMATI/Barkal,1,0.0402
Mung,BD20840025,131.5,0.0,25.3,0.0,12664.2,12821,4,,RANGAMATI/Kawkhali (Betbunia),1,0.0112
Mung,BD20840029,74.1,0.0,0.0,0.0,5662.9,5737,4,,RANGAMATI/Belaichhari,1,0.0129
Mung,BD20840036,127.1,0.0,0.0,0.0,5961.9,6089,4,,RANGAMATI/Kaptai,1,0.0209
Mung,BD20840047,111.1,0.0,0.0,0.0,11958.9,12070,4,,RANGAMATI/Juraichhari,1,0.0092
Mung,BD20840058,537.4,0.0,585.2,2798.4,9705.0,13626,4,,RANGAMATI/Langadu,1,0.102
Mung,BD20840075,382.9,0.0,0.0,22.7,10027.4,10433,4,,RANGAMATI/Nannerchar,1,0.0371
Mung,BD20840078,27.0,3.7,9.8,0.0,3579.4,3620,4,,RANGAMATI/Rajasthali,1,0.0096
Mung,BD20840087,185.8,0.0,24.0,37.2,8299.0,8546,4,,RANGAMATI/Rangamati,1,0.024
Mung,BD30260014,6295.0,9358.3,4226.1,0.0,6503.5,26383,3,,DHAKA/Dhamrai,1,0.6025
Mung,BD30260018,5105.6,157.1,1900.8,0.0,1704.5,8868,2,,DHAKA/Dohar,1,0.6971
Mung,BD30260038,2160.1,1686.8,2679.1,0.0,6694.0,13220,4,,DHAKA/Keraniganj,1,0.3668
Mung,BD30260062,2063.7,2169.4,3953.3,0.0,11331.6,19518,4,,DHAKA/Nawabganj,1,0.2959
Mung,BD30260072,1798.3,6122.7,2275.4,4887.1,8324.6,23408,4,,DHAKA/Savar,1,0.3764
Mung,BD30262000,0.0,0.0,0.0,0.0,0.0,0,4,Dhaka Metro,DHAKA/Dhaka Metro,1,
Mung,BD30262500,0.0,0.0,0.0,0.0,0.0,0,4,Dhaka Metro,DHAKA/Dhaka Metro,1,
Mung,BD30290003,4699.5,0.0,5285.7,0.0,555.9,10541,2,,FARIDPUR/Alfadanga,1,0.6965
Mung,BD30290010,6156.7,7.6,8846.5,381.0,1760.2,17152,2,,FARIDPUR/Bhanga,1,0.6216
Mung,BD30290018,16241.0,0.0,5542.6,0.0,1003.4,22787,1,,FARIDPUR/Boalmari,1,0.8344
Mung,BD30290021,7000.3,0.0,958.7,0.0,0.0,7959,1,,FARIDPUR/Char Bhadrasan,1,0.9398
Mung,BD30290047,27916.7,485.9,2538.6,0.0,192.7,31134,1,,FARIDPUR/Faridpur,1,0.9499
Mung,BD30290056,13674.6,0.0,2530.6,944.1,634.6,17784,1,,FARIDPUR/Madhukhali,1,0.8507
Mung,BD30290062,12360.7,0.0,18717.8,198.9,1097.6,32375,2,,FARIDPUR/Nagarkanda,1,0.6721
Mung,BD30290084,16068.0,30.6,5052.8,0.0,137.6,21289,1,,FARIDPUR/Sadarpur,1,0.8746
Mung,BD30330030,120.0,13240.0,7870.0,6290.0,9520.0,37040,4,,GAZIPUR/Gazipur,1,0.4294
Mung,BD30330032,2203.7,8184.1,3637.4,6357.2,7102.7,27485,4,,GAZIPUR/Kaliakoir,1,0.4308
Mung,BD30330034,1461.0,1562.9,3423.1,3822.3,8468.6,18738,4,,GAZIPUR/Kaliganj,1,0.2768
Mung,BD30330036,3661.7,5692.4,8448.9,9019.8,4632.2,31455,4,,GAZIPUR/Kapasia,1,0.4528
Mung,BD30330086,245.5,16400.8,2548.6,15520.2,8932.8,43648,4,,GAZIPUR/Sripur,1,0.4065
Mung,BD30350032,7797.8,383.1,10152.3,95.8,14135.0,32564,4,,GOPALGANJ/Gopalganj,1,0.4053
Mung,BD30350043,8670.0,127.7,6342.9,468.3,7336.2,22945,4,,GOPALGANJ/Kasiani,1,0.5246
Mung,BD30350051,209.8,0.0,1412.1,5374.0,25466.1,32462,4,,GOPALGANJ/Kotalipara,1,0.0613
Mung,BD30350058,4023.9,0.0,9880.4,417.4,10030.4,24352,4,,GOPALGANJ/Muksudpur,1,0.3715
Mung,BD30350091,2795.8,0.0,3124.0,972.5,3950.6,10843,4,,GOPALGANJ/Tungipara,1,0.4198
Mung,BD30480002,0.0,0.0,1555.0,36.2,23912.8,25504,4,,KISHOREGANJ/Ashtagram,1,0.0308
Mung,BD30480006,3036.9,0.0,6288.0,0.0,5324.1,14649,3,,KISHOREGANJ/Bajitpur,1,0.4219
Mung,BD30480011,1720.3,0.0,5553.8,0.0,33.9,7308,2,,KISHOREGANJ/Bhairab,1,0.6154
Mung,BD30480027,3935.5,0.0,4840.4,402.2,79.0,9257,2,,KISHOREGANJ/Hossainpur,1,0.6953
Mung,BD30480033,337.5,0.0,3073.8,0.0,33875.7,37287,4,,KISHOREGANJ/Itna,1,0.0503
Mung,BD30480042,5773.4,0.0,5336.3,0.0,5125.3,16235,3,,KISHOREGANJ/Karimganj,1,0.52
Mung,BD30480045,5392.5,0.0,9104.3,0.0,2832.1,17329,2,,KISHOREGANJ/Katiadi,1,0.5739
Mung,BD30480049,5350.4,0.0,6179.7,210.6,796.3,12537,2,,KISHOREGANJ/Kishoreganj,1,0.6766
Mung,BD30480054,1072.2,0.0,6098.5,0.0,897.3,8068,2,,KISHOREGANJ/Kuliarchar,1,0.5108
Mung,BD30480059,125.9,0.0,2316.7,134.3,16502.1,19079,4,,KISHOREGANJ/Mithamoin,1,0.0687
Mung,BD30480076,823.1,0.0,3029.1,0.0,12692.7,16545,4,,KISHOREGANJ/Nikli,1,0.1413
Mung,BD30480079,6851.0,125.0,7358.7,375.0,234.4,14944,2,,KISHOREGANJ/Pakundia,1,0.7164
Mung,BD30480092,2490.4,0.0,5890.7,167.6,3831.3,12380,3,,KISHOREGANJ/Tarail,1,0.4418
Mung,BD30540040,7724.9,21.6,11167.0,445.5,3010.9,22370,2,,MADARIPUR/Kalkini,1,0.5997
Mung,BD30540054,8497.4,0.0,8973.6,1302.1,3846.9,22620,3,,MADARIPUR/Madaripur,1,0.5855
Mung,BD30540080,4025.5,0.0,6073.3,3371.5,6353.6,19824,4,,MADARIPUR/Rajoir,1,0.3903
Mung,BD30540087,11373.0,0.0,10092.9,0.0,799.1,22265,2,,MADARIPUR/Sibchar,1,0.7375
Mung,BD30560010,8744.7,1658.6,4038.0,0.0,3030.7,17472,2,,MANIKGANJ/Daulatpur,1,0.692
Mung,BD30560022,1264.8,390.3,6844.5,0.0,3093.4,11593,3,,MANIKGANJ/Ghior,1,0.4312
Mung,BD30560028,2475.4,45.0,5510.9,0.0,4815.7,12847,4,,MANIKGANJ/Harirampur,1,0.41
Mung,BD30560046,9622.1,2436.7,3077.1,0.0,2761.1,17897,2,,MANIKGANJ/Manikganj,1,0.7325
Mung,BD30560070,5490.1,3345.9,1719.7,0.0,971.4,11527,2,,MANIKGANJ/Saturia,1,0.7831
Mung,BD30560078,1952.7,604.4,9119.2,0.0,1487.8,13164,2,,MANIKGANJ/Sibalay,1,0.5314
Mung,BD30560082,6822.8,4164.9,2880.6,0.0,3496.8,17365,3,,MANIKGANJ/Singair,1,0.6677
Mung,BD30590024,704.6,0.0,2607.8,0.0,5944.6,9257,4,,MUNSHIGANJ/Gozaria,1,0.217
Mung,BD30590044,1173.3,11.9,1578.3,440.7,4234.7,7439,4,,MUNSHIGANJ/Lohajang,1,0.2769
Mung,BD30590056,5048.2,1556.6,1721.4,329.6,1532.2,10188,3,,MUNSHIGANJ/Munshiganj,1,0.7087
Mung,BD30590074,4852.4,173.6,3604.1,49.6,6464.3,15144,4,,MUNSHIGANJ/Serajdikhan,1,0.4492
Mung,BD30590084,2054.5,0.0,1926.1,149.8,10757.6,14888,4,,MUNSHIGANJ/Srinagar,1,0.2047
Mung,BD30590094,1729.2,76.1,712.4,1258.9,4468.3,8245,4,,MUNSHIGANJ/Tongibari,1,0.2909
Mung,BD30670002,2667.3,6.8,1279.2,61.2,8818.4,12833,4,,NARAYANGANJ/Araihazar,1,0.2591
Mung,BD30670004,2630.8,197.9,2383.4,1723.6,6688.3,13624,4,,NARAYANGANJ/Sonargaon,1,0.3175
Mung,BD30670006,0.0,0.0,0.0,0.0,0.0,0,4,,NARAYANGANJ/Bandar,1,
Mung,BD30670058,0.0,0.0,0.0,0.0,0.0,0,4,,NARAYANGANJ/Narayanganj,1,
Mung,BD30670068,1441.0,610.3,1350.5,3469.6,8323.6,15195,4,,NARAYANGANJ/Rupganj,1,0.2171
Mung,BD30680007,2356.3,2893.8,1192.9,1524.2,1251.8,9219,3,,NARSINGDI/Belabo,1,0.6045
Mung,BD30680052,6654.3,2354.5,2002.7,861.4,3266.1,15139,3,,NARSINGDI/Manohardi,1,0.6415
Mung,BD30680060,5617.9,459.1,2395.7,542.6,7679.7,16695,4,,NARSINGDI/Narsingdi,1,0.4368
Mung,BD30680063,2469.4,715.9,604.2,1267.5,1366.0,6423,4,,NARSINGDI/Palas,1,0.5601
Mung,BD30680064,7340.0,1417.2,5214.3,77.0,9781.5,23830,4,,NARSINGDI/Raipura,1,0.4656
Mung,BD30680076,5396.2,2986.2,2396.8,386.4,5088.4,16254,4,,NARSINGDI/Sibpur,1,0.5575
Mung,BD30820007,11775.6,0.0,4468.3,701.2,1642.9,18588,2,,RAJBARI/Baliakandi,1,0.7612
Mung,BD30820029,9129.1,0.0,1070.9,0.0,0.0,10200,1,,RAJBARI/Goalanda,1,0.9475
Mung,BD30820073,27948.1,0.0,4552.2,43.3,721.4,33265,1,,RAJBARI/Pangsha,1,0.9088
Mung,BD30820076,17970.9,0.0,3518.9,203.8,556.4,22250,1,,RAJBARI/Rajbari,1,0.8886
Mung,BD30860014,3842.4,0.0,9591.0,0.0,3804.6,17238,2,,SHARIATPUR/Bhedarganj,1,0.5011
Mung,BD30860025,1908.2,0.0,2767.7,0.0,2736.1,7412,4,,SHARIATPUR/Damudya,1,0.4441
Mung,BD30860036,5651.6,0.0,5404.9,0.0,2466.5,13523,2,,SHARIATPUR/Goshairhat,1,0.6178
Mung,BD30860065,3097.1,0.0,8235.3,0.0,4146.6,15479,2,,SHARIATPUR/Naria,1,0.4661
Mung,BD30860069,5361.0,0.0,4425.9,0.0,1411.1,11198,2,,SHARIATPUR/Palong (Sadar),1,0.6764
Mung,BD30860094,9804.6,0.0,6189.7,0.0,1025.6,17020,2,,SHARIATPUR/Janjira,1,0.7579
Mung,BD30930009,492.0,0.0,10957.6,0.0,1647.4,13097,2,,TANGAIL/Basail,1,0.4559
Mung,BD30930019,8784.4,2049.5,5451.4,34.5,607.2,16927,2,,TANGAIL/Bhuapur,1,0.7773
Mung,BD30930023,4857.5,7.2,9128.6,0.0,21.7,14015,2,,TANGAIL/Delduar,1,0.6727
Mung,BD30930028,11874.0,3192.5,14822.1,9658.8,1392.6,40940,4,,TANGAIL/Ghatail,1,0.5806
Mung,BD30930038,3029.2,268.5,12839.8,172.1,757.3,17067,2,,TANGAIL/Gopalpur,1,0.5683
Mung,BD30930047,9997.3,220.3,11656.6,130.8,784.9,22790,2,,TANGAIL/Kalihati,1,0.7033
Mung,BD30930057,10869.8,4071.5,20163.3,6716.1,956.2,42777,3,,TANGAIL/Madhupur,1,0.5973
Mung,BD30930066,1269.8,1658.2,16261.2,3114.8,8111.9,30416,4,,TANGAIL/Mirzapur,1,0.3732
Mung,BD30930076,11255.5,375.4,7572.1,0.0,255.0,19458,2,,TANGAIL/Nagarpur,1,0.7885
Mung,BD30930085,1279.3,16112.8,15301.7,6806.3,1429.8,40930,3,,TANGAIL/Shakhipur,1,0.5664
Mung,BD30930095,13266.2,27.3,9443.7,0.0,299.8,23037,2,,TANGAIL/Tangail,1,0.7818
Mung,BD40010008,0.0,10395.5,4238.8,607.3,2176.5,17418,2,,BAGERHAT/Bagerhat,1,0.6061
Mung,BD40010014,2202.6,989.7,4647.8,2173.5,4298.5,14312,4,,BAGERHAT/Chitalmari,1,0.402
Mung,BD40010034,0.0,4439.9,2715.1,1357.6,1563.4,10076,3,,BAGERHAT/Fakirhat,1,0.5142
Mung,BD40010038,0.0,7973.7,114.3,214.3,228.6,8531,1,,BAGERHAT/Kachua,1,0.7595
Mung,BD40010056,3569.4,1208.6,203.8,4089.4,6857.8,15929,4,,BAGERHAT/Mollahat,1,0.3425
Mung,BD40010058,0.0,0.0,1357.7,9658.7,3406.6,14423,4,,BAGERHAT/Mongla,1,0.181
Mung,BD40010060,7012.9,4775.2,15956.4,5367.6,65.8,33178,2,,BAGERHAT/Morelganj,1,0.5993
Mung,BD40010073,0.0,6115.9,7502.9,9594.3,1228.9,24442,4,,BAGERHAT/Rampal,1,0.4322
Mung,BD40010077,2367.0,57.7,5751.6,0.0,1789.7,9966,2,,BAGERHAT/Sarankhola,1,0.5307
Mung,BD40180007,0.0,25621.3,0.0,1955.8,50.9,27628,1,,CHUADANGA/Alamdanga,1,0.7561
Mung,BD40180023,1955.8,19142.0,0.0,2030.2,0.0,23128,1,,CHUADANGA/Chuadanga,1,0.7642
Mung,BD40180031,0.0,22203.3,0.0,3708.6,72.1,25984,1,,CHUADANGA/Damurhuda,1,0.7121
Mung,BD40180055,9769.0,3969.1,0.0,1995.8,165.1,15899,1,,CHUADANGA/Jibannagar,1,0.8393
Mung,BD40410004,8227.4,1466.6,0.0,3590.9,3479.1,16764,4,,JESSORE/Abhoynagar,1,0.6036
Mung,BD40410009,15869.9,0.0,0.0,2229.7,774.4,18874,1,,JESSORE/Bagherpara,1,0.8645
Mung,BD40410011,3277.7,15922.4,0.0,2926.2,457.7,22584,1,,JESSORE/Chaugachha,1,0.7351
Mung,BD40410023,0.0,21616.0,0.0,2167.4,597.6,24381,1,,JESSORE/Jhikorgachha,1,0.7271
Mung,BD40410038,673.9,13215.1,885.7,2753.4,1270.8,18799,1,,JESSORE/Keshabpur,1,0.6511
Mung,BD40410047,19203.3,8586.6,0.0,2729.6,1042.5,31562,1,,JESSORE/Jessore,1,0.8434
Mung,BD40410061,3895.2,21181.0,0.0,4548.9,2870.9,32496,1,,JESSORE/Manirampur,1,0.6693
Mung,BD40410090,0.0,21351.1,0.0,4848.8,1699.1,27899,1,,JESSORE/Sarsa,1,0.647
Mung,BD40440014,10462.3,7377.1,0.0,50.6,0.0,17890,1,,JHENAIDAH/Harinakundu,1,0.9153
Mung,BD40440019,30506.2,0.0,0.0,3919.6,1630.2,36056,1,,JHENAIDAH/Jhenaidah,1,0.8678
Mung,BD40440033,23182.7,15.1,0.0,1732.9,527.4,25458,1,,JHENAIDAH/Kaliganj,1,0.9247
Mung,BD40440042,10734.8,0.0,0.0,847.0,309.2,11891,1,,JHENAIDAH/Kotchandpur,1,0.917
Mung,BD40440071,4552.1,22203.5,0.0,5467.3,1711.0,33934,1,,JHENAIDAH/Maheshpur,1,0.6898
Mung,BD40440080,25723.6,88.6,878.6,2724.5,649.7,30065,1,,JHENAIDAH/Sailkupa,1,0.8907
Mung,BD40470012,518.4,10981.9,2014.2,4198.8,177.7,17891,3,,KHULNA/Batiaghata,1,0.6233
Mung,BD40470017,0.0,1116.2,0.0,628.9,20799.9,22545,4,,KHULNA/Dacope,1,0.0452
Mung,BD40470030,7260.6,7070.5,4650.3,10229.1,7355.6,36566,4,,KHULNA/Dumuria,1,0.4728
Mung,BD40470040,2201.0,378.0,100.8,1066.9,655.3,4402,3,,KHULNA/Dighalia (Daulathpur),1,0.6286
Mung,BD40470053,0.0,74.3,0.0,4129.9,16940.8,21145,4,,KHULNA/Koyra,1,0.0419
Mung,BD40470064,4486.2,1308.1,461.2,5400.2,20452.2,32108,4,,KHULNA/Paikgachha,1,0.2131
Mung,BD40470069,3120.8,494.9,240.6,171.8,769.9,4798,1,,KHULNA/Phultala,1,0.7652
Mung,BD40470075,1591.8,1198.6,917.7,767.8,955.1,5431,4,,KHULNA/Rupsha,1,0.5824
Mung,BD40470094,1562.2,1826.0,111.1,3402.1,9095.5,15997,4,,KHULNA/Terakhada,1,0.235
Mung,BD40473300,2080.0,40.0,0.0,0.0,0.0,2120,1,,KHULNA/Khulna Metro,1,0.9962
Mung,BD40500015,0.0,8310.3,681.6,806.1,235.9,10034,1,,KUSHTIA/Bheramara,1,0.7126
Mung,BD40500039,0.0,22746.2,2801.0,4677.6,1628.2,31853,1,,KUSHTIA/Daulatpur,1,0.6446
Mung,BD40500063,5100.6,0.0,1844.8,0.0,580.6,7526,2,,KUSHTIA/Khoksha,1,0.8003
Mung,BD40500071,2442.7,8597.3,2278.1,2065.7,1115.2,16499,2,,KUSHTIA/Kumarkhali,1,0.659
Mung,BD40500079,90.3,16290.5,396.0,6293.9,222.3,23293,3,,KUSHTIA/Kushtia,1,0.6259
Mung,BD40500094,0.0,21818.4,14.7,4080.4,271.5,26185,1,,KUSHTIA/Mirpur,1,0.698
Mung,BD40550057,24342.8,0.0,749.0,5153.2,2247.0,32492,1,,MAGURA/Magura,1,0.7924
Mung,BD40550066,9292.9,0.0,6685.0,653.8,1153.3,17785,2,,MAGURA/Mohammadpur,1,0.7178
Mung,BD40550085,14362.2,0.0,0.0,3324.2,1110.6,18797,1,,MAGURA/Salikha,1,0.7994
Mung,BD40550095,10517.3,0.0,906.8,693.8,1470.1,13588,1,,MAGURA/Sripur,1,0.8176
Mung,BD40570047,0.0,25149.8,0.0,3897.4,48.8,29096,1,,MEHERPUR/Gangni,1,0.7183
Mung,BD40570087,0.0,26220.5,0.0,4149.4,113.0,30483,1,,MEHERPUR/Meherpur,1,0.7154
Mung,BD40650028,2785.0,706.2,1840.8,7490.0,12068.1,24890,4,,NARAIL/Kalia,1,0.2318
Mung,BD40650052,12115.3,7.4,6322.3,1286.5,2940.6,22672,2,,NARAIL/Lohagara,1,0.6854
Mung,BD40650076,13733.7,0.0,1681.3,9623.9,2190.2,27229,3,,NARAIL/Narail,1,0.6059
Mung,BD40870004,87.4,10478.2,1798.4,12776.2,8779.7,33920,4,,SATKHIRA/Asasuni,1,0.3515
Mung,BD40870025,0.0,262.3,4623.6,5787.7,3910.4,14584,4,,SATKHIRA/Debhata,1,0.2523
Mung,BD40870043,0.0,15921.2,0.0,971.8,0.0,16893,1,,SATKHIRA/Kalaroa,1,0.7655
Mung,BD40870047,0.0,694.3,8884.6,5283.3,11119.8,25982,4,,SATKHIRA/Kaliganj,1,0.233
Mung,BD40870082,0.0,17100.4,4410.0,5056.3,511.3,27078,3,,SATKHIRA/Satkhira,1,0.624
Mung,BD40870086,0.0,0.0,891.4,0.0,35746.6,36638,4,,SATKHIRA/Shyamnagar,1,0.0122
Mung,BD40870090,1135.1,17951.8,4667.2,575.0,2426.9,26756,3,,SATKHIRA/Tala,1,0.6707
Mung,BD45390007,14613.5,444.8,1982.0,26.2,1347.5,18414,1,,JAMALPUR/Bakshiganj,1,0.867
Mung,BD45390015,10981.1,3114.9,8577.2,22.6,11.3,22707,2,,JAMALPUR/Dewanganj,1,0.7824
Mung,BD45390029,11704.0,3031.8,11727.1,23.1,0.0,26486,2,,JAMALPUR/Islampur,1,0.755
Mung,BD45390036,19560.3,3168.3,14473.1,3012.1,2060.2,42274,2,,JAMALPUR/Jamalpur,1,0.7081
Mung,BD45390058,10541.7,3578.1,8013.5,8.7,35.0,22177,2,,JAMALPUR/Madarganj,1,0.7852
Mung,BD45390061,13732.5,437.7,5869.7,492.4,15.6,20548,2,,JAMALPUR/Melandaha,1,0.833
Mung,BD45390085,12456.6,3275.5,5100.6,454.3,271.0,21558,2,,JAMALPUR/Sarishabari,1,0.8219
Mung,BD45610013,3064.2,12485.3,10372.4,2204.4,15887.8,44014,4,,MYMENSINGH/Bhaluka,1,0.4244
Mung,BD45610016,16979.8,388.8,7.9,4125.9,1507.6,23010,1,,MYMENSINGH/Dhobaura,1,0.7875
Mung,BD45610020,18050.7,2042.6,8479.9,4092.9,1887.9,34554,2,,MYMENSINGH/Phulbaria,1,0.7161
Mung,BD45610022,14595.3,2473.4,10383.8,3892.1,616.5,31961,2,,MYMENSINGH/Gafargaon,1,0.7054
Mung,BD45610023,18190.8,0.0,3410.8,761.1,554.4,22917,1,,MYMENSINGH/Gouripur,1,0.8748
Mung,BD45610024,24258.6,927.3,0.0,3521.9,2328.2,31036,1,,MYMENSINGH/Haluaghat,1,0.8282
Mung,BD45610031,21282.0,115.3,1700.3,987.0,122.5,24207,1,,MYMENSINGH/Ishwarganj,1,0.9262
Mung,BD45610052,24599.0,15.4,3296.3,1879.2,462.1,30252,1,,MYMENSINGH/Mymensingh,1,0.8804
Mung,BD45610065,16538.9,839.1,5115.5,1670.8,1096.7,25261,2,,MYMENSINGH/Muktagachha,1,0.7958
Mung,BD45610072,20560.6,0.0,3869.4,1923.3,793.7,27147,1,,MYMENSINGH/Nandail,1,0.8428
Mung,BD45610081,34085.4,448.3,9435.8,1423.2,1430.3,46823,1,,MYMENSINGH/Phulpur,1,0.8425
Mung,BD45610094,16370.4,913.3,8805.5,289.2,1765.7,28144,2,,MYMENSINGH/Trisal,1,0.7661
Mung,BD45720004,7967.2,0.0,5507.2,0.0,2623.5,16098,2,,NETRAKONA/Atpara,1,0.666
Mung,BD45720009,9270.7,15.9,3883.3,4281.2,1917.8,19369,3,,NETRAKONA/Barhatta,1,0.6237
Mung,BD45720018,13419.3,2937.0,0.0,5387.2,2466.4,24210,3,,NETRAKONA/Durgapur,1,0.6958
Mung,BD45720038,19.7,0.0,1252.3,0.0,19079.1,20351,4,,NETRAKONA/Khaliajuri,1,0.0317
Mung,BD45720040,7371.0,1161.6,1229.9,13383.9,11547.6,34694,4,,NETRAKONA/Kalmakanda,1,0.3341
Mung,BD45720047,14898.8,0.0,3566.5,3711.5,2373.3,24550,2,,NETRAKONA/Kendua,1,0.7097
Mung,BD45720056,1912.2,0.0,5637.8,0.0,12338.0,19888,4,,NETRAKONA/Madan,1,0.2379
Mung,BD45720063,4971.8,0.0,4697.7,0.0,11641.5,21311,4,,NETRAKONA/Mohanganj,1,0.3435
Mung,BD45720074,17955.0,69.3,2973.2,4059.3,1525.1,26582,2,,NETRAKONA/Netrakona,1,0.764
Mung,BD45720083,19323.3,109.2,3088.9,1001.8,1489.9,25013,1,,NETRAKONA/Purbadhala,1,0.8458
Mung,BD45890037,15422.5,61.3,2453.6,359.3,1025.2,19322,1,,SHERPUR/Jhenaigati,1,0.8679
Mung,BD45890067,10051.0,385.4,2736.3,2150.5,107.9,15431,2,,SHERPUR/Nakla,1,0.7879
Mung,BD45890070,13675.4,11475.2,681.6,2924.9,1880.9,30638,1,,SHERPUR/Nalitabari,1,0.7762
Mung,BD45890088,27012.3,17.2,3920.3,1848.4,25.8,32824,1,,SHERPUR/Sherpur,1,0.8943
Mung,BD45890090,15933.1,0.0,2691.3,776.0,3219.6,22620,1,,SHERPUR/Sribardi,1,0.7707
Mung,BD50100006,0.0,723.3,10577.8,1243.1,2071.9,14616,2,,BOGRA/Adamdighi,1,0.4185
Mung,BD50100020,588.0,1830.9,26183.1,4130.6,141.4,32874,2,,BOGRA/Bogra,1,0.4858
Mung,BD50100027,2411.8,0.0,16188.4,1269.4,246.4,20116,2,,BOGRA/Dhunot,1,0.5349
Mung,BD50100033,394.1,788.1,12996.3,165.5,0.0,14344,2,,BOGRA/Dhubchachia,1,0.5268
Mung,BD50100040,5584.3,0.0,10486.1,2964.5,0.0,19035,2,,BOGRA/Gabtali,1,0.6
Mung,BD50100054,0.0,7089.4,14186.8,39.8,0.0,21316,2,,BOGRA/Kahalu,1,0.5992
Mung,BD50100067,0.0,16.1,20926.5,3305.4,0.0,24248,2,,BOGRA/Nandigram,1,0.4593
Mung,BD50100081,6087.5,50.6,13586.2,2138.9,2233.8,24097,2,,BOGRA/Shariakandi,1,0.554
Mung,BD50100088,206.9,3707.3,19115.7,2350.2,0.0,25380,2,,BOGRA/Sherpur,1,0.5201
Mung,BD50100094,2557.6,8463.9,14155.1,990.8,322.6,26490,2,,BOGRA/Shibganj,1,0.6268
Mung,BD50100095,1331.7,0.0,8901.4,918.9,0.0,11152,2,,BOGRA/Sonatala,1,0.535
Mung,BD50380013,1605.2,1524.5,8106.5,1201.9,0.0,12438,2,,JOYPURHAT/Akkelpur,1,0.5723
Mung,BD50380047,10472.2,9119.7,245.2,885.9,0.0,20723,1,,JOYPURHAT/Joypurhat,1,0.8719
Mung,BD50380058,2409.4,11810.1,0.0,24.5,0.0,14244,1,,JOYPURHAT/Kalai,1,0.8328
Mung,BD50380061,2946.6,10035.8,443.6,0.0,0.0,13426,1,,JOYPURHAT/Khetlal,1,0.834
Mung,BD50380074,660.0,24695.3,463.8,312.1,17.8,26149,1,,JOYPURHAT/Panchbibi,1,0.792
Mung,BD50640003,0.0,1671.8,592.6,6634.1,15426.5,24325,4,,NAOGAON/Atrai,1,0.1217
Mung,BD50640006,4180.1,4315.7,8181.9,727.6,142.7,17548,2,,NAOGAON/Badalgachhi,1,0.6764
Mung,BD50640028,2327.2,11758.2,11953.5,0.0,716.1,26755,2,,NAOGAON/Dhamoirhat,1,0.662
Mung,BD50640047,0.0,13321.2,8415.0,8806.5,4092.3,34635,4,,NAOGAON/Manda,1,0.48
Mung,BD50640050,0.0,9300.4,24444.8,458.2,538.6,34742,2,,NAOGAON/Mohadebpur,1,0.5686
Mung,BD50640060,0.0,8793.9,3726.1,4883.8,6256.2,23660,4,,NAOGAON/Naogaon,1,0.4174
Mung,BD50640069,0.0,39.2,37829.7,23.5,846.6,38739,2,,NAOGAON/Niamatpur,1,0.4892
Mung,BD50640075,0.0,4977.5,24024.5,0.0,3779.0,32781,2,,NAOGAON/Patnitala,1,0.4879
Mung,BD50640079,0.0,8.2,19032.1,0.0,3610.7,22651,2,,NAOGAON/Porsha,1,0.4204
Mung,BD50640085,0.0,1890.5,11532.0,4922.8,3629.7,21975,4,,NAOGAON/Raninagar,1,0.376
Mung,BD50640086,0.0,145.9,13713.5,0.0,7740.6,21600,3,,NAOGAON/Shapahar,1,0.3228
Mung,BD50690009,0.0,11179.9,0.0,291.1,0.0,11471,1,,NATOR/Bagatipara,1,0.7848
Mung,BD50690015,0.0,15374.7,0.0,4129.9,5548.3,25053,3,,NATOR/Baraigram,1,0.5239
Mung,BD50690041,0.0,7296.5,0.0,2776.9,6297.6,16371,4,,NATOR/Gurudashpur,1,0.3905
Mung,BD50690044,0.0,21742.0,2166.8,1283.3,809.9,26002,1,,NATOR/Lalpur,1,0.7205
Mung,BD50690063,0.0,17963.2,0.0,7274.4,6695.4,31933,3,,NATOR/Nator,1,0.4956
Mung,BD50690091,0.0,6199.2,10822.6,8335.0,22373.2,47730,4,,NATOR/Shingra,1,0.2522
Mung,BD50700018,0.0,3942.9,2913.6,3611.4,218.1,10686,4,,NAWABGANJ/Bholahat,1,0.4991
Mung,BD50700037,0.0,6075.5,15315.4,1999.9,4143.2,27534,2,,NAWABGANJ/Gomastapur,1,0.4692
Mung,BD50700056,0.0,1694.4,23170.0,1233.8,32.9,26131,2,,NAWABGANJ/Nachol,1,0.5047
Mung,BD50700066,0.0,15071.7,12972.3,2510.8,3007.2,33562,2,,NAWABGANJ/Nawabganj,1,0.5675
Mung,BD50700088,0.0,31382.2,7683.9,4244.0,1574.9,44885,3,,NAWABGANJ/Shibganj,1,0.6638
Mung,BD50760005,260.3,6381.4,372.9,3109.8,4439.6,14564,4,,PABNA/Atgharia,1,0.4239
Mung,BD50760016,4240.8,208.4,5060.2,481.6,7310.0,17301,4,,PABNA/Bera,1,0.4066
Mung,BD50760019,107.0,2041.8,880.9,3383.7,4050.6,10464,4,,PABNA/Bhangura,1,0.2731
Mung,BD50760022,0.0,8488.7,0.0,9682.7,7418.6,25590,4,,PABNA/Chatmohar,1,0.3411
Mung,BD50760033,491.0,0.0,3315.8,98.2,8452.0,12357,4,,PABNA/Faridpur,1,0.1755
Mung,BD50760039,0.0,16036.3,837.4,2526.1,422.2,19822,1,,PABNA/Ishwardi,1,0.6938
Mung,BD50760055,5357.7,16727.2,4142.0,5827.3,1651.8,33706,3,,PABNA/Pabna,1,0.652
Mung,BD50760072,7146.8,1809.8,5329.3,423.6,13338.6,28048,4,,PABNA/Santhia,1,0.4044
Mung,BD50760083,9443.7,414.5,4607.9,856.6,9402.3,24725,4,,PABNA/Sujanagar,1,0.4955
Mung,BD50810010,0.0,10440.9,1665.3,171.8,826.0,13104,1,,RAJSHAHI/Bagha,1,0.7036
Mung,BD50810012,0.0,8470.5,660.8,15886.5,3409.3,28427,4,,RAJSHAHI/Bagmara,1,0.3618
Mung,BD50810025,0.0,12390.7,177.5,44.4,81.4,12694,1,,RAJSHAHI/Charghat,1,0.7886
Mung,BD50810031,0.0,12650.1,0.0,3358.4,201.5,16210,1,,RAJSHAHI/Durgapur,1,0.6657
Mung,BD50810034,0.0,3688.3,33247.2,4818.4,473.1,42227,2,,RAJSHAHI/Godagari,1,0.4864
Mung,BD50810053,0.0,8016.8,729.5,3698.4,700.3,13145,3,,RAJSHAHI/Mohanpur,1,0.5719
Mung,BD50810072,0.0,16142.3,816.2,2504.2,277.4,19740,1,,RAJSHAHI/Paba,1,0.7002
Mung,BD50810082,0.0,14039.1,0.0,1854.4,22.5,15916,1,,RAJSHAHI/Puthia,1,0.729
Mung,BD50810094,0.0,226.9,23866.4,633.6,1228.1,25955,2,,RAJSHAHI/Tanor,1,0.4716
Mung,BD50816600,0.0,0.0,0.0,0.0,0.0,0,4,,RAJSHAHI/Boalia (Rajshahi),1,
Mung,BD50880011,2839.5,0.0,5837.5,351.5,1054.5,10083,2,,SIRAJGANJ/Belkuchi,1,0.5781
Mung,BD50880027,617.8,0.0,6445.2,463.4,5560.6,13087,4,,SIRAJGANJ/Chauhali,1,0.3005
Mung,BD50880044,1707.1,0.0,5761.5,161.9,51.5,7682,2,,SIRAJGANJ/Kamarkhanda,1,0.6014
Mung,BD50880050,5537.7,522.1,10611.9,322.6,4135.7,21130,2,,SIRAJGANJ/Kazipur,1,0.536
Mung,BD50880061,1566.1,1409.4,18095.8,579.4,78.3,21729,2,,SIRAJGANJ/Raiganj,1,0.5457
Mung,BD50880067,201.5,0.0,19273.6,458.6,3293.3,23227,2,,SIRAJGANJ/Shahzadpur,1,0.4275
Mung,BD50880078,8544.5,228.7,11715.3,160.1,2027.5,22676,2,,SIRAJGANJ/Sirajganj,1,0.6446
Mung,BD50880089,625.5,4800.7,552.4,9755.8,11071.7,26806,4,,SIRAJGANJ/Taras,1,0.2497
Mung,BD50880094,2182.4,178.6,27562.9,916.4,4263.7,35104,2,,SIRAJGANJ/Ullapara,1,0.464
Mung,BD55270010,7619.1,9041.9,908.8,1340.2,0.0,18910,1,,DINAJPUR/Birampur,1,0.8236
Mung,BD55270012,25135.0,3904.3,7387.4,267.3,0.0,36694,1,,DINAJPUR/Birganj,1,0.8722
Mung,BD55270017,232.6,8670.4,6400.5,15672.5,0.0,30976,4,,DINAJPUR/Biral,1,0.4359
Mung,BD55270021,585.0,11818.9,1810.4,5636.7,0.0,19851,3,,DINAJPUR/Bochaganj,1,0.6082
Mung,BD55270030,10492.3,6613.5,10186.7,0.0,313.4,27606,2,,DINAJPUR/Chirirbandar,1,0.7562
Mung,BD55270038,3467.1,15382.3,1621.2,146.5,87.9,20705,1,,DINAJPUR/Fulbari,1,0.8024
Mung,BD55270043,80.7,6431.3,6035.9,266.3,209.8,13024,2,,DINAJPUR/Ghoraghat,1,0.6371
Mung,BD55270047,855.8,6934.5,367.9,799.8,0.0,8958,1,,DINAJPUR/Hakimpur,1,0.7532
Mung,BD55270056,8366.4,3424.0,3932.6,1898.0,0.0,17621,2,,DINAJPUR/Kaharol,1,0.7634
Mung,BD55270060,12000.8,597.9,1946.7,218.7,0.0,14764,1,,DINAJPUR/Khansama,1,0.9141
Mung,BD55270064,2819.5,6540.1,15464.7,4450.7,0.0,29275,2,,DINAJPUR/Dinajpur,1,0.5696
Mung,BD55270069,3844.8,11919.8,9063.4,1795.2,319.8,26943,2,,DINAJPUR/Nawabganj,1,0.6781
Mung,BD55270077,6997.9,15266.8,13038.8,0.0,1079.5,36383,2,,DINAJPUR/Parbatipur,1,0.7072
Mung,BD55320021,214.7,7838.0,5851.7,6334.8,2433.7,22673,4,,GAIBANDHA/Phulchhari,1,0.471
Mung,BD55320024,387.3,944.1,23609.6,1274.9,960.2,27176,2,,GAIBANDHA/Gaibandha,1,0.4858
Mung,BD55320030,5781.9,11681.4,19447.0,1307.7,146.9,38365,2,,GAIBANDHA/Gobindaganj,1,0.6546
Mung,BD55320067,4825.0,15.2,10348.0,371.7,53.1,15613,2,,GAIBANDHA/Palashbari,1,0.646
Mung,BD55320082,4089.9,2277.4,13451.9,228.5,55.2,20103,2,,GAIBANDHA/Sadullapur,1,0.6309
Mung,BD55320088,15.5,1308.1,14768.7,1199.8,1045.0,18337,2,,GAIBANDHA/Shaghata,1,0.4737
Mung,BD55320091,2921.7,2750.3,24939.5,1675.1,358.4,32645,2,,GAIBANDHA/Sundarganj,1,0.5491
Mung,BD55490006,10496.9,4074.9,4953.8,469.4,0.0,19995,1,,KURIGRAM/Bhurungamari,1,0.8166
Mung,BD55490008,217.3,5630.8,767.0,1585.1,977.9,9178,3,,KURIGRAM/Rajibpur (Dhushmara),1,0.5908
Mung,BD55490009,45.4,2188.4,3945.9,4036.6,226.8,10443,4,,KURIGRAM/Chilmari,1,0.4382
Mung,BD55490018,3777.7,1968.7,7688.5,124.2,0.0,13559,2,,KURIGRAM/Phulbari,1,0.6801
Mung,BD55490052,2373.5,562.4,15192.3,2472.8,645.1,21246,2,,KURIGRAM/Kurigram,1,0.5137
Mung,BD55490061,7600.1,4253.5,17966.5,3927.0,1151.8,34899,2,,KURIGRAM/Nageshwari,1,0.5952
Mung,BD55490077,1815.2,1008.4,10719.2,687.2,0.0,14230,2,,KURIGRAM/Rajarhat,1,0.5706
Mung,BD55490079,3336.9,125.0,11370.6,1367.1,742.4,16942,2,,KURIGRAM/Ruhumari,1,0.5546
Mung,BD55490094,1169.7,2086.5,18487.4,4318.4,904.1,26966,3,,KURIGRAM/Ulipur,1,0.4801
Mung,BD55520002,2991.5,0.0,13593.1,0.0,577.3,17162,2,,LALMONIRHAT/Aditmari,1,0.5703
Mung,BD55520033,10111.5,4165.7,5873.8,0.0,0.0,20151,1,,LALMONIRHAT/Hatibanda,1,0.8129
Mung,BD55520039,11700.6,826.1,8297.3,0.0,422.0,21246,2,,LALMONIRHAT/Kaliganj,1,0.7771
Mung,BD55520055,9584.1,2263.0,8807.2,565.8,16.9,21237,2,,LALMONIRHAT/Lalmonirhat,1,0.7492
Mung,BD55520070,5773.1,2404.6,14010.3,0.0,0.0,22188,2,,LALMONIRHAT/Patgram,1,0.6626
Mung,BD55730012,10877.3,4655.6,12554.0,0.0,0.0,28087,2,,NILPHAMARI/Dimla,1,0.7434
Mung,BD55730015,4934.8,3862.6,12063.6,0.0,0.0,20861,2,,NILPHAMARI/Domar,1,0.6738
Mung,BD55730036,8418.1,5960.7,10868.2,0.0,0.0,25247,2,,NILPHAMARI/Jaldhaka,1,0.7375
Mung,BD55730045,11570.6,2387.9,9752.5,0.0,0.0,23711,2,,NILPHAMARI/Kishorganj,1,0.7742
Mung,BD55730064,7207.3,5145.8,20355.9,0.0,0.0,32709,2,,NILPHAMARI/Nilphamari,1,0.6574
Mung,BD55730085,4169.5,287.3,5802.8,0.0,16.4,10276,2,,NILPHAMARI/Saidpur,1,0.7105
Mung,BD55770004,15166.2,4270.2,722.6,0.0,0.0,20159,1,,PANCHAGARH/Atwari,1,0.9397
Mung,BD55770025,22552.9,821.1,3031.4,67.5,0.0,26473,1,,PANCHAGARH/Boda,1,0.9345
Mung,BD55770034,12917.9,5325.5,5786.1,21.6,0.0,24051,1,,PANCHAGARH/Debiganj,1,0.8347
Mung,BD55770073,23629.6,5950.8,1467.7,0.0,0.0,31048,1,,PANCHAGARH/Panchagar,1,0.938
Mung,BD55770090,6285.8,10368.4,101.8,0.0,0.0,16756,1,,PANCHAGARH/Tetulia,1,0.8732
Mung,BD55850003,7276.8,9538.2,8270.2,2204.8,0.0,27290,2,,RANGPUR/Badarganj,1,0.7139
Mung,BD55850027,10709.0,448.1,6783.9,0.0,0.0,17941,2,,RANGPUR/Gangachara,1,0.8059
Mung,BD55850042,4225.4,233.0,8193.7,0.0,0.0,12652,2,,RANGPUR/Kaunia,1,0.6725
Mung,BD55850049,12684.1,0.0,13857.5,222.4,0.0,26764,2,,RANGPUR/Rangpur,1,0.7345
Mung,BD55850058,9977.3,7479.1,22390.1,4776.5,0.0,44623,2,,RANGPUR/Mithapukur,1,0.63
Mung,BD55850073,5024.8,348.4,17691.3,15.5,0.0,23080,2,,RANGPUR/Pirgachha,1,0.6132
Mung,BD55850076,5597.6,13364.4,13037.8,4338.2,0.0,36338,2,,RANGPUR/Pirganj,1,0.6515
Mung,BD55850092,4771.5,0.0,6724.5,0.0,0.0,11496,2,,RANGPUR/Taraganj,1,0.7075
Mung,BD55940008,25565.0,0.0,0.0,0.0,0.0,25565,1,,THAKURGAON/Baliadangi,1,1.0
Mung,BD55940051,2860.9,7147.7,7653.6,101.2,303.6,18067,2,,THAKURGAON/Haripur,1,0.6878
Mung,BD55940082,6026.6,10374.1,8027.9,6131.5,89.9,30650,3,,THAKURGAON/Pirganj,1,0.6384
Mung,BD55940086,12917.8,10347.2,3778.8,308.1,0.0,27352,1,,THAKURGAON/Ranisonkail,1,0.8462
Mung,BD55940094,48226.4,6383.4,3751.5,1921.7,0.0,60283,1,,THAKURGAON/Thakurgaon,1,0.9222
Mung,BD60360002,0.0,0.0,127.1,5380.5,10443.4,15951,4,,HABIGANJ/Ajmiriganj,1,0.0714
Mung,BD60360005,8455.0,1967.7,9073.6,0.0,2809.7,22306,2,,HABIGANJ/Bahubal,1,0.653
Mung,BD60360011,959.4,0.0,98.4,15645.6,26551.6,43255,4,,HABIGANJ/Baniyachang,1,0.0957
Mung,BD60360026,12044.8,1159.8,5434.8,0.0,9468.6,28108,4,,HABIGANJ/Chunarughat,1,0.5582
Mung,BD60360044,8121.0,159.9,5571.2,3596.9,4516.1,21965,4,,HABIGANJ/Habiganj,1,0.5351
Mung,BD60360068,1229.0,0.0,92.6,6481.6,9309.9,17113,4,,HABIGANJ/Lakhai,1,0.1503
Mung,BD60360071,9764.9,221.2,8897.3,4312.6,2186.1,25382,3,,HABIGANJ/Madhabpur,1,0.6009
Mung,BD60360077,8325.5,0.0,12123.2,3543.9,12192.4,36185,4,,HABIGANJ/Nabiganj,1,0.4172
Mung,BD60580014,10931.2,9394.8,2972.1,0.0,15993.9,39292,4,,MOULVI BAZAR/Barlekha,1,0.5073
Mung,BD60580056,10973.2,6819.5,979.0,0.0,11808.3,30580,3,,MOULVI BAZAR/Kamalganj,1,0.5532
Mung,BD60580065,26516.6,2674.9,2238.8,0.0,12269.7,43700,3,,MOULVI BAZAR/Kulaura,1,0.6814
Mung,BD60580074,9386.1,7.5,8836.2,0.0,8949.2,27179,3,,MOULVI BAZAR/Moulvi Bazar,1,0.5081
Mung,BD60580080,8499.6,33.2,2622.9,0.0,11886.2,23042,4,,MOULVI BAZAR/Rajnagar,1,0.4269
Mung,BD60580083,11285.8,0.0,1882.3,1650.0,17813.8,32632,4,,MOULVI BAZAR/Srimangal,1,0.3848
Mung,BD60900018,2163.7,2163.7,6670.6,607.2,6071.9,17677,4,,SUNAMGANJ/Bishambarpur,1,0.4159
Mung,BD60900023,9355.1,46.7,13577.0,163.6,11886.6,35029,4,,SUNAMGANJ/Chhatak,1,0.4629
Mung,BD60900029,3103.3,0.0,5584.4,4331.6,24261.7,37281,4,,SUNAMGANJ/Dirai,1,0.1814
Mung,BD60900032,770.4,1234.3,10015.2,679.3,26574.8,39274,4,,SUNAMGANJ/Dharmapasha,1,0.1757
Mung,BD60900033,9709.9,4427.7,7137.9,224.4,8631.1,30131,3,,SUNAMGANJ/Dwarabazar,1,0.5598
Mung,BD60900047,7045.9,0.0,8783.7,3287.0,13014.4,32131,4,,SUNAMGANJ/Jagannathpur,1,0.3764
Mung,BD60900050,59.8,0.0,3976.2,0.0,24509.0,28545,4,,SUNAMGANJ/Jamalganj,1,0.0717
Mung,BD60900086,194.8,0.0,2930.5,2462.8,16709.9,22298,4,,SUNAMGANJ/Sulla,1,0.0965
Mung,BD60900089,1874.9,162.6,20356.4,47.8,29817.2,52259,4,,SUNAMGANJ/Sunamganj,1,0.2333
Mung,BD60900092,702.4,3204.8,5209.6,453.6,13104.5,22675,4,,SUNAMGANJ/Tahirpur,1,0.2629
Mung,BD60910008,9588.0,173.9,6797.9,0.0,14458.2,31018,4,,SYLHET/Balaganj,1,0.4232
Mung,BD60910017,6078.4,2895.4,3711.2,0.0,5362.9,18048,3,,SYLHET/Beani Bazar,1,0.568
Mung,BD60910020,10427.8,0.0,4240.6,0.0,2098.6,16767,2,,SYLHET/Bishwanath,1,0.7484
Mung,BD60910027,1891.9,5949.0,1137.3,1596.6,17989.2,28564,4,,SYLHET/Companiganj,1,0.2639
Mung,BD60910035,1489.1,1739.9,815.1,0.0,4592.8,8637,4,,SYLHET/Fenchuganj,1,0.3808
Mung,BD60910038,6614.5,3937.8,1963.6,0.0,3661.1,16177,2,,SYLHET/Golapganj,1,0.6643
Mung,BD60910041,12609.4,297.7,4421.5,1622.7,25620.7,44572,4,,SYLHET/Gowainghat,1,0.3451
Mung,BD60910053,8083.7,0.0,1103.1,0.0,7853.2,17040,4,,SYLHET/Jaintapur,1,0.5068
Mung,BD60910059,12419.1,95.5,2923.0,0.0,14475.5,29913,4,,SYLHET/Kanaighat,1,0.4666
Mung,BD60910062,19698.5,141.5,4575.9,74.1,12298.9,36789,3,,SYLHET/Sylhet,1,0.6011
Mung,BD60910094,9053.5,0.0,2514.5,0.0,7712.0,19280,4,,SYLHET/Zakiganj,1,0.5348
Mustard,BD10040009,0.0,48.6,13223.4,13961.2,16936.7,44170,4,,BARGUNA/Amtali,1,0.2138
Mustard,BD10040019,0.0,7186.5,15.5,0.0,0.0,7202,1,,BARGUNA/Bamna,1,0.7994
Mustard,BD10040028,0.0,200.8,10891.5,10273.0,3911.6,25277,4,,BARGUNA/Borguna,1,0.3031
Mustard,BD10040047,0.0,8292.3,288.6,0.0,2710.1,11291,1,,BARGUNA/Betagi,1,0.6003
Mustard,BD10040085,0.0,1145.5,5911.4,10668.5,1897.6,19623,4,,BARGUNA/Patharghata,1,0.3061
Mustard,BD10060002,37.3,4335.8,7044.7,7.5,1447.7,12873,2,,BARISAL/Agailjhara,1,0.5461
Mustard,BD10060003,3667.6,7157.4,0.0,0.0,0.0,10825,1,,BARISAL/Babuganj,1,0.8678
Mustard,BD10060007,602.5,24928.2,2887.0,0.0,3213.3,31631,1,,BARISAL/Bakerganj,1,0.6952
Mustard,BD10060010,429.7,2527.4,102.0,0.0,7057.9,10117,4,,BARISAL/Banaripara,1,0.2474
Mustard,BD10060032,342.7,7954.5,2010.0,6.6,158.2,10472,1,,BARISAL/Gaurnadi,1,0.7365
Mustard,BD10060036,9179.5,8887.1,0.0,0.0,1587.4,19654,1,,BARISAL/Hizla,1,0.8288
Mustard,BD10060051,4288.6,14846.3,0.0,0.0,86.1,19221,1,,BARISAL/Barisal,1,0.841
Mustard,BD10060062,5032.2,20558.2,0.0,0.0,18.7,25609,1,,BARISAL/Mehendiganj,1,0.8387
Mustard,BD10060069,5921.0,12516.3,273.9,0.0,73.7,18785,1,,BARISAL/Muladi,1,0.8555
Mustard,BD10060094,820.9,7565.1,5229.8,7.1,5909.1,19532,4,,BARISAL/Ujirpur,1,0.4858
Mustard,BD10090018,8177.3,14516.2,0.0,228.0,551.5,23473,1,,BHOLA/Bhola,1,0.8451
Mustard,BD10090021,709.2,8477.0,445.8,8862.1,141.8,18636,4,,BHOLA/Burhanuddin,1,0.509
Mustard,BD10090025,8.8,3823.1,0.0,27130.9,13719.2,44682,4,,BHOLA/Char Fasson,1,0.1901
Mustard,BD10090029,3311.4,4904.2,0.0,186.4,0.0,8402,1,,BHOLA/Daulatkhan,1,0.8655
Mustard,BD10090054,2207.9,14154.7,407.8,1385.2,3403.3,21559,1,,BHOLA/Lalmohan,1,0.65
Mustard,BD10090065,0.0,135.5,0.0,0.0,15262.5,15398,4,,BHOLA/Monpura,1,0.007
Mustard,BD10090091,7618.8,1809.1,0.0,0.0,757.1,10185,1,,BHOLA/Tajumuddin,1,0.8901
Mustard,BD10420040,2203.6,8548.6,2150.4,0.0,2834.3,15737,2,,JHALAKATI/Jhalakati,1,0.6429
Mustard,BD10420043,0.0,4935.5,294.5,0.0,6710.0,11940,4,,JHALAKATI/Kathalia,1,0.343
Mustard,BD10420073,573.7,14683.3,0.0,0.0,0.0,15257,1,,JHALAKATI/Nalchiti,1,0.8075
Mustard,BD10420084,1356.1,8800.5,2020.0,0.0,261.3,12438,1,,JHALAKATI/Rajapur,1,0.7563
Mustard,BD10780038,54.8,34611.1,1388.8,0.0,18.3,36073,1,,PATUAKHALI/Bauphal,1,0.7883
Mustard,BD10780052,0.0,10492.3,3488.9,0.0,2881.8,16863,3,,PATUAKHALI/Dashmina,1,0.6012
Mustard,BD10780057,0.0,22322.8,4764.1,2527.1,30138.1,59752,4,,PATUAKHALI/Galachipa,1,0.3472
Mustard,BD10780066,0.0,0.0,0.0,15253.8,20012.2,35266,4,,PATUAKHALI/Kalapara,1,0.0865
Mustard,BD10780076,0.0,6061.1,2445.0,0.0,3492.9,11999,2,,PATUAKHALI/Mirzaganj,1,0.506
Mustard,BD10780095,0.0,21557.7,7591.0,0.0,1061.3,30210,1,,PATUAKHALI/Patuakhali,1,0.6965
Mustard,BD10790014,0.0,6700.5,2428.7,0.0,1285.8,10415,3,,PIROJPUR/Bhandaria,1,0.6313
Mustard,BD10790047,0.0,680.9,4135.1,0.0,0.0,4816,2,,PIROJPUR/Kawkhali,1,0.5424
Mustard,BD10790058,0.0,2190.6,19083.7,1565.7,47.0,22887,2,,PIROJPUR/Mathbaria,1,0.5072
Mustard,BD10790076,777.3,1095.3,4268.2,3434.3,7094.8,16670,4,,PIROJPUR/Nazirpur,1,0.2684
Mustard,BD10790080,0.0,3492.0,13986.2,2820.8,0.0,20299,2,,PIROJPUR/Pirojpur,1,0.5099
Mustard,BD10790087,0.0,48.9,2734.3,0.0,8771.8,11555,4,,PIROJPUR/Sarupkati,1,0.1217
Mustard,BD20030004,83.1,951.5,0.0,0.0,22429.4,23464,4,,BANDARBAN/Alikadam,1,0.036
Mustard,BD20030014,101.8,0.0,0.0,0.0,15244.2,15346,4,,BANDARBAN/Bandarban,1,0.0066
Mustard,BD20030051,167.4,381.1,0.0,0.0,15915.6,16464,4,,BANDARBAN/Lama,1,0.0287
Mustard,BD20030073,147.4,1.6,0.0,0.0,8102.0,8251,4,,BANDARBAN/Naikhongchhari,1,0.018
Mustard,BD20030089,8.1,32.3,0.0,0.0,10233.7,10274,4,,BANDARBAN/Rowangchhari,1,0.0033
Mustard,BD20030091,0.0,0.0,0.0,0.0,7396.0,7396,4,,BANDARBAN/Ruma,1,0.0
Mustard,BD20030095,0.0,85.8,0.0,0.0,5512.2,5598,4,,BANDARBAN/Thanchi,1,0.0123
Mustard,BD20120002,1026.2,1735.1,2782.5,0.0,3216.2,8760,4,,BRAHMANBARIA/Akhaura,1,0.4344
Mustard,BD20120004,1444.4,4303.0,1799.8,415.9,6601.9,14565,4,,BRAHMANBARIA/Banchharampur,1,0.403
Mustard,BD20120013,10207.6,11184.2,5270.5,46.5,16377.2,43086,4,,BRAHMANBARIA/Brahmanbaria,1,0.506
Mustard,BD20120063,6980.3,6429.5,437.7,0.0,3667.5,17515,3,,BRAHMANBARIA/Kasba,1,0.7047
Mustard,BD20120085,5225.7,15249.1,525.0,702.7,7406.5,29109,3,,BRAHMANBARIA/Nabinagar,1,0.6125
Mustard,BD20120090,1472.1,13233.3,55.1,0.0,11060.5,25821,3,,BRAHMANBARIA/Nasirnagar,1,0.4681
Mustard,BD20120094,3734.2,3409.1,905.0,0.0,10455.7,18504,4,,BRAHMANBARIA/Sarail,1,0.3736
Mustard,BD20130022,522.7,11319.5,223.2,0.0,435.6,12501,1,,CHANDPUR/Chandpur,1,0.7751
Mustard,BD20130045,6516.9,6698.1,1799.9,0.0,628.1,15643,1,,CHANDPUR/Faridganj,1,0.8167
Mustard,BD20130047,1277.5,5316.1,4.5,0.0,0.0,6598,1,,CHANDPUR/Haimchar,1,0.8385
Mustard,BD20130049,0.0,7889.0,3314.9,0.0,2268.1,13472,2,,CHANDPUR/Hajiganj,1,0.5915
Mustard,BD20130058,4000.4,3044.1,2175.3,5434.9,3138.4,17793,4,,CHANDPUR/Kachua,1,0.4839
Mustard,BD20130076,540.5,17749.3,2979.1,33.0,5312.3,26614,3,Matlab,CHANDPUR/Matlab,1,0.6101
Mustard,BD20130079,540.5,17749.3,2979.1,33.0,5312.3,26614,3,Matlab,CHANDPUR/Matlab,1,0.6101
Mustard,BD20130095,3326.2,2308.0,4016.3,0.0,2166.5,11817,3,,CHANDPUR/Shahrasti,1,0.6077
Mustard,BD20150004,205.3,6733.6,1137.9,0.0,1384.3,9461,1,,CHITTAGONG/Anwara,1,0.6512
Mustard,BD20150008,1195.5,11703.5,991.7,774.3,11363.9,26029,4,,CHITTAGONG/Banskhali,1,0.4306
Mustard,BD20150012,4444.9,2369.3,0.0,0.0,178.8,6993,1,,CHITTAGONG/Boalkhali,1,0.9067
Mustard,BD20150018,2330.2,2825.2,110.0,0.0,6100.5,11366,4,,CHITTAGONG/Chandanais,1,0.4087
Mustard,BD20150033,2222.6,5227.7,736.8,0.0,15460.9,23648,4,,CHITTAGONG/Fatikchhari,1,0.2864
Mustard,BD20150037,1579.7,4508.2,1763.4,0.0,4665.7,12517,4,,CHITTAGONG/Hathazari,1,0.4848
Mustard,BD20150047,461.7,268.4,0.0,0.0,11778.9,12509,4,,CHITTAGONG/Lohagora,1,0.0541
Mustard,BD20150053,9205.3,5275.3,321.8,0.0,7907.6,22710,3,,CHITTAGONG/Mirsharai,1,0.5983
Mustard,BD20150061,1983.9,5691.2,178.4,0.0,4135.5,11989,3,,CHITTAGONG/Patia,1,0.5527
Mustard,BD20150070,2298.1,5232.2,2075.0,0.0,9945.6,19551,4,,CHITTAGONG/Rangunia,1,0.3847
Mustard,BD20150074,2259.1,6944.8,1679.0,0.0,3001.0,13884,2,,CHITTAGONG/Rauzan,1,0.6233
Mustard,BD20150078,3279.1,8905.9,8605.1,1241.8,5355.2,27387,2,,CHITTAGONG/Sandwip,1,0.5461
Mustard,BD20150082,5158.6,4133.9,445.8,0.0,6698.7,16437,3,,CHITTAGONG/Satkania,1,0.5286
Mustard,BD20150086,2206.3,3327.6,32.3,0.0,3710.8,9277,3,,CHITTAGONG/Sitakunda,1,0.5265
Mustard,BD20151600,0.0,0.0,0.0,0.0,0.0,0,4,,CHITTAGONG/Patenga; CHITTAGONG/Double Mooring; CHITTAGONG/Panchlais,3,
Mustard,BD20190009,7942.8,9974.1,566.9,0.0,47.2,18531,1,,COMILLA/Barura,1,0.8745
Mustard,BD20190015,937.0,6766.6,1267.3,361.0,1175.1,10507,3,,COMILLA/Brahmanpara,1,0.6716
Mustard,BD20190018,3393.6,6672.6,587.1,1682.5,465.4,12801,1,,COMILLA/Burichang,1,0.7313
Mustard,BD20190027,3314.3,1202.1,3418.6,0.0,7657.0,15592,4,,COMILLA/Chandina,1,0.3839
Mustard,BD20190031,13946.2,5252.9,1087.6,964.2,671.1,21922,1,,COMILLA/Chauddagram,1,0.8615
Mustard,BD20190036,50.5,2060.4,0.0,0.0,37531.1,39642,4,,COMILLA/Daudkandi,1,0.0429
Mustard,BD20190040,10861.3,4107.7,1604.6,0.0,2189.4,18763,1,,COMILLA/Debiduar,1,0.7968
Mustard,BD20190054,49.9,907.3,149.8,0.0,12643.9,13751,4,,COMILLA/Homna,1,0.0619
Mustard,BD20190067,2359.2,11965.1,883.7,2897.1,2466.8,20572,3,,COMILLA/Comilla,1,0.6296
Mustard,BD20190072,12879.7,15720.4,496.4,503.3,3799.1,33399,1,,COMILLA/Laksham,1,0.7726
Mustard,BD20190081,7058.2,6737.1,2016.6,0.0,13250.1,29062,4,,COMILLA/Muradnagar,1,0.463
Mustard,BD20190087,14988.6,3080.3,795.9,0.0,405.3,19270,1,,COMILLA/Nangalkot,1,0.9263
Mustard,BD20220016,2906.6,4559.1,5759.8,3917.1,20233.4,37376,4,,COX'S BAZAR/Chakaria,1,0.2734
Mustard,BD20220024,1373.4,2186.4,2012.8,813.0,9882.4,16268,4,,COX'S BAZAR/Cox's Bazar,1,0.2638
Mustard,BD20220045,67.9,882.9,252.3,4647.2,659.7,6510,4,,COX'S BAZAR/Kutubdia,1,0.2811
Mustard,BD20220049,269.4,308.7,1515.2,1397.4,12632.4,16123,4,,COX'S BAZAR/Moheshkhali,1,0.0963
Mustard,BD20220066,1476.1,1823.4,336.5,0.0,11418.0,15054,4,,COX'S BAZAR/Ramu,1,0.2061
Mustard,BD20220090,117.8,780.2,459.2,772.1,10930.7,13060,4,,COX'S BAZAR/Teknaf,1,0.0862
Mustard,BD20220094,680.4,105.6,3.1,0.0,7465.9,8255,4,,COX'S BAZAR/Ukhia,1,0.0928
Mustard,BD20300014,7390.7,3049.4,149.8,4.0,0.0,10594,1,,FENI/Chhagalnaiya,1,0.9351
Mustard,BD20300025,7759.5,1255.3,0.0,3012.8,337.4,12365,1,,FENI/Daganbhuiya,1,0.7575
Mustard,BD20300029,13886.3,622.9,39.3,583.5,458.9,15591,1,,FENI/Feni,1,0.9314
Mustard,BD20300051,3530.6,12312.0,1086.4,0.0,0.0,16929,1,,FENI/Parshuram,1,0.8225
Mustard,BD20300094,8188.4,8237.8,0.0,493.9,0.0,16920,1,,FENI/Sonagazi,1,0.8793
Mustard,BD20460043,812.2,280.3,0.0,0.0,14493.5,15586,4,,KHAGRACHHARI/Dighinala,1,0.0665
Mustard,BD20460049,590.7,193.7,0.0,0.0,7785.6,8570,4,,KHAGRACHHARI/Khagrachhari,1,0.087
Mustard,BD20460061,187.9,5.6,0.0,0.0,4406.6,4600,4,,KHAGRACHHARI/Laksmichhari,1,0.0418
Mustard,BD20460065,417.5,132.4,0.0,0.0,7942.2,8492,4,,KHAGRACHHARI/Mohalchhari,1,0.0616
Mustard,BD20460067,547.4,0.0,0.0,0.0,6312.6,6860,4,,KHAGRACHHARI/Manikchhari,1,0.0798
Mustard,BD20460070,325.5,358.9,0.0,0.0,17970.6,18655,4,,KHAGRACHHARI/Matiranga,1,0.0328
Mustard,BD20460077,466.0,144.5,0.0,0.0,9269.5,9880,4,,KHAGRACHHARI/Panchhari,1,0.0589
Mustard,BD20460080,98.9,40.7,0.0,0.0,9592.3,9732,4,,KHAGRACHHARI/Ramgarh,1,0.0135
Mustard,BD20510043,16347.3,14999.8,1158.4,419.6,0.0,32925,1,,LAKSHMIPUR/Laksmipur,1,0.8811
Mustard,BD20510058,3017.7,7197.8,343.6,0.0,0.0,10559,1,,LAKSHMIPUR/Raipur,1,0.8474
Mustard,BD20510065,1854.4,4104.1,4956.3,0.0,1561.2,12476,2,,LAKSHMIPUR/Ramganj,1,0.6104
Mustard,BD20510073,0.0,2286.3,5198.1,26452.1,2740.5,36677,4,,LAKSHMIPUR/Ramgati,1,0.265
Mustard,BD20750007,4352.7,305.8,2843.2,22941.1,143.1,30586,4,,NOAKHALI/Begumganj,1,0.3468
Mustard,BD20750010,4446.2,709.9,1208.1,709.9,1918.0,8992,4,,NOAKHALI/Chatkhil,1,0.6406
Mustard,BD20750021,131.8,12761.2,1015.1,8832.7,4548.2,27289,4,,NOAKHALI/Companiganj,1,0.4623
Mustard,BD20750036,0.0,5742.3,8402.6,609.9,21522.2,36277,4,,NOAKHALI/Hatiya,1,0.2458
Mustard,BD20750080,6419.7,1584.2,788.6,3569.6,0.0,12362,3,,NOAKHALI/Senbag,1,0.7115
Mustard,BD20750087,3084.9,23812.8,13635.5,4134.3,23270.5,67938,4,,NOAKHALI/Noakhali,1,0.4383
Mustard,BD20840007,371.3,106.1,314.2,0.0,16333.4,17125,4,,RANGAMATI/Baghaichhari,1,0.0358
Mustard,BD20840021,108.3,0.0,5.8,0.0,10198.9,10313,4,,RANGAMATI/Barkal,1,0.0108
Mustard,BD20840025,131.5,0.0,0.0,0.0,12689.5,12821,4,,RANGAMATI/Kawkhali (Betbunia),1,0.0103
Mustard,BD20840029,74.1,0.0,0.0,0.0,5662.9,5737,4,,RANGAMATI/Belaichhari,1,0.0129
Mustard,BD20840036,127.1,0.0,0.0,0.0,5961.9,6089,4,,RANGAMATI/Kaptai,1,0.0209
Mustard,BD20840047,82.6,28.5,0.0,0.0,11958.9,12070,4,,RANGAMATI/Juraichhari,1,0.0087
Mustard,BD20840058,537.4,0.0,593.1,0.0,12495.5,13626,4,,RANGAMATI/Langadu,1,0.0612
Mustard,BD20840075,382.9,0.0,0.0,0.0,10050.1,10433,4,,RANGAMATI/Nannerchar,1,0.0367
Mustard,BD20840078,27.0,1.2,2.5,0.0,3589.3,3620,4,,RANGAMATI/Rajasthali,1,0.0081
Mustard,BD20840087,185.8,0.0,37.2,0.0,8323.0,8546,4,,RANGAMATI/Rangamati,1,0.0239
Mustard,BD30260014,2253.4,13408.0,4218.1,0.0,6503.5,26383,3,,DHAKA/Dhamrai,1,0.5719
Mustard,BD30260018,2050.1,4249.4,864.0,0.0,1704.5,8868,3,,DHAKA/Dohar,1,0.6632
Mustard,BD30260038,1671.6,2251.7,2503.6,99.2,6694.0,13220,4,,DHAKA/Keraniganj,1,0.3589
Mustard,BD30260062,1305.3,2933.9,3947.1,0.0,11331.6,19518,4,,DHAKA/Nawabganj,1,0.2882
Mustard,BD30260072,1192.7,5064.5,3645.5,3541.5,9963.8,23408,4,,DHAKA/Savar,1,0.3322
Mustard,BD30262000,0.0,0.0,0.0,0.0,0.0,0,4,Dhaka Metro,DHAKA/Dhaka Metro,1,
Mustard,BD30262500,0.0,0.0,0.0,0.0,0.0,0,4,Dhaka Metro,DHAKA/Dhaka Metro,1,
Mustard,BD30290003,2476.1,2223.4,5285.7,0.0,555.9,10541,2,,FARIDPUR/Alfadanga,1,0.6544
Mustard,BD30290010,1013.4,5143.3,8854.1,381.0,1760.2,17152,2,,FARIDPUR/Bhanga,1,0.5615
Mustard,BD30290018,2544.6,13696.4,5542.6,0.0,1003.4,22787,1,,FARIDPUR/Boalmari,1,0.7141
Mustard,BD30290021,6513.8,500.5,944.6,0.0,0.0,7959,1,,FARIDPUR/Char Bhadrasan,1,0.9281
Mustard,BD30290047,10556.7,17360.0,3024.6,0.0,192.7,31134,1,,FARIDPUR/Faridpur,1,0.8337
Mustard,BD30290056,224.4,13450.2,2530.6,944.1,634.6,17784,1,,FARIDPUR/Madhukhali,1,0.6994
Mustard,BD30290062,1996.3,10364.4,18717.8,198.9,1097.6,32375,2,,FARIDPUR/Nagarkanda,1,0.6081
Mustard,BD30290084,10594.8,5526.7,5029.9,0.0,137.6,21289,2,,FARIDPUR/Sadarpur,1,0.8235
Mustard,BD30330030,1200.0,8460.0,7430.0,3510.0,16440.0,37040,4,,GAZIPUR/Gazipur,1,0.3344
Mustard,BD30330032,1327.1,4874.4,7512.3,3604.6,10166.6,27485,4,,GAZIPUR/Kaliakoir,1,0.3531
Mustard,BD30330034,611.6,2378.3,2616.2,3482.6,9649.3,18738,4,,GAZIPUR/Kaliganj,1,0.2412
Mustard,BD30330036,2136.7,7372.4,4477.3,8090.1,9378.6,31455,4,,GAZIPUR/Kapasia,1,0.378
Mustard,BD30330086,160.9,12937.8,5452.8,8780.4,16316.1,43648,4,,GAZIPUR/Sripur,1,0.3435
Mustard,BD30350032,486.9,7957.4,9984.7,0.0,14135.0,32564,4,,GOPALGANJ/Gopalganj,1,0.3638
Mustard,BD30350043,156.1,9202.1,6250.6,0.0,7336.2,22945,3,,GOPALGANJ/Kasiani,1,0.4639
Mustard,BD30350051,0.0,3130.8,1557.3,2307.8,25466.1,32462,4,,GOPALGANJ/Kotalipara,1,0.1154
Mustard,BD30350058,39.1,5060.8,9149.9,71.7,10030.4,24352,4,,GOPALGANJ/Muksudpur,1,0.3563
Mustard,BD30350091,1774.8,723.3,3421.9,972.5,3950.6,10843,4,,GOPALGANJ/Tungipara,1,0.3928
Mustard,BD30480002,1555.0,0.0,0.0,36.2,23912.8,25504,4,,KISHOREGANJ/Ashtagram,1,0.0613
Mustard,BD30480006,6272.7,2195.4,856.8,0.0,5324.1,14649,3,,KISHOREGANJ/Bajitpur,1,0.5773
Mustard,BD30480011,6535.9,738.3,0.0,0.0,33.9,7308,1,,KISHOREGANJ/Bhairab,1,0.9752
Mustard,BD30480027,5738.0,2980.3,57.5,402.2,79.0,9257,1,,KISHOREGANJ/Hossainpur,1,0.8892
Mustard,BD30480033,1851.6,629.4,930.4,0.0,33875.7,37287,4,,KISHOREGANJ/Itna,1,0.0756
Mustard,BD30480042,5464.4,3233.4,2411.9,0.0,5125.3,16235,4,,KISHOREGANJ/Karimganj,1,0.5702
Mustard,BD30480045,6822.9,5564.2,2109.8,0.0,2832.1,17329,2,,KISHOREGANJ/Katiadi,1,0.7115
Mustard,BD30480049,7917.1,2829.9,783.2,210.6,796.3,12537,1,,KISHOREGANJ/Kishoreganj,1,0.8467
Mustard,BD30480054,5490.2,1680.5,0.0,7.6,889.7,8068,1,,KISHOREGANJ/Kuliarchar,1,0.8473
Mustard,BD30480059,1426.9,125.9,889.7,134.3,16502.1,19079,4,,KISHOREGANJ/Mithamoin,1,0.1048
Mustard,BD30480076,485.6,1596.9,1769.7,0.0,12692.7,16545,4,,KISHOREGANJ/Nikli,1,0.16
Mustard,BD30480079,7054.1,5687.0,1593.6,375.0,234.4,14944,1,,KISHOREGANJ/Pakundia,1,0.8348
Mustard,BD30480092,2266.9,1915.7,4198.5,167.6,3831.3,12380,4,,KISHOREGANJ/Tarail,1,0.4792
Mustard,BD30540040,1458.8,10606.5,6848.3,445.5,3010.9,22370,2,,MADARIPUR/Kalkini,1,0.6016
Mustard,BD30540054,3586.5,6428.8,7455.7,1302.1,3846.9,22620,3,,MADARIPUR/Madaripur,1,0.5622
Mustard,BD30540080,724.1,3060.0,6314.7,3371.5,6353.6,19824,4,,MADARIPUR/Rajoir,1,0.3533
Mustard,BD30540087,3204.0,8302.2,9959.7,0.0,799.1,22265,2,,MADARIPUR/Sibchar,1,0.6659
Mustard,BD30560010,5618.5,4394.1,4203.0,225.8,3030.7,17472,2,,MANIKGANJ/Daulatpur,1,0.6456
Mustard,BD30560022,1084.1,809.5,6577.1,28.9,3093.4,11593,4,,MANIKGANJ/Ghior,1,0.4335
Mustard,BD30560028,1560.2,1560.2,4910.8,0.0,4815.7,12847,4,,MANIKGANJ/Harirampur,1,0.4097
Mustard,BD30560046,3842.2,8017.1,2794.3,482.4,2761.1,17897,2,,MANIKGANJ/Manikganj,1,0.6565
Mustard,BD30560070,2676.7,4928.8,2324.1,626.0,971.4,11527,2,,MANIKGANJ/Saturia,1,0.686
Mustard,BD30560078,1846.4,159.4,9046.1,624.3,1487.8,13164,2,,MANIKGANJ/Sibalay,1,0.503
Mustard,BD30560082,3845.7,7142.0,2880.6,0.0,3496.8,17365,2,,MANIKGANJ/Singair,1,0.6334
Mustard,BD30590024,3280.0,0.0,32.4,0.0,5944.6,9257,4,,MUNSHIGANJ/Gozaria,1,0.3561
Mustard,BD30590044,399.0,1006.6,1798.7,0.0,4234.7,7439,4,,MUNSHIGANJ/Lohajang,1,0.2828
Mustard,BD30590056,2563.8,4370.6,1465.0,256.4,1532.2,10188,2,,MUNSHIGANJ/Munshiganj,1,0.6718
Mustard,BD30590074,4009.2,2025.3,2521.2,124.0,6464.3,15144,4,,MUNSHIGANJ/Serajdikhan,1,0.4566
Mustard,BD30590084,1255.5,1034.4,1840.5,0.0,10757.6,14888,4,,MUNSHIGANJ/Srinagar,1,0.2017
Mustard,BD30590094,1148.2,996.0,1632.4,0.0,4468.3,8245,4,,MUNSHIGANJ/Tongibari,1,0.3349
Mustard,BD30670002,3456.6,381.0,3395.4,0.0,5600.0,12833,4,,NARAYANGANJ/Araihazar,1,0.4254
Mustard,BD30670004,3834.8,1624.7,1311.3,915.4,5937.8,13624,4,,NARAYANGANJ/Sonargaon,1,0.4384
Mustard,BD30670006,0.0,0.0,0.0,0.0,0.0,0,4,,NARAYANGANJ/Bandar,1,
Mustard,BD30670058,0.0,0.0,0.0,0.0,0.0,0,4,,NARAYANGANJ/Narayanganj,1,
Mustard,BD30670068,785.5,1565.3,2000.4,2435.5,8408.4,15195,4,,NARAYANGANJ/Rupganj,1,0.232
Mustard,BD30680007,1752.5,3505.0,1487.4,1752.5,721.6,9219,4,,NARSINGDI/Belabo,1,0.6129
Mustard,BD30680052,4866.9,4902.8,2361.7,1249.0,1758.7,15139,2,,NARSINGDI/Manohardi,1,0.6751
Mustard,BD30680060,5400.8,2546.0,2629.5,542.6,5576.1,16695,4,,NARSINGDI/Narsingdi,1,0.5308
Mustard,BD30680063,755.3,2022.8,820.9,1083.6,1740.4,6423,4,,NARSINGDI/Palas,1,0.4672
Mustard,BD30680064,10297.6,2094.9,4405.5,662.4,6369.6,23830,4,,NARSINGDI/Raipura,1,0.6005
Mustard,BD30680076,3772.1,2488.5,6738.7,615.6,2639.1,16254,2,,NARSINGDI/Sibpur,1,0.5694
Mustard,BD30820007,2144.8,9630.8,4468.3,701.2,1642.9,18588,2,,RAJBARI/Baliakandi,1,0.6576
Mustard,BD30820029,3997.9,5131.2,1070.9,0.0,0.0,10200,1,,RAJBARI/Goalanda,1,0.8469
Mustard,BD30820073,4018.3,23936.9,4545.0,43.3,721.4,33265,1,,RAJBARI/Pangsha,1,0.765
Mustard,BD30820076,2993.8,14977.0,3518.9,203.8,556.4,22250,1,,RAJBARI/Rajbari,1,0.754
Mustard,BD30860014,3834.9,1384.2,8214.3,1717.0,2087.6,17238,3,,SHARIATPUR/Bhedarganj,1,0.5449
Mustard,BD30860025,299.6,1711.1,2665.2,1742.6,993.5,7412,4,,SHARIATPUR/Damudya,1,0.4519
Mustard,BD30860036,1061.7,5233.3,4761.5,911.5,1555.0,13523,3,,SHARIATPUR/Goshairhat,1,0.5776
Mustard,BD30860065,804.9,5331.4,5196.2,2736.5,1410.1,15479,3,,SHARIATPUR/Naria,1,0.5307
Mustard,BD30860069,11.3,6018.4,3757.2,1059.7,351.4,11198,2,,SHARIATPUR/Palong (Sadar),1,0.6177
Mustard,BD30860094,1685.5,10285.2,4023.7,0.0,1025.6,17020,3,,SHARIATPUR/Janjira,1,0.7007
Mustard,BD30930009,492.0,5299.9,5657.7,0.0,1647.4,13097,2,,TANGAIL/Basail,1,0.5773
Mustard,BD30930019,10040.3,5672.2,572.7,34.5,607.2,16927,1,,TANGAIL/Bhuapur,1,0.8786
Mustard,BD30930023,3554.4,10243.4,195.5,0.0,21.7,14015,1,,TANGAIL/Delduar,1,0.8453
Mustard,BD30930028,6441.9,12932.7,8665.2,11507.5,1392.6,40940,3,,TANGAIL/Ghatail,1,0.5721
Mustard,BD30930038,1349.4,13652.2,1136.0,172.1,757.3,17067,1,,TANGAIL/Gopalpur,1,0.7543
Mustard,BD30930047,9391.4,9701.2,2761.0,151.5,784.9,22790,1,,TANGAIL/Kalihati,1,0.8145
Mustard,BD30930057,5819.6,14224.1,14948.8,6828.2,956.2,42777,2,,TANGAIL/Madhupur,1,0.6087
Mustard,BD30930066,0.0,14543.2,2196.0,5564.8,8111.9,30416,4,,TANGAIL/Mirzapur,1,0.4552
Mustard,BD30930076,9265.0,9180.0,743.8,14.2,255.0,19458,1,,TANGAIL/Nagarpur,1,0.8728
Mustard,BD30930085,585.3,11346.7,12751.4,14816.7,1429.8,40930,4,,TANGAIL/Shakhipur,1,0.4642
Mustard,BD30930095,13157.2,8844.1,735.9,0.0,299.8,23037,1,,TANGAIL/Tangail,1,0.8942
Mustard,BD40010008,0.0,144.3,10762.2,4190.7,2320.8,17418,3,,BAGERHAT/Bagerhat,1,0.3637
Mustard,BD40010014,1668.9,339.6,5773.3,2231.7,4298.5,14312,4,,BAGERHAT/Chitalmari,1,0.3685
Mustard,BD40010034,0.0,0.0,6459.5,1541.2,2075.3,10076,3,,BAGERHAT/Fakirhat,1,0.3511
Mustard,BD40010038,0.0,0.0,7730.8,485.9,314.4,8531,2,,BAGERHAT/Kachua,1,0.4645
Mustard,BD40010056,2283.6,2445.2,253.0,4089.4,6857.8,15929,4,,BAGERHAT/Mollahat,1,0.3255
Mustard,BD40010058,0.0,0.0,0.0,1357.7,13065.3,14423,4,,BAGERHAT/Mongla,1,0.0188
Mustard,BD40010060,0.0,6610.7,5001.9,16146.6,5418.8,33178,4,,BAGERHAT/Morelganj,1,0.3321
Mustard,BD40010073,0.0,1631.4,6626.1,5382.8,10801.6,24442,4,,BAGERHAT/Rampal,1,0.233
Mustard,BD40010077,0.0,2367.0,57.7,5751.6,1789.7,9966,4,,BAGERHAT/Sarankhola,1,0.3083
Mustard,BD40180007,4565.9,21055.4,50.9,1904.9,50.9,27628,1,,CHUADANGA/Alamdanga,1,0.7897
Mustard,BD40180023,8366.2,12731.6,0.0,2030.2,0.0,23128,1,,CHUADANGA/Chuadanga,1,0.8197
Mustard,BD40180031,10220.6,11982.8,0.0,3708.6,72.1,25984,1,,CHUADANGA/Damurhuda,1,0.7908
Mustard,BD40180055,3068.8,10669.4,0.0,1995.8,165.1,15899,1,,CHUADANGA/Jibannagar,1,0.755
Mustard,BD40410004,4274.9,4505.0,914.2,3590.9,3479.1,16764,4,,JESSORE/Abhoynagar,1,0.5401
Mustard,BD40410009,2941.6,12928.3,0.0,2229.7,774.4,18874,1,,JESSORE/Bagherpara,1,0.7275
Mustard,BD40410011,6400.0,12800.1,0.0,2926.2,457.7,22584,1,,JESSORE/Chaugachha,1,0.7627
Mustard,BD40410023,2203.4,19412.6,259.2,1908.1,597.6,24381,1,,JESSORE/Jhikorgachha,1,0.7483
Mustard,BD40410038,6443.9,7586.3,121.9,3369.6,1277.2,18799,1,,JESSORE/Keshabpur,1,0.7047
Mustard,BD40410047,4917.4,22872.5,0.0,2729.6,1042.5,31562,1,,JESSORE/Jessore,1,0.7528
Mustard,BD40410061,5148.7,19853.4,87.6,4535.4,2870.9,32496,1,,JESSORE/Manirampur,1,0.6765
Mustard,BD40410090,4359.7,16991.4,0.0,4848.8,1699.1,27899,1,,JESSORE/Sarsa,1,0.6783
Mustard,BD40440014,4364.1,13475.3,0.0,50.6,0.0,17890,1,,JHENAIDAH/Harinakundu,1,0.8471
Mustard,BD40440019,5145.8,25360.4,0.0,3919.6,1630.2,36056,1,,JHENAIDAH/Jhenaidah,1,0.7271
Mustard,BD40440033,4543.1,18654.6,0.0,1732.9,527.4,25458,1,,JHENAIDAH/Kaliganj,1,0.7783
Mustard,BD40440042,2641.7,8093.1,0.0,847.0,309.2,11891,1,,JHENAIDAH/Kotchandpur,1,0.7809
Mustard,BD40440071,8865.5,17890.2,0.0,5467.3,1711.0,33934,1,,JHENAIDAH/Maheshpur,1,0.7152
Mustard,BD40440080,5389.8,20422.3,900.8,2702.3,649.7,30065,1,,JHENAIDAH/Sailkupa,1,0.7556
Mustard,BD40470012,0.0,0.0,629.4,13329.4,3932.2,17891,4,,KHULNA/Batiaghata,1,0.1666
Mustard,BD40470017,0.0,0.0,0.0,1116.2,21428.8,22545,4,,KHULNA/Dacope,1,0.0099
Mustard,BD40470030,102.4,7370.2,3575.4,9417.5,16100.4,36566,4,,KHULNA/Dumuria,1,0.2644
Mustard,BD40470040,0.0,1932.2,579.7,1209.7,680.5,4402,4,,KHULNA/Dighalia (Daulathpur),1,0.4719
Mustard,BD40470053,0.0,0.0,74.3,0.0,21070.7,21145,4,,KHULNA/Koyra,1,0.0018
Mustard,BD40470064,0.0,4930.7,243.2,1081.7,25852.4,32108,4,,KHULNA/Paikgachha,1,0.1334
Mustard,BD40470069,137.5,2014.1,1312.9,556.8,776.8,4798,3,,KHULNA/Phultala,1,0.5245
Mustard,BD40470075,231.0,1417.1,1754.2,1073.7,955.1,5431,4,,KHULNA/Rupsha,1,0.4523
Mustard,BD40470094,1173.4,1430.3,895.7,3402.1,9095.5,15997,4,,KHULNA/Terakhada,1,0.2154
Mustard,BD40473300,0.0,0.0,2080.0,40.0,0.0,2120,2,,KHULNA/Khulna Metro,1,0.4943
Mustard,BD40500015,72.1,9313.1,412.9,0.0,235.9,10034,1,,KUSHTIA/Bheramara,1,0.7703
Mustard,BD40500039,4001.5,24926.3,469.1,827.9,1628.2,31853,1,,KUSHTIA/Daulatpur,1,0.7642
Mustard,BD40500063,0.0,5100.6,1844.8,0.0,580.6,7526,3,,KUSHTIA/Khoksha,1,0.6647
Mustard,BD40500071,10.6,13583.7,1694.0,95.6,1115.2,16499,1,,KUSHTIA/Kumarkhali,1,0.7118
Mustard,BD40500079,4508.5,12678.1,201.5,5682.6,222.3,23293,3,,KUSHTIA/Kushtia,1,0.6821
Mustard,BD40500094,6142.6,16226.2,66.0,3478.6,271.5,26185,1,,KUSHTIA/Mirpur,1,0.7582
Mustard,BD40550057,5160.7,19182.1,749.0,5153.2,2247.0,32492,3,,MAGURA/Magura,1,0.6744
Mustard,BD40550066,947.7,8580.3,6449.9,653.8,1153.3,17785,2,,MAGURA/Mohammadpur,1,0.6279
Mustard,BD40550085,1458.1,12904.0,0.0,3324.2,1110.6,18797,3,,MAGURA/Salikha,1,0.6621
Mustard,BD40550095,1896.0,8621.3,906.8,693.8,1470.1,13588,1,,MAGURA/Sripur,1,0.6907
Mustard,BD40570047,7501.8,17648.0,122.0,3775.3,48.8,29096,1,,MEHERPUR/Gangni,1,0.7711
Mustard,BD40570087,9695.5,16525.1,0.0,4149.4,113.0,30483,1,,MEHERPUR/Meherpur,1,0.779
Mustard,BD40650028,1198.1,1959.8,2174.0,7490.0,12068.1,24890,4,,NARAIL/Kalia,1,0.215
Mustard,BD40650052,551.4,11769.7,6123.8,1286.5,2940.6,22672,2,,NARAIL/Lohagara,1,0.586
Mustard,BD40650076,7646.3,6087.4,1681.3,9623.9,2190.2,27229,4,,NARAIL/Narail,1,0.5612
Mustard,BD40870004,0.0,6344.4,5994.7,2835.0,18745.9,33920,4,,SATKHIRA/Asasuni,1,0.2547
Mustard,BD40870025,0.0,418.1,2172.4,4205.5,7788.0,14584,4,,SATKHIRA/Debhata,1,0.1551
Mustard,BD40870043,53.2,15868.0,958.5,13.3,0.0,16893,1,,SATKHIRA/Kalaroa,1,0.7831
Mustard,BD40870047,0.0,180.6,3640.8,9957.0,12203.6,25982,4,,SATKHIRA/Kaliganj,1,0.1523
Mustard,BD40870082,234.3,16503.9,6128.6,3380.3,830.9,27078,3,,SATKHIRA/Satkhira,1,0.6344
Mustard,BD40870086,0.0,0.0,0.0,891.4,35746.6,36638,4,,SATKHIRA/Shyamnagar,1,0.0049
Mustard,BD40870090,44.8,19042.1,5092.8,149.3,2426.9,26756,1,,SATKHIRA/Tala,1,0.6673
Mustard,BD45390007,5213.5,11696.0,26.2,130.8,1347.5,18414,1,,JAMALPUR/Bakshiganj,1,0.7934
Mustard,BD45390015,10552.2,10619.9,0.0,1523.6,11.3,22707,1,,JAMALPUR/Dewanganj,1,0.8523
Mustard,BD45390029,4363.0,21438.1,384.7,300.1,0.0,26486,1,,JAMALPUR/Islampur,1,0.8218
Mustard,BD45390036,8843.0,25368.9,2870.8,3480.7,1710.6,42274,1,,JAMALPUR/Jamalpur,1,0.7397
Mustard,BD45390058,7471.1,13752.4,105.0,813.6,35.0,22177,1,,JAMALPUR/Madarganj,1,0.8427
Mustard,BD45390061,4025.2,14975.3,992.6,539.3,15.6,20548,1,,JAMALPUR/Melandaha,1,0.8083
Mustard,BD45390085,9157.2,11101.8,573.8,454.3,271.0,21558,1,,JAMALPUR/Sarishabari,1,0.8543
Mustard,BD45610013,2716.6,7692.4,14817.7,2862.9,15924.4,44014,4,,MYMENSINGH/Bhaluka,1,0.3829
Mustard,BD45610016,95.2,17090.9,190.4,4125.9,1507.6,23010,1,,MYMENSINGH/Dhobaura,1,0.6383
Mustard,BD45610020,10901.6,11102.8,9114.3,1268.9,2166.4,34554,2,,MYMENSINGH/Phulbaria,1,0.7118
Mustard,BD45610022,16281.3,4983.9,9061.7,1017.6,616.5,31961,2,,MYMENSINGH/Gafargaon,1,0.7823
Mustard,BD45610023,2132.9,16067.3,3373.2,789.3,554.4,22917,1,,MYMENSINGH/Gouripur,1,0.7344
Mustard,BD45610024,9.9,24564.4,611.6,3521.9,2328.2,31036,1,,MYMENSINGH/Haluaghat,1,0.6661
Mustard,BD45610031,2521.6,19336.8,1203.1,1023.0,122.5,24207,1,,MYMENSINGH/Ishwarganj,1,0.7765
Mustard,BD45610052,9180.3,17451.9,469.8,2687.9,462.1,30252,1,,MYMENSINGH/Mymensingh,1,0.7905
Mustard,BD45610065,9377.2,10635.8,2598.2,1361.7,1288.1,25261,1,,MYMENSINGH/Muktagachha,1,0.7703
Mustard,BD45610072,3289.4,18316.8,2419.3,2327.8,793.7,27147,1,,MYMENSINGH/Nandail,1,0.7227
Mustard,BD45610081,1999.6,34085.4,7863.1,1444.5,1430.3,46823,1,,MYMENSINGH/Phulpur,1,0.7152
Mustard,BD45610094,11073.4,8424.9,6704.9,175.0,1765.7,28144,2,,MYMENSINGH/Trisal,1,0.7533
Mustard,BD45720004,3262.7,5343.7,4868.0,0.0,2623.5,16098,2,,NETRAKONA/Atpara,1,0.6194
Mustard,BD45720009,4806.4,4567.7,3795.8,4281.2,1917.8,19369,4,,NETRAKONA/Barhatta,1,0.579
Mustard,BD45720018,146.0,16210.3,0.0,5387.2,2466.4,24210,3,,NETRAKONA/Durgapur,1,0.5862
Mustard,BD45720038,1029.4,13.1,229.5,0.0,19079.1,20351,4,,NETRAKONA/Khaliajuri,1,0.0567
Mustard,BD45720040,2434.2,5901.9,674.7,14135.5,11547.6,34694,4,,NETRAKONA/Kalmakanda,1,0.2975
Mustard,BD45720047,2953.4,12716.7,2795.2,3711.5,2373.3,24550,2,,NETRAKONA/Kendua,1,0.6219
Mustard,BD45720056,811.9,1570.7,5167.4,0.0,12338.0,19888,4,,NETRAKONA/Madan,1,0.2339
Mustard,BD45720063,4195.2,2078.6,3395.8,0.0,11641.5,21311,4,,NETRAKONA/Mohanganj,1,0.3546
Mustard,BD45720074,7602.6,10421.7,2973.2,4059.3,1525.1,26582,3,,NETRAKONA/Netrakona,1,0.6861
Mustard,BD45720083,218.3,19342.5,2960.5,1001.8,1489.9,25013,1,,NETRAKONA/Purbadhala,1,0.6946
Mustard,BD45890037,315.5,16640.6,61.3,1279.4,1025.2,19322,1,,SHERPUR/Jhenaigati,1,0.7201
Mustard,BD45890067,2982.9,9087.5,1094.5,2158.2,107.9,15431,3,,SHERPUR/Nakla,1,0.7279
Mustard,BD45890070,69.0,14236.2,10862.6,3891.2,1578.9,30638,2,,SHERPUR/Nalitabari,1,0.5767
Mustard,BD45890088,5811.7,23977.5,1160.6,1848.4,25.8,32824,1,,SHERPUR/Sherpur,1,0.7904
Mustard,BD45890090,2344.6,16279.8,776.0,0.0,3219.6,22620,1,,SHERPUR/Sribardi,1,0.6966
Mustard,BD50100006,0.0,2780.1,8769.6,994.5,2071.9,14616,2,,BOGRA/Adamdighi,1,0.4658
Mustard,BD50100020,2448.6,15428.5,12630.1,2366.7,0.0,32874,2,,BOGRA/Bogra,1,0.6564
Mustard,BD50100027,0.0,17271.1,1344.1,1493.4,7.5,20116,1,,BOGRA/Dhunot,1,0.7351
Mustard,BD50100033,0.0,3475.7,10702.8,165.5,0.0,14344,2,,BOGRA/Dhubchachia,1,0.5692
Mustard,BD50100040,41.4,17594.1,103.4,1296.1,0.0,19035,1,,BOGRA/Gabtali,1,0.758
Mustard,BD50100054,0.0,9025.0,12251.1,39.8,0.0,21316,2,,BOGRA/Kahalu,1,0.6265
Mustard,BD50100067,0.0,329.7,20693.2,3225.0,0.0,24248,2,,BOGRA/Nandigram,1,0.4642
Mustard,BD50100081,44.3,19680.1,0.0,2214.8,2157.8,24097,1,,BOGRA/Shariakandi,1,0.6736
Mustard,BD50100088,529.6,10923.2,11585.3,2341.9,0.0,25380,2,,BOGRA/Sherpur,1,0.6119
Mustard,BD50100094,1213.5,14178.2,9784.9,1313.4,0.0,26490,2,,BOGRA/Shibganj,1,0.6686
Mustard,BD50100095,311.5,9968.3,46.7,825.5,0.0,11152,1,,BOGRA/Sonatala,1,0.7599
Mustard,BD50380013,0.0,8574.3,3210.3,653.4,0.0,12438,3,,JOYPURHAT/Akkelpur,1,0.6911
Mustard,BD50380047,0.0,14561.5,5275.7,885.9,0.0,20723,1,,JOYPURHAT/Joypurhat,1,0.698
Mustard,BD50380058,0.0,3895.9,10323.6,24.5,0.0,14244,2,,JOYPURHAT/Kalai,1,0.5815
Mustard,BD50380061,0.0,5441.7,7984.3,0.0,0.0,13426,2,,JOYPURHAT/Khetlal,1,0.6216
Mustard,BD50380074,0.0,9828.2,15990.8,330.0,0.0,26149,2,,JOYPURHAT/Panchbibi,1,0.609
Mustard,BD50640003,1300.3,2370.6,4175.1,1052.6,15426.5,24325,4,,NAOGAON/Atrai,1,0.2259
Mustard,BD50640006,0.0,16050.0,1305.4,78.5,114.1,17548,1,,NAOGAON/Badalgachhi,1,0.7698
Mustard,BD50640028,227.8,22824.7,2986.3,89.5,626.6,26755,1,,NAOGAON/Dhamoirhat,1,0.7475
Mustard,BD50640047,7654.9,19732.2,2203.6,952.1,4092.3,34635,1,,NAOGAON/Manda,1,0.7141
Mustard,BD50640050,972.6,31599.0,1631.8,72.3,466.2,34742,1,,NAOGAON/Mohadebpur,1,0.7795
Mustard,BD50640060,7.7,12765.4,4630.8,0.0,6256.2,23660,3,,NAOGAON/Naogaon,1,0.5298
Mustard,BD50640069,39.2,37837.5,15.7,101.9,744.7,38739,1,,NAOGAON/Niamatpur,1,0.7831
Mustard,BD50640075,207.7,28794.2,0.0,0.0,3779.0,32781,1,,NAOGAON/Patnitala,1,0.709
Mustard,BD50640079,8.2,18917.0,115.1,468.8,3141.9,22651,1,,NAOGAON/Porsha,1,0.6752
Mustard,BD50640085,257.1,11032.9,6979.7,75.6,3629.7,21975,2,,NAOGAON/Raninagar,1,0.5728
Mustard,BD50640086,145.9,13713.5,0.0,712.3,7028.4,21600,3,,NAOGAON/Shapahar,1,0.5213
Mustard,BD50690009,0.0,11179.9,291.1,0.0,0.0,11471,1,,NATOR/Bagatipara,1,0.7924
Mustard,BD50690015,0.0,15374.7,4129.9,0.0,5548.3,25053,3,,NATOR/Baraigram,1,0.5734
Mustard,BD50690041,0.0,7296.5,2776.9,0.0,6297.6,16371,4,,NATOR/Gurudashpur,1,0.4414
Mustard,BD50690044,0.0,20690.1,4502.0,0.0,809.9,26002,1,,NATOR/Lalpur,1,0.7231
Mustard,BD50690063,512.2,17458.5,4505.7,2761.3,6695.4,31933,3,,NATOR/Nator,1,0.5413
Mustard,BD50690091,1167.9,13734.3,8806.9,1647.8,22373.2,47730,4,,NATOR/Shingra,1,0.3538
Mustard,BD50700018,130.8,3812.1,6525.0,0.0,218.1,10686,2,,NAWABGANJ/Bholahat,1,0.6029
Mustard,BD50700037,962.0,18614.8,3814.1,286.9,3856.3,27534,3,,NAWABGANJ/Gomastapur,1,0.6471
Mustard,BD50700056,830.7,24000.7,1266.7,0.0,32.9,26131,1,,NAWABGANJ/Nachol,1,0.7908
Mustard,BD50700066,375.9,17937.1,11993.5,248.2,3007.2,33562,2,,NAWABGANJ/Nawabganj,1,0.6189
Mustard,BD50700088,0.0,27652.1,15657.9,0.0,1574.9,44885,3,,NAWABGANJ/Shibganj,1,0.6673
Mustard,BD50760005,2054.4,4509.9,2898.7,661.4,4439.6,14564,4,,PABNA/Atgharia,1,0.4974
Mustard,BD50760016,1610.1,2580.4,5311.8,488.8,7310.0,17301,4,,PABNA/Bera,1,0.3715
Mustard,BD50760019,263.5,3606.0,2544.0,0.0,4050.6,10464,4,,PABNA/Bhangura,1,0.4224
Mustard,BD50760022,2686.4,7993.7,7484.1,7.3,7418.6,25590,3,,PABNA/Chatmohar,1,0.5012
Mustard,BD50760033,136.0,506.1,3263.0,0.0,8452.0,12357,4,,PABNA/Faridpur,1,0.1758
Mustard,BD50760039,1400.3,14671.2,2828.7,499.6,422.2,19822,1,,PABNA/Ishwardi,1,0.7392
Mustard,BD50760055,3244.8,17607.6,7554.5,3647.3,1651.8,33706,2,,PABNA/Pabna,1,0.6479
Mustard,BD50760072,2233.4,4905.7,7146.8,308.1,13454.1,28048,4,,PABNA/Santhia,1,0.3491
Mustard,BD50760083,2376.5,6701.1,5388.5,573.4,9685.5,24725,4,,PABNA/Sujanagar,1,0.4265
Mustard,BD50810010,0.0,9495.9,2749.0,33.0,826.0,13104,1,,RAJSHAHI/Bagha,1,0.6851
Mustard,BD50810012,7141.9,8723.5,5159.6,3992.7,3409.3,28427,3,,RAJSHAHI/Bagmara,1,0.6156
Mustard,BD50810025,0.0,12375.9,199.7,37.0,81.4,12694,1,,RAJSHAHI/Charghat,1,0.7884
Mustard,BD50810031,4224.2,9164.8,2559.9,59.7,201.5,16210,1,,RAJSHAHI/Durgapur,1,0.7926
Mustard,BD50810034,1173.9,35157.0,3311.6,2111.4,473.1,42227,1,,RAJSHAHI/Godagari,1,0.7431
Mustard,BD50810053,3071.1,7053.9,758.6,1561.1,700.3,13145,1,,RAJSHAHI/Mohanpur,1,0.7155
Mustard,BD50810072,3296.6,13852.1,2155.5,158.5,277.4,19740,1,,RAJSHAHI/Paba,1,0.7846
Mustard,BD50810082,2650.2,11456.5,1223.7,563.1,22.5,15916,1,,RAJSHAHI/Puthia,1,0.7879
Mustard,BD50810094,133.0,23960.3,633.6,234.7,993.5,25955,1,,RAJSHAHI/Tanor,1,0.7577
Mustard,BD50816600,0.0,0.0,0.0,0.0,0.0,0,4,,RAJSHAHI/Boalia (Rajshahi),1,
Mustard,BD50880011,289.5,5789.3,2687.9,261.9,1054.5,10083,2,,SIRAJGANJ/Belkuchi,1,0.6265
Mustard,BD50880027,42.1,1593.7,5883.5,7.0,5560.6,13087,4,,SIRAJGANJ/Chauhali,1,0.3255
Mustard,BD50880044,0.0,6328.1,1140.5,161.9,51.5,7682,1,,SIRAJGANJ/Kamarkhanda,1,0.7375
Mustard,BD50880050,0.0,8881.4,8042.5,70.4,4135.7,21130,2,,SIRAJGANJ/Kazipur,1,0.5272
Mustard,BD50880061,0.0,18087.9,3562.8,0.0,78.3,21729,1,,SIRAJGANJ/Raiganj,1,0.7479
Mustard,BD50880067,3974.2,9824.4,5780.7,354.3,3293.3,23227,2,,SIRAJGANJ/Shahzadpur,1,0.637
Mustard,BD50880078,0.0,14695.6,5899.6,53.4,2027.5,22676,3,,SIRAJGANJ/Sirajganj,1,0.649
Mustard,BD50880089,0.0,7863.1,7863.1,8.1,11071.7,26806,4,,SIRAJGANJ/Taras,1,0.3814
Mustard,BD50880094,271.8,26087.2,4224.9,256.3,4263.7,35104,1,,SIRAJGANJ/Ullapara,1,0.6639
Mustard,BD55270010,2313.3,10492.3,4764.2,1340.2,0.0,18910,2,,DINAJPUR/Birampur,1,0.7064
Mustard,BD55270012,6707.0,29241.8,623.7,121.5,0.0,36694,1,,DINAJPUR/Birganj,1,0.8295
Mustard,BD55270017,4210.9,21792.3,4940.8,32.1,0.0,30976,1,,DINAJPUR/Biral,1,0.7787
Mustard,BD55270021,2640.5,16633.4,411.1,166.0,0.0,19851,1,,DINAJPUR/Bochaganj,1,0.8154
Mustard,BD55270030,10539.3,12780.4,3972.8,289.9,23.5,27606,1,,DINAJPUR/Chirirbandar,1,0.8262
Mustard,BD55270038,888.8,10235.3,9346.5,146.5,87.9,20705,2,,DINAJPUR/Fulbari,1,0.6655
Mustard,BD55270043,3534.4,3647.4,5366.1,476.1,0.0,13024,2,,DINAJPUR/Ghoraghat,1,0.7087
Mustard,BD55270047,367.9,1503.7,6286.6,799.8,0.0,8958,2,,DINAJPUR/Hakimpur,1,0.5441
Mustard,BD55270056,4069.3,11911.8,1601.9,38.0,0.0,17621,1,,DINAJPUR/Kaharol,1,0.8176
Mustard,BD55270060,145.8,14093.2,524.9,0.0,0.0,14764,1,,DINAJPUR/Khansama,1,0.7913
Mustard,BD55270064,3363.2,20987.3,4924.5,0.0,0.0,29275,1,,DINAJPUR/Dinajpur,1,0.7725
Mustard,BD55270069,5836.3,7377.2,11614.5,2115.0,0.0,26943,2,,DINAJPUR/Nawabganj,1,0.6669
Mustard,BD55270077,4103.8,24331.9,6867.8,344.5,735.0,36383,1,,DINAJPUR/Parbatipur,1,0.7441
Mustard,BD55320021,4187.4,10790.7,0.0,5261.1,2433.7,22673,3,,GAIBANDHA/Phulchhari,1,0.6118
Mustard,BD55320024,20325.5,4510.5,48.4,1331.4,960.2,27176,1,,GAIBANDHA/Gaibandha,1,0.8914
Mustard,BD55320030,14091.2,10079.8,12739.4,1307.7,146.9,38365,2,,GAIBANDHA/Gobindaganj,1,0.7503
Mustard,BD55320067,7578.9,7070.6,538.6,371.7,53.1,15613,1,,GAIBANDHA/Palashbari,1,0.8697
Mustard,BD55320082,7943.5,11576.4,299.5,228.5,55.2,20103,1,,GAIBANDHA/Sadullapur,1,0.8655
Mustard,BD55320088,5936.9,9807.1,874.7,673.4,1045.0,18337,1,,GAIBANDHA/Shaghata,1,0.7828
Mustard,BD55320091,13899.4,16657.5,54.5,1675.1,358.4,32645,1,,GAIBANDHA/Sundarganj,1,0.8451
Mustard,BD55490006,6651.7,12873.9,0.0,469.4,0.0,19995,1,,KURIGRAM/Bhurungamari,1,0.8524
Mustard,BD55490008,530.5,6084.6,0.0,1585.1,977.9,9178,3,,KURIGRAM/Rajibpur (Dhushmara),1,0.6227
Mustard,BD55490009,45.4,6134.3,0.0,4036.6,226.8,10443,3,,KURIGRAM/Chilmari,1,0.5516
Mustard,BD55490018,6074.5,7360.3,0.0,124.2,0.0,13559,1,,KURIGRAM/Phulbari,1,0.8841
Mustard,BD55490052,6210.9,11917.3,0.0,2472.8,645.1,21246,1,,KURIGRAM/Kurigram,1,0.7643
Mustard,BD55490061,10919.5,18900.6,0.0,3927.0,1151.8,34899,1,,KURIGRAM/Nageshwari,1,0.7687
Mustard,BD55490077,4071.0,9471.7,0.0,687.2,0.0,14230,1,,KURIGRAM/Rajarhat,1,0.8282
Mustard,BD55490079,14310.7,521.9,0.0,1367.1,742.4,16942,1,,KURIGRAM/Ruhumari,1,0.8855
Mustard,BD55490094,2187.6,19555.9,0.0,4318.4,904.1,26966,1,,KURIGRAM/Ulipur,1,0.6933
Mustard,BD55520002,11143.9,5370.8,621.1,8.7,17.5,17162,1,,LALMONIRHAT/Aditmari,1,0.9179
Mustard,BD55520033,10356.6,9794.4,0.0,0.0,0.0,20151,1,,LALMONIRHAT/Hatibanda,1,0.9028
Mustard,BD55520039,8108.7,12490.8,646.5,0.0,0.0,21246,1,,LALMONIRHAT/Kaliganj,1,0.8672
Mustard,BD55520055,5910.9,14743.5,0.0,582.6,0.0,21237,1,,LALMONIRHAT/Lalmonirhat,1,0.8392
Mustard,BD55520070,10870.4,11317.6,0.0,0.0,0.0,22188,1,,LALMONIRHAT/Patgram,1,0.898
Mustard,BD55730012,13847.7,11702.9,2536.3,0.0,0.0,28087,1,,NILPHAMARI/Dimla,1,0.8715
Mustard,BD55730015,2541.9,17339.2,979.9,0.0,0.0,20861,1,,NILPHAMARI/Domar,1,0.8103
Mustard,BD55730036,8009.7,15911.9,1325.4,0.0,0.0,25247,1,,NILPHAMARI/Jaldhaka,1,0.8477
Mustard,BD55730045,2940.8,20703.1,67.0,0.0,0.0,23711,1,,NILPHAMARI/Kishorganj,1,0.824
Mustard,BD55730064,11923.0,20648.1,138.0,0.0,0.0,32709,1,,NILPHAMARI/Nilphamari,1,0.8716
Mustard,BD55730085,508.9,9603.0,147.7,16.4,0.0,10276,1,,NILPHAMARI/Saidpur,1,0.8046
Mustard,BD55770004,4138.8,16020.2,0.0,0.0,0.0,20159,1,,PANCHAGARH/Atwari,1,0.8411
Mustard,BD55770025,4791.8,19993.9,1619.8,67.5,0.0,26473,1,,PANCHAGARH/Boda,1,0.8163
Mustard,BD55770034,6440.9,17538.1,50.4,21.6,0.0,24051,1,,PANCHAGARH/Debiganj,1,0.8524
Mustard,BD55770073,12768.8,16811.6,1467.7,0.0,0.0,31048,1,,PANCHAGARH/Panchagar,1,0.8681
Mustard,BD55770090,5045.3,11608.9,101.8,0.0,0.0,16756,1,,PANCHAGARH/Tetulia,1,0.8584
Mustard,BD55850003,5976.5,19068.3,40.4,2204.8,0.0,27290,1,,RANGPUR/Badarganj,1,0.7949
Mustard,BD55850027,6425.4,11497.7,17.9,0.0,0.0,17941,1,,RANGPUR/Gangachara,1,0.8713
Mustard,BD55850042,10595.5,2056.5,0.0,0.0,0.0,12652,1,,RANGPUR/Kaunia,1,0.9675
Mustard,BD55850049,7116.6,19386.6,38.3,222.4,0.0,26764,1,,RANGPUR/Rangpur,1,0.8478
Mustard,BD55850058,13936.8,25681.8,227.8,4776.5,0.0,44623,1,,RANGPUR/Mithapukur,1,0.7967
Mustard,BD55850073,5628.7,17257.7,178.1,15.5,0.0,23080,1,,RANGPUR/Pirgachha,1,0.8461
Mustard,BD55850076,8730.8,23059.2,209.9,4338.2,0.0,36338,1,,RANGPUR/Pirganj,1,0.7747
Mustard,BD55850092,5874.4,5575.7,46.0,0.0,0.0,11496,1,,RANGPUR/Taraganj,1,0.901
Mustard,BD55940008,2510.3,23054.7,0.0,0.0,0.0,25565,1,,THAKURGAON/Baliadangi,1,0.8196
Mustard,BD55940051,2842.5,14819.7,0.0,404.8,0.0,18067,1,,THAKURGAON/Haripur,1,0.818
Mustard,BD55940082,8800.0,16295.7,3815.3,1739.0,0.0,30650,1,,THAKURGAON/Pirganj,1,0.786
Mustard,BD55940086,3900.5,23143.4,0.0,308.1,0.0,27352,1,,THAKURGAON/Ranisonkail,1,0.8218
Mustard,BD55940094,11229.4,47098.4,33.4,1921.7,0.0,60283,1,,THAKURGAON/Thakurgaon,1,0.818
Mustard,BD60360002,56.5,3615.3,70.6,1765.3,10443.4,15951,4,,HABIGANJ/Ajmiriganj,1,0.2092
Mustard,BD60360005,6573.2,1881.7,6839.6,4201.7,2809.7,22306,4,,HABIGANJ/Bahubal,1,0.5532
Mustard,BD60360011,967.6,8454.2,82.0,7199.6,26551.6,43255,4,,HABIGANJ/Baniyachang,1,0.213
Mustard,BD60360026,7400.4,4798.4,1077.7,5362.9,9468.6,28108,4,,HABIGANJ/Chunarughat,1,0.4572
Mustard,BD60360044,7041.9,2262.0,5531.2,2613.7,4516.1,21965,3,,HABIGANJ/Habiganj,1,0.5527
Mustard,BD60360068,1321.6,4654.9,0.0,1826.6,9309.9,17113,4,,HABIGANJ/Lakhai,1,0.3162
Mustard,BD60360071,14741.0,7000.5,1454.5,0.0,2186.1,25382,1,,HABIGANJ/Madhabpur,1,0.8301
Mustard,BD60360077,6396.0,5127.6,10293.5,2175.6,12192.4,36185,4,,HABIGANJ/Nabiganj,1,0.4444
Mustard,BD60580014,5037.4,15280.2,2980.5,671.7,15322.2,39292,4,,MOULVI BAZAR/Barlekha,1,0.4807
Mustard,BD60580056,862.8,10154.6,7754.2,0.0,11808.3,30580,4,,MOULVI BAZAR/Kamalganj,1,0.4207
Mustard,BD60580065,808.3,26173.5,4448.5,319.8,11949.9,43700,3,,MOULVI BAZAR/Kulaura,1,0.55
Mustard,BD60580074,293.8,9099.8,8745.8,90.4,8949.2,27179,3,,MOULVI BAZAR/Moulvi Bazar,1,0.4402
Mustard,BD60580080,511.3,8101.2,2543.3,106.2,11780.0,23042,4,,MOULVI BAZAR/Rajnagar,1,0.3596
Mustard,BD60580083,632.8,11149.7,544.7,2491.1,17813.8,32632,4,,MOULVI BAZAR/Srimangal,1,0.3163
Mustard,BD60900018,1872.9,1539.4,8192.8,0.0,6071.9,17677,4,,SUNAMGANJ/Bishambarpur,1,0.4074
Mustard,BD60900023,7688.2,1791.6,13662.6,0.0,11886.6,35029,4,,SUNAMGANJ/Chhatak,1,0.4554
Mustard,BD60900029,3103.3,0.0,5584.4,4331.6,24261.7,37281,4,,SUNAMGANJ/Dirai,1,0.1814
Mustard,BD60900032,753.8,3520.7,7745.5,679.3,26574.8,39274,4,,SUNAMGANJ/Dharmapasha,1,0.193
Mustard,BD60900033,7163.8,4609.0,9727.2,0.0,8631.1,30131,3,,SUNAMGANJ/Dwarabazar,1,0.5215
Mustard,BD60900047,5536.0,1533.4,8783.7,3263.4,13014.4,32131,4,,SUNAMGANJ/Jagannathpur,1,0.3675
Mustard,BD60900050,59.8,239.2,3737.0,0.0,24509.0,28545,4,,SUNAMGANJ/Jamalganj,1,0.0743
Mustard,BD60900086,374.1,0.0,2751.2,2462.8,16709.9,22298,4,,SUNAMGANJ/Sulla,1,0.1006
Mustard,BD60900089,1874.9,277.4,20289.5,0.0,29817.2,52259,4,,SUNAMGANJ/Sunamganj,1,0.2342
Mustard,BD60900092,248.8,2670.7,5816.9,834.1,13104.5,22675,4,,SUNAMGANJ/Tahirpur,1,0.2408
Mustard,BD60910008,1985.7,8327.0,6247.1,0.0,14458.2,31018,4,,SYLHET/Balaganj,1,0.3795
Mustard,BD60910017,1979.3,7282.1,3423.7,0.0,5362.9,18048,3,,SYLHET/Beani Bazar,1,0.5273
Mustard,BD60910020,376.3,10051.5,4240.6,0.0,2098.6,16767,2,,SYLHET/Bishwanath,1,0.6285
Mustard,BD60910027,721.8,4888.2,3368.2,1596.6,17989.2,28564,4,,SYLHET/Companiganj,1,0.2323
Mustard,BD60910035,478.1,2758.8,807.3,0.0,4592.8,8637,4,,SYLHET/Fenchuganj,1,0.3576
Mustard,BD60910038,2538.3,8253.5,1724.1,0.0,3661.1,16177,2,,SYLHET/Golapganj,1,0.6184
Mustard,BD60910041,1198.4,13539.8,2590.4,1622.7,25620.7,44572,4,,SYLHET/Gowainghat,1,0.3062
Mustard,BD60910053,642.1,7655.7,889.0,0.0,7853.2,17040,4,,SYLHET/Jaintapur,1,0.4232
Mustard,BD60910059,1476.2,11949.0,2012.3,0.0,14475.5,29913,4,,SYLHET/Kanaighat,1,0.4026
Mustard,BD60910062,2399.1,17440.9,4575.9,74.1,12298.9,36789,4,,SYLHET/Sylhet,1,0.5071
Mustard,BD60910094,1032.5,8386.3,2149.2,0.0,7712.0,19280,4,,SYLHET/Zakiganj,1,0.4573
Onion,BD10040009,0.0,40.5,13166.7,14026.1,16936.7,44170,4,,BARGUNA/Amtali,1,0.2133
Onion,BD10040019,0.0,7186.5,15.5,0.0,0.0,7202,1,,BARGUNA/Bamna,1,0.7994
Onion,BD10040028,0.0,200.8,10891.5,10273.0,3911.6,25277,4,,BARGUNA/Borguna,1,0.3031
Onion,BD10040047,0.0,8228.9,352.0,0.0,2710.1,11291,1,,BARGUNA/Betagi,1,0.5986
Onion,BD10040085,0.0,1145.5,5911.4,10668.5,1897.6,19623,4,,BARGUNA/Patharghata,1,0.3061
Onion,BD10060002,3171.6,1179.1,22.4,0.0,8499.9,12873,4,,BARISAL/Agailjhara,1,0.3205
Onion,BD10060003,437.9,10387.1,0.0,0.0,0.0,10825,1,,BARISAL/Babuganj,1,0.8081
Onion,BD10060007,602.5,24861.3,2953.9,0.0,3213.3,31631,1,,BARISAL/Bakerganj,1,0.6945
Onion,BD10060010,378.8,2578.4,21.9,0.0,7138.0,10117,4,,BARISAL/Banaripara,1,0.2424
Onion,BD10060032,1166.5,7045.0,164.8,0.0,2095.7,10472,1,,BARISAL/Gaurnadi,1,0.6575
Onion,BD10060036,6725.4,10787.8,553.5,0.0,1587.4,19654,1,,BARISAL/Hizla,1,0.7954
Onion,BD10060051,981.7,18153.2,0.0,0.0,86.1,19221,1,,BARISAL/Barisal,1,0.8066
Onion,BD10060062,3687.8,20950.3,952.3,0.0,18.7,25609,1,,BARISAL/Mehendiganj,1,0.8171
Onion,BD10060069,5921.0,12537.4,252.9,73.7,0.0,18785,1,,BARISAL/Muladi,1,0.8566
Onion,BD10060094,4231.9,4154.1,0.0,0.0,11146.0,19532,4,,BARISAL/Ujirpur,1,0.3868
Onion,BD10090018,3191.5,8324.4,11177.6,228.0,551.5,23473,2,,BHOLA/Bhola,1,0.6597
Onion,BD10090021,13.5,3093.6,6207.5,9179.5,141.8,18636,4,,BHOLA/Burhanuddin,1,0.3986
Onion,BD10090025,351.5,667.9,4280.1,25663.1,13719.2,44682,4,,BHOLA/Char Fasson,1,0.1826
Onion,BD10090029,616.1,3355.9,4393.5,36.5,0.0,8402,2,,BHOLA/Daulatkhan,1,0.6552
Onion,BD10090054,7.0,10463.1,6033.1,1652.4,3403.3,21559,3,,BHOLA/Lalmohan,1,0.5438
Onion,BD10090065,135.5,0.0,0.0,3540.4,11722.1,15398,4,,BHOLA/Monpura,1,0.0548
Onion,BD10090091,31.9,7658.7,1737.3,0.0,757.1,10185,1,,BHOLA/Tajumuddin,1,0.69
Onion,BD10420040,0.0,10752.2,1398.2,0.0,3586.6,15737,3,,JHALAKATI/Jhalakati,1,0.591
Onion,BD10420043,0.0,4935.5,0.0,0.0,7004.5,11940,4,,JHALAKATI/Kathalia,1,0.3307
Onion,BD10420073,0.0,15257.0,0.0,0.0,0.0,15257,1,,JHALAKATI/Nalchiti,1,0.8
Onion,BD10420084,0.0,10156.6,0.0,0.0,2281.4,12438,1,,JHALAKATI/Rajapur,1,0.6533
Onion,BD10780038,54.8,33642.5,2357.4,0.0,18.3,36073,1,,PATUAKHALI/Bauphal,1,0.7803
Onion,BD10780052,0.0,10586.4,2539.7,855.1,2881.8,16863,3,,PATUAKHALI/Dashmina,1,0.5877
Onion,BD10780057,140.4,22060.7,4923.2,2864.1,29763.7,59752,4,,PATUAKHALI/Galachipa,1,0.3485
Onion,BD10780066,0.0,0.0,0.0,15766.7,19499.3,35266,4,,PATUAKHALI/Kalapara,1,0.0894
Onion,BD10780076,0.0,5862.5,2643.6,0.0,3492.9,11999,3,,PATUAKHALI/Mirzaganj,1,0.501
Onion,BD10780095,0.0,21550.0,7591.0,0.0,1069.0,30210,1,,PATUAKHALI/Patuakhali,1,0.6963
Onion,BD10790014,0.0,6700.5,1221.5,0.0,2493.0,10415,3,,PIROJPUR/Bhandaria,1,0.5733
Onion,BD10790047,0.0,680.9,0.0,0.0,4135.1,4816,4,,PIROJPUR/Kawkhali,1,0.1131
Onion,BD10790058,0.0,2190.6,18331.1,0.0,2365.3,22887,2,,PIROJPUR/Mathbaria,1,0.477
Onion,BD10790076,777.3,1116.5,911.6,0.0,13864.6,16670,4,,PIROJPUR/Nazirpur,1,0.1276
Onion,BD10790080,0.0,3492.0,4299.3,0.0,12507.7,20299,4,,PIROJPUR/Pirojpur,1,0.2435
Onion,BD10790087,0.0,48.9,630.1,0.0,10876.0,11555,4,,PIROJPUR/Sarupkati,1,0.0307
Onion,BD20030004,83.1,203.9,747.6,0.0,22429.4,23464,4,,BANDARBAN/Alikadam,1,0.0264
Onion,BD20030014,101.8,0.0,0.0,0.0,15244.2,15346,4,,BANDARBAN/Bandarban,1,0.0066
Onion,BD20030051,167.4,381.1,58.8,0.0,15856.8,16464,4,,BANDARBAN/Lama,1,0.0305
Onion,BD20030073,142.6,4.8,12.7,0.0,8091.0,8251,4,,BANDARBAN/Naikhongchhari,1,0.0185
Onion,BD20030089,8.1,32.3,0.0,0.0,10233.7,10274,4,,BANDARBAN/Rowangchhari,1,0.0033
Onion,BD20030091,0.0,0.0,0.0,0.0,7396.0,7396,4,,BANDARBAN/Ruma,1,0.0
Onion,BD20030095,0.0,71.4,14.5,0.0,5512.2,5598,4,,BANDARBAN/Thanchi,1,0.0115
Onion,BD20120002,275.1,1089.7,4179.0,95.2,3121.0,8760,4,,BRAHMANBARIA/Akhaura,1,0.3716
Onion,BD20120004,1399.0,3773.6,2790.5,3940.0,2661.9,14565,4,,BRAHMANBARIA/Banchharampur,1,0.4532
Onion,BD20120013,54.3,2263.2,24856.4,3154.5,12757.6,43086,4,,BRAHMANBARIA/Brahmanbaria,1,0.3464
Onion,BD20120063,490.5,792.4,12602.3,301.9,3327.9,17515,2,,BRAHMANBARIA/Kasba,1,0.4274
Onion,BD20120085,1033.8,411.9,20587.9,2164.6,4910.7,29109,2,,BRAHMANBARIA/Nabinagar,1,0.4153
Onion,BD20120090,1235.9,55.1,15980.7,39.4,8509.9,25821,3,,BRAHMANBARIA/Nasirnagar,1,0.3593
Onion,BD20120094,307.5,1098.3,8092.2,940.1,8065.8,18504,4,,BRAHMANBARIA/Sarail,1,0.2929
Onion,BD20130022,1246.8,234.1,10622.6,272.2,125.2,12501,2,,CHANDPUR/Chandpur,1,0.5439
Onion,BD20130045,5061.3,1274.4,8606.7,0.0,700.6,15643,2,,CHANDPUR/Faridganj,1,0.6638
Onion,BD20130047,2061.9,4016.2,515.5,0.0,4.5,6598,1,,CHANDPUR/Haimchar,1,0.8385
Onion,BD20130049,0.0,0.0,11203.9,424.8,1843.3,13472,2,,CHANDPUR/Hajiganj,1,0.4221
Onion,BD20130058,0.0,168.4,9051.4,680.2,7893.0,17793,4,,CHANDPUR/Kachua,1,0.2696
Onion,BD20130076,1140.2,2741.8,20444.9,1838.9,448.2,26614,2,Matlab,CHANDPUR/Matlab,1,0.5232
Onion,BD20130079,1140.2,2741.8,20444.9,1838.9,448.2,26614,2,Matlab,CHANDPUR/Matlab,1,0.5232
Onion,BD20130095,882.5,0.0,8768.0,5.7,2160.9,11817,2,,CHANDPUR/Shahrasti,1,0.4458
Onion,BD20150004,117.3,6803.9,1155.5,0.0,1384.3,9461,1,,CHITTAGONG/Anwara,1,0.6488
Onion,BD20150008,876.2,12022.8,930.6,835.5,11363.9,26029,4,,CHITTAGONG/Banskhali,1,0.4275
Onion,BD20150012,2362.9,4451.3,0.0,0.0,178.8,6993,1,,CHITTAGONG/Boalkhali,1,0.8471
Onion,BD20150018,1955.2,3200.3,110.0,20.0,6080.5,11366,4,,CHITTAGONG/Chandanais,1,0.4025
Onion,BD20150033,1251.4,5145.5,1376.2,5915.8,9959.1,23648,4,,CHITTAGONG/Fatikchhari,1,0.3061
Onion,BD20150037,367.4,5589.4,1894.6,0.0,4665.7,12517,4,,CHITTAGONG/Hathazari,1,0.4623
Onion,BD20150047,91.3,638.9,0.0,0.0,11778.9,12509,4,,CHITTAGONG/Lohagora,1,0.0482
Onion,BD20150053,4985.1,8466.8,1086.7,321.8,7849.6,22710,3,,CHITTAGONG/Mirsharai,1,0.5445
Onion,BD20150061,1516.5,6155.1,182.0,0.0,4135.5,11989,3,,CHITTAGONG/Patia,1,0.5448
Onion,BD20150070,1745.9,5243.3,2465.5,2805.7,7290.5,19551,4,,CHITTAGONG/Rangunia,1,0.3956
Onion,BD20150074,775.4,8066.0,1879.8,1338.8,1824.1,13884,3,,CHITTAGONG/Rauzan,1,0.6076
Onion,BD20150078,0.0,941.0,3696.2,16405.0,6344.7,27387,4,,CHITTAGONG/Sandwip,1,0.2148
Onion,BD20150082,3554.9,5662.3,521.1,0.0,6698.7,16437,3,,CHITTAGONG/Satkania,1,0.5077
Onion,BD20150086,790.6,4658.7,117.0,0.0,3710.8,9277,3,,CHITTAGONG/Sitakunda,1,0.4933
Onion,BD20151600,0.0,0.0,0.0,0.0,0.0,0,4,,CHITTAGONG/Patenga; CHITTAGONG/Double Mooring; CHITTAGONG/Panchlais,3,
Onion,BD20190009,60.7,323.9,18099.1,0.0,47.2,18531,2,,COMILLA/Barura,1,0.5056
Onion,BD20190015,7.7,1321.1,7642.2,937.0,599.1,10507,2,,COMILLA/Brahmanpara,1,0.4828
Onion,BD20190018,1360.3,4646.4,4646.4,64.4,2083.4,12801,2,,COMILLA/Burichang,1,0.5791
Onion,BD20190027,0.0,375.2,7559.8,0.0,7657.0,15592,4,,COMILLA/Chandina,1,0.2617
Onion,BD20190031,7.7,5276.1,15002.9,0.0,1635.3,21922,2,,COMILLA/Chauddagram,1,0.5351
Onion,BD20190036,50.5,0.0,2080.6,3686.5,33824.5,39642,4,,COMILLA/Daudkandi,1,0.0461
Onion,BD20190040,905.7,0.0,15446.8,242.5,2168.0,18763,2,,COMILLA/Debiduar,1,0.4625
Onion,BD20190054,49.9,66.6,990.5,7325.0,5318.9,13751,4,,COMILLA/Homna,1,0.1501
Onion,BD20190067,630.1,12034.3,2543.6,0.0,5363.9,20572,3,,COMILLA/Comilla,1,0.5604
Onion,BD20190072,151.7,165.5,28779.4,3750.8,551.6,33399,2,,COMILLA/Laksham,1,0.4618
Onion,BD20190081,530.3,14.9,14377.9,4488.9,9650.0,29062,4,,COMILLA/Muradnagar,1,0.2969
Onion,BD20190087,0.0,2336.0,16528.7,22.1,383.2,19270,2,,COMILLA/Nangalkot,1,0.5261
Onion,BD20220016,1854.5,5492.3,636.0,4862.2,24531.0,37376,4,,COX'S BAZAR/Chakaria,1,0.2017
Onion,BD20220024,552.5,2802.1,623.6,1594.4,10695.4,16268,4,,COX'S BAZAR/Cox's Bazar,1,0.2105
Onion,BD20220045,0.0,950.8,0.0,5015.9,543.3,6510,4,,COX'S BAZAR/Kutubdia,1,0.2709
Onion,BD20220049,28.1,538.7,286.2,2553.4,12716.6,16123,4,,COX'S BAZAR/Moheshkhali,1,0.069
Onion,BD20220066,1208.4,2062.2,224.3,141.1,11418.0,15054,4,,COX'S BAZAR/Ramu,1,0.1992
Onion,BD20220090,0.0,134.1,251.9,910.2,11763.8,13060,4,,COX'S BAZAR/Teknaf,1,0.0318
Onion,BD20220094,391.5,369.7,24.9,0.0,7469.0,8255,4,,COX'S BAZAR/Ukhia,1,0.0848
Onion,BD20300014,2093.7,8192.5,303.7,0.0,4.0,10594,1,,FENI/Chhagalnaiya,1,0.8306
Onion,BD20300025,6057.0,941.5,2016.4,0.0,3350.2,12365,4,,FENI/Daganbhuiya,1,0.6323
Onion,BD20300029,4543.6,491.7,9513.3,0.0,1042.5,15591,2,,FENI/Feni,1,0.6217
Onion,BD20300051,0.0,15842.6,1086.4,0.0,0.0,16929,1,,FENI/Parshuram,1,0.7807
Onion,BD20300094,3111.4,98.8,13216.0,493.9,0.0,16920,2,,FENI/Sonagazi,1,0.5849
Onion,BD20460043,812.2,280.3,0.0,0.0,14493.5,15586,4,,KHAGRACHHARI/Dighinala,1,0.0665
Onion,BD20460049,590.7,190.4,3.2,0.0,7785.6,8570,4,,KHAGRACHHARI/Khagrachhari,1,0.0869
Onion,BD20460061,187.9,5.6,0.0,7.4,4399.1,4600,4,,KHAGRACHHARI/Laksmichhari,1,0.0421
Onion,BD20460065,417.5,132.4,0.0,25.5,7916.7,8492,4,,KHAGRACHHARI/Mohalchhari,1,0.0622
Onion,BD20460067,547.4,0.0,0.0,44.9,6267.8,6860,4,,KHAGRACHHARI/Manikchhari,1,0.0811
Onion,BD20460070,325.5,225.4,133.5,0.0,17970.6,18655,4,,KHAGRACHHARI/Matiranga,1,0.0307
Onion,BD20460077,466.0,144.5,0.0,0.0,9269.5,9880,4,,KHAGRACHHARI/Panchhari,1,0.0589
Onion,BD20460080,98.9,40.7,0.0,20.4,9571.9,9732,4,,KHAGRACHHARI/Ramgarh,1,0.0139
Onion,BD20510043,12458.4,3628.8,16418.2,307.3,112.3,32925,2,,LAKSHMIPUR/Laksmipur,1,0.7178
Onion,BD20510058,3017.7,2445.1,5096.3,0.0,0.0,10559,2,,LAKSHMIPUR/Raipur,1,0.7124
Onion,BD20510065,1084.0,1247.6,8583.2,0.0,1561.2,12476,2,,LAKSHMIPUR/Ramganj,1,0.5109
Onion,BD20510073,0.0,1154.3,3611.8,29170.3,2740.5,36677,4,,LAKSHMIPUR/Ramgati,1,0.2335
Onion,BD20750007,4229.1,39.0,403.4,0.0,25914.5,30586,4,,NOAKHALI/Begumganj,1,0.1459
Onion,BD20750010,1058.6,68.5,5237.0,0.0,2627.9,8992,3,,NOAKHALI/Chatkhil,1,0.415
Onion,BD20750021,0.0,7013.4,6894.8,8832.7,4548.2,27289,4,,NOAKHALI/Companiganj,1,0.3967
Onion,BD20750036,0.0,259.5,6838.8,7656.4,21522.2,36277,4,,NOAKHALI/Hatiya,1,0.1422
Onion,BD20750080,2448.9,1051.5,5292.1,0.0,3569.6,12362,4,,NOAKHALI/Senbag,1,0.4802
Onion,BD20750087,3084.9,49.3,26707.5,12262.1,25834.2,67938,4,,NOAKHALI/Noakhali,1,0.2786
Onion,BD20840007,371.3,106.1,240.7,0.0,16406.9,17125,4,,RANGAMATI/Baghaichhari,1,0.0337
Onion,BD20840021,108.3,0.0,0.0,0.0,10204.7,10313,4,,RANGAMATI/Barkal,1,0.0105
Onion,BD20840025,131.5,0.0,0.0,5.1,12684.4,12821,4,,RANGAMATI/Kawkhali (Betbunia),1,0.0103
Onion,BD20840029,74.1,0.0,0.0,0.0,5662.9,5737,4,,RANGAMATI/Belaichhari,1,0.0129
Onion,BD20840036,121.6,5.5,0.0,0.0,5961.9,6089,4,,RANGAMATI/Kaptai,1,0.0207
Onion,BD20840047,82.6,28.5,0.0,0.0,11958.9,12070,4,,RANGAMATI/Juraichhari,1,0.0087
Onion,BD20840058,537.4,0.0,585.2,0.0,12503.4,13626,4,,RANGAMATI/Langadu,1,0.0609
Onion,BD20840075,382.9,0.0,0.0,0.0,10050.1,10433,4,,RANGAMATI/Nannerchar,1,0.0367
Onion,BD20840078,27.0,0.0,1.2,9.8,3581.9,3620,4,,RANGAMATI/Rajasthali,1,0.0082
Onion,BD20840087,185.8,0.0,0.0,0.0,8360.2,8546,4,,RANGAMATI/Rangamati,1,0.0217
Onion,BD30260014,769.8,14955.7,4763.4,24.1,5870.0,26383,3,,DHAKA/Dhamrai,1,0.5731
Onion,BD30260018,3244.0,3212.6,1641.6,94.3,675.5,8868,2,,DHAKA/Dohar,1,0.7503
Onion,BD30260038,1473.1,2633.3,3274.5,84.0,5755.1,13220,4,,DHAKA/Keraniganj,1,0.3959
Onion,BD30260062,932.4,3847.7,3468.5,7123.4,4146.0,19518,4,,DHAKA/Nawabganj,1,0.3673
Onion,BD30260072,1027.6,7370.4,2018.5,6104.3,6887.2,23408,4,,DHAKA/Savar,1,0.3911
Onion,BD30262000,0.0,0.0,0.0,0.0,0.0,0,4,Dhaka Metro,DHAKA/Dhaka Metro,1,
Onion,BD30262500,0.0,0.0,0.0,0.0,0.0,0,4,Dhaka Metro,DHAKA/Dhaka Metro,1,
Onion,BD30290003,1526.1,3173.4,5285.7,0.0,555.9,10541,2,,FARIDPUR/Alfadanga,1,0.6363
Onion,BD30290010,419.1,5745.3,8846.5,0.0,2141.1,17152,2,,FARIDPUR/Bhanga,1,0.5503
Onion,BD30290018,652.8,15588.2,5542.6,18.1,985.2,22787,3,,FARIDPUR/Boalmari,1,0.6977
Onion,BD30290021,6527.9,486.4,944.6,0.0,0.0,7959,1,,FARIDPUR/Char Bhadrasan,1,0.9284
Onion,BD30290047,7993.0,20409.7,2538.6,0.0,192.7,31134,1,,FARIDPUR/Faridpur,1,0.8219
Onion,BD30290056,46.4,13628.2,2530.6,487.6,1091.2,17784,1,,FARIDPUR/Madhukhali,1,0.6923
Onion,BD30290062,221.0,12139.7,18717.8,0.0,1296.5,32375,2,,FARIDPUR/Nagarkanda,1,0.5959
Onion,BD30290084,10503.1,5771.3,4907.6,68.8,38.2,21289,2,,FARIDPUR/Sadarpur,1,0.8261
Onion,BD30330030,1200.0,13140.0,2180.0,10170.0,10350.0,37040,4,,GAZIPUR/Gazipur,1,0.4005
Onion,BD30330032,1294.4,9183.5,1867.8,7373.0,7766.3,27485,4,,GAZIPUR/Kaliakoir,1,0.402
Onion,BD30330034,611.6,2293.4,2828.5,4416.9,8587.5,18738,4,,GAZIPUR/Kaliganj,1,0.2532
Onion,BD30330036,2120.4,7347.9,4224.4,11344.0,6418.2,31455,4,,GAZIPUR/Kapasia,1,0.3936
Onion,BD30330086,135.5,13674.4,4606.1,17476.1,7755.9,43648,4,,GAZIPUR/Sripur,1,0.3866
Onion,BD30350032,486.9,7694.0,10248.1,2482.2,11652.8,32564,4,,GOPALGANJ/Gopalganj,1,0.3766
Onion,BD30350043,191.6,8641.6,6775.7,674.0,6662.1,22945,4,,GOPALGANJ/Kasiani,1,0.4632
Onion,BD30350051,0.0,209.8,4478.4,637.5,27136.4,32462,4,,GOPALGANJ/Kotalipara,1,0.0781
Onion,BD30350058,39.1,3984.8,10226.0,4213.0,5889.1,24352,4,,GOPALGANJ/Muksudpur,1,0.3771
Onion,BD30350091,1774.8,1021.1,3124.0,91.2,4831.9,10843,4,,GOPALGANJ/Tungipara,1,0.3848
Onion,BD30480002,1555.0,0.0,524.4,2088.4,21336.2,25504,4,,KISHOREGANJ/Ashtagram,1,0.0876
Onion,BD30480006,1262.2,3687.1,4260.8,451.3,4987.5,14649,4,,KISHOREGANJ/Bajitpur,1,0.4391
Onion,BD30480011,5072.9,487.7,1713.6,0.0,33.9,7308,2,,KISHOREGANJ/Bhairab,1,0.8648
Onion,BD30480027,1572.8,3124.0,4380.7,0.0,179.5,9257,2,,KISHOREGANJ/Hossainpur,1,0.6765
Onion,BD30480033,1514.1,966.8,930.4,4925.4,28950.3,37287,4,,KISHOREGANJ/Itna,1,0.1002
Onion,BD30480042,98.0,7160.3,3874.1,2110.4,2992.2,16235,3,,KISHOREGANJ/Karimganj,1,0.5042
Onion,BD30480045,0.0,8639.5,5857.4,293.2,2538.9,17329,2,,KISHOREGANJ/Katiadi,1,0.5712
Onion,BD30480049,0.0,6331.0,5087.2,151.4,967.4,12537,2,,KISHOREGANJ/Kishoreganj,1,0.6093
Onion,BD30480054,973.3,1718.5,4478.8,737.6,159.7,8068,2,,KISHOREGANJ/Kuliarchar,1,0.5869
Onion,BD30480059,1426.9,125.9,1368.2,4079.4,12078.6,19079,4,,KISHOREGANJ/Mithamoin,1,0.1587
Onion,BD30480076,197.6,1885.0,2008.4,2321.2,10132.8,16545,4,,KISHOREGANJ/Nikli,1,0.1918
Onion,BD30480079,609.3,7655.6,6335.4,0.0,343.7,14944,2,,KISHOREGANJ/Pakundia,1,0.6626
Onion,BD30480092,0.0,4014.9,4366.1,654.5,3344.4,12380,3,,KISHOREGANJ/Tarail,1,0.4464
Onion,BD30540040,1458.8,7610.0,9844.8,1746.2,1710.3,22370,2,,MADARIPUR/Kalkini,1,0.573
Onion,BD30540054,3355.8,5788.9,8326.2,3080.5,2068.5,22620,3,,MADARIPUR/Madaripur,1,0.5644
Onion,BD30540080,155.7,3869.8,6073.3,1378.2,8346.9,19824,4,,MADARIPUR/Rajoir,1,0.3311
Onion,BD30540087,3278.0,10581.2,7606.7,702.9,96.2,22265,2,,MADARIPUR/Sibchar,1,0.7046
Onion,BD30560010,5496.9,5245.1,4480.9,538.4,1710.7,17472,2,,MANIKGANJ/Daulatpur,1,0.6892
Onion,BD30560022,1048.0,903.4,7596.2,939.6,1105.8,11593,3,,MANIKGANJ/Ghior,1,0.4966
Onion,BD30560028,2205.3,960.1,5140.8,4420.7,120.0,12847,4,,MANIKGANJ/Harirampur,1,0.5004
Onion,BD30560046,1538.5,10520.3,3509.5,1580.1,748.5,17897,3,,MANIKGANJ/Manikganj,1,0.6719
Onion,BD30560070,2036.3,6893.2,1964.3,287.8,345.4,11527,2,,MANIKGANJ/Saturia,1,0.7453
Onion,BD30560078,1899.5,724.0,9431.3,1062.7,46.5,13164,2,,MANIKGANJ/Sibalay,1,0.5627
Onion,BD30560082,2524.2,8463.5,3652.7,482.6,2242.1,17365,2,,MANIKGANJ/Singair,1,0.646
Onion,BD30590024,3280.0,32.4,0.0,40.5,5904.1,9257,4,,MUNSHIGANJ/Gozaria,1,0.358
Onion,BD30590044,631.3,786.2,1959.5,470.5,3591.4,7439,4,,MUNSHIGANJ/Lohajang,1,0.3138
Onion,BD30590056,3021.6,4309.6,1770.2,299.1,787.4,10188,2,,MUNSHIGANJ/Munshiganj,1,0.7277
Onion,BD30590074,4009.2,2256.7,3000.7,2901.5,2975.9,15144,4,,MUNSHIGANJ/Serajdikhan,1,0.5213
Onion,BD30590084,1269.8,1362.5,1519.5,2882.0,7854.2,14888,4,,MUNSHIGANJ/Srinagar,1,0.2483
Onion,BD30590094,1300.4,913.0,1625.5,0.0,4406.1,8245,4,,MUNSHIGANJ/Tongibari,1,0.3449
Onion,BD30670002,3456.6,313.0,245.0,3225.3,5593.2,12833,4,,NARAYANGANJ/Araihazar,1,0.3487
Onion,BD30670004,3834.8,824.7,2251.4,1690.6,5022.4,13624,4,,NARAYANGANJ/Sonargaon,1,0.4373
Onion,BD30670006,0.0,0.0,0.0,0.0,0.0,0,4,,NARAYANGANJ/Bandar,1,
Onion,BD30670058,0.0,0.0,0.0,0.0,0.0,0,4,,NARAYANGANJ/Narayanganj,1,
Onion,BD30670068,785.5,1118.9,1271.4,4311.6,7707.7,15195,4,,NARAYANGANJ/Rupganj,1,0.2092
Onion,BD30680007,1752.5,2938.0,1273.9,1995.5,1259.1,9219,4,,NARSINGDI/Belabo,1,0.5574
Onion,BD30680052,4845.3,2907.2,2261.2,2979.0,2146.3,15139,4,,NARSINGDI/Manohardi,1,0.5877
Onion,BD30680060,5400.8,2086.9,943.3,2687.9,5576.1,16695,4,,NARSINGDI/Narsingdi,1,0.484
Onion,BD30680063,755.3,1825.8,1215.0,1523.7,1103.3,6423,4,,NARSINGDI/Palas,1,0.487
Onion,BD30680064,10297.6,1555.8,955.0,3997.3,7024.2,23830,4,,NARSINGDI/Raipura,1,0.5379
Onion,BD30680076,3772.1,4800.2,1702.7,3556.0,2423.0,16254,4,,NARSINGDI/Sibpur,1,0.5645
Onion,BD30820007,0.0,11775.6,4468.3,220.0,2124.1,18588,3,,RAJBARI/Baliakandi,1,0.6294
Onion,BD30820029,3997.9,5131.2,1070.9,0.0,0.0,10200,1,,RAJBARI/Goalanda,1,0.8469
Onion,BD30820073,2099.4,25855.9,4545.0,57.7,707.0,33265,1,,RAJBARI/Pangsha,1,0.7536
Onion,BD30820076,1536.1,16434.7,3518.9,0.0,760.2,22250,1,,RAJBARI/Rajbari,1,0.739
Onion,BD30860014,3850.0,8221.9,1361.5,2972.6,832.0,17238,3,,SHARIATPUR/Bhedarganj,1,0.6789
Onion,BD30860025,299.6,2602.1,1774.1,1939.7,796.4,7412,4,,SHARIATPUR/Damudya,1,0.4933
Onion,BD30860036,1061.7,7539.0,2455.8,1876.7,589.8,13523,3,,SHARIATPUR/Goshairhat,1,0.6431
Onion,BD30860065,978.7,4977.2,5408.6,3412.6,701.8,15479,3,,SHARIATPUR/Naria,1,0.5393
Onion,BD30860069,11.3,5349.7,4425.9,1059.7,351.4,11198,2,,SHARIATPUR/Palong (Sadar),1,0.5997
Onion,BD30860094,3851.6,8456.2,3700.9,566.6,444.7,17020,2,,SHARIATPUR/Janjira,1,0.7391
Onion,BD30930009,492.0,3697.3,7349.8,0.0,1557.9,13097,2,,TANGAIL/Basail,1,0.544
Onion,BD30930019,10067.9,4423.2,2001.2,34.5,400.2,16927,1,,TANGAIL/Bhuapur,1,0.8634
Onion,BD30930023,3554.4,5863.7,4401.4,0.0,195.5,14015,2,,TANGAIL/Delduar,1,0.7454
Onion,BD30930028,6441.9,8087.0,8657.1,11735.5,6018.4,40940,4,,TANGAIL/Ghatail,1,0.4784
Onion,BD30930038,1349.4,5831.3,9328.7,0.0,557.7,17067,2,,TANGAIL/Gopalpur,1,0.6257
Onion,BD30930047,9391.4,3125.9,9412.1,151.5,709.2,22790,2,,TANGAIL/Kalihati,1,0.7296
Onion,BD30930057,5819.6,5498.4,10272.2,8464.3,12722.5,42777,4,,TANGAIL/Madhupur,1,0.3985
Onion,BD30930066,0.0,12660.9,8567.6,4339.8,4847.7,30416,3,,TANGAIL/Mirzapur,1,0.5024
Onion,BD30930076,9229.6,7260.4,2592.5,0.0,375.4,19458,1,,TANGAIL/Nagarpur,1,0.8395
Onion,BD30930085,585.3,702.4,12776.5,16773.4,10092.4,40930,4,,TANGAIL/Shakhipur,1,0.2661
Onion,BD30930095,13157.2,4176.8,5457.7,0.0,245.3,23037,2,,TANGAIL/Tangail,1,0.8346
Onion,BD40010008,0.0,12.0,10894.5,4190.7,2320.8,17418,3,,BAGERHAT/Bagerhat,1,0.3614
Onion,BD40010014,1668.9,553.1,5618.1,349.3,6122.6,14312,4,,BAGERHAT/Chitalmari,1,0.3487
Onion,BD40010034,0.0,0.0,6565.3,1424.3,2086.4,10076,3,,BAGERHAT/Fakirhat,1,0.3541
Onion,BD40010038,0.0,0.0,7973.7,221.5,335.8,8531,2,,BAGERHAT/Kachua,1,0.4725
Onion,BD40010056,2283.6,2445.2,253.0,7.0,10940.2,15929,4,,BAGERHAT/Mollahat,1,0.2742
Onion,BD40010058,0.0,0.0,0.0,1357.7,13065.3,14423,4,,BAGERHAT/Mongla,1,0.0188
Onion,BD40010060,0.0,7012.9,4775.2,15919.9,5469.9,33178,4,,BAGERHAT/Morelganj,1,0.337
Onion,BD40010073,0.0,0.0,7186.7,6453.7,10801.6,24442,4,,BAGERHAT/Rampal,1,0.1998
Onion,BD40010077,0.0,2367.0,57.7,5751.6,1789.7,9966,4,,BAGERHAT/Sarankhola,1,0.3083
Onion,BD40180007,0.0,25621.3,50.9,0.0,1955.8,27628,1,,CHUADANGA/Alamdanga,1,0.7428
Onion,BD40180023,133.9,20963.9,0.0,0.0,2030.2,23128,1,,CHUADANGA/Chuadanga,1,0.7309
Onion,BD40180031,576.7,21626.6,0.0,0.0,3780.7,25984,1,,CHUADANGA/Damurhuda,1,0.688
Onion,BD40180055,127.6,13610.6,0.0,0.0,2160.9,15899,1,,CHUADANGA/Jibannagar,1,0.6929
Onion,BD40410004,0.0,8227.4,1466.6,0.0,7069.9,16764,4,,JESSORE/Abhoynagar,1,0.4364
Onion,BD40410009,0.0,15869.9,0.0,0.0,3004.1,18874,1,,JESSORE/Bagherpara,1,0.6727
Onion,BD40410011,0.0,19200.1,0.0,0.0,3383.9,22584,1,,JESSORE/Chaugachha,1,0.6801
Onion,BD40410023,0.0,21616.0,259.2,0.0,2505.8,24381,1,,JESSORE/Jhikorgachha,1,0.7146
Onion,BD40410038,0.0,14030.3,19.3,885.7,3863.8,18799,1,,JESSORE/Keshabpur,1,0.607
Onion,BD40410047,0.0,27789.9,0.0,0.0,3772.1,31562,1,,JESSORE/Jessore,1,0.7044
Onion,BD40410061,0.0,24887.5,202.2,0.0,7406.3,32496,1,,JESSORE/Manirampur,1,0.6158
Onion,BD40410090,0.0,21351.1,0.0,0.0,6547.9,27899,1,,JESSORE/Sarsa,1,0.6122
Onion,BD40440014,0.0,17839.4,0.0,0.0,50.6,17890,1,,JHENAIDAH/Harinakundu,1,0.7977
Onion,BD40440019,0.0,30506.2,0.0,0.0,5549.8,36056,1,,JHENAIDAH/Jhenaidah,1,0.6769
Onion,BD40440033,0.0,23197.7,0.0,0.0,2260.3,25458,1,,JHENAIDAH/Kaliganj,1,0.729
Onion,BD40440042,0.0,10734.8,0.0,0.0,1156.2,11891,1,,JHENAIDAH/Kotchandpur,1,0.7222
Onion,BD40440071,0.0,26755.7,0.0,0.0,7178.3,33934,1,,JHENAIDAH/Maheshpur,1,0.6308
Onion,BD40440080,0.0,25812.2,967.2,0.0,3285.6,30065,1,,JHENAIDAH/Sailkupa,1,0.7029
Onion,BD40470012,0.0,518.4,11004.1,2414.1,3954.4,17891,3,,KHULNA/Batiaghata,1,0.3577
Onion,BD40470017,0.0,0.0,1116.2,0.0,21428.8,22545,4,,KHULNA/Dacope,1,0.0248
Onion,BD40470030,87.7,9402.9,4840.4,3597.4,18637.6,36566,4,,KHULNA/Dumuria,1,0.294
Onion,BD40470040,0.0,2201.0,378.0,0.0,1823.0,4402,3,,KHULNA/Dighalia (Daulathpur),1,0.4429
Onion,BD40470053,0.0,0.0,74.3,0.0,21070.7,21145,4,,KHULNA/Koyra,1,0.0018
Onion,BD40470064,0.0,4930.7,863.7,0.0,26313.6,32108,4,,KHULNA/Paikgachha,1,0.1363
Onion,BD40470069,0.0,3120.8,494.9,0.0,1182.3,4798,3,,KHULNA/Phultala,1,0.5719
Onion,BD40470075,231.0,1423.3,1779.1,349.6,1648.0,5431,4,,KHULNA/Rupsha,1,0.4289
Onion,BD40470094,1173.4,1430.3,895.7,76.4,12421.3,15997,4,,KHULNA/Terakhada,1,0.1738
Onion,BD40473300,0.0,2080.0,40.0,0.0,0.0,2120,1,,KHULNA/Khulna Metro,1,0.7943
Onion,BD40500015,498.1,8887.1,412.9,0.0,235.9,10034,1,,KUSHTIA/Bheramara,1,0.7788
Onion,BD40500039,3815.2,25112.6,469.1,0.0,2456.1,31853,1,,KUSHTIA/Daulatpur,1,0.7579
Onion,BD40500063,0.0,5100.6,1844.8,0.0,580.6,7526,3,,KUSHTIA/Khoksha,1,0.6647
Onion,BD40500071,1768.3,11826.0,1694.0,58.4,1152.3,16499,1,,KUSHTIA/Kumarkhali,1,0.7326
Onion,BD40500079,500.2,16686.5,201.5,48.6,5856.2,23293,1,,KUSHTIA/Kushtia,1,0.5993
Onion,BD40500094,535.7,21833.1,66.0,0.0,3750.1,26185,1,,KUSHTIA/Mirpur,1,0.6888
Onion,BD40550057,0.0,24342.8,749.0,0.0,7400.2,32492,1,,MAGURA/Magura,1,0.6109
Onion,BD40550066,1182.7,8345.2,6449.9,646.5,1160.7,17785,2,,MAGURA/Mohammadpur,1,0.6305
Onion,BD40550085,0.0,14362.2,0.0,0.0,4434.8,18797,1,,MAGURA/Salikha,1,0.6113
Onion,BD40550095,0.0,10517.3,906.8,0.0,2163.9,13588,1,,MAGURA/Sripur,1,0.6526
Onion,BD40570047,0.0,25149.8,122.0,0.0,3824.1,29096,1,,MEHERPUR/Gangni,1,0.6936
Onion,BD40570087,0.0,26220.5,0.0,0.0,4262.5,30483,1,,MEHERPUR/Meherpur,1,0.6881
Onion,BD40650028,849.0,2181.9,2301.0,0.0,19558.1,24890,4,,NARAIL/Kalia,1,0.1505
Onion,BD40650052,742.5,11586.0,6116.4,279.4,3947.8,22672,2,,NARAIL/Lohagara,1,0.5789
Onion,BD40650076,0.0,13733.7,1681.3,0.0,11814.0,27229,3,,NARAIL/Narail,1,0.4344
Onion,BD40870004,0.0,6856.4,5507.6,2098.1,19457.8,33920,4,,SATKHIRA/Asasuni,1,0.2553
Onion,BD40870025,0.0,262.3,4623.6,1828.1,7869.9,14584,4,,SATKHIRA/Debhata,1,0.198
Onion,BD40870043,0.0,15921.2,958.5,0.0,13.3,16893,1,,SATKHIRA/Kalaroa,1,0.7823
Onion,BD40870047,0.0,56.4,3505.3,10216.7,12203.6,25982,4,,SATKHIRA/Kaliganj,1,0.1478
Onion,BD40870082,0.0,17100.4,6355.8,1803.8,1818.0,27078,3,,SATKHIRA/Satkhira,1,0.6359
Onion,BD40870086,0.0,0.0,0.0,891.4,35746.6,36638,4,,SATKHIRA/Shyamnagar,1,0.0049
Onion,BD40870090,0.0,19086.9,5092.8,134.4,2441.9,26756,1,,SATKHIRA/Tala,1,0.6669
Onion,BD45390007,6757.3,8026.3,2204.4,0.0,1426.0,18414,1,,JAMALPUR/Bakshiganj,1,0.7755
Onion,BD45390015,13305.9,6105.6,2900.4,395.0,0.0,22707,1,,JAMALPUR/Dewanganj,1,0.8684
Onion,BD45390029,12942.9,10696.0,2839.4,0.0,7.7,26486,1,,JAMALPUR/Islampur,1,0.8653
Onion,BD45390036,11981.6,13290.6,11371.7,1026.4,4603.7,42274,2,,JAMALPUR/Jamalpur,1,0.6743
Onion,BD45390058,12317.6,7366.1,2423.3,26.2,43.7,22177,1,,JAMALPUR/Madarganj,1,0.876
Onion,BD45390061,5963.5,10262.3,3814.2,15.6,492.4,20548,2,,JAMALPUR/Melandaha,1,0.7827
Onion,BD45390085,12241.4,6662.7,2000.4,167.4,486.2,21558,1,,JAMALPUR/Sarishabari,1,0.863
Onion,BD45610013,0.0,12549.3,11104.1,4070.3,16290.3,44014,4,,MYMENSINGH/Bhaluka,1,0.3727
Onion,BD45610016,39.7,16963.9,190.4,0.0,5816.0,23010,1,,MYMENSINGH/Dhobaura,1,0.5957
Onion,BD45610020,866.6,21710.4,5570.7,3837.6,2568.7,34554,3,,MYMENSINGH/Phulbaria,1,0.6305
Onion,BD45610022,1470.7,14164.4,12522.9,2874.5,928.5,31961,2,,MYMENSINGH/Gafargaon,1,0.6145
Onion,BD45610023,0.0,18322.3,2753.0,0.0,1841.6,22917,1,,MYMENSINGH/Gouripur,1,0.6997
Onion,BD45610024,0.0,17165.5,7408.8,611.6,5850.1,31036,2,,MYMENSINGH/Haluaghat,1,0.5658
Onion,BD45610031,1102.3,20756.1,1585.0,0.0,763.7,24207,1,,MYMENSINGH/Ishwarganj,1,0.7642
Onion,BD45610052,69.3,26509.0,3073.0,0.0,600.7,30252,1,,MYMENSINGH/Mymensingh,1,0.7541
Onion,BD45610065,36.8,18180.3,4180.7,640.4,2222.9,25261,1,,MYMENSINGH/Muktagachha,1,0.665
Onion,BD45610072,831.9,19866.1,3922.8,0.0,2526.2,27147,1,,MYMENSINGH/Nandail,1,0.6883
Onion,BD45610081,92.5,35779.0,7692.4,0.0,3259.1,46823,1,,MYMENSINGH/Phulpur,1,0.6954
Onion,BD45610094,266.4,16400.8,9627.4,159.8,1689.6,28144,2,,MYMENSINGH/Trisal,1,0.6478
Onion,BD45720004,81.8,8524.7,4868.0,0.0,2623.5,16098,2,,NETRAKONA/Atpara,1,0.5799
Onion,BD45720009,87.5,9270.7,3811.7,0.0,6199.0,19369,4,,NETRAKONA/Barhatta,1,0.4858
Onion,BD45720018,56.8,15309.7,989.8,0.0,7853.6,24210,3,,NETRAKONA/Durgapur,1,0.5287
Onion,BD45720038,1022.8,19.7,229.5,0.0,19079.1,20351,4,,NETRAKONA/Khaliajuri,1,0.0567
Onion,BD45720040,444.1,7627.2,1691.1,25.6,24905.9,34694,4,,NETRAKONA/Kalmakanda,1,0.2132
Onion,BD45720047,0.0,15670.1,2795.2,0.0,6084.8,24550,3,,NETRAKONA/Kendua,1,0.5676
Onion,BD45720056,470.5,1912.2,5167.4,0.0,12338.0,19888,4,,NETRAKONA/Madan,1,0.2305
Onion,BD45720063,1302.0,4971.8,3395.8,0.0,11641.5,21311,4,,NETRAKONA/Mohanganj,1,0.3274
Onion,BD45720074,0.0,17955.0,3042.6,0.0,5584.5,26582,3,,NETRAKONA/Netrakona,1,0.5976
Onion,BD45720083,0.0,19451.7,3069.6,0.0,2491.7,25013,1,,NETRAKONA/Purbadhala,1,0.6835
Onion,BD45890037,0.0,1077.8,14975.6,963.9,2304.6,19322,2,,SHERPUR/Jhenaigati,1,0.4421
Onion,BD45890067,3221.9,7122.0,1734.3,385.4,2967.5,15431,2,,SHERPUR/Nakla,1,0.6392
Onion,BD45890070,0.0,750.6,12942.0,11475.2,5470.1,30638,4,,SHERPUR/Nalitabari,1,0.3057
Onion,BD45890088,6525.3,21570.3,1693.6,0.0,3034.8,32824,1,,SHERPUR/Sherpur,1,0.7503
Onion,BD45890090,1312.6,9213.1,7999.6,99.1,3995.6,22620,2,,SHERPUR/Sribardi,1,0.5616
Onion,BD50100006,0.0,5236.1,6155.3,7.5,3217.0,14616,2,,BOGRA/Adamdighi,1,0.4973
Onion,BD50100020,0.0,8544.1,20296.0,2560.3,1473.6,32874,2,,BOGRA/Bogra,1,0.5322
Onion,BD50100027,0.0,2411.8,16203.3,7.5,1493.4,20116,2,,BOGRA/Dhunot,1,0.4987
Onion,BD50100033,0.0,2277.7,10679.2,1221.6,165.5,14344,2,,BOGRA/Dhubchachia,1,0.5163
Onion,BD50100040,0.0,5584.3,12154.5,0.0,1296.1,19035,2,,BOGRA/Gabtali,1,0.554
Onion,BD50100054,0.0,12912.3,8363.9,31.9,8.0,21316,3,,BOGRA/Kahalu,1,0.6811
Onion,BD50100067,0.0,5991.6,14950.9,16.1,3289.4,24248,2,,BOGRA/Nandigram,1,0.5061
Onion,BD50100081,253.1,8137.8,15490.9,0.0,215.2,24097,2,,BOGRA/Shariakandi,1,0.6021
Onion,BD50100088,0.0,4485.2,18023.4,529.6,2341.9,25380,2,,BOGRA/Sherpur,1,0.5006
Onion,BD50100094,0.0,1321.0,12780.3,12066.0,322.6,26490,4,,BOGRA/Shibganj,1,0.3722
Onion,BD50100095,0.0,1456.3,8948.1,46.7,700.9,11152,2,,BOGRA/Sonatala,1,0.5065
Onion,BD50380013,0.0,1097.0,6638.4,2427.9,2274.7,12438,4,,JOYPURHAT/Akkelpur,1,0.3765
Onion,BD50380047,0.0,0.0,17314.0,2317.5,1091.5,20723,2,,JOYPURHAT/Joypurhat,1,0.4401
Onion,BD50380058,0.0,0.0,9359.9,4884.1,0.0,14244,3,,JOYPURHAT/Kalai,1,0.3971
Onion,BD50380061,0.0,0.0,8792.2,4562.5,71.3,13426,3,,JOYPURHAT/Khetlal,1,0.3954
Onion,BD50380074,0.0,0.0,23785.6,2033.4,330.0,26149,2,,JOYPURHAT/Panchbibi,1,0.4704
Onion,BD50640003,0.0,3750.5,973.0,5908.8,13692.8,24325,4,,NAOGAON/Atrai,1,0.1919
Onion,BD50640006,0.0,4051.7,12297.9,955.9,242.5,17548,2,,NAOGAON/Badalgachhi,1,0.546
Onion,BD50640028,0.0,0.0,25868.0,170.9,716.1,26755,2,,NAOGAON/Dhamoirhat,1,0.4847
Onion,BD50640047,0.0,28323.8,1266.9,0.0,5044.4,34635,1,,NAOGAON/Manda,1,0.6725
Onion,BD50640050,160.8,17443.3,16599.3,0.0,538.6,34742,2,,NAOGAON/Mohadebpur,1,0.6452
Onion,BD50640060,191.7,13148.7,4063.4,0.0,6256.2,23660,3,,NAOGAON/Naogaon,1,0.5386
Onion,BD50640069,0.0,5659.6,32232.9,0.0,846.6,38739,2,,NAOGAON/Niamatpur,1,0.5329
Onion,BD50640075,0.0,0.0,29002.0,0.0,3779.0,32781,2,,NAOGAON/Patnitala,1,0.4424
Onion,BD50640079,0.0,0.0,18925.2,115.1,3610.7,22651,2,,NAOGAON/Porsha,1,0.4188
Onion,BD50640085,0.0,13346.8,3198.7,3372.6,2056.8,21975,3,,NAOGAON/Raninagar,1,0.5894
Onion,BD50640086,0.0,0.0,13859.4,0.0,7740.6,21600,3,,NAOGAON/Shapahar,1,0.3208
Onion,BD50690009,0.0,11179.9,291.1,0.0,0.0,11471,1,,NATOR/Bagatipara,1,0.7924
Onion,BD50690015,0.0,15374.7,4129.9,0.0,5548.3,25053,3,,NATOR/Baraigram,1,0.5734
Onion,BD50690041,0.0,7296.5,2606.9,170.0,6297.6,16371,4,,NATOR/Gurudashpur,1,0.4383
Onion,BD50690044,10.5,21805.1,3860.3,0.0,326.1,26002,1,,NATOR/Lalpur,1,0.7455
Onion,BD50690063,0.0,17970.7,5247.9,4060.3,4654.1,31933,3,,NATOR/Nator,1,0.5578
Onion,BD50690091,0.0,16381.9,4807.4,9054.9,17485.8,47730,4,,NATOR/Shingra,1,0.3629
Onion,BD50700018,0.0,0.0,3942.9,6743.1,0.0,10686,4,,NAWABGANJ/Bholahat,1,0.3107
Onion,BD50700037,0.0,0.0,19576.7,3814.1,4143.2,27534,2,,NAWABGANJ/Gomastapur,1,0.3832
Onion,BD50700056,0.0,0.0,24831.4,1266.7,32.9,26131,2,,NAWABGANJ/Nachol,1,0.4848
Onion,BD50700066,0.0,28.4,20951.4,11355.2,1227.0,33562,3,,NAWABGANJ/Nawabganj,1,0.3805
Onion,BD50700088,0.0,0.0,31382.2,13494.5,8.3,44885,3,,NAWABGANJ/Shibganj,1,0.4097
Onion,BD50760005,84.4,6606.6,2772.1,2631.4,2469.5,14564,4,,PABNA/Atgharia,1,0.5
Onion,BD50760016,1451.9,4650.5,4542.7,4168.9,2487.0,17301,4,,PABNA/Bera,1,0.4784
Onion,BD50760019,238.8,3680.1,2494.6,3276.7,773.9,10464,4,,PABNA/Bhangura,1,0.486
Onion,BD50760022,407.7,10272.4,7484.1,6632.3,793.5,25590,3,,PABNA/Chatmohar,1,0.5351
Onion,BD50760033,136.0,521.2,3247.9,657.1,7794.9,12357,4,,PABNA/Faridpur,1,0.1868
Onion,BD50760039,1210.3,14868.3,2842.8,520.7,380.0,19822,1,,PABNA/Ishwardi,1,0.7381
Onion,BD50760055,3613.8,21581.9,3211.3,4259.4,1039.7,33706,1,,PABNA/Pabna,1,0.6924
Onion,BD50760072,2233.4,6723.2,5329.3,8679.3,5082.8,28048,4,,PABNA/Santhia,1,0.4283
Onion,BD50760083,2120.9,7322.9,5022.4,6134.6,4124.3,24725,4,,PABNA/Sujanagar,1,0.4739
Onion,BD50810010,66.1,10454.1,2286.4,0.0,297.4,13104,1,,RAJSHAHI/Bagha,1,0.7305
Onion,BD50810012,0.0,10045.1,12048.4,0.0,6333.5,28427,2,,RAJSHAHI/Bagmara,1,0.4946
Onion,BD50810025,0.0,12390.7,266.3,0.0,37.0,12694,1,,RAJSHAHI/Charghat,1,0.7914
Onion,BD50810031,0.0,12650.1,3298.7,0.0,261.2,16210,1,,RAJSHAHI/Durgapur,1,0.7261
Onion,BD50810034,0.0,6789.6,30671.5,4310.3,455.6,42227,2,,RAJSHAHI/Godagari,1,0.5122
Onion,BD50810053,0.0,8746.3,2137.3,0.0,2261.3,13145,3,,RAJSHAHI/Mohanpur,1,0.6136
Onion,BD50810072,0.0,16776.2,2527.9,0.0,435.8,19740,1,,RAJSHAHI/Paba,1,0.7439
Onion,BD50810082,0.0,14039.1,1291.3,0.0,585.6,15916,1,,RAJSHAHI/Puthia,1,0.7462
Onion,BD50810094,0.0,8377.9,16349.0,0.0,1228.1,25955,2,,RAJSHAHI/Tanor,1,0.5732
Onion,BD50816600,0.0,0.0,0.0,0.0,0.0,0,4,,RAJSHAHI/Boalia (Rajshahi),1,
Onion,BD50880011,220.5,3990.5,5306.8,261.9,303.2,10083,2,,SIRAJGANJ/Belkuchi,1,0.6068
Onion,BD50880027,42.1,2113.3,6964.8,168.5,3798.3,13087,3,,SIRAJGANJ/Chauhali,1,0.4011
Onion,BD50880044,0.0,1832.2,5636.4,161.9,51.5,7682,2,,SIRAJGANJ/Kamarkhanda,1,0.5619
Onion,BD50880050,334.4,8834.5,10764.5,52.8,1143.9,21130,2,,SIRAJGANJ/Kazipur,1,0.6055
Onion,BD50880061,0.0,1988.9,19137.2,524.6,78.3,21729,2,,SIRAJGANJ/Raiganj,1,0.5184
Onion,BD50880067,6.9,1125.6,18926.2,875.4,2292.8,23227,2,,SIRAJGANJ/Shahzadpur,1,0.454
Onion,BD50880078,0.0,10145.1,12355.6,53.4,122.0,22676,2,,SIRAJGANJ/Sirajganj,1,0.6308
Onion,BD50880089,0.0,7790.0,1795.2,7716.9,9503.9,26806,4,,SIRAJGANJ/Taras,1,0.3235
Onion,BD50880094,0.0,3883.2,26700.8,3828.8,691.2,35104,2,,SIRAJGANJ/Ullapara,1,0.4906
Onion,BD55270010,0.0,0.0,11740.7,6398.2,771.1,18910,3,,DINAJPUR/Birampur,1,0.3781
Onion,BD55270012,0.0,1506.6,27881.0,7184.9,121.5,36694,2,,DINAJPUR/Birganj,1,0.4519
Onion,BD55270017,0.0,721.9,16097.6,14020.2,136.4,30976,4,,DINAJPUR/Biral,1,0.369
Onion,BD55270021,0.0,0.0,14119.4,5494.4,237.2,19851,2,,DINAJPUR/Bochaganj,1,0.411
Onion,BD55270030,0.0,9121.0,8063.2,10108.4,313.4,27606,4,,DINAJPUR/Chirirbandar,1,0.4836
Onion,BD55270038,0.0,0.0,15772.9,4648.9,283.2,20705,2,,DINAJPUR/Fulbari,1,0.4258
Onion,BD55270043,0.0,0.0,6399.0,6140.8,484.2,13024,4,,DINAJPUR/Ghoraghat,1,0.34
Onion,BD55270047,0.0,0.0,6990.4,903.8,1063.8,8958,2,,DINAJPUR/Hakimpur,1,0.4104
Onion,BD55270056,0.0,1822.1,10097.3,5602.9,98.7,17621,3,,DINAJPUR/Kaharol,1,0.4328
Onion,BD55270060,0.0,131.2,12686.1,1946.7,0.0,14764,2,,DINAJPUR/Khansama,1,0.4631
Onion,BD55270064,0.0,1258.3,15674.4,12342.3,0.0,29275,4,,DINAJPUR/Dinajpur,1,0.3864
Onion,BD55270069,0.0,0.0,14514.5,12101.5,327.1,26943,4,,DINAJPUR/Nawabganj,1,0.3592
Onion,BD55270077,0.0,3590.8,18505.4,13207.2,1079.5,36383,4,,DINAJPUR/Parbatipur,1,0.4059
Onion,BD55320021,125.3,11506.5,8544.9,724.7,1771.6,22673,2,,GAIBANDHA/Phulchhari,1,0.6064
Onion,BD55320024,80.7,1428.2,6059.7,18816.6,790.8,27176,4,,GAIBANDHA/Gaibandha,1,0.295
Onion,BD55320030,0.0,1608.9,21408.6,15325.4,22.0,38365,4,,GAIBANDHA/Gobindaganj,1,0.3925
Onion,BD55320067,0.0,0.0,5007.1,10234.2,371.7,15613,4,,GAIBANDHA/Palashbari,1,0.2914
Onion,BD55320082,0.0,0.0,5642.4,14240.0,220.7,20103,4,,GAIBANDHA/Sadullapur,1,0.282
Onion,BD55320088,7.7,1997.0,15573.7,758.6,0.0,18337,2,,GAIBANDHA/Shaghata,1,0.5205
Onion,BD55320091,15.6,3583.9,6108.3,21986.7,950.5,32645,4,,GAIBANDHA/Sundarganj,1,0.3166
Onion,BD55490006,0.0,6122.3,9028.7,4374.5,469.4,19995,2,,KURIGRAM/Bhurungamari,1,0.5145
Onion,BD55490008,159.8,6710.9,1891.8,409.0,6.4,9178,1,,KURIGRAM/Rajibpur (Dhushmara),1,0.7143
Onion,BD55490009,45.4,1564.7,2109.0,3220.2,3503.7,10443,4,,KURIGRAM/Chilmari,1,0.2869
Onion,BD55490018,0.0,266.0,5480.4,7688.5,124.2,13559,4,,KURIGRAM/Phulbari,1,0.3312
Onion,BD55490052,0.0,1174.4,3423.8,15837.3,810.5,21246,4,,KURIGRAM/Kurigram,1,0.2739
Onion,BD55490061,0.0,897.9,11944.4,19118.3,2938.5,34899,4,,KURIGRAM/Nageshwari,1,0.3013
Onion,BD55490077,0.0,216.6,2607.0,10719.2,687.2,14230,4,,KURIGRAM/Rajarhat,1,0.2544
Onion,BD55490079,1705.2,2249.1,2190.3,10797.3,0.0,16942,4,,KURIGRAM/Ruhumari,1,0.399
Onion,BD55490094,0.0,1169.7,6202.5,19391.5,202.3,26966,4,,KURIGRAM/Ulipur,1,0.2935
Onion,BD55520002,0.0,1049.7,2116.8,13392.0,603.6,17162,4,,LALMONIRHAT/Aditmari,1,0.2667
Onion,BD55520033,0.0,5419.7,8936.8,5794.5,0.0,20151,3,,LALMONIRHAT/Hatibanda,1,0.4944
Onion,BD55520039,0.0,2613.1,9769.9,8252.4,610.6,21246,4,,LALMONIRHAT/Kaliganj,1,0.406
Onion,BD55520055,0.0,726.2,11137.8,8790.3,582.6,21237,4,,LALMONIRHAT/Lalmonirhat,1,0.3724
Onion,BD55520070,0.0,39.7,8137.9,14010.3,0.0,22188,4,,LALMONIRHAT/Patgram,1,0.3111
Onion,BD55730012,0.0,6179.1,8204.8,12537.0,1166.0,28087,4,,NILPHAMARI/Dimla,1,0.4113
Onion,BD55730015,0.0,170.4,8627.0,12063.6,0.0,20861,4,,NILPHAMARI/Domar,1,0.329
Onion,BD55730036,0.0,2521.8,10739.3,10667.6,1318.2,25247,4,,NILPHAMARI/Jaldhaka,1,0.3771
Onion,BD55730045,0.0,159.2,13799.3,9685.5,67.0,23711,4,,NILPHAMARI/Kishorganj,1,0.3781
Onion,BD55730064,0.0,0.0,12353.1,20217.9,138.0,32709,4,,NILPHAMARI/Nilphamari,1,0.3125
Onion,BD55730085,0.0,8.2,4448.6,5679.7,139.5,10276,4,,NILPHAMARI/Saidpur,1,0.3276
Onion,BD55770004,0.0,2402.6,17033.8,722.6,0.0,20159,2,,PANCHAGARH/Atwari,1,0.525
Onion,BD55770025,0.0,3824.4,19549.6,3031.4,67.5,26473,2,,PANCHAGARH/Boda,1,0.5077
Onion,BD55770034,0.0,5843.6,12399.7,5786.1,21.6,24051,2,,PANCHAGARH/Debiganj,1,0.5003
Onion,BD55770073,0.0,12155.0,17425.3,1467.7,0.0,31048,2,,PANCHAGARH/Panchagar,1,0.6033
Onion,BD55770090,0.0,4258.4,12395.7,0.0,101.8,16756,2,,PANCHAGARH/Tetulia,1,0.5732
Onion,BD55850003,0.0,0.0,16823.0,10434.6,32.3,27290,3,,RANGPUR/Badarganj,1,0.3847
Onion,BD55850027,0.0,1765.4,9391.7,6766.0,17.9,17941,4,,RANGPUR/Gangachara,1,0.4159
Onion,BD55850042,0.0,2755.3,1703.0,8193.7,0.0,12652,4,,RANGPUR/Kaunia,1,0.371
Onion,BD55850049,0.0,0.0,12684.1,14041.5,38.3,26764,4,,RANGPUR/Rangpur,1,0.3419
Onion,BD55850058,0.0,0.0,17456.4,26938.8,227.8,44623,4,,RANGPUR/Mithapukur,1,0.3163
Onion,BD55850073,0.0,1749.8,3623.4,17513.2,193.6,23080,4,,RANGPUR/Pirgachha,1,0.2909
Onion,BD55850076,0.0,0.0,15999.9,20128.2,209.9,36338,4,,RANGPUR/Pirganj,1,0.3309
Onion,BD55850092,0.0,0.0,4771.5,6678.6,46.0,11496,4,,RANGPUR/Taraganj,1,0.3237
Onion,BD55940008,0.0,2510.3,23054.7,0.0,0.0,25565,2,,THAKURGAON/Baliadangi,1,0.5295
Onion,BD55940051,0.0,1821.4,8316.0,7524.9,404.8,18067,4,,THAKURGAON/Haripur,1,0.3941
Onion,BD55940082,0.0,2855.9,18679.3,8687.5,427.3,30650,3,,THAKURGAON/Pirganj,1,0.436
Onion,BD55940086,0.0,3932.9,21627.0,1484.0,308.1,27352,2,,THAKURGAON/Ranisonkail,1,0.5212
Onion,BD55940094,0.0,7970.9,46638.9,5673.2,0.0,60283,2,,THAKURGAON/Thakurgaon,1,0.5114
Onion,BD60360002,56.5,0.0,3685.9,91.8,12116.8,15951,4,,HABIGANJ/Ajmiriganj,1,0.1202
Onion,BD60360005,8.6,6813.8,4468.1,8205.8,2809.7,22306,4,,HABIGANJ/Bahubal,1,0.4185
Onion,BD60360011,16.4,959.4,8528.0,32.8,33718.4,43255,4,,HABIGANJ/Baniyachang,1,0.1169
Onion,BD60360026,0.0,7400.4,4644.5,6594.6,9468.6,28108,4,,HABIGANJ/Chunarughat,1,0.3402
Onion,BD60360044,1934.3,6186.6,4020.5,839.3,8984.2,21965,4,,HABIGANJ/Habiganj,1,0.4126
Onion,BD60360068,92.6,1229.0,4663.4,286.2,10841.9,17113,4,,HABIGANJ/Lakhai,1,0.2025
Onion,BD60360071,6073.3,3768.2,13031.2,127.6,2381.7,25382,2,,HABIGANJ/Madhabpur,1,0.6158
Onion,BD60360077,0.0,8333.2,13483.9,1821.9,12546.0,36185,4,,HABIGANJ/Nabiganj,1,0.3806
Onion,BD60580014,0.0,4374.2,15943.5,2980.5,15993.9,39292,4,,MOULVI BAZAR/Barlekha,1,0.3071
Onion,BD60580056,0.0,0.0,10989.8,7781.9,11808.3,30580,4,,MOULVI BAZAR/Kamalganj,1,0.2306
Onion,BD60580065,0.0,133.7,26848.0,4448.5,12269.7,43700,3,,MOULVI BAZAR/Kulaura,1,0.33
Onion,BD60580074,52.7,5807.9,9551.8,2945.4,8821.1,27179,4,,MOULVI BAZAR/Moulvi Bazar,1,0.3703
Onion,BD60580080,53.1,1474.2,9037.5,591.0,11886.2,23042,4,,MOULVI BAZAR/Rajnagar,1,0.2547
Onion,BD60580083,0.0,632.8,11149.7,6359.8,14489.8,32632,4,,MOULVI BAZAR/Srimangal,1,0.2253
Onion,BD60900018,1693.3,1719.0,4532.6,3660.3,6071.9,17677,4,,SUNAMGANJ/Bishambarpur,1,0.3432
Onion,BD60900023,155.8,9277.2,13545.8,521.9,11528.3,35029,4,,SUNAMGANJ/Chhatak,1,0.4127
Onion,BD60900029,0.0,3103.3,5584.4,0.0,28593.3,37281,4,,SUNAMGANJ/Dirai,1,0.1415
Onion,BD60900032,8.3,3876.9,7289.8,5434.2,22664.8,39274,4,,SUNAMGANJ/Dharmapasha,1,0.1997
Onion,BD60900033,5610.2,6093.5,8070.0,5152.7,5204.5,30131,4,,SUNAMGANJ/Dwarabazar,1,0.5161
Onion,BD60900047,0.0,7045.9,8807.3,0.0,16277.8,32131,4,,SUNAMGANJ/Jagannathpur,1,0.3125
Onion,BD60900050,0.0,299.0,3737.0,0.0,24509.0,28545,4,,SUNAMGANJ/Jamalganj,1,0.0738
Onion,BD60900086,179.3,194.8,2751.2,7.8,19164.9,22298,4,,SUNAMGANJ/Sulla,1,0.0768
Onion,BD60900089,440.0,1712.3,20079.0,1339.2,28688.4,52259,4,,SUNAMGANJ/Sunamganj,1,0.2319
Onion,BD60900092,95.1,2824.3,929.2,8721.7,10104.6,22675,4,,SUNAMGANJ/Tahirpur,1,0.2013
Onion,BD60910008,355.1,9762.0,6442.8,0.0,14458.2,31018,4,,SYLHET/Balaganj,1,0.3671
Onion,BD60910017,0.0,448.0,8793.3,3443.8,5362.9,18048,4,,SYLHET/Beani Bazar,1,0.3016
Onion,BD60910020,28.9,10398.9,4240.6,0.0,2098.6,16767,3,,SYLHET/Bishwanath,1,0.6243
Onion,BD60910027,273.4,5336.6,1924.7,1443.5,19585.8,28564,4,,SYLHET/Companiganj,1,0.2028
Onion,BD60910035,0.0,478.1,3229.1,337.0,4592.8,8637,4,,SYLHET/Fenchuganj,1,0.239
Onion,BD60910038,21.3,4789.2,6555.9,1149.4,3661.1,16177,3,,SYLHET/Golapganj,1,0.455
Onion,BD60910041,848.6,13889.7,2590.4,1622.7,25620.7,44572,4,,SYLHET/Gowainghat,1,0.3047
Onion,BD60910053,107.0,5037.9,3819.6,222.3,7853.2,17040,4,,SYLHET/Jaintapur,1,0.3575
Onion,BD60910059,0.0,668.3,13234.3,1534.9,14475.5,29913,4,,SYLHET/Kanaighat,1,0.2493
Onion,BD60910062,80.9,19759.2,4575.9,74.1,12298.9,36789,3,,SYLHET/Sylhet,1,0.4945
Onion,BD60910094,0.0,217.7,9201.0,2149.2,7712.0,19280,4,,SYLHET/Zakiganj,1,0.2699
Potato,BD10040009,0.0,40.5,13166.7,14026.1,16936.7,44170,4,,BARGUNA/Amtali,1,0.2133
Potato,BD10040019,0.0,7186.5,15.5,0.0,0.0,7202,1,,BARGUNA/Bamna,1,0.7994
Potato,BD10040028,0.0,200.8,10891.5,10273.0,3911.6,25277,4,,BARGUNA/Borguna,1,0.3031
Potato,BD10040047,0.0,8228.9,352.0,0.0,2710.1,11291,1,,BARGUNA/Betagi,1,0.5986
Potato,BD10040085,0.0,1145.5,5911.4,10668.5,1897.6,19623,4,,BARGUNA/Patharghata,1,0.3061
Potato,BD10060002,3171.6,1179.1,22.4,0.0,8499.9,12873,4,,BARISAL/Agailjhara,1,0.3205
Potato,BD10060003,759.5,10065.5,0.0,0.0,0.0,10825,1,,BARISAL/Babuganj,1,0.814
Potato,BD10060007,602.5,24861.3,2953.9,0.0,3213.3,31631,1,,BARISAL/Bakerganj,1,0.6945
Potato,BD10060010,378.8,2578.4,21.9,0.0,7138.0,10117,4,,BARISAL/Banaripara,1,0.2424
Potato,BD10060032,3664.2,4547.3,164.8,0.0,2095.7,10472,1,,BARISAL/Gaurnadi,1,0.7052
Potato,BD10060036,7425.1,10088.1,553.5,0.0,1587.4,19654,1,,BARISAL/Hizla,1,0.8025
Potato,BD10060051,1911.8,17223.1,0.0,0.0,86.1,19221,1,,BARISAL/Barisal,1,0.8163
Potato,BD10060062,4752.1,19886.0,952.3,0.0,18.7,25609,1,,BARISAL/Mehendiganj,1,0.8254
Potato,BD10060069,6605.8,11852.6,252.9,73.7,0.0,18785,1,,BARISAL/Muladi,1,0.8639
Potato,BD10060094,4302.7,4083.3,0.0,0.0,11146.0,19532,4,,BARISAL/Ujirpur,1,0.3875
Potato,BD10090018,3191.5,8324.4,11177.6,228.0,551.5,23473,2,,BHOLA/Bhola,1,0.6597
Potato,BD10090021,13.5,3093.6,6207.5,9179.5,141.8,18636,4,,BHOLA/Burhanuddin,1,0.3986
Potato,BD10090025,351.5,667.9,4280.1,25663.1,13719.2,44682,4,,BHOLA/Char Fasson,1,0.1826
Potato,BD10090029,616.1,3355.9,4393.5,36.5,0.0,8402,2,,BHOLA/Daulatkhan,1,0.6552
Potato,BD10090054,7.0,10463.1,6033.1,1652.4,3403.3,21559,3,,BHOLA/Lalmohan,1,0.5438
Potato,BD10090065,135.5,0.0,0.0,3540.4,11722.1,15398,4,,BHOLA/Monpura,1,0.0548
Potato,BD10090091,31.9,7658.7,1737.3,0.0,757.1,10185,1,,BHOLA/Tajumuddin,1,0.69
Potato,BD10420040,0.0,10752.2,1398.2,0.0,3586.6,15737,3,,JHALAKATI/Jhalakati,1,0.591
Potato,BD10420043,0.0,4935.5,0.0,0.0,7004.5,11940,4,,JHALAKATI/Kathalia,1,0.3307
Potato,BD10420073,0.0,15257.0,0.0,0.0,0.0,15257,1,,JHALAKATI/Nalchiti,1,0.8
Potato,BD10420084,0.0,10156.6,0.0,0.0,2281.4,12438,1,,JHALAKATI/Rajapur,1,0.6533
Potato,BD10780038,54.8,33642.5,2357.4,0.0,18.3,36073,1,,PATUAKHALI/Bauphal,1,0.7803
Potato,BD10780052,0.0,10586.4,2539.7,855.1,2881.8,16863,3,,PATUAKHALI/Dashmina,1,0.5877
Potato,BD10780057,140.4,22060.7,4923.2,2864.1,29763.7,59752,4,,PATUAKHALI/Galachipa,1,0.3485
Potato,BD10780066,0.0,0.0,0.0,15766.7,19499.3,35266,4,,PATUAKHALI/Kalapara,1,0.0894
Potato,BD10780076,0.0,5862.5,2643.6,0.0,3492.9,11999,3,,PATUAKHALI/Mirzaganj,1,0.501
Potato,BD10780095,0.0,21550.0,7591.0,0.0,1069.0,30210,1,,PATUAKHALI/Patuakhali,1,0.6963
Potato,BD10790014,0.0,6700.5,1221.5,0.0,2493.0,10415,3,,PIROJPUR/Bhandaria,1,0.5733
Potato,BD10790047,0.0,680.9,0.0,0.0,4135.1,4816,4,,PIROJPUR/Kawkhali,1,0.1131
Potato,BD10790058,0.0,2190.6,18331.1,0.0,2365.3,22887,2,,PIROJPUR/Mathbaria,1,0.477
Potato,BD10790076,784.4,1109.4,911.6,0.0,13864.6,16670,4,,PIROJPUR/Nazirpur,1,0.1276
Potato,BD10790080,0.0,3492.0,4299.3,0.0,12507.7,20299,4,,PIROJPUR/Pirojpur,1,0.2435
Potato,BD10790087,0.0,48.9,630.1,0.0,10876.0,11555,4,,PIROJPUR/Sarupkati,1,0.0307
Potato,BD20030004,1034.6,0.0,0.0,0.0,22429.4,23464,4,,BANDARBAN/Alikadam,1,0.0441
Potato,BD20030014,101.8,0.0,0.0,0.0,15244.2,15346,4,,BANDARBAN/Bandarban,1,0.0066
Potato,BD20030051,548.4,0.0,0.0,0.0,15915.6,16464,4,,BANDARBAN/Lama,1,0.0333
Potato,BD20030073,145.8,3.2,0.0,0.0,8102.0,8251,4,,BANDARBAN/Naikhongchhari,1,0.018
Potato,BD20030089,40.3,0.0,0.0,0.0,10233.7,10274,4,,BANDARBAN/Rowangchhari,1,0.0039
Potato,BD20030091,0.0,0.0,0.0,0.0,7396.0,7396,4,,BANDARBAN/Ruma,1,0.0
Potato,BD20030095,85.8,0.0,0.0,0.0,5512.2,5598,4,,BANDARBAN/Thanchi,1,0.0153
Potato,BD20120002,402.0,962.8,4179.0,95.2,3121.0,8760,4,,BRAHMANBARIA/Akhaura,1,0.3745
Potato,BD20120004,1399.0,3773.6,2790.5,3940.0,2661.9,14565,4,,BRAHMANBARIA/Banchharampur,1,0.4532
Potato,BD20120013,54.3,2891.0,24856.4,2526.7,12757.6,43086,4,,BRAHMANBARIA/Brahmanbaria,1,0.3551
Potato,BD20120063,1207.4,75.5,12602.3,301.9,3327.9,17515,2,,BRAHMANBARIA/Kasba,1,0.4356
Potato,BD20120085,1033.8,411.9,20587.9,2164.6,4910.7,29109,2,,BRAHMANBARIA/Nabinagar,1,0.4153
Potato,BD20120090,1235.9,55.1,15980.7,39.4,8509.9,25821,3,,BRAHMANBARIA/Nasirnagar,1,0.3593
Potato,BD20120094,307.5,1098.3,8092.2,940.1,8065.8,18504,4,,BRAHMANBARIA/Sarail,1,0.2929
Potato,BD20130022,1333.9,147.0,10622.6,272.2,125.2,12501,2,,CHANDPUR/Chandpur,1,0.5453
Potato,BD20130045,5574.7,761.0,8606.7,0.0,700.6,15643,2,,CHANDPUR/Faridganj,1,0.6704
Potato,BD20130047,2702.8,3375.2,515.5,0.0,4.5,6598,1,,CHANDPUR/Haimchar,1,0.8579
Potato,BD20130049,0.0,0.0,11203.9,424.8,1843.3,13472,2,,CHANDPUR/Hajiganj,1,0.4221
Potato,BD20130058,168.4,0.0,9051.4,680.2,7893.0,17793,4,,CHANDPUR/Kachua,1,0.2715
Potato,BD20130076,1140.2,2741.8,20444.9,1838.9,448.2,26614,2,Matlab,CHANDPUR/Matlab,1,0.5232
Potato,BD20130079,1140.2,2741.8,20444.9,1838.9,448.2,26614,2,Matlab,CHANDPUR/Matlab,1,0.5232
Potato,BD20130095,882.5,0.0,8768.0,5.7,2160.9,11817,2,,CHANDPUR/Shahrasti,1,0.4458
Potato,BD20150004,721.5,6217.4,1137.9,0.0,1384.3,9461,3,,CHITTAGONG/Anwara,1,0.6621
Potato,BD20150008,2479.3,10419.8,930.6,835.5,11363.9,26029,4,,CHITTAGONG/Banskhali,1,0.4398
Potato,BD20150012,4732.2,2081.9,0.0,0.0,178.8,6993,1,,CHITTAGONG/Boalkhali,1,0.9149
Potato,BD20150018,4375.4,780.1,110.0,0.0,6100.5,11366,4,,CHITTAGONG/Chandanais,1,0.4447
Potato,BD20150033,3583.6,3866.7,322.7,0.0,15874.9,23648,4,,CHITTAGONG/Fatikchhari,1,0.2892
Potato,BD20150037,1878.9,4209.1,1763.4,0.0,4665.7,12517,4,,CHITTAGONG/Hathazari,1,0.4896
Potato,BD20150047,91.3,638.9,0.0,0.0,11778.9,12509,4,,CHITTAGONG/Lohagora,1,0.0482
Potato,BD20150053,7037.2,6905.3,596.1,263.8,7907.6,22710,3,,CHITTAGONG/Mirsharai,1,0.5686
Potato,BD20150061,3311.2,4363.9,178.4,0.0,4135.5,11989,3,,CHITTAGONG/Patia,1,0.5748
Potato,BD20150070,3848.8,3675.9,1930.0,11.2,10085.1,19551,4,,CHITTAGONG/Rangunia,1,0.3967
Potato,BD20150074,3324.6,5879.4,1517.3,0.0,3162.8,13884,2,,CHITTAGONG/Rauzan,1,0.6329
Potato,BD20150078,0.0,941.0,3696.2,16405.0,6344.7,27387,4,,CHITTAGONG/Sandwip,1,0.2148
Potato,BD20150082,5372.9,3919.6,445.8,0.0,6698.7,16437,3,,CHITTAGONG/Satkania,1,0.5312
Potato,BD20150086,2004.6,3505.1,56.5,0.0,3710.8,9277,3,,CHITTAGONG/Sitakunda,1,0.5214
Potato,BD20151600,0.0,0.0,0.0,0.0,0.0,0,4,,CHITTAGONG/Patenga; CHITTAGONG/Double Mooring; CHITTAGONG/Panchlais,3,
Potato,BD20190009,344.2,40.5,18099.1,0.0,47.2,18531,2,,COMILLA/Barura,1,0.5087
Potato,BD20190015,122.9,1205.8,7642.2,937.0,599.1,10507,2,,COMILLA/Brahmanpara,1,0.485
Potato,BD20190018,1567.9,4438.8,4646.4,64.4,2083.4,12801,2,,COMILLA/Burichang,1,0.5824
Potato,BD20190027,0.0,375.2,7559.8,0.0,7657.0,15592,4,,COMILLA/Chandina,1,0.2617
Potato,BD20190031,910.2,4373.6,15002.9,0.0,1635.3,21922,2,,COMILLA/Chauddagram,1,0.5433
Potato,BD20190036,50.5,0.0,2080.6,4585.3,32925.6,39642,4,,COMILLA/Daudkandi,1,0.0506
Potato,BD20190040,905.7,0.0,15667.9,21.4,2168.0,18763,2,,COMILLA/Debiduar,1,0.466
Potato,BD20190054,49.9,66.6,990.5,7399.9,5244.0,13751,4,,COMILLA/Homna,1,0.1512
Potato,BD20190067,1644.5,11019.9,2543.6,0.0,5363.9,20572,3,,COMILLA/Comilla,1,0.5703
Potato,BD20190072,158.6,158.6,28779.4,3750.8,551.6,33399,2,,COMILLA/Laksham,1,0.4618
Potato,BD20190081,530.3,14.9,15281.6,4548.6,8686.5,29062,4,,COMILLA/Muradnagar,1,0.3129
Potato,BD20190087,0.0,2336.0,16528.7,22.1,383.2,19270,2,,COMILLA/Nangalkot,1,0.5261
Potato,BD20220016,4701.7,6461.2,517.1,3988.4,21707.6,37376,4,,COX'S BAZAR/Chakaria,1,0.2924
Potato,BD20220024,1989.1,3173.1,418.3,142.1,10545.4,16268,4,,COX'S BAZAR/Cox's Bazar,1,0.2929
Potato,BD20220045,0.0,950.8,0.0,4899.5,659.7,6510,4,,COX'S BAZAR/Kutubdia,1,0.2674
Potato,BD20220049,112.2,550.0,235.7,2676.9,12548.2,16123,4,,COX'S BAZAR/Moheshkhali,1,0.0748
Potato,BD20220066,2771.3,669.3,195.4,0.0,11418.0,15054,4,,COX'S BAZAR/Ramu,1,0.2261
Potato,BD20220090,48.8,849.3,633.9,865.5,10662.6,13060,4,,COX'S BAZAR/Teknaf,1,0.0933
Potato,BD20220094,403.9,382.1,3.1,0.0,7465.9,8255,4,,COX'S BAZAR/Ukhia,1,0.0861
Potato,BD20300014,3175.0,7111.3,303.7,0.0,4.0,10594,1,,FENI/Chhagalnaiya,1,0.851
Potato,BD20300025,6457.1,541.4,2016.4,0.0,3350.2,12365,3,,FENI/Daganbhuiya,1,0.6388
Potato,BD20300029,4851.7,183.6,9513.3,0.0,1042.5,15591,2,,FENI/Feni,1,0.6257
Potato,BD20300051,4043.6,11799.0,1086.4,0.0,0.0,16929,1,,FENI/Parshuram,1,0.8285
Potato,BD20300094,3111.4,98.8,13216.0,493.9,0.0,16920,2,,FENI/Sonagazi,1,0.5849
Potato,BD20460043,1092.5,0.0,0.0,0.0,14493.5,15586,4,,KHAGRACHHARI/Dighinala,1,0.0701
Potato,BD20460049,784.4,0.0,0.0,0.0,7785.6,8570,4,,KHAGRACHHARI/Khagrachhari,1,0.0915
Potato,BD20460061,193.4,0.0,0.0,0.0,4406.6,4600,4,,KHAGRACHHARI/Laksmichhari,1,0.0421
Potato,BD20460065,549.8,0.0,0.0,0.0,7942.2,8492,4,,KHAGRACHHARI/Mohalchhari,1,0.0647
Potato,BD20460067,547.4,0.0,0.0,0.0,6312.6,6860,4,,KHAGRACHHARI/Manikchhari,1,0.0798
Potato,BD20460070,684.4,0.0,0.0,0.0,17970.6,18655,4,,KHAGRACHHARI/Matiranga,1,0.0367
Potato,BD20460077,610.5,0.0,0.0,0.0,9269.5,9880,4,,KHAGRACHHARI/Panchhari,1,0.0618
Potato,BD20460080,139.7,0.0,0.0,0.0,9592.3,9732,4,,KHAGRACHHARI/Ramgarh,1,0.0144
Potato,BD20510043,14887.5,1199.7,16418.2,307.3,112.3,32925,2,,LAKSHMIPUR/Laksmipur,1,0.7325
Potato,BD20510058,3911.0,1551.8,5096.3,0.0,0.0,10559,2,,LAKSHMIPUR/Raipur,1,0.7293
Potato,BD20510065,1458.9,872.6,8583.2,0.0,1561.2,12476,2,,LAKSHMIPUR/Ramganj,1,0.5169
Potato,BD20510073,0.0,1154.3,3611.8,29170.3,2740.5,36677,4,,LAKSHMIPUR/Ramgati,1,0.2335
Potato,BD20750007,4268.1,0.0,403.4,0.0,25914.5,30586,4,,NOAKHALI/Begumganj,1,0.1461
Potato,BD20750010,1127.1,0.0,5237.0,0.0,2627.9,8992,3,,NOAKHALI/Chatkhil,1,0.4166
Potato,BD20750021,0.0,7013.4,6894.8,8832.7,4548.2,27289,4,,NOAKHALI/Companiganj,1,0.3967
Potato,BD20750036,0.0,259.5,6838.8,7656.4,21522.2,36277,4,,NOAKHALI/Hatiya,1,0.1422
Potato,BD20750080,3500.4,0.0,5292.1,0.0,3569.6,12362,3,,NOAKHALI/Senbag,1,0.4972
Potato,BD20750087,3120.1,14.1,26707.5,12262.1,25834.2,67938,4,,NOAKHALI/Noakhali,1,0.2787
Potato,BD20840007,718.1,0.0,73.4,0.0,16333.4,17125,4,,RANGAMATI/Baghaichhari,1,0.0441
Potato,BD20840021,108.3,0.0,5.8,0.0,10198.9,10313,4,,RANGAMATI/Barkal,1,0.0108
Potato,BD20840025,131.5,0.0,0.0,0.0,12689.5,12821,4,,RANGAMATI/Kawkhali (Betbunia),1,0.0103
Potato,BD20840029,74.1,0.0,0.0,0.0,5662.9,5737,4,,RANGAMATI/Belaichhari,1,0.0129
Potato,BD20840036,121.6,5.5,0.0,0.0,5961.9,6089,4,,RANGAMATI/Kaptai,1,0.0207
Potato,BD20840047,111.1,0.0,0.0,0.0,11958.9,12070,4,,RANGAMATI/Juraichhari,1,0.0092
Potato,BD20840058,1122.6,0.0,8.0,0.0,12495.5,13626,4,,RANGAMATI/Langadu,1,0.0827
Potato,BD20840075,382.9,0.0,0.0,0.0,10050.1,10433,4,,RANGAMATI/Nannerchar,1,0.0367
Potato,BD20840078,27.0,1.2,0.0,0.0,3591.7,3620,4,,RANGAMATI/Rajasthali,1,0.0077
Potato,BD20840087,185.8,0.0,37.2,0.0,8323.0,8546,4,,RANGAMATI/Rangamati,1,0.0239
Potato,BD30260014,4819.5,11074.4,4619.0,0.0,5870.0,26383,3,,DHAKA/Dhamrai,1,0.606
Potato,BD30260018,5003.5,1453.1,1641.6,94.3,675.5,8868,2,,DHAKA/Dohar,1,0.79
Potato,BD30260038,2251.7,1870.0,3259.2,84.0,5755.1,13220,4,,DHAKA/Keraniganj,1,0.408
Potato,BD30260062,1454.5,3325.5,3468.5,7123.4,4146.0,19518,4,,DHAKA/Nawabganj,1,0.3727
Potato,BD30260072,2134.7,9847.6,1883.9,2654.6,6887.2,23408,4,,DHAKA/Savar,1,0.4907
Potato,BD30262000,0.0,0.0,0.0,0.0,0.0,0,4,Dhaka Metro,DHAKA/Dhaka Metro,1,
Potato,BD30262500,0.0,0.0,0.0,0.0,0.0,0,4,Dhaka Metro,DHAKA/Dhaka Metro,1,
Potato,BD30290003,2041.5,2658.0,5285.7,0.0,555.9,10541,2,,FARIDPUR/Alfadanga,1,0.6461
Potato,BD30290010,777.2,5387.1,8846.5,0.0,2141.1,17152,2,,FARIDPUR/Bhanga,1,0.5545
Potato,BD30290018,3360.6,12880.4,5542.6,18.1,985.2,22787,2,,FARIDPUR/Boalmari,1,0.7215
Potato,BD30290021,7014.4,0.0,944.6,0.0,0.0,7959,1,,FARIDPUR/Char Bhadrasan,1,0.9407
Potato,BD30290047,15156.5,13246.2,2538.6,0.0,192.7,31134,1,,FARIDPUR/Faridpur,1,0.8679
Potato,BD30290056,1880.6,11794.1,2530.6,487.6,1091.2,17784,1,,FARIDPUR/Madhukhali,1,0.7129
Potato,BD30290062,2983.4,9377.3,18717.8,0.0,1296.5,32375,2,,FARIDPUR/Nagarkanda,1,0.6129
Potato,BD30290084,13033.3,3241.1,4907.6,68.8,38.2,21289,1,,FARIDPUR/Sadarpur,1,0.8499
Potato,BD30330030,1200.0,16700.0,1420.0,1370.0,16350.0,37040,4,,GAZIPUR/Gazipur,1,0.4197
Potato,BD30330032,3432.6,11108.7,2367.6,1146.9,9429.3,27485,3,,GAZIPUR/Kaliakoir,1,0.4996
Potato,BD30330034,611.6,7636.2,620.1,4782.2,5088.0,18738,4,,GAZIPUR/Kaliganj,1,0.4262
Potato,BD30330036,2471.1,17966.1,937.9,3490.5,6589.5,31455,3,,GAZIPUR/Kapasia,1,0.5726
Potato,BD30330086,160.9,23902.7,4927.9,889.0,13767.5,43648,3,,GAZIPUR/Sripur,1,0.5023
Potato,BD30350032,1037.6,7143.3,10248.1,2482.2,11652.8,32564,4,,GOPALGANJ/Gopalganj,1,0.38
Potato,BD30350043,2759.9,6073.3,6775.7,674.0,6662.1,22945,4,,GOPALGANJ/Kasiani,1,0.4856
Potato,BD30350051,24.2,185.6,4478.4,637.5,27136.4,32462,4,,GOPALGANJ/Kotalipara,1,0.0782
Potato,BD30350058,1486.9,2536.9,10226.0,4213.0,5889.1,24352,4,,GOPALGANJ/Muksudpur,1,0.389
Potato,BD30350091,2011.8,784.1,3124.0,91.2,4831.9,10843,4,,GOPALGANJ/Tungipara,1,0.3891
Potato,BD30480002,1555.0,0.0,524.4,2088.4,21336.2,25504,4,,KISHOREGANJ/Ashtagram,1,0.0876
Potato,BD30480006,1262.2,3687.1,4260.8,451.3,4987.5,14649,4,,KISHOREGANJ/Bajitpur,1,0.4391
Potato,BD30480011,5072.9,487.7,1713.6,0.0,33.9,7308,2,,KISHOREGANJ/Bhairab,1,0.8648
Potato,BD30480027,2010.8,2685.9,4380.7,0.0,179.5,9257,2,,KISHOREGANJ/Hossainpur,1,0.686
Potato,BD30480033,1514.1,966.8,930.4,4925.4,28950.3,37287,4,,KISHOREGANJ/Itna,1,0.1002
Potato,BD30480042,98.0,7160.3,3874.1,2110.4,2992.2,16235,3,,KISHOREGANJ/Karimganj,1,0.5042
Potato,BD30480045,243.2,8396.3,5857.4,293.2,2538.9,17329,2,,KISHOREGANJ/Katiadi,1,0.574
Potato,BD30480049,0.0,6331.0,5087.2,151.4,967.4,12537,2,,KISHOREGANJ/Kishoreganj,1,0.6093
Potato,BD30480054,1292.7,1399.2,4478.8,737.6,159.7,8068,2,,KISHOREGANJ/Kuliarchar,1,0.5948
Potato,BD30480059,1426.9,125.9,1368.2,4079.4,12078.6,19079,4,,KISHOREGANJ/Mithamoin,1,0.1587
Potato,BD30480076,197.6,1885.0,2008.4,2321.2,10132.8,16545,4,,KISHOREGANJ/Nikli,1,0.1918
Potato,BD30480079,1304.6,6960.3,6335.4,0.0,343.7,14944,2,,KISHOREGANJ/Pakundia,1,0.6719
Potato,BD30480092,0.0,4014.9,4366.1,654.5,3344.4,12380,3,,KISHOREGANJ/Tarail,1,0.4464
Potato,BD30540040,3039.7,6029.0,9844.8,1746.2,1710.3,22370,2,,MADARIPUR/Kalkini,1,0.5872
Potato,BD30540054,5178.8,3965.9,8326.2,3080.5,2068.5,22620,3,,MADARIPUR/Madaripur,1,0.5805
Potato,BD30540080,1027.8,2997.7,6073.3,1378.2,8346.9,19824,4,,MADARIPUR/Rajoir,1,0.3399
Potato,BD30540087,6681.7,7177.5,7606.7,702.9,96.2,22265,2,,MADARIPUR/Sibchar,1,0.7351
Potato,BD30560010,8432.1,2309.9,4480.9,538.4,1710.7,17472,2,,MANIKGANJ/Daulatpur,1,0.7228
Potato,BD30560022,1228.7,722.8,7596.2,939.6,1105.8,11593,2,,MANIKGANJ/Ghior,1,0.4997
Potato,BD30560028,2325.4,840.1,5140.8,4420.7,120.0,12847,4,,MANIKGANJ/Harirampur,1,0.5022
Potato,BD30560046,7318.5,4740.4,3509.5,1580.1,748.5,17897,2,,MANIKGANJ/Manikganj,1,0.7365
Potato,BD30560070,4871.3,4058.2,1964.3,287.8,345.4,11527,1,,MANIKGANJ/Saturia,1,0.7944
Potato,BD30560078,1919.5,704.0,9431.3,1062.7,46.5,13164,2,,MANIKGANJ/Sibalay,1,0.563
Potato,BD30560082,5501.3,5486.4,3652.7,482.6,2242.1,17365,2,,MANIKGANJ/Singair,1,0.6803
Potato,BD30590024,3280.0,32.4,0.0,40.5,5904.1,9257,4,,MUNSHIGANJ/Gozaria,1,0.358
Potato,BD30590044,565.8,702.8,2108.4,470.5,3591.4,7439,4,,MUNSHIGANJ/Lohajang,1,0.306
Potato,BD30590056,3992.2,1745.8,3363.4,299.1,787.4,10188,2,,MUNSHIGANJ/Munshiganj,1,0.6999
Potato,BD30590074,4224.1,297.6,4744.9,2901.5,2975.9,15144,4,,MUNSHIGANJ/Serajdikhan,1,0.4896
Potato,BD30590084,1483.8,998.7,1669.3,2882.0,7854.2,14888,4,,MUNSHIGANJ/Srinagar,1,0.2481
Potato,BD30590094,1231.2,83.0,2524.7,0.0,4406.1,8245,4,,MUNSHIGANJ/Tongibari,1,0.3105
Potato,BD30670002,3762.8,13.6,238.2,3225.3,5593.2,12833,4,,NARAYANGANJ/Araihazar,1,0.3536
Potato,BD30670004,3867.8,1542.2,2416.4,1344.3,4453.4,13624,4,,NARAYANGANJ/Sonargaon,1,0.4829
Potato,BD30670006,0.0,0.0,0.0,0.0,0.0,0,4,,NARAYANGANJ/Bandar,1,
Potato,BD30670058,0.0,0.0,0.0,0.0,0.0,0,4,,NARAYANGANJ/Narayanganj,1,
Potato,BD30670068,785.5,4175.9,1209.3,1898.7,7125.7,15195,4,,NARAYANGANJ/Rupganj,1,0.3363
Potato,BD30680007,3578.6,3232.5,250.4,898.3,1259.1,9219,3,,NARSINGDI/Belabo,1,0.7018
Potato,BD30680052,8190.4,2433.4,265.6,2103.2,2146.3,15139,3,,NARSINGDI/Manohardi,1,0.7062
Potato,BD30680060,7487.7,1152.0,350.6,2454.2,5250.6,16695,4,,NARSINGDI/Narsingdi,1,0.5436
Potato,BD30680063,1852.0,2272.3,387.5,912.9,998.3,6423,3,,NARSINGDI/Palas,1,0.63
Potato,BD30680064,12123.0,677.8,7.7,3997.3,7024.2,23830,3,,NARSINGDI/Raipura,1,0.5652
Potato,BD30680076,6162.4,2999.3,1408.0,3261.3,2423.0,16254,4,,NARSINGDI/Sibpur,1,0.6102
Potato,BD30820007,2667.2,9108.4,4468.3,220.0,2124.1,18588,2,,RAJBARI/Baliakandi,1,0.6581
Potato,BD30820029,9093.4,35.7,1070.9,0.0,0.0,10200,1,,RAJBARI/Goalanda,1,0.9468
Potato,BD30820073,14406.9,13548.4,4545.0,57.7,707.0,33265,1,,RAJBARI/Pangsha,1,0.8276
Potato,BD30820076,12774.7,5196.1,3518.9,0.0,760.2,22250,1,,RAJBARI/Rajbari,1,0.84
Potato,BD30860014,3857.6,8214.3,1361.5,2972.6,832.0,17238,3,,SHARIATPUR/Bhedarganj,1,0.679
Potato,BD30860025,843.7,2058.0,1774.1,1939.7,796.4,7412,4,,SHARIATPUR/Damudya,1,0.508
Potato,BD30860036,1533.5,7067.1,2455.8,1876.7,589.8,13523,2,,SHARIATPUR/Goshairhat,1,0.65
Potato,BD30860065,2002.5,3953.5,5408.6,3412.6,701.8,15479,3,,SHARIATPUR/Naria,1,0.5525
Potato,BD30860069,1326.1,4034.9,4425.9,1059.7,351.4,11198,2,,SHARIATPUR/Palong (Sadar),1,0.6232
Potato,BD30860094,7193.9,5113.9,3700.9,566.6,444.7,17020,1,,SHARIATPUR/Janjira,1,0.7784
Potato,BD30930009,492.0,3697.3,7349.8,0.0,1557.9,13097,2,,TANGAIL/Basail,1,0.544
Potato,BD30930019,10406.0,4085.1,2001.2,34.5,400.2,16927,1,,TANGAIL/Bhuapur,1,0.8673
Potato,BD30930023,4010.5,5407.6,4401.4,0.0,195.5,14015,2,,TANGAIL/Delduar,1,0.7519
Potato,BD30930028,7158.6,21728.3,10636.1,464.2,952.9,40940,2,,TANGAIL/Ghatail,1,0.7316
Potato,BD30930038,1363.2,5817.5,9328.7,0.0,557.7,17067,2,,TANGAIL/Gopalpur,1,0.6259
Potato,BD30930047,9412.1,3249.8,9418.9,20.7,688.5,22790,2,,TANGAIL/Kalihati,1,0.7339
Potato,BD30930057,8150.5,15270.0,18191.1,0.0,1165.4,42777,2,,TANGAIL/Madhupur,1,0.6887
Potato,BD30930066,29.9,18173.4,9815.0,0.0,2397.7,30416,2,,TANGAIL/Mirzapur,1,0.6403
Potato,BD30930076,11177.5,5312.5,2592.5,0.0,375.4,19458,1,,TANGAIL/Nagarpur,1,0.8595
Potato,BD30930085,602.0,27944.4,10268.0,158.9,1956.6,40930,3,,TANGAIL/Shakhipur,1,0.6871
Potato,BD30930095,13968.0,3366.0,5457.7,0.0,245.3,23037,1,,TANGAIL/Tangail,1,0.8417
Potato,BD40010008,0.0,1924.0,9649.9,3523.3,2320.8,17418,3,,BAGERHAT/Bagerhat,1,0.4058
Potato,BD40010014,1678.6,543.4,5618.1,349.3,6122.6,14312,4,,BAGERHAT/Chitalmari,1,0.3488
Potato,BD40010034,0.0,1480.0,5157.6,1352.0,2086.4,10076,3,,BAGERHAT/Fakirhat,1,0.4003
Potato,BD40010038,0.0,843.1,7152.0,200.1,335.8,8531,2,,BAGERHAT/Kachua,1,0.5029
Potato,BD40010056,2880.9,1897.1,203.8,7.0,10940.2,15929,4,,BAGERHAT/Mollahat,1,0.2826
Potato,BD40010058,0.0,0.0,0.0,1357.7,13065.3,14423,4,,BAGERHAT/Mongla,1,0.0188
Potato,BD40010060,0.0,7027.6,4760.6,15919.9,5469.9,33178,4,,BAGERHAT/Morelganj,1,0.3372
Potato,BD40010073,0.0,0.0,7186.7,6453.7,10801.6,24442,4,,BAGERHAT/Rampal,1,0.1998
Potato,BD40010077,0.0,2367.0,57.7,5751.6,1789.7,9966,4,,BAGERHAT/Sarankhola,1,0.3083
Potato,BD40180007,14715.5,10905.8,50.9,0.0,1955.8,27628,1,,CHUADANGA/Alamdanga,1,0.8493
Potato,BD40180023,12158.9,8938.9,0.0,0.0,2030.2,23128,1,,CHUADANGA/Chuadanga,1,0.8349
Potato,BD40180031,11309.9,10893.4,0.0,0.0,3780.7,25984,1,,CHUADANGA/Damurhuda,1,0.7707
Potato,BD40180055,5424.7,8313.4,0.0,0.0,2160.9,15899,1,,CHUADANGA/Jibannagar,1,0.7595
Potato,BD40410004,184.1,8194.6,1315.3,0.0,7069.9,16764,4,,JESSORE/Abhoynagar,1,0.4413
Potato,BD40410009,374.7,15495.2,0.0,0.0,3004.1,18874,1,,JESSORE/Bagherpara,1,0.6766
Potato,BD40410011,6718.8,12481.3,0.0,0.0,3383.9,22584,1,,JESSORE/Chaugachha,1,0.7396
Potato,BD40410023,12118.5,9497.5,259.2,0.0,2505.8,24381,1,,JESSORE/Jhikorgachha,1,0.814
Potato,BD40410038,3067.9,10962.3,70.6,834.4,3863.8,18799,3,,JESSORE/Keshabpur,1,0.6405
Potato,BD40410047,137.2,27652.8,0.0,0.0,3772.1,31562,1,,JESSORE/Jessore,1,0.7053
Potato,BD40410061,6739.1,18148.4,202.2,0.0,7406.3,32496,1,,JESSORE/Manirampur,1,0.6573
Potato,BD40410090,7534.2,13816.9,0.0,0.0,6547.9,27899,3,,JESSORE/Sarsa,1,0.6663
Potato,BD40440014,7825.1,10014.4,0.0,0.0,50.6,17890,1,,JHENAIDAH/Harinakundu,1,0.8852
Potato,BD40440019,2842.2,27664.0,0.0,0.0,5549.8,36056,1,,JHENAIDAH/Jhenaidah,1,0.6926
Potato,BD40440033,9221.8,13975.9,0.0,0.0,2260.3,25458,1,,JHENAIDAH/Kaliganj,1,0.8014
Potato,BD40440042,4248.2,6486.6,0.0,0.0,1156.2,11891,1,,JHENAIDAH/Kotchandpur,1,0.7937
Potato,BD40440071,3963.2,22792.4,0.0,0.0,7178.3,33934,1,,JHENAIDAH/Maheshpur,1,0.6541
Potato,BD40440080,17055.5,8756.7,967.2,0.0,3285.6,30065,1,,JHENAIDAH/Sailkupa,1,0.8164
Potato,BD40470012,0.0,518.4,11004.1,2458.5,3910.0,17891,3,,KHULNA/Batiaghata,1,0.3582
Potato,BD40470017,0.0,0.0,1116.2,0.0,21428.8,22545,4,,KHULNA/Dacope,1,0.0248
Potato,BD40470030,775.0,8869.1,4847.7,3648.6,18425.6,36566,4,,KHULNA/Dumuria,1,0.3015
Potato,BD40470040,1545.7,697.3,336.0,0.0,1823.0,4402,4,,KHULNA/Dighalia (Daulathpur),1,0.516
Potato,BD40470053,0.0,0.0,74.3,16.5,21054.1,21145,4,,KHULNA/Koyra,1,0.0019
Potato,BD40470064,1685.5,3245.2,863.7,0.0,26313.6,32108,4,,KHULNA/Paikgachha,1,0.1468
Potato,BD40470069,1849.1,1374.8,391.8,0.0,1182.3,4798,3,,KHULNA/Phultala,1,0.6554
Potato,BD40470075,680.4,1467.0,1304.7,330.9,1648.0,5431,4,,KHULNA/Rupsha,1,0.4737
Potato,BD40470094,1284.5,1451.1,763.7,76.4,12421.3,15997,4,,KHULNA/Terakhada,1,0.1777
Potato,BD40473300,0.0,2080.0,40.0,0.0,0.0,2120,1,,KHULNA/Khulna Metro,1,0.7943
Potato,BD40500015,4889.2,4496.0,412.9,0.0,235.9,10034,1,,KUSHTIA/Bheramara,1,0.8663
Potato,BD40500039,16992.4,11935.4,469.1,0.0,2456.1,31853,1,,KUSHTIA/Daulatpur,1,0.8406
Potato,BD40500063,1175.9,3924.7,1844.8,0.0,580.6,7526,2,,KUSHTIA/Khoksha,1,0.696
Potato,BD40500071,4540.3,9054.0,1694.0,58.4,1152.3,16499,1,,KUSHTIA/Kumarkhali,1,0.7662
Potato,BD40500079,2313.3,14873.3,201.5,48.6,5856.2,23293,3,,KUSHTIA/Kushtia,1,0.6149
Potato,BD40500094,11045.0,11323.8,66.0,0.0,3750.1,26185,1,,KUSHTIA/Mirpur,1,0.769
Potato,BD40550057,3677.6,20665.2,749.0,0.0,7400.2,32492,1,,MAGURA/Magura,1,0.6335
Potato,BD40550066,1645.5,7882.4,6449.9,646.5,1160.7,17785,2,,MAGURA/Mohammadpur,1,0.6357
Potato,BD40550085,1367.5,12994.7,0.0,0.0,4434.8,18797,3,,MAGURA/Salikha,1,0.6258
Potato,BD40550095,3867.6,6649.7,906.8,0.0,2163.9,13588,3,,MAGURA/Sripur,1,0.7095
Potato,BD40570047,15500.0,9649.8,122.0,0.0,3824.1,29096,1,,MEHERPUR/Gangni,1,0.8001
Potato,BD40570087,15193.1,11027.5,0.0,0.0,4262.5,30483,1,,MEHERPUR/Meherpur,1,0.7878
Potato,BD40650028,872.8,2158.1,2301.0,0.0,19558.1,24890,4,,NARAIL/Kalia,1,0.1507
Potato,BD40650052,2234.9,10093.6,6116.4,279.4,3947.8,22672,3,,NARAIL/Lohagara,1,0.5921
Potato,BD40650076,58.0,13675.7,1681.3,0.0,11814.0,27229,3,,NARAIL/Narail,1,0.4348
Potato,BD40870004,0.0,6868.9,5495.1,2810.0,18745.9,33920,4,,SATKHIRA/Asasuni,1,0.2596
Potato,BD40870025,0.0,262.3,4623.6,1828.1,7869.9,14584,4,,SATKHIRA/Debhata,1,0.198
Potato,BD40870043,7840.8,8080.4,958.5,0.0,13.3,16893,1,,SATKHIRA/Kalaroa,1,0.8752
Potato,BD40870047,0.0,56.4,3505.3,10216.7,12203.6,25982,4,,SATKHIRA/Kaliganj,1,0.1478
Potato,BD40870082,617.8,16482.6,6355.8,1803.8,1818.0,27078,3,,SATKHIRA/Satkhira,1,0.6405
Potato,BD40870086,0.0,0.0,0.0,891.4,35746.6,36638,4,,SATKHIRA/Shyamnagar,1,0.0049
Potato,BD40870090,10730.8,8363.6,5085.4,134.4,2441.9,26756,1,,SATKHIRA/Tala,1,0.7472
Potato,BD45390007,16032.9,641.1,314.0,0.0,1426.0,18414,1,,JAMALPUR/Bakshiganj,1,0.9071
Potato,BD45390015,16499.8,3137.4,3069.7,0.0,0.0,22707,1,,JAMALPUR/Dewanganj,1,0.9048
Potato,BD45390029,17059.7,6579.2,2839.4,0.0,7.7,26486,1,,JAMALPUR/Islampur,1,0.8964
Potato,BD45390036,14235.1,12427.8,10791.6,215.7,4603.7,42274,2,,JAMALPUR/Jamalpur,1,0.7006
Potato,BD45390058,15904.5,3779.3,2423.3,26.2,43.7,22177,1,,JAMALPUR/Madarganj,1,0.9084
Potato,BD45390061,6792.0,9433.8,3814.2,15.6,492.4,20548,1,,JAMALPUR/Melandaha,1,0.7908
Potato,BD45390085,12815.3,6088.8,2000.4,167.4,486.2,21558,1,,JAMALPUR/Sarishabari,1,0.8684
Potato,BD45610013,0.0,15549.4,11360.2,1664.7,15439.7,44014,4,,MYMENSINGH/Bhaluka,1,0.4192
Potato,BD45610016,1872.5,15313.6,7.9,0.0,5816.0,23010,3,,MYMENSINGH/Dhobaura,1,0.614
Potato,BD45610020,866.6,22259.7,8456.7,286.3,2684.8,34554,3,,MYMENSINGH/Phulbaria,1,0.6645
Potato,BD45610022,1470.7,14164.4,15397.4,0.0,928.5,31961,2,,MYMENSINGH/Gafargaon,1,0.6414
Potato,BD45610023,6323.6,11998.8,2753.0,0.0,1841.6,22917,1,,MYMENSINGH/Gouripur,1,0.7549
Potato,BD45610024,7606.1,17579.8,0.0,0.0,5850.1,31036,1,,MYMENSINGH/Haluaghat,1,0.6982
Potato,BD45610031,10619.4,11239.0,1585.0,0.0,763.7,24207,1,,MYMENSINGH/Ishwarganj,1,0.8429
Potato,BD45610052,8379.4,18199.0,3073.0,0.0,600.7,30252,1,,MYMENSINGH/Mymensingh,1,0.809
Potato,BD45610065,95.7,18666.1,4099.8,14.7,2384.8,25261,1,,MYMENSINGH/Muktagachha,1,0.6762
Potato,BD45610072,4441.8,16256.1,3922.8,0.0,2526.2,27147,2,,MYMENSINGH/Nandail,1,0.7149
Potato,BD45610081,6745.9,29125.6,7692.4,0.0,3259.1,46823,1,,MYMENSINGH/Phulpur,1,0.7238
Potato,BD45610094,266.4,16400.8,9764.4,22.8,1689.6,28144,2,,MYMENSINGH/Trisal,1,0.6493
Potato,BD45720004,81.8,8524.7,4868.0,0.0,2623.5,16098,2,,NETRAKONA/Atpara,1,0.5799
Potato,BD45720009,87.5,9286.6,3795.8,0.0,6199.0,19369,4,,NETRAKONA/Barhatta,1,0.4861
Potato,BD45720018,2312.3,14044.1,0.0,0.0,7853.6,24210,3,,NETRAKONA/Durgapur,1,0.5596
Potato,BD45720038,1022.8,19.7,229.5,0.0,19079.1,20351,4,,NETRAKONA/Khaliajuri,1,0.0567
Potato,BD45720040,1520.3,6815.8,1426.4,25.6,24905.9,34694,4,,NETRAKONA/Kalmakanda,1,0.2217
Potato,BD45720047,375.8,15294.3,2795.2,0.0,6084.8,24550,3,,NETRAKONA/Kendua,1,0.5706
Potato,BD45720056,470.5,1912.2,5167.4,0.0,12338.0,19888,4,,NETRAKONA/Madan,1,0.2305
Potato,BD45720063,1302.0,4971.8,3395.8,0.0,11641.5,21311,4,,NETRAKONA/Mohanganj,1,0.3274
Potato,BD45720074,0.0,18024.3,2973.2,0.0,5584.5,26582,3,,NETRAKONA/Netrakona,1,0.5984
Potato,BD45720083,0.0,19560.9,2960.5,0.0,2491.7,25013,1,,NETRAKONA/Purbadhala,1,0.6848
Potato,BD45890037,9323.6,6160.3,1533.5,0.0,2304.6,19322,1,,SHERPUR/Jhenaigati,1,0.7773
Potato,BD45890067,4986.9,5742.3,1734.3,0.0,2967.5,15431,2,,SHERPUR/Nakla,1,0.6771
Potato,BD45890070,11311.3,13839.3,17.3,0.0,5470.1,30638,1,,SHERPUR/Nalitabari,1,0.7308
Potato,BD45890088,20822.3,7273.2,1693.6,0.0,3034.8,32824,1,,SHERPUR/Sherpur,1,0.8374
Potato,BD45890090,11210.9,4722.1,2691.3,0.0,3995.6,22620,2,,SHERPUR/Sribardi,1,0.7221
Potato,BD50100006,0.0,5778.6,5620.4,0.0,3217.0,14616,3,,BOGRA/Adamdighi,1,0.5086
Potato,BD50100020,1979.7,13612.5,15808.1,0.0,1473.6,32874,2,,BOGRA/Bogra,1,0.6319
Potato,BD50100027,97.1,2314.8,16203.3,7.5,1493.4,20116,2,,BOGRA/Dhunot,1,0.4997
Potato,BD50100033,15.8,6777.9,7384.8,0.0,165.5,14344,2,,BOGRA/Dhubchachia,1,0.6365
Potato,BD50100040,0.0,5584.3,12154.5,0.0,1296.1,19035,2,,BOGRA/Gabtali,1,0.554
Potato,BD50100054,581.5,12362.6,8363.9,0.0,8.0,21316,2,,BOGRA/Kahalu,1,0.6874
Potato,BD50100067,0.0,5991.6,14967.0,0.0,3289.4,24248,2,,BOGRA/Nandigram,1,0.5063
Potato,BD50100081,253.1,8137.8,15490.9,0.0,215.2,24097,2,,BOGRA/Shariakandi,1,0.6021
Potato,BD50100088,529.6,6620.1,15888.4,0.0,2341.9,25380,2,,BOGRA/Sherpur,1,0.5425
Potato,BD50100094,2327.2,3302.6,20537.6,0.0,322.6,26490,2,,BOGRA/Shibganj,1,0.5752
Potato,BD50100095,0.0,1456.3,8994.8,0.0,700.9,11152,2,,BOGRA/Sonatala,1,0.5078
Potato,BD50380013,0.0,8574.3,1589.0,0.0,2274.7,12438,3,,JOYPURHAT/Akkelpur,1,0.6154
Potato,BD50380047,2673.4,14640.6,2317.5,0.0,1091.5,20723,1,,JOYPURHAT/Joypurhat,1,0.7501
Potato,BD50380058,0.0,9408.9,4835.1,0.0,0.0,14244,3,,JOYPURHAT/Kalai,1,0.6982
Potato,BD50380061,0.0,8792.2,4562.5,0.0,71.3,13426,3,,JOYPURHAT/Khetlal,1,0.6938
Potato,BD50380074,7580.7,17578.3,660.0,0.0,330.0,26149,1,,JOYPURHAT/Panchbibi,1,0.8403
Potato,BD50640003,362.7,3387.8,4095.4,8102.4,8376.6,24325,4,,NAOGAON/Atrai,1,0.2771
Potato,BD50640006,0.0,16050.0,1284.0,0.0,214.0,17548,1,,NAOGAON/Badalgachhi,1,0.7683
Potato,BD50640028,1928.5,23085.1,1114.8,0.0,626.6,26755,1,,NAOGAON/Dhamoirhat,1,0.7832
Potato,BD50640047,0.0,8583.9,19893.4,1113.3,5044.4,34635,2,,NAOGAON/Manda,1,0.4919
Potato,BD50640050,2853.6,21173.2,10160.5,88.4,466.2,34742,3,,NAOGAON/Mohadebpur,1,0.7164
Potato,BD50640060,191.7,13271.4,3940.8,7.7,6248.5,23660,3,,NAOGAON/Naogaon,1,0.5402
Potato,BD50640069,0.0,0.0,37876.7,117.6,744.7,38739,2,,NAOGAON/Niamatpur,1,0.4895
Potato,BD50640075,2628.6,14445.1,11928.4,0.0,3779.0,32781,2,,NAOGAON/Patnitala,1,0.6146
Potato,BD50640079,0.0,0.0,18925.2,584.0,3141.9,22651,2,,NAOGAON/Porsha,1,0.4229
Potato,BD50640085,310.0,13036.8,4922.8,2646.7,1058.7,21975,2,,NAOGAON/Raninagar,1,0.6248
Potato,BD50640086,0.0,0.0,13859.4,712.3,7028.4,21600,3,,NAOGAON/Shapahar,1,0.3274
Potato,BD50690009,1335.9,9844.0,291.1,0.0,0.0,11471,1,,NATOR/Bagatipara,1,0.8157
Potato,BD50690015,28.5,15346.2,4129.9,0.0,5548.3,25053,3,,NATOR/Baraigram,1,0.5736
Potato,BD50690041,1218.4,6078.0,2776.9,0.0,6297.6,16371,4,,NATOR/Gurudashpur,1,0.4563
Potato,BD50690044,1661.9,20153.7,3376.5,483.9,326.1,26002,1,,NATOR/Lalpur,1,0.7526
Potato,BD50690063,1699.8,16270.8,5247.9,4587.3,4127.1,31933,3,,NATOR/Nator,1,0.5718
Potato,BD50690091,296.0,16086.0,7327.1,6535.2,17485.8,47730,4,,NATOR/Shingra,1,0.38
Potato,BD50700018,0.0,2241.9,1701.0,6743.1,0.0,10686,4,,NAWABGANJ/Bholahat,1,0.3736
Potato,BD50700037,0.0,2877.4,16699.3,4101.0,3856.3,27534,2,,NAWABGANJ/Gomastapur,1,0.4166
Potato,BD50700056,0.0,222.1,24609.4,1266.7,32.9,26131,2,,NAWABGANJ/Nachol,1,0.4874
Potato,BD50700066,0.0,4056.9,16922.9,11355.2,1227.0,33562,3,,NAWABGANJ/Nawabganj,1,0.4165
Potato,BD50700088,0.0,16727.2,14655.0,13494.5,8.3,44885,3,,NAWABGANJ/Shibganj,1,0.5215
Potato,BD50760005,1920.8,4770.2,2772.1,2631.4,2469.5,14564,4,,PABNA/Atgharia,1,0.5252
Potato,BD50760016,2048.5,4053.9,4542.7,4168.9,2487.0,17301,4,,PABNA/Bera,1,0.4853
Potato,BD50760019,238.8,3680.1,2494.6,3276.7,773.9,10464,4,,PABNA/Bhangura,1,0.486
Potato,BD50760022,3378.0,7302.1,7484.1,6632.3,793.5,25590,4,,PABNA/Chatmohar,1,0.5583
Potato,BD50760033,136.0,521.2,3247.9,657.1,7794.9,12357,4,,PABNA/Faridpur,1,0.1868
Potato,BD50760039,6832.5,9246.0,2821.7,541.8,380.0,19822,1,,PABNA/Ishwardi,1,0.7945
Potato,BD50760055,9692.6,15503.1,3211.3,4259.4,1039.7,33706,3,,PABNA/Pabna,1,0.7284
Potato,BD50760072,3912.2,5044.3,5329.3,8679.3,5082.8,28048,4,,PABNA/Santhia,1,0.4403
Potato,BD50760083,4566.4,4877.3,5022.4,6134.6,4124.3,24725,4,,PABNA/Sujanagar,1,0.4937
Potato,BD50810010,3660.9,6859.3,1724.7,561.7,297.4,13104,1,,RAJSHAHI/Bagha,1,0.7725
Potato,BD50810012,407.7,5089.3,12814.6,4302.0,5813.3,28427,4,,RAJSHAHI/Bagmara,1,0.4132
Potato,BD50810025,6665.1,5311.4,488.2,192.3,37.0,12694,1,,RAJSHAHI/Charghat,1,0.8821
Potato,BD50810031,1746.4,6067.6,6597.4,1537.4,261.2,16210,2,,RAJSHAHI/Durgapur,1,0.6297
Potato,BD50810034,0.0,1051.3,35367.3,5352.8,455.6,42227,2,,RAJSHAHI/Godagari,1,0.464
Potato,BD50810053,0.0,116.7,8629.6,2137.3,2261.3,13145,3,,RAJSHAHI/Mohanpur,1,0.3679
Potato,BD50810072,0.0,7520.4,9303.4,2480.4,435.8,19740,2,,RAJSHAHI/Paba,1,0.5656
Potato,BD50810082,3183.2,10585.6,1561.6,0.0,585.6,15916,1,,RAJSHAHI/Puthia,1,0.7811
Potato,BD50810094,0.0,0.0,24093.2,868.3,993.5,25955,2,,RAJSHAHI/Tanor,1,0.4708
Potato,BD50816600,0.0,0.0,0.0,0.0,0.0,0,4,,RAJSHAHI/Boalia (Rajshahi),1,
Potato,BD50880011,448.0,3763.0,5306.8,261.9,303.2,10083,2,,SIRAJGANJ/Belkuchi,1,0.6113
Potato,BD50880027,42.1,2113.3,6964.8,168.5,3798.3,13087,3,,SIRAJGANJ/Chauhali,1,0.4011
Potato,BD50880044,721.1,1111.1,5636.4,161.9,51.5,7682,2,,SIRAJGANJ/Kamarkhanda,1,0.5807
Potato,BD50880050,3009.4,6159.5,10764.5,52.8,1143.9,21130,2,,SIRAJGANJ/Kazipur,1,0.6308
Potato,BD50880061,140.9,1847.9,19661.8,0.0,78.3,21729,2,,SIRAJGANJ/Raiganj,1,0.527
Potato,BD50880067,13.9,1118.6,18926.2,875.4,2292.8,23227,2,,SIRAJGANJ/Shahzadpur,1,0.4541
Potato,BD50880078,2614.4,7530.7,12355.6,53.4,122.0,22676,2,,SIRAJGANJ/Sirajganj,1,0.6539
Potato,BD50880089,24.4,7765.6,7936.2,4077.8,7002.1,26806,4,,SIRAJGANJ/Taras,1,0.4111
Potato,BD50880094,815.5,3067.7,26700.8,3828.8,691.2,35104,2,,SIRAJGANJ/Ullapara,1,0.4953
Potato,BD55270010,2616.2,15265.7,257.0,0.0,771.1,18910,1,,DINAJPUR/Birampur,1,0.791
Potato,BD55270012,21498.0,8043.5,7031.0,0.0,121.5,36694,1,,DINAJPUR/Birganj,1,0.857
Potato,BD55270017,8838.8,11381.4,10619.4,0.0,136.4,30976,2,,DINAJPUR/Biral,1,0.7507
Potato,BD55270021,10206.1,4055.6,5162.4,189.7,237.2,19851,1,,DINAJPUR/Bochaganj,1,0.8095
Potato,BD55270030,10602.0,8784.1,7906.5,0.0,313.4,27606,2,,DINAJPUR/Chirirbandar,1,0.7818
Potato,BD55270038,5449.7,14972.1,0.0,0.0,283.2,20705,1,,DINAJPUR/Fulbari,1,0.8417
Potato,BD55270043,80.7,8924.7,3534.4,0.0,484.2,13024,3,,DINAJPUR/Ghoraghat,1,0.6901
Potato,BD55270047,375.9,7518.3,0.0,0.0,1063.8,8958,1,,DINAJPUR/Hakimpur,1,0.7134
Potato,BD55270056,8814.3,4646.3,4061.7,0.0,98.7,17621,1,,DINAJPUR/Kaharol,1,0.8264
Potato,BD55270060,12292.4,524.9,1946.7,0.0,0.0,14764,1,,DINAJPUR/Khansama,1,0.927
Potato,BD55270064,6074.0,15744.3,7456.6,0.0,0.0,29275,1,,DINAJPUR/Dinajpur,1,0.7651
Potato,BD55270069,2100.5,18235.8,6279.7,0.0,327.1,26943,3,,DINAJPUR/Nawabganj,1,0.736
Potato,BD55270077,7510.9,19125.6,8437.3,229.7,1079.5,36383,1,,DINAJPUR/Parbatipur,1,0.7442
Potato,BD55320021,304.2,11327.6,8705.9,563.7,1771.6,22673,2,,GAIBANDHA/Phulchhari,1,0.6101
Potato,BD55320024,80.7,1759.0,24545.5,0.0,790.8,27176,2,,GAIBANDHA/Gaibandha,1,0.5064
Potato,BD55320030,4077.5,14524.6,19593.9,146.9,22.0,38365,2,,GAIBANDHA/Gobindaganj,1,0.6653
Potato,BD55320067,3239.4,1600.7,10348.0,53.1,371.7,15613,2,,GAIBANDHA/Palashbari,1,0.6216
Potato,BD55320082,4405.2,2056.8,13365.2,55.2,220.7,20103,2,,GAIBANDHA/Sadullapur,1,0.6339
Potato,BD55320088,23.2,1981.5,15604.6,727.6,0.0,18337,2,,GAIBANDHA/Shaghata,1,0.5211
Potato,BD55320091,2913.9,3529.4,25251.2,0.0,950.5,32645,2,,GAIBANDHA/Sundarganj,1,0.5625
Potato,BD55490006,11076.2,4074.9,4374.5,0.0,469.4,19995,1,,KURIGRAM/Bhurungamari,1,0.8264
Potato,BD55490008,236.5,7209.5,1725.7,0.0,6.4,9178,1,,KURIGRAM/Rajibpur (Dhushmara),1,0.7482
Potato,BD55490009,45.4,2721.3,4172.7,0.0,3503.7,10443,4,,KURIGRAM/Chilmari,1,0.4126
Potato,BD55490018,3777.7,1968.7,7688.5,0.0,124.2,13559,2,,KURIGRAM/Phulbari,1,0.6783
Potato,BD55490052,2075.8,2522.4,15837.3,0.0,810.5,21246,2,,KURIGRAM/Kurigram,1,0.5654
Potato,BD55490061,7600.1,5242.1,19118.3,0.0,2938.5,34899,2,,KURIGRAM/Nageshwari,1,0.6119
Potato,BD55490077,1269.9,1553.7,10719.2,0.0,687.2,14230,2,,KURIGRAM/Rajarhat,1,0.5532
Potato,BD55490079,3336.9,1492.1,12113.0,0.0,0.0,16942,2,,KURIGRAM/Ruhumari,1,0.6249
Potato,BD55490094,1169.7,6202.5,19391.5,0.0,202.3,26966,2,,KURIGRAM/Ulipur,1,0.5869
Potato,BD55520002,3131.5,35.0,13374.5,17.5,603.6,17162,2,,LALMONIRHAT/Aditmari,1,0.574
Potato,BD55520033,13340.3,1016.2,5794.5,0.0,0.0,20151,2,,LALMONIRHAT/Hatibanda,1,0.8461
Potato,BD55520039,11413.2,969.8,8252.4,0.0,610.6,21246,2,,LALMONIRHAT/Kaliganj,1,0.7679
Potato,BD55520055,8300.6,3563.4,8790.3,0.0,582.6,21237,2,,LALMONIRHAT/Lalmonirhat,1,0.732
Potato,BD55520070,8157.8,19.9,14010.3,0.0,0.0,22188,2,,LALMONIRHAT/Patgram,1,0.6841
Potato,BD55730012,13617.9,766.0,12537.0,0.0,1166.0,28087,2,,NILPHAMARI/Dimla,1,0.7298
Potato,BD55730015,8797.4,0.0,12063.6,0.0,0.0,20861,2,,NILPHAMARI/Domar,1,0.7109
Potato,BD55730036,13139.3,121.8,10667.6,0.0,1318.2,25247,2,,NILPHAMARI/Jaldhaka,1,0.7356
Potato,BD55730045,13849.6,108.9,9685.5,0.0,67.0,23711,2,,NILPHAMARI/Kishorganj,1,0.792
Potato,BD55730064,12353.1,0.0,20217.9,0.0,138.0,32709,2,,NILPHAMARI/Nilphamari,1,0.6867
Potato,BD55730085,960.3,3521.1,5655.1,0.0,139.5,10276,2,,NILPHAMARI/Saidpur,1,0.6427
Potato,BD55770004,18038.0,1398.4,722.6,0.0,0.0,20159,1,,PANCHAGARH/Atwari,1,0.9682
Potato,BD55770025,19482.1,5511.7,1411.7,0.0,67.5,26473,1,,PANCHAGARH/Boda,1,0.9291
Potato,BD55770034,16458.6,1784.8,5786.1,0.0,21.6,24051,2,,PANCHAGARH/Debiganj,1,0.864
Potato,BD55770073,24136.6,6911.4,0.0,0.0,0.0,31048,1,,PANCHAGARH/Panchagar,1,0.9555
Potato,BD55770090,15682.1,972.0,0.0,0.0,101.8,16756,1,,PANCHAGARH/Tetulia,1,0.9823
Potato,BD55850003,7430.2,11597.6,8229.8,0.0,32.3,27290,2,,RANGPUR/Badarganj,1,0.763
Potato,BD55850027,10709.0,448.1,6766.0,0.0,17.9,17941,2,,RANGPUR/Gangachara,1,0.8054
Potato,BD55850042,4225.4,233.0,8193.7,0.0,0.0,12652,2,,RANGPUR/Kaunia,1,0.6725
Potato,BD55850049,12684.1,222.4,13819.1,0.0,38.3,26764,2,,RANGPUR/Rangpur,1,0.7387
Potato,BD55850058,9906.6,12326.3,22162.2,0.0,227.8,44623,2,,RANGPUR/Mithapukur,1,0.6913
Potato,BD55850073,5024.8,348.4,17513.2,0.0,193.6,23080,2,,RANGPUR/Pirgachha,1,0.6092
Potato,BD55850076,7230.3,16069.9,12827.9,0.0,209.9,36338,2,,RANGPUR/Pirganj,1,0.7293
Potato,BD55850092,3193.8,1577.7,6678.6,0.0,46.0,11496,2,,RANGPUR/Taraganj,1,0.6781
Potato,BD55940008,18668.5,6896.5,0.0,0.0,0.0,25565,1,,THAKURGAON/Baliadangi,1,0.946
Potato,BD55940051,7635.2,2502.2,7524.9,0.0,404.8,18067,2,,THAKURGAON/Haripur,1,0.7416
Potato,BD55940082,14084.5,9032.3,3583.0,3523.0,427.3,30650,2,,THAKURGAON/Pirganj,1,0.7767
Potato,BD55940086,17653.5,7906.4,1484.0,0.0,308.1,27352,1,,THAKURGAON/Ranisonkail,1,0.9038
Potato,BD55940094,46872.9,9658.6,3718.1,33.4,0.0,60283,1,,THAKURGAON/Thakurgaon,1,0.9367
Potato,BD60360002,56.5,0.0,3685.9,91.8,12116.8,15951,4,,HABIGANJ/Ajmiriganj,1,0.1202
Potato,BD60360005,6573.2,1881.7,6839.6,4201.7,2809.7,22306,4,,HABIGANJ/Bahubal,1,0.5532
Potato,BD60360011,16.4,959.4,8528.0,32.8,33718.4,43255,4,,HABIGANJ/Baniyachang,1,0.1169
Potato,BD60360026,12029.4,169.4,1077.7,5362.9,9468.6,28108,4,,HABIGANJ/Chunarughat,1,0.4901
Potato,BD60360044,4564.1,3716.8,4699.9,0.0,8984.2,21965,4,,HABIGANJ/Habiganj,1,0.4501
Potato,BD60360068,92.6,1229.0,4663.4,286.2,10841.9,17113,4,,HABIGANJ/Lakhai,1,0.2025
Potato,BD60360071,8386.9,1607.6,12988.7,17.0,2381.7,25382,2,,HABIGANJ/Madhabpur,1,0.6371
Potato,BD60360077,0.0,8333.2,13483.9,1821.9,12546.0,36185,4,,HABIGANJ/Nabiganj,1,0.3806
Potato,BD60580014,7245.5,13869.7,2182.9,0.0,15993.9,39292,4,,MOULVI BAZAR/Barlekha,1,0.4946
Potato,BD60580056,27.7,11930.0,6814.0,0.0,11808.3,30580,4,,MOULVI BAZAR/Kamalganj,1,0.4244
Potato,BD60580065,2000.4,25365.2,4064.7,0.0,12269.7,43700,3,,MOULVI BAZAR/Kulaura,1,0.5566
Potato,BD60580074,135.6,9258.0,8873.9,90.4,8821.1,27179,3,,MOULVI BAZAR/Moulvi Bazar,1,0.4414
Potato,BD60580080,2782.3,5830.2,2543.3,0.0,11886.2,23042,4,,MOULVI BAZAR/Rajnagar,1,0.3784
Potato,BD60580083,632.8,12799.7,3868.7,841.0,14489.8,32632,4,,MOULVI BAZAR/Srimangal,1,0.3976
Potato,BD60900018,1984.1,2343.3,7277.8,0.0,6071.9,17677,3,,SUNAMGANJ/Bishambarpur,1,0.4241
Potato,BD60900023,202.5,9277.2,13662.6,358.3,11528.3,35029,4,,SUNAMGANJ/Chhatak,1,0.4147
Potato,BD60900029,0.0,3103.3,5584.4,0.0,28593.3,37281,4,,SUNAMGANJ/Dirai,1,0.1415
Potato,BD60900032,8.3,4730.1,7281.6,4589.3,22664.8,39274,4,,SUNAMGANJ/Dharmapasha,1,0.2126
Potato,BD60900033,8294.4,4755.7,8449.8,3426.5,5204.5,30131,4,,SUNAMGANJ/Dwarabazar,1,0.5645
Potato,BD60900047,0.0,7045.9,8807.3,0.0,16277.8,32131,4,,SUNAMGANJ/Jagannathpur,1,0.3125
Potato,BD60900050,0.0,299.0,3737.0,0.0,24509.0,28545,4,,SUNAMGANJ/Jamalganj,1,0.0738
Potato,BD60900086,179.3,194.8,2751.2,7.8,19164.9,22298,4,,SUNAMGANJ/Sulla,1,0.0768
Potato,BD60900089,440.0,1874.9,20126.8,1128.8,28688.4,52259,4,,SUNAMGANJ/Sunamganj,1,0.234
Potato,BD60900092,548.8,4565.7,4441.3,3014.6,10104.6,22675,4,,SUNAMGANJ/Tahirpur,1,0.3098
Potato,BD60910008,384.1,9928.7,6247.1,0.0,14458.2,31018,4,,SYLHET/Balaganj,1,0.3692
Potato,BD60910017,461.4,8800.0,3423.7,0.0,5362.9,18048,4,,SYLHET/Beani Bazar,1,0.5105
Potato,BD60910020,28.9,10398.9,4240.6,0.0,2098.6,16767,3,,SYLHET/Bishwanath,1,0.6243
Potato,BD60910027,1192.0,5861.5,1924.7,0.0,19585.8,28564,4,,SYLHET/Companiganj,1,0.2396
Potato,BD60910035,258.6,2978.3,807.3,0.0,4592.8,8637,4,,SYLHET/Fenchuganj,1,0.3525
Potato,BD60910038,1788.0,9003.8,1724.1,0.0,3661.1,16177,2,,SYLHET/Golapganj,1,0.6091
Potato,BD60910041,9416.1,6944.8,2590.4,0.0,25620.7,44572,4,,SYLHET/Gowainghat,1,0.365
Potato,BD60910053,3309.2,4988.5,889.0,0.0,7853.2,17040,4,,SYLHET/Jaintapur,1,0.4545
Potato,BD60910059,1255.9,12345.6,1836.1,0.0,14475.5,29913,4,,SYLHET/Kanaighat,1,0.4028
Potato,BD60910062,5175.7,14738.5,4575.9,0.0,12298.9,36789,3,,SYLHET/Sylhet,1,0.5234
Potato,BD60910094,217.7,9201.0,2149.2,0.0,7712.0,19280,4,,SYLHET/Zakiganj,1,0.4488
Sugarcane,BD10040009,0.0,0.0,8.1,3948.4,40213.5,44170,4,,BARGUNA/Amtali,1,0.018
Sugarcane,BD10040019,0.0,0.0,2310.2,4884.0,7.8,7202,4,,BARGUNA/Bamna,1,0.296
Sugarcane,BD10040028,0.0,0.0,112.4,7630.5,17534.1,25277,4,,BARGUNA/Borguna,1,0.0626
Sugarcane,BD10040047,0.0,0.0,3470.4,4934.5,2886.1,11291,4,,BARGUNA/Betagi,1,0.2411
Sugarcane,BD10040085,0.0,0.0,314.8,4669.6,14638.5,19623,4,,BARGUNA/Patharghata,1,0.0556
Sugarcane,BD10060002,0.0,37.3,1179.1,0.0,11656.6,12873,4,,BARISAL/Agailjhara,1,0.0481
Sugarcane,BD10060003,0.0,6603.1,2784.9,1436.9,0.0,10825,3,,BARISAL/Babuganj,1,0.6432
Sugarcane,BD10060007,0.0,0.0,8527.0,18141.8,4962.2,31631,4,,BARISAL/Bakerganj,1,0.2495
Sugarcane,BD10060010,0.0,451.6,1558.7,772.1,7334.6,10117,4,,BARISAL/Banaripara,1,0.128
Sugarcane,BD10060032,0.0,3657.6,3532.4,283.4,2998.6,10472,3,,BARISAL/Gaurnadi,1,0.4535
Sugarcane,BD10060036,0.0,3132.9,3780.4,10599.8,2140.8,19654,4,,BARISAL/Hizla,1,0.3316
Sugarcane,BD10060051,0.0,5743.9,973.1,12417.9,86.1,19221,4,,BARISAL/Barisal,1,0.3936
Sugarcane,BD10060062,0.0,6824.7,5181.6,12631.8,971.0,25609,4,,BARISAL/Mehendiganj,1,0.413
Sugarcane,BD10060069,0.0,5278.3,3097.5,9924.5,484.6,18785,4,,BARISAL/Muladi,1,0.4129
Sugarcane,BD10060094,0.0,1068.6,2208.0,1082.8,15172.7,19532,4,,BARISAL/Ujirpur,1,0.1114
Sugarcane,BD10090018,0.0,411.8,13413.1,3095.9,6552.1,23473,4,,BHOLA/Bhola,1,0.3261
Sugarcane,BD10090021,0.0,13.5,6369.6,7288.2,4964.6,18636,4,,BHOLA/Burhanuddin,1,0.2497
Sugarcane,BD10090025,0.0,0.0,3181.5,16558.0,24942.5,44682,4,,BHOLA/Char Fasson,1,0.1097
Sugarcane,BD10090029,0.0,0.0,4397.6,0.0,4004.4,8402,4,,BHOLA/Daulatkhan,1,0.2617
Sugarcane,BD10090054,0.0,7.0,14801.6,2229.0,4521.3,21559,3,,BHOLA/Lalmohan,1,0.3642
Sugarcane,BD10090065,0.0,0.0,0.0,0.0,15398.0,15398,4,,BHOLA/Monpura,1,0.0
Sugarcane,BD10090091,0.0,3323.3,4510.7,725.2,1625.8,10185,2,,BHOLA/Tajumuddin,1,0.4967
Sugarcane,BD10420040,0.0,3601.8,980.2,7568.3,3586.6,15737,4,,JHALAKATI/Jhalakati,1,0.3104
Sugarcane,BD10420043,0.0,0.0,1903.8,3031.7,7004.5,11940,4,,JHALAKATI/Kathalia,1,0.1305
Sugarcane,BD10420073,0.0,573.7,3845.8,10837.5,0.0,15257,4,,JHALAKATI/Nalchiti,1,0.2982
Sugarcane,BD10420084,0.0,1356.1,1871.7,6928.8,2281.4,12438,4,,JHALAKATI/Rajapur,1,0.2739
Sugarcane,BD10780038,0.0,0.0,10041.6,25729.9,301.5,36073,4,,PATUAKHALI/Bauphal,1,0.2818
Sugarcane,BD10780052,0.0,0.0,4181.5,8636.7,4044.7,16863,4,,PATUAKHALI/Dashmina,1,0.2264
Sugarcane,BD10780057,0.0,0.0,6411.4,17006.5,36334.2,59752,4,,PATUAKHALI/Galachipa,1,0.1106
Sugarcane,BD10780066,0.0,0.0,0.0,4726.9,30539.1,35266,4,,PATUAKHALI/Kalapara,1,0.0268
Sugarcane,BD10780076,0.0,0.0,1931.3,4890.0,5177.7,11999,4,,PATUAKHALI/Mirzaganj,1,0.162
Sugarcane,BD10780095,0.0,0.0,9805.9,13720.6,6683.4,30210,4,,PATUAKHALI/Patuakhali,1,0.2531
Sugarcane,BD10790014,0.0,0.0,3128.8,4421.7,2864.5,10415,4,,PIROJPUR/Bhandaria,1,0.2351
Sugarcane,BD10790047,0.0,0.0,668.4,12.5,4135.1,4816,4,,PIROJPUR/Kawkhali,1,0.0699
Sugarcane,BD10790058,0.0,0.0,436.8,10274.3,12175.9,22887,4,,PIROJPUR/Mathbaria,1,0.0993
Sugarcane,BD10790076,0.0,1158.9,395.7,1045.8,14069.5,16670,4,,PIROJPUR/Nazirpur,1,0.08
Sugarcane,BD10790080,0.0,390.0,2893.4,2249.4,14766.2,20299,4,,PIROJPUR/Pirojpur,1,0.1088
Sugarcane,BD10790087,0.0,630.1,48.9,0.0,10876.0,11555,4,,PIROJPUR/Sarupkati,1,0.0457
Sugarcane,BD20030004,951.5,181.2,0.0,83.1,22248.1,23464,4,,BANDARBAN/Alikadam,1,0.0474
Sugarcane,BD20030014,0.0,41.3,92.2,101.8,15110.6,15346,4,,BANDARBAN/Bandarban,1,0.0065
Sugarcane,BD20030051,199.4,197.7,172.7,167.4,15726.8,16464,4,,BANDARBAN/Lama,1,0.029
Sugarcane,BD20030073,0.0,145.8,4.8,137.9,7962.6,8251,4,,BANDARBAN/Naikhongchhari,1,0.0178
Sugarcane,BD20030089,0.0,223.9,653.5,8.1,9388.6,10274,4,,BANDARBAN/Rowangchhari,1,0.0494
Sugarcane,BD20030091,0.0,193.8,362.3,0.0,6839.9,7396,4,,BANDARBAN/Ruma,1,0.0455
Sugarcane,BD20030095,14.5,382.2,342.4,0.0,4858.9,5598,4,,BANDARBAN/Thanchi,1,0.0878
Sugarcane,BD20120002,0.0,1502.3,962.8,95.2,6199.7,8760,4,,BRAHMANBARIA/Akhaura,1,0.1943
Sugarcane,BD20120004,0.0,45.4,2843.4,0.0,11676.2,14565,4,,BRAHMANBARIA/Banchharampur,1,0.1001
Sugarcane,BD20120013,0.0,3100.3,2364.0,7634.4,29987.4,43086,4,,BRAHMANBARIA/Brahmanbaria,1,0.1204
Sugarcane,BD20120063,0.0,1230.0,1773.4,5101.3,9410.3,17515,4,,BRAHMANBARIA/Kasba,1,0.1651
Sugarcane,BD20120085,0.0,0.0,1776.9,3448.8,23883.3,29109,4,,BRAHMANBARIA/Nabinagar,1,0.0542
Sugarcane,BD20120090,0.0,0.0,188.9,63.0,25569.1,25821,4,,BRAHMANBARIA/Nasirnagar,1,0.0041
Sugarcane,BD20120094,0.0,8.8,755.6,2943.4,14796.2,18504,4,,BRAHMANBARIA/Sarail,1,0.0526
Sugarcane,BD20130022,87.1,103.4,539.0,4012.7,7758.7,12501,4,,CHANDPUR/Chandpur,1,0.0993
Sugarcane,BD20130045,513.4,5097.6,3666.1,2730.0,3635.9,15643,4,,CHANDPUR/Faridganj,1,0.4456
Sugarcane,BD20130047,641.0,1196.8,0.0,771.0,3989.3,6598,4,,CHANDPUR/Haimchar,1,0.2656
Sugarcane,BD20130049,0.0,0.0,129.0,0.0,13343.0,13472,4,,CHANDPUR/Hajiganj,1,0.0048
Sugarcane,BD20130058,168.4,0.0,1528.8,2821.8,13274.0,17793,4,,CHANDPUR/Kachua,1,0.0841
Sugarcane,BD20130076,0.0,0.0,65.9,705.2,25842.9,26614,4,Matlab,CHANDPUR/Matlab,1,0.0065
Sugarcane,BD20130079,0.0,0.0,65.9,705.2,25842.9,26614,4,Matlab,CHANDPUR/Matlab,1,0.0065
Sugarcane,BD20130095,0.0,0.0,718.4,2064.7,9033.9,11817,4,,CHANDPUR/Shahrasti,1,0.0653
Sugarcane,BD20150004,0.0,709.7,5548.7,615.9,2586.7,9461,4,,CHITTAGONG/Anwara,1,0.3663
Sugarcane,BD20150008,0.0,2757.8,7105.0,2839.3,13327.0,26029,4,,CHITTAGONG/Banskhali,1,0.2431
Sugarcane,BD20150012,0.0,4732.2,2081.9,0.0,178.8,6993,3,,CHITTAGONG/Boalkhali,1,0.6902
Sugarcane,BD20150018,0.0,2370.2,1605.1,130.0,7260.6,11366,4,,CHITTAGONG/Chandanais,1,0.2397
Sugarcane,BD20150033,234.4,12397.9,2070.4,1449.3,7496.0,23648,3,,CHITTAGONG/Fatikchhari,1,0.4854
Sugarcane,BD20150037,0.0,1710.9,3448.1,761.0,6597.0,12517,4,,CHITTAGONG/Hathazari,1,0.2592
Sugarcane,BD20150047,0.0,5.4,660.3,5.4,11837.9,12509,4,,CHITTAGONG/Lohagora,1,0.0268
Sugarcane,BD20150053,0.0,7343.2,5512.6,844.0,9010.1,22710,4,,CHITTAGONG/Mirsharai,1,0.3875
Sugarcane,BD20150061,0.0,3268.4,3964.2,356.8,4399.5,11989,4,,CHITTAGONG/Patia,1,0.3894
Sugarcane,BD20150070,0.0,6548.6,2889.4,1991.4,8121.6,19551,4,,CHITTAGONG/Rangunia,1,0.3622
Sugarcane,BD20150074,0.0,6453.9,5003.6,27.9,2398.6,13884,2,,CHITTAGONG/Rauzan,1,0.5525
Sugarcane,BD20150078,0.0,0.0,3220.9,1232.1,22934.1,27387,4,,CHITTAGONG/Sandwip,1,0.0678
Sugarcane,BD20150082,0.0,1157.9,6745.0,0.0,8534.0,16437,4,,CHITTAGONG/Satkania,1,0.2615
Sugarcane,BD20150086,0.0,1964.3,2569.3,32.3,4711.1,9277,4,,CHITTAGONG/Sitakunda,1,0.3086
Sugarcane,BD20151600,0.0,0.0,0.0,0.0,0.0,0,4,,CHITTAGONG/Patenga; CHITTAGONG/Double Mooring; CHITTAGONG/Panchlais,3,
Sugarcane,BD20190009,0.0,344.2,3563.1,4359.4,10264.3,18531,4,,COMILLA/Barura,1,0.158
Sugarcane,BD20190015,0.0,115.2,422.4,1221.2,8748.2,10507,4,,COMILLA/Brahmanpara,1,0.0521
Sugarcane,BD20190018,0.0,2119.2,4209.7,2262.4,4209.7,12801,4,,COMILLA/Burichang,1,0.3322
Sugarcane,BD20190027,0.0,0.0,1542.5,2147.0,11902.4,15592,4,,COMILLA/Chandina,1,0.077
Sugarcane,BD20190031,0.0,1535.0,6163.2,10937.9,3286.0,21922,4,,COMILLA/Chauddagram,1,0.2964
Sugarcane,BD20190036,0.0,0.0,20.2,0.0,39621.8,39642,4,,COMILLA/Daudkandi,1,0.0003
Sugarcane,BD20190040,0.0,905.7,991.3,8964.3,7901.7,18763,4,,COMILLA/Debiduar,1,0.1606
Sugarcane,BD20190054,0.0,0.0,66.6,0.0,13684.4,13751,4,,COMILLA/Homna,1,0.0024
Sugarcane,BD20190067,0.0,3519.6,2781.9,8445.5,5825.0,20572,4,,COMILLA/Comilla,1,0.2866
Sugarcane,BD20190072,0.0,48.3,5102.2,7784.4,20464.1,33399,4,,COMILLA/Laksham,1,0.1242
Sugarcane,BD20190081,0.0,253.9,2584.3,4220.0,22003.8,29062,4,,COMILLA/Muradnagar,1,0.0805
Sugarcane,BD20190087,0.0,0.0,3743.5,11245.1,4281.4,19270,4,,COMILLA/Nangalkot,1,0.2138
Sugarcane,BD20220016,0.0,2538.1,3584.2,5379.3,25874.3,37376,4,,COX'S BAZAR/Chakaria,1,0.1311
Sugarcane,BD20220024,0.0,1799.7,789.3,2439.0,11240.0,16268,4,,COX'S BAZAR/Cox's Bazar,1,0.1427
Sugarcane,BD20220045,0.0,0.0,67.9,1406.8,5035.3,6510,4,,COX'S BAZAR/Kutubdia,1,0.0484
Sugarcane,BD20220049,0.0,353.5,286.2,2171.8,13311.4,16123,4,,COX'S BAZAR/Moheshkhali,1,0.0534
Sugarcane,BD20220066,0.0,1671.5,908.1,347.3,12127.1,15054,4,,COX'S BAZAR/Ramu,1,0.1236
Sugarcane,BD20220090,0.0,780.2,325.1,463.2,11491.5,13060,4,,COX'S BAZAR/Teknaf,1,0.0673
Sugarcane,BD20220094,0.0,313.8,288.9,96.3,7556.0,8255,4,,COX'S BAZAR/Ukhia,1,0.0502
Sugarcane,BD20300014,0.0,2608.0,4499.2,3393.6,93.1,10594,3,,FENI/Chhagalnaiya,1,0.4734
Sugarcane,BD20300025,400.1,5570.5,1294.6,1200.4,3899.4,12365,4,,FENI/Daganbhuiya,1,0.4645
Sugarcane,BD20300029,557.3,898.2,2078.4,10372.1,1685.0,15591,4,,FENI/Feni,1,0.2815
Sugarcane,BD20300051,0.0,10954.1,2655.5,3319.4,0.0,16929,3,,FENI/Parshuram,1,0.6353
Sugarcane,BD20300094,0.0,750.7,2578.0,11141.7,2449.6,16920,4,,FENI/Sonagazi,1,0.2434
Sugarcane,BD20460043,280.3,1775.3,1958.6,812.2,10759.6,15586,4,,KHAGRACHHARI/Dighinala,1,0.1824
Sugarcane,BD20460049,193.7,22.6,503.5,590.7,7259.5,8570,4,,KHAGRACHHARI/Khagrachhari,1,0.0679
Sugarcane,BD20460061,0.0,14.9,0.0,187.9,4397.3,4600,4,,KHAGRACHHARI/Laksmichhari,1,0.0108
Sugarcane,BD20460065,132.4,0.0,478.6,442.9,7438.1,8492,4,,KHAGRACHHARI/Mohalchhari,1,0.0542
Sugarcane,BD20460067,0.0,76.3,0.0,547.4,6236.4,6860,4,,KHAGRACHHARI/Manikchhari,1,0.0249
Sugarcane,BD20460070,250.4,634.4,358.9,325.5,17085.8,18655,4,,KHAGRACHHARI/Matiranga,1,0.0537
Sugarcane,BD20460077,144.5,256.7,230.8,466.0,8782.0,9880,4,,KHAGRACHHARI/Panchhari,1,0.0565
Sugarcane,BD20460080,29.1,55.3,26.2,98.9,9522.5,9732,4,,KHAGRACHHARI/Ramgarh,1,0.0109
Sugarcane,BD20510043,2429.0,2369.9,1790.8,8563.7,17771.6,32925,4,,LAKSHMIPUR/Laksmipur,1,0.2106
Sugarcane,BD20510058,893.3,3939.6,1488.8,2370.6,1866.7,10559,4,,LAKSHMIPUR/Raipur,1,0.4985
Sugarcane,BD20510065,375.0,743.1,3708.7,634.0,7015.2,12476,4,,LAKSHMIPUR/Ramganj,1,0.2365
Sugarcane,BD20510073,0.0,0.0,0.0,2234.1,34442.9,36677,4,,LAKSHMIPUR/Ramgati,1,0.0122
Sugarcane,BD20750007,39.0,1008.5,6.5,117.1,29414.9,30586,4,,NOAKHALI/Begumganj,1,0.0285
Sugarcane,BD20750010,68.5,18.7,778.4,2989.0,5137.4,8992,4,,NOAKHALI/Chatkhil,1,0.119
Sugarcane,BD20750021,0.0,725.1,4442.7,461.4,21659.8,27289,4,,NOAKHALI/Companiganj,1,0.106
Sugarcane,BD20750036,0.0,0.0,979.8,1803.8,33493.4,36277,4,,NOAKHALI/Hatiya,1,0.0234
Sugarcane,BD20750080,1051.5,2269.0,41.5,3936.2,5063.8,12362,4,,NOAKHALI/Senbag,1,0.2973
Sugarcane,BD20750087,35.2,436.7,0.0,7346.0,60120.1,67938,4,,NOAKHALI/Noakhali,1,0.0273
Sugarcane,BD20840007,346.8,391.7,0.0,371.3,16015.2,17125,4,,RANGAMATI/Baghaichhari,1,0.0429
Sugarcane,BD20840021,0.0,496.9,361.6,108.3,9346.3,10313,4,,RANGAMATI/Barkal,1,0.0582
Sugarcane,BD20840025,0.0,25.3,0.0,131.5,12664.2,12821,4,,RANGAMATI/Kawkhali (Betbunia),1,0.0036
Sugarcane,BD20840029,0.0,0.0,51.4,74.1,5611.5,5737,4,,RANGAMATI/Belaichhari,1,0.0071
Sugarcane,BD20840036,0.0,0.0,5.5,121.6,5961.9,6089,4,,RANGAMATI/Kaptai,1,0.0044
Sugarcane,BD20840047,28.5,0.0,0.0,82.6,11958.9,12070,4,,RANGAMATI/Juraichhari,1,0.0037
Sugarcane,BD20840058,585.2,497.6,2551.6,537.4,9454.2,13626,4,,RANGAMATI/Langadu,1,0.1737
Sugarcane,BD20840075,0.0,0.0,132.7,382.9,9917.4,10433,4,,RANGAMATI/Nannerchar,1,0.0137
Sugarcane,BD20840078,0.0,11.1,43.0,27.0,3538.9,3620,4,,RANGAMATI/Rajasthali,1,0.0099
Sugarcane,BD20840087,0.0,61.2,32.8,185.8,8266.2,8546,4,,RANGAMATI/Rangamati,1,0.012
Sugarcane,BD30260014,0.0,6359.2,24.1,88.2,19911.5,26383,4,,DHAKA/Dhamrai,1,0.194
Sugarcane,BD30260018,0.0,1806.6,2222.9,1233.2,3605.3,8868,4,,DHAKA/Dohar,1,0.3161
Sugarcane,BD30260038,0.0,2007.4,167.9,526.7,10518.0,13220,4,,DHAKA/Keraniganj,1,0.1358
Sugarcane,BD30260062,0.0,982.1,851.6,230.0,17454.3,19518,4,,DHAKA/Nawabganj,1,0.0644
Sugarcane,BD30260072,0.0,7835.3,2923.7,1003.1,11645.9,23408,4,,DHAKA/Savar,1,0.3388
Sugarcane,BD30262000,0.0,0.0,0.0,0.0,0.0,0,4,Dhaka Metro,DHAKA/Dhaka Metro,1,
Sugarcane,BD30262500,0.0,0.0,0.0,0.0,0.0,0,4,Dhaka Metro,DHAKA/Dhaka Metro,1,
Sugarcane,BD30290003,0.0,505.3,2668.1,1526.1,5841.5,10541,4,,FARIDPUR/Alfadanga,1,0.1939
Sugarcane,BD30290010,0.0,1089.6,5074.7,0.0,10987.6,17152,4,,FARIDPUR/Bhanga,1,0.1988
Sugarcane,BD30290018,0.0,3469.4,12124.9,646.7,6546.0,22787,3,,FARIDPUR/Boalmari,1,0.3935
Sugarcane,BD30290021,0.0,0.0,6612.5,387.7,958.7,7959,2,,FARIDPUR/Char Bhadrasan,1,0.4252
Sugarcane,BD30290047,0.0,8705.1,18834.6,863.0,2731.3,31134,2,,FARIDPUR/Faridpur,1,0.5317
Sugarcane,BD30290056,0.0,2236.5,11391.7,46.4,4109.4,17784,2,,FARIDPUR/Madhukhali,1,0.4214
Sugarcane,BD30290062,0.0,6548.7,5812.0,0.0,20014.3,32375,4,,FARIDPUR/Nagarkanda,1,0.2516
Sugarcane,BD30290084,0.0,1719.9,12964.5,1414.2,5190.4,21289,3,,FARIDPUR/Sadarpur,1,0.3824
Sugarcane,BD30330030,0.0,10780.0,11110.0,450.0,14700.0,37040,4,,GAZIPUR/Gazipur,1,0.3852
Sugarcane,BD30330032,0.0,8970.5,4989.1,1319.0,12206.5,27485,4,,GAZIPUR/Kaliakoir,1,0.3615
Sugarcane,BD30330034,0.0,4501.9,1647.9,891.9,11696.4,18738,4,,GAZIPUR/Kaliganj,1,0.2457
Sugarcane,BD30330036,0.0,17134.3,2984.8,1361.9,9973.9,31455,3,,GAZIPUR/Kapasia,1,0.4919
Sugarcane,BD30330086,0.0,17814.8,13428.9,1024.5,11379.8,43648,2,,GAZIPUR/Sripur,1,0.485
Sugarcane,BD30350032,0.0,1883.6,5850.3,997.7,23832.4,32564,4,,GOPALGANJ/Gopalganj,1,0.1422
Sugarcane,BD30350043,0.0,3405.6,5172.2,404.4,13962.8,22945,4,,GOPALGANJ/Kasiani,1,0.235
Sugarcane,BD30350051,0.0,24.2,0.0,225.9,32211.9,32462,4,,GOPALGANJ/Kotalipara,1,0.002
Sugarcane,BD30350058,0.0,3319.5,704.3,730.4,19597.7,24352,4,,GOPALGANJ/Muksudpur,1,0.1295
Sugarcane,BD30350091,0.0,1835.5,486.2,474.1,8047.2,10843,4,,GOPALGANJ/Tungipara,1,0.1666
Sugarcane,BD30480002,0.0,0.0,0.0,0.0,25504.0,25504,4,,KISHOREGANJ/Ashtagram,1,0.0
Sugarcane,BD30480006,0.0,2891.6,1958.3,1705.9,8093.3,14649,4,,KISHOREGANJ/Bajitpur,1,0.248
Sugarcane,BD30480011,0.0,1720.3,582.5,1131.1,3874.1,7308,4,,KISHOREGANJ/Bhairab,1,0.2591
Sugarcane,BD30480027,0.0,2427.4,2355.5,3461.5,1012.6,9257,4,,KISHOREGANJ/Hossainpur,1,0.4118
Sugarcane,BD30480033,0.0,337.5,0.0,0.0,36949.5,37287,4,,KISHOREGANJ/Itna,1,0.0072
Sugarcane,BD30480042,0.0,5675.5,994.9,542.7,9022.0,16235,4,,KISHOREGANJ/Karimganj,1,0.317
Sugarcane,BD30480045,243.2,5120.7,1552.0,2224.2,8188.9,17329,4,,KISHOREGANJ/Katiadi,1,0.3209
Sugarcane,BD30480049,0.0,5185.9,1974.3,2606.1,2770.6,12537,4,,KISHOREGANJ/Kishoreganj,1,0.4512
Sugarcane,BD30480054,319.4,752.8,1528.4,2950.4,2517.0,8068,4,,KISHOREGANJ/Kuliarchar,1,0.2821
Sugarcane,BD30480059,0.0,16.8,0.0,109.1,18953.1,19079,4,,KISHOREGANJ/Mithamoin,1,0.0018
Sugarcane,BD30480076,0.0,395.1,0.0,428.0,15721.9,16545,4,,KISHOREGANJ/Nikli,1,0.0243
Sugarcane,BD30480079,0.0,6726.0,3734.0,2093.6,2390.4,14944,3,,KISHOREGANJ/Pakundia,1,0.513
Sugarcane,BD30480092,0.0,2171.1,31.9,455.0,9722.0,12380,4,,KISHOREGANJ/Tarail,1,0.1489
Sugarcane,BD30540040,0.0,3054.0,4908.0,3003.7,11404.2,22370,4,,MADARIPUR/Kalkini,1,0.2458
Sugarcane,BD30540054,0.0,4114.8,4851.4,535.7,13118.1,22620,4,,MADARIPUR/Madaripur,1,0.2575
Sugarcane,BD30540080,0.0,1152.4,2616.2,272.5,15782.9,19824,4,,MADARIPUR/Rajoir,1,0.1152
Sugarcane,BD30540087,0.0,5764.2,3847.7,1761.1,10892.0,22265,4,,MADARIPUR/Sibchar,1,0.3093
Sugarcane,BD30560010,0.0,7937.1,633.9,868.4,8032.6,17472,4,,MANIKGANJ/Daulatpur,1,0.3915
Sugarcane,BD30560022,0.0,1207.0,57.8,57.8,10270.4,11593,4,,MANIKGANJ/Ghior,1,0.0868
Sugarcane,BD30560028,0.0,60.0,500.1,1960.3,10326.6,12847,4,,MANIKGANJ/Harirampur,1,0.0537
Sugarcane,BD30560046,0.0,8981.8,640.4,199.6,8075.3,17897,3,,MANIKGANJ/Manikganj,1,0.4216
Sugarcane,BD30560070,0.0,4353.2,1136.9,1511.0,4525.9,11527,4,,MANIKGANJ/Saturia,1,0.3777
Sugarcane,BD30560078,0.0,763.8,1002.9,777.1,10620.2,13164,4,,MANIKGANJ/Sibalay,1,0.0963
Sugarcane,BD30560082,0.0,6822.8,0.0,0.0,10542.2,17365,4,,MANIKGANJ/Singair,1,0.3143
Sugarcane,BD30590024,0.0,113.4,591.2,0.0,8552.4,9257,4,,MUNSHIGANJ/Gozaria,1,0.0417
Sugarcane,BD30590044,0.0,238.2,756.4,190.6,6253.8,7439,4,,MUNSHIGANJ/Lohajang,1,0.0816
Sugarcane,BD30590056,0.0,4126.5,470.0,836.3,4755.2,10188,4,,MUNSHIGANJ/Munshiganj,1,0.3635
Sugarcane,BD30590074,0.0,4637.4,206.7,181.9,10118.0,15144,4,,MUNSHIGANJ/Serajdikhan,1,0.2542
Sugarcane,BD30590084,0.0,998.7,763.3,292.5,12833.5,14888,4,,MUNSHIGANJ/Srinagar,1,0.0832
Sugarcane,BD30590094,0.0,1528.6,131.4,138.3,6446.6,8245,4,,MUNSHIGANJ/Tongibari,1,0.1596
Sugarcane,BD30670002,0.0,2123.0,551.2,0.0,10158.9,12833,4,,NARAYANGANJ/Araihazar,1,0.1538
Sugarcane,BD30670004,0.0,3323.5,181.4,214.4,9904.6,13624,4,,NARAYANGANJ/Sonargaon,1,0.205
Sugarcane,BD30670006,0.0,0.0,0.0,0.0,0.0,0,4,,NARAYANGANJ/Bandar,1,
Sugarcane,BD30670058,0.0,0.0,0.0,0.0,0.0,0,4,,NARAYANGANJ/Narayanganj,1,
Sugarcane,BD30670068,0.0,3226.6,1265.8,751.6,9951.1,15195,4,,NARAYANGANJ/Rupganj,1,0.2214
Sugarcane,BD30680007,0.0,6030.6,184.1,0.0,3004.3,9219,3,,NARSINGDI/Belabo,1,0.5333
Sugarcane,BD30680052,0.0,9030.3,423.5,387.6,5297.6,15139,3,,NARSINGDI/Manohardi,1,0.4963
Sugarcane,BD30680060,0.0,4340.7,2278.9,16.7,10058.7,16695,4,,NARSINGDI/Narsingdi,1,0.2764
Sugarcane,BD30680063,0.0,2863.4,1333.2,295.5,1930.8,6423,3,,NARSINGDI/Palas,1,0.4696
Sugarcane,BD30680064,0.0,7432.4,1324.7,0.0,15072.8,23830,4,,NARSINGDI/Raipura,1,0.2773
Sugarcane,BD30680076,0.0,8369.3,301.2,6.5,7576.9,16254,3,,NARSINGDI/Sibpur,1,0.4213
Sugarcane,BD30820007,0.0,3966.4,7809.2,0.0,6812.4,18588,3,,RAJBARI/Baliakandi,1,0.3808
Sugarcane,BD30820029,0.0,17.8,5934.4,3176.9,1070.9,10200,4,,RAJBARI/Goalanda,1,0.3546
Sugarcane,BD30820073,0.0,14255.4,11600.5,2092.1,5316.9,33265,2,,RAJBARI/Pangsha,1,0.5298
Sugarcane,BD30820076,0.0,11105.4,5964.2,901.3,4279.1,22250,3,,RAJBARI/Rajbari,1,0.5414
Sugarcane,BD30860014,0.0,7.6,3698.7,1497.6,12034.1,17238,4,,SHARIATPUR/Bhedarganj,1,0.125
Sugarcane,BD30860025,0.0,709.7,1198.5,102.5,5401.3,7412,4,,SHARIATPUR/Damudya,1,0.1602
Sugarcane,BD30860036,0.0,1576.4,4075.1,643.4,7228.0,13523,4,,SHARIATPUR/Goshairhat,1,0.2534
Sugarcane,BD30860065,0.0,1229.8,734.0,3998.5,9516.6,15479,4,,SHARIATPUR/Naria,1,0.1389
Sugarcane,BD30860069,0.0,1762.4,2334.8,1932.4,5168.3,11198,4,,SHARIATPUR/Palong (Sadar),1,0.2647
Sugarcane,BD30860094,0.0,4740.9,968.3,4095.4,7215.4,17020,4,,SHARIATPUR/Janjira,1,0.2994
Sugarcane,BD30930009,0.0,492.0,52.2,1550.5,11002.4,13097,4,,TANGAIL/Basail,1,0.0557
Sugarcane,BD30930019,0.0,2132.3,7921.8,2084.0,4789.0,16927,4,,TANGAIL/Bhuapur,1,0.3594
Sugarcane,BD30930023,0.0,977.3,3909.1,4358.0,4770.6,14015,4,,TANGAIL/Delduar,1,0.2574
Sugarcane,BD30930028,0.0,20474.1,8608.2,4194.2,7663.5,40940,2,,TANGAIL/Ghatail,1,0.5257
Sugarcane,BD30930038,0.0,1266.8,5383.8,4426.8,5989.6,17067,4,,TANGAIL/Gopalpur,1,0.269
Sugarcane,BD30930047,0.0,3070.8,9322.6,4606.2,5790.5,22790,4,,TANGAIL/Kalihati,1,0.3527
Sugarcane,BD30930057,82.2,28059.8,8509.1,3668.1,2457.8,42777,3,,TANGAIL/Madhupur,1,0.6433
Sugarcane,BD30930066,0.0,4750.6,2763.7,2442.5,20459.1,30416,4,,TANGAIL/Mirzapur,1,0.1864
Sugarcane,BD30930076,0.0,3548.8,5886.3,4037.5,5985.4,19458,4,,TANGAIL/Nagarpur,1,0.3387
Sugarcane,BD30930085,0.0,17316.9,16572.7,2817.9,4222.6,40930,2,,TANGAIL/Shakhipur,1,0.5547
Sugarcane,BD30930095,0.0,1621.7,11331.1,4531.1,5553.1,23037,4,,TANGAIL/Tangail,1,0.3416
Sugarcane,BD40010008,0.0,2260.7,2555.3,3210.6,9391.4,17418,4,,BAGERHAT/Bagerhat,1,0.214
Sugarcane,BD40010014,0.0,1639.8,339.6,407.5,11925.0,14312,4,,BAGERHAT/Chitalmari,1,0.1092
Sugarcane,BD40010034,0.0,3599.8,1758.2,1613.5,3104.6,10076,4,,BAGERHAT/Fakirhat,1,0.4051
Sugarcane,BD40010038,0.0,843.1,2150.6,300.1,5237.2,8531,4,,BAGERHAT/Kachua,1,0.2121
Sugarcane,BD40010056,512.9,3014.4,1250.7,0.0,11151.0,15929,4,,BAGERHAT/Mollahat,1,0.2228
Sugarcane,BD40010058,0.0,0.0,0.0,73.2,14349.8,14423,4,,BAGERHAT/Mongla,1,0.001
Sugarcane,BD40010060,0.0,753.2,3012.9,7020.3,22391.7,33178,4,,BAGERHAT/Morelganj,1,0.1059
Sugarcane,BD40010073,0.0,1070.8,251.5,4613.9,18505.8,24442,4,,BAGERHAT/Rampal,1,0.0779
Sugarcane,BD40010077,0.0,0.0,1385.6,3471.1,5109.3,9966,4,,BAGERHAT/Sarankhola,1,0.1392
Sugarcane,BD40180007,0.0,25621.3,0.0,0.0,2006.7,27628,1,,CHUADANGA/Alamdanga,1,0.7419
Sugarcane,BD40180023,0.0,21068.0,29.7,0.0,2030.2,23128,1,,CHUADANGA/Chuadanga,1,0.7294
Sugarcane,BD40180031,0.0,22051.2,152.2,0.0,3780.7,25984,1,,CHUADANGA/Damurhuda,1,0.6818
Sugarcane,BD40180055,0.0,13513.0,225.1,0.0,2160.9,15899,1,,CHUADANGA/Jibannagar,1,0.687
Sugarcane,BD40410004,138.1,4393.2,4603.7,559.0,7069.9,16764,4,,JESSORE/Abhoynagar,1,0.3619
Sugarcane,BD40410009,0.0,10217.7,5652.2,0.0,3004.1,18874,2,,JESSORE/Bagherpara,1,0.5828
Sugarcane,BD40410011,0.0,11590.3,7609.7,0.0,3383.9,22584,2,,JESSORE/Chaugachha,1,0.579
Sugarcane,BD40410023,0.0,15956.4,5659.6,0.0,2765.0,24381,3,,JESSORE/Jhikorgachha,1,0.6396
Sugarcane,BD40410038,0.0,6366.9,7522.2,885.7,4024.2,18799,2,,JESSORE/Keshabpur,1,0.4804
Sugarcane,BD40410047,0.0,21267.7,6522.3,0.0,3772.1,31562,3,,JESSORE/Jessore,1,0.6424
Sugarcane,BD40410061,6.7,19327.8,5600.2,141.5,7419.8,32496,3,,JESSORE/Manirampur,1,0.5631
Sugarcane,BD40410090,0.0,13526.8,7774.6,49.7,6547.9,27899,3,,JESSORE/Sarsa,1,0.5276
Sugarcane,BD40440014,0.0,14241.2,3598.2,0.0,50.6,17890,1,,JHENAIDAH/Harinakundu,1,0.7374
Sugarcane,BD40440019,0.0,19945.3,10560.9,0.0,5549.8,36056,2,,JHENAIDAH/Jhenaidah,1,0.589
Sugarcane,BD40440033,0.0,17938.9,5258.9,0.0,2260.3,25458,1,,JHENAIDAH/Kaliganj,1,0.667
Sugarcane,BD40440042,0.0,9430.8,1304.0,0.0,1156.2,11891,1,,JHENAIDAH/Kotchandpur,1,0.6893
Sugarcane,BD40440071,0.0,21765.8,4989.8,0.0,7178.3,33934,3,,JHENAIDAH/Maheshpur,1,0.5867
Sugarcane,BD40440080,0.0,19964.6,5847.6,0.0,4252.8,30065,3,,JHENAIDAH/Sailkupa,1,0.6285
Sugarcane,BD40470012,0.0,103.7,2732.5,2806.6,12248.2,17891,4,,KHULNA/Batiaghata,1,0.1124
Sugarcane,BD40470017,0.0,0.0,0.0,1116.2,21428.8,22545,4,,KHULNA/Dacope,1,0.0099
Sugarcane,BD40470030,226.7,2837.0,4986.6,8072.2,20443.6,36566,4,,KHULNA/Dumuria,1,0.1806
Sugarcane,BD40470040,1377.7,352.8,579.7,268.8,1823.0,4402,4,,KHULNA/Dighalia (Daulathpur),1,0.4552
Sugarcane,BD40470053,0.0,0.0,0.0,41.3,21103.7,21145,4,,KHULNA/Koyra,1,0.0004
Sugarcane,BD40470064,0.0,1702.3,2297.6,1635.2,26473.0,32108,4,,KHULNA/Paikgachha,1,0.0884
Sugarcane,BD40470069,1849.1,275.0,1333.5,158.1,1182.3,4798,4,,KHULNA/Phultala,1,0.5768
Sugarcane,BD40470075,199.8,1229.8,1005.0,255.9,2740.5,5431,4,,KHULNA/Rupsha,1,0.3199
Sugarcane,BD40470094,34.7,1374.7,1326.1,652.7,12608.7,15997,4,,KHULNA/Terakhada,1,0.1205
Sugarcane,BD40473300,0.0,400.0,920.0,760.0,40.0,2120,4,,KHULNA/Khulna Metro,1,0.4396
Sugarcane,BD40500015,0.0,6940.6,1330.4,144.2,1618.8,10034,3,,KUSHTIA/Bheramara,1,0.6225
Sugarcane,BD40500039,0.0,21504.4,0.0,1600.6,8748.0,31853,3,,KUSHTIA/Daulatpur,1,0.5501
Sugarcane,BD40500063,0.0,3329.4,1771.3,0.0,2425.4,7526,3,,KUSHTIA/Khoksha,1,0.4716
Sugarcane,BD40500071,0.0,8868.1,1954.2,148.7,5528.0,16499,3,,KUSHTIA/Kumarkhali,1,0.491
Sugarcane,BD40500079,0.0,15172.1,1146.2,118.1,6856.6,23293,3,,KUSHTIA/Kushtia,1,0.5467
Sugarcane,BD40500094,0.0,21561.5,176.1,80.7,4366.6,26185,1,,KUSHTIA/Mirpur,1,0.6627
Sugarcane,BD40550057,0.0,16148.6,8194.2,0.0,8149.2,32492,3,,MAGURA/Magura,1,0.5237
Sugarcane,BD40550066,0.0,5032.1,3408.6,852.2,8492.1,17785,4,,MAGURA/Mohammadpur,1,0.3318
Sugarcane,BD40550085,0.0,7169.8,7192.4,0.0,4434.8,18797,3,,MAGURA/Salikha,1,0.4965
Sugarcane,BD40550095,0.0,6574.2,3943.1,0.0,3070.7,13588,3,,MAGURA/Sripur,1,0.5322
Sugarcane,BD40570047,0.0,25044.0,105.8,0.0,3946.2,29096,1,,MEHERPUR/Gangni,1,0.6904
Sugarcane,BD40570087,0.0,25994.5,226.0,0.0,4262.5,30483,1,,MEHERPUR/Meherpur,1,0.6859
Sugarcane,BD40650028,15.9,2166.1,428.5,880.7,21398.9,24890,4,,NARAIL/Kalia,1,0.0859
Sugarcane,BD40650052,0.0,11152.2,455.8,514.6,10549.4,22672,4,,NARAIL/Lohagara,1,0.4081
Sugarcane,BD40650076,0.0,7292.0,6441.7,0.0,13495.3,27229,4,,NARAIL/Narail,1,0.3325
Sugarcane,BD40870004,0.0,2510.3,861.7,5058.0,25490.0,33920,4,,SATKHIRA/Asasuni,1,0.1017
Sugarcane,BD40870025,0.0,82.0,2328.2,1041.1,11132.7,14584,4,,SATKHIRA/Debhata,1,0.0986
Sugarcane,BD40870043,0.0,12899.4,319.5,2702.3,971.8,16893,1,,SATKHIRA/Kalaroa,1,0.6523
Sugarcane,BD40870047,0.0,0.0,959.6,8512.0,16510.4,25982,4,,SATKHIRA/Kaliganj,1,0.084
Sugarcane,BD40870082,0.0,9388.2,1739.9,8102.8,7847.2,27078,4,,SATKHIRA/Satkhira,1,0.3693
Sugarcane,BD40870086,0.0,0.0,0.0,313.6,36324.4,36638,4,,SATKHIRA/Shyamnagar,1,0.0017
Sugarcane,BD40870090,0.0,14710.9,1224.7,4077.2,6743.1,26756,3,,SATKHIRA/Tala,1,0.4932
Sugarcane,BD45390007,8974.8,608.3,314.0,5030.3,3486.6,18414,4,,JAMALPUR/Bakshiganj,1,0.577
Sugarcane,BD45390015,270.9,1884.7,3058.4,8836.8,8656.2,22707,4,,JAMALPUR/Dewanganj,1,0.2235
Sugarcane,BD45390029,2146.9,2777.9,2485.5,6756.2,12319.6,26486,4,,JAMALPUR/Islampur,1,0.2629
Sugarcane,BD45390036,1636.2,8359.6,11966.7,9809.9,10501.6,42274,4,,JAMALPUR/Jamalpur,1,0.3849
Sugarcane,BD45390058,1758.4,3604.3,2353.3,5161.5,9299.5,22177,4,,JAMALPUR/Madarganj,1,0.3089
Sugarcane,BD45390061,297.0,2016.5,7214.1,7026.5,3993.9,20548,4,,JAMALPUR/Melandaha,1,0.3369
Sugarcane,BD45390085,0.0,9659.3,2725.6,1442.5,7730.6,21558,4,,JAMALPUR/Sarishabari,1,0.435
Sugarcane,BD45610013,0.0,13866.4,9530.9,1271.4,19345.3,44014,4,,MYMENSINGH/Bhaluka,1,0.3661
Sugarcane,BD45610016,0.0,8815.2,944.2,3689.5,9561.1,23010,4,,MYMENSINGH/Dhobaura,1,0.3591
Sugarcane,BD45610020,1818.2,19644.6,4998.2,750.5,7342.5,34554,3,,MYMENSINGH/Phulbaria,1,0.5841
Sugarcane,BD45610022,0.0,15984.2,2919.1,6343.2,6714.6,31961,3,,MYMENSINGH/Gafargaon,1,0.4855
Sugarcane,BD45610023,0.0,13173.3,3871.2,1183.9,4688.6,22917,3,,MYMENSINGH/Gouripur,1,0.5547
Sugarcane,BD45610024,0.0,16909.0,1815.2,4804.4,7507.4,31036,3,,MYMENSINGH/Haluaghat,1,0.4961
Sugarcane,BD45610031,0.0,18695.6,2442.3,756.5,2312.6,24207,1,,MYMENSINGH/Ishwarganj,1,0.6746
Sugarcane,BD45610052,4004.8,12438.1,6338.4,4028.0,3442.6,30252,2,,MYMENSINGH/Mymensingh,1,0.5927
Sugarcane,BD45610065,0.0,15177.2,3378.4,2252.3,4453.1,25261,3,,MYMENSINGH/Muktagachha,1,0.5654
Sugarcane,BD45610072,0.0,14187.9,1900.4,5517.9,5540.8,27147,3,,MYMENSINGH/Nandail,1,0.4938
Sugarcane,BD45610081,2070.7,25852.3,3401.4,2931.8,12566.8,46823,3,,MYMENSINGH/Phulpur,1,0.5348
Sugarcane,BD45610094,0.0,15312.5,4094.5,890.4,7846.5,28144,3,,MYMENSINGH/Trisal,1,0.5143
Sugarcane,BD45720004,0.0,2393.1,3671.5,1902.6,8130.8,16098,4,,NETRAKONA/Atpara,1,0.2566
Sugarcane,BD45720009,0.0,2069.0,5665.9,1321.0,10313.2,19369,4,,NETRAKONA/Barhatta,1,0.2454
Sugarcane,BD45720018,0.0,6141.7,892.5,5249.3,11926.5,24210,4,,NETRAKONA/Durgapur,1,0.2647
Sugarcane,BD45720038,0.0,0.0,6.6,13.1,20331.3,20351,4,,NETRAKONA/Khaliajuri,1,0.0003
Sugarcane,BD45720040,0.0,2092.6,1212.8,4441.4,26947.2,34694,4,,NETRAKONA/Kalmakanda,1,0.0913
Sugarcane,BD45720047,0.0,8194.3,2208.4,4496.0,9651.2,24550,4,,NETRAKONA/Kendua,1,0.3486
Sugarcane,BD45720056,0.0,705.7,516.0,690.5,17975.8,19888,4,,NETRAKONA/Madan,1,0.0483
Sugarcane,BD45720063,0.0,1065.9,3083.6,822.3,16339.2,21311,4,,NETRAKONA/Mohanganj,1,0.1201
Sugarcane,BD45720074,0.0,9497.4,5738.5,2719.1,8627.0,26582,4,,NETRAKONA/Netrakona,1,0.4142
Sugarcane,BD45720083,0.0,13813.3,616.5,5002.6,5580.6,25013,3,,NETRAKONA/Purbadhala,1,0.4941
Sugarcane,BD45890037,2339.7,6984.0,4398.9,3294.8,2304.6,19322,3,,SHERPUR/Jhenaigati,1,0.5582
Sugarcane,BD45890067,1765.1,2828.8,7029.5,539.5,3268.1,15431,3,,SHERPUR/Nakla,1,0.4958
Sugarcane,BD45890070,189.8,11147.4,3399.4,10431.2,5470.1,30638,4,,SHERPUR/Nalitabari,1,0.4208
Sugarcane,BD45890088,14297.1,1753.8,12371.3,283.7,4118.0,32824,2,,SHERPUR/Sherpur,1,0.6685
Sugarcane,BD45890090,7174.0,4036.9,5242.2,2171.2,3995.6,22620,3,,SHERPUR/Sribardi,1,0.595
Sugarcane,BD50100006,0.0,1393.8,4339.6,5567.6,3315.0,14616,4,,BOGRA/Adamdighi,1,0.3009
Sugarcane,BD50100020,0.0,8745.1,11446.7,9898.7,2783.5,32874,4,,BOGRA/Bogra,1,0.4471
Sugarcane,BD50100027,0.0,97.1,5630.1,11297.5,3091.3,20116,4,,BOGRA/Dhunot,1,0.2561
Sugarcane,BD50100033,0.0,2821.5,3972.2,7384.8,165.5,14344,4,,BOGRA/Dhubchachia,1,0.3988
Sugarcane,BD50100040,0.0,241.3,2854.2,12871.5,3067.9,19035,4,,BOGRA/Gabtali,1,0.2204
Sugarcane,BD50100054,0.0,8045.3,4898.9,8340.0,31.9,21316,4,,BOGRA/Kahalu,1,0.4951
Sugarcane,BD50100067,0.0,0.0,5991.6,14950.9,3305.4,24248,4,,BOGRA/Nandigram,1,0.2469
Sugarcane,BD50100081,0.0,6.3,5752.1,4328.3,14010.2,24097,4,,BOGRA/Shariakandi,1,0.1555
Sugarcane,BD50100088,0.0,1365.4,6918.1,13397.5,3699.0,25380,4,,BOGRA/Sherpur,1,0.2849
Sugarcane,BD50100094,0.0,4953.9,8947.8,9347.2,3241.2,26490,4,,BOGRA/Shibganj,1,0.3891
Sugarcane,BD50100095,0.0,1043.6,2071.5,5622.7,2414.2,11152,4,,BOGRA/Sonatala,1,0.2686
Sugarcane,BD50380013,64.5,4621.9,3775.0,1702.0,2274.7,12438,3,,JOYPURHAT/Akkelpur,1,0.4816
Sugarcane,BD50380047,0.0,4919.7,8573.9,5473.4,1755.9,20723,3,,JOYPURHAT/Joypurhat,1,0.4496
Sugarcane,BD50380058,0.0,3895.9,5014.8,3218.0,2115.4,14244,4,,JOYPURHAT/Kalai,1,0.44
Sugarcane,BD50380061,0.0,5124.9,3017.9,4562.5,720.8,13426,4,,JOYPURHAT/Khetlal,1,0.4857
Sugarcane,BD50380074,0.0,8249.6,8927.4,8320.9,651.0,26149,3,,JOYPURHAT/Panchbibi,1,0.4867
Sugarcane,BD50640003,0.0,1654.1,238.8,371.5,22060.6,24325,4,,NAOGAON/Atrai,1,0.0624
Sugarcane,BD50640006,6519.9,6177.5,2860.5,492.2,1498.0,17548,2,,NAOGAON/Badalgachhi,1,0.7403
Sugarcane,BD50640028,0.0,21530.9,4337.1,0.0,887.0,26755,1,,NAOGAON/Dhamoirhat,1,0.7248
Sugarcane,BD50640047,0.0,20661.2,936.7,138.2,12898.9,34635,3,,NAOGAON/Manda,1,0.4916
Sugarcane,BD50640050,0.0,32684.2,249.2,811.9,996.8,34742,1,,NAOGAON/Mohadebpur,1,0.7609
Sugarcane,BD50640060,1426.0,6631.9,1694.4,2767.7,11140.0,23660,4,,NAOGAON/Naogaon,1,0.3437
Sugarcane,BD50640069,0.0,37868.9,0.0,0.0,870.1,38739,1,,NAOGAON/Niamatpur,1,0.782
Sugarcane,BD50640075,79.9,28874.1,47.9,0.0,3779.0,32781,1,,NAOGAON/Patnitala,1,0.7078
Sugarcane,BD50640079,0.0,18917.0,8.2,115.1,3610.7,22651,1,,NAOGAON/Porsha,1,0.6693
Sugarcane,BD50640085,0.0,1013.3,9679.3,2729.9,8552.6,21975,4,,NAOGAON/Raninagar,1,0.282
Sugarcane,BD50640086,0.0,13833.6,25.7,0.0,7740.6,21600,3,,NAOGAON/Shapahar,1,0.513
Sugarcane,BD50690009,0.0,9478.3,1701.6,0.0,291.1,11471,1,,NATOR/Bagatipara,1,0.7352
Sugarcane,BD50690015,0.0,7092.1,8282.6,0.0,9678.3,25053,4,,NATOR/Baraigram,1,0.3918
Sugarcane,BD50690041,0.0,4363.7,2302.3,630.5,9074.5,16371,4,,NATOR/Gurudashpur,1,0.2913
Sugarcane,BD50690044,820.5,14210.6,6353.2,357.6,4260.0,26002,2,,NATOR/Lalpur,1,0.5937
Sugarcane,BD50690063,0.0,11653.8,6309.4,0.0,13969.8,31933,4,,NATOR/Nator,1,0.3907
Sugarcane,BD50690091,0.0,3663.5,10494.7,2863.6,30708.1,47730,4,,NATOR/Shingra,1,0.1833
Sugarcane,BD50700018,2241.9,3009.5,1605.1,0.0,3829.5,10686,4,,NAWABGANJ/Bholahat,1,0.5102
Sugarcane,BD50700037,2877.4,16572.7,1907.0,33.8,6143.0,27534,1,,NAWABGANJ/Gomastapur,1,0.6209
Sugarcane,BD50700056,222.1,23778.6,830.7,32.9,1266.7,26131,1,,NAWABGANJ/Nachol,1,0.7526
Sugarcane,BD50700066,3234.2,10057.3,6964.9,978.8,12326.9,33562,4,,NAWABGANJ/Nawabganj,1,0.4457
Sugarcane,BD50700088,10195.5,15914.9,9026.7,513.9,9234.0,44885,2,,NAWABGANJ/Shibganj,1,0.6136
Sugarcane,BD50760005,0.0,2884.7,3806.3,0.0,7873.0,14564,4,,PABNA/Atgharia,1,0.2891
Sugarcane,BD50760016,0.0,1595.7,1365.7,1106.9,13232.7,17301,4,,PABNA/Bera,1,0.126
Sugarcane,BD50760019,0.0,1152.6,880.9,115.3,8315.2,10464,4,,PABNA/Bhangura,1,0.1324
Sugarcane,BD50760022,0.0,4899.6,3581.9,7.3,17101.3,25590,4,,PABNA/Chatmohar,1,0.2232
Sugarcane,BD50760033,0.0,491.0,0.0,0.0,11866.0,12357,4,,PABNA/Faridpur,1,0.0318
Sugarcane,BD50760039,0.0,9323.4,5404.1,2082.8,3011.6,19822,3,,PABNA/Ishwardi,1,0.5336
Sugarcane,BD50760055,0.0,12585.3,7353.3,4762.4,9005.0,33706,4,,PABNA/Pabna,1,0.436
Sugarcane,BD50760072,0.0,6353.5,2603.0,115.5,18975.9,28048,4,,PABNA/Santhia,1,0.2284
Sugarcane,BD50760083,0.0,4151.9,3709.8,2279.8,14583.5,24725,4,,PABNA/Sujanagar,1,0.2278
Sugarcane,BD50810010,3119.1,6555.3,548.5,277.5,2603.6,13104,1,,RAJSHAHI/Bagha,1,0.6634
Sugarcane,BD50810012,0.0,6453.0,8498.6,0.0,13475.4,28427,4,,RAJSHAHI/Bagmara,1,0.3311
Sugarcane,BD50810025,4394.1,7626.8,355.1,14.8,303.3,12694,1,,RAJSHAHI/Charghat,1,0.841
Sugarcane,BD50810031,2194.2,10276.8,918.0,0.0,2821.1,16210,1,,RAJSHAHI/Durgapur,1,0.6709
Sugarcane,BD50810034,1051.3,36199.6,1200.2,376.7,3399.2,42227,1,,RAJSHAHI/Godagari,1,0.7267
Sugarcane,BD50810053,116.7,6616.3,3392.0,0.0,3020.0,13145,2,,RAJSHAHI/Mohanpur,1,0.5406
Sugarcane,BD50810072,7520.4,7758.1,1909.8,103.0,2448.7,19740,3,,RAJSHAHI/Paba,1,0.7448
Sugarcane,BD50810082,3183.2,8708.8,2214.7,0.0,1809.3,15916,1,,RAJSHAHI/Puthia,1,0.7073
Sugarcane,BD50810094,0.0,23983.7,109.5,0.0,1861.8,25955,1,,RAJSHAHI/Tanor,1,0.7414
Sugarcane,BD50816600,0.0,0.0,0.0,0.0,0.0,0,4,,RAJSHAHI/Boalia (Rajshahi),1,
Sugarcane,BD50880011,0.0,2219.2,2598.3,1454.2,3811.3,10083,4,,SIRAJGANJ/Belkuchi,1,0.3338
Sugarcane,BD50880027,0.0,7.0,435.3,98.3,12546.4,13087,4,,SIRAJGANJ/Chauhali,1,0.0186
Sugarcane,BD50880044,0.0,1030.2,1972.0,3421.6,1258.3,7682,4,,SIRAJGANJ/Kamarkhanda,1,0.3247
Sugarcane,BD50880050,0.0,3085.6,2123.6,1930.0,13990.9,21130,4,,SIRAJGANJ/Kazipur,1,0.1853
Sugarcane,BD50880061,0.0,140.9,13836.1,5379.4,2372.6,21729,3,,SIRAJGANJ/Raiganj,1,0.3731
Sugarcane,BD50880067,0.0,41.7,3480.9,9727.1,9977.3,23227,4,,SIRAJGANJ/Shahzadpur,1,0.1601
Sugarcane,BD50880078,0.0,4969.7,4169.3,6463.6,7073.4,22676,4,,SIRAJGANJ/Sirajganj,1,0.3243
Sugarcane,BD50880089,0.0,552.4,731.1,4638.3,20884.3,26806,4,,SIRAJGANJ/Taras,1,0.0647
Sugarcane,BD50880094,0.0,815.5,7851.8,16169.6,10267.1,35104,4,,SIRAJGANJ/Ullapara,1,0.2225
Sugarcane,BD55270010,0.0,6572.6,10712.6,596.7,1028.1,18910,2,,DINAJPUR/Birampur,1,0.5676
Sugarcane,BD55270012,6407.3,18598.1,5775.5,5078.8,834.3,36694,2,,DINAJPUR/Birganj,1,0.6865
Sugarcane,BD55270017,1580.1,14036.3,4307.1,10330.7,721.9,30976,4,,DINAJPUR/Biral,1,0.5497
Sugarcane,BD55270021,300.4,13510.7,3146.4,2458.6,434.8,19851,3,,DINAJPUR/Bochaganj,1,0.6636
Sugarcane,BD55270030,1292.9,13971.5,6425.5,5391.1,525.0,27606,2,,DINAJPUR/Chirirbandar,1,0.6072
Sugarcane,BD55270038,0.0,10772.5,4961.4,4687.9,283.2,20705,2,,DINAJPUR/Fulbari,1,0.5813
Sugarcane,BD55270043,16.1,3082.5,2324.0,7117.2,484.2,13024,4,,DINAJPUR/Ghoraghat,1,0.3891
Sugarcane,BD55270047,0.0,479.9,2575.4,4838.9,1063.8,8958,4,,DINAJPUR/Hakimpur,1,0.2946
Sugarcane,BD55270056,2672.4,7295.9,5390.3,1958.7,303.7,17621,2,,DINAJPUR/Kaharol,1,0.6581
Sugarcane,BD55270060,524.9,11767.5,1786.3,196.9,488.5,14764,1,,DINAJPUR/Khansama,1,0.7363
Sugarcane,BD55270064,4722.5,12241.3,5693.4,6377.0,240.8,29275,3,,DINAJPUR/Dinajpur,1,0.6366
Sugarcane,BD55270069,0.0,11171.1,6599.5,7965.9,1206.5,26943,3,,DINAJPUR/Nawabganj,1,0.5133
Sugarcane,BD55270077,2794.6,16024.8,8582.8,7709.9,1271.0,36383,3,,DINAJPUR/Parbatipur,1,0.5895
Sugarcane,BD55320021,26.8,152.1,1637.4,3489.5,17367.1,22673,4,,GAIBANDHA/Phulchhari,1,0.0734
Sugarcane,BD55320024,0.0,0.0,5930.6,17106.0,4139.3,27176,4,,GAIBANDHA/Gaibandha,1,0.235
Sugarcane,BD55320030,0.0,5524.8,14892.0,16287.9,1660.4,38365,4,,GAIBANDHA/Gobindaganj,1,0.3942
Sugarcane,BD55320067,0.0,3239.4,7108.5,4301.5,963.5,15613,3,,GAIBANDHA/Palashbari,1,0.4487
Sugarcane,BD55320082,1985.9,2663.6,9338.3,2718.8,3396.5,20103,4,,GAIBANDHA/Sadullapur,1,0.4641
Sugarcane,BD55320088,15.5,0.0,5642.7,6695.4,5983.3,18337,4,,GAIBANDHA/Shaghata,1,0.2277
Sugarcane,BD55320091,171.4,2633.4,6825.1,13821.5,9193.6,32645,4,,GAIBANDHA/Sundarganj,1,0.259
Sugarcane,BD55490006,2936.3,2756.6,6052.4,1288.4,6961.3,19995,4,,KURIGRAM/Bhurungamari,1,0.4214
Sugarcane,BD55490008,0.0,0.0,434.6,1764.0,6979.4,9178,4,,KURIGRAM/Rajibpur (Dhushmara),1,0.0621
Sugarcane,BD55490009,0.0,0.0,374.2,612.3,9456.5,10443,4,,KURIGRAM/Chilmari,1,0.0296
Sugarcane,BD55490018,416.8,3094.9,1365.7,5436.0,3245.6,13559,4,,KURIGRAM/Phulbari,1,0.3439
Sugarcane,BD55490052,0.0,1000.7,2720.9,4978.6,12545.8,21246,4,,KURIGRAM/Kurigram,1,0.1486
Sugarcane,BD55490061,380.9,6321.4,2584.8,15300.1,10311.9,34899,4,,KURIGRAM/Nageshwari,1,0.2805
Sugarcane,BD55490077,0.0,1165.3,7731.3,1755.4,3578.0,14230,4,,KURIGRAM/Rajarhat,1,0.3618
Sugarcane,BD55490079,0.0,0.0,698.3,2682.8,13561.0,16942,4,,KURIGRAM/Ruhumari,1,0.0523
Sugarcane,BD55490094,0.0,0.0,2453.2,986.3,23526.5,26966,4,,KURIGRAM/Ulipur,1,0.0528
Sugarcane,BD55520002,1277.1,804.7,2038.1,9298.3,3743.8,17162,4,,LALMONIRHAT/Aditmari,1,0.2797
Sugarcane,BD55520033,6738.6,1182.0,800.0,11329.5,100.9,20151,4,,LALMONIRHAT/Hatibanda,1,0.5136
Sugarcane,BD55520039,8090.7,709.4,1697.2,7803.4,2945.3,21246,4,,LALMONIRHAT/Kaliganj,1,0.5209
Sugarcane,BD55520055,4661.2,3833.6,2491.0,4821.6,5429.6,21237,4,,LALMONIRHAT/Lalmonirhat,1,0.468
Sugarcane,BD55520070,2384.7,5733.3,0.0,14070.0,0.0,22188,4,,LALMONIRHAT/Patgram,1,0.441
Sugarcane,BD55730012,2740.6,7362.2,170.2,15524.5,2289.5,28087,4,,NILPHAMARI/Dimla,1,0.4208
Sugarcane,BD55730015,3862.6,5914.6,2037.8,489.9,8556.0,20861,4,,NILPHAMARI/Domar,1,0.4655
Sugarcane,BD55730036,7314.8,4800.1,236.4,7637.1,5258.6,25247,4,,NILPHAMARI/Jaldhaka,1,0.507
Sugarcane,BD55730045,10933.9,2756.5,1374.1,1801.4,6845.2,23711,3,,NILPHAMARI/Kishorganj,1,0.5983
Sugarcane,BD55730064,5145.8,7207.3,3059.9,10283.4,7012.5,32709,4,,NILPHAMARI/Nilphamari,1,0.4433
Sugarcane,BD55730085,952.1,1288.6,1707.2,2708.5,3619.6,10276,4,,NILPHAMARI/Saidpur,1,0.3288
Sugarcane,BD55770004,1191.9,17859.7,450.5,657.0,0.0,20159,1,,PANCHAGARH/Atwari,1,0.7856
Sugarcane,BD55770025,2114.7,17794.9,4533.1,1962.8,67.5,26473,3,,PANCHAGARH/Boda,1,0.7181
Sugarcane,BD55770034,4238.8,9240.4,7088.6,3425.6,57.6,24051,3,,PANCHAGARH/Debiganj,1,0.6595
Sugarcane,BD55770073,1467.7,17745.5,11834.8,0.0,0.0,31048,2,,PANCHAGARH/Panchagar,1,0.6951
Sugarcane,BD55770090,3471.5,8600.2,4443.6,138.9,101.8,16756,1,,PANCHAGARH/Tetulia,1,0.752
Sugarcane,BD55850003,6905.3,6041.1,7091.0,5039.6,2212.9,27290,3,,RANGPUR/Badarganj,1,0.597
Sugarcane,BD55850027,6828.7,2114.9,2070.1,4830.3,2097.0,17941,4,,RANGPUR/Gangachara,1,0.5865
Sugarcane,BD55850042,795.3,674.8,1662.8,9133.5,385.6,12652,4,,RANGPUR/Kaunia,1,0.3156
Sugarcane,BD55850049,10613.6,2293.0,2316.0,5268.4,6273.1,26764,4,,RANGPUR/Rangpur,1,0.5477
Sugarcane,BD55850058,3425.3,14376.8,8846.0,11603.6,6371.3,44623,4,,RANGPUR/Mithapukur,1,0.4856
Sugarcane,BD55850073,1393.6,1881.4,1494.3,4444.1,13866.6,23080,4,,RANGPUR/Pirgachha,1,0.1965
Sugarcane,BD55850076,4089.4,10075.7,8925.1,11941.6,1306.1,36338,4,,RANGPUR/Pirganj,1,0.5229
Sugarcane,BD55850092,2389.6,896.1,1248.4,6533.0,428.9,11496,4,,RANGPUR/Taraganj,1,0.4382
Sugarcane,BD55940008,0.0,16819.8,3933.1,4812.1,0.0,25565,3,,THAKURGAON/Baliadangi,1,0.6409
Sugarcane,BD55940051,1766.2,4627.1,7488.1,3780.8,404.8,18067,3,,THAKURGAON/Haripur,1,0.5517
Sugarcane,BD55940082,7878.0,7240.9,8095.4,3463.0,3972.7,30650,3,,THAKURGAON/Pirganj,1,0.6007
Sugarcane,BD55940086,9520.1,6471.1,3397.7,7655.0,308.1,27352,3,,THAKURGAON/Ranisonkail,1,0.6554
Sugarcane,BD55940094,10218.4,35676.8,8321.8,6032.5,33.4,60283,2,,THAKURGAON/Thakurgaon,1,0.732
Sugarcane,BD60360002,0.0,0.0,0.0,0.0,15951.0,15951,4,,HABIGANJ/Ajmiriganj,1,0.0
Sugarcane,BD60360005,0.0,429.6,12794.2,0.0,9082.2,22306,4,,HABIGANJ/Bahubal,1,0.3022
Sugarcane,BD60360011,0.0,188.6,762.6,0.0,42303.8,43255,4,,HABIGANJ/Baniyachang,1,0.0123
Sugarcane,BD60360026,0.0,8216.3,10197.3,154.0,9540.4,28108,4,,HABIGANJ/Chunarughat,1,0.4163
Sugarcane,BD60360044,0.0,1007.1,6658.2,199.8,14099.8,21965,4,,HABIGANJ/Habiganj,1,0.1901
Sugarcane,BD60360068,0.0,42.1,1186.9,0.0,15884.0,17113,4,,HABIGANJ/Lakhai,1,0.0366
Sugarcane,BD60360071,357.3,4031.9,5443.9,7587.4,7961.6,25382,4,,HABIGANJ/Madhabpur,1,0.3082
Sugarcane,BD60360077,0.0,1606.7,5604.2,1722.0,27252.1,36185,4,,HABIGANJ/Nabiganj,1,0.1225
Sugarcane,BD60580014,0.0,15330.6,2812.6,2930.1,18218.7,39292,4,,MOULVI BAZAR/Barlekha,1,0.3628
Sugarcane,BD60580056,27.7,15945.4,1941.3,1543.1,11122.5,30580,3,,MOULVI BAZAR/Kamalganj,1,0.4599
Sugarcane,BD60580065,0.0,25097.7,709.4,3628.6,14264.3,43700,3,,MOULVI BAZAR/Kulaura,1,0.4842
Sugarcane,BD60580074,7.5,791.0,256.1,8414.3,17710.0,27179,4,,MOULVI BAZAR/Moulvi Bazar,1,0.0902
Sugarcane,BD60580080,0.0,3333.5,205.9,4967.0,14535.7,23042,4,,MOULVI BAZAR/Rajnagar,1,0.1633
Sugarcane,BD60580083,0.0,12543.4,1233.5,0.0,18855.1,32632,4,,MOULVI BAZAR/Srimangal,1,0.3264
Sugarcane,BD60900018,0.0,1975.5,1436.7,3053.1,11211.7,17677,4,,SUNAMGANJ/Bishambarpur,1,0.1646
Sugarcane,BD60900023,0.0,1674.7,1550.1,6177.0,25627.2,35029,4,,SUNAMGANJ/Chhatak,1,0.0956
Sugarcane,BD60900029,0.0,745.1,2358.2,0.0,34177.7,37281,4,,SUNAMGANJ/Dirai,1,0.0476
Sugarcane,BD60900032,0.0,66.3,1085.2,853.2,37269.3,39274,4,,SUNAMGANJ/Dharmapasha,1,0.0195
Sugarcane,BD60900033,0.0,5213.2,7396.8,569.6,16951.4,30131,4,,SUNAMGANJ/Dwarabazar,1,0.2649
Sugarcane,BD60900047,0.0,754.9,4073.4,707.7,26595.0,32131,4,,SUNAMGANJ/Jagannathpur,1,0.0866
Sugarcane,BD60900050,0.0,6.0,0.0,53.8,28485.2,28545,4,,SUNAMGANJ/Jamalganj,1,0.0005
Sugarcane,BD60900086,0.0,0.0,194.8,0.0,22103.2,22298,4,,SUNAMGANJ/Sulla,1,0.0044
Sugarcane,BD60900089,0.0,306.1,688.8,1042.7,50221.4,52259,4,,SUNAMGANJ/Sunamganj,1,0.0153
Sugarcane,BD60900092,0.0,1617.0,95.1,5268.2,15694.7,22675,4,,SUNAMGANJ/Tahirpur,1,0.1056
Sugarcane,BD60910008,0.0,1072.6,1290.0,7319.7,21335.7,31018,4,,SYLHET/Balaganj,1,0.0957
Sugarcane,BD60910017,20.1,4400.0,1457.7,3096.0,9074.2,18048,4,,SYLHET/Beani Bazar,1,0.2708
Sugarcane,BD60910020,0.0,405.2,57.9,9914.0,6389.8,16767,4,,SYLHET/Bishwanath,1,0.1393
Sugarcane,BD60910027,0.0,5074.2,1017.0,1126.4,21346.5,28564,4,,SYLHET/Companiganj,1,0.1678
Sugarcane,BD60910035,0.0,2116.1,360.5,752.4,5407.9,8637,4,,SYLHET/Fenchuganj,1,0.2343
Sugarcane,BD60910038,5.3,6891.2,1676.2,1979.6,5624.7,16177,4,,SYLHET/Golapganj,1,0.4174
Sugarcane,BD60910041,0.0,11247.2,818.8,2463.8,30042.2,44572,4,,SYLHET/Gowainghat,1,0.2221
Sugarcane,BD60910053,0.0,4601.6,115.2,3366.8,8956.3,17040,4,,SYLHET/Jaintapur,1,0.2589
Sugarcane,BD60910059,29.4,4362.5,514.1,7784.9,17222.2,29913,4,,SYLHET/Kanaighat,1,0.1783
Sugarcane,BD60910062,0.0,10324.4,471.7,9118.1,16874.8,36789,4,,SYLHET/Sylhet,1,0.2805
Sugarcane,BD60910094,0.0,3174.7,224.8,5654.1,10226.5,19280,4,,SYLHET/Zakiganj,1,0.1962
Wheat,BD10040009,0.0,8.1,1127.0,26098.2,16936.7,44170,4,,BARGUNA/Amtali,1,0.1311
Wheat,BD10040019,0.0,2279.2,4907.3,15.5,0.0,7202,2,,BARGUNA/Bamna,1,0.5943
Wheat,BD10040028,0.0,112.4,5188.7,16064.2,3911.6,25277,4,,BARGUNA/Borguna,1,0.2333
Wheat,BD10040047,0.0,3470.4,4934.5,176.0,2710.1,11291,2,,BARGUNA/Betagi,1,0.4675
Wheat,BD10040085,0.0,297.3,1180.5,16247.6,1897.6,19623,4,,BARGUNA/Patharghata,1,0.2078
Wheat,BD10060002,37.3,4335.8,0.0,7044.7,1455.2,12873,4,,BARISAL/Agailjhara,1,0.3818
Wheat,BD10060003,759.5,9045.9,1019.5,0.0,0.0,10825,1,,BARISAL/Babuganj,1,0.7858
Wheat,BD10060007,602.5,9280.1,16786.2,1748.9,3213.3,31631,2,,BARISAL/Bakerganj,1,0.5302
Wheat,BD10060010,182.1,2024.9,786.6,65.6,7057.9,10117,4,,BARISAL/Banaripara,1,0.2183
Wheat,BD10060032,2840.4,5456.8,65.9,1944.1,164.8,10472,1,,BARISAL/Gaurnadi,1,0.7284
Wheat,BD10060036,7425.1,10641.6,0.0,0.0,1587.4,19654,1,,BARISAL/Hizla,1,0.8109
Wheat,BD10060051,1911.8,11849.5,5373.6,0.0,86.1,19221,3,,BARISAL/Barisal,1,0.7324
Wheat,BD10060062,4752.1,20838.2,0.0,0.0,18.7,25609,1,,BARISAL/Mehendiganj,1,0.8365
Wheat,BD10060069,6605.8,11831.5,210.7,63.2,73.7,18785,1,,BARISAL/Muladi,1,0.8618
Wheat,BD10060094,276.0,7105.1,1004.9,5229.8,5916.2,19532,4,,BARISAL/Ujirpur,1,0.3844
Wheat,BD10090018,3191.5,19502.0,0.0,228.0,551.5,23473,1,,BHOLA/Bhola,1,0.8026
Wheat,BD10090021,13.5,8524.3,776.8,9179.5,141.8,18636,4,,BHOLA/Burhanuddin,1,0.486
Wheat,BD10090025,0.0,87.9,3744.0,27130.9,13719.2,44682,4,,BHOLA/Char Fasson,1,0.1649
Wheat,BD10090029,0.0,8215.6,0.0,186.4,0.0,8402,1,,BHOLA/Daulatkhan,1,0.7867
Wheat,BD10090054,0.0,7460.6,9042.7,1652.4,3403.3,21559,2,,BHOLA/Lalmohan,1,0.5019
Wheat,BD10090065,0.0,0.0,135.5,0.0,15262.5,15398,4,,BHOLA/Monpura,1,0.0044
Wheat,BD10090091,0.0,5339.6,4088.3,0.0,757.1,10185,2,,BHOLA/Tajumuddin,1,0.6201
Wheat,BD10420040,0.0,3183.9,9012.1,706.7,2834.3,15737,2,,JHALAKATI/Jhalakati,1,0.4572
Wheat,BD10420043,0.0,1903.8,3247.2,79.0,6710.0,11940,4,,JHALAKATI/Kathalia,1,0.2649
Wheat,BD10420073,0.0,4526.7,10730.3,0.0,0.0,15257,2,,JHALAKATI/Nalchiti,1,0.589
Wheat,BD10420084,0.0,3227.8,6928.8,2020.0,261.3,12438,2,,JHALAKATI/Rajapur,1,0.5186
Wheat,BD10780038,54.8,10041.6,25775.6,182.7,18.3,36073,2,,PATUAKHALI/Bauphal,1,0.5825
Wheat,BD10780052,0.0,3454.7,10167.4,359.2,2881.8,16863,2,,PATUAKHALI/Dashmina,1,0.4696
Wheat,BD10780057,0.0,720.7,20469.6,8423.7,30138.1,59752,4,,PATUAKHALI/Galachipa,1,0.2091
Wheat,BD10780066,0.0,0.0,0.0,15253.8,20012.2,35266,4,,PATUAKHALI/Kalapara,1,0.0865
Wheat,BD10780076,0.0,1931.3,4890.0,1684.8,3492.9,11999,4,,PATUAKHALI/Mirzaganj,1,0.3606
Wheat,BD10780095,0.0,9805.9,13728.3,5614.4,1061.3,30210,2,,PATUAKHALI/Patuakhali,1,0.5241
Wheat,BD10790014,0.0,3128.8,4421.7,1578.7,1285.8,10415,2,,PIROJPUR/Bhandaria,1,0.4829
Wheat,BD10790047,0.0,668.4,12.5,4135.1,0.0,4816,4,,PIROJPUR/Kawkhali,1,0.284
Wheat,BD10790058,0.0,436.8,9232.7,11604.8,1612.7,22887,4,,PIROJPUR/Mathbaria,1,0.3184
Wheat,BD10790076,784.4,1109.4,946.9,3300.1,10529.2,16670,4,,PIROJPUR/Nazirpur,1,0.1683
Wheat,BD10790080,0.0,3120.1,2775.5,11582.6,2820.8,20299,4,,PIROJPUR/Pirojpur,1,0.3055
Wheat,BD10790087,0.0,48.9,838.0,1896.3,8771.8,11555,4,,PIROJPUR/Sarupkati,1,0.0725
Wheat,BD20030004,287.0,747.6,0.0,0.0,22429.4,23464,4,,BANDARBAN/Alikadam,1,0.0377
Wheat,BD20030014,101.8,0.0,0.0,0.0,15244.2,15346,4,,BANDARBAN/Bandarban,1,0.0066
Wheat,BD20030051,543.1,5.3,0.0,0.0,15915.6,16464,4,,BANDARBAN/Lama,1,0.0332
Wheat,BD20030073,141.0,7.9,0.0,0.0,8102.0,8251,4,,BANDARBAN/Naikhongchhari,1,0.0179
Wheat,BD20030089,40.3,0.0,0.0,0.0,10233.7,10274,4,,BANDARBAN/Rowangchhari,1,0.0039
Wheat,BD20030091,0.0,0.0,0.0,0.0,7396.0,7396,4,,BANDARBAN/Ruma,1,0.0
Wheat,BD20030095,71.4,14.5,0.0,0.0,5512.2,5598,4,,BANDARBAN/Thanchi,1,0.0148
Wheat,BD20120002,402.0,2327.5,1163.8,1650.4,3216.2,8760,4,,BRAHMANBARIA/Akhaura,1,0.3626
Wheat,BD20120004,1399.0,6004.5,559.6,0.0,6601.9,14565,4,,BRAHMANBARIA/Banchharampur,1,0.4451
Wheat,BD20120013,0.0,21515.9,5169.7,23.3,16377.2,43086,4,,BRAHMANBARIA/Brahmanbaria,1,0.4596
Wheat,BD20120063,1207.4,12202.4,407.5,30.2,3667.5,17515,3,,BRAHMANBARIA/Kasba,1,0.6383
Wheat,BD20120085,1033.8,19836.8,831.9,0.0,7406.5,29109,3,,BRAHMANBARIA/Nabinagar,1,0.595
Wheat,BD20120090,15.7,14744.7,0.0,0.0,11060.5,25821,3,,BRAHMANBARIA/Nasirnagar,1,0.4574
Wheat,BD20120094,281.2,7213.6,553.5,0.0,10455.7,18504,4,,BRAHMANBARIA/Sarail,1,0.342
Wheat,BD20130022,490.0,11352.2,223.2,0.0,435.6,12501,1,,CHANDPUR/Chandpur,1,0.7746
Wheat,BD20130045,5574.7,7640.3,1799.9,0.0,628.1,15643,1,,CHANDPUR/Faridganj,1,0.8046
Wheat,BD20130047,1501.6,5091.9,4.5,0.0,0.0,6598,1,,CHANDPUR/Haimchar,1,0.8453
Wheat,BD20130049,0.0,7889.0,3314.9,0.0,2268.1,13472,2,,CHANDPUR/Hajiganj,1,0.5915
Wheat,BD20130058,168.4,6876.1,2175.3,0.0,8573.2,17793,4,,CHANDPUR/Kachua,1,0.3798
Wheat,BD20130076,527.3,17775.6,2972.5,0.0,5338.6,26614,3,Matlab,CHANDPUR/Matlab,1,0.61
Wheat,BD20130079,527.3,17775.6,2972.5,0.0,5338.6,26614,3,Matlab,CHANDPUR/Matlab,1,0.61
Wheat,BD20130095,0.0,5634.1,4016.3,0.0,2166.5,11817,2,,CHANDPUR/Shahrasti,1,0.5514
Wheat,BD20150004,0.0,1372.5,5155.7,1548.5,1384.3,9461,3,,CHITTAGONG/Anwara,1,0.4213
Wheat,BD20150008,1840.8,4632.5,5216.7,2886.8,11452.2,26029,4,,CHITTAGONG/Banskhali,1,0.3355
Wheat,BD20150012,4470.4,2343.8,0.0,0.0,178.8,6993,1,,CHITTAGONG/Boalkhali,1,0.9074
Wheat,BD20150018,3305.3,1720.2,240.0,0.0,6100.5,11366,4,,CHITTAGONG/Chandanais,1,0.4224
Wheat,BD20150033,3349.1,3845.4,755.1,237.5,15460.9,23648,4,,CHITTAGONG/Fatikchhari,1,0.2897
Wheat,BD20150037,1810.6,4209.1,881.7,949.9,4665.7,12517,4,,CHITTAGONG/Hathazari,1,0.4641
Wheat,BD20150047,5.4,456.3,268.4,0.0,11778.9,12509,4,,CHITTAGONG/Lohagora,1,0.0403
Wheat,BD20150053,4568.4,5966.3,3887.9,379.8,7907.6,22710,4,,CHITTAGONG/Mirsharai,1,0.5003
Wheat,BD20150061,1998.2,3293.4,2451.3,110.6,4135.5,11989,4,,CHITTAGONG/Patia,1,0.4905
Wheat,BD20150070,3385.9,2755.5,3073.5,390.5,9945.6,19551,4,,CHITTAGONG/Rangunia,1,0.3685
Wheat,BD20150074,3324.6,5851.5,1612.1,94.8,3001.0,13884,2,,CHITTAGONG/Rauzan,1,0.636
Wheat,BD20150078,0.0,0.0,4055.2,16987.1,6344.7,27387,4,,CHITTAGONG/Sandwip,1,0.1981
Wheat,BD20150082,3971.7,3277.0,2489.6,0.0,6698.7,16437,4,,CHITTAGONG/Satkania,1,0.4769
Wheat,BD20150086,1161.6,1786.8,2460.4,157.3,3710.8,9277,4,,CHITTAGONG/Sitakunda,1,0.4153
Wheat,BD20151600,0.0,0.0,0.0,0.0,0.0,0,4,,CHITTAGONG/Patenga; CHITTAGONG/Double Mooring; CHITTAGONG/Panchlais,3,
Wheat,BD20190009,344.2,17566.0,573.6,0.0,47.2,18531,1,,COMILLA/Barura,1,0.7924
Wheat,BD20190015,122.9,6874.1,1851.0,122.9,1536.1,10507,3,,COMILLA/Brahmanpara,1,0.6255
Wheat,BD20190018,1567.9,6343.2,2155.0,587.1,2147.8,12801,3,,COMILLA/Burichang,1,0.6122
Wheat,BD20190027,0.0,4516.4,3411.6,6.9,7657.0,15592,4,,COMILLA/Chandina,1,0.3412
Wheat,BD20190031,902.5,15720.3,3664.0,0.0,1635.3,21922,1,,COMILLA/Chauddagram,1,0.6984
Wheat,BD20190036,20.2,2090.7,0.0,0.0,37531.1,39642,4,,COMILLA/Daudkandi,1,0.0427
Wheat,BD20190040,905.7,14063.3,1383.5,221.1,2189.4,18763,1,,COMILLA/Debiduar,1,0.6871
Wheat,BD20190054,49.9,907.3,149.8,0.0,12643.9,13751,4,,COMILLA/Homna,1,0.0619
Wheat,BD20190067,1621.5,2374.6,10328.3,883.7,5363.9,20572,3,,COMILLA/Comilla,1,0.4308
Wheat,BD20190072,48.3,28393.3,655.0,0.0,4302.4,33399,1,,COMILLA/Laksham,1,0.6914
Wheat,BD20190081,530.3,13265.0,1112.9,903.8,13250.1,29062,4,,COMILLA/Muradnagar,1,0.4088
Wheat,BD20190087,0.0,18068.8,795.9,0.0,405.3,19270,1,,COMILLA/Nangalkot,1,0.7708
Wheat,BD20220016,3346.5,2722.4,1872.4,9201.3,20233.4,37376,4,,COX'S BAZAR/Chakaria,1,0.2221
Wheat,BD20220024,947.2,947.2,1689.2,2139.1,10545.4,16268,4,,COX'S BAZAR/Cox's Bazar,1,0.183
Wheat,BD20220045,0.0,0.0,950.8,4899.5,659.7,6510,4,,COX'S BAZAR/Kutubdia,1,0.2235
Wheat,BD20220049,0.0,89.8,538.7,2929.4,12565.1,16123,4,,COX'S BAZAR/Moheshkhali,1,0.0575
Wheat,BD20220066,2120.1,1175.8,282.2,57.9,11418.0,15054,4,,COX'S BAZAR/Ramu,1,0.2135
Wheat,BD20220090,0.0,48.8,869.6,1308.4,10833.2,13060,4,,COX'S BAZAR/Teknaf,1,0.0563
Wheat,BD20220094,288.9,403.9,93.2,3.1,7465.9,8255,4,,COX'S BAZAR/Ukhia,1,0.0799
Wheat,BD20300014,3175.0,6487.6,927.4,0.0,4.0,10594,1,,FENI/Chhagalnaiya,1,0.8334
Wheat,BD20300025,6237.4,2777.4,0.0,0.0,3350.2,12365,1,,FENI/Daganbhuiya,1,0.6841
Wheat,BD20300029,4242.0,9998.4,308.1,0.0,1042.5,15591,1,,FENI/Feni,1,0.795
Wheat,BD20300051,995.8,11225.6,4707.5,0.0,0.0,16929,3,,FENI/Parshuram,1,0.7283
Wheat,BD20300094,1313.7,12198.6,2913.8,493.9,0.0,16920,1,,FENI/Sonagazi,1,0.7464
Wheat,BD20460043,1092.5,0.0,0.0,0.0,14493.5,15586,4,,KHAGRACHHARI/Dighinala,1,0.0701
Wheat,BD20460049,781.1,3.2,0.0,0.0,7785.6,8570,4,,KHAGRACHHARI/Khagrachhari,1,0.0915
Wheat,BD20460061,193.4,0.0,0.0,0.0,4406.6,4600,4,,KHAGRACHHARI/Laksmichhari,1,0.0421
Wheat,BD20460065,549.8,0.0,0.0,0.0,7942.2,8492,4,,KHAGRACHHARI/Mohalchhari,1,0.0647
Wheat,BD20460067,547.4,0.0,0.0,0.0,6312.6,6860,4,,KHAGRACHHARI/Manikchhari,1,0.0798
Wheat,BD20460070,550.9,133.5,0.0,0.0,17970.6,18655,4,,KHAGRACHHARI/Matiranga,1,0.0353
Wheat,BD20460077,610.5,0.0,0.0,0.0,9269.5,9880,4,,KHAGRACHHARI/Panchhari,1,0.0618
Wheat,BD20460080,139.7,0.0,0.0,0.0,9592.3,9732,4,,KHAGRACHHARI/Ramgarh,1,0.0144
Wheat,BD20510043,4745.8,26601.2,1158.4,307.3,112.3,32925,1,,LAKSHMIPUR/Laksmipur,1,0.8099
Wheat,BD20510058,3281.1,6934.4,343.6,0.0,0.0,10559,1,,LAKSHMIPUR/Raipur,1,0.8524
Wheat,BD20510065,961.3,4997.2,4956.3,0.0,1561.2,12476,2,,LAKSHMIPUR/Ramganj,1,0.5961
Wheat,BD20510073,0.0,2286.3,5198.1,26452.1,2740.5,36677,4,,LAKSHMIPUR/Ramgati,1,0.265
Wheat,BD20750007,1047.5,3611.0,2843.2,0.0,23084.3,30586,4,,NOAKHALI/Begumganj,1,0.1752
Wheat,BD20750010,87.2,5068.9,1208.1,0.0,2627.9,8992,3,,NOAKHALI/Chatkhil,1,0.5278
Wheat,BD20750021,0.0,10533.3,3045.3,9162.2,4548.2,27289,4,,NOAKHALI/Companiganj,1,0.4317
Wheat,BD20750036,0.0,0.0,5969.4,8785.4,21522.2,36277,4,,NOAKHALI/Hatiya,1,0.1307
Wheat,BD20750080,3327.4,4676.4,788.6,0.0,3569.6,12362,3,,NOAKHALI/Senbag,1,0.6037
Wheat,BD20750087,471.9,24453.7,8994.1,9839.2,24179.1,67938,4,,NOAKHALI/Noakhali,1,0.3901
Wheat,BD20840007,477.4,73.4,240.7,0.0,16333.4,17125,4,,RANGAMATI/Baghaichhari,1,0.0383
Wheat,BD20840021,108.3,5.8,0.0,0.0,10198.9,10313,4,,RANGAMATI/Barkal,1,0.0109
Wheat,BD20840025,131.5,0.0,0.0,0.0,12689.5,12821,4,,RANGAMATI/Kawkhali (Betbunia),1,0.0103
Wheat,BD20840029,74.1,0.0,0.0,0.0,5662.9,5737,4,,RANGAMATI/Belaichhari,1,0.0129
Wheat,BD20840036,121.6,5.5,0.0,0.0,5961.9,6089,4,,RANGAMATI/Kaptai,1,0.0207
Wheat,BD20840047,111.1,0.0,0.0,0.0,11958.9,12070,4,,RANGAMATI/Juraichhari,1,0.0092
Wheat,BD20840058,537.4,8.0,585.2,0.0,12495.5,13626,4,,RANGAMATI/Langadu,1,0.0614
Wheat,BD20840075,382.9,0.0,0.0,0.0,10050.1,10433,4,,RANGAMATI/Nannerchar,1,0.0367
Wheat,BD20840078,27.0,1.2,2.5,0.0,3589.3,3620,4,,RANGAMATI/Rajasthali,1,0.0081
Wheat,BD20840087,185.8,37.2,0.0,0.0,8323.0,8546,4,,RANGAMATI/Rangamati,1,0.0252
Wheat,BD30260014,4811.5,10914.1,3897.3,256.6,6503.5,26383,3,,DHAKA/Dhamrai,1,0.5891
Wheat,BD30260018,3652.5,2804.1,706.9,0.0,1704.5,8868,1,,DHAKA/Dohar,1,0.7047
Wheat,BD30260038,1961.6,2160.1,1228.9,1175.5,6694.0,13220,4,,DHAKA/Keraniganj,1,0.3434
Wheat,BD30260062,1448.3,3331.7,1976.7,1429.7,11331.6,19518,4,,DHAKA/Nawabganj,1,0.2761
Wheat,BD30260072,1596.4,6801.6,1229.4,3969.6,9810.9,23408,4,,DHAKA/Savar,1,0.3608
Wheat,BD30262000,0.0,0.0,0.0,0.0,0.0,0,4,Dhaka Metro,DHAKA/Dhaka Metro,1,
Wheat,BD30262500,0.0,0.0,0.0,0.0,0.0,0,4,Dhaka Metro,DHAKA/Dhaka Metro,1,
Wheat,BD30290003,2041.5,2658.0,0.0,5285.7,555.9,10541,4,,FARIDPUR/Alfadanga,1,0.4957
Wheat,BD30290010,777.2,5387.1,388.6,8457.9,2141.1,17152,4,,FARIDPUR/Bhanga,1,0.4065
Wheat,BD30290018,3360.6,12880.4,0.0,5542.6,1003.4,22787,3,,FARIDPUR/Boalmari,1,0.6483
Wheat,BD30290021,7000.3,14.1,0.0,944.6,0.0,7959,1,,FARIDPUR/Char Bhadrasan,1,0.9047
Wheat,BD30290047,15156.5,13246.2,0.0,2538.6,192.7,31134,1,,FARIDPUR/Faridpur,1,0.8435
Wheat,BD30290056,1880.6,11794.1,0.0,2530.6,1578.7,17784,1,,FARIDPUR/Madhukhali,1,0.6648
Wheat,BD30290062,2983.4,9377.3,58.9,18658.9,1296.5,32375,4,,FARIDPUR/Nagarkanda,1,0.44
Wheat,BD30290084,12949.2,3202.9,137.6,4861.7,137.6,21289,1,,FARIDPUR/Sadarpur,1,0.7775
Wheat,BD30330030,120.0,12610.0,3710.0,3920.0,16680.0,37040,4,,GAZIPUR/Gazipur,1,0.3468
Wheat,BD30330032,2170.9,8249.6,2662.5,4399.2,10002.7,27485,4,,GAZIPUR/Kaliakoir,1,0.3996
Wheat,BD30330034,305.8,2684.1,2225.5,4467.9,9054.7,18738,4,,GAZIPUR/Kaliganj,1,0.238
Wheat,BD30330036,2316.1,7193.0,4281.5,10577.4,7087.0,31455,4,,GAZIPUR/Kapasia,1,0.3919
Wheat,BD30330086,110.1,13098.6,4318.2,10008.1,16112.9,43648,4,,GAZIPUR/Sripur,1,0.3379
Wheat,BD30350032,1037.6,7789.8,5531.1,4070.5,14135.0,32564,4,,GOPALGANJ/Gopalganj,1,0.3332
Wheat,BD30350043,2724.5,6761.5,3341.7,2781.2,7336.2,22945,4,,GOPALGANJ/Kasiani,1,0.4515
Wheat,BD30350051,24.2,3292.2,1371.7,0.0,27773.9,32462,4,,GOPALGANJ/Kotalipara,1,0.103
Wheat,BD30350058,1486.9,3613.0,4134.8,5015.2,10102.1,24352,4,,GOPALGANJ/Muksudpur,1,0.3058
Wheat,BD30350091,2011.8,784.1,632.1,2491.9,4923.1,10843,4,,GOPALGANJ/Tungipara,1,0.3185
Wheat,BD30480002,0.0,1555.0,0.0,0.0,23949.0,25504,4,,KISHOREGANJ/Ashtagram,1,0.0488
Wheat,BD30480006,229.5,8238.6,742.0,114.7,5324.1,14649,3,,KISHOREGANJ/Bajitpur,1,0.4925
Wheat,BD30480011,1720.3,5553.8,0.0,0.0,33.9,7308,1,,KISHOREGANJ/Bhairab,1,0.8434
Wheat,BD30480027,2010.8,6707.6,14.4,330.4,193.9,9257,1,,KISHOREGANJ/Hossainpur,1,0.8048
Wheat,BD30480033,0.0,2480.9,930.4,0.0,33875.7,37287,4,,KISHOREGANJ/Itna,1,0.0657
Wheat,BD30480042,0.0,8697.9,2396.8,15.1,5125.3,16235,3,,KISHOREGANJ/Karimganj,1,0.5026
Wheat,BD30480045,243.2,12143.9,2109.8,0.0,2832.1,17329,1,,KISHOREGANJ/Katiadi,1,0.6355
Wheat,BD30480049,0.0,10746.9,671.3,111.9,1006.9,12537,1,,KISHOREGANJ/Kishoreganj,1,0.7143
Wheat,BD30480054,365.0,6805.7,0.0,0.0,897.3,8068,1,,KISHOREGANJ/Kuliarchar,1,0.7201
Wheat,BD30480059,0.0,1552.8,889.7,0.0,16636.4,19079,4,,KISHOREGANJ/Mithamoin,1,0.0884
Wheat,BD30480076,0.0,2082.5,1769.7,0.0,12692.7,16545,4,,KISHOREGANJ/Nikli,1,0.1542
Wheat,BD30480079,1171.8,11569.3,1515.5,289.0,398.4,14944,1,,KISHOREGANJ/Pakundia,1,0.7523
Wheat,BD30480092,0.0,4182.5,4198.5,0.0,3999.0,12380,3,,KISHOREGANJ/Tarail,1,0.4398
Wheat,BD30540040,3039.7,9248.4,2831.3,3794.2,3456.5,22370,3,,MADARIPUR/Kalkini,1,0.5638
Wheat,BD30540054,5178.8,4970.4,2061.1,5260.6,5149.0,22620,4,,MADARIPUR/Madaripur,1,0.4968
Wheat,BD30540080,1027.8,3013.3,1144.6,4913.2,9725.1,19824,4,,MADARIPUR/Rajoir,1,0.2519
Wheat,BD30540087,6548.5,4957.6,3818.1,6141.6,799.1,22265,4,,MADARIPUR/Sibchar,1,0.6132
Wheat,BD30560010,8275.8,2431.5,2579.1,1155.0,3030.7,17472,3,,MANIKGANJ/Daulatpur,1,0.672
Wheat,BD30560022,932.4,1019.1,1040.8,5507.4,3093.4,11593,4,,MANIKGANJ/Ghior,1,0.2906
Wheat,BD30560028,1635.3,1530.2,1785.3,3080.5,4815.7,12847,4,,MANIKGANJ/Harirampur,1,0.34
Wheat,BD30560046,7318.5,4740.4,2295.3,781.7,2761.1,17897,2,,MANIKGANJ/Manikganj,1,0.6937
Wheat,BD30560070,4849.7,4173.3,1532.6,0.0,971.4,11527,1,,MANIKGANJ/Saturia,1,0.7768
Wheat,BD30560078,1859.7,750.5,983.0,8083.0,1487.8,13164,4,,MANIKGANJ/Sibalay,1,0.347
Wheat,BD30560082,5501.3,5486.4,2695.0,185.6,3496.8,17365,2,,MANIKGANJ/Singair,1,0.6493
Wheat,BD30590024,704.6,2607.8,0.0,0.0,5944.6,9257,4,,MUNSHIGANJ/Gozaria,1,0.3015
Wheat,BD30590044,321.6,1095.9,1786.8,0.0,4234.7,7439,4,,MUNSHIGANJ/Lohajang,1,0.2812
Wheat,BD30590056,3259.7,4059.3,1336.8,0.0,1532.2,10188,2,,MUNSHIGANJ/Munshiganj,1,0.7043
Wheat,BD30590074,3099.9,3166.0,1041.6,1372.2,6464.3,15144,4,,MUNSHIGANJ/Serajdikhan,1,0.4245
Wheat,BD30590084,1248.4,1383.9,1426.7,71.3,10757.6,14888,4,,MUNSHIGANJ/Srinagar,1,0.2071
Wheat,BD30590094,753.9,1459.5,1563.2,0.0,4468.3,8245,4,,MUNSHIGANJ/Tongibari,1,0.3279
Wheat,BD30670002,2660.5,1177.2,176.9,3218.5,5600.0,12833,4,,NARAYANGANJ/Araihazar,1,0.3378
Wheat,BD30670004,1946.3,3653.4,519.6,1566.9,5937.8,13624,4,,NARAYANGANJ/Sonargaon,1,0.3995
Wheat,BD30670006,0.0,0.0,0.0,0.0,0.0,0,4,,NARAYANGANJ/Bandar,1,
Wheat,BD30670058,0.0,0.0,0.0,0.0,0.0,0,4,,NARAYANGANJ/Narayanganj,1,
Wheat,BD30670068,785.5,1565.3,1277.1,3158.8,8408.4,15195,4,,NARAYANGANJ/Rupganj,1,0.2177
Wheat,BD30680007,2356.3,3490.3,589.1,1413.8,1369.6,9219,3,,NARSINGDI/Belabo,1,0.6211
Wheat,BD30680052,6281.0,3488.6,1234.7,1995.6,2139.1,15139,3,,NARSINGDI/Manohardi,1,0.6664
Wheat,BD30680060,5617.9,2329.0,525.9,2646.2,5576.1,16695,4,,NARSINGDI/Narsingdi,1,0.4956
Wheat,BD30680063,1852.0,926.0,545.1,1359.5,1740.4,6423,4,,NARSINGDI/Palas,1,0.4884
Wheat,BD30680064,7340.0,5460.7,1170.7,2826.6,7031.9,23830,3,,NARSINGDI/Raipura,1,0.5396
Wheat,BD30680076,5389.6,3477.4,1872.9,2259.3,3254.7,16254,3,,NARSINGDI/Sibpur,1,0.5882
Wheat,BD30820007,2667.2,9108.4,0.0,4468.3,2344.1,18588,3,,RAJBARI/Baliakandi,1,0.5836
Wheat,BD30820029,9093.4,35.7,0.0,1070.9,0.0,10200,1,,RAJBARI/Goalanda,1,0.9153
Wheat,BD30820073,14399.7,13555.6,0.0,4545.0,764.7,33265,1,,RAJBARI/Pangsha,1,0.7862
Wheat,BD30820076,12774.7,5196.1,0.0,3518.9,760.2,22250,1,,RAJBARI/Rajbari,1,0.7926
Wheat,BD30860014,3842.4,1376.6,8214.3,1717.0,2087.6,17238,3,,SHARIATPUR/Bhedarganj,1,0.545
Wheat,BD30860025,843.7,1167.0,993.5,3414.3,993.5,7412,4,,SHARIATPUR/Damudya,1,0.3989
Wheat,BD30860036,1533.5,4761.5,2970.6,2702.5,1555.0,13523,3,,SHARIATPUR/Goshairhat,1,0.5449
Wheat,BD30860065,1828.6,4307.6,2685.0,5247.7,1410.1,15479,4,,SHARIATPUR/Naria,1,0.4953
Wheat,BD30860069,1326.1,4703.6,0.0,4817.0,351.4,11198,3,,SHARIATPUR/Palong (Sadar),1,0.5405
Wheat,BD30860094,5027.8,6942.8,1126.1,2897.6,1025.6,17020,3,,SHARIATPUR/Janjira,1,0.6889
Wheat,BD30930009,492.0,5299.9,5657.7,0.0,1647.4,13097,2,,TANGAIL/Basail,1,0.5773
Wheat,BD30930019,8121.9,7563.0,331.2,269.1,641.7,16927,1,,TANGAIL/Bhuapur,1,0.8502
Wheat,BD30930023,3778.8,10004.5,14.5,195.5,21.7,14015,1,,TANGAIL/Delduar,1,0.844
Wheat,BD30930028,7158.6,12216.0,5448.4,14700.0,1417.1,40940,4,,TANGAIL/Ghatail,1,0.5519
Wheat,BD30930038,1363.2,13638.5,1136.0,0.0,929.4,17067,1,,TANGAIL/Gopalpur,1,0.7524
Wheat,BD30930047,9398.3,9425.8,2953.7,227.2,784.9,22790,1,,TANGAIL/Kalihati,1,0.8101
Wheat,BD30930057,8068.3,11975.5,3503.7,18064.1,1165.4,42777,4,,TANGAIL/Madhupur,1,0.538
Wheat,BD30930066,29.9,14513.3,1546.2,6214.7,8111.9,30416,4,,TANGAIL/Mirzapur,1,0.449
Wheat,BD30930076,7678.4,10568.4,595.0,361.3,255.0,19458,1,,TANGAIL/Nagarpur,1,0.8481
Wheat,BD30930085,602.0,11330.0,12450.4,14607.7,1939.9,40930,4,,TANGAIL/Shakhipur,1,0.4596
Wheat,BD30930095,11433.3,9873.0,735.9,695.0,299.8,23037,1,,TANGAIL/Tangail,1,0.8612
Wheat,BD40010008,0.0,1924.0,6842.1,5868.1,2783.8,17418,4,,BAGERHAT/Bagerhat,1,0.3522
Wheat,BD40010014,1678.6,533.7,1872.7,4104.4,6122.6,14312,4,,BAGERHAT/Chitalmari,1,0.2699
Wheat,BD40010034,0.0,1480.0,5090.9,1340.9,2164.3,10076,3,,BAGERHAT/Fakirhat,1,0.3967
Wheat,BD40010038,0.0,843.1,1078.9,6273.2,335.8,8531,4,,BAGERHAT/Kachua,1,0.2894
Wheat,BD40010056,2880.9,1897.1,203.8,0.0,10947.2,15929,4,,BAGERHAT/Mollahat,1,0.2825
Wheat,BD40010058,0.0,0.0,0.0,1357.7,13065.3,14423,4,,BAGERHAT/Mongla,1,0.0188
Wheat,BD40010060,0.0,1777.0,5813.6,20154.0,5433.4,33178,4,,BAGERHAT/Morelganj,1,0.252
Wheat,BD40010073,0.0,0.0,6087.1,7553.2,10801.6,24442,4,,BAGERHAT/Rampal,1,0.1863
Wheat,BD40010077,0.0,1385.6,1032.0,5758.8,1789.7,9966,4,,BAGERHAT/Sarankhola,1,0.2786
Wheat,BD40180007,14715.5,10905.8,0.0,50.9,1955.8,27628,1,,CHUADANGA/Alamdanga,1,0.8488
Wheat,BD40180023,12158.9,8938.9,0.0,0.0,2030.2,23128,1,,CHUADANGA/Chuadanga,1,0.8349
Wheat,BD40180031,11309.9,10893.4,0.0,0.0,3780.7,25984,1,,CHUADANGA/Damurhuda,1,0.7707
Wheat,BD40180055,5079.6,7293.0,1365.6,0.0,2160.9,15899,1,,CHUADANGA/Jibannagar,1,0.7294
Wheat,BD40410004,184.1,8194.6,1315.3,0.0,7069.9,16764,4,,JESSORE/Abhoynagar,1,0.4413
Wheat,BD40410009,374.7,15495.2,0.0,0.0,3004.1,18874,1,,JESSORE/Bagherpara,1,0.6766
Wheat,BD40410011,2125.2,5746.1,11328.8,0.0,3383.9,22584,2,,JESSORE/Chaugachha,1,0.5485
Wheat,BD40410023,0.0,12118.5,9497.5,259.2,2505.8,24381,2,,JESSORE/Jhikorgachha,1,0.5945
Wheat,BD40410038,38.5,3664.8,10237.1,994.8,3863.8,18799,3,,JESSORE/Keshabpur,1,0.4409
Wheat,BD40410047,137.2,19066.1,8586.6,0.0,3772.1,31562,3,,JESSORE/Jessore,1,0.6236
Wheat,BD40410061,842.4,8949.5,15284.3,13.5,7406.3,32496,3,,JESSORE/Manirampur,1,0.4815
Wheat,BD40410090,0.0,7534.2,13816.9,0.0,6547.9,27899,3,,JESSORE/Sarsa,1,0.4637
Wheat,BD40440014,7825.1,10014.4,0.0,0.0,50.6,17890,1,,JHENAIDAH/Harinakundu,1,0.8852
Wheat,BD40440019,2842.2,27664.0,0.0,0.0,5549.8,36056,1,,JHENAIDAH/Jhenaidah,1,0.6926
Wheat,BD40440033,9221.8,13960.8,15.1,0.0,2260.3,25458,1,,JHENAIDAH/Kaliganj,1,0.8012
Wheat,BD40440042,4248.2,6486.6,0.0,0.0,1156.2,11891,1,,JHENAIDAH/Kotchandpur,1,0.7937
Wheat,BD40440071,2172.6,4170.1,20412.9,0.0,7178.3,33934,2,,JHENAIDAH/Maheshpur,1,0.4631
Wheat,BD40440080,17055.5,8756.7,0.0,900.8,3352.0,30065,1,,JHENAIDAH/Sailkupa,1,0.8063
Wheat,BD40470012,0.0,518.4,9708.2,3776.7,3887.7,17891,4,,KHULNA/Batiaghata,1,0.3367
Wheat,BD40470017,0.0,0.0,70.7,1045.5,21428.8,22545,4,,KHULNA/Dacope,1,0.0108
Wheat,BD40470030,760.4,6726.8,7004.6,4701.4,17372.7,36566,4,,KHULNA/Dumuria,1,0.2895
Wheat,BD40470040,1545.7,697.3,336.0,100.8,1722.2,4402,4,,KHULNA/Dighalia (Daulathpur),1,0.5206
Wheat,BD40470053,0.0,0.0,74.3,16.5,21054.1,21145,4,,KHULNA/Koyra,1,0.0019
Wheat,BD40470064,1249.4,2716.9,1215.9,1073.3,25852.4,32108,4,,KHULNA/Paikgachha,1,0.1322
Wheat,BD40470069,1849.1,1374.8,391.8,240.6,941.7,4798,3,,KHULNA/Phultala,1,0.6655
Wheat,BD40470075,680.4,1423.3,705.4,898.9,1722.9,5431,4,,KHULNA/Rupsha,1,0.433
Wheat,BD40470094,1284.5,1451.1,652.7,111.1,12497.7,15997,4,,KHULNA/Terakhada,1,0.1747
Wheat,BD40473300,0.0,2080.0,40.0,0.0,0.0,2120,1,,KHULNA/Khulna Metro,1,0.7943
Wheat,BD40500015,4391.1,5098.9,78.6,229.4,235.9,10034,1,,KUSHTIA/Bheramara,1,0.8526
Wheat,BD40500039,13177.2,16185.2,0.0,34.5,2456.1,31853,1,,KUSHTIA/Daulatpur,1,0.8204
Wheat,BD40500063,1175.9,3924.7,0.0,1844.8,580.6,7526,3,,KUSHTIA/Khoksha,1,0.6225
Wheat,BD40500071,2782.6,11002.9,0.0,1502.8,1210.7,16499,1,,KUSHTIA/Kumarkhali,1,0.7204
Wheat,BD40500079,1820.1,15422.1,0.0,145.9,5904.9,23293,3,,KUSHTIA/Kushtia,1,0.6091
Wheat,BD40500094,10509.2,11859.6,14.7,51.4,3750.1,26185,1,,KUSHTIA/Mirpur,1,0.7643
Wheat,BD40550057,3677.6,20665.2,0.0,749.0,7400.2,32492,1,,MAGURA/Magura,1,0.6266
Wheat,BD40550066,1410.5,8117.5,0.0,6449.9,1807.1,17785,4,,MAGURA/Mohammadpur,1,0.517
Wheat,BD40550085,1367.5,12994.7,0.0,0.0,4434.8,18797,3,,MAGURA/Salikha,1,0.6258
Wheat,BD40550095,3867.6,6649.7,0.0,906.8,2163.9,13588,3,,MAGURA/Sripur,1,0.6895
Wheat,BD40570047,15500.0,9649.8,0.0,122.0,3824.1,29096,1,,MEHERPUR/Gangni,1,0.7989
Wheat,BD40570087,15193.1,11027.5,0.0,0.0,4262.5,30483,1,,MEHERPUR/Meherpur,1,0.7878
Wheat,BD40650028,626.8,2404.1,1983.6,317.4,19558.1,24890,4,,NARAIL/Kalia,1,0.1449
Wheat,BD40650052,2029.0,10299.4,2984.7,3131.7,4227.1,22672,4,,NARAIL/Lohagara,1,0.5464
Wheat,BD40650076,58.0,13675.7,116.0,1565.3,11814.0,27229,3,,NARAIL/Narail,1,0.4176
Wheat,BD40870004,0.0,37.5,2360.4,12776.2,18745.9,33920,4,,SATKHIRA/Asasuni,1,0.111
Wheat,BD40870025,0.0,0.0,49.2,6664.9,7869.9,14584,4,,SATKHIRA/Debhata,1,0.0931
Wheat,BD40870043,0.0,7840.8,8080.4,958.5,13.3,16893,2,,SATKHIRA/Kalaroa,1,0.6218
Wheat,BD40870047,0.0,0.0,0.0,13778.4,12203.6,25982,4,,SATKHIRA/Kaliganj,1,0.1061
Wheat,BD40870082,0.0,617.8,14707.2,9899.5,1853.5,27078,4,,SATKHIRA/Satkhira,1,0.3629
Wheat,BD40870086,0.0,0.0,0.0,891.4,35746.6,36638,4,,SATKHIRA/Shyamnagar,1,0.0049
Wheat,BD40870090,261.4,11081.7,4010.0,8961.0,2441.9,26756,4,,SATKHIRA/Tala,1,0.483
Wheat,BD45390007,14417.2,2492.3,78.5,26.2,1399.9,18414,1,,JAMALPUR/Bakshiganj,1,0.8936
Wheat,BD45390015,10981.1,10191.1,1501.0,22.6,11.3,22707,1,,JAMALPUR/Dewanganj,1,0.8759
Wheat,BD45390029,8179.7,17621.4,661.8,23.1,0.0,26486,1,,JAMALPUR/Islampur,1,0.8537
Wheat,BD45390036,10538.8,23673.1,2989.8,810.7,4261.6,42274,1,,JAMALPUR/Jamalpur,1,0.7365
Wheat,BD45390058,10349.3,10874.2,909.8,8.7,35.0,22177,1,,JAMALPUR/Madarganj,1,0.8795
Wheat,BD45390061,4736.4,14264.0,1039.5,0.0,508.0,20548,1,,JAMALPUR/Melandaha,1,0.8111
Wheat,BD45390085,9659.3,10599.7,534.0,39.8,725.2,21558,1,,JAMALPUR/Sarishabari,1,0.8542
Wheat,BD45610013,0.0,10409.0,12979.2,4701.4,15924.4,44014,4,,MYMENSINGH/Bhaluka,1,0.358
Wheat,BD45610016,1872.5,7577.4,7744.1,182.5,5633.5,23010,3,,MYMENSINGH/Dhobaura,1,0.5147
Wheat,BD45610020,866.6,19319.6,7984.7,3651.9,2731.2,34554,2,,MYMENSINGH/Phulbaria,1,0.609
Wheat,BD45610022,1389.0,19876.3,6187.2,3372.1,1136.4,31961,3,,MYMENSINGH/Gafargaon,1,0.6589
Wheat,BD45610023,6323.6,11876.6,2771.8,732.9,1212.1,22917,1,,MYMENSINGH/Gouripur,1,0.7574
Wheat,BD45610024,7606.1,9579.1,8000.7,0.0,5850.1,31036,2,,MYMENSINGH/Haluaghat,1,0.6209
Wheat,BD45610031,10504.1,11354.2,1159.9,504.3,684.4,24207,1,,MYMENSINGH/Ishwarganj,1,0.8373
Wheat,BD45610052,8348.6,18283.7,670.0,2349.0,600.7,30252,1,,MYMENSINGH/Mymensingh,1,0.7861
Wheat,BD45610065,95.7,19917.3,2414.2,471.1,2362.7,25261,1,,MYMENSINGH/Muktagachha,1,0.6861
Wheat,BD45610072,4441.8,17164.4,2419.3,541.9,2579.6,27147,1,,MYMENSINGH/Nandail,1,0.718
Wheat,BD45610081,6710.3,29246.6,7599.8,419.8,2846.4,46823,1,,MYMENSINGH/Phulpur,1,0.726
Wheat,BD45610094,251.1,19247.2,6583.2,289.2,1773.3,28144,3,,MYMENSINGH/Trisal,1,0.675
Wheat,BD45720004,0.0,8606.4,4868.0,0.0,2623.5,16098,2,,NETRAKONA/Atpara,1,0.5789
Wheat,BD45720009,0.0,9143.4,3955.0,71.6,6199.0,19369,3,,NETRAKONA/Barhatta,1,0.4805
Wheat,BD45720018,2312.3,7423.6,6620.4,0.0,7853.6,24210,4,,NETRAKONA/Durgapur,1,0.4775
Wheat,BD45720038,0.0,1042.5,72.1,157.4,19079.1,20351,4,,NETRAKONA/Khaliajuri,1,0.0443
Wheat,BD45720040,1076.2,3723.9,4962.4,17.1,24914.4,34694,4,,NETRAKONA/Kalmakanda,1,0.1885
Wheat,BD45720047,375.8,15294.3,2795.2,0.0,6084.8,24550,3,,NETRAKONA/Kendua,1,0.5706
Wheat,BD45720056,0.0,2382.6,5167.4,0.0,12338.0,19888,4,,NETRAKONA/Madan,1,0.2258
Wheat,BD45720063,0.0,6273.8,3319.6,76.1,11641.5,21311,4,,NETRAKONA/Mohanganj,1,0.3141
Wheat,BD45720074,0.0,17947.3,3050.3,0.0,5584.5,26582,3,,NETRAKONA/Netrakona,1,0.5975
Wheat,BD45720083,0.0,19560.9,2960.5,0.0,2491.7,25013,1,,NETRAKONA/Purbadhala,1,0.6848
Wheat,BD45890037,9323.6,3846.9,3846.9,0.0,2304.6,19322,3,,SHERPUR/Jhenaigati,1,0.7414
Wheat,BD45890067,4694.0,7368.6,1109.9,0.0,2258.4,15431,1,,SHERPUR/Nakla,1,0.7222
Wheat,BD45890070,11311.3,336.5,13520.1,0.0,5470.1,30638,2,,SHERPUR/Nalitabari,1,0.5986
Wheat,BD45890088,19756.3,10032.9,1160.6,0.0,1874.2,32824,1,,SHERPUR/Sherpur,1,0.8641
Wheat,BD45890090,11210.9,4408.4,3005.0,776.0,3219.6,22620,3,,SHERPUR/Sribardi,1,0.7248
Wheat,BD50100006,0.0,2215.0,3593.7,5740.9,3066.3,14616,4,,BOGRA/Adamdighi,1,0.3227
Wheat,BD50100020,1629.9,15994.2,8127.3,5648.9,1473.6,32874,3,,BOGRA/Bogra,1,0.5968
Wheat,BD50100027,97.1,17159.1,1359.0,0.0,1500.9,20116,1,,BOGRA/Dhunot,1,0.721
Wheat,BD50100033,0.0,3065.8,3727.9,7384.8,165.5,14344,4,,BOGRA/Dhubchachia,1,0.4039
Wheat,BD50100040,0.0,15967.1,1668.4,103.4,1296.1,19035,1,,BOGRA/Gabtali,1,0.716
Wheat,BD50100054,0.0,9025.0,3887.2,8395.8,8.0,21316,4,,BOGRA/Kahalu,1,0.5087
Wheat,BD50100067,0.0,16.1,5975.5,15031.3,3225.0,24248,4,,BOGRA/Nandigram,1,0.2477
Wheat,BD50100081,0.0,19724.4,0.0,1999.6,2373.0,24097,1,,BOGRA/Shariakandi,1,0.6714
Wheat,BD50100088,529.6,10881.9,5279.6,6347.1,2341.9,25380,3,,BOGRA/Sherpur,1,0.5179
Wheat,BD50100094,1712.7,12834.1,1582.2,10038.4,322.6,26490,4,,BOGRA/Shibganj,1,0.5579
Wheat,BD50100095,0.0,10186.3,140.2,124.6,700.9,11152,1,,BOGRA/Sonatala,1,0.7392
Wheat,BD50380013,0.0,8275.9,298.4,3210.3,653.4,12438,3,,JOYPURHAT/Akkelpur,1,0.5959
Wheat,BD50380047,696.0,13865.4,2752.5,2523.1,885.9,20723,3,,JOYPURHAT/Joypurhat,1,0.6596
Wheat,BD50380058,0.0,1486.5,7922.4,4835.1,0.0,14244,3,,JOYPURHAT/Kalai,1,0.4295
Wheat,BD50380061,0.0,2811.9,5980.3,4633.8,0.0,13426,3,,JOYPURHAT/Khetlal,1,0.4593
Wheat,BD50380074,17.8,9810.3,15330.9,660.0,330.0,26149,2,,JOYPURHAT/Panchbibi,1,0.599
Wheat,BD50640003,0.0,3626.6,141.5,4077.8,16479.1,24325,4,,NAOGAON/Atrai,1,0.1557
Wheat,BD50640006,0.0,13467.7,3652.3,235.4,192.6,17548,1,,NAOGAON/Badalgachhi,1,0.7207
Wheat,BD50640028,1928.5,18837.5,5264.7,8.1,716.1,26755,1,,NAOGAON/Dhamoirhat,1,0.7338
Wheat,BD50640047,0.0,7869.8,17897.2,3823.6,5044.4,34635,2,,NAOGAON/Manda,1,0.4622
Wheat,BD50640050,2692.9,20972.2,9678.2,860.1,538.6,34742,3,,NAOGAON/Mohadebpur,1,0.7047
Wheat,BD50640060,0.0,9368.9,7551.9,483.0,6256.2,23660,3,,NAOGAON/Naogaon,1,0.4805
Wheat,BD50640069,0.0,0.0,37868.9,23.5,846.6,38739,2,,NAOGAON/Niamatpur,1,0.4889
Wheat,BD50640075,2628.6,14445.1,11880.4,47.9,3779.0,32781,2,,NAOGAON/Patnitala,1,0.6142
Wheat,BD50640079,0.0,0.0,18917.0,123.4,3610.7,22651,2,,NAOGAON/Porsha,1,0.4187
Wheat,BD50640085,0.0,2646.7,11358.0,4264.9,3705.4,21975,3,,NAOGAON/Raninagar,1,0.3936
Wheat,BD50640086,0.0,0.0,13833.6,25.7,7740.6,21600,3,,NAOGAON/Shapahar,1,0.3205
Wheat,BD50690009,1335.9,9844.0,0.0,291.1,0.0,11471,1,,NATOR/Bagatipara,1,0.8081
Wheat,BD50690015,28.5,15346.2,0.0,4129.9,5548.3,25053,3,,NATOR/Baraigram,1,0.5241
Wheat,BD50690041,1218.4,6078.0,0.0,2776.9,6297.6,16371,4,,NATOR/Gurudashpur,1,0.4054
Wheat,BD50690044,1651.4,22267.9,0.0,1756.6,326.1,26002,1,,NATOR/Lalpur,1,0.7621
Wheat,BD50690063,1699.8,16270.8,0.0,4505.7,9456.7,31933,3,,NATOR/Nator,1,0.4891
Wheat,BD50690091,296.0,5903.3,10430.7,7079.1,24021.0,47730,4,,NATOR/Shingra,1,0.2441
Wheat,BD50700018,0.0,2241.9,1701.0,6525.0,218.1,10686,4,,NAWABGANJ/Bholahat,1,0.3696
Wheat,BD50700037,0.0,2877.4,16699.3,3814.1,4143.2,27534,2,,NAWABGANJ/Gomastapur,1,0.4146
Wheat,BD50700056,0.0,222.1,24609.4,1266.7,32.9,26131,2,,NAWABGANJ/Nachol,1,0.4874
Wheat,BD50700066,0.0,4056.9,23972.9,4064.0,1468.2,33562,2,,NAWABGANJ/Nawabganj,1,0.4781
Wheat,BD50700088,0.0,16727.2,18070.0,9391.5,696.3,44885,2,,NAWABGANJ/Shibganj,1,0.5413
Wheat,BD50760005,1920.8,4763.2,7.0,2772.1,5100.9,14564,4,,PABNA/Atgharia,1,0.4318
Wheat,BD50760016,2048.5,2372.0,2932.6,2156.3,7791.6,17301,4,,PABNA/Bera,1,0.3378
Wheat,BD50760019,238.8,3630.7,230.5,2313.4,4050.6,10464,4,,PABNA/Bhangura,1,0.3556
Wheat,BD50760022,3378.0,7302.1,0.0,7484.1,7425.8,25590,4,,PABNA/Chatmohar,1,0.4188
Wheat,BD50760033,136.0,506.1,60.4,3202.5,8452.0,12357,4,,PABNA/Faridpur,1,0.098
Wheat,BD50760039,6825.5,10055.2,0.0,2040.6,900.7,19822,1,,PABNA/Ishwardi,1,0.7707
Wheat,BD50760055,9214.7,15469.5,712.7,3010.1,5299.1,33706,3,,PABNA/Pabna,1,0.669
Wheat,BD50760072,3912.2,5036.6,2333.5,3119.0,13646.6,28048,4,,PABNA/Santhia,1,0.347
Wheat,BD50760083,4566.4,4925.7,2721.9,2535.4,9975.7,24725,4,,PABNA/Sujanagar,1,0.4196
Wheat,BD50810010,3594.8,8577.4,0.0,634.4,297.4,13104,1,,RAJSHAHI/Bagha,1,0.8077
Wheat,BD50810012,0.0,8421.3,7444.2,5159.6,7402.0,28427,4,,RAJSHAHI/Bagmara,1,0.4042
Wheat,BD50810025,6665.1,5377.9,525.2,88.8,37.0,12694,1,,RAJSHAHI/Charghat,1,0.8861
Wheat,BD50810031,1746.4,6104.9,5537.7,2559.9,261.2,16210,2,,RAJSHAHI/Durgapur,1,0.6114
Wheat,BD50810034,0.0,1051.3,35568.8,5151.3,455.6,42227,2,,RAJSHAHI/Godagari,1,0.4655
Wheat,BD50810053,0.0,116.7,10008.3,758.6,2261.3,13145,2,,RAJSHAHI/Mohanpur,1,0.3993
Wheat,BD50810072,0.0,7520.4,9715.5,2068.3,435.8,19740,2,,RAJSHAHI/Paba,1,0.5718
Wheat,BD50810082,3183.2,10653.2,270.3,1223.7,585.6,15916,1,,RAJSHAHI/Puthia,1,0.7593
Wheat,BD50810094,0.0,0.0,24093.2,633.6,1228.1,25955,2,,RAJSHAHI/Tanor,1,0.469
Wheat,BD50816600,0.0,0.0,0.0,0.0,0.0,0,4,,RAJSHAHI/Boalia (Rajshahi),1,
Wheat,BD50880011,448.0,6809.3,1192.3,578.9,1054.5,10083,3,,SIRAJGANJ/Belkuchi,1,0.6553
Wheat,BD50880027,35.1,1151.4,1993.9,4338.9,5567.6,13087,4,,SIRAJGANJ/Chauhali,1,0.2156
Wheat,BD50880044,721.1,5702.6,1044.9,161.9,51.5,7682,1,,SIRAJGANJ/Kamarkhanda,1,0.76
Wheat,BD50880050,2675.0,7291.7,4534.6,2493.1,4135.7,21130,3,,SIRAJGANJ/Kazipur,1,0.5336
Wheat,BD50880061,140.9,16427.9,3053.8,2028.0,78.3,21729,1,,SIRAJGANJ/Raiganj,1,0.7003
Wheat,BD50880067,13.9,13694.4,5294.3,903.2,3321.1,23227,2,,SIRAJGANJ/Shahzadpur,1,0.594
Wheat,BD50880078,2614.4,13216.9,3361.4,1402.5,2080.9,22676,2,,SIRAJGANJ/Sirajganj,1,0.6681
Wheat,BD50880089,24.4,4459.5,3387.3,7855.0,11079.8,26806,4,,SIRAJGANJ/Taras,1,0.2558
Wheat,BD50880094,815.5,25116.4,4613.2,295.1,4263.7,35104,1,,SIRAJGANJ/Ullapara,1,0.663
Wheat,BD55270010,2313.3,10492.3,4185.9,1468.7,449.8,18910,2,,DINAJPUR/Birampur,1,0.6924
Wheat,BD55270012,20574.6,15115.0,737.1,145.8,121.5,36694,1,,DINAJPUR/Birganj,1,0.9011
Wheat,BD55270017,8229.3,17429.0,5181.4,104.3,32.1,30976,1,,DINAJPUR/Biral,1,0.8001
Wheat,BD55270021,10206.1,9067.7,339.9,71.2,166.0,19851,1,,DINAJPUR/Bochaganj,1,0.8888
Wheat,BD55270030,10492.3,12012.5,4787.8,0.0,313.4,27606,1,,DINAJPUR/Chirirbandar,1,0.8149
Wheat,BD55270038,869.2,10254.8,9297.7,48.8,234.4,20705,2,,DINAJPUR/Fulbari,1,0.6632
Wheat,BD55270043,80.7,7101.1,5366.1,8.1,468.0,13024,2,,DINAJPUR/Ghoraghat,1,0.6485
Wheat,BD55270047,367.9,1503.7,6022.7,263.9,799.8,8958,2,,DINAJPUR/Hakimpur,1,0.5174
Wheat,BD55270056,8723.2,7128.9,1670.2,60.7,38.0,17621,1,,DINAJPUR/Kaharol,1,0.8668
Wheat,BD55270060,12000.8,2209.1,335.4,218.7,0.0,14764,1,,DINAJPUR/Khansama,1,0.9469
Wheat,BD55270064,5499.3,18727.0,5009.9,38.8,0.0,29275,1,,DINAJPUR/Dinajpur,1,0.7854
Wheat,BD55270069,2100.5,11113.0,10735.0,2674.7,319.8,26943,2,,DINAJPUR/Nawabganj,1,0.627
Wheat,BD55270077,6201.6,21529.7,7572.1,0.0,1079.5,36383,2,,DINAJPUR/Parbatipur,1,0.7479
Wheat,BD55320021,214.7,14763.4,0.0,3489.5,4205.3,22673,3,,GAIBANDHA/Phulchhari,1,0.5612
Wheat,BD55320024,56.5,24779.5,104.9,484.1,1750.9,27176,1,,GAIBANDHA/Gaibandha,1,0.737
Wheat,BD55320030,4077.5,20093.5,12482.2,1564.9,146.9,38365,2,,GAIBANDHA/Gobindaganj,1,0.6961
Wheat,BD55320067,3239.4,11410.1,538.6,0.0,424.8,15613,1,,GAIBANDHA/Palashbari,1,0.8094
Wheat,BD55320082,2852.7,16667.1,299.5,15.8,267.9,20103,1,,GAIBANDHA/Sadullapur,1,0.8128
Wheat,BD55320088,15.5,15728.5,874.7,673.4,1045.0,18337,1,,GAIBANDHA/Shaghata,1,0.7182
Wheat,BD55320091,2913.9,27643.1,54.5,771.3,1262.2,32645,1,,GAIBANDHA/Sundarganj,1,0.7722
Wheat,BD55490006,10496.9,9028.7,0.0,0.0,469.4,19995,1,,KURIGRAM/Bhurungamari,1,0.8862
Wheat,BD55490008,217.3,6397.8,0.0,1578.7,984.3,9178,3,,KURIGRAM/Rajibpur (Dhushmara),1,0.6157
Wheat,BD55490009,45.4,6134.3,0.0,532.9,3730.5,10443,3,,KURIGRAM/Chilmari,1,0.4845
Wheat,BD55490018,3777.7,9657.1,0.0,0.0,124.2,13559,1,,KURIGRAM/Phulbari,1,0.8484
Wheat,BD55490052,2075.8,16052.3,0.0,1662.3,1455.5,21246,1,,KURIGRAM/Kurigram,1,0.7178
Wheat,BD55490061,7600.1,22220.0,0.0,988.6,4090.3,34899,1,,KURIGRAM/Nageshwari,1,0.7328
Wheat,BD55490077,1269.9,12272.9,0.0,0.0,687.2,14230,1,,KURIGRAM/Rajarhat,1,0.7792
Wheat,BD55490079,3336.9,11495.6,0.0,1367.1,742.4,16942,1,,KURIGRAM/Ruhumari,1,0.7559
Wheat,BD55490094,1169.7,20573.8,0.0,4116.0,1106.5,26966,1,,KURIGRAM/Ulipur,1,0.6843
Wheat,BD55520002,2956.6,13558.2,70.0,551.1,26.2,17162,1,,LALMONIRHAT/Aditmari,1,0.8127
Wheat,BD55520033,10111.5,10039.5,0.0,0.0,0.0,20151,1,,LALMONIRHAT/Hatibanda,1,0.9004
Wheat,BD55520039,11413.2,9186.2,224.5,422.0,0.0,21246,1,,LALMONIRHAT/Kaliganj,1,0.8923
Wheat,BD55520055,8283.7,12370.7,0.0,0.0,582.6,21237,1,,LALMONIRHAT/Lalmonirhat,1,0.8561
Wheat,BD55520070,5773.1,16414.9,0.0,0.0,0.0,22188,1,,LALMONIRHAT/Patgram,1,0.852
Wheat,BD55730012,10877.3,14673.3,2536.3,0.0,0.0,28087,1,,NILPHAMARI/Dimla,1,0.8504
Wheat,BD55730015,4934.8,14946.4,979.9,0.0,0.0,20861,1,,NILPHAMARI/Domar,1,0.8332
Wheat,BD55730036,8418.1,15503.5,1325.4,0.0,0.0,25247,1,,NILPHAMARI/Jaldhaka,1,0.8509
Wheat,BD55730045,11570.6,12073.3,67.0,0.0,0.0,23711,1,,NILPHAMARI/Kishorganj,1,0.8967
Wheat,BD55730064,7207.3,25363.7,138.0,0.0,0.0,32709,1,,NILPHAMARI/Nilphamari,1,0.8428
Wheat,BD55730085,730.5,9381.4,147.7,0.0,16.4,10276,1,,NILPHAMARI/Saidpur,1,0.8086
Wheat,BD55770004,13767.8,6391.2,0.0,0.0,0.0,20159,1,,PANCHAGARH/Atwari,1,0.9366
Wheat,BD55770025,17041.3,6782.8,2581.5,67.5,0.0,26473,1,,PANCHAGARH/Boda,1,0.898
Wheat,BD55770034,11183.5,10866.8,1979.1,21.6,0.0,24051,1,,PANCHAGARH/Debiganj,1,0.8678
Wheat,BD55770073,16718.2,12862.2,1467.7,0.0,0.0,31048,1,,PANCHAGARH/Panchagar,1,0.8935
Wheat,BD55770090,5313.8,11340.4,0.0,101.8,0.0,16756,1,,PANCHAGARH/Tetulia,1,0.8598
Wheat,BD55850003,6759.9,18284.9,40.4,2204.8,0.0,27290,1,,RANGPUR/Badarganj,1,0.8006
Wheat,BD55850027,10709.0,7214.0,17.9,0.0,0.0,17941,1,,RANGPUR/Gangachara,1,0.9191
Wheat,BD55850042,4225.4,8426.6,0.0,0.0,0.0,12652,1,,RANGPUR/Kaunia,1,0.8668
Wheat,BD55850049,12684.1,13819.1,38.3,222.4,0.0,26764,1,,RANGPUR/Rangpur,1,0.8894
Wheat,BD55850058,9906.6,29712.0,227.8,4776.5,0.0,44623,1,,RANGPUR/Mithapukur,1,0.7786
Wheat,BD55850073,5024.8,17861.6,178.1,0.0,15.5,23080,1,,RANGPUR/Pirgachha,1,0.8407
Wheat,BD55850076,3591.8,28198.1,209.9,4338.2,0.0,36338,1,,RANGPUR/Pirganj,1,0.7464
Wheat,BD55850092,3193.8,8256.3,46.0,0.0,0.0,11496,1,,RANGPUR/Taraganj,1,0.8544
Wheat,BD55940008,18668.5,6896.5,0.0,0.0,0.0,25565,1,,THAKURGAON/Baliadangi,1,0.946
Wheat,BD55940051,5473.5,12188.8,0.0,101.2,303.6,18067,1,,THAKURGAON/Haripur,1,0.8438
Wheat,BD55940082,8717.5,16378.1,3545.5,1918.9,89.9,30650,1,,THAKURGAON/Pirganj,1,0.7823
Wheat,BD55940086,7946.9,19096.9,0.0,308.1,0.0,27352,1,,THAKURGAON/Ranisonkail,1,0.8513
Wheat,BD55940094,40489.5,17838.4,33.4,1921.7,0.0,60283,1,,THAKURGAON/Thakurgaon,1,0.915
Wheat,BD60360002,0.0,3671.8,0.0,70.6,12208.6,15951,4,,HABIGANJ/Ajmiriganj,1,0.185
Wheat,BD60360005,6573.2,1881.7,1967.7,9073.6,2809.7,22306,4,,HABIGANJ/Bahubal,1,0.4876
Wheat,BD60360011,0.0,9421.8,24.6,57.4,33751.2,43255,4,,HABIGANJ/Baniyachang,1,0.1748
Wheat,BD60360026,12029.4,169.4,1005.9,5434.8,9468.6,28108,4,,HABIGANJ/Chunarughat,1,0.4894
Wheat,BD60360044,4564.1,4739.9,0.0,5531.2,7129.8,21965,4,,HABIGANJ/Habiganj,1,0.4308
Wheat,BD60360068,0.0,5976.5,0.0,0.0,11136.5,17113,4,,HABIGANJ/Lakhai,1,0.2794
Wheat,BD60360071,8386.9,13354.5,127.6,1326.9,2186.1,25382,1,,HABIGANJ/Madhabpur,1,0.7643
Wheat,BD60360077,0.0,11523.5,230.6,11884.9,12546.0,36185,4,,HABIGANJ/Nabiganj,1,0.3236
Wheat,BD60580014,6439.5,13710.2,2250.1,898.3,15993.9,39292,4,,MOULVI BAZAR/Barlekha,1,0.4762
Wheat,BD60580056,0.0,11017.4,7743.2,11.1,11808.3,30580,4,,MOULVI BAZAR/Kamalganj,1,0.4149
Wheat,BD60580065,1965.5,25004.7,3896.1,564.1,12269.7,43700,3,,MOULVI BAZAR/Kulaura,1,0.5499
Wheat,BD60580074,128.1,9265.6,806.0,8030.2,8949.2,27179,4,,MOULVI BAZAR/Moulvi Bazar,1,0.3514
Wheat,BD60580080,2782.3,5830.2,976.1,1567.1,11886.2,23042,4,,MOULVI BAZAR/Rajnagar,1,0.358
Wheat,BD60580083,520.6,11261.8,0.0,3035.7,17813.8,32632,4,,MOULVI BAZAR/Srimangal,1,0.3107
Wheat,BD60900018,1984.1,1428.2,3429.4,4763.5,6071.9,17677,4,,SUNAMGANJ/Bishambarpur,1,0.3278
Wheat,BD60900023,202.5,9199.3,4471.1,9269.4,11886.6,35029,4,,SUNAMGANJ/Chhatak,1,0.3326
Wheat,BD60900029,0.0,3103.3,1531.2,4053.2,28593.3,37281,4,,SUNAMGANJ/Dirai,1,0.1089
Wheat,BD60900032,0.0,2013.0,3214.2,7430.7,26616.2,39274,4,,SUNAMGANJ/Dharmapasha,1,0.1198
Wheat,BD60900033,8294.4,2166.4,5877.7,5161.4,8631.1,30131,4,,SUNAMGANJ/Dwarabazar,1,0.4646
Wheat,BD60900047,0.0,7069.4,102.2,8681.5,16277.8,32131,4,,SUNAMGANJ/Jagannathpur,1,0.2316
Wheat,BD60900050,0.0,299.0,1297.5,2439.5,24509.0,28545,4,,SUNAMGANJ/Jamalganj,1,0.0482
Wheat,BD60900086,0.0,374.1,397.5,2353.7,19172.7,22298,4,,SUNAMGANJ/Sulla,1,0.0434
Wheat,BD60900089,440.0,1434.9,2047.1,18519.8,29817.2,52259,4,,SUNAMGANJ/Sunamganj,1,0.1208
Wheat,BD60900092,548.8,1682.9,6885.2,453.6,13104.5,22675,4,,SUNAMGANJ/Tahirpur,1,0.2394
Wheat,BD60910008,384.1,9928.7,0.0,6247.1,14458.2,31018,4,,SYLHET/Balaganj,1,0.3087
Wheat,BD60910017,441.3,8779.9,40.1,3423.7,5362.9,18048,4,,SYLHET/Beani Bazar,1,0.4527
Wheat,BD60910020,28.9,10398.9,658.5,3582.1,2098.6,16767,3,,SYLHET/Bishwanath,1,0.5603
Wheat,BD60910027,1192.0,4418.0,3215.1,153.1,19585.8,28564,4,,SYLHET/Companiganj,1,0.2228
Wheat,BD60910035,258.6,2978.3,0.0,807.3,4592.8,8637,4,,SYLHET/Fenchuganj,1,0.3245
Wheat,BD60910038,1548.5,9243.2,234.1,1490.0,3661.1,16177,3,,SYLHET/Golapganj,1,0.5785
Wheat,BD60910041,9416.1,5322.1,1950.2,2262.8,25620.7,44572,4,,SYLHET/Gowainghat,1,0.3388
Wheat,BD60910053,3309.2,4988.5,123.5,765.6,7853.2,17040,4,,SYLHET/Jaintapur,1,0.441
Wheat,BD60910059,1226.5,12198.7,1028.2,984.1,14475.5,29913,4,,SYLHET/Kanaighat,1,0.391
Wheat,BD60910062,5175.7,14664.4,1132.2,3517.8,12298.9,36789,4,,SYLHET/Sylhet,1,0.4941
Wheat,BD60910094,217.7,9201.0,259.9,1889.4,7712.0,19280,4,,SYLHET/Zakiganj,1,0.4194
