upazila_pcode,soil_type,characteristics
BD45610031,Non-calcareous Grey Floodplain Soils,Supports strong growth for various crops.
BD45610031,Non-calcareous Dark Grey Floodplain Soils,Supports strong growth for various crops.
BD40180007,Non-calcareous Alluvium,Supports healthy growth for various crops in hilly areas.
BD40180007,Non-calcareous Brown Piedmont Soils,Supports healthy growth for various crops in hilly areas.
BD40180023,Non-calcareous Alluvium,Supports healthy growth for various crops in hilly areas.
BD40180023,Non-calcareous Brown Piedmont Soils,Supports healthy growth for various crops in hilly areas.
BD40180031,Non-calcareous Alluvium,Supports healthy growth for various crops in hilly areas.
BD40180031,Non-calcareous Brown Piedmont Soils,Supports healthy growth for various crops in hilly areas.
BD40180055,Non-calcareous Alluvium,Supports healthy growth for various crops in hilly areas.
BD40180055,Non-calcareous Brown Piedmont Soils,Supports healthy growth for various crops in hilly areas.
BD40440014,Non-calcareous Alluvium,"Excellent for rice cultivation, rich in nutrients."
BD40440014,Calcareous Dark Grey Floodplain Soils,"Excellent for rice cultivation, rich in nutrients."
BD40440033,Non-calcareous Alluvium,"Excellent for rice cultivation, rich in nutrients."
BD40440033,Calcareous Dark Grey Floodplain Soils,"Excellent for rice cultivation, rich in nutrients."
BD40440042,Non-calcareous Alluvium,"Excellent for rice cultivation, rich in nutrients."
BD40440042,Calcareous Dark Grey Floodplain Soils,"Excellent for rice cultivation, rich in nutrients."
BD40500094,Non-calcareous Grey Floodplain Soils,"Rich in organic content, fostering vibrant horticultural growth."
BD40500094,Non-calcareous Dark Grey Floodplain Soils,"Rich in organic content, fostering vibrant horticultural growth."
BD40500094,Calcareous Dark Grey Floodplain Soils,"Rich in organic content, fostering vibrant horticultural growth."
BD40570047,Non-calcareous Dark Grey Floodplain Soils,"Supports healthy crop growth, especially rice."
BD40570047,Calcareous Dark Grey Floodplain Soils,"Supports healthy crop growth, especially rice."
BD40570087,Non-calcareous Dark Grey Floodplain Soils,"Supports healthy crop growth, especially rice."
BD40570087,Calcareous Dark Grey Floodplain Soils,"Supports healthy crop growth, especially rice."
BD40870043,Non-calcareous Grey Floodplain Soils,Supports healthy plant growth with a rich organic layer.
BD40870043,Non-calcareous Dark Grey Floodplain Soils,Supports healthy plant growth with a rich organic layer.
BD40870043,Calcareous Dark Grey Floodplain Soils,Supports healthy plant growth with a rich organic layer.
BD55270060,Non-calcareous Grey Floodplain Soils,Fertile and supportive of healthy growth for various crops.
BD55270060,Non-calcareous Dark Grey Floodplain Soils,Fertile and supportive of healthy growth for various crops.
BD55270060,Non-calcareous Brown Floodplain Soils,Fertile and supportive of healthy growth for various crops.
BD55270060,Brown Terai Soils,Fertile and supportive of healthy growth for various crops.
BD50640028,Non-calcareous Grey Floodplain Soils,"Deep and nutrient-rich, supporting a variety of crops."
BD50640028,Non-calcareous Dark Grey Floodplain Soils,"Deep and nutrient-rich, supporting a variety of crops."
BD50640028,Calcareous Dark Grey Floodplain Soils,"Deep and nutrient-rich, supporting a variety of crops."
BD50640050,Non-calcareous Grey Floodplain Soils,"Deep and nutrient-rich, supporting a variety of crops."
BD50640050,Non-calcareous Dark Grey Floodplain Soils,"Deep and nutrient-rich, supporting a variety of crops."
BD50640050,Calcareous Dark Grey Floodplain Soils,"Deep and nutrient-rich, supporting a variety of crops."
BD50640069,Non-calcareous Grey Floodplain Soils,"Deep and nutrient-rich, supporting a variety of crops."
BD50640069,Non-calcareous Dark Grey Floodplain Soils,"Deep and nutrient-rich, supporting a variety of crops."
BD50640069,Calcareous Dark Grey Floodplain Soils,"Deep and nutrient-rich, supporting a variety of crops."
BD50640075,Non-calcareous Grey Floodplain Soils,"Deep and nutrient-rich, supporting a variety of crops."
BD50640075,Non-calcareous Dark Grey Floodplain Soils,"Deep and nutrient-rich, supporting a variety of crops."
BD50640075,Calcareous Dark Grey Floodplain Soils,"Deep and nutrient-rich, supporting a variety of crops."
BD50640079,Non-calcareous Grey Floodplain Soils,"Deep and nutrient-rich, supporting a variety of crops."
BD50640079,Non-calcareous Dark Grey Floodplain Soils,"Deep and nutrient-rich, supporting a variety of crops."
BD50640079,Calcareous Dark Grey Floodplain Soils,"Deep and nutrient-rich, supporting a variety of crops."
BD50690009,Non-calcareous Brown Floodplain Soils,"Rich in nutrients, ideal for rice and various crops."
BD50690009,Non-calcareous Dark Grey Floodplain Soils,"Rich in nutrients, ideal for rice and various crops."
BD50700037,Non-calcareous Grey Floodplain Soils,"Nutrient-rich, ideal for rice and other staples."
BD50700037,Non-calcareous Dark Grey Floodplain Soils,"Nutrient-rich, ideal for rice and other staples."
BD50700056,Non-calcareous Grey Floodplain Soils,"Nutrient-rich, ideal for rice and other staples."
BD50700056,Non-calcareous Dark Grey Floodplain Soils,"Nutrient-rich, ideal for rice and other staples."
BD55770004,Non-calcareous Grey Floodplain Soils,"Well-drained and fertile, excellent for crop cultivation."
BD55770004,Non-calcareous Dark Grey Floodplain Soils,"Well-drained and fertile, excellent for crop cultivation."
BD55770004,Calcareous Dark Grey Floodplain Soils,"Well-drained and fertile, excellent for crop cultivation."
BD55770090,Non-calcareous Grey Floodplain Soils,"Well-drained and fertile, excellent for crop cultivation."
BD55770090,Non-calcareous Dark Grey Floodplain Soils,"Well-drained and fertile, excellent for crop cultivation."
BD55770090,Calcareous Dark Grey Floodplain Soils,"Well-drained and fertile, excellent for crop cultivation."
BD50810010,Non-calcareous Grey Floodplain Soils,"Highly fertile, conducive to growing a variety of crops."
BD50810010,Non-calcareous Dark Grey Floodplain Soils,"Highly fertile, conducive to growing a variety of crops."
BD50810010,Non-calcareous Brown Floodplain Soils,"Highly fertile, conducive to growing a variety of crops."
BD50810010,Brown Terai Soils,"Highly fertile, conducive to growing a variety of crops."
BD50810025,Non-calcareous Grey Floodplain Soils,"Highly fertile, conducive to growing a variety of crops."
BD50810025,Non-calcareous Dark Grey Floodplain Soils,"Highly fertile, conducive to growing a variety of crops."
BD50810025,Non-calcareous Brown Floodplain Soils,"Highly fertile, conducive to growing a variety of crops."
BD50810025,Brown Terai Soils,"Highly fertile, conducive to growing a variety of crops."
BD50810031,Non-calcareous Grey Floodplain Soils,"Highly fertile, conducive to growing a variety of crops."
BD50810031,Non-calcareous Dark Grey Floodplain Soils,"Highly fertile, conducive to growing a variety of crops."
BD50810031,Non-calcareous Brown Floodplain Soils,"Highly fertile, conducive to growing a variety of crops."
BD50810031,Brown Terai Soils,"Highly fertile, conducive to growing a variety of crops."
BD50810034,Non-calcareous Grey Floodplain Soils,"Highly fertile, conducive to growing a variety of crops."
BD50810034,Non-calcareous Dark Grey Floodplain Soils,"Highly fertile, conducive to growing a variety of crops."
BD50810034,Non-calcareous Brown Floodplain Soils,"Highly fertile, conducive to growing a variety of crops."
BD50810034,Brown Terai Soils,"Highly fertile, conducive to growing a variety of crops."
BD50810082,Non-calcareous Grey Floodplain Soils,"Highly fertile, conducive to growing a variety of crops."
BD50810082,Non-calcareous Dark Grey Floodplain Soils,"Highly fertile, conducive to growing a variety of crops."
BD50810082,Non-calcareous Brown Floodplain Soils,"Highly fertile, conducive to growing a variety of crops."
BD50810082,Brown Terai Soils,"Highly fertile, conducive to growing a variety of crops."
BD50810094,Non-calcareous Grey Floodplain Soils,"Highly fertile, conducive to growing a variety of crops."
BD50810094,Non-calcareous Dark Grey Floodplain Soils,"Highly fertile, conducive to growing a variety of crops."
BD50810094,Non-calcareous Brown Floodplain Soils,"Highly fertile, conducive to growing a variety of crops."
BD50810094,Brown Terai Soils,"Highly fertile, conducive to growing a variety of crops."
BD10090091,Non-calcareous Grey Floodplain Soils,Highly fertile and supportive of staple crops like jute.
BD10090091,Non-calcareous Dark Grey Floodplain Soils,Highly fertile and supportive of staple crops like jute.
BD10090091,Non-calcareous Brown Floodplain Soils,Highly fertile and supportive of staple crops like jute.
BD10090091,Calcareous Dark Grey Floodplain Soils,Highly fertile and supportive of staple crops like jute.
BD10090091,Calcareous Brown Floodplain Soils,Highly fertile and supportive of staple crops like jute.
BD10090091,Acid Basin Clays,Highly fertile and supportive of staple crops like jute.
BD20150074,Non-calcareous Alluvium,"Good drainage and fertility, suitable for diverse crops."
BD20150074,Calcareous Alluvium,"Good drainage and fertility, suitable for diverse crops."
BD20150074,Acid Sulphate Soil,"Good drainage and fertility, suitable for diverse crops."
BD20150074,Non-calcareous Grey Floodplain Soils,"Good drainage and fertility, suitable for diverse crops."
BD20150074,Brown Piedmont Soils,"Good drainage and fertility, suitable for diverse crops."
BD20150074,Brown Hill Soils,"Good drainage and fertility, suitable for diverse crops."
BD30290021,Non-calcareous Grey Floodplain Soils,"Rich in nutrients, great for a variety of crops."
BD30290021,Calcareous Grey Floodplain Soils,"Rich in nutrients, great for a variety of crops."
BD30290021,Brown Piedmont Soils,"Rich in nutrients, great for a variety of crops."
BD30290047,Non-calcareous Grey Floodplain Soils,"Rich in nutrients, great for a variety of crops."
BD30290047,Calcareous Grey Floodplain Soils,"Rich in nutrients, great for a variety of crops."
BD30290047,Brown Piedmont Soils,"Rich in nutrients, great for a variety of crops."
BD30290056,Non-calcareous Grey Floodplain Soils,"Rich in nutrients, great for a variety of crops."
BD30290056,Calcareous Grey Floodplain Soils,"Rich in nutrients, great for a variety of crops."
BD30290056,Brown Piedmont Soils,"Rich in nutrients, great for a variety of crops."
BD30330086,Non-calcareous Dark Grey Floodplain Soils,Supports healthy crop growth with balanced nutrient levels.
BD30330086,Acid Basin Clays,Supports healthy crop growth with balanced nutrient levels.
BD30330086,Brown Mottled Terrace Soils,Supports healthy crop growth with balanced nutrient levels.
BD45610052,Non-calcareous Grey Floodplain Soils,Supports strong growth for various crops.
BD45610052,Non-calcareous Dark Grey Floodplain Soils,Supports strong growth for various crops.
BD30820073,Non-calcareous Alluvium,Supports diverse crops in hilly terrain with good moisture retention.
BD30820073,Brown Hill Soils,Supports diverse crops in hilly terrain with good moisture retention.
BD45890088,Non-calcareous Grey Floodplain Soils,"Great moisture retention, ideal for rice and other crops."
BD45890088,Non-calcareous Dark Grey Floodplain Soils,"Great moisture retention, ideal for rice and other crops."
BD30930028,Non-calcareous Grey Floodplain Soils,"Retains moisture well, ideal for rice and other water-loving crops."
BD30930028,Non-calcareous Dark Grey Floodplain Soils,"Retains moisture well, ideal for rice and other water-loving crops."
BD30930085,Non-calcareous Grey Floodplain Soils,"Retains moisture well, ideal for rice and other water-loving crops."
BD30930085,Non-calcareous Dark Grey Floodplain Soils,"Retains moisture well, ideal for rice and other water-loving crops."
BD40410009,Non-calcareous Alluvium,Supports healthy growth for various crops in hilly areas.
BD40410009,Brown Hill Soils,Supports healthy growth for various crops in hilly areas.
BD40410011,Non-calcareous Alluvium,Supports healthy growth for various crops in hilly areas.
BD40410011,Brown Hill Soils,Supports healthy growth for various crops in hilly areas.
BD40410038,Non-calcareous Alluvium,Supports healthy growth for various crops in hilly areas.
BD40410038,Brown Hill Soils,Supports healthy growth for various crops in hilly areas.
BD40440019,Non-calcareous Alluvium,"Excellent for rice cultivation, rich in nutrients."
BD40440019,Calcareous Dark Grey Floodplain Soils,"Excellent for rice cultivation, rich in nutrients."
BD55270010,Non-calcareous Grey Floodplain Soils,Fertile and supportive of healthy growth for various crops.
BD55270010,Non-calcareous Dark Grey Floodplain Soils,Fertile and supportive of healthy growth for various crops.
BD55270010,Non-calcareous Brown Floodplain Soils,Fertile and supportive of healthy growth for various crops.
BD55270010,Brown Terai Soils,Fertile and supportive of healthy growth for various crops.
BD55270012,Non-calcareous Grey Floodplain Soils,Fertile and supportive of healthy growth for various crops.
BD55270012,Non-calcareous Dark Grey Floodplain Soils,Fertile and supportive of healthy growth for various crops.
BD55270012,Non-calcareous Brown Floodplain Soils,Fertile and supportive of healthy growth for various crops.
BD55270012,Brown Terai Soils,Fertile and supportive of healthy growth for various crops.
BD55270030,Non-calcareous Grey Floodplain Soils,Fertile and supportive of healthy growth for various crops.
BD55270030,Non-calcareous Dark Grey Floodplain Soils,Fertile and supportive of healthy growth for various crops.
BD55270030,Non-calcareous Brown Floodplain Soils,Fertile and supportive of healthy growth for various crops.
BD55270030,Brown Terai Soils,Fertile and supportive of healthy growth for various crops.
BD55270038,Non-calcareous Grey Floodplain Soils,Fertile and supportive of healthy growth for various crops.
BD55270038,Non-calcareous Dark Grey Floodplain Soils,Fertile and supportive of healthy growth for various crops.
BD55270038,Non-calcareous Brown Floodplain Soils,Fertile and supportive of healthy growth for various crops.
BD55270038,Brown Terai Soils,Fertile and supportive of healthy growth for various crops.
BD55270056,Non-calcareous Grey Floodplain Soils,Fertile and supportive of healthy growth for various crops.
BD55270056,Non-calcareous Dark Grey Floodplain Soils,Fertile and supportive of healthy growth for various crops.
BD55270056,Non-calcareous Brown Floodplain Soils,Fertile and supportive of healthy growth for various crops.
BD55270056,Brown Terai Soils,Fertile and supportive of healthy growth for various crops.
BD50640006,Non-calcareous Grey Floodplain Soils,"Deep and nutrient-rich, supporting a variety of crops."
BD50640006,Non-calcareous Dark Grey Floodplain Soils,"Deep and nutrient-rich, supporting a variety of crops."
BD50640006,Calcareous Dark Grey Floodplain Soils,"Deep and nutrient-rich, supporting a variety of crops."
BD50690044,Non-calcareous Brown Floodplain Soils,"Rich in nutrients, ideal for rice and various crops."
BD50690044,Non-calcareous Dark Grey Floodplain Soils,"Rich in nutrients, ideal for rice and various crops."
BD50700088,Non-calcareous Grey Floodplain Soils,"Nutrient-rich, ideal for rice and other staples."
BD50700088,Non-calcareous Dark Grey Floodplain Soils,"Nutrient-rich, ideal for rice and other staples."
BD55770073,Non-calcareous Grey Floodplain Soils,"Well-drained and fertile, excellent for crop cultivation."
BD55770073,Non-calcareous Dark Grey Floodplain Soils,"Well-drained and fertile, excellent for crop cultivation."
BD55770073,Calcareous Dark Grey Floodplain Soils,"Well-drained and fertile, excellent for crop cultivation."
BD50810053,Non-calcareous Grey Floodplain Soils,"Highly fertile, conducive to growing a variety of crops."
BD50810053,Non-calcareous Dark Grey Floodplain Soils,"Highly fertile, conducive to growing a variety of crops."
BD50810053,Non-calcareous Brown Floodplain Soils,"Highly fertile, conducive to growing a variety of crops."
BD50810053,Brown Terai Soils,"Highly fertile, conducive to growing a variety of crops."
BD55940094,Non-calcareous Grey Floodplain Soils,"Retains moisture well, ideal for rice and other water-loving crops."
BD55940094,Non-calcareous Dark Grey Floodplain Soils,"Retains moisture well, ideal for rice and other water-loving crops."
BD10060003,Peat,"Deep and fertile, supportive of diverse agricultural practices."
BD10060003,Non-calcareous Grey Floodplain Soils,"Deep and fertile, supportive of diverse agricultural practices."
BD10060003,Non-calcareous Dark Grey Floodplain Soils,"Deep and fertile, supportive of diverse agricultural practices."
BD10060003,Calcareous Dark Grey Floodplain Soils,"Deep and fertile, supportive of diverse agricultural practices."
BD10060003,Calcareous Brown Floodplain Soils,"Deep and fertile, supportive of diverse agricultural practices."
BD10060032,Peat,"Deep and fertile, supportive of diverse agricultural practices."
BD10060032,Non-calcareous Grey Floodplain Soils,"Deep and fertile, supportive of diverse agricultural practices."
BD10060032,Non-calcareous Dark Grey Floodplain Soils,"Deep and fertile, supportive of diverse agricultural practices."
BD10060032,Calcareous Dark Grey Floodplain Soils,"Deep and fertile, supportive of diverse agricultural practices."
BD10060032,Calcareous Brown Floodplain Soils,"Deep and fertile, supportive of diverse agricultural practices."
BD10090054,Non-calcareous Grey Floodplain Soils,Highly fertile and supportive of staple crops like jute.
BD10090054,Non-calcareous Dark Grey Floodplain Soils,Highly fertile and supportive of staple crops like jute.
BD10090054,Non-calcareous Brown Floodplain Soils,Highly fertile and supportive of staple crops like jute.
BD10090054,Calcareous Dark Grey Floodplain Soils,Highly fertile and supportive of staple crops like jute.
BD10090054,Calcareous Brown Floodplain Soils,Highly fertile and supportive of staple crops like jute.
BD10090054,Acid Basin Clays,Highly fertile and supportive of staple crops like jute.
BD20150012,Non-calcareous Alluvium,"Good drainage and fertility, suitable for diverse crops."
BD20150012,Calcareous Alluvium,"Good drainage and fertility, suitable for diverse crops."
BD20150012,Acid Sulphate Soil,"Good drainage and fertility, suitable for diverse crops."
BD20150012,Non-calcareous Grey Floodplain Soils,"Good drainage and fertility, suitable for diverse crops."
BD20150012,Brown Piedmont Soils,"Good drainage and fertility, suitable for diverse crops."
BD20150012,Brown Hill Soils,"Good drainage and fertility, suitable for diverse crops."
BD20150033,Non-calcareous Alluvium,"Good drainage and fertility, suitable for diverse crops."
BD20150033,Calcareous Alluvium,"Good drainage and fertility, suitable for diverse crops."
BD20150033,Acid Sulphate Soil,"Good drainage and fertility, suitable for diverse crops."
BD20150033,Non-calcareous Grey Floodplain Soils,"Good drainage and fertility, suitable for diverse crops."
BD20150033,Brown Piedmont Soils,"Good drainage and fertility, suitable for diverse crops."
BD20150033,Brown Hill Soils,"Good drainage and fertility, suitable for diverse crops."
BD20300014,Non-calcareous Grey Floodplain Soils,"Nutrient-dense, ideal for rice and other staple crops."
BD20300014,Non-calcareous Dark Grey Floodplain Soils,"Nutrient-dense, ideal for rice and other staple crops."
BD20300014,Non-calcareous Brown Floodplain Soils,"Nutrient-dense, ideal for rice and other staple crops."
BD20300014,Acid Basin Clays,"Nutrient-dense, ideal for rice and other staple crops."
BD20300014,Deep Red-Brown Terrace Soils,"Nutrient-dense, ideal for rice and other staple crops."
BD20300051,Non-calcareous Grey Floodplain Soils,"Nutrient-dense, ideal for rice and other staple crops."
BD20300051,Non-calcareous Dark Grey Floodplain Soils,"Nutrient-dense, ideal for rice and other staple crops."
BD20300051,Non-calcareous Brown Floodplain Soils,"Nutrient-dense, ideal for rice and other staple crops."
BD20300051,Acid Basin Clays,"Nutrient-dense, ideal for rice and other staple crops."
BD20300051,Deep Red-Brown Terrace Soils,"Nutrient-dense, ideal for rice and other staple crops."
BD30290018,Non-calcareous Grey Floodplain Soils,"Rich in nutrients, great for a variety of crops."
BD30290018,Calcareous Grey Floodplain Soils,"Rich in nutrients, great for a variety of crops."
BD30290018,Brown Piedmont Soils,"Rich in nutrients, great for a variety of crops."
BD30290084,Non-calcareous Grey Floodplain Soils,"Rich in nutrients, great for a variety of crops."
BD30290084,Calcareous Grey Floodplain Soils,"Rich in nutrients, great for a variety of crops."
BD30290084,Brown Piedmont Soils,"Rich in nutrients, great for a variety of crops."
BD30330036,Non-calcareous Dark Grey Floodplain Soils,Supports healthy crop growth with balanced nutrient levels.
BD30330036,Acid Basin Clays,Supports healthy crop growth with balanced nutrient levels.
BD30330036,Brown Mottled Terrace Soils,Supports healthy crop growth with balanced nutrient levels.
BD30480079,Non-calcareous Grey Floodplain Soils,"Retains moisture well, particularly beneficial for paddy fields."
BD30480079,Calcareous Dark Grey Floodplain Soils,"Retains moisture well, particularly beneficial for paddy fields."
BD30560046,Non-calcareous Floodplain Soils,"Good fertility and moisture retention, particularly for rice."
BD30560046,Non-calcareous Brown Floodplain Soils,"Good fertility and moisture retention, particularly for rice."
BD45610020,Non-calcareous Grey Floodplain Soils,Supports strong growth for various crops.
BD45610020,Non-calcareous Dark Grey Floodplain Soils,Supports strong growth for various crops.
BD45610022,Non-calcareous Grey Floodplain Soils,Supports strong growth for various crops.
BD45610022,Non-calcareous Dark Grey Floodplain Soils,Supports strong growth for various crops.
BD45610023,Non-calcareous Grey Floodplain Soils,Supports strong growth for various crops.
BD45610023,Non-calcareous Dark Grey Floodplain Soils,Supports strong growth for various crops.
BD45610024,Non-calcareous Grey Floodplain Soils,Supports strong growth for various crops.
BD45610024,Non-calcareous Dark Grey Floodplain Soils,Supports strong growth for various crops.
BD45610065,Non-calcareous Grey Floodplain Soils,Supports strong growth for various crops.
BD45610065,Non-calcareous Dark Grey Floodplain Soils,Supports strong growth for various crops.
BD45610072,Non-calcareous Grey Floodplain Soils,Supports strong growth for various crops.
BD45610072,Non-calcareous Dark Grey Floodplain Soils,Supports strong growth for various crops.
BD45610081,Non-calcareous Grey Floodplain Soils,Supports strong growth for various crops.
BD45610081,Non-calcareous Dark Grey Floodplain Soils,Supports strong growth for various crops.
BD45610094,Non-calcareous Grey Floodplain Soils,Supports strong growth for various crops.
BD45610094,Non-calcareous Dark Grey Floodplain Soils,Supports strong growth for various crops.
BD30680007,Non-calcareous Grey Floodplain Soils,"High moisture retention, ideal for legumes and other crops."
BD30680007,Non-calcareous Dark Grey Floodplain Soils,"High moisture retention, ideal for legumes and other crops."
BD30680007,Calcareous Dark Grey Floodplain Soils,"High moisture retention, ideal for legumes and other crops."
BD30680052,Non-calcareous Grey Floodplain Soils,"High moisture retention, ideal for legumes and other crops."
BD30680052,Non-calcareous Dark Grey Floodplain Soils,"High moisture retention, ideal for legumes and other crops."
BD30680052,Calcareous Dark Grey Floodplain Soils,"High moisture retention, ideal for legumes and other crops."
BD30680063,Non-calcareous Grey Floodplain Soils,"High moisture retention, ideal for legumes and other crops."
BD30680063,Non-calcareous Dark Grey Floodplain Soils,"High moisture retention, ideal for legumes and other crops."
BD30680063,Calcareous Dark Grey Floodplain Soils,"High moisture retention, ideal for legumes and other crops."
BD30680076,Non-calcareous Grey Floodplain Soils,"High moisture retention, ideal for legumes and other crops."
BD30680076,Non-calcareous Dark Grey Floodplain Soils,"High moisture retention, ideal for legumes and other crops."
BD30680076,Calcareous Dark Grey Floodplain Soils,"High moisture retention, ideal for legumes and other crops."
BD45720083,Non-calcareous Grey Floodplain Soils,"Well-drained and fertile, ideal for agricultural activities."
BD45720083,Non-calcareous Dark Grey Floodplain Soils,"Well-drained and fertile, ideal for agricultural activities."
BD45720083,Non-calcareous Brown Floodplain Soils,"Well-drained and fertile, ideal for agricultural activities."
BD45720083,Brown Terai Soils,"Well-drained and fertile, ideal for agricultural activities."
BD30820007,Non-calcareous Alluvium,Supports diverse crops in hilly terrain with good moisture retention.
BD30820007,Brown Hill Soils,Supports diverse crops in hilly terrain with good moisture retention.
BD30820076,Non-calcareous Alluvium,Supports diverse crops in hilly terrain with good moisture retention.
BD30820076,Brown Hill Soils,Supports diverse crops in hilly terrain with good moisture retention.
BD45890037,Non-calcareous Grey Floodplain Soils,"Great moisture retention, ideal for rice and other crops."
BD45890037,Non-calcareous Dark Grey Floodplain Soils,"Great moisture retention, ideal for rice and other crops."
BD45890067,Non-calcareous Grey Floodplain Soils,"Great moisture retention, ideal for rice and other crops."
BD45890067,Non-calcareous Dark Grey Floodplain Soils,"Great moisture retention, ideal for rice and other crops."
BD45890090,Non-calcareous Grey Floodplain Soils,"Great moisture retention, ideal for rice and other crops."
BD45890090,Non-calcareous Dark Grey Floodplain Soils,"Great moisture retention, ideal for rice and other crops."
BD30930057,Non-calcareous Grey Floodplain Soils,"Retains moisture well, ideal for rice and other water-loving crops."
BD30930057,Non-calcareous Dark Grey Floodplain Soils,"Retains moisture well, ideal for rice and other water-loving crops."
BD40410023,Non-calcareous Alluvium,Supports healthy growth for various crops in hilly areas.
BD40410023,Brown Hill Soils,Supports healthy growth for various crops in hilly areas.
BD40410047,Non-calcareous Alluvium,Supports healthy growth for various crops in hilly areas.
BD40410047,Brown Hill Soils,Supports healthy growth for various crops in hilly areas.
BD40410061,Non-calcareous Alluvium,Supports healthy growth for various crops in hilly areas.
BD40410061,Brown Hill Soils,Supports healthy growth for various crops in hilly areas.
BD40410090,Non-calcareous Alluvium,Supports healthy growth for various crops in hilly areas.
BD40410090,Brown Hill Soils,Supports healthy growth for various crops in hilly areas.
BD40440071,Non-calcareous Alluvium,"Excellent for rice cultivation, rich in nutrients."
BD40440071,Calcareous Dark Grey Floodplain Soils,"Excellent for rice cultivation, rich in nutrients."
BD40440080,Non-calcareous Alluvium,"Excellent for rice cultivation, rich in nutrients."
BD40440080,Calcareous Dark Grey Floodplain Soils,"Excellent for rice cultivation, rich in nutrients."
BD40500015,Non-calcareous Grey Floodplain Soils,"Rich in organic content, fostering vibrant horticultural growth."
BD40500015,Non-calcareous Dark Grey Floodplain Soils,"Rich in organic content, fostering vibrant horticultural growth."
BD40500015,Calcareous Dark Grey Floodplain Soils,"Rich in organic content, fostering vibrant horticultural growth."
BD40500039,Non-calcareous Grey Floodplain Soils,"Rich in organic content, fostering vibrant horticultural growth."
BD40500039,Non-calcareous Dark Grey Floodplain Soils,"Rich in organic content, fostering vibrant horticultural growth."
BD40500039,Calcareous Dark Grey Floodplain Soils,"Rich in organic content, fostering vibrant horticultural growth."
BD40500063,Non-calcareous Grey Floodplain Soils,"Rich in organic content, fostering vibrant horticultural growth."
BD40500063,Non-calcareous Dark Grey Floodplain Soils,"Rich in organic content, fostering vibrant horticultural growth."
BD40500063,Calcareous Dark Grey Floodplain Soils,"Rich in organic content, fostering vibrant horticultural growth."
BD40500071,Non-calcareous Grey Floodplain Soils,"Rich in organic content, fostering vibrant horticultural growth."
BD40500071,Non-calcareous Dark Grey Floodplain Soils,"Rich in organic content, fostering vibrant horticultural growth."
BD40500071,Calcareous Dark Grey Floodplain Soils,"Rich in organic content, fostering vibrant horticultural growth."
BD40500079,Non-calcareous Grey Floodplain Soils,"Rich in organic content, fostering vibrant horticultural growth."
BD40500079,Non-calcareous Dark Grey Floodplain Soils,"Rich in organic content, fostering vibrant horticultural growth."
BD40500079,Calcareous Dark Grey Floodplain Soils,"Rich in organic content, fostering vibrant horticultural growth."
BD40550057,Non-calcareous Floodplain Soils,Good for rice cultivation and other moisture-demanding crops.
BD40550057,Non-calcareous Dark Grey Floodplain Soils,Good for rice cultivation and other moisture-demanding crops.
BD40550085,Non-calcareous Floodplain Soils,Good for rice cultivation and other moisture-demanding crops.
BD40550085,Non-calcareous Dark Grey Floodplain Soils,Good for rice cultivation and other moisture-demanding crops.
BD40550095,Non-calcareous Floodplain Soils,Good for rice cultivation and other moisture-demanding crops.
BD40550095,Non-calcareous Dark Grey Floodplain Soils,Good for rice cultivation and other moisture-demanding crops.
BD40870090,Non-calcareous Grey Floodplain Soils,Supports healthy plant growth with a rich organic layer.
BD40870090,Non-calcareous Dark Grey Floodplain Soils,Supports healthy plant growth with a rich organic layer.
BD40870090,Calcareous Dark Grey Floodplain Soils,Supports healthy plant growth with a rich organic layer.
BD55270021,Non-calcareous Grey Floodplain Soils,Fertile and supportive of healthy growth for various crops.
BD55270021,Non-calcareous Dark Grey Floodplain Soils,Fertile and supportive of healthy growth for various crops.
BD55270021,Non-calcareous Brown Floodplain Soils,Fertile and supportive of healthy growth for various crops.
BD55270021,Brown Terai Soils,Fertile and supportive of healthy growth for various crops.
BD55270064,Non-calcareous Grey Floodplain Soils,Fertile and supportive of healthy growth for various crops.
BD55270064,Non-calcareous Dark Grey Floodplain Soils,Fertile and supportive of healthy growth for various crops.
BD55270064,Non-calcareous Brown Floodplain Soils,Fertile and supportive of healthy growth for various crops.
BD55270064,Brown Terai Soils,Fertile and supportive of healthy growth for various crops.
BD55270069,Non-calcareous Grey Floodplain Soils,Fertile and supportive of healthy growth for various crops.
BD55270069,Non-calcareous Dark Grey Floodplain Soils,Fertile and supportive of healthy growth for various crops.
BD55270069,Non-calcareous Brown Floodplain Soils,Fertile and supportive of healthy growth for various crops.
BD55270069,Brown Terai Soils,Fertile and supportive of healthy growth for various crops.
BD55270077,Non-calcareous Grey Floodplain Soils,Fertile and supportive of healthy growth for various crops.
BD55270077,Non-calcareous Dark Grey Floodplain Soils,Fertile and supportive of healthy growth for various crops.
BD55270077,Non-calcareous Brown Floodplain Soils,Fertile and supportive of healthy growth for various crops.
BD55270077,Brown Terai Soils,Fertile and supportive of healthy growth for various crops.
BD55320067,Non-calcareous Alluvium,"Highly fertile, excellent for various agricultural practices."
BD55320067,Peat,"Highly fertile, excellent for various agricultural practices."
BD55320067,Non-calcareous Grey Floodplain Soils,"Highly fertile, excellent for various agricultural practices."
BD55320067,Brown Hill Soils,"Highly fertile, excellent for various agricultural practices."
BD50380013,Non-calcareous Grey Floodplain Soils,"Aerated and well-drained, suitable for a variety of vegetables."
BD50380013,Calcareous Brown Floodplain Soils,"Aerated and well-drained, suitable for a variety of vegetables."
BD50380047,Non-calcareous Grey Floodplain Soils,"Aerated and well-drained, suitable for a variety of vegetables."
BD50380047,Calcareous Brown Floodplain Soils,"Aerated and well-drained, suitable for a variety of vegetables."
BD50380074,Non-calcareous Grey Floodplain Soils,"Aerated and well-drained, suitable for a variety of vegetables."
BD50380074,Calcareous Brown Floodplain Soils,"Aerated and well-drained, suitable for a variety of vegetables."
BD50640047,Non-calcareous Grey Floodplain Soils,"Deep and nutrient-rich, supporting a variety of crops."
BD50640047,Non-calcareous Dark Grey Floodplain Soils,"Deep and nutrient-rich, supporting a variety of crops."
BD50640047,Calcareous Dark Grey Floodplain Soils,"Deep and nutrient-rich, supporting a variety of crops."
BD50640086,Non-calcareous Grey Floodplain Soils,"Deep and nutrient-rich, supporting a variety of crops."
BD50640086,Non-calcareous Dark Grey Floodplain Soils,"Deep and nutrient-rich, supporting a variety of crops."
BD50640086,Calcareous Dark Grey Floodplain Soils,"Deep and nutrient-rich, supporting a variety of crops."
BD55730045,Non-calcareous Grey Floodplain Soils,Supports diverse crops with balanced nutrient levels.
BD55730045,Non-calcareous Dark Grey Floodplain Soils,Supports diverse crops with balanced nutrient levels.
BD50760039,Peat,"Rich in nutrients, supportive of various crops."
BD50760039,Non-calcareous Grey Floodplain Soils,"Rich in nutrients, supportive of various crops."
BD50760039,Calcareous Dark Grey Floodplain Soils,"Rich in nutrients, supportive of various crops."
BD55770025,Non-calcareous Grey Floodplain Soils,"Well-drained and fertile, excellent for crop cultivation."
BD55770025,Non-calcareous Dark Grey Floodplain Soils,"Well-drained and fertile, excellent for crop cultivation."
BD55770025,Calcareous Dark Grey Floodplain Soils,"Well-drained and fertile, excellent for crop cultivation."
BD55770034,Non-calcareous Grey Floodplain Soils,"Well-drained and fertile, excellent for crop cultivation."
BD55770034,Non-calcareous Dark Grey Floodplain Soils,"Well-drained and fertile, excellent for crop cultivation."
BD55770034,Calcareous Dark Grey Floodplain Soils,"Well-drained and fertile, excellent for crop cultivation."
BD50810072,Non-calcareous Grey Floodplain Soils,"Highly fertile, conducive to growing a variety of crops."
BD50810072,Non-calcareous Dark Grey Floodplain Soils,"Highly fertile, conducive to growing a variety of crops."
BD50810072,Non-calcareous Brown Floodplain Soils,"Highly fertile, conducive to growing a variety of crops."
BD50810072,Brown Terai Soils,"Highly fertile, conducive to growing a variety of crops."
BD55850003,Non-calcareous Grey Floodplain Soils,"Moisture-retentive, great for water-intensive plants like rice."
BD55850003,Non-calcareous Dark Grey Floodplain Soils,"Moisture-retentive, great for water-intensive plants like rice."
BD50880061,Non-calcareous Alluvium,Fosters diverse agricultural practices with good fertility.
BD50880061,Peat,Fosters diverse agricultural practices with good fertility.
BD50880061,Non-calcareous Grey Floodplain Soils,Fosters diverse agricultural practices with good fertility.
BD50880061,Brown Hill Soils,Fosters diverse agricultural practices with good fertility.
BD55940008,Non-calcareous Grey Floodplain Soils,"Retains moisture well, ideal for rice and other water-loving crops."
BD55940008,Non-calcareous Dark Grey Floodplain Soils,"Retains moisture well, ideal for rice and other water-loving crops."
BD55940051,Non-calcareous Grey Floodplain Soils,"Retains moisture well, ideal for rice and other water-loving crops."
BD55940051,Non-calcareous Dark Grey Floodplain Soils,"Retains moisture well, ideal for rice and other water-loving crops."
BD55940082,Non-calcareous Grey Floodplain Soils,"Retains moisture well, ideal for rice and other water-loving crops."
BD55940082,Non-calcareous Dark Grey Floodplain Soils,"Retains moisture well, ideal for rice and other water-loving crops."
BD55940086,Non-calcareous Grey Floodplain Soils,"Retains moisture well, ideal for rice and other water-loving crops."
BD55940086,Non-calcareous Dark Grey Floodplain Soils,"Retains moisture well, ideal for rice and other water-loving crops."
BD10040009,Non-calcareous Floodplain Soils,Promotes healthy growth for rice and vegetables.
BD10040009,Non-calcareous Grey Floodplain Soils,Promotes healthy growth for rice and vegetables.
BD10040009,Non-calcareous Dark Grey Floodplain Soils,Promotes healthy growth for rice and vegetables.
BD10040019,Non-calcareous Floodplain Soils,Promotes healthy growth for rice and vegetables.
BD10040019,Non-calcareous Grey Floodplain Soils,Promotes healthy growth for rice and vegetables.
BD10040019,Non-calcareous Dark Grey Floodplain Soils,Promotes healthy growth for rice and vegetables.
BD10040028,Non-calcareous Floodplain Soils,Promotes healthy growth for rice and vegetables.
BD10040028,Non-calcareous Grey Floodplain Soils,Promotes healthy growth for rice and vegetables.
BD10040028,Non-calcareous Dark Grey Floodplain Soils,Promotes healthy growth for rice and vegetables.
BD10040047,Non-calcareous Floodplain Soils,Promotes healthy growth for rice and vegetables.
BD10040047,Non-calcareous Grey Floodplain Soils,Promotes healthy growth for rice and vegetables.
BD10040047,Non-calcareous Dark Grey Floodplain Soils,Promotes healthy growth for rice and vegetables.
BD10040085,Non-calcareous Floodplain Soils,Promotes healthy growth for rice and vegetables.
BD10040085,Non-calcareous Grey Floodplain Soils,Promotes healthy growth for rice and vegetables.
BD10040085,Non-calcareous Dark Grey Floodplain Soils,Promotes healthy growth for rice and vegetables.
BD10060002,Peat,"Deep and fertile, supportive of diverse agricultural practices."
BD10060002,Non-calcareous Grey Floodplain Soils,"Deep and fertile, supportive of diverse agricultural practices."
BD10060002,Non-calcareous Dark Grey Floodplain Soils,"Deep and fertile, supportive of diverse agricultural practices."
BD10060002,Calcareous Dark Grey Floodplain Soils,"Deep and fertile, supportive of diverse agricultural practices."
BD10060002,Calcareous Brown Floodplain Soils,"Deep and fertile, supportive of diverse agricultural practices."
BD10060007,Peat,"Deep and fertile, supportive of diverse agricultural practices."
BD10060007,Non-calcareous Grey Floodplain Soils,"Deep and fertile, supportive of diverse agricultural practices."
BD10060007,Non-calcareous Dark Grey Floodplain Soils,"Deep and fertile, supportive of diverse agricultural practices."
BD10060007,Calcareous Dark Grey Floodplain Soils,"Deep and fertile, supportive of diverse agricultural practices."
BD10060007,Calcareous Brown Floodplain Soils,"Deep and fertile, supportive of diverse agricultural practices."
BD10060010,Peat,"Deep and fertile, supportive of diverse agricultural practices."
BD10060010,Non-calcareous Grey Floodplain Soils,"Deep and fertile, supportive of diverse agricultural practices."
BD10060010,Non-calcareous Dark Grey Floodplain Soils,"Deep and fertile, supportive of diverse agricultural practices."
BD10060010,Calcareous Dark Grey Floodplain Soils,"Deep and fertile, supportive of diverse agricultural practices."
BD10060010,Calcareous Brown Floodplain Soils,"Deep and fertile, supportive of diverse agricultural practices."
BD10060036,Peat,"Deep and fertile, supportive of diverse agricultural practices."
BD10060036,Non-calcareous Grey Floodplain Soils,"Deep and fertile, supportive of diverse agricultural practices."
BD10060036,Non-calcareous Dark Grey Floodplain Soils,"Deep and fertile, supportive of diverse agricultural practices."
BD10060036,Calcareous Dark Grey Floodplain Soils,"Deep and fertile, supportive of diverse agricultural practices."
BD10060036,Calcareous Brown Floodplain Soils,"Deep and fertile, supportive of diverse agricultural practices."
BD10060051,Peat,"Deep and fertile, supportive of diverse agricultural practices."
BD10060051,Non-calcareous Grey Floodplain Soils,"Deep and fertile, supportive of diverse agricultural practices."
BD10060051,Non-calcareous Dark Grey Floodplain Soils,"Deep and fertile, supportive of diverse agricultural practices."
BD10060051,Calcareous Dark Grey Floodplain Soils,"Deep and fertile, supportive of diverse agricultural practices."
BD10060051,Calcareous Brown Floodplain Soils,"Deep and fertile, supportive of diverse agricultural practices."
BD10060062,Peat,"Deep and fertile, supportive of diverse agricultural practices."
BD10060062,Non-calcareous Grey Floodplain Soils,"Deep and fertile, supportive of diverse agricultural practices."
BD10060062,Non-calcareous Dark Grey Floodplain Soils,"Deep and fertile, supportive of diverse agricultural practices."
BD10060062,Calcareous Dark Grey Floodplain Soils,"Deep and fertile, supportive of diverse agricultural practices."
BD10060062,Calcareous Brown Floodplain Soils,"Deep and fertile, supportive of diverse agricultural practices."
BD10060069,Peat,"Deep and fertile, supportive of diverse agricultural practices."
BD10060069,Non-calcareous Grey Floodplain Soils,"Deep and fertile, supportive of diverse agricultural practices."
BD10060069,Non-calcareous Dark Grey Floodplain Soils,"Deep and fertile, supportive of diverse agricultural practices."
BD10060069,Calcareous Dark Grey Floodplain Soils,"Deep and fertile, supportive of diverse agricultural practices."
BD10060069,Calcareous Brown Floodplain Soils,"Deep and fertile, supportive of diverse agricultural practices."
BD10060094,Peat,"Deep and fertile, supportive of diverse agricultural practices."
BD10060094,Non-calcareous Grey Floodplain Soils,"Deep and fertile, supportive of diverse agricultural practices."
BD10060094,Non-calcareous Dark Grey Floodplain Soils,"Deep and fertile, supportive of diverse agricultural practices."
BD10060094,Calcareous Dark Grey Floodplain Soils,"Deep and fertile, supportive of diverse agricultural practices."
BD10060094,Calcareous Brown Floodplain Soils,"Deep and fertile, supportive of diverse agricultural practices."
BD10090018,Non-calcareous Grey Floodplain Soils,Highly fertile and supportive of staple crops like jute.
BD10090018,Non-calcareous Dark Grey Floodplain Soils,Highly fertile and supportive of staple crops like jute.
BD10090018,Non-calcareous Brown Floodplain Soils,Highly fertile and supportive of staple crops like jute.
BD10090018,Calcareous Dark Grey Floodplain Soils,Highly fertile and supportive of staple crops like jute.
BD10090018,Calcareous Brown Floodplain Soils,Highly fertile and supportive of staple crops like jute.
BD10090018,Acid Basin Clays,Highly fertile and supportive of staple crops like jute.
BD10090021,Non-calcareous Grey Floodplain Soils,Highly fertile and supportive of staple crops like jute.
BD10090021,Non-calcareous Dark Grey Floodplain Soils,Highly fertile and supportive of staple crops like jute.
BD10090021,Non-calcareous Brown Floodplain Soils,Highly fertile and supportive of staple crops like jute.
BD10090021,Calcareous Dark Grey Floodplain Soils,Highly fertile and supportive of staple crops like jute.
BD10090021,Calcareous Brown Floodplain Soils,Highly fertile and supportive of staple crops like jute.
BD10090021,Acid Basin Clays,Highly fertile and supportive of staple crops like jute.
BD10090025,Non-calcareous Grey Floodplain Soils,Highly fertile and supportive of staple crops like jute.
BD10090025,Non-calcareous Dark Grey Floodplain Soils,Highly fertile and supportive of staple crops like jute.
BD10090025,Non-calcareous Brown Floodplain Soils,Highly fertile and supportive of staple crops like jute.
BD10090025,Calcareous Dark Grey Floodplain Soils,Highly fertile and supportive of staple crops like jute.
BD10090025,Calcareous Brown Floodplain Soils,Highly fertile and supportive of staple crops like jute.
BD10090025,Acid Basin Clays,Highly fertile and supportive of staple crops like jute.
BD10090029,Non-calcareous Grey Floodplain Soils,Highly fertile and supportive of staple crops like jute.
BD10090029,Non-calcareous Dark Grey Floodplain Soils,Highly fertile and supportive of staple crops like jute.
BD10090029,Non-calcareous Brown Floodplain Soils,Highly fertile and supportive of staple crops like jute.
BD10090029,Calcareous Dark Grey Floodplain Soils,Highly fertile and supportive of staple crops like jute.
BD10090029,Calcareous Brown Floodplain Soils,Highly fertile and supportive of staple crops like jute.
BD10090029,Acid Basin Clays,Highly fertile and supportive of staple crops like jute.
BD10090065,Non-calcareous Grey Floodplain Soils,Highly fertile and supportive of staple crops like jute.
BD10090065,Non-calcareous Dark Grey Floodplain Soils,Highly fertile and supportive of staple crops like jute.
BD10090065,Non-calcareous Brown Floodplain Soils,Highly fertile and supportive of staple crops like jute.
BD10090065,Calcareous Dark Grey Floodplain Soils,Highly fertile and supportive of staple crops like jute.
BD10090065,Calcareous Brown Floodplain Soils,Highly fertile and supportive of staple crops like jute.
BD10090065,Acid Basin Clays,Highly fertile and supportive of staple crops like jute.
BD10420040,Non-calcareous Alluvium,"Highly fertile, conducive to growing diverse agricultural products."
BD10420040,Calcareous Alluvium,"Highly fertile, conducive to growing diverse agricultural products."
BD10420040,Acid Sulphate Soil,"Highly fertile, conducive to growing diverse agricultural products."
BD10420040,Non-calcareous Dark Grey Floodplain Soils,"Highly fertile, conducive to growing diverse agricultural products."
BD10420040,Calcareous Dark Grey Floodplain Soils,"Highly fertile, conducive to growing diverse agricultural products."
BD10420040,Calcareous Brown Floodplain Soils,"Highly fertile, conducive to growing diverse agricultural products."
BD10420040,Shallow Red-Brown Terrace Soils,"Highly fertile, conducive to growing diverse agricultural products."
BD10420040,Deep Red-Brown Terrace Soils,"Highly fertile, conducive to growing diverse agricultural products."
BD10420040,Brown Mottled Terrace Soils,"Highly fertile, conducive to growing diverse agricultural products."
BD10420040,Deep Grey Terrace Soils,"Highly fertile, conducive to growing diverse agricultural products."
BD10420043,Non-calcareous Alluvium,"Highly fertile, conducive to growing diverse agricultural products."
BD10420043,Calcareous Alluvium,"Highly fertile, conducive to growing diverse agricultural products."
BD10420043,Acid Sulphate Soil,"Highly fertile, conducive to growing diverse agricultural products."
BD10420043,Non-calcareous Dark Grey Floodplain Soils,"Highly fertile, conducive to growing diverse agricultural products."
BD10420043,Calcareous Dark Grey Floodplain Soils,"Highly fertile, conducive to growing diverse agricultural products."
BD10420043,Calcareous Brown Floodplain Soils,"Highly fertile, conducive to growing diverse agricultural products."
BD10420043,Shallow Red-Brown Terrace Soils,"Highly fertile, conducive to growing diverse agricultural products."
BD10420043,Deep Red-Brown Terrace Soils,"Highly fertile, conducive to growing diverse agricultural products."
BD10420043,Brown Mottled Terrace Soils,"Highly fertile, conducive to growing diverse agricultural products."
BD10420043,Deep Grey Terrace Soils,"Highly fertile, conducive to growing diverse agricultural products."
BD10420073,Non-calcareous Alluvium,"Highly fertile, conducive to growing diverse agricultural products."
BD10420073,Calcareous Alluvium,"Highly fertile, conducive to growing diverse agricultural products."
BD10420073,Acid Sulphate Soil,"Highly fertile, conducive to growing diverse agricultural products."
BD10420073,Non-calcareous Dark Grey Floodplain Soils,"Highly fertile, conducive to growing diverse agricultural products."
BD10420073,Calcareous Dark Grey Floodplain Soils,"Highly fertile, conducive to growing diverse agricultural products."
BD10420073,Calcareous Brown Floodplain Soils,"Highly fertile, conducive to growing diverse agricultural products."
BD10420073,Shallow Red-Brown Terrace Soils,"Highly fertile, conducive to growing diverse agricultural products."
BD10420073,Deep Red-Brown Terrace Soils,"Highly fertile, conducive to growing diverse agricultural products."
BD10420073,Brown Mottled Terrace Soils,"Highly fertile, conducive to growing diverse agricultural products."
BD10420073,Deep Grey Terrace Soils,"Highly fertile, conducive to growing diverse agricultural products."
BD10420084,Non-calcareous Alluvium,"Highly fertile, conducive to growing diverse agricultural products."
BD10420084,Calcareous Alluvium,"Highly fertile, conducive to growing diverse agricultural products."
BD10420084,Acid Sulphate Soil,"Highly fertile, conducive to growing diverse agricultural products."
BD10420084,Non-calcareous Dark Grey Floodplain Soils,"Highly fertile, conducive to growing diverse agricultural products."
BD10420084,Calcareous Dark Grey Floodplain Soils,"Highly fertile, conducive to growing diverse agricultural products."
BD10420084,Calcareous Brown Floodplain Soils,"Highly fertile, conducive to growing diverse agricultural products."
BD10420084,Shallow Red-Brown Terrace Soils,"Highly fertile, conducive to growing diverse agricultural products."
BD10420084,Deep Red-Brown Terrace Soils,"Highly fertile, conducive to growing diverse agricultural products."
BD10420084,Brown Mottled Terrace Soils,"Highly fertile, conducive to growing diverse agricultural products."
BD10420084,Deep Grey Terrace Soils,"Highly fertile, conducive to growing diverse agricultural products."
BD10780038,Non-calcareous Dark Grey Floodplain Soils,"Well-drained and fertile, conducive to diverse agriculture."
BD10780038,Non-calcareous Grey Floodplain Soils,"Well-drained and fertile, conducive to diverse agriculture."
BD10780052,Non-calcareous Dark Grey Floodplain Soils,"Well-drained and fertile, conducive to diverse agriculture."
BD10780052,Non-calcareous Grey Floodplain Soils,"Well-drained and fertile, conducive to diverse agriculture."
BD10780057,Non-calcareous Dark Grey Floodplain Soils,"Well-drained and fertile, conducive to diverse agriculture."
BD10780057,Non-calcareous Grey Floodplain Soils,"Well-drained and fertile, conducive to diverse agriculture."
BD10780066,Non-calcareous Dark Grey Floodplain Soils,"Well-drained and fertile, conducive to diverse agriculture."
BD10780066,Non-calcareous Grey Floodplain Soils,"Well-drained and fertile, conducive to diverse agriculture."
BD10780076,Non-calcareous Dark Grey Floodplain Soils,"Well-drained and fertile, conducive to diverse agriculture."
BD10780076,Non-calcareous Grey Floodplain Soils,"Well-drained and fertile, conducive to diverse agriculture."
BD10780095,Non-calcareous Dark Grey Floodplain Soils,"Well-drained and fertile, conducive to diverse agriculture."
BD10780095,Non-calcareous Grey Floodplain Soils,"Well-drained and fertile, conducive to diverse agriculture."
BD10790014,Non-calcareous Grey Floodplain Soils,Supports a wide range of crops with good fertility.
BD10790014,Non-calcareous Dark Grey Floodplain Soils,Supports a wide range of crops with good fertility.
BD10790014,Non-calcareous Brown Floodplain Soils,Supports a wide range of crops with good fertility.
BD10790014,Calcareous Dark Grey Floodplain Soils,Supports a wide range of crops with good fertility.
BD10790014,Brown Terai Soils,Supports a wide range of crops with good fertility.
BD10790047,Non-calcareous Grey Floodplain Soils,Supports a wide range of crops with good fertility.
BD10790047,Non-calcareous Dark Grey Floodplain Soils,Supports a wide range of crops with good fertility.
BD10790047,Non-calcareous Brown Floodplain Soils,Supports a wide range of crops with good fertility.
BD10790047,Calcareous Dark Grey Floodplain Soils,Supports a wide range of crops with good fertility.
BD10790047,Brown Terai Soils,Supports a wide range of crops with good fertility.
BD10790058,Non-calcareous Grey Floodplain Soils,Supports a wide range of crops with good fertility.
BD10790058,Non-calcareous Dark Grey Floodplain Soils,Supports a wide range of crops with good fertility.
BD10790058,Non-calcareous Brown Floodplain Soils,Supports a wide range of crops with good fertility.
BD10790058,Calcareous Dark Grey Floodplain Soils,Supports a wide range of crops with good fertility.
BD10790058,Brown Terai Soils,Supports a wide range of crops with good fertility.
BD10790076,Non-calcareous Grey Floodplain Soils,Supports a wide range of crops with good fertility.
BD10790076,Non-calcareous Dark Grey Floodplain Soils,Supports a wide range of crops with good fertility.
BD10790076,Non-calcareous Brown Floodplain Soils,Supports a wide range of crops with good fertility.
BD10790076,Calcareous Dark Grey Floodplain Soils,Supports a wide range of crops with good fertility.
BD10790076,Brown Terai Soils,Supports a wide range of crops with good fertility.
BD10790080,Non-calcareous Grey Floodplain Soils,Supports a wide range of crops with good fertility.
BD10790080,Non-calcareous Dark Grey Floodplain Soils,Supports a wide range of crops with good fertility.
BD10790080,Non-calcareous Brown Floodplain Soils,Supports a wide range of crops with good fertility.
BD10790080,Calcareous Dark Grey Floodplain Soils,Supports a wide range of crops with good fertility.
BD10790080,Brown Terai Soils,Supports a wide range of crops with good fertility.
BD10790087,Non-calcareous Grey Floodplain Soils,Supports a wide range of crops with good fertility.
BD10790087,Non-calcareous Dark Grey Floodplain Soils,Supports a wide range of crops with good fertility.
BD10790087,Non-calcareous Brown Floodplain Soils,Supports a wide range of crops with good fertility.
BD10790087,Calcareous Dark Grey Floodplain Soils,Supports a wide range of crops with good fertility.
BD10790087,Brown Terai Soils,Supports a wide range of crops with good fertility.
BD20030004,Non-calcareous Alluvium,Supports diverse crops in hilly terrains with good moisture retention.
BD20030004,Brown Hill Soils,Supports diverse crops in hilly terrains with good moisture retention.
BD20030014,Non-calcareous Alluvium,Supports diverse crops in hilly terrains with good moisture retention.
BD20030014,Brown Hill Soils,Supports diverse crops in hilly terrains with good moisture retention.
BD20030051,Non-calcareous Alluvium,Supports diverse crops in hilly terrains with good moisture retention.
BD20030051,Brown Hill Soils,Supports diverse crops in hilly terrains with good moisture retention.
BD20030073,Non-calcareous Alluvium,Supports diverse crops in hilly terrains with good moisture retention.
BD20030073,Brown Hill Soils,Supports diverse crops in hilly terrains with good moisture retention.
BD20030089,Non-calcareous Alluvium,Supports diverse crops in hilly terrains with good moisture retention.
BD20030089,Brown Hill Soils,Supports diverse crops in hilly terrains with good moisture retention.
BD20030091,Non-calcareous Alluvium,Supports diverse crops in hilly terrains with good moisture retention.
BD20030091,Brown Hill Soils,Supports diverse crops in hilly terrains with good moisture retention.
BD20030095,Non-calcareous Alluvium,Supports diverse crops in hilly terrains with good moisture retention.
BD20030095,Brown Hill Soils,Supports diverse crops in hilly terrains with good moisture retention.
BD20120002,Non-calcareous Floodplain Soils,Beneficial for rice and other crops needing moisture.
BD20120002,Calcareous Alluvium,Beneficial for rice and other crops needing moisture.
BD20120002,Calcareous Grey Floodplain Soils,Beneficial for rice and other crops needing moisture.
BD20120002,Non-calcareous Grey Floodplain Soils,Beneficial for rice and other crops needing moisture.
BD20120002,Calcareous Dark Grey Floodplain Soils,Beneficial for rice and other crops needing moisture.
BD20120002,Calcareous Brown Floodplain Soils,Beneficial for rice and other crops needing moisture.
BD20120002,Acid Basin Clays,Beneficial for rice and other crops needing moisture.
BD20120004,Non-calcareous Floodplain Soils,Beneficial for rice and other crops needing moisture.
BD20120004,Calcareous Alluvium,Beneficial for rice and other crops needing moisture.
BD20120004,Calcareous Grey Floodplain Soils,Beneficial for rice and other crops needing moisture.
BD20120004,Non-calcareous Grey Floodplain Soils,Beneficial for rice and other crops needing moisture.
BD20120004,Calcareous Dark Grey Floodplain Soils,Beneficial for rice and other crops needing moisture.
BD20120004,Calcareous Brown Floodplain Soils,Beneficial for rice and other crops needing moisture.
BD20120004,Acid Basin Clays,Beneficial for rice and other crops needing moisture.
BD20120013,Non-calcareous Floodplain Soils,Beneficial for rice and other crops needing moisture.
BD20120013,Calcareous Alluvium,Beneficial for rice and other crops needing moisture.
BD20120013,Calcareous Grey Floodplain Soils,Beneficial for rice and other crops needing moisture.
BD20120013,Non-calcareous Grey Floodplain Soils,Beneficial for rice and other crops needing moisture.
BD20120013,Calcareous Dark Grey Floodplain Soils,Beneficial for rice and other crops needing moisture.
BD20120013,Calcareous Brown Floodplain Soils,Beneficial for rice and other crops needing moisture.
BD20120013,Acid Basin Clays,Beneficial for rice and other crops needing moisture.
BD20120063,Non-calcareous Floodplain Soils,Beneficial for rice and other crops needing moisture.
BD20120063,Calcareous Alluvium,Beneficial for rice and other crops needing moisture.
BD20120063,Calcareous Grey Floodplain Soils,Beneficial for rice and other crops needing moisture.
BD20120063,Non-calcareous Grey Floodplain Soils,Beneficial for rice and other crops needing moisture.
BD20120063,Calcareous Dark Grey Floodplain Soils,Beneficial for rice and other crops needing moisture.
BD20120063,Calcareous Brown Floodplain Soils,Beneficial for rice and other crops needing moisture.
BD20120063,Acid Basin Clays,Beneficial for rice and other crops needing moisture.
BD20120085,Non-calcareous Floodplain Soils,Beneficial for rice and other crops needing moisture.
BD20120085,Calcareous Alluvium,Beneficial for rice and other crops needing moisture.
BD20120085,Calcareous Grey Floodplain Soils,Beneficial for rice and other crops needing moisture.
BD20120085,Non-calcareous Grey Floodplain Soils,Beneficial for rice and other crops needing moisture.
BD20120085,Calcareous Dark Grey Floodplain Soils,Beneficial for rice and other crops needing moisture.
BD20120085,Calcareous Brown Floodplain Soils,Beneficial for rice and other crops needing moisture.
BD20120085,Acid Basin Clays,Beneficial for rice and other crops needing moisture.
BD20120090,Non-calcareous Floodplain Soils,Beneficial for rice and other crops needing moisture.
BD20120090,Calcareous Alluvium,Beneficial for rice and other crops needing moisture.
BD20120090,Calcareous Grey Floodplain Soils,Beneficial for rice and other crops needing moisture.
BD20120090,Non-calcareous Grey Floodplain Soils,Beneficial for rice and other crops needing moisture.
BD20120090,Calcareous Dark Grey Floodplain Soils,Beneficial for rice and other crops needing moisture.
BD20120090,Calcareous Brown Floodplain Soils,Beneficial for rice and other crops needing moisture.
BD20120090,Acid Basin Clays,Beneficial for rice and other crops needing moisture.
BD20120094,Non-calcareous Floodplain Soils,Beneficial for rice and other crops needing moisture.
BD20120094,Calcareous Alluvium,Beneficial for rice and other crops needing moisture.
BD20120094,Calcareous Grey Floodplain Soils,Beneficial for rice and other crops needing moisture.
BD20120094,Non-calcareous Grey Floodplain Soils,Beneficial for rice and other crops needing moisture.
BD20120094,Calcareous Dark Grey Floodplain Soils,Beneficial for rice and other crops needing moisture.
BD20120094,Calcareous Brown Floodplain Soils,Beneficial for rice and other crops needing moisture.
BD20120094,Acid Basin Clays,Beneficial for rice and other crops needing moisture.
BD20130022,Non-calcareous Floodplain Soils,"Rich in nutrients, great for a variety of crops."
BD20130022,Non-calcareous Dark Grey Floodplain Soils,"Rich in nutrients, great for a variety of crops."
BD20130045,Non-calcareous Floodplain Soils,"Rich in nutrients, great for a variety of crops."
BD20130045,Non-calcareous Dark Grey Floodplain Soils,"Rich in nutrients, great for a variety of crops."
BD20130047,Non-calcareous Floodplain Soils,"Rich in nutrients, great for a variety of crops."
BD20130047,Non-calcareous Dark Grey Floodplain Soils,"Rich in nutrients, great for a variety of crops."
BD20130049,Non-calcareous Floodplain Soils,"Rich in nutrients, great for a variety of crops."
BD20130049,Non-calcareous Dark Grey Floodplain Soils,"Rich in nutrients, great for a variety of crops."
BD20130058,Non-calcareous Floodplain Soils,"Rich in nutrients, great for a variety of crops."
BD20130058,Non-calcareous Dark Grey Floodplain Soils,"Rich in nutrients, great for a variety of crops."
BD20130076,Non-calcareous Floodplain Soils,"Rich in nutrients, great for a variety of crops."
BD20130079,Non-calcareous Floodplain Soils,"Rich in nutrients, great for a variety of crops."
BD20130076,Non-calcareous Dark Grey Floodplain Soils,"Rich in nutrients, great for a variety of crops."
BD20130079,Non-calcareous Dark Grey Floodplain Soils,"Rich in nutrients, great for a variety of crops."
BD20130095,Non-calcareous Floodplain Soils,"Rich in nutrients, great for a variety of crops."
BD20130095,Non-calcareous Dark Grey Floodplain Soils,"Rich in nutrients, great for a variety of crops."
BD20150004,Non-calcareous Alluvium,"Good drainage and fertility, suitable for diverse crops."
BD20150004,Calcareous Alluvium,"Good drainage and fertility, suitable for diverse crops."
BD20150004,Acid Sulphate Soil,"Good drainage and fertility, suitable for diverse crops."
BD20150004,Non-calcareous Grey Floodplain Soils,"Good drainage and fertility, suitable for diverse crops."
BD20150004,Brown Piedmont Soils,"Good drainage and fertility, suitable for diverse crops."
BD20150004,Brown Hill Soils,"Good drainage and fertility, suitable for diverse crops."
BD20150008,Non-calcareous Alluvium,"Good drainage and fertility, suitable for diverse crops."
BD20150008,Calcareous Alluvium,"Good drainage and fertility, suitable for diverse crops."
BD20150008,Acid Sulphate Soil,"Good drainage and fertility, suitable for diverse crops."
BD20150008,Non-calcareous Grey Floodplain Soils,"Good drainage and fertility, suitable for diverse crops."
BD20150008,Brown Piedmont Soils,"Good drainage and fertility, suitable for diverse crops."
BD20150008,Brown Hill Soils,"Good drainage and fertility, suitable for diverse crops."
BD20150018,Non-calcareous Alluvium,"Good drainage and fertility, suitable for diverse crops."
BD20150018,Calcareous Alluvium,"Good drainage and fertility, suitable for diverse crops."
BD20150018,Acid Sulphate Soil,"Good drainage and fertility, suitable for diverse crops."
BD20150018,Non-calcareous Grey Floodplain Soils,"Good drainage and fertility, suitable for diverse crops."
BD20150018,Brown Piedmont Soils,"Good drainage and fertility, suitable for diverse crops."
BD20150018,Brown Hill Soils,"Good drainage and fertility, suitable for diverse crops."
BD20151600,Non-calcareous Alluvium,"Good drainage and fertility, suitable for diverse crops."
BD20151600,Calcareous Alluvium,"Good drainage and fertility, suitable for diverse crops."
BD20151600,Acid Sulphate Soil,"Good drainage and fertility, suitable for diverse crops."
BD20151600,Non-calcareous Grey Floodplain Soils,"Good drainage and fertility, suitable for diverse crops."
BD20151600,Brown Piedmont Soils,"Good drainage and fertility, suitable for diverse crops."
BD20151600,Brown Hill Soils,"Good drainage and fertility, suitable for diverse crops."
BD20150037,Non-calcareous Alluvium,"Good drainage and fertility, suitable for diverse crops."
BD20150037,Calcareous Alluvium,"Good drainage and fertility, suitable for diverse crops."
BD20150037,Acid Sulphate Soil,"Good drainage and fertility, suitable for diverse crops."
BD20150037,Non-calcareous Grey Floodplain Soils,"Good drainage and fertility, suitable for diverse crops."
BD20150037,Brown Piedmont Soils,"Good drainage and fertility, suitable for diverse crops."
BD20150037,Brown Hill Soils,"Good drainage and fertility, suitable for diverse crops."
BD20150047,Non-calcareous Alluvium,"Good drainage and fertility, suitable for diverse crops."
BD20150047,Calcareous Alluvium,"Good drainage and fertility, suitable for diverse crops."
BD20150047,Acid Sulphate Soil,"Good drainage and fertility, suitable for diverse crops."
BD20150047,Non-calcareous Grey Floodplain Soils,"Good drainage and fertility, suitable for diverse crops."
BD20150047,Brown Piedmont Soils,"Good drainage and fertility, suitable for diverse crops."
BD20150047,Brown Hill Soils,"Good drainage and fertility, suitable for diverse crops."
BD20150053,Non-calcareous Alluvium,"Good drainage and fertility, suitable for diverse crops."
BD20150053,Calcareous Alluvium,"Good drainage and fertility, suitable for diverse crops."
BD20150053,Acid Sulphate Soil,"Good drainage and fertility, suitable for diverse crops."
BD20150053,Non-calcareous Grey Floodplain Soils,"Good drainage and fertility, suitable for diverse crops."
BD20150053,Brown Piedmont Soils,"Good drainage and fertility, suitable for diverse crops."
BD20150053,Brown Hill Soils,"Good drainage and fertility, suitable for diverse crops."
BD20150061,Non-calcareous Alluvium,"Good drainage and fertility, suitable for diverse crops."
BD20150061,Calcareous Alluvium,"Good drainage and fertility, suitable for diverse crops."
BD20150061,Acid Sulphate Soil,"Good drainage and fertility, suitable for diverse crops."
BD20150061,Non-calcareous Grey Floodplain Soils,"Good drainage and fertility, suitable for diverse crops."
BD20150061,Brown Piedmont Soils,"Good drainage and fertility, suitable for diverse crops."
BD20150061,Brown Hill Soils,"Good drainage and fertility, suitable for diverse crops."
BD20150070,Non-calcareous Alluvium,"Good drainage and fertility, suitable for diverse crops."
BD20150070,Calcareous Alluvium,"Good drainage and fertility, suitable for diverse crops."
BD20150070,Acid Sulphate Soil,"Good drainage and fertility, suitable for diverse crops."
BD20150070,Non-calcareous Grey Floodplain Soils,"Good drainage and fertility, suitable for diverse crops."
BD20150070,Brown Piedmont Soils,"Good drainage and fertility, suitable for diverse crops."
BD20150070,Brown Hill Soils,"Good drainage and fertility, suitable for diverse crops."
BD20150078,Non-calcareous Alluvium,"Good drainage and fertility, suitable for diverse crops."
BD20150078,Calcareous Alluvium,"Good drainage and fertility, suitable for diverse crops."
BD20150078,Acid Sulphate Soil,"Good drainage and fertility, suitable for diverse crops."
BD20150078,Non-calcareous Grey Floodplain Soils,"Good drainage and fertility, suitable for diverse crops."
BD20150078,Brown Piedmont Soils,"Good drainage and fertility, suitable for diverse crops."
BD20150078,Brown Hill Soils,"Good drainage and fertility, suitable for diverse crops."
BD20150082,Non-calcareous Alluvium,"Good drainage and fertility, suitable for diverse crops."
BD20150082,Calcareous Alluvium,"Good drainage and fertility, suitable for diverse crops."
BD20150082,Acid Sulphate Soil,"Good drainage and fertility, suitable for diverse crops."
BD20150082,Non-calcareous Grey Floodplain Soils,"Good drainage and fertility, suitable for diverse crops."
BD20150082,Brown Piedmont Soils,"Good drainage and fertility, suitable for diverse crops."
BD20150082,Brown Hill Soils,"Good drainage and fertility, suitable for diverse crops."
BD20150086,Non-calcareous Alluvium,"Good drainage and fertility, suitable for diverse crops."
BD20150086,Calcareous Alluvium,"Good drainage and fertility, suitable for diverse crops."
BD20150086,Acid Sulphate Soil,"Good drainage and fertility, suitable for diverse crops."
BD20150086,Non-calcareous Grey Floodplain Soils,"Good drainage and fertility, suitable for diverse crops."
BD20150086,Brown Piedmont Soils,"Good drainage and fertility, suitable for diverse crops."
BD20150086,Brown Hill Soils,"Good drainage and fertility, suitable for diverse crops."
BD20190009,Non-calcareous Alluvium,"Excellent drainage, suitable for vegetables and fruits."
BD20190009,Acid Sulphate Soil,"Excellent drainage, suitable for vegetables and fruits."
BD20190009,Non-calcareous Grey Floodplain Soils,"Excellent drainage, suitable for vegetables and fruits."
BD20190009,Brown Hill Soils,"Excellent drainage, suitable for vegetables and fruits."
BD20190015,Non-calcareous Alluvium,"Excellent drainage, suitable for vegetables and fruits."
BD20190015,Acid Sulphate Soil,"Excellent drainage, suitable for vegetables and fruits."
BD20190015,Non-calcareous Grey Floodplain Soils,"Excellent drainage, suitable for vegetables and fruits."
BD20190015,Brown Hill Soils,"Excellent drainage, suitable for vegetables and fruits."
BD20190018,Non-calcareous Alluvium,"Excellent drainage, suitable for vegetables and fruits."
BD20190018,Acid Sulphate Soil,"Excellent drainage, suitable for vegetables and fruits."
BD20190018,Non-calcareous Grey Floodplain Soils,"Excellent drainage, suitable for vegetables and fruits."
BD20190018,Brown Hill Soils,"Excellent drainage, suitable for vegetables and fruits."
BD20190027,Non-calcareous Alluvium,"Excellent drainage, suitable for vegetables and fruits."
BD20190027,Acid Sulphate Soil,"Excellent drainage, suitable for vegetables and fruits."
BD20190027,Non-calcareous Grey Floodplain Soils,"Excellent drainage, suitable for vegetables and fruits."
BD20190027,Brown Hill Soils,"Excellent drainage, suitable for vegetables and fruits."
BD20190031,Non-calcareous Alluvium,"Excellent drainage, suitable for vegetables and fruits."
BD20190031,Acid Sulphate Soil,"Excellent drainage, suitable for vegetables and fruits."
BD20190031,Non-calcareous Grey Floodplain Soils,"Excellent drainage, suitable for vegetables and fruits."
BD20190031,Brown Hill Soils,"Excellent drainage, suitable for vegetables and fruits."
BD20190036,Non-calcareous Alluvium,"Excellent drainage, suitable for vegetables and fruits."
BD20190036,Acid Sulphate Soil,"Excellent drainage, suitable for vegetables and fruits."
BD20190036,Non-calcareous Grey Floodplain Soils,"Excellent drainage, suitable for vegetables and fruits."
BD20190036,Brown Hill Soils,"Excellent drainage, suitable for vegetables and fruits."
BD20190040,Non-calcareous Alluvium,"Excellent drainage, suitable for vegetables and fruits."
BD20190040,Acid Sulphate Soil,"Excellent drainage, suitable for vegetables and fruits."
BD20190040,Non-calcareous Grey Floodplain Soils,"Excellent drainage, suitable for vegetables and fruits."
BD20190040,Brown Hill Soils,"Excellent drainage, suitable for vegetables and fruits."
BD20190054,Non-calcareous Alluvium,"Excellent drainage, suitable for vegetables and fruits."
BD20190054,Acid Sulphate Soil,"Excellent drainage, suitable for vegetables and fruits."
BD20190054,Non-calcareous Grey Floodplain Soils,"Excellent drainage, suitable for vegetables and fruits."
BD20190054,Brown Hill Soils,"Excellent drainage, suitable for vegetables and fruits."
BD20190067,Non-calcareous Alluvium,"Excellent drainage, suitable for vegetables and fruits."
BD20190067,Acid Sulphate Soil,"Excellent drainage, suitable for vegetables and fruits."
BD20190067,Non-calcareous Grey Floodplain Soils,"Excellent drainage, suitable for vegetables and fruits."
BD20190067,Brown Hill Soils,"Excellent drainage, suitable for vegetables and fruits."
BD20190072,Non-calcareous Alluvium,"Excellent drainage, suitable for vegetables and fruits."
BD20190072,Acid Sulphate Soil,"Excellent drainage, suitable for vegetables and fruits."
BD20190072,Non-calcareous Grey Floodplain Soils,"Excellent drainage, suitable for vegetables and fruits."
BD20190072,Brown Hill Soils,"Excellent drainage, suitable for vegetables and fruits."
BD20190081,Non-calcareous Alluvium,"Excellent drainage, suitable for vegetables and fruits."
BD20190081,Acid Sulphate Soil,"Excellent drainage, suitable for vegetables and fruits."
BD20190081,Non-calcareous Grey Floodplain Soils,"Excellent drainage, suitable for vegetables and fruits."
BD20190081,Brown Hill Soils,"Excellent drainage, suitable for vegetables and fruits."
BD20190087,Non-calcareous Alluvium,"Excellent drainage, suitable for vegetables and fruits."
BD20190087,Acid Sulphate Soil,"Excellent drainage, suitable for vegetables and fruits."
BD20190087,Non-calcareous Grey Floodplain Soils,"Excellent drainage, suitable for vegetables and fruits."
BD20190087,Brown Hill Soils,"Excellent drainage, suitable for vegetables and fruits."
BD20220016,Non-calcareous Floodplain Soils,"Deep and fertile, ideal for a variety of agricultural practices."
BD20220016,Non-calcareous Grey Floodplain Soils,"Deep and fertile, ideal for a variety of agricultural practices."
BD20220016,Acid Basin Clays,"Deep and fertile, ideal for a variety of agricultural practices."
BD20220024,Non-calcareous Floodplain Soils,"Deep and fertile, ideal for a variety of agricultural practices."
BD20220024,Non-calcareous Grey Floodplain Soils,"Deep and fertile, ideal for a variety of agricultural practices."
BD20220024,Acid Basin Clays,"Deep and fertile, ideal for a variety of agricultural practices."
BD20220045,Non-calcareous Floodplain Soils,"Deep and fertile, ideal for a variety of agricultural practices."
BD20220045,Non-calcareous Grey Floodplain Soils,"Deep and fertile, ideal for a variety of agricultural practices."
BD20220045,Acid Basin Clays,"Deep and fertile, ideal for a variety of agricultural practices."
BD20220049,Non-calcareous Floodplain Soils,"Deep and fertile, ideal for a variety of agricultural practices."
BD20220049,Non-calcareous Grey Floodplain Soils,"Deep and fertile, ideal for a variety of agricultural practices."
BD20220049,Acid Basin Clays,"Deep and fertile, ideal for a variety of agricultural practices."
BD20220066,Non-calcareous Floodplain Soils,"Deep and fertile, ideal for a variety of agricultural practices."
BD20220066,Non-calcareous Grey Floodplain Soils,"Deep and fertile, ideal for a variety of agricultural practices."
BD20220066,Acid Basin Clays,"Deep and fertile, ideal for a variety of agricultural practices."
BD20220090,Non-calcareous Floodplain Soils,"Deep and fertile, ideal for a variety of agricultural practices."
BD20220090,Non-calcareous Grey Floodplain Soils,"Deep and fertile, ideal for a variety of agricultural practices."
BD20220090,Acid Basin Clays,"Deep and fertile, ideal for a variety of agricultural practices."
BD20220094,Non-calcareous Floodplain Soils,"Deep and fertile, ideal for a variety of agricultural practices."
BD20220094,Non-calcareous Grey Floodplain Soils,"Deep and fertile, ideal for a variety of agricultural practices."
BD20220094,Acid Basin Clays,"Deep and fertile, ideal for a variety of agricultural practices."
BD20300025,Non-calcareous Grey Floodplain Soils,"Nutrient-dense, ideal for rice and other staple crops."
BD20300025,Non-calcareous Dark Grey Floodplain Soils,"Nutrient-dense, ideal for rice and other staple crops."
BD20300025,Non-calcareous Brown Floodplain Soils,"Nutrient-dense, ideal for rice and other staple crops."
BD20300025,Acid Basin Clays,"Nutrient-dense, ideal for rice and other staple crops."
BD20300025,Deep Red-Brown Terrace Soils,"Nutrient-dense, ideal for rice and other staple crops."
BD20300029,Non-calcareous Grey Floodplain Soils,"Nutrient-dense, ideal for rice and other staple crops."
BD20300029,Non-calcareous Dark Grey Floodplain Soils,"Nutrient-dense, ideal for rice and other staple crops."
BD20300029,Non-calcareous Brown Floodplain Soils,"Nutrient-dense, ideal for rice and other staple crops."
BD20300029,Acid Basin Clays,"Nutrient-dense, ideal for rice and other staple crops."
BD20300029,Deep Red-Brown Terrace Soils,"Nutrient-dense, ideal for rice and other staple crops."
BD20300094,Non-calcareous Grey Floodplain Soils,"Nutrient-dense, ideal for rice and other staple crops."
BD20300094,Non-calcareous Dark Grey Floodplain Soils,"Nutrient-dense, ideal for rice and other staple crops."
BD20300094,Non-calcareous Brown Floodplain Soils,"Nutrient-dense, ideal for rice and other staple crops."
BD20300094,Acid Basin Clays,"Nutrient-dense, ideal for rice and other staple crops."
BD20300094,Deep Red-Brown Terrace Soils,"Nutrient-dense, ideal for rice and other staple crops."
BD20460043,Non-calcareous Brown Floodplain Soils,"Well-drained and fertile, conducive to diverse crops."
BD20460043,Acid Basin Clays,"Well-drained and fertile, conducive to diverse crops."
BD20460049,Non-calcareous Brown Floodplain Soils,"Well-drained and fertile, conducive to diverse crops."
BD20460049,Acid Basin Clays,"Well-drained and fertile, conducive to diverse crops."
BD20460061,Non-calcareous Brown Floodplain Soils,"Well-drained and fertile, conducive to diverse crops."
BD20460061,Acid Basin Clays,"Well-drained and fertile, conducive to diverse crops."
BD20460065,Non-calcareous Brown Floodplain Soils,"Well-drained and fertile, conducive to diverse crops."
BD20460065,Acid Basin Clays,"Well-drained and fertile, conducive to diverse crops."
BD20460067,Non-calcareous Brown Floodplain Soils,"Well-drained and fertile, conducive to diverse crops."
BD20460067,Acid Basin Clays,"Well-drained and fertile, conducive to diverse crops."
BD20460070,Non-calcareous Brown Floodplain Soils,"Well-drained and fertile, conducive to diverse crops."
BD20460070,Acid Basin Clays,"Well-drained and fertile, conducive to diverse crops."
BD20460077,Non-calcareous Brown Floodplain Soils,"Well-drained and fertile, conducive to diverse crops."
BD20460077,Acid Basin Clays,"Well-drained and fertile, conducive to diverse crops."
BD20460080,Non-calcareous Brown Floodplain Soils,"Well-drained and fertile, conducive to diverse crops."
BD20460080,Acid Basin Clays,"Well-drained and fertile, conducive to diverse crops."
BD20510043,Non-calcareous Alluvium,"Nutrient-dense, ideal for a variety of crops."
BD20510043,Non-calcareous Dark Grey Floodplain Soils,"Nutrient-dense, ideal for a variety of crops."
BD20510058,Non-calcareous Alluvium,"Nutrient-dense, ideal for a variety of crops."
BD20510058,Non-calcareous Dark Grey Floodplain Soils,"Nutrient-dense, ideal for a variety of crops."
BD20510065,Non-calcareous Alluvium,"Nutrient-dense, ideal for a variety of crops."
BD20510065,Non-calcareous Dark Grey Floodplain Soils,"Nutrient-dense, ideal for a variety of crops."
BD20510073,Non-calcareous Alluvium,"Nutrient-dense, ideal for a variety of crops."
BD20510073,Non-calcareous Dark Grey Floodplain Soils,"Nutrient-dense, ideal for a variety of crops."
BD20750007,Non-calcareous Brown Floodplain Soils,"Moisture-retentive, excellent for rice cultivation."
BD20750007,Non-calcareous Dark Grey Floodplain Soils,"Moisture-retentive, excellent for rice cultivation."
BD20750010,Non-calcareous Brown Floodplain Soils,"Moisture-retentive, excellent for rice cultivation."
BD20750010,Non-calcareous Dark Grey Floodplain Soils,"Moisture-retentive, excellent for rice cultivation."
BD20750021,Non-calcareous Brown Floodplain Soils,"Moisture-retentive, excellent for rice cultivation."
BD20750021,Non-calcareous Dark Grey Floodplain Soils,"Moisture-retentive, excellent for rice cultivation."
BD20750036,Non-calcareous Brown Floodplain Soils,"Moisture-retentive, excellent for rice cultivation."
BD20750036,Non-calcareous Dark Grey Floodplain Soils,"Moisture-retentive, excellent for rice cultivation."
BD20750080,Non-calcareous Brown Floodplain Soils,"Moisture-retentive, excellent for rice cultivation."
BD20750080,Non-calcareous Dark Grey Floodplain Soils,"Moisture-retentive, excellent for rice cultivation."
BD20750087,Non-calcareous Brown Floodplain Soils,"Moisture-retentive, excellent for rice cultivation."
BD20750087,Non-calcareous Dark Grey Floodplain Soils,"Moisture-retentive, excellent for rice cultivation."
BD20840007,Acid Sulphate Soil,Excellent for rice cultivation due to good moisture retention.
BD20840007,Non-calcareous Dark Grey Floodplain Soils,Excellent for rice cultivation due to good moisture retention.
BD20840007,Calcareous Dark Grey Floodplain Soils,Excellent for rice cultivation due to good moisture retention.
BD20840021,Acid Sulphate Soil,Excellent for rice cultivation due to good moisture retention.
BD20840021,Non-calcareous Dark Grey Floodplain Soils,Excellent for rice cultivation due to good moisture retention.
BD20840021,Calcareous Dark Grey Floodplain Soils,Excellent for rice cultivation due to good moisture retention.
BD20840025,Acid Sulphate Soil,Excellent for rice cultivation due to good moisture retention.
BD20840025,Non-calcareous Dark Grey Floodplain Soils,Excellent for rice cultivation due to good moisture retention.
BD20840025,Calcareous Dark Grey Floodplain Soils,Excellent for rice cultivation due to good moisture retention.
BD20840029,Acid Sulphate Soil,Excellent for rice cultivation due to good moisture retention.
BD20840029,Non-calcareous Dark Grey Floodplain Soils,Excellent for rice cultivation due to good moisture retention.
BD20840029,Calcareous Dark Grey Floodplain Soils,Excellent for rice cultivation due to good moisture retention.
BD20840036,Acid Sulphate Soil,Excellent for rice cultivation due to good moisture retention.
BD20840036,Non-calcareous Dark Grey Floodplain Soils,Excellent for rice cultivation due to good moisture retention.
BD20840036,Calcareous Dark Grey Floodplain Soils,Excellent for rice cultivation due to good moisture retention.
BD20840047,Acid Sulphate Soil,Excellent for rice cultivation due to good moisture retention.
BD20840047,Non-calcareous Dark Grey Floodplain Soils,Excellent for rice cultivation due to good moisture retention.
BD20840047,Calcareous Dark Grey Floodplain Soils,Excellent for rice cultivation due to good moisture retention.
BD20840058,Acid Sulphate Soil,Excellent for rice cultivation due to good moisture retention.
BD20840058,Non-calcareous Dark Grey Floodplain Soils,Excellent for rice cultivation due to good moisture retention.
BD20840058,Calcareous Dark Grey Floodplain Soils,Excellent for rice cultivation due to good moisture retention.
BD20840075,Acid Sulphate Soil,Excellent for rice cultivation due to good moisture retention.
BD20840075,Non-calcareous Dark Grey Floodplain Soils,Excellent for rice cultivation due to good moisture retention.
BD20840075,Calcareous Dark Grey Floodplain Soils,Excellent for rice cultivation due to good moisture retention.
BD20840078,Acid Sulphate Soil,Excellent for rice cultivation due to good moisture retention.
BD20840078,Non-calcareous Dark Grey Floodplain Soils,Excellent for rice cultivation due to good moisture retention.
BD20840078,Calcareous Dark Grey Floodplain Soils,Excellent for rice cultivation due to good moisture retention.
BD20840087,Acid Sulphate Soil,Excellent for rice cultivation due to good moisture retention.
BD20840087,Non-calcareous Dark Grey Floodplain Soils,Excellent for rice cultivation due to good moisture retention.
BD20840087,Calcareous Dark Grey Floodplain Soils,Excellent for rice cultivation due to good moisture retention.
BD30260014,Non-calcareous Grey Floodplain Soils,"Rich in nutrients and highly fertile, excellent for diverse crops."
BD30260014,Non-calcareous Dark Grey Floodplain Soils,"Rich in nutrients and highly fertile, excellent for diverse crops."
BD30260014,Calcareous Dark Grey Floodplain Soils,"Rich in nutrients and highly fertile, excellent for diverse crops."
BD30260014,Calcareous Brown Floodplain Soils,"Rich in nutrients and highly fertile, excellent for diverse crops."
BD30260014,Shallow Red-Brown Terrace Soils,"Rich in nutrients and highly fertile, excellent for diverse crops."
BD30260014,Deep Red-Brown Terrace Soils,"Rich in nutrients and highly fertile, excellent for diverse crops."
BD30260014,Brown Mottled Terrace Soils,"Rich in nutrients and highly fertile, excellent for diverse crops."
BD30260014,Deep Grey Terrace Soils,"Rich in nutrients and highly fertile, excellent for diverse crops."
BD30260018,Non-calcareous Grey Floodplain Soils,"Rich in nutrients and highly fertile, excellent for diverse crops."
BD30260018,Non-calcareous Dark Grey Floodplain Soils,"Rich in nutrients and highly fertile, excellent for diverse crops."
BD30260018,Calcareous Dark Grey Floodplain Soils,"Rich in nutrients and highly fertile, excellent for diverse crops."
BD30260018,Calcareous Brown Floodplain Soils,"Rich in nutrients and highly fertile, excellent for diverse crops."
BD30260018,Shallow Red-Brown Terrace Soils,"Rich in nutrients and highly fertile, excellent for diverse crops."
BD30260018,Deep Red-Brown Terrace Soils,"Rich in nutrients and highly fertile, excellent for diverse crops."
BD30260018,Brown Mottled Terrace Soils,"Rich in nutrients and highly fertile, excellent for diverse crops."
BD30260018,Deep Grey Terrace Soils,"Rich in nutrients and highly fertile, excellent for diverse crops."
BD30260038,Non-calcareous Grey Floodplain Soils,"Rich in nutrients and highly fertile, excellent for diverse crops."
BD30260038,Non-calcareous Dark Grey Floodplain Soils,"Rich in nutrients and highly fertile, excellent for diverse crops."
BD30260038,Calcareous Dark Grey Floodplain Soils,"Rich in nutrients and highly fertile, excellent for diverse crops."
BD30260038,Calcareous Brown Floodplain Soils,"Rich in nutrients and highly fertile, excellent for diverse crops."
BD30260038,Shallow Red-Brown Terrace Soils,"Rich in nutrients and highly fertile, excellent for diverse crops."
BD30260038,Deep Red-Brown Terrace Soils,"Rich in nutrients and highly fertile, excellent for diverse crops."
BD30260038,Brown Mottled Terrace Soils,"Rich in nutrients and highly fertile, excellent for diverse crops."
BD30260038,Deep Grey Terrace Soils,"Rich in nutrients and highly fertile, excellent for diverse crops."
BD30260062,Non-calcareous Grey Floodplain Soils,"Rich in nutrients and highly fertile, excellent for diverse crops."
BD30260062,Non-calcareous Dark Grey Floodplain Soils,"Rich in nutrients and highly fertile, excellent for diverse crops."
BD30260062,Calcareous Dark Grey Floodplain Soils,"Rich in nutrients and highly fertile, excellent for diverse crops."
BD30260062,Calcareous Brown Floodplain Soils,"Rich in nutrients and highly fertile, excellent for diverse crops."
BD30260062,Shallow Red-Brown Terrace Soils,"Rich in nutrients and highly fertile, excellent for diverse crops."
BD30260062,Deep Red-Brown Terrace Soils,"Rich in nutrients and highly fertile, excellent for diverse crops."
BD30260062,Brown Mottled Terrace Soils,"Rich in nutrients and highly fertile, excellent for diverse crops."
BD30260062,Deep Grey Terrace Soils,"Rich in nutrients and highly fertile, excellent for diverse crops."
BD30260072,Non-calcareous Grey Floodplain Soils,"Rich in nutrients and highly fertile, excellent for diverse crops."
BD30260072,Non-calcareous Dark Grey Floodplain Soils,"Rich in nutrients and highly fertile, excellent for diverse crops."
BD30260072,Calcareous Dark Grey Floodplain Soils,"Rich in nutrients and highly fertile, excellent for diverse crops."
BD30260072,Calcareous Brown Floodplain Soils,"Rich in nutrients and highly fertile, excellent for diverse crops."
BD30260072,Shallow Red-Brown Terrace Soils,"Rich in nutrients and highly fertile, excellent for diverse crops."
BD30260072,Deep Red-Brown Terrace Soils,"Rich in nutrients and highly fertile, excellent for diverse crops."
BD30260072,Brown Mottled Terrace Soils,"Rich in nutrients and highly fertile, excellent for diverse crops."
BD30260072,Deep Grey Terrace Soils,"Rich in nutrients and highly fertile, excellent for diverse crops."
BD30262500,Non-calcareous Grey Floodplain Soils,"Rich in nutrients and highly fertile, excellent for diverse crops."
BD30262000,Non-calcareous Grey Floodplain Soils,"Rich in nutrients and highly fertile, excellent for diverse crops."
BD30262500,Non-calcareous Dark Grey Floodplain Soils,"Rich in nutrients and highly fertile, excellent for diverse crops."
BD30262000,Non-calcareous Dark Grey Floodplain Soils,"Rich in nutrients and highly fertile, excellent for diverse crops."
BD30262500,Calcareous Dark Grey Floodplain Soils,"Rich in nutrients and highly fertile, excellent for diverse crops."
BD30262000,Calcareous Dark Grey Floodplain Soils,"Rich in nutrients and highly fertile, excellent for diverse crops."
BD30262500,Calcareous Brown Floodplain Soils,"Rich in nutrients and highly fertile, excellent for diverse crops."
BD30262000,Calcareous Brown Floodplain Soils,"Rich in nutrients and highly fertile, excellent for diverse crops."
BD30262500,Shallow Red-Brown Terrace Soils,"Rich in nutrients and highly fertile, excellent for diverse crops."
BD30262000,Shallow Red-Brown Terrace Soils,"Rich in nutrients and highly fertile, excellent for diverse crops."
BD30262500,Deep Red-Brown Terrace Soils,"Rich in nutrients and highly fertile, excellent for diverse crops."
BD30262000,Deep Red-Brown Terrace Soils,"Rich in nutrients and highly fertile, excellent for diverse crops."
BD30262500,Brown Mottled Terrace Soils,"Rich in nutrients and highly fertile, excellent for diverse crops."
BD30262000,Brown Mottled Terrace Soils,"Rich in nutrients and highly fertile, excellent for diverse crops."
BD30262500,Deep Grey Terrace Soils,"Rich in nutrients and highly fertile, excellent for diverse crops."
BD30262000,Deep Grey Terrace Soils,"Rich in nutrients and highly fertile, excellent for diverse crops."
BD30290003,Non-calcareous Grey Floodplain Soils,"Rich in nutrients, great for a variety of crops."
BD30290003,Calcareous Grey Floodplain Soils,"Rich in nutrients, great for a variety of crops."
BD30290003,Brown Piedmont Soils,"Rich in nutrients, great for a variety of crops."
BD30290010,Non-calcareous Grey Floodplain Soils,"Rich in nutrients, great for a variety of crops."
BD30290010,Calcareous Grey Floodplain Soils,"Rich in nutrients, great for a variety of crops."
BD30290010,Brown Piedmont Soils,"Rich in nutrients, great for a variety of crops."
BD30290062,Non-calcareous Grey Floodplain Soils,"Rich in nutrients, great for a variety of crops."
BD30290062,Calcareous Grey Floodplain Soils,"Rich in nutrients, great for a variety of crops."
BD30290062,Brown Piedmont Soils,"Rich in nutrients, great for a variety of crops."
BD30330030,Non-calcareous Dark Grey Floodplain Soils,Supports healthy crop growth with balanced nutrient levels.
BD30330030,Acid Basin Clays,Supports healthy crop growth with balanced nutrient levels.
BD30330030,Brown Mottled Terrace Soils,Supports healthy crop growth with balanced nutrient levels.
BD30330032,Non-calcareous Dark Grey Floodplain Soils,Supports healthy crop growth with balanced nutrient levels.
BD30330032,Acid Basin Clays,Supports healthy crop growth with balanced nutrient levels.
BD30330032,Brown Mottled Terrace Soils,Supports healthy crop growth with balanced nutrient levels.
BD30330034,Non-calcareous Dark Grey Floodplain Soils,Supports healthy crop growth with balanced nutrient levels.
BD30330034,Acid Basin Clays,Supports healthy crop growth with balanced nutrient levels.
BD30330034,Brown Mottled Terrace Soils,Supports healthy crop growth with balanced nutrient levels.
BD30350032,Peat,"Rich in nutrients, great for a variety of crops."
BD30350032,Non-calcareous Grey Floodplain Soils,"Rich in nutrients, great for a variety of crops."
BD30350032,Non-calcareous Dark Grey Floodplain Soils,"Rich in nutrients, great for a variety of crops."
BD30350032,Calcareous Dark Grey Floodplain Soils,"Rich in nutrients, great for a variety of crops."
BD30350043,Peat,"Rich in nutrients, great for a variety of crops."
BD30350043,Non-calcareous Grey Floodplain Soils,"Rich in nutrients, great for a variety of crops."
BD30350043,Non-calcareous Dark Grey Floodplain Soils,"Rich in nutrients, great for a variety of crops."
BD30350043,Calcareous Dark Grey Floodplain Soils,"Rich in nutrients, great for a variety of crops."
BD30350051,Peat,"Rich in nutrients, great for a variety of crops."
BD30350051,Non-calcareous Grey Floodplain Soils,"Rich in nutrients, great for a variety of crops."
BD30350051,Non-calcareous Dark Grey Floodplain Soils,"Rich in nutrients, great for a variety of crops."
BD30350051,Calcareous Dark Grey Floodplain Soils,"Rich in nutrients, great for a variety of crops."
BD30350058,Peat,"Rich in nutrients, great for a variety of crops."
BD30350058,Non-calcareous Grey Floodplain Soils,"Rich in nutrients, great for a variety of crops."
BD30350058,Non-calcareous Dark Grey Floodplain Soils,"Rich in nutrients, great for a variety of crops."
BD30350058,Calcareous Dark Grey Floodplain Soils,"Rich in nutrients, great for a variety of crops."
BD30350091,Peat,"Rich in nutrients, great for a variety of crops."
BD30350091,Non-calcareous Grey Floodplain Soils,"Rich in nutrients, great for a variety of crops."
BD30350091,Non-calcareous Dark Grey Floodplain Soils,"Rich in nutrients, great for a variety of crops."
BD30350091,Calcareous Dark Grey Floodplain Soils,"Rich in nutrients, great for a variety of crops."
BD45390007,Calcareous Dark Grey Floodplain Soils,"Deep and well-drained, supports high agricultural productivity."
BD45390007,Calcareous Brown Floodplain Soils,"Deep and well-drained, supports high agricultural productivity."
BD45390007,Acid Basin Clays,"Deep and well-drained, supports high agricultural productivity."
BD45390007,Brown Mottled Terrace Soils,"Deep and well-drained, supports high agricultural productivity."
BD45390015,Calcareous Dark Grey Floodplain Soils,"Deep and well-drained, supports high agricultural productivity."
BD45390015,Calcareous Brown Floodplain Soils,"Deep and well-drained, supports high agricultural productivity."
BD45390015,Acid Basin Clays,"Deep and well-drained, supports high agricultural productivity."
BD45390015,Brown Mottled Terrace Soils,"Deep and well-drained, supports high agricultural productivity."
BD45390029,Calcareous Dark Grey Floodplain Soils,"Deep and well-drained, supports high agricultural productivity."
BD45390029,Calcareous Brown Floodplain Soils,"Deep and well-drained, supports high agricultural productivity."
BD45390029,Acid Basin Clays,"Deep and well-drained, supports high agricultural productivity."
BD45390029,Brown Mottled Terrace Soils,"Deep and well-drained, supports high agricultural productivity."
BD45390036,Calcareous Dark Grey Floodplain Soils,"Deep and well-drained, supports high agricultural productivity."
BD45390036,Calcareous Brown Floodplain Soils,"Deep and well-drained, supports high agricultural productivity."
BD45390036,Acid Basin Clays,"Deep and well-drained, supports high agricultural productivity."
BD45390036,Brown Mottled Terrace Soils,"Deep and well-drained, supports high agricultural productivity."
BD45390058,Calcareous Dark Grey Floodplain Soils,"Deep and well-drained, supports high agricultural productivity."
BD45390058,Calcareous Brown Floodplain Soils,"Deep and well-drained, supports high agricultural productivity."
BD45390058,Acid Basin Clays,"Deep and well-drained, supports high agricultural productivity."
BD45390058,Brown Mottled Terrace Soils,"Deep and well-drained, supports high agricultural productivity."
BD45390061,Calcareous Dark Grey Floodplain Soils,"Deep and well-drained, supports high agricultural productivity."
BD45390061,Calcareous Brown Floodplain Soils,"Deep and well-drained, supports high agricultural productivity."
BD45390061,Acid Basin Clays,"Deep and well-drained, supports high agricultural productivity."
BD45390061,Brown Mottled Terrace Soils,"Deep and well-drained, supports high agricultural productivity."
BD45390085,Calcareous Dark Grey Floodplain Soils,"Deep and well-drained, supports high agricultural productivity."
BD45390085,Calcareous Brown Floodplain Soils,"Deep and well-drained, supports high agricultural productivity."
BD45390085,Acid Basin Clays,"Deep and well-drained, supports high agricultural productivity."
BD45390085,Brown Mottled Terrace Soils,"Deep and well-drained, supports high agricultural productivity."
BD30480002,Non-calcareous Grey Floodplain Soils,"Retains moisture well, particularly beneficial for paddy fields."
BD30480002,Calcareous Dark Grey Floodplain Soils,"Retains moisture well, particularly beneficial for paddy fields."
BD30480006,Non-calcareous Grey Floodplain Soils,"Retains moisture well, particularly beneficial for paddy fields."
BD30480006,Calcareous Dark Grey Floodplain Soils,"Retains moisture well, particularly beneficial for paddy fields."
BD30480011,Non-calcareous Grey Floodplain Soils,"Retains moisture well, particularly beneficial for paddy fields."
BD30480011,Calcareous Dark Grey Floodplain Soils,"Retains moisture well, particularly beneficial for paddy fields."
BD30480027,Non-calcareous Grey Floodplain Soils,"Retains moisture well, particularly beneficial for paddy fields."
BD30480027,Calcareous Dark Grey Floodplain Soils,"Retains moisture well, particularly beneficial for paddy fields."
BD30480033,Non-calcareous Grey Floodplain Soils,"Retains moisture well, particularly beneficial for paddy fields."
BD30480033,Calcareous Dark Grey Floodplain Soils,"Retains moisture well, particularly beneficial for paddy fields."
BD30480042,Non-calcareous Grey Floodplain Soils,"Retains moisture well, particularly beneficial for paddy fields."
BD30480042,Calcareous Dark Grey Floodplain Soils,"Retains moisture well, particularly beneficial for paddy fields."
BD30480045,Non-calcareous Grey Floodplain Soils,"Retains moisture well, particularly beneficial for paddy fields."
BD30480045,Calcareous Dark Grey Floodplain Soils,"Retains moisture well, particularly beneficial for paddy fields."
BD30480049,Non-calcareous Grey Floodplain Soils,"Retains moisture well, particularly beneficial for paddy fields."
BD30480049,Calcareous Dark Grey Floodplain Soils,"Retains moisture well, particularly beneficial for paddy fields."
BD30480054,Non-calcareous Grey Floodplain Soils,"Retains moisture well, particularly beneficial for paddy fields."
BD30480054,Calcareous Dark Grey Floodplain Soils,"Retains moisture well, particularly beneficial for paddy fields."
BD30480059,Non-calcareous Grey Floodplain Soils,"Retains moisture well, particularly beneficial for paddy fields."
BD30480059,Calcareous Dark Grey Floodplain Soils,"Retains moisture well, particularly beneficial for paddy fields."
BD30480076,Non-calcareous Grey Floodplain Soils,"Retains moisture well, particularly beneficial for paddy fields."
BD30480076,Calcareous Dark Grey Floodplain Soils,"Retains moisture well, particularly beneficial for paddy fields."
BD30480092,Non-calcareous Grey Floodplain Soils,"Retains moisture well, particularly beneficial for paddy fields."
BD30480092,Calcareous Dark Grey Floodplain Soils,"Retains moisture well, particularly beneficial for paddy fields."
BD30540040,Non-calcareous Floodplain Soils,"Highly fertile, ideal for a wide range of agricultural practices."
BD30540040,Non-calcareous Grey Floodplain Soils,"Highly fertile, ideal for a wide range of agricultural practices."
BD30540054,Non-calcareous Floodplain Soils,"Highly fertile, ideal for a wide range of agricultural practices."
BD30540054,Non-calcareous Grey Floodplain Soils,"Highly fertile, ideal for a wide range of agricultural practices."
BD30540080,Non-calcareous Floodplain Soils,"Highly fertile, ideal for a wide range of agricultural practices."
BD30540080,Non-calcareous Grey Floodplain Soils,"Highly fertile, ideal for a wide range of agricultural practices."
BD30540087,Non-calcareous Floodplain Soils,"Highly fertile, ideal for a wide range of agricultural practices."
BD30540087,Non-calcareous Grey Floodplain Soils,"Highly fertile, ideal for a wide range of agricultural practices."
BD30560010,Non-calcareous Floodplain Soils,"Good fertility and moisture retention, particularly for rice."
BD30560010,Non-calcareous Brown Floodplain Soils,"Good fertility and moisture retention, particularly for rice."
BD30560022,Non-calcareous Floodplain Soils,"Good fertility and moisture retention, particularly for rice."
BD30560022,Non-calcareous Brown Floodplain Soils,"Good fertility and moisture retention, particularly for rice."
BD30560028,Non-calcareous Floodplain Soils,"Good fertility and moisture retention, particularly for rice."
BD30560028,Non-calcareous Brown Floodplain Soils,"Good fertility and moisture retention, particularly for rice."
BD30560070,Non-calcareous Floodplain Soils,"Good fertility and moisture retention, particularly for rice."
BD30560070,Non-calcareous Brown Floodplain Soils,"Good fertility and moisture retention, particularly for rice."
BD30560078,Non-calcareous Floodplain Soils,"Good fertility and moisture retention, particularly for rice."
BD30560078,Non-calcareous Brown Floodplain Soils,"Good fertility and moisture retention, particularly for rice."
BD30560082,Non-calcareous Floodplain Soils,"Good fertility and moisture retention, particularly for rice."
BD30560082,Non-calcareous Brown Floodplain Soils,"Good fertility and moisture retention, particularly for rice."
BD30590024,Non-calcareous Grey Floodplain Soils,Balanced nutrient levels support diverse farming activities.
BD30590024,Calcareous Dark Grey Floodplain Soils,Balanced nutrient levels support diverse farming activities.
BD30590044,Non-calcareous Grey Floodplain Soils,Balanced nutrient levels support diverse farming activities.
BD30590044,Calcareous Dark Grey Floodplain Soils,Balanced nutrient levels support diverse farming activities.
BD30590056,Non-calcareous Grey Floodplain Soils,Balanced nutrient levels support diverse farming activities.
BD30590056,Calcareous Dark Grey Floodplain Soils,Balanced nutrient levels support diverse farming activities.
BD30590074,Non-calcareous Grey Floodplain Soils,Balanced nutrient levels support diverse farming activities.
BD30590074,Calcareous Dark Grey Floodplain Soils,Balanced nutrient levels support diverse farming activities.
BD30590084,Non-calcareous Grey Floodplain Soils,Balanced nutrient levels support diverse farming activities.
BD30590084,Calcareous Dark Grey Floodplain Soils,Balanced nutrient levels support diverse farming activities.
BD30590094,Non-calcareous Grey Floodplain Soils,Balanced nutrient levels support diverse farming activities.
BD30590094,Calcareous Dark Grey Floodplain Soils,Balanced nutrient levels support diverse farming activities.
BD45610013,Non-calcareous Grey Floodplain Soils,Supports strong growth for various crops.
BD45610013,Non-calcareous Dark Grey Floodplain Soils,Supports strong growth for various crops.
BD45610016,Non-calcareous Grey Floodplain Soils,Supports strong growth for various crops.
BD45610016,Non-calcareous Dark Grey Floodplain Soils,Supports strong growth for various crops.
BD30670002,Non-calcareous Grey Floodplain Soils,"Rich in nutrients, fostering healthy crop development."
BD30670002,Non-calcareous Dark Grey Floodplain Soils,"Rich in nutrients, fostering healthy crop development."
BD30670004,Non-calcareous Grey Floodplain Soils,"Rich in nutrients, fostering healthy crop development."
BD30670004,Non-calcareous Dark Grey Floodplain Soils,"Rich in nutrients, fostering healthy crop development."
BD30670006,Non-calcareous Grey Floodplain Soils,"Rich in nutrients, fostering healthy crop development."
BD30670006,Non-calcareous Dark Grey Floodplain Soils,"Rich in nutrients, fostering healthy crop development."
BD30670058,Non-calcareous Grey Floodplain Soils,"Rich in nutrients, fostering healthy crop development."
BD30670058,Non-calcareous Dark Grey Floodplain Soils,"Rich in nutrients, fostering healthy crop development."
BD30670068,Non-calcareous Grey Floodplain Soils,"Rich in nutrients, fostering healthy crop development."
BD30670068,Non-calcareous Dark Grey Floodplain Soils,"Rich in nutrients, fostering healthy crop development."
BD30680060,Non-calcareous Grey Floodplain Soils,"High moisture retention, ideal for legumes and other crops."
BD30680060,Non-calcareous Dark Grey Floodplain Soils,"High moisture retention, ideal for legumes and other crops."
BD30680060,Calcareous Dark Grey Floodplain Soils,"High moisture retention, ideal for legumes and other crops."
BD30680064,Non-calcareous Grey Floodplain Soils,"High moisture retention, ideal for legumes and other crops."
BD30680064,Non-calcareous Dark Grey Floodplain Soils,"High moisture retention, ideal for legumes and other crops."
BD30680064,Calcareous Dark Grey Floodplain Soils,"High moisture retention, ideal for legumes and other crops."
BD45720004,Non-calcareous Grey Floodplain Soils,"Well-drained and fertile, ideal for agricultural activities."
BD45720004,Non-calcareous Dark Grey Floodplain Soils,"Well-drained and fertile, ideal for agricultural activities."
BD45720004,Non-calcareous Brown Floodplain Soils,"Well-drained and fertile, ideal for agricultural activities."
BD45720004,Brown Terai Soils,"Well-drained and fertile, ideal for agricultural activities."
BD45720009,Non-calcareous Grey Floodplain Soils,"Well-drained and fertile, ideal for agricultural activities."
BD45720009,Non-calcareous Dark Grey Floodplain Soils,"Well-drained and fertile, ideal for agricultural activities."
BD45720009,Non-calcareous Brown Floodplain Soils,"Well-drained and fertile, ideal for agricultural activities."
BD45720009,Brown Terai Soils,"Well-drained and fertile, ideal for agricultural activities."
BD45720018,Non-calcareous Grey Floodplain Soils,"Well-drained and fertile, ideal for agricultural activities."
BD45720018,Non-calcareous Dark Grey Floodplain Soils,"Well-drained and fertile, ideal for agricultural activities."
BD45720018,Non-calcareous Brown Floodplain Soils,"Well-drained and fertile, ideal for agricultural activities."
BD45720018,Brown Terai Soils,"Well-drained and fertile, ideal for agricultural activities."
BD45720038,Non-calcareous Grey Floodplain Soils,"Well-drained and fertile, ideal for agricultural activities."
BD45720038,Non-calcareous Dark Grey Floodplain Soils,"Well-drained and fertile, ideal for agricultural activities."
BD45720038,Non-calcareous Brown Floodplain Soils,"Well-drained and fertile, ideal for agricultural activities."
BD45720038,Brown Terai Soils,"Well-drained and fertile, ideal for agricultural activities."
BD45720040,Non-calcareous Grey Floodplain Soils,"Well-drained and fertile, ideal for agricultural activities."
BD45720040,Non-calcareous Dark Grey Floodplain Soils,"Well-drained and fertile, ideal for agricultural activities."
BD45720040,Non-calcareous Brown Floodplain Soils,"Well-drained and fertile, ideal for agricultural activities."
BD45720040,Brown Terai Soils,"Well-drained and fertile, ideal for agricultural activities."
BD45720047,Non-calcareous Grey Floodplain Soils,"Well-drained and fertile, ideal for agricultural activities."
BD45720047,Non-calcareous Dark Grey Floodplain Soils,"Well-drained and fertile, ideal for agricultural activities."
BD45720047,Non-calcareous Brown Floodplain Soils,"Well-drained and fertile, ideal for agricultural activities."
BD45720047,Brown Terai Soils,"Well-drained and fertile, ideal for agricultural activities."
BD45720056,Non-calcareous Grey Floodplain Soils,"Well-drained and fertile, ideal for agricultural activities."
BD45720056,Non-calcareous Dark Grey Floodplain Soils,"Well-drained and fertile, ideal for agricultural activities."
BD45720056,Non-calcareous Brown Floodplain Soils,"Well-drained and fertile, ideal for agricultural activities."
BD45720056,Brown Terai Soils,"Well-drained and fertile, ideal for agricultural activities."
BD45720063,Non-calcareous Grey Floodplain Soils,"Well-drained and fertile, ideal for agricultural activities."
BD45720063,Non-calcareous Dark Grey Floodplain Soils,"Well-drained and fertile, ideal for agricultural activities."
BD45720063,Non-calcareous Brown Floodplain Soils,"Well-drained and fertile, ideal for agricultural activities."
BD45720063,Brown Terai Soils,"Well-drained and fertile, ideal for agricultural activities."
BD45720074,Non-calcareous Grey Floodplain Soils,"Well-drained and fertile, ideal for agricultural activities."
BD45720074,Non-calcareous Dark Grey Floodplain Soils,"Well-drained and fertile, ideal for agricultural activities."
BD45720074,Non-calcareous Brown Floodplain Soils,"Well-drained and fertile, ideal for agricultural activities."
BD45720074,Brown Terai Soils,"Well-drained and fertile, ideal for agricultural activities."
BD30820029,Non-calcareous Alluvium,Supports diverse crops in hilly terrain with good moisture retention.
BD30820029,Brown Hill Soils,Supports diverse crops in hilly terrain with good moisture retention.
BD30860014,Non-calcareous Brown Floodplain Soils,"Rich in nutrients, conducive to high agricultural yields."
BD30860014,Non-calcareous Dark Grey Floodplain Soils,"Rich in nutrients, conducive to high agricultural yields."
BD30860025,Non-calcareous Brown Floodplain Soils,"Rich in nutrients, conducive to high agricultural yields."
BD30860025,Non-calcareous Dark Grey Floodplain Soils,"Rich in nutrients, conducive to high agricultural yields."
BD30860036,Non-calcareous Brown Floodplain Soils,"Rich in nutrients, conducive to high agricultural yields."
BD30860036,Non-calcareous Dark Grey Floodplain Soils,"Rich in nutrients, conducive to high agricultural yields."
BD30860065,Non-calcareous Brown Floodplain Soils,"Rich in nutrients, conducive to high agricultural yields."
BD30860065,Non-calcareous Dark Grey Floodplain Soils,"Rich in nutrients, conducive to high agricultural yields."
BD30860069,Non-calcareous Brown Floodplain Soils,"Rich in nutrients, conducive to high agricultural yields."
BD30860069,Non-calcareous Dark Grey Floodplain Soils,"Rich in nutrients, conducive to high agricultural yields."
BD30860094,Non-calcareous Brown Floodplain Soils,"Rich in nutrients, conducive to high agricultural yields."
BD30860094,Non-calcareous Dark Grey Floodplain Soils,"Rich in nutrients, conducive to high agricultural yields."
BD45890070,Non-calcareous Grey Floodplain Soils,"Great moisture retention, ideal for rice and other crops."
BD45890070,Non-calcareous Dark Grey Floodplain Soils,"Great moisture retention, ideal for rice and other crops."
BD30930009,Non-calcareous Grey Floodplain Soils,"Retains moisture well, ideal for rice and other water-loving crops."
BD30930009,Non-calcareous Dark Grey Floodplain Soils,"Retains moisture well, ideal for rice and other water-loving crops."
BD30930019,Non-calcareous Grey Floodplain Soils,"Retains moisture well, ideal for rice and other water-loving crops."
BD30930019,Non-calcareous Dark Grey Floodplain Soils,"Retains moisture well, ideal for rice and other water-loving crops."
BD30930023,Non-calcareous Grey Floodplain Soils,"Retains moisture well, ideal for rice and other water-loving crops."
BD30930023,Non-calcareous Dark Grey Floodplain Soils,"Retains moisture well, ideal for rice and other water-loving crops."
BD30930038,Non-calcareous Grey Floodplain Soils,"Retains moisture well, ideal for rice and other water-loving crops."
BD30930038,Non-calcareous Dark Grey Floodplain Soils,"Retains moisture well, ideal for rice and other water-loving crops."
BD30930047,Non-calcareous Grey Floodplain Soils,"Retains moisture well, ideal for rice and other water-loving crops."
BD30930047,Non-calcareous Dark Grey Floodplain Soils,"Retains moisture well, ideal for rice and other water-loving crops."
BD30930066,Non-calcareous Grey Floodplain Soils,"Retains moisture well, ideal for rice and other water-loving crops."
BD30930066,Non-calcareous Dark Grey Floodplain Soils,"Retains moisture well, ideal for rice and other water-loving crops."
BD30930076,Non-calcareous Grey Floodplain Soils,"Retains moisture well, ideal for rice and other water-loving crops."
BD30930076,Non-calcareous Dark Grey Floodplain Soils,"Retains moisture well, ideal for rice and other water-loving crops."
BD30930095,Non-calcareous Grey Floodplain Soils,"Retains moisture well, ideal for rice and other water-loving crops."
BD30930095,Non-calcareous Dark Grey Floodplain Soils,"Retains moisture well, ideal for rice and other water-loving crops."
BD40010008,Non-calcareous Grey Floodplain Soils,"Retains moisture well, great for rice and other crops."
BD40010014,Non-calcareous Grey Floodplain Soils,"Retains moisture well, great for rice and other crops."
BD40010034,Non-calcareous Grey Floodplain Soils,"Retains moisture well, great for rice and other crops."
BD40010038,Non-calcareous Grey Floodplain Soils,"Retains moisture well, great for rice and other crops."
BD40010056,Non-calcareous Grey Floodplain Soils,"Retains moisture well, great for rice and other crops."
BD40010058,Non-calcareous Grey Floodplain Soils,"Retains moisture well, great for rice and other crops."
BD40010060,Non-calcareous Grey Floodplain Soils,"Retains moisture well, great for rice and other crops."
BD40010073,Non-calcareous Grey Floodplain Soils,"Retains moisture well, great for rice and other crops."
BD40010077,Non-calcareous Grey Floodplain Soils,"Retains moisture well, great for rice and other crops."
BD40410004,Non-calcareous Alluvium,Supports healthy growth for various crops in hilly areas.
BD40410004,Brown Hill Soils,Supports healthy growth for various crops in hilly areas.
BD40470012,Non-calcareous Grey Floodplain Soils,Supports healthy plant growth with balanced nutrient levels.
BD40470012,Non-calcareous Dark Grey Floodplain Soils,Supports healthy plant growth with balanced nutrient levels.
BD40470012,Non-calcareous Brown Floodplain Soils,Supports healthy plant growth with balanced nutrient levels.
BD40470017,Non-calcareous Grey Floodplain Soils,Supports healthy plant growth with balanced nutrient levels.
BD40470017,Non-calcareous Dark Grey Floodplain Soils,Supports healthy plant growth with balanced nutrient levels.
BD40470017,Non-calcareous Brown Floodplain Soils,Supports healthy plant growth with balanced nutrient levels.
BD40470030,Non-calcareous Grey Floodplain Soils,Supports healthy plant growth with balanced nutrient levels.
BD40470030,Non-calcareous Dark Grey Floodplain Soils,Supports healthy plant growth with balanced nutrient levels.
BD40470030,Non-calcareous Brown Floodplain Soils,Supports healthy plant growth with balanced nutrient levels.
BD40470040,Non-calcareous Grey Floodplain Soils,Supports healthy plant growth with balanced nutrient levels.
BD40470040,Non-calcareous Dark Grey Floodplain Soils,Supports healthy plant growth with balanced nutrient levels.
BD40470040,Non-calcareous Brown Floodplain Soils,Supports healthy plant growth with balanced nutrient levels.
BD40473300,Non-calcareous Grey Floodplain Soils,Supports healthy plant growth with balanced nutrient levels.
BD40473300,Non-calcareous Dark Grey Floodplain Soils,Supports healthy plant growth with balanced nutrient levels.
BD40473300,Non-calcareous Brown Floodplain Soils,Supports healthy plant growth with balanced nutrient levels.
BD40470053,Non-calcareous Grey Floodplain Soils,Supports healthy plant growth with balanced nutrient levels.
BD40470053,Non-calcareous Dark Grey Floodplain Soils,Supports healthy plant growth with balanced nutrient levels.
BD40470053,Non-calcareous Brown Floodplain Soils,Supports healthy plant growth with balanced nutrient levels.
BD40470064,Non-calcareous Grey Floodplain Soils,Supports healthy plant growth with balanced nutrient levels.
BD40470064,Non-calcareous Dark Grey Floodplain Soils,Supports healthy plant growth with balanced nutrient levels.
BD40470064,Non-calcareous Brown Floodplain Soils,Supports healthy plant growth with balanced nutrient levels.
BD40470069,Non-calcareous Grey Floodplain Soils,Supports healthy plant growth with balanced nutrient levels.
BD40470069,Non-calcareous Dark Grey Floodplain Soils,Supports healthy plant growth with balanced nutrient levels.
BD40470069,Non-calcareous Brown Floodplain Soils,Supports healthy plant growth with balanced nutrient levels.
BD40470075,Non-calcareous Grey Floodplain Soils,Supports healthy plant growth with balanced nutrient levels.
BD40470075,Non-calcareous Dark Grey Floodplain Soils,Supports healthy plant growth with balanced nutrient levels.
BD40470075,Non-calcareous Brown Floodplain Soils,Supports healthy plant growth with balanced nutrient levels.
BD40470094,Non-calcareous Grey Floodplain Soils,Supports healthy plant growth with balanced nutrient levels.
BD40470094,Non-calcareous Dark Grey Floodplain Soils,Supports healthy plant growth with balanced nutrient levels.
BD40470094,Non-calcareous Brown Floodplain Soils,Supports healthy plant growth with balanced nutrient levels.
BD40550066,Non-calcareous Floodplain Soils,Good for rice cultivation and other moisture-demanding crops.
BD40550066,Non-calcareous Dark Grey Floodplain Soils,Good for rice cultivation and other moisture-demanding crops.
BD40650028,Non-calcareous Grey Floodplain Soils,Supports strong growth for pulses and vegetables.
BD40650028,Non-calcareous Brown Floodplain Soils,Supports strong growth for pulses and vegetables.
BD40650052,Non-calcareous Grey Floodplain Soils,Supports strong growth for pulses and vegetables.
BD40650052,Non-calcareous Brown Floodplain Soils,Supports strong growth for pulses and vegetables.
BD40650076,Non-calcareous Grey Floodplain Soils,Supports strong growth for pulses and vegetables.
BD40650076,Non-calcareous Brown Floodplain Soils,Supports strong growth for pulses and vegetables.
BD40870004,Non-calcareous Grey Floodplain Soils,Supports healthy plant growth with a rich organic layer.
BD40870004,Non-calcareous Dark Grey Floodplain Soils,Supports healthy plant growth with a rich organic layer.
BD40870004,Calcareous Dark Grey Floodplain Soils,Supports healthy plant growth with a rich organic layer.
BD40870025,Non-calcareous Grey Floodplain Soils,Supports healthy plant growth with a rich organic layer.
BD40870025,Non-calcareous Dark Grey Floodplain Soils,Supports healthy plant growth with a rich organic layer.
BD40870025,Calcareous Dark Grey Floodplain Soils,Supports healthy plant growth with a rich organic layer.
BD40870047,Non-calcareous Grey Floodplain Soils,Supports healthy plant growth with a rich organic layer.
BD40870047,Non-calcareous Dark Grey Floodplain Soils,Supports healthy plant growth with a rich organic layer.
BD40870047,Calcareous Dark Grey Floodplain Soils,Supports healthy plant growth with a rich organic layer.
BD40870082,Non-calcareous Grey Floodplain Soils,Supports healthy plant growth with a rich organic layer.
BD40870082,Non-calcareous Dark Grey Floodplain Soils,Supports healthy plant growth with a rich organic layer.
BD40870082,Calcareous Dark Grey Floodplain Soils,Supports healthy plant growth with a rich organic layer.
BD40870086,Non-calcareous Grey Floodplain Soils,Supports healthy plant growth with a rich organic layer.
BD40870086,Non-calcareous Dark Grey Floodplain Soils,Supports healthy plant growth with a rich organic layer.
BD40870086,Calcareous Dark Grey Floodplain Soils,Supports healthy plant growth with a rich organic layer.
BD50100006,Non-calcareous Floodplain Soils,"Nutrient-rich, excellent for various agricultural practices."
BD50100006,Non-calcareous Grey Floodplain Soils,"Nutrient-rich, excellent for various agricultural practices."
BD50100006,Non-calcareous Dark Grey Floodplain Soils,"Nutrient-rich, excellent for various agricultural practices."
BD50100006,Non-calcareous Brown Floodplain Soils,"Nutrient-rich, excellent for various agricultural practices."
BD50100006,Acid Basin Clays,"Nutrient-rich, excellent for various agricultural practices."
BD50100006,Brown Mottled Terrace Soils,"Nutrient-rich, excellent for various agricultural practices."
BD50100006,Deep Grey Terrace Soils,"Nutrient-rich, excellent for various agricultural practices."
BD50100020,Non-calcareous Floodplain Soils,"Nutrient-rich, excellent for various agricultural practices."
BD50100020,Non-calcareous Grey Floodplain Soils,"Nutrient-rich, excellent for various agricultural practices."
BD50100020,Non-calcareous Dark Grey Floodplain Soils,"Nutrient-rich, excellent for various agricultural practices."
BD50100020,Non-calcareous Brown Floodplain Soils,"Nutrient-rich, excellent for various agricultural practices."
BD50100020,Acid Basin Clays,"Nutrient-rich, excellent for various agricultural practices."
BD50100020,Brown Mottled Terrace Soils,"Nutrient-rich, excellent for various agricultural practices."
BD50100020,Deep Grey Terrace Soils,"Nutrient-rich, excellent for various agricultural practices."
BD50100027,Non-calcareous Floodplain Soils,"Nutrient-rich, excellent for various agricultural practices."
BD50100027,Non-calcareous Grey Floodplain Soils,"Nutrient-rich, excellent for various agricultural practices."
BD50100027,Non-calcareous Dark Grey Floodplain Soils,"Nutrient-rich, excellent for various agricultural practices."
BD50100027,Non-calcareous Brown Floodplain Soils,"Nutrient-rich, excellent for various agricultural practices."
BD50100027,Acid Basin Clays,"Nutrient-rich, excellent for various agricultural practices."
BD50100027,Brown Mottled Terrace Soils,"Nutrient-rich, excellent for various agricultural practices."
BD50100027,Deep Grey Terrace Soils,"Nutrient-rich, excellent for various agricultural practices."
BD50100033,Non-calcareous Floodplain Soils,"Nutrient-rich, excellent for various agricultural practices."
BD50100033,Non-calcareous Grey Floodplain Soils,"Nutrient-rich, excellent for various agricultural practices."
BD50100033,Non-calcareous Dark Grey Floodplain Soils,"Nutrient-rich, excellent for various agricultural practices."
BD50100033,Non-calcareous Brown Floodplain Soils,"Nutrient-rich, excellent for various agricultural practices."
BD50100033,Acid Basin Clays,"Nutrient-rich, excellent for various agricultural practices."
BD50100033,Brown Mottled Terrace Soils,"Nutrient-rich, excellent for various agricultural practices."
BD50100033,Deep Grey Terrace Soils,"Nutrient-rich, excellent for various agricultural practices."
BD50100040,Non-calcareous Floodplain Soils,"Nutrient-rich, excellent for various agricultural practices."
BD50100040,Non-calcareous Grey Floodplain Soils,"Nutrient-rich, excellent for various agricultural practices."
BD50100040,Non-calcareous Dark Grey Floodplain Soils,"Nutrient-rich, excellent for various agricultural practices."
BD50100040,Non-calcareous Brown Floodplain Soils,"Nutrient-rich, excellent for various agricultural practices."
BD50100040,Acid Basin Clays,"Nutrient-rich, excellent for various agricultural practices."
BD50100040,Brown Mottled Terrace Soils,"Nutrient-rich, excellent for various agricultural practices."
BD50100040,Deep Grey Terrace Soils,"Nutrient-rich, excellent for various agricultural practices."
BD50100054,Non-calcareous Floodplain Soils,"Nutrient-rich, excellent for various agricultural practices."
BD50100054,Non-calcareous Grey Floodplain Soils,"Nutrient-rich, excellent for various agricultural practices."
BD50100054,Non-calcareous Dark Grey Floodplain Soils,"Nutrient-rich, excellent for various agricultural practices."
BD50100054,Non-calcareous Brown Floodplain Soils,"Nutrient-rich, excellent for various agricultural practices."
BD50100054,Acid Basin Clays,"Nutrient-rich, excellent for various agricultural practices."
BD50100054,Brown Mottled Terrace Soils,"Nutrient-rich, excellent for various agricultural practices."
BD50100054,Deep Grey Terrace Soils,"Nutrient-rich, excellent for various agricultural practices."
BD50100067,Non-calcareous Floodplain Soils,"Nutrient-rich, excellent for various agricultural practices."
BD50100067,Non-calcareous Grey Floodplain Soils,"Nutrient-rich, excellent for various agricultural practices."
BD50100067,Non-calcareous Dark Grey Floodplain Soils,"Nutrient-rich, excellent for various agricultural practices."
BD50100067,Non-calcareous Brown Floodplain Soils,"Nutrient-rich, excellent for various agricultural practices."
BD50100067,Acid Basin Clays,"Nutrient-rich, excellent for various agricultural practices."
BD50100067,Brown Mottled Terrace Soils,"Nutrient-rich, excellent for various agricultural practices."
BD50100067,Deep Grey Terrace Soils,"Nutrient-rich, excellent for various agricultural practices."
BD50100081,Non-calcareous Floodplain Soils,"Nutrient-rich, excellent for various agricultural practices."
BD50100081,Non-calcareous Grey Floodplain Soils,"Nutrient-rich, excellent for various agricultural practices."
BD50100081,Non-calcareous Dark Grey Floodplain Soils,"Nutrient-rich, excellent for various agricultural practices."
BD50100081,Non-calcareous Brown Floodplain Soils,"Nutrient-rich, excellent for various agricultural practices."
BD50100081,Acid Basin Clays,"Nutrient-rich, excellent for various agricultural practices."
BD50100081,Brown Mottled Terrace Soils,"Nutrient-rich, excellent for various agricultural practices."
BD50100081,Deep Grey Terrace Soils,"Nutrient-rich, excellent for various agricultural practices."
BD50100088,Non-calcareous Floodplain Soils,"Nutrient-rich, excellent for various agricultural practices."
BD50100088,Non-calcareous Grey Floodplain Soils,"Nutrient-rich, excellent for various agricultural practices."
BD50100088,Non-calcareous Dark Grey Floodplain Soils,"Nutrient-rich, excellent for various agricultural practices."
BD50100088,Non-calcareous Brown Floodplain Soils,"Nutrient-rich, excellent for various agricultural practices."
BD50100088,Acid Basin Clays,"Nutrient-rich, excellent for various agricultural practices."
BD50100088,Brown Mottled Terrace Soils,"Nutrient-rich, excellent for various agricultural practices."
BD50100088,Deep Grey Terrace Soils,"Nutrient-rich, excellent for various agricultural practices."
BD50100094,Non-calcareous Floodplain Soils,"Nutrient-rich, excellent for various agricultural practices."
BD50100094,Non-calcareous Grey Floodplain Soils,"Nutrient-rich, excellent for various agricultural practices."
BD50100094,Non-calcareous Dark Grey Floodplain Soils,"Nutrient-rich, excellent for various agricultural practices."
BD50100094,Non-calcareous Brown Floodplain Soils,"Nutrient-rich, excellent for various agricultural practices."
BD50100094,Acid Basin Clays,"Nutrient-rich, excellent for various agricultural practices."
BD50100094,Brown Mottled Terrace Soils,"Nutrient-rich, excellent for various agricultural practices."
BD50100094,Deep Grey Terrace Soils,"Nutrient-rich, excellent for various agricultural practices."
BD50100095,Non-calcareous Floodplain Soils,"Nutrient-rich, excellent for various agricultural practices."
BD50100095,Non-calcareous Grey Floodplain Soils,"Nutrient-rich, excellent for various agricultural practices."
BD50100095,Non-calcareous Dark Grey Floodplain Soils,"Nutrient-rich, excellent for various agricultural practices."
BD50100095,Non-calcareous Brown Floodplain Soils,"Nutrient-rich, excellent for various agricultural practices."
BD50100095,Acid Basin Clays,"Nutrient-rich, excellent for various agricultural practices."
BD50100095,Brown Mottled Terrace Soils,"Nutrient-rich, excellent for various agricultural practices."
BD50100095,Deep Grey Terrace Soils,"Nutrient-rich, excellent for various agricultural practices."
BD55270017,Non-calcareous Grey Floodplain Soils,Fertile and supportive of healthy growth for various crops.
BD55270017,Non-calcareous Dark Grey Floodplain Soils,Fertile and supportive of healthy growth for various crops.
BD55270017,Non-calcareous Brown Floodplain Soils,Fertile and supportive of healthy growth for various crops.
BD55270017,Brown Terai Soils,Fertile and supportive of healthy growth for various crops.
BD55270043,Non-calcareous Grey Floodplain Soils,Fertile and supportive of healthy growth for various crops.
BD55270043,Non-calcareous Dark Grey Floodplain Soils,Fertile and supportive of healthy growth for various crops.
BD55270043,Non-calcareous Brown Floodplain Soils,Fertile and supportive of healthy growth for various crops.
BD55270043,Brown Terai Soils,Fertile and supportive of healthy growth for various crops.
BD55270047,Non-calcareous Grey Floodplain Soils,Fertile and supportive of healthy growth for various crops.
BD55270047,Non-calcareous Dark Grey Floodplain Soils,Fertile and supportive of healthy growth for various crops.
BD55270047,Non-calcareous Brown Floodplain Soils,Fertile and supportive of healthy growth for various crops.
BD55270047,Brown Terai Soils,Fertile and supportive of healthy growth for various crops.
BD55320021,Non-calcareous Alluvium,"Highly fertile, excellent for various agricultural practices."
BD55320021,Peat,"Highly fertile, excellent for various agricultural practices."
BD55320021,Non-calcareous Grey Floodplain Soils,"Highly fertile, excellent for various agricultural practices."
BD55320021,Brown Hill Soils,"Highly fertile, excellent for various agricultural practices."
BD55320024,Non-calcareous Alluvium,"Highly fertile, excellent for various agricultural practices."
BD55320024,Peat,"Highly fertile, excellent for various agricultural practices."
BD55320024,Non-calcareous Grey Floodplain Soils,"Highly fertile, excellent for various agricultural practices."
BD55320024,Brown Hill Soils,"Highly fertile, excellent for various agricultural practices."
BD55320030,Non-calcareous Alluvium,"Highly fertile, excellent for various agricultural practices."
BD55320030,Peat,"Highly fertile, excellent for various agricultural practices."
BD55320030,Non-calcareous Grey Floodplain Soils,"Highly fertile, excellent for various agricultural practices."
BD55320030,Brown Hill Soils,"Highly fertile, excellent for various agricultural practices."
BD55320082,Non-calcareous Alluvium,"Highly fertile, excellent for various agricultural practices."
BD55320082,Peat,"Highly fertile, excellent for various agricultural practices."
BD55320082,Non-calcareous Grey Floodplain Soils,"Highly fertile, excellent for various agricultural practices."
BD55320082,Brown Hill Soils,"Highly fertile, excellent for various agricultural practices."
BD55320088,Non-calcareous Alluvium,"Highly fertile, excellent for various agricultural practices."
BD55320088,Peat,"Highly fertile, excellent for various agricultural practices."
BD55320088,Non-calcareous Grey Floodplain Soils,"Highly fertile, excellent for various agricultural practices."
BD55320088,Brown Hill Soils,"Highly fertile, excellent for various agricultural practices."
BD55320091,Non-calcareous Alluvium,"Highly fertile, excellent for various agricultural practices."
BD55320091,Peat,"Highly fertile, excellent for various agricultural practices."
BD55320091,Non-calcareous Grey Floodplain Soils,"Highly fertile, excellent for various agricultural practices."
BD55320091,Brown Hill Soils,"Highly fertile, excellent for various agricultural practices."
BD50380058,Non-calcareous Grey Floodplain Soils,"Aerated and well-drained, suitable for a variety of vegetables."
BD50380058,Calcareous Brown Floodplain Soils,"Aerated and well-drained, suitable for a variety of vegetables."
BD50380061,Non-calcareous Grey Floodplain Soils,"Aerated and well-drained, suitable for a variety of vegetables."
BD50380061,Calcareous Brown Floodplain Soils,"Aerated and well-drained, suitable for a variety of vegetables."
BD55490006,Non-calcareous Grey Floodplain Soils,"Dark, nutrient-rich, promoting vigorous crop yields."
BD55490006,Acid Basin Clays,"Dark, nutrient-rich, promoting vigorous crop yields."
BD55490008,Non-calcareous Grey Floodplain Soils,"Dark, nutrient-rich, promoting vigorous crop yields."
BD55490008,Acid Basin Clays,"Dark, nutrient-rich, promoting vigorous crop yields."
BD55490009,Non-calcareous Grey Floodplain Soils,"Dark, nutrient-rich, promoting vigorous crop yields."
BD55490009,Acid Basin Clays,"Dark, nutrient-rich, promoting vigorous crop yields."
BD55490018,Non-calcareous Grey Floodplain Soils,"Dark, nutrient-rich, promoting vigorous crop yields."
BD55490018,Acid Basin Clays,"Dark, nutrient-rich, promoting vigorous crop yields."
BD55490052,Non-calcareous Grey Floodplain Soils,"Dark, nutrient-rich, promoting vigorous crop yields."
BD55490052,Acid Basin Clays,"Dark, nutrient-rich, promoting vigorous crop yields."
BD55490061,Non-calcareous Grey Floodplain Soils,"Dark, nutrient-rich, promoting vigorous crop yields."
BD55490061,Acid Basin Clays,"Dark, nutrient-rich, promoting vigorous crop yields."
BD55490077,Non-calcareous Grey Floodplain Soils,"Dark, nutrient-rich, promoting vigorous crop yields."
BD55490077,Acid Basin Clays,"Dark, nutrient-rich, promoting vigorous crop yields."
BD55490079,Non-calcareous Grey Floodplain Soils,"Dark, nutrient-rich, promoting vigorous crop yields."
BD55490079,Acid Basin Clays,"Dark, nutrient-rich, promoting vigorous crop yields."
BD55490094,Non-calcareous Grey Floodplain Soils,"Dark, nutrient-rich, promoting vigorous crop yields."
BD55490094,Acid Basin Clays,"Dark, nutrient-rich, promoting vigorous crop yields."
BD55520002,Non-calcareous Alluvium,"Nutrient-rich, ideal for a wide range of agricultural products."
BD55520002,Peat,"Nutrient-rich, ideal for a wide range of agricultural products."
BD55520002,Non-calcareous Grey Floodplain Soils,"Nutrient-rich, ideal for a wide range of agricultural products."
BD55520002,Non-calcareous Dark Grey Floodplain Soils,"Nutrient-rich, ideal for a wide range of agricultural products."
BD55520033,Non-calcareous Alluvium,"Nutrient-rich, ideal for a wide range of agricultural products."
BD55520033,Peat,"Nutrient-rich, ideal for a wide range of agricultural products."
BD55520033,Non-calcareous Grey Floodplain Soils,"Nutrient-rich, ideal for a wide range of agricultural products."
BD55520033,Non-calcareous Dark Grey Floodplain Soils,"Nutrient-rich, ideal for a wide range of agricultural products."
BD55520039,Non-calcareous Alluvium,"Nutrient-rich, ideal for a wide range of agricultural products."
BD55520039,Peat,"Nutrient-rich, ideal for a wide range of agricultural products."
BD55520039,Non-calcareous Grey Floodplain Soils,"Nutrient-rich, ideal for a wide range of agricultural products."
BD55520039,Non-calcareous Dark Grey Floodplain Soils,"Nutrient-rich, ideal for a wide range of agricultural products."
BD55520055,Non-calcareous Alluvium,"Nutrient-rich, ideal for a wide range of agricultural products."
BD55520055,Peat,"Nutrient-rich, ideal for a wide range of agricultural products."
BD55520055,Non-calcareous Grey Floodplain Soils,"Nutrient-rich, ideal for a wide range of agricultural products."
BD55520055,Non-calcareous Dark Grey Floodplain Soils,"Nutrient-rich, ideal for a wide range of agricultural products."
BD55520070,Non-calcareous Alluvium,"Nutrient-rich, ideal for a wide range of agricultural products."
BD55520070,Peat,"Nutrient-rich, ideal for a wide range of agricultural products."
BD55520070,Non-calcareous Grey Floodplain Soils,"Nutrient-rich, ideal for a wide range of agricultural products."
BD55520070,Non-calcareous Dark Grey Floodplain Soils,"Nutrient-rich, ideal for a wide range of agricultural products."
BD50640003,Non-calcareous Grey Floodplain Soils,"Deep and nutrient-rich, supporting a variety of crops."
BD50640003,Non-calcareous Dark Grey Floodplain Soils,"Deep and nutrient-rich, supporting a variety of crops."
BD50640003,Calcareous Dark Grey Floodplain Soils,"Deep and nutrient-rich, supporting a variety of crops."
BD50640060,Non-calcareous Grey Floodplain Soils,"Deep and nutrient-rich, supporting a variety of crops."
BD50640060,Non-calcareous Dark Grey Floodplain Soils,"Deep and nutrient-rich, supporting a variety of crops."
BD50640060,Calcareous Dark Grey Floodplain Soils,"Deep and nutrient-rich, supporting a variety of crops."
BD50640085,Non-calcareous Grey Floodplain Soils,"Deep and nutrient-rich, supporting a variety of crops."
BD50640085,Non-calcareous Dark Grey Floodplain Soils,"Deep and nutrient-rich, supporting a variety of crops."
BD50640085,Calcareous Dark Grey Floodplain Soils,"Deep and nutrient-rich, supporting a variety of crops."
BD50690015,Non-calcareous Brown Floodplain Soils,"Rich in nutrients, ideal for rice and various crops."
BD50690015,Non-calcareous Dark Grey Floodplain Soils,"Rich in nutrients, ideal for rice and various crops."
BD50690041,Non-calcareous Brown Floodplain Soils,"Rich in nutrients, ideal for rice and various crops."
BD50690041,Non-calcareous Dark Grey Floodplain Soils,"Rich in nutrients, ideal for rice and various crops."
BD50690063,Non-calcareous Brown Floodplain Soils,"Rich in nutrients, ideal for rice and various crops."
BD50690063,Non-calcareous Dark Grey Floodplain Soils,"Rich in nutrients, ideal for rice and various crops."
BD50690091,Non-calcareous Brown Floodplain Soils,"Rich in nutrients, ideal for rice and various crops."
BD50690091,Non-calcareous Dark Grey Floodplain Soils,"Rich in nutrients, ideal for rice and various crops."
BD50700018,Non-calcareous Grey Floodplain Soils,"Nutrient-rich, ideal for rice and other staples."
BD50700018,Non-calcareous Dark Grey Floodplain Soils,"Nutrient-rich, ideal for rice and other staples."
BD50700066,Non-calcareous Grey Floodplain Soils,"Nutrient-rich, ideal for rice and other staples."
BD50700066,Non-calcareous Dark Grey Floodplain Soils,"Nutrient-rich, ideal for rice and other staples."
BD55730012,Non-calcareous Grey Floodplain Soils,Supports diverse crops with balanced nutrient levels.
BD55730012,Non-calcareous Dark Grey Floodplain Soils,Supports diverse crops with balanced nutrient levels.
BD55730015,Non-calcareous Grey Floodplain Soils,Supports diverse crops with balanced nutrient levels.
BD55730015,Non-calcareous Dark Grey Floodplain Soils,Supports diverse crops with balanced nutrient levels.
BD55730036,Non-calcareous Grey Floodplain Soils,Supports diverse crops with balanced nutrient levels.
BD55730036,Non-calcareous Dark Grey Floodplain Soils,Supports diverse crops with balanced nutrient levels.
BD55730064,Non-calcareous Grey Floodplain Soils,Supports diverse crops with balanced nutrient levels.
BD55730064,Non-calcareous Dark Grey Floodplain Soils,Supports diverse crops with balanced nutrient levels.
BD55730085,Non-calcareous Grey Floodplain Soils,Supports diverse crops with balanced nutrient levels.
BD55730085,Non-calcareous Dark Grey Floodplain Soils,Supports diverse crops with balanced nutrient levels.
BD50760005,Peat,"Rich in nutrients, supportive of various crops."
BD50760005,Non-calcareous Grey Floodplain Soils,"Rich in nutrients, supportive of various crops."
BD50760005,Calcareous Dark Grey Floodplain Soils,"Rich in nutrients, supportive of various crops."
BD50760016,Peat,"Rich in nutrients, supportive of various crops."
BD50760016,Non-calcareous Grey Floodplain Soils,"Rich in nutrients, supportive of various crops."
BD50760016,Calcareous Dark Grey Floodplain Soils,"Rich in nutrients, supportive of various crops."
BD50760019,Peat,"Rich in nutrients, supportive of various crops."
BD50760019,Non-calcareous Grey Floodplain Soils,"Rich in nutrients, supportive of various crops."
BD50760019,Calcareous Dark Grey Floodplain Soils,"Rich in nutrients, supportive of various crops."
BD50760022,Peat,"Rich in nutrients, supportive of various crops."
BD50760022,Non-calcareous Grey Floodplain Soils,"Rich in nutrients, supportive of various crops."
BD50760022,Calcareous Dark Grey Floodplain Soils,"Rich in nutrients, supportive of various crops."
BD50760033,Peat,"Rich in nutrients, supportive of various crops."
BD50760033,Non-calcareous Grey Floodplain Soils,"Rich in nutrients, supportive of various crops."
BD50760033,Calcareous Dark Grey Floodplain Soils,"Rich in nutrients, supportive of various crops."
BD50760055,Peat,"Rich in nutrients, supportive of various crops."
BD50760055,Non-calcareous Grey Floodplain Soils,"Rich in nutrients, supportive of various crops."
BD50760055,Calcareous Dark Grey Floodplain Soils,"Rich in nutrients, supportive of various crops."
BD50760072,Peat,"Rich in nutrients, supportive of various crops."
BD50760072,Non-calcareous Grey Floodplain Soils,"Rich in nutrients, supportive of various crops."
BD50760072,Calcareous Dark Grey Floodplain Soils,"Rich in nutrients, supportive of various crops."
BD50760083,Peat,"Rich in nutrients, supportive of various crops."
BD50760083,Non-calcareous Grey Floodplain Soils,"Rich in nutrients, supportive of various crops."
BD50760083,Calcareous Dark Grey Floodplain Soils,"Rich in nutrients, supportive of various crops."
BD50810012,Non-calcareous Grey Floodplain Soils,"Highly fertile, conducive to growing a variety of crops."
BD50810012,Non-calcareous Dark Grey Floodplain Soils,"Highly fertile, conducive to growing a variety of crops."
BD50810012,Non-calcareous Brown Floodplain Soils,"Highly fertile, conducive to growing a variety of crops."
BD50810012,Brown Terai Soils,"Highly fertile, conducive to growing a variety of crops."
BD50816600,Non-calcareous Grey Floodplain Soils,"Highly fertile, conducive to growing a variety of crops."
BD50816600,Non-calcareous Dark Grey Floodplain Soils,"Highly fertile, conducive to growing a variety of crops."
BD50816600,Non-calcareous Brown Floodplain Soils,"Highly fertile, conducive to growing a variety of crops."
BD50816600,Brown Terai Soils,"Highly fertile, conducive to growing a variety of crops."
BD55850027,Non-calcareous Grey Floodplain Soils,"Moisture-retentive, great for water-intensive plants like rice."
BD55850027,Non-calcareous Dark Grey Floodplain Soils,"Moisture-retentive, great for water-intensive plants like rice."
BD55850042,Non-calcareous Grey Floodplain Soils,"Moisture-retentive, great for water-intensive plants like rice."
BD55850042,Non-calcareous Dark Grey Floodplain Soils,"Moisture-retentive, great for water-intensive plants like rice."
BD55850049,Non-calcareous Grey Floodplain Soils,"Moisture-retentive, great for water-intensive plants like rice."
BD55850049,Non-calcareous Dark Grey Floodplain Soils,"Moisture-retentive, great for water-intensive plants like rice."
BD55850058,Non-calcareous Grey Floodplain Soils,"Moisture-retentive, great for water-intensive plants like rice."
BD55850058,Non-calcareous Dark Grey Floodplain Soils,"Moisture-retentive, great for water-intensive plants like rice."
BD55850073,Non-calcareous Grey Floodplain Soils,"Moisture-retentive, great for water-intensive plants like rice."
BD55850073,Non-calcareous Dark Grey Floodplain Soils,"Moisture-retentive, great for water-intensive plants like rice."
BD55850076,Non-calcareous Grey Floodplain Soils,"Moisture-retentive, great for water-intensive plants like rice."
BD55850076,Non-calcareous Dark Grey Floodplain Soils,"Moisture-retentive, great for water-intensive plants like rice."
BD55850092,Non-calcareous Grey Floodplain Soils,"Moisture-retentive, great for water-intensive plants like rice."
BD55850092,Non-calcareous Dark Grey Floodplain Soils,"Moisture-retentive, great for water-intensive plants like rice."
BD50880011,Non-calcareous Alluvium,Fosters diverse agricultural practices with good fertility.
BD50880011,Peat,Fosters diverse agricultural practices with good fertility.
BD50880011,Non-calcareous Grey Floodplain Soils,Fosters diverse agricultural practices with good fertility.
BD50880011,Brown Hill Soils,Fosters diverse agricultural practices with good fertility.
BD50880027,Non-calcareous Alluvium,Fosters diverse agricultural practices with good fertility.
BD50880027,Peat,Fosters diverse agricultural practices with good fertility.
BD50880027,Non-calcareous Grey Floodplain Soils,Fosters diverse agricultural practices with good fertility.
BD50880027,Brown Hill Soils,Fosters diverse agricultural practices with good fertility.
BD50880044,Non-calcareous Alluvium,Fosters diverse agricultural practices with good fertility.
BD50880044,Peat,Fosters diverse agricultural practices with good fertility.
BD50880044,Non-calcareous Grey Floodplain Soils,Fosters diverse agricultural practices with good fertility.
BD50880044,Brown Hill Soils,Fosters diverse agricultural practices with good fertility.
BD50880050,Non-calcareous Alluvium,Fosters diverse agricultural practices with good fertility.
BD50880050,Peat,Fosters diverse agricultural practices with good fertility.
BD50880050,Non-calcareous Grey Floodplain Soils,Fosters diverse agricultural practices with good fertility.
BD50880050,Brown Hill Soils,Fosters diverse agricultural practices with good fertility.
BD50880067,Non-calcareous Alluvium,Fosters diverse agricultural practices with good fertility.
BD50880067,Peat,Fosters diverse agricultural practices with good fertility.
BD50880067,Non-calcareous Grey Floodplain Soils,Fosters diverse agricultural practices with good fertility.
BD50880067,Brown Hill Soils,Fosters diverse agricultural practices with good fertility.
BD50880078,Non-calcareous Alluvium,Fosters diverse agricultural practices with good fertility.
BD50880078,Peat,Fosters diverse agricultural practices with good fertility.
BD50880078,Non-calcareous Grey Floodplain Soils,Fosters diverse agricultural practices with good fertility.
BD50880078,Brown Hill Soils,Fosters diverse agricultural practices with good fertility.
BD50880089,Non-calcareous Alluvium,Fosters diverse agricultural practices with good fertility.
BD50880089,Peat,Fosters diverse agricultural practices with good fertility.
BD50880089,Non-calcareous Grey Floodplain Soils,Fosters diverse agricultural practices with good fertility.
BD50880089,Brown Hill Soils,Fosters diverse agricultural practices with good fertility.
BD50880094,Non-calcareous Alluvium,Fosters diverse agricultural practices with good fertility.
BD50880094,Peat,Fosters diverse agricultural practices with good fertility.
BD50880094,Non-calcareous Grey Floodplain Soils,Fosters diverse agricultural practices with good fertility.
BD50880094,Brown Hill Soils,Fosters diverse agricultural practices with good fertility.
BD60360002,Non-calcareous Floodplain Soils,Supports healthy growth for various crops in hilly areas.
BD60360002,Non-calcareous Dark Grey Floodplain Soils,Supports healthy growth for various crops in hilly areas.
BD60360005,Non-calcareous Floodplain Soils,Supports healthy growth for various crops in hilly areas.
BD60360005,Non-calcareous Dark Grey Floodplain Soils,Supports healthy growth for various crops in hilly areas.
BD60360011,Non-calcareous Floodplain Soils,Supports healthy growth for various crops in hilly areas.
BD60360011,Non-calcareous Dark Grey Floodplain Soils,Supports healthy growth for various crops in hilly areas.
BD60360026,Non-calcareous Floodplain Soils,Supports healthy growth for various crops in hilly areas.
BD60360026,Non-calcareous Dark Grey Floodplain Soils,Supports healthy growth for various crops in hilly areas.
BD60360044,Non-calcareous Floodplain Soils,Supports healthy growth for various crops in hilly areas.
BD60360044,Non-calcareous Dark Grey Floodplain Soils,Supports healthy growth for various crops in hilly areas.
BD60360068,Non-calcareous Floodplain Soils,Supports healthy growth for various crops in hilly areas.
BD60360068,Non-calcareous Dark Grey Floodplain Soils,Supports healthy growth for various crops in hilly areas.
BD60360071,Non-calcareous Floodplain Soils,Supports healthy growth for various crops in hilly areas.
BD60360071,Non-calcareous Dark Grey Floodplain Soils,Supports healthy growth for various crops in hilly areas.
BD60360077,Non-calcareous Floodplain Soils,Supports healthy growth for various crops in hilly areas.
BD60360077,Non-calcareous Dark Grey Floodplain Soils,Supports healthy growth for various crops in hilly areas.
BD60900018,Non-calcareous Grey Floodplain Soils,"Well-balanced, supporting a variety of crops including vegetables."
BD60900018,Calcareous Brown Floodplain Soils,"Well-balanced, supporting a variety of crops including vegetables."
BD60900023,Non-calcareous Grey Floodplain Soils,"Well-balanced, supporting a variety of crops including vegetables."
BD60900023,Calcareous Brown Floodplain Soils,"Well-balanced, supporting a variety of crops including vegetables."
BD60900029,Non-calcareous Grey Floodplain Soils,"Well-balanced, supporting a variety of crops including vegetables."
BD60900029,Calcareous Brown Floodplain Soils,"Well-balanced, supporting a variety of crops including vegetables."
BD60900032,Non-calcareous Grey Floodplain Soils,"Well-balanced, supporting a variety of crops including vegetables."
BD60900032,Calcareous Brown Floodplain Soils,"Well-balanced, supporting a variety of crops including vegetables."
BD60900033,Non-calcareous Grey Floodplain Soils,"Well-balanced, supporting a variety of crops including vegetables."
BD60900033,Calcareous Brown Floodplain Soils,"Well-balanced, supporting a variety of crops including vegetables."
BD60900047,Non-calcareous Grey Floodplain Soils,"Well-balanced, supporting a variety of crops including vegetables."
BD60900047,Calcareous Brown Floodplain Soils,"Well-balanced, supporting a variety of crops including vegetables."
BD60900050,Non-calcareous Grey Floodplain Soils,"Well-balanced, supporting a variety of crops including vegetables."
BD60900050,Calcareous Brown Floodplain Soils,"Well-balanced, supporting a variety of crops including vegetables."
BD60900086,Non-calcareous Grey Floodplain Soils,"Well-balanced, supporting a variety of crops including vegetables."
BD60900086,Calcareous Brown Floodplain Soils,"Well-balanced, supporting a variety of crops including vegetables."
BD60900089,Non-calcareous Grey Floodplain Soils,"Well-balanced, supporting a variety of crops including vegetables."
BD60900089,Calcareous Brown Floodplain Soils,"Well-balanced, supporting a variety of crops including vegetables."
BD60900092,Non-calcareous Grey Floodplain Soils,"Well-balanced, supporting a variety of crops including vegetables."
BD60900092,Calcareous Brown Floodplain Soils,"Well-balanced, supporting a variety of crops including vegetables."
BD60910008,Non-calcareous Brown Floodplain Soils,"Well-balanced, supporting a variety of crops including vegetables."
BD60910008,Non-calcareous Dark Grey Floodplain Soils,"Well-balanced, supporting a variety of crops including vegetables."
BD60910017,Non-calcareous Brown Floodplain Soils,"Well-balanced, supporting a variety of crops including vegetables."
BD60910017,Non-calcareous Dark Grey Floodplain Soils,"Well-balanced, supporting a variety of crops including vegetables."
BD60910020,Non-calcareous Brown Floodplain Soils,"Well-balanced, supporting a variety of crops including vegetables."
BD60910020,Non-calcareous Dark Grey Floodplain Soils,"Well-balanced, supporting a variety of crops including vegetables."
BD60910027,Non-calcareous Brown Floodplain Soils,"Well-balanced, supporting a variety of crops including vegetables."
BD60910027,Non-calcareous Dark Grey Floodplain Soils,"Well-balanced, supporting a variety of crops including vegetables."
BD60910035,Non-calcareous Brown Floodplain Soils,"Well-balanced, supporting a variety of crops including vegetables."
BD60910035,Non-calcareous Dark Grey Floodplain Soils,"Well-balanced, supporting a variety of crops including vegetables."
BD60910038,Non-calcareous Brown Floodplain Soils,"Well-balanced, supporting a variety of crops including vegetables."
BD60910038,Non-calcareous Dark Grey Floodplain Soils,"Well-balanced, supporting a variety of crops including vegetables."
BD60910041,Non-calcareous Brown Floodplain Soils,"Well-balanced, supporting a variety of crops including vegetables."
BD60910041,Non-calcareous Dark Grey Floodplain Soils,"Well-balanced, supporting a variety of crops including vegetables."
BD60910053,Non-calcareous Brown Floodplain Soils,"Well-balanced, supporting a variety of crops including vegetables."
BD60910053,Non-calcareous Dark Grey Floodplain Soils,"Well-balanced, supporting a variety of crops including vegetables."
BD60910059,Non-calcareous Brown Floodplain Soils,"Well-balanced, supporting a variety of crops including vegetables."
BD60910059,Non-calcareous Dark Grey Floodplain Soils,"Well-balanced, supporting a variety of crops including vegetables."
BD60910062,Non-calcareous Brown Floodplain Soils,"Well-balanced, supporting a variety of crops including vegetables."
BD60910062,Non-calcareous Dark Grey Floodplain Soils,"Well-balanced, supporting a variety of crops including vegetables."
BD60910094,Non-calcareous Brown Floodplain Soils,"Well-balanced, supporting a variety of crops including vegetables."
BD60910094,Non-calcareous Dark Grey Floodplain Soils,"Well-balanced, supporting a variety of crops including vegetables."
