crop,crop_year,district_pcode,district,area_acres,production_mt,yield_mt_per_ha,edition_used,n_editions,flag
Aman,2013-14,BD4001,Bagerhat,201083.0,176419.0,2.168,2016,1,
Aman,2014-15,BD4001,Bagerhat,204315.0,180613.0,2.184,2017,2,
Aman,2015-16,BD4001,Bagerhat,203572.0,171133.0,2.077,2018,2,
Aman,2016-17,BD4001,Bagerhat,189701.0,160491.0,2.091,2019,2,
Aman,2017-18,BD4001,Bagerhat,176684.0,128216.0,1.793,2020,2,
Aman,2018-19,BD4001,Bagerhat,170832.0,116802.0,1.69,2021,2,
Aman,2019-20,BD4001,Bagerhat,177975.0,145396.0,2.019,2021,1,
Aman,2020-21,BD4001,Bagerhat,177321.0,150905.0,2.103,2022,1,
Aman,2021-22,BD4001,Bagerhat,176310.0,157754.0,2.211,2023,2,
Aman,2022-23,BD4001,Bagerhat,151514.0,142871.0,2.33,2024,2,
Aman,2023-24,BD4001,Bagerhat,167981.0,170959.0,2.515,2025,2,
Aman,2024-25,BD4001,Bagerhat,166750.0,157668.0,2.336,2025,1,
Aman,2013-14,BD2003,Bandarban,21579.0,23019.0,2.636,2016,1,
Aman,2014-15,BD2003,Bandarban,23294.0,23749.0,2.519,2017,2,
Aman,2015-16,BD2003,Bandarban,23895.0,23766.0,2.458,2018,2,
Aman,2016-17,BD2003,Bandarban,23969.0,24594.0,2.535,2019,2,
Aman,2017-18,BD2003,Bandarban,27931.0,31365.0,2.775,2020,2,
Aman,2018-19,BD2003,Bandarban,24280.0,26210.0,2.667,2021,2,
Aman,2019-20,BD2003,Bandarban,25641.0,28634.0,2.759,2021,1,
Aman,2020-21,BD2003,Bandarban,25646.0,30154.0,2.905,2022,1,
Aman,2021-22,BD2003,Bandarban,24635.0,27455.0,2.754,2023,2,
Aman,2022-23,BD2003,Bandarban,25564.0,29428.0,2.845,2024,2,
Aman,2023-24,BD2003,Bandarban,25953.0,31546.0,3.004,2025,2,
Aman,2024-25,BD2003,Bandarban,26549.0,32746.0,3.048,2025,1,
Aman,2013-14,BD1004,Barguna,229226.0,172671.0,1.861,2016,1,
Aman,2014-15,BD1004,Barguna,229281.0,163600.0,1.763,2017,2,
Aman,2015-16,BD1004,Barguna,236799.0,167538.0,1.748,2018,2,
Aman,2016-17,BD1004,Barguna,237000.0,169803.0,1.77,2019,2,
Aman,2017-18,BD1004,Barguna,248672.0,175762.0,1.747,2020,2,
Aman,2018-19,BD1004,Barguna,202011.0,157492.0,1.926,2021,2,
Aman,2019-20,BD1004,Barguna,191881.0,138760.0,1.787,2021,1,
Aman,2020-21,BD1004,Barguna,231401.0,178315.0,1.904,2022,1,
Aman,2021-22,BD1004,Barguna,231852.0,194271.0,2.071,2023,2,
Aman,2022-23,BD1004,Barguna,237570.0,216769.0,2.255,2024,2,
Aman,2023-24,BD1004,Barguna,233055.0,225756.0,2.394,2025,2,
Aman,2024-25,BD1004,Barguna,231645.0,247059.0,2.635,2025,1,
Aman,2013-14,BD1006,Barishal,301184.0,245713.0,2.016,2016,1,
Aman,2014-15,BD1006,Barishal,293618.0,230758.0,1.942,2017,2,
Aman,2015-16,BD1006,Barishal,291351.0,230832.0,1.958,2018,2,
Aman,2016-17,BD1006,Barishal,296870.0,240835.0,2.005,2019,2,
Aman,2017-18,BD1006,Barishal,316372.0,229729.0,1.794,2020,2,
Aman,2018-19,BD1006,Barishal,301636.0,208723.0,1.71,2021,2,
Aman,2019-20,BD1006,Barishal,321096.0,207814.0,1.599,2021,1,
Aman,2020-21,BD1006,Barishal,302665.0,229149.0,1.871,2022,1,
Aman,2021-22,BD1006,Barishal,300640.0,232967.0,1.915,2023,2,
Aman,2022-23,BD1006,Barishal,289636.0,240372.0,2.051,2024,2,
Aman,2023-24,BD1006,Barishal,285074.0,262079.0,2.272,2025,2,
Aman,2024-25,BD1006,Barishal,293722.0,253304.0,2.131,2025,1,
Aman,2013-14,BD1009,Bhola,435335.0,340665.0,1.934,2016,1,
Aman,2014-15,BD1009,Bhola,425541.0,334501.0,1.942,2017,2,
Aman,2015-16,BD1009,Bhola,449494.0,393399.0,2.163,2018,2,
Aman,2016-17,BD1009,Bhola,453423.0,411372.0,2.242,2019,2,
Aman,2017-18,BD1009,Bhola,432937.0,434140.0,2.478,2020,2,
Aman,2018-19,BD1009,Bhola,430608.0,423522.0,2.43,2021,2,
Aman,2019-20,BD1009,Bhola,394733.0,379971.0,2.379,2021,1,
Aman,2020-21,BD1009,Bhola,388575.0,427686.0,2.72,2022,1,
Aman,2021-22,BD1009,Bhola,413366.0,483326.0,2.889,2023,2,
Aman,2022-23,BD1009,Bhola,400988.0,459308.0,2.83,2024,2,
Aman,2023-24,BD1009,Bhola,417441.0,503897.0,2.983,2025,2,
Aman,2024-25,BD1009,Bhola,409495.0,477959.0,2.884,2025,1,
Aman,2013-14,BD5010,Bogura,455471.0,468936.0,2.544,2016,1,
Aman,2014-15,BD5010,Bogura,448004.0,480483.0,2.65,2017,2,
Aman,2015-16,BD5010,Bogura,444221.0,480227.0,2.671,2018,2,
Aman,2016-17,BD5010,Bogura,447636.0,494235.0,2.728,2019,2,
Aman,2017-18,BD5010,Bogura,406199.0,450823.0,2.743,2020,2,
Aman,2018-19,BD5010,Bogura,433868.0,467997.0,2.665,2021,2,
Aman,2019-20,BD5010,Bogura,448343.0,488310.0,2.691,2021,1,
Aman,2020-21,BD5010,Bogura,443007.0,528275.0,2.947,2022,1,
Aman,2021-22,BD5010,Bogura,445635.0,554378.0,3.074,2023,2,
Aman,2022-23,BD5010,Bogura,446251.0,555785.0,3.078,2024,2,
Aman,2023-24,BD5010,Bogura,444256.0,568321.0,3.161,2025,2,
Aman,2024-25,BD5010,Bogura,441024.0,522797.0,2.929,2025,1,
Aman,2013-14,BD2012,Brahmanbaria,141598.0,135267.0,2.361,2016,1,
Aman,2014-15,BD2012,Brahmanbaria,154885.0,146601.0,2.339,2017,2,
Aman,2015-16,BD2012,Brahmanbaria,161705.0,150378.0,2.298,2018,2,
Aman,2016-17,BD2012,Brahmanbaria,170410.0,156360.0,2.267,2019,2,
Aman,2017-18,BD2012,Brahmanbaria,167071.0,152123.0,2.25,2020,2,
Aman,2018-19,BD2012,Brahmanbaria,133122.0,133161.0,2.472,2021,2,
Aman,2019-20,BD2012,Brahmanbaria,137615.0,150660.0,2.705,2021,1,
Aman,2020-21,BD2012,Brahmanbaria,174588.0,177143.0,2.507,2022,1,
Aman,2021-22,BD2012,Brahmanbaria,174096.0,174681.0,2.479,2023,2,
Aman,2022-23,BD2012,Brahmanbaria,156514.0,171344.0,2.705,2024,2,
Aman,2023-24,BD2012,Brahmanbaria,178007.0,190038.0,2.638,2025,2,
Aman,2024-25,BD2012,Brahmanbaria,178427.0,200611.0,2.778,2025,1,
Aman,2013-14,BD2013,Chandpur,91446.0,70130.0,1.895,2016,1,
Aman,2014-15,BD2013,Chandpur,105836.0,71142.0,1.661,2017,2,
Aman,2015-16,BD2013,Chandpur,94500.0,68192.0,1.783,2018,2,
Aman,2016-17,BD2013,Chandpur,92040.0,67890.0,1.823,2019,2,
Aman,2017-18,BD2013,Chandpur,106368.0,81165.0,1.886,2020,2,
Aman,2018-19,BD2013,Chandpur,109143.0,79413.0,1.798,2021,2,
Aman,2019-20,BD2013,Chandpur,88640.0,67475.0,1.881,2021,1,
Aman,2020-21,BD2013,Chandpur,90004.0,70243.0,1.929,2022,1,
Aman,2021-22,BD2013,Chandpur,105017.0,74129.0,1.744,2023,2,
Aman,2022-23,BD2013,Chandpur,104179.0,73872.0,1.752,2024,2,
Aman,2023-24,BD2013,Chandpur,104001.0,93646.0,2.225,2025,2,
Aman,2024-25,BD2013,Chandpur,83306.0,75659.0,2.244,2025,1,
Aman,2013-14,BD5070,Chapainababganj,117370.0,118453.0,2.494,2016,1,
Aman,2014-15,BD5070,Chapainababganj,129945.0,137678.0,2.618,2017,2,
Aman,2015-16,BD5070,Chapainababganj,130991.0,140403.0,2.649,2018,2,
Aman,2016-17,BD5070,Chapainababganj,129509.0,145324.0,2.773,2019,2,
Aman,2017-18,BD5070,Chapainababganj,120659.0,131323.0,2.689,2020,2,
Aman,2018-19,BD5070,Chapainababganj,131763.0,142977.0,2.681,2021,2,
Aman,2019-20,BD5070,Chapainababganj,125934.0,132840.0,2.607,2021,1,
Aman,2020-21,BD5070,Chapainababganj,140665.0,158565.0,2.785,2022,1,
Aman,2021-22,BD5070,Chapainababganj,142001.0,163578.0,2.847,2023,2,
Aman,2022-23,BD5070,Chapainababganj,131146.0,171431.0,3.23,2024,2,
Aman,2023-24,BD5070,Chapainababganj,132965.0,179072.0,3.328,2025,2,
Aman,2024-25,BD5070,Chapainababganj,132133.0,185696.0,3.473,2025,1,
Aman,2013-14,BD2015,Chattogram,440237.0,477130.0,2.678,2016,1,
Aman,2014-15,BD2015,Chattogram,437253.0,495198.0,2.799,2017,2,
Aman,2015-16,BD2015,Chattogram,428676.0,484869.0,2.795,2018,2,
Aman,2016-17,BD2015,Chattogram,421886.0,475889.0,2.787,2019,2,
Aman,2017-18,BD2015,Chattogram,433616.0,449527.0,2.562,2020,2,
Aman,2018-19,BD2015,Chattogram,419393.0,435740.0,2.567,2021,2,
Aman,2019-20,BD2015,Chattogram,417317.0,409541.0,2.425,2021,1,
Aman,2020-21,BD2015,Chattogram,444857.0,435070.0,2.417,2022,1,
Aman,2021-22,BD2015,Chattogram,445835.0,444143.0,2.462,2023,2,
Aman,2022-23,BD2015,Chattogram,438057.0,454439.0,2.563,2024,2,
Aman,2023-24,BD2015,Chattogram,439574.0,518250.0,2.913,2025,2,
Aman,2024-25,BD2015,Chattogram,422907.0,571045.0,3.337,2025,1,
Aman,2013-14,BD4018,Chuadanga,96849.0,108973.0,2.78,2016,1,
Aman,2014-15,BD4018,Chuadanga,90259.0,99997.0,2.738,2017,2,
Aman,2015-16,BD4018,Chuadanga,91190.0,101810.0,2.759,2018,2,
Aman,2016-17,BD4018,Chuadanga,89810.0,101387.0,2.79,2019,2,
Aman,2017-18,BD4018,Chuadanga,84487.0,96705.0,2.828,2020,2,
Aman,2018-19,BD4018,Chuadanga,80756.0,89821.0,2.748,2021,2,
Aman,2019-20,BD4018,Chuadanga,81295.0,85331.0,2.594,2021,1,
Aman,2020-21,BD4018,Chuadanga,85718.0,94005.0,2.71,2022,1,
Aman,2021-22,BD4018,Chuadanga,82851.0,91510.0,2.729,2023,2,
Aman,2022-23,BD4018,Chuadanga,82299.0,98857.0,2.968,2024,2,
Aman,2023-24,BD4018,Chuadanga,89260.0,113752.0,3.149,2025,2,
Aman,2024-25,BD4018,Chuadanga,90287.0,114768.0,3.141,2025,1,
Aman,2013-14,BD2022,Cox's Bazar,178357.0,179658.0,2.489,2016,1,
Aman,2014-15,BD2022,Cox's Bazar,179172.0,175192.0,2.416,2017,2,
Aman,2015-16,BD2022,Cox's Bazar,188604.0,188716.0,2.473,2018,2,
Aman,2016-17,BD2022,Cox's Bazar,189032.0,197967.0,2.588,2018,1,
Aman,2018-19,BD2022,Cox's Bazar,181366.0,196112.0,2.672,2021,1,
Aman,2019-20,BD2022,Cox's Bazar,198318.0,221303.0,2.757,2021,1,
Aman,2020-21,BD2022,Cox's Bazar,181306.0,201325.0,2.744,2022,1,
Aman,2021-22,BD2022,Cox's Bazar,183516.0,208441.0,2.807,2023,2,
Aman,2022-23,BD2022,Cox's Bazar,183778.0,216224.0,2.907,2024,2,
Aman,2023-24,BD2022,Cox's Bazar,185551.0,233416.0,3.108,2025,2,
Aman,2024-25,BD2022,Cox's Bazar,185189.0,252466.0,3.369,2025,1,
Aman,2013-14,BD2019,Cumilla,347072.0,326956.0,2.328,2016,1,
Aman,2014-15,BD2019,Cumilla,343998.0,292803.0,2.103,2017,2,
Aman,2015-16,BD2019,Cumilla,340195.0,294604.0,2.14,2018,2,
Aman,2016-17,BD2019,Cumilla,333732.0,288796.0,2.138,2019,2,
Aman,2017-18,BD2019,Cumilla,333982.0,320063.0,2.368,2020,2,
Aman,2018-19,BD2019,Cumilla,333029.0,316154.0,2.346,2021,2,
Aman,2019-20,BD2019,Cumilla,287974.0,262318.0,2.251,2021,1,
Aman,2020-21,BD2019,Cumilla,327517.0,297925.0,2.248,2022,1,
Aman,2021-22,BD2019,Cumilla,313671.0,308845.0,2.433,2023,2,
Aman,2022-23,BD2019,Cumilla,322108.0,324040.0,2.486,2024,2,
Aman,2023-24,BD2019,Cumilla,317209.0,365438.0,2.847,2025,2,
Aman,2024-25,BD2019,Cumilla,277503.0,289926.0,2.582,2025,1,
Aman,2013-14,BD3026,Dhaka,39810.0,25676.0,1.594,2016,1,
Aman,2014-15,BD3026,Dhaka,31759.0,15604.0,1.214,2017,2,
Aman,2015-16,BD3026,Dhaka,43132.0,27419.0,1.571,2018,2,
Aman,2016-17,BD3026,Dhaka,43361.0,27671.0,1.577,2019,2,
Aman,2017-18,BD3026,Dhaka,41307.0,33169.0,1.984,2020,2,
Aman,2018-19,BD3026,Dhaka,19917.0,12583.0,1.561,2021,2,
Aman,2019-20,BD3026,Dhaka,26997.0,25167.0,2.304,2021,1,
Aman,2020-21,BD3026,Dhaka,18702.0,18052.0,2.385,2022,1,
Aman,2021-22,BD3026,Dhaka,18598.0,17437.0,2.317,2023,2,
Aman,2022-23,BD3026,Dhaka,19716.0,14072.0,1.764,2024,2,
Aman,2023-24,BD3026,Dhaka,19706.0,15065.0,1.889,2025,2,
Aman,2024-25,BD3026,Dhaka,17761.0,14571.0,2.027,2025,1,
Aman,2013-14,BD5527,Dinajpur,610979.0,652120.0,2.637,2016,1,
Aman,2014-15,BD5527,Dinajpur,616823.0,614367.0,2.461,2017,2,
Aman,2015-16,BD5527,Dinajpur,629293.0,636936.0,2.501,2018,2,
Aman,2016-17,BD5527,Dinajpur,625691.0,644047.0,2.544,2019,2,
Aman,2017-18,BD5527,Dinajpur,633615.0,713563.0,2.783,2020,2,
Aman,2018-19,BD5527,Dinajpur,643425.0,770155.0,2.958,2021,2,
Aman,2019-20,BD5527,Dinajpur,686614.0,790734.0,2.846,2021,1,
Aman,2020-21,BD5527,Dinajpur,645472.0,696412.0,2.666,2022,1,
Aman,2021-22,BD5527,Dinajpur,642284.0,725866.0,2.793,2023,2,
Aman,2022-23,BD5527,Dinajpur,641304.0,731951.0,2.82,2024,2,
Aman,2023-24,BD5527,Dinajpur,640543.0,780378.0,3.01,2025,2,
Aman,2024-25,BD5527,Dinajpur,641547.0,862742.0,3.323,2025,1,
Aman,2013-14,BD3029,Faridpur,159560.0,131451.0,2.036,2016,1,
Aman,2014-15,BD3029,Faridpur,128015.0,120064.0,2.318,2017,2,
Aman,2015-16,BD3029,Faridpur,149900.0,144737.0,2.386,2018,2,
Aman,2016-17,BD3029,Faridpur,163608.0,155026.0,2.341,2019,2,
Aman,2017-18,BD3029,Faridpur,202853.0,198852.0,2.422,2020,2,
Aman,2018-19,BD3029,Faridpur,205837.0,215743.0,2.59,2021,2,
Aman,2019-20,BD3029,Faridpur,202021.0,213497.0,2.611,2021,1,
Aman,2020-21,BD3029,Faridpur,191856.0,199564.0,2.57,2022,1,
Aman,2021-22,BD3029,Faridpur,202637.0,222346.0,2.711,2023,2,
Aman,2022-23,BD3029,Faridpur,199851.0,228663.0,2.827,2024,2,
Aman,2023-24,BD3029,Faridpur,200658.0,244276.0,3.008,2025,2,
Aman,2024-25,BD3029,Faridpur,205392.0,257663.0,3.1,2025,1,
Aman,2013-14,BD2030,Feni,165594.0,196532.0,2.933,2016,1,
Aman,2014-15,BD2030,Feni,163459.0,187203.0,2.83,2017,2,
Aman,2015-16,BD2030,Feni,163763.0,177615.0,2.68,2018,2,
Aman,2016-17,BD2030,Feni,162974.0,176883.0,2.682,2019,2,
Aman,2017-18,BD2030,Feni,161153.0,174808.0,2.68,2020,2,
Aman,2018-19,BD2030,Feni,152599.0,160699.0,2.602,2021,2,
Aman,2019-20,BD2030,Feni,159979.0,162648.0,2.512,2021,1,
Aman,2020-21,BD2030,Feni,163129.0,196106.0,2.971,2022,1,
Aman,2021-22,BD2030,Feni,162866.0,196830.0,2.986,2023,2,
Aman,2022-23,BD2030,Feni,163014.0,200407.0,3.038,2024,2,
Aman,2023-24,BD2030,Feni,163406.0,205436.0,3.107,2025,2,
Aman,2024-25,BD2030,Feni,66107.0,84659.0,3.165,2025,1,
Aman,2013-14,BD5532,Gaibandha,297344.0,305946.0,2.543,2016,1,
Aman,2014-15,BD5532,Gaibandha,310915.0,322175.0,2.561,2017,2,
Aman,2015-16,BD5532,Gaibandha,281389.0,294836.0,2.589,2018,2,
Aman,2016-17,BD5532,Gaibandha,279320.0,291596.0,2.58,2019,2,
Aman,2017-18,BD5532,Gaibandha,289860.0,315190.0,2.687,2020,2,
Aman,2018-19,BD5532,Gaibandha,309626.0,349760.0,2.791,2021,2,
Aman,2019-20,BD5532,Gaibandha,312713.0,340664.0,2.692,2021,1,
Aman,2020-21,BD5532,Gaibandha,293991.0,331227.0,2.784,2022,1,
Aman,2021-22,BD5532,Gaibandha,306564.0,307710.0,2.48,2023,2,
Aman,2022-23,BD5532,Gaibandha,314879.0,324723.0,2.548,2024,2,
Aman,2023-24,BD5532,Gaibandha,314202.0,363144.0,2.856,2025,2,
Aman,2024-25,BD5532,Gaibandha,303005.0,339508.0,2.769,2025,1,
Aman,2013-14,BD3033,Gazipur,104706.0,97502.0,2.301,2016,1,
Aman,2014-15,BD3033,Gazipur,103869.0,101542.0,2.416,2017,2,
Aman,2015-16,BD3033,Gazipur,103163.0,95483.0,2.287,2018,2,
Aman,2016-17,BD3033,Gazipur,103172.0,97465.0,2.334,2019,2,
Aman,2017-18,BD3033,Gazipur,105027.0,112721.0,2.652,2020,2,
Aman,2018-19,BD3033,Gazipur,108392.0,116674.0,2.66,2021,2,
Aman,2019-20,BD3033,Gazipur,105438.0,116198.0,2.723,2021,1,
Aman,2020-21,BD3033,Gazipur,112432.0,133334.0,2.93,2022,1,
Aman,2021-22,BD3033,Gazipur,108468.0,131623.0,2.999,2023,2,
Aman,2022-23,BD3033,Gazipur,108581.0,110417.0,2.513,2024,2,
Aman,2023-24,BD3033,Gazipur,103013.0,122702.0,2.943,2025,2,
Aman,2024-25,BD3033,Gazipur,102837.0,115428.0,2.774,2025,1,
Aman,2013-14,BD3035,Gopalganj,43006.0,21450.0,1.232,2016,1,
Aman,2014-15,BD3035,Gopalganj,54197.0,29274.0,1.335,2017,2,
Aman,2015-16,BD3035,Gopalganj,54772.0,28836.0,1.301,2018,2,
Aman,2016-17,BD3035,Gopalganj,61727.0,33654.0,1.347,2019,2,
Aman,2017-18,BD3035,Gopalganj,68153.0,46599.0,1.69,2020,2,
Aman,2018-19,BD3035,Gopalganj,65828.0,40506.0,1.521,2021,2,
Aman,2019-20,BD3035,Gopalganj,79698.0,61972.0,1.921,2021,1,
Aman,2020-21,BD3035,Gopalganj,59993.0,45111.0,1.858,2022,1,
Aman,2021-22,BD3035,Gopalganj,56699.0,40366.0,1.759,2023,2,
Aman,2022-23,BD3035,Gopalganj,54636.0,39488.0,1.786,2024,2,
Aman,2023-24,BD3035,Gopalganj,61544.0,54812.0,2.201,2025,2,
Aman,2024-25,BD3035,Gopalganj,58540.0,52722.0,2.225,2025,1,
Aman,2013-14,BD6036,Habiganj,207691.0,195879.0,2.331,2016,1,
Aman,2014-15,BD6036,Habiganj,227794.0,190599.0,2.068,2017,2,
Aman,2015-16,BD6036,Habiganj,235916.0,199483.0,2.089,2018,2,
Aman,2016-17,BD6036,Habiganj,238205.0,201652.0,2.092,2019,2,
Aman,2017-18,BD6036,Habiganj,252052.0,243682.0,2.389,2020,2,
Aman,2018-19,BD6036,Habiganj,253580.0,256459.0,2.499,2021,2,
Aman,2019-20,BD6036,Habiganj,232141.0,249447.0,2.655,2021,1,
Aman,2020-21,BD6036,Habiganj,245464.0,261337.0,2.631,2022,1,
Aman,2021-22,BD6036,Habiganj,239978.0,228037.0,2.348,2023,2,
Aman,2022-23,BD6036,Habiganj,218068.0,234315.0,2.655,2024,2,
Aman,2023-24,BD6036,Habiganj,223781.0,272564.0,3.01,2025,2,
Aman,2024-25,BD6036,Habiganj,217988.0,276862.0,3.138,2025,1,
Aman,2013-14,BD4539,Jamalpur,265882.0,251298.0,2.336,2016,1,
Aman,2014-15,BD4539,Jamalpur,207753.0,214042.0,2.546,2017,2,
Aman,2015-16,BD4539,Jamalpur,229371.0,232817.0,2.508,2018,2,
Aman,2016-17,BD4539,Jamalpur,242611.0,239048.0,2.435,2019,2,
Aman,2017-18,BD4539,Jamalpur,246813.0,245328.0,2.456,2020,2,
Aman,2018-19,BD4539,Jamalpur,254033.0,245755.0,2.391,2021,2,
Aman,2019-20,BD4539,Jamalpur,261767.0,250458.0,2.364,2021,1,
Aman,2020-21,BD4539,Jamalpur,265787.0,253428.0,2.356,2022,1,
Aman,2021-22,BD4539,Jamalpur,265851.0,258595.0,2.404,2023,2,
Aman,2022-23,BD4539,Jamalpur,273420.0,282125.0,2.55,2024,2,
Aman,2023-24,BD4539,Jamalpur,275315.0,349220.0,3.134,2025,2,
Aman,2024-25,BD4539,Jamalpur,281624.0,320963.0,2.816,2025,1,
Aman,2013-14,BD4041,Jashore,325438.0,317704.0,2.412,2016,1,
Aman,2014-15,BD4041,Jashore,322696.0,338975.0,2.596,2017,2,
Aman,2015-16,BD4041,Jashore,316657.0,335780.0,2.62,2018,2,
Aman,2016-17,BD4041,Jashore,304232.0,346090.0,2.811,2019,2,
Aman,2017-18,BD4041,Jashore,311445.0,354584.0,2.813,2020,2,
Aman,2018-19,BD4041,Jashore,311921.0,364433.0,2.887,2021,2,
Aman,2019-20,BD4041,Jashore,325657.0,411518.0,3.123,2021,1,
Aman,2020-21,BD4041,Jashore,338887.0,388688.0,2.834,2022,1,
Aman,2021-22,BD4041,Jashore,339795.0,393267.0,2.86,2023,2,
Aman,2022-23,BD4041,Jashore,346394.0,406070.0,2.897,2024,2,
Aman,2023-24,BD4041,Jashore,343202.0,420397.0,3.027,2025,2,
Aman,2024-25,BD4041,Jashore,334357.0,443333.0,3.276,2025,1,
Aman,2013-14,BD1042,Jhalokati,106325.0,62868.0,1.461,2016,1,
Aman,2014-15,BD1042,Jhalokati,110082.0,77925.0,1.749,2017,2,
Aman,2015-16,BD1042,Jhalokati,110928.0,78186.0,1.742,2018,2,
Aman,2016-17,BD1042,Jhalokati,114194.0,81058.0,1.754,2019,2,
Aman,2017-18,BD1042,Jhalokati,124791.0,74752.0,1.48,2020,2,
Aman,2018-19,BD1042,Jhalokati,117242.0,73084.0,1.54,2021,2,
Aman,2019-20,BD1042,Jhalokati,118050.0,95646.0,2.002,2021,1,
Aman,2020-21,BD1042,Jhalokati,116665.0,92688.0,1.963,2022,1,
Aman,2021-22,BD1042,Jhalokati,116760.0,90990.0,1.926,2023,2,
Aman,2022-23,BD1042,Jhalokati,114470.0,98815.0,2.133,2024,2,
Aman,2023-24,BD1042,Jhalokati,111489.0,99603.0,2.208,2025,2,
Aman,2024-25,BD1042,Jhalokati,111061.0,83442.0,1.857,2025,1,
Aman,2013-14,BD4044,Jhenaidah,207138.0,251848.0,3.004,2016,1,
Aman,2014-15,BD4044,Jhenaidah,211994.0,241220.0,2.812,2017,2,
Aman,2015-16,BD4044,Jhenaidah,212414.0,246120.0,2.863,2018,2,
Aman,2016-17,BD4044,Jhenaidah,218617.0,266486.0,3.012,2019,2,
Aman,2017-18,BD4044,Jhenaidah,245042.0,277486.0,2.798,2020,2,
Aman,2018-19,BD4044,Jhenaidah,244731.0,282094.0,2.848,2021,2,
Aman,2019-20,BD4044,Jhenaidah,252018.0,306203.0,3.002,2021,1,
Aman,2020-21,BD4044,Jhenaidah,252930.0,346395.0,3.384,2022,1,
Aman,2021-22,BD4044,Jhenaidah,253361.0,349542.0,3.409,2023,2,
Aman,2022-23,BD4044,Jhenaidah,255067.0,346087.0,3.353,2024,2,
Aman,2023-24,BD4044,Jhenaidah,255165.0,356574.0,3.453,2025,2,
Aman,2024-25,BD4044,Jhenaidah,262514.0,363491.0,3.422,2025,1,
Aman,2013-14,BD5038,Joypurhat,166687.0,186971.0,2.772,2016,1,
Aman,2014-15,BD5038,Joypurhat,166204.0,188077.0,2.796,2017,2,
Aman,2015-16,BD5038,Joypurhat,174044.0,200202.0,2.842,2018,2,
Aman,2016-17,BD5038,Joypurhat,174639.0,201989.0,2.858,2019,2,
Aman,2017-18,BD5038,Joypurhat,174633.0,198125.0,2.803,2020,2,
Aman,2018-19,BD5038,Joypurhat,187872.0,218127.0,2.869,2021,2,
Aman,2019-20,BD5038,Joypurhat,187572.0,215263.0,2.836,2021,1,
Aman,2020-21,BD5038,Joypurhat,170726.0,194274.0,2.812,2022,1,
Aman,2021-22,BD5038,Joypurhat,168769.0,197141.0,2.886,2023,2,
Aman,2022-23,BD5038,Joypurhat,165021.0,194686.0,2.915,2024,2,
Aman,2023-24,BD5038,Joypurhat,165358.0,206671.0,3.088,2025,2,
Aman,2024-25,BD5038,Joypurhat,170950.0,206503.0,2.985,2025,1,
Aman,2013-14,BD2046,Khagrachhari,67204.0,78135.0,2.873,2016,1,
Aman,2014-15,BD2046,Khagrachhari,68359.0,78366.0,2.833,2017,2,
Aman,2015-16,BD2046,Khagrachhari,68613.0,78770.0,2.837,2018,2,
Aman,2016-17,BD2046,Khagrachhari,65463.0,74922.0,2.828,2019,2,
Aman,2017-18,BD2046,Khagrachhari,69603.0,76493.0,2.716,2020,2,
Aman,2018-19,BD2046,Khagrachhari,66123.0,72981.0,2.727,2021,2,
Aman,2019-20,BD2046,Khagrachhari,67042.0,79770.0,2.94,2021,1,
Aman,2020-21,BD2046,Khagrachhari,66694.0,86994.0,3.223,2022,1,
Aman,2021-22,BD2046,Khagrachhari,67542.0,83300.0,3.048,2023,2,
Aman,2022-23,BD2046,Khagrachhari,67706.0,89872.0,3.28,2024,2,
Aman,2023-24,BD2046,Khagrachhari,67710.0,90838.0,3.315,2025,2,
Aman,2024-25,BD2046,Khagrachhari,67602.0,89555.0,3.273,2025,1,
Aman,2013-14,BD4047,Khulna,239487.0,250786.0,2.588,2016,1,
Aman,2014-15,BD4047,Khulna,247129.0,255133.0,2.551,2017,2,
Aman,2015-16,BD4047,Khulna,242928.0,250580.0,2.549,2018,2,
Aman,2016-17,BD4047,Khulna,233655.0,237373.0,2.51,2019,2,
Aman,2017-18,BD4047,Khulna,235483.0,196908.0,2.066,2020,2,
Aman,2018-19,BD4047,Khulna,236253.0,224346.0,2.347,2021,2,
Aman,2019-20,BD4047,Khulna,235275.0,249714.0,2.623,2021,1,
Aman,2020-21,BD4047,Khulna,237461.0,266182.0,2.77,2022,1,
Aman,2021-22,BD4047,Khulna,237733.0,241087.0,2.506,2023,2,
Aman,2022-23,BD4047,Khulna,241281.0,254569.0,2.607,2024,2,
Aman,2023-24,BD4047,Khulna,238629.0,272108.0,2.818,2025,2,
Aman,2024-25,BD4047,Khulna,222493.0,237959.0,2.643,2025,1,
Aman,2013-14,BD3048,Kishoreganj,181400.0,175719.0,2.394,2016,1,
Aman,2014-15,BD3048,Kishoreganj,184012.0,188211.0,2.527,2017,2,
Aman,2015-16,BD3048,Kishoreganj,193708.0,202701.0,2.586,2018,2,
Aman,2016-17,BD3048,Kishoreganj,190364.0,198538.0,2.577,2019,2,
Aman,2017-18,BD3048,Kishoreganj,190324.0,212526.0,2.759,2020,2,
Aman,2018-19,BD3048,Kishoreganj,175299.0,196690.0,2.773,2021,2,
Aman,2019-20,BD3048,Kishoreganj,172372.0,201807.0,2.893,2021,1,
Aman,2020-21,BD3048,Kishoreganj,186328.0,215828.0,2.862,2022,1,
Aman,2021-22,BD3048,Kishoreganj,187274.0,208251.0,2.748,2023,2,
Aman,2022-23,BD3048,Kishoreganj,191379.0,228851.0,2.955,2024,2,
Aman,2023-24,BD3048,Kishoreganj,179444.0,227134.0,3.128,2025,2,
Aman,2024-25,BD3048,Kishoreganj,185343.0,229400.0,3.058,2025,1,
Aman,2013-14,BD5549,Kurigram,267999.0,240339.0,2.216,2016,1,
Aman,2014-15,BD5549,Kurigram,256283.0,244592.0,2.358,2017,2,
Aman,2015-16,BD5549,Kurigram,252103.0,243803.0,2.39,2018,2,
Aman,2016-17,BD5549,Kurigram,249849.0,247025.0,2.443,2019,2,
Aman,2017-18,BD5549,Kurigram,284367.0,302921.0,2.632,2020,2,
Aman,2018-19,BD5549,Kurigram,286905.0,314620.0,2.71,2021,2,
Aman,2019-20,BD5549,Kurigram,271768.0,306961.0,2.791,2021,1,
Aman,2020-21,BD5549,Kurigram,283509.0,312446.0,2.723,2022,1,
Aman,2021-22,BD5549,Kurigram,290358.0,327842.0,2.79,2023,2,
Aman,2022-23,BD5549,Kurigram,296358.0,349358.0,2.913,2024,2,
Aman,2023-24,BD5549,Kurigram,296768.0,376512.0,3.135,2025,2,
Aman,2024-25,BD5549,Kurigram,297667.0,413925.0,3.436,2025,1,
Aman,2013-14,BD4050,Kushtia,183789.0,188019.0,2.528,2016,1,
Aman,2014-15,BD4050,Kushtia,196630.0,207546.0,2.608,2017,2,
Aman,2015-16,BD4050,Kushtia,200364.0,215344.0,2.656,2018,2,
Aman,2016-17,BD4050,Kushtia,204057.0,226393.0,2.742,2019,2,
Aman,2017-18,BD4050,Kushtia,208652.0,232075.0,2.748,2020,2,
Aman,2018-19,BD4050,Kushtia,209143.0,241348.0,2.852,2021,2,
Aman,2019-20,BD4050,Kushtia,215084.0,274685.0,3.156,2021,1,
Aman,2020-21,BD4050,Kushtia,225972.0,271251.0,2.966,2022,1,
Aman,2021-22,BD4050,Kushtia,218893.0,266835.0,3.012,2023,2,
Aman,2022-23,BD4050,Kushtia,216289.0,271055.0,3.097,2024,2,
Aman,2023-24,BD4050,Kushtia,216391.0,284346.0,3.247,2025,2,
Aman,2024-25,BD4050,Kushtia,214445.0,278525.0,3.209,2025,1,
Aman,2013-14,BD2051,Lakshmipur,207166.0,194512.0,2.32,2016,1,
Aman,2014-15,BD2051,Lakshmipur,204593.0,202248.0,2.443,2017,2,
Aman,2015-16,BD2051,Lakshmipur,210508.0,205261.0,2.409,2018,2,
Aman,2016-17,BD2051,Lakshmipur,207018.0,210042.0,2.507,2019,2,
Aman,2017-18,BD2051,Lakshmipur,191794.0,202428.0,2.608,2020,2,
Aman,2018-19,BD2051,Lakshmipur,179248.0,185273.0,2.554,2021,2,
Aman,2019-20,BD2051,Lakshmipur,195707.0,190885.0,2.41,2021,1,
Aman,2020-21,BD2051,Lakshmipur,185213.0,195078.0,2.603,2022,1,
Aman,2021-22,BD2051,Lakshmipur,187521.0,204188.0,2.691,2023,2,
Aman,2022-23,BD2051,Lakshmipur,187771.0,205715.0,2.707,2024,2,
Aman,2023-24,BD2051,Lakshmipur,187858.0,217373.0,2.859,2025,2,
Aman,2024-25,BD2051,Lakshmipur,178031.0,199953.0,2.775,2025,1,
Aman,2013-14,BD5552,Lalmonirhat,192218.0,205795.0,2.646,2016,1,
Aman,2014-15,BD5552,Lalmonirhat,191750.0,211545.0,2.726,2017,2,
Aman,2015-16,BD5552,Lalmonirhat,197889.0,219862.0,2.745,2018,2,
Aman,2016-17,BD5552,Lalmonirhat,202029.0,230719.0,2.822,2019,2,
Aman,2017-18,BD5552,Lalmonirhat,208833.0,236528.0,2.799,2020,2,
Aman,2018-19,BD5552,Lalmonirhat,206199.0,239059.0,2.865,2021,2,
Aman,2019-20,BD5552,Lalmonirhat,206129.0,241070.0,2.89,2021,1,
Aman,2020-21,BD5552,Lalmonirhat,189950.0,216764.0,2.82,2022,1,
Aman,2021-22,BD5552,Lalmonirhat,212729.0,245313.0,2.85,2023,2,
Aman,2022-23,BD5552,Lalmonirhat,211057.0,266260.0,3.117,2024,2,
Aman,2023-24,BD5552,Lalmonirhat,213445.0,276232.0,3.198,2025,2,
Aman,2024-25,BD5552,Lalmonirhat,213494.0,309067.0,3.577,2025,1,
Aman,2013-14,BD3054,Madaripur,55938.0,31882.0,1.408,2016,1,
Aman,2014-15,BD3054,Madaripur,60917.0,36743.0,1.49,2017,2,
Aman,2015-16,BD3054,Madaripur,63860.0,39225.0,1.518,2018,2,
Aman,2016-17,BD3054,Madaripur,63862.0,41806.0,1.618,2019,2,
Aman,2017-18,BD3054,Madaripur,65511.0,46016.0,1.736,2020,2,
Aman,2018-19,BD3054,Madaripur,65392.0,43480.0,1.643,2021,2,
Aman,2019-20,BD3054,Madaripur,55126.0,41183.0,1.846,2021,1,
Aman,2020-21,BD3054,Madaripur,40746.0,33832.0,2.052,2022,1,
Aman,2021-22,BD3054,Madaripur,43330.0,33902.0,1.933,2023,2,
Aman,2022-23,BD3054,Madaripur,61800.0,52219.0,2.088,2024,2,
Aman,2023-24,BD3054,Madaripur,65714.0,60105.0,2.26,2025,2,
Aman,2024-25,BD3054,Madaripur,71244.0,61407.0,2.13,2025,1,
Aman,2013-14,BD4055,Magura,134596.0,125844.0,2.31,2016,1,
Aman,2014-15,BD4055,Magura,140570.0,145287.0,2.554,2017,2,
Aman,2015-16,BD4055,Magura,134591.0,141809.0,2.604,2018,2,
Aman,2016-17,BD4055,Magura,142050.0,151739.0,2.64,2019,2,
Aman,2017-18,BD4055,Magura,145091.0,160884.0,2.74,2020,2,
Aman,2018-19,BD4055,Magura,141794.0,154063.0,2.685,2021,2,
Aman,2019-20,BD4055,Magura,142570.0,167927.0,2.911,2021,1,
Aman,2020-21,BD4055,Magura,143430.0,152415.0,2.626,2022,1,
Aman,2021-22,BD4055,Magura,142443.0,151223.0,2.623,2023,2,
Aman,2022-23,BD4055,Magura,151884.0,168913.0,2.748,2024,2,
Aman,2023-24,BD4055,Magura,152771.0,185077.0,2.994,2025,2,
Aman,2024-25,BD4055,Magura,152647.0,192125.0,3.11,2025,1,
Aman,2013-14,BD3056,Manikganj,81215.0,39699.0,1.208,2016,1,
Aman,2014-15,BD3056,Manikganj,98733.0,52046.0,1.303,2017,2,
Aman,2015-16,BD3056,Manikganj,97709.0,53141.0,1.344,2018,2,
Aman,2016-17,BD3056,Manikganj,50925.0,26348.0,1.278,2019,2,
Aman,2017-18,BD3056,Manikganj,96104.0,47884.0,1.231,2020,2,
Aman,2018-19,BD3056,Manikganj,86197.0,45328.0,1.299,2021,2,
Aman,2019-20,BD3056,Manikganj,52947.0,45294.0,2.114,2021,1,
Aman,2020-21,BD3056,Manikganj,19457.0,17897.0,2.273,2022,1,
Aman,2021-22,BD3056,Manikganj,83496.0,48722.0,1.442,2023,2,
Aman,2022-23,BD3056,Manikganj,89077.0,52506.0,1.457,2024,2,
Aman,2023-24,BD3056,Manikganj,89942.0,56340.0,1.548,2025,2,
Aman,2024-25,BD3056,Manikganj,79706.0,58235.0,1.805,2025,1,
Aman,2013-14,BD4057,Meherpur,58241.0,61566.0,2.612,2016,1,
Aman,2014-15,BD4057,Meherpur,58717.0,70650.0,2.973,2017,2,
Aman,2015-16,BD4057,Meherpur,60597.0,73810.0,3.01,2018,2,
Aman,2016-17,BD4057,Meherpur,59230.0,72618.0,3.03,2019,2,
Aman,2017-18,BD4057,Meherpur,63334.0,71573.0,2.793,2020,2,
Aman,2018-19,BD4057,Meherpur,62593.0,69537.0,2.745,2021,2,
Aman,2019-20,BD4057,Meherpur,63458.0,69711.0,2.715,2021,1,
Aman,2020-21,BD4057,Meherpur,82524.0,105565.0,3.161,2022,1,
Aman,2021-22,BD4057,Meherpur,63909.0,79248.0,3.064,2023,2,
Aman,2022-23,BD4057,Meherpur,63448.0,78605.0,3.061,2024,2,
Aman,2023-24,BD4057,Meherpur,63846.0,82868.0,3.207,2025,2,
Aman,2024-25,BD4057,Meherpur,63826.0,82210.0,3.183,2025,1,
Aman,2013-14,BD6058,Moulvibazar,249572.0,263539.0,2.609,2016,1,
Aman,2014-15,BD6058,Moulvibazar,227241.0,227829.0,2.477,2017,2,
Aman,2015-16,BD6058,Moulvibazar,238563.0,246845.0,2.557,2018,2,
Aman,2016-17,BD6058,Moulvibazar,244246.0,254963.0,2.579,2019,2,
Aman,2017-18,BD6058,Moulvibazar,241896.0,265917.0,2.716,2020,2,
Aman,2018-19,BD6058,Moulvibazar,259729.0,301451.0,2.868,2021,2,
Aman,2019-20,BD6058,Moulvibazar,255298.0,285454.0,2.763,2021,1,
Aman,2020-21,BD6058,Moulvibazar,251081.0,296432.0,2.917,2022,1,
Aman,2021-22,BD6058,Moulvibazar,249890.0,296319.0,2.93,2023,2,
Aman,2022-23,BD6058,Moulvibazar,250602.0,309089.0,3.048,2024,2,
Aman,2023-24,BD6058,Moulvibazar,252060.0,325077.0,3.187,2025,2,
Aman,2024-25,BD6058,Moulvibazar,244599.0,333741.0,3.372,2025,1,
Aman,2013-14,BD3059,Munshiganj,34972.0,16474.0,1.164,2016,1,
Aman,2014-15,BD3059,Munshiganj,47162.0,22886.0,1.199,2017,2,
Aman,2015-16,BD3059,Munshiganj,48966.0,21822.0,1.101,2018,2,
Aman,2016-17,BD3059,Munshiganj,50273.0,22614.0,1.112,2019,2,
Aman,2017-18,BD3059,Munshiganj,51263.0,19809.0,0.955,2020,2,
Aman,2018-19,BD3059,Munshiganj,50877.0,20772.0,1.009,2021,2,
Aman,2019-20,BD3059,Munshiganj,45597.0,14579.0,0.79,2021,1,
Aman,2020-21,BD3059,Munshiganj,41822.0,16453.0,0.972,2022,1,
Aman,2021-22,BD3059,Munshiganj,49161.0,20553.0,1.033,2023,2,
Aman,2022-23,BD3059,Munshiganj,47943.0,20341.0,1.048,2024,2,
Aman,2023-24,BD3059,Munshiganj,48509.0,22990.0,1.171,2025,2,
Aman,2024-25,BD3059,Munshiganj,49844.0,24418.0,1.211,2025,1,
Aman,2013-14,BD4561,Mymensingh,634684.0,563878.0,2.195,2016,1,
Aman,2014-15,BD4561,Mymensingh,638900.0,636761.0,2.463,2017,2,
Aman,2015-16,BD4561,Mymensingh,641305.0,647789.0,2.496,2018,2,
Aman,2016-17,BD4561,Mymensingh,645413.0,646505.0,2.475,2019,2,
Aman,2017-18,BD4561,Mymensingh,640114.0,677160.0,2.614,2020,2,
Aman,2018-19,BD4561,Mymensingh,661952.0,648376.0,2.42,2021,2,
Aman,2019-20,BD4561,Mymensingh,650565.0,641818.0,2.438,2021,1,
Aman,2020-21,BD4561,Mymensingh,663734.0,644590.0,2.4,2022,1,
Aman,2021-22,BD4561,Mymensingh,657852.0,688148.0,2.585,2023,2,
Aman,2022-23,BD4561,Mymensingh,644049.0,692344.0,2.656,2024,2,
Aman,2023-24,BD4561,Mymensingh,624410.0,716181.0,2.834,2025,2,
Aman,2024-25,BD4561,Mymensingh,634522.0,720563.0,2.806,2025,1,
Aman,2013-14,BD5064,Naogaon,504481.0,579316.0,2.838,2016,1,
Aman,2014-15,BD5064,Naogaon,527641.0,605457.0,2.835,2017,2,
Aman,2015-16,BD5064,Naogaon,513702.0,587366.0,2.825,2018,2,
Aman,2016-17,BD5064,Naogaon,503787.0,591670.0,2.902,2019,2,
Aman,2017-18,BD5064,Naogaon,405636.0,430561.0,2.623,2020,2,
Aman,2018-19,BD5064,Naogaon,402752.0,443820.0,2.723,2021,2,
Aman,2019-20,BD5064,Naogaon,415743.0,482854.0,2.87,2021,1,
Aman,2020-21,BD5064,Naogaon,468054.0,506606.0,2.675,2022,1,
Aman,2021-22,BD5064,Naogaon,482970.0,543087.0,2.779,2023,2,
Aman,2022-23,BD5064,Naogaon,486779.0,545877.0,2.771,2024,2,
Aman,2023-24,BD5064,Naogaon,481000.0,583283.0,2.997,2025,2,
Aman,2024-25,BD5064,Naogaon,485460.0,625784.0,3.185,2025,1,
Aman,2013-14,BD4065,Narail,87304.0,63136.0,1.787,2016,1,
Aman,2014-15,BD4065,Narail,87207.0,71785.0,2.034,2017,2,
Aman,2015-16,BD4065,Narail,79935.0,66544.0,2.057,2018,2,
Aman,2016-17,BD4065,Narail,82319.0,70822.0,2.126,2019,2,
Aman,2017-18,BD4065,Narail,98782.0,96273.0,2.408,2020,2,
Aman,2018-19,BD4065,Narail,96890.0,85418.0,2.178,2021,2,
Aman,2019-20,BD4065,Narail,103620.0,103685.0,2.473,2021,1,
Aman,2020-21,BD4065,Narail,85229.0,91033.0,2.639,2022,1,
Aman,2021-22,BD4065,Narail,103288.0,112480.0,2.691,2023,2,
Aman,2022-23,BD4065,Narail,101308.0,110718.0,2.701,2024,2,
Aman,2023-24,BD4065,Narail,104343.0,125164.0,2.964,2025,2,
Aman,2024-25,BD4065,Narail,104439.0,114011.0,2.698,2025,1,
Aman,2013-14,BD3067,Narayanganj,26321.0,13714.0,1.287,2016,1,
Aman,2014-15,BD3067,Narayanganj,23098.0,12516.0,1.339,2017,2,
Aman,2015-16,BD3067,Narayanganj,17192.0,9945.0,1.429,2018,2,
Aman,2016-17,BD3067,Narayanganj,23639.0,13100.0,1.369,2019,2,
Aman,2017-18,BD3067,Narayanganj,26893.0,16627.0,1.528,2020,2,
Aman,2018-19,BD3067,Narayanganj,26236.0,16118.0,1.518,2021,2,
Aman,2019-20,BD3067,Narayanganj,23508.0,12005.0,1.262,2021,1,
Aman,2020-21,BD3067,Narayanganj,19756.0,10831.0,1.355,2022,1,
Aman,2021-22,BD3067,Narayanganj,18146.0,10682.0,1.455,2023,2,
Aman,2022-23,BD3067,Narayanganj,15278.0,9700.0,1.569,2024,2,
Aman,2023-24,BD3067,Narayanganj,14009.0,9406.0,1.659,2025,2,
Aman,2024-25,BD3067,Narayanganj,13881.0,10048.0,1.789,2025,1,
Aman,2013-14,BD3068,Narsingdi,101441.0,88303.0,2.151,2016,1,
Aman,2014-15,BD3068,Narsingdi,97029.0,91527.0,2.331,2017,2,
Aman,2015-16,BD3068,Narsingdi,89038.0,79512.0,2.207,2018,2,
Aman,2016-17,BD3068,Narsingdi,88786.0,80294.0,2.235,2019,2,
Aman,2017-18,BD3068,Narsingdi,102509.0,102605.0,2.473,2020,2,
Aman,2018-19,BD3068,Narsingdi,100231.0,101431.0,2.501,2021,2,
Aman,2019-20,BD3068,Narsingdi,92198.0,106477.0,2.854,2021,1,
Aman,2020-21,BD3068,Narsingdi,97752.0,101595.0,2.568,2022,1,
Aman,2021-22,BD3068,Narsingdi,95894.0,105696.0,2.724,2023,2,
Aman,2022-23,BD3068,Narsingdi,94209.0,102648.0,2.692,2024,2,
Aman,2023-24,BD3068,Narsingdi,95854.0,113961.0,2.938,2025,2,
Aman,2024-25,BD3068,Narsingdi,95840.0,106414.0,2.744,2025,1,
Aman,2013-14,BD5069,Natore,181621.0,163500.0,2.225,2016,1,
Aman,2014-15,BD5069,Natore,180457.0,174355.0,2.387,2017,2,
Aman,2015-16,BD5069,Natore,187909.0,186447.0,2.452,2018,2,
Aman,2016-17,BD5069,Natore,194805.0,200055.0,2.538,2019,2,
Aman,2017-18,BD5069,Natore,183165.0,183520.0,2.476,2020,2,
Aman,2018-19,BD5069,Natore,191156.0,191444.0,2.475,2021,2,
Aman,2019-20,BD5069,Natore,191114.0,190846.0,2.468,2021,1,
Aman,2020-21,BD5069,Natore,182696.0,204517.0,2.766,2022,1,
Aman,2021-22,BD5069,Natore,209602.0,237011.0,2.794,2023,2,
Aman,2022-23,BD5069,Natore,215033.0,241485.0,2.775,2024,2,
Aman,2023-24,BD5069,Natore,217885.0,259457.0,2.943,2025,2,
Aman,2024-25,BD5069,Natore,220949.0,279767.0,3.129,2025,1,
Aman,2013-14,BD4572,Netrakona,346639.0,315133.0,2.246,2016,1,
Aman,2014-15,BD4572,Netrakona,304282.0,287835.0,2.337,2017,2,
Aman,2015-16,BD4572,Netrakona,340452.0,328128.0,2.382,2018,2,
Aman,2016-17,BD4572,Netrakona,338049.0,323319.0,2.363,2019,2,
Aman,2017-18,BD4572,Netrakona,302450.0,300282.0,2.453,2020,2,
Aman,2018-19,BD4572,Netrakona,319577.0,293442.0,2.269,2021,2,
Aman,2019-20,BD4572,Netrakona,320727.0,323084.0,2.489,2021,1,
Aman,2020-21,BD4572,Netrakona,301949.0,329444.0,2.696,2022,1,
Aman,2021-22,BD4572,Netrakona,321724.0,353269.0,2.713,2023,2,
Aman,2022-23,BD4572,Netrakona,323714.0,365289.0,2.788,2024,2,
Aman,2023-24,BD4572,Netrakona,306223.0,370957.0,2.993,2025,2,
Aman,2024-25,BD4572,Netrakona,284254.0,367644.0,3.196,2025,1,
Aman,2013-14,BD5573,Nilphamari,260619.0,276585.0,2.622,2016,1,
Aman,2014-15,BD5573,Nilphamari,263626.0,302918.0,2.839,2017,2,
Aman,2015-16,BD5573,Nilphamari,267200.0,297497.0,2.751,2018,2,
Aman,2016-17,BD5573,Nilphamari,267532.0,301775.0,2.787,2019,2,
Aman,2017-18,BD5573,Nilphamari,276289.0,317680.0,2.841,2020,2,
Aman,2018-19,BD5573,Nilphamari,277937.0,338997.0,3.014,2021,2,
Aman,2019-20,BD5573,Nilphamari,252841.0,268343.0,2.623,2021,1,
Aman,2020-21,BD5573,Nilphamari,279580.0,308476.0,2.726,2022,1,
Aman,2021-22,BD5573,Nilphamari,277162.0,305469.0,2.723,2023,2,
Aman,2022-23,BD5573,Nilphamari,279346.0,315608.0,2.792,2024,2,
Aman,2023-24,BD5573,Nilphamari,279503.0,362111.0,3.201,2025,2,
Aman,2024-25,BD5573,Nilphamari,279602.0,367158.0,3.245,2025,1,
Aman,2013-14,BD2075,Noakhali,306912.0,235917.0,1.899,2016,1,
Aman,2014-15,BD2075,Noakhali,313536.0,248264.0,1.957,2017,2,
Aman,2015-16,BD2075,Noakhali,312013.0,238614.0,1.89,2018,2,
Aman,2016-17,BD2075,Noakhali,314116.0,253264.0,1.992,2019,2,
Aman,2017-18,BD2075,Noakhali,357450.0,324630.0,2.244,2020,2,
Aman,2018-19,BD2075,Noakhali,363746.0,328736.0,2.233,2021,2,
Aman,2019-20,BD2075,Noakhali,373322.0,359150.0,2.377,2021,1,
Aman,2020-21,BD2075,Noakhali,382971.0,395848.0,2.554,2022,1,
Aman,2021-22,BD2075,Noakhali,372889.0,395982.0,2.624,2023,2,
Aman,2022-23,BD2075,Noakhali,394742.0,433644.0,2.715,2024,2,
Aman,2023-24,BD2075,Noakhali,395487.0,441874.0,2.761,2025,2,
Aman,2024-25,BD2075,Noakhali,327773.0,339920.0,2.563,2025,1,
Aman,2013-14,BD5076,Pabna,195229.0,166802.0,2.111,2016,1,
Aman,2014-15,BD5076,Pabna,220886.0,190075.0,2.126,2017,2,
Aman,2015-16,BD5076,Pabna,227524.0,194335.0,2.111,2018,2,
Aman,2016-17,BD5076,Pabna,226205.0,196395.0,2.145,2019,2,
Aman,2017-18,BD5076,Pabna,234080.0,204045.0,2.154,2020,2,
Aman,2018-19,BD5076,Pabna,219841.0,193696.0,2.177,2021,2,
Aman,2019-20,BD5076,Pabna,171440.0,177425.0,2.557,2021,1,
Aman,2020-21,BD5076,Pabna,221929.0,192384.0,2.142,2022,1,
Aman,2021-22,BD5076,Pabna,222516.0,196169.0,2.178,2023,2,
Aman,2022-23,BD5076,Pabna,217338.0,195233.0,2.22,2024,2,
Aman,2023-24,BD5076,Pabna,221456.0,211690.0,2.362,2025,2,
Aman,2024-25,BD5076,Pabna,220423.0,215939.0,2.421,2025,1,
Aman,2013-14,BD5577,Panchagarh,231901.0,246586.0,2.628,2016,1,
Aman,2014-15,BD5577,Panchagarh,228474.0,250306.0,2.707,2017,2,
Aman,2015-16,BD5577,Panchagarh,225727.0,251912.0,2.758,2018,2,
Aman,2016-17,BD5577,Panchagarh,227466.0,257502.0,2.797,2019,2,
Aman,2017-18,BD5577,Panchagarh,240908.0,270411.0,2.774,2020,2,
Aman,2018-19,BD5577,Panchagarh,238585.0,285975.0,2.962,2021,2,
Aman,2019-20,BD5577,Panchagarh,249511.0,275851.0,2.732,2021,1,
Aman,2020-21,BD5577,Panchagarh,246162.0,306853.0,3.08,2022,1,
Aman,2021-22,BD5577,Panchagarh,246585.0,307689.0,3.083,2023,2,
Aman,2022-23,BD5577,Panchagarh,246800.0,316596.0,3.17,2024,2,
Aman,2023-24,BD5577,Panchagarh,246567.0,330507.0,3.312,2025,2,
Aman,2024-25,BD5577,Panchagarh,246623.0,357655.0,3.584,2025,1,
Aman,2013-14,BD1078,Patuakhali,500714.0,350174.0,1.728,2016,1,
Aman,2014-15,BD1078,Patuakhali,502777.0,358070.0,1.76,2017,2,
Aman,2015-16,BD1078,Patuakhali,501477.0,383024.0,1.887,2018,2,
Aman,2016-17,BD1078,Patuakhali,507732.0,395482.0,1.925,2019,2,
Aman,2017-18,BD1078,Patuakhali,497217.0,383054.0,1.904,2020,2,
Aman,2018-19,BD1078,Patuakhali,422852.0,323902.0,1.893,2021,2,
Aman,2019-20,BD1078,Patuakhali,420939.0,337294.0,1.98,2021,1,
Aman,2020-21,BD1078,Patuakhali,431833.0,323592.0,1.852,2022,1,
Aman,2021-22,BD1078,Patuakhali,464161.0,388012.0,2.066,2023,2,
Aman,2022-23,BD1078,Patuakhali,463738.0,389671.0,2.076,2024,2,
Aman,2023-24,BD1078,Patuakhali,465365.0,434422.0,2.307,2025,2,
Aman,2024-25,BD1078,Patuakhali,469385.0,438664.0,2.309,2025,1,
Aman,2013-14,BD1079,Pirojpur,144566.0,102025.0,1.744,2016,1,
Aman,2014-15,BD1079,Pirojpur,151121.0,115192.0,1.884,2017,2,
Aman,2015-16,BD1079,Pirojpur,152797.0,115184.0,1.863,2018,2,
Aman,2016-17,BD1079,Pirojpur,149232.0,116390.0,1.927,2019,2,
Aman,2017-18,BD1079,Pirojpur,161009.0,90900.0,1.395,2020,2,
Aman,2018-19,BD1079,Pirojpur,159253.0,110101.0,1.708,2021,2,
Aman,2019-20,BD1079,Pirojpur,157249.0,120910.0,1.9,2021,1,
Aman,2020-21,BD1079,Pirojpur,155038.0,99988.0,1.594,2022,1,
Aman,2021-22,BD1079,Pirojpur,156529.0,90716.0,1.432,2023,2,
Aman,2022-23,BD1079,Pirojpur,151716.0,97603.0,1.59,2024,2,
Aman,2023-24,BD1079,Pirojpur,148931.0,110111.0,1.827,2025,2,
Aman,2024-25,BD1079,Pirojpur,147077.0,115647.0,1.943,2025,1,
Aman,2013-14,BD3082,Rajbari,105241.0,102145.0,2.398,2016,1,
Aman,2014-15,BD3082,Rajbari,91523.0,93275.0,2.518,2017,2,
Aman,2015-16,BD3082,Rajbari,102469.0,108004.0,2.605,2018,2,
Aman,2016-17,BD3082,Rajbari,107386.0,115854.0,2.666,2019,2,
Aman,2017-18,BD3082,Rajbari,114303.0,125588.0,2.715,2020,2,
Aman,2018-19,BD3082,Rajbari,121563.0,136599.0,2.777,2021,2,
Aman,2019-20,BD3082,Rajbari,111685.0,103695.0,2.294,2021,1,
Aman,2020-21,BD3082,Rajbari,117377.0,107247.0,2.258,2022,1,
Aman,2021-22,BD3082,Rajbari,106509.0,98458.0,2.284,2023,2,
Aman,2022-23,BD3082,Rajbari,114711.0,121113.0,2.609,2024,2,
Aman,2023-24,BD3082,Rajbari,124202.0,153592.0,3.056,2025,2,
Aman,2024-25,BD3082,Rajbari,117825.0,151414.0,3.175,2025,1,
Aman,2013-14,BD5081,Rajshahi,167416.0,189894.0,2.803,2016,1,
Aman,2014-15,BD5081,Rajshahi,170323.0,199696.0,2.897,2017,2,
Aman,2015-16,BD5081,Rajshahi,177495.0,209258.0,2.913,2018,2,
Aman,2016-17,BD5081,Rajshahi,175542.0,207047.0,2.915,2019,2,
Aman,2017-18,BD5081,Rajshahi,175730.0,196177.0,2.759,2020,2,
Aman,2018-19,BD5081,Rajshahi,178830.0,196312.0,2.713,2021,2,
Aman,2019-20,BD5081,Rajshahi,180244.0,202992.0,2.783,2021,1,
Aman,2020-21,BD5081,Rajshahi,182555.0,232548.0,3.148,2022,1,
Aman,2021-22,BD5081,Rajshahi,183585.0,240574.0,3.238,2023,2,
Aman,2022-23,BD5081,Rajshahi,192334.0,255478.0,3.282,2024,2,
Aman,2023-24,BD5081,Rajshahi,197835.0,266347.0,3.327,2025,2,
Aman,2024-25,BD5081,Rajshahi,201584.0,241020.0,2.954,2025,1,
Aman,2013-14,BD2084,Rangamati,24542.0,27076.0,2.726,2016,1,
Aman,2014-15,BD2084,Rangamati,24900.0,27810.0,2.76,2017,2,
Aman,2015-16,BD2084,Rangamati,24598.0,28235.0,2.836,2018,2,
Aman,2016-17,BD2084,Rangamati,24314.0,27804.0,2.826,2019,2,
Aman,2017-18,BD2084,Rangamati,22569.0,25136.0,2.752,2020,2,
Aman,2018-19,BD2084,Rangamati,23616.0,25324.0,2.65,2021,2,
Aman,2019-20,BD2084,Rangamati,23686.0,27788.0,2.899,2021,1,
Aman,2020-21,BD2084,Rangamati,23990.0,28765.0,2.963,2022,1,
Aman,2021-22,BD2084,Rangamati,23686.0,28090.0,2.931,2023,2,
Aman,2022-23,BD2084,Rangamati,24096.0,28356.0,2.908,2024,2,
Aman,2023-24,BD2084,Rangamati,23819.0,28602.0,2.967,2025,2,
Aman,2024-25,BD2084,Rangamati,23865.0,25945.0,2.686,2025,1,
Aman,2013-14,BD5585,Rangpur,384166.0,426408.0,2.743,2016,1,
Aman,2014-15,BD5585,Rangpur,388989.0,435563.0,2.767,2017,2,
Aman,2015-16,BD5585,Rangpur,386491.0,435771.0,2.786,2018,2,
Aman,2016-17,BD5585,Rangpur,393225.0,448271.0,2.817,2019,2,
Aman,2017-18,BD5585,Rangpur,403928.0,461649.0,2.824,2020,2,
Aman,2018-19,BD5585,Rangpur,409123.0,489855.0,2.959,2021,2,
Aman,2019-20,BD5585,Rangpur,405195.0,505675.0,3.084,2021,1,
Aman,2020-21,BD5585,Rangpur,405055.0,442446.0,2.699,2022,1,
Aman,2021-22,BD5585,Rangpur,406013.0,463811.0,2.823,2023,2,
Aman,2022-23,BD5585,Rangpur,407781.0,460590.0,2.791,2024,2,
Aman,2023-24,BD5585,Rangpur,409266.0,525225.0,3.171,2025,2,
Aman,2024-25,BD5585,Rangpur,409436.0,575753.0,3.475,2025,1,
Aman,2013-14,BD4087,Satkhira,227391.0,273827.0,2.976,2016,1,
Aman,2014-15,BD4087,Satkhira,230416.0,279166.0,2.994,2017,2,
Aman,2015-16,BD4087,Satkhira,230831.0,282279.0,3.022,2018,2,
Aman,2016-17,BD4087,Satkhira,214214.0,261492.0,3.016,2019,2,
Aman,2017-18,BD4087,Satkhira,209265.0,232351.0,2.744,2020,2,
Aman,2018-19,BD4087,Satkhira,211079.0,241143.0,2.823,2021,2,
Aman,2019-20,BD4087,Satkhira,220114.0,258281.0,2.9,2021,1,
Aman,2020-21,BD4087,Satkhira,207744.0,230274.0,2.739,2022,1,
Aman,2021-22,BD4087,Satkhira,217139.0,266546.0,3.033,2023,2,
Aman,2022-23,BD4087,Satkhira,213415.0,267282.0,3.095,2024,2,
Aman,2023-24,BD4087,Satkhira,214115.0,275977.0,3.185,2025,2,
Aman,2024-25,BD4087,Satkhira,210326.0,262589.0,3.085,2025,1,
Aman,2013-14,BD3086,Shariatpur,35293.0,19593.0,1.372,2016,1,
Aman,2014-15,BD3086,Shariatpur,36215.0,21802.0,1.488,2017,2,
Aman,2015-16,BD3086,Shariatpur,37198.0,21763.0,1.446,2018,2,
Aman,2016-17,BD3086,Shariatpur,45111.0,26951.0,1.476,2019,2,
Aman,2017-18,BD3086,Shariatpur,43662.0,28801.0,1.63,2020,2,
Aman,2018-19,BD3086,Shariatpur,35885.0,22493.0,1.549,2021,2,
Aman,2019-20,BD3086,Shariatpur,34018.0,20499.0,1.489,2021,1,
Aman,2020-21,BD3086,Shariatpur,32898.0,23078.0,1.733,2022,1,
Aman,2021-22,BD3086,Shariatpur,29278.0,17727.0,1.496,2023,2,
Aman,2022-23,BD3086,Shariatpur,33178.0,21590.0,1.608,2024,2,
Aman,2023-24,BD3086,Shariatpur,36074.0,26850.0,1.839,2025,2,
Aman,2024-25,BD3086,Shariatpur,37139.0,26332.0,1.752,2025,1,
Aman,2013-14,BD4589,Sherpur,207851.0,171891.0,2.044,2016,1,
Aman,2014-15,BD4589,Sherpur,205805.0,172290.0,2.069,2017,2,
Aman,2015-16,BD4589,Sherpur,218028.0,190452.0,2.159,2018,2,
Aman,2016-17,BD4589,Sherpur,211604.0,191546.0,2.237,2019,2,
Aman,2017-18,BD4589,Sherpur,218322.0,222444.0,2.518,2020,2,
Aman,2018-19,BD4589,Sherpur,213847.0,200707.0,2.319,2021,2,
Aman,2019-20,BD4589,Sherpur,210525.0,206325.0,2.422,2021,1,
Aman,2020-21,BD4589,Sherpur,202388.0,192829.0,2.354,2022,1,
Aman,2021-22,BD4589,Sherpur,224973.0,223878.0,2.459,2023,2,
Aman,2022-23,BD4589,Sherpur,225853.0,231791.0,2.536,2024,2,
Aman,2023-24,BD4589,Sherpur,241422.0,272353.0,2.788,2025,2,
Aman,2024-25,BD4589,Sherpur,189825.0,206236.0,2.685,2025,1,
Aman,2013-14,BD5088,Sirajganj,189450.0,171957.0,2.243,2016,1,
Aman,2014-15,BD5088,Sirajganj,218728.0,210269.0,2.375,2017,2,
Aman,2015-16,BD5088,Sirajganj,211881.0,208716.0,2.434,2018,2,
Aman,2016-17,BD5088,Sirajganj,197221.0,197160.0,2.47,2019,2,
Aman,2017-18,BD5088,Sirajganj,204607.0,196181.0,2.369,2020,2,
Aman,2018-19,BD5088,Sirajganj,215486.0,202740.0,2.325,2021,2,
Aman,2019-20,BD5088,Sirajganj,207434.0,218865.0,2.607,2021,1,
Aman,2020-21,BD5088,Sirajganj,200166.0,221083.0,2.729,2022,1,
Aman,2021-22,BD5088,Sirajganj,202611.0,213848.0,2.608,2023,2,
Aman,2022-23,BD5088,Sirajganj,207590.0,235034.0,2.798,2024,2,
Aman,2023-24,BD5088,Sirajganj,208971.0,251635.0,2.976,2025,2,
Aman,2024-25,BD5088,Sirajganj,210864.0,251733.0,2.95,2025,1,
Aman,2013-14,BD6090,Sunamganj,127218.0,122944.0,2.388,2016,1,
Aman,2014-15,BD6090,Sunamganj,129819.0,110452.0,2.102,2017,2,
Aman,2015-16,BD6090,Sunamganj,126194.0,109804.0,2.15,2018,2,
Aman,2016-17,BD6090,Sunamganj,142830.0,126520.0,2.189,2019,2,
Aman,2017-18,BD6090,Sunamganj,183669.0,179453.0,2.414,2020,2,
Aman,2018-19,BD6090,Sunamganj,184251.0,192140.0,2.577,2021,2,
Aman,2019-20,BD6090,Sunamganj,198392.0,225927.0,2.814,2021,1,
Aman,2020-21,BD6090,Sunamganj,198587.0,207494.0,2.582,2022,1,
Aman,2021-22,BD6090,Sunamganj,200275.0,192731.0,2.378,2023,2,
Aman,2022-23,BD6090,Sunamganj,200865.0,227024.0,2.793,2024,2,
Aman,2023-24,BD6090,Sunamganj,196288.0,233650.0,2.941,2025,2,
Aman,2024-25,BD6090,Sunamganj,193580.0,244316.0,3.119,2025,1,
Aman,2013-14,BD6091,Sylhet,351171.0,356986.0,2.512,2016,1,
Aman,2014-15,BD6091,Sylhet,319540.0,275476.0,2.13,2017,2,
Aman,2015-16,BD6091,Sylhet,315855.0,279939.0,2.19,2018,2,
Aman,2016-17,BD6091,Sylhet,324428.0,289409.0,2.204,2019,2,
Aman,2017-18,BD6091,Sylhet,350699.0,336260.0,2.369,2020,2,
Aman,2018-19,BD6091,Sylhet,356391.0,354070.0,2.455,2021,2,
Aman,2019-20,BD6091,Sylhet,347257.0,329544.0,2.345,2021,1,
Aman,2020-21,BD6091,Sylhet,336140.0,356207.0,2.619,2022,1,
Aman,2021-22,BD6091,Sylhet,347060.0,369801.0,2.633,2023,2,
Aman,2022-23,BD6091,Sylhet,350212.0,386865.0,2.73,2024,2,
Aman,2023-24,BD6091,Sylhet,352321.0,409740.0,2.874,2025,2,
Aman,2024-25,BD6091,Sylhet,354264.0,394124.0,2.749,2025,1,
Aman,2013-14,BD3093,Tangail,318362.0,259119.0,2.011,2016,1,
Aman,2014-15,BD3093,Tangail,306072.0,263074.0,2.124,2017,2,
Aman,2015-16,BD3093,Tangail,313141.0,277697.0,2.191,2018,2,
Aman,2016-17,BD3093,Tangail,305735.0,262172.0,2.119,2019,2,
Aman,2017-18,BD3093,Tangail,287839.0,250133.0,2.147,2020,2,
Aman,2018-19,BD3093,Tangail,276628.0,237661.0,2.123,2021,2,
Aman,2019-20,BD3093,Tangail,232257.0,217658.0,2.316,2021,1,
Aman,2020-21,BD3093,Tangail,249183.0,207672.0,2.059,2022,1,
Aman,2021-22,BD3093,Tangail,266370.0,232632.0,2.158,2023,2,
Aman,2022-23,BD3093,Tangail,280262.0,261291.0,2.304,2024,2,
Aman,2023-24,BD3093,Tangail,294897.0,297873.0,2.496,2025,2,
Aman,2024-25,BD3093,Tangail,295746.0,300710.0,2.513,2025,1,
Aman,2013-14,BD5594,Thakurgaon,294511.0,322856.0,2.709,2016,1,
Aman,2014-15,BD5594,Thakurgaon,300796.0,339766.0,2.791,2017,2,
Aman,2015-16,BD5594,Thakurgaon,313504.0,357934.0,2.821,2018,2,
Aman,2016-17,BD5594,Thakurgaon,315692.0,362581.0,2.838,2019,2,
Aman,2017-18,BD5594,Thakurgaon,337268.0,384125.0,2.814,2020,2,
Aman,2018-19,BD5594,Thakurgaon,332128.0,385230.0,2.866,2021,2,
Aman,2019-20,BD5594,Thakurgaon,319843.0,374465.0,2.893,2021,1,
Aman,2020-21,BD5594,Thakurgaon,322836.0,349856.0,2.678,2022,1,
Aman,2021-22,BD5594,Thakurgaon,338635.0,393874.0,2.874,2023,2,
Aman,2022-23,BD5594,Thakurgaon,338380.0,399653.0,2.919,2024,2,
Aman,2023-24,BD5594,Thakurgaon,339058.0,421282.0,3.07,2025,2,
Aman,2024-25,BD5594,Thakurgaon,339098.0,460957.0,3.359,2025,1,
Aus,2013-14,BD4001,Bagerhat,21599.0,18613.0,2.129,2016,1,
Aus,2014-15,BD4001,Bagerhat,20258.0,19709.0,2.404,2017,2,
Aus,2015-16,BD4001,Bagerhat,16931.0,15186.0,2.216,2018,2,
Aus,2016-17,BD4001,Bagerhat,13526.0,12953.0,2.366,2019,2,
Aus,2017-18,BD4001,Bagerhat,14295.0,14297.0,2.471,2020,2,
Aus,2018-19,BD4001,Bagerhat,11669.0,11650.0,2.467,2021,2,
Aus,2019-20,BD4001,Bagerhat,12748.0,13879.0,2.69,2021,1,
Aus,2020-21,BD4001,Bagerhat,14355.0,16061.0,2.765,2022,1,
Aus,2021-22,BD4001,Bagerhat,11900.0,11392.0,2.366,2023,2,
Aus,2022-23,BD4001,Bagerhat,8818.0,8944.0,2.506,2024,2,
Aus,2023-24,BD4001,Bagerhat,8859.0,10408.0,2.903,2025,2,
Aus,2024-25,BD4001,Bagerhat,7832.0,9152.0,2.888,2025,1,
Aus,2013-14,BD2003,Bandarban,19040.0,14955.0,1.941,2016,1,
Aus,2014-15,BD2003,Bandarban,19013.0,13871.0,1.803,2017,2,
Aus,2015-16,BD2003,Bandarban,20742.0,16116.0,1.92,2018,2,
Aus,2016-17,BD2003,Bandarban,21050.0,14766.0,1.733,2019,2,
Aus,2017-18,BD2003,Bandarban,29920.0,22366.0,1.847,2020,2,
Aus,2018-19,BD2003,Bandarban,31498.0,23672.0,1.857,2021,2,
Aus,2019-20,BD2003,Bandarban,30419.0,22540.0,1.831,2021,1,
Aus,2020-21,BD2003,Bandarban,30323.0,24465.0,1.994,2022,1,
Aus,2021-22,BD2003,Bandarban,30461.0,23318.0,1.892,2023,2,
Aus,2022-23,BD2003,Bandarban,29969.0,24434.0,2.015,2024,2,
Aus,2023-24,BD2003,Bandarban,30231.0,26281.0,2.148,2025,2,
Aus,2024-25,BD2003,Bandarban,29395.0,24765.0,2.082,2025,1,
Aus,2013-14,BD1004,Barguna,104754.0,113110.0,2.668,2016,1,
Aus,2014-15,BD1004,Barguna,97047.0,94652.0,2.41,2017,2,
Aus,2015-16,BD1004,Barguna,104679.0,88875.0,2.098,2018,2,
Aus,2016-17,BD1004,Barguna,100190.0,92403.0,2.279,2019,2,
Aus,2017-18,BD1004,Barguna,103341.0,108679.0,2.599,2020,2,
Aus,2018-19,BD1004,Barguna,131780.0,122564.0,2.298,2021,2,
Aus,2019-20,BD1004,Barguna,94100.0,95152.0,2.499,2021,1,
Aus,2020-21,BD1004,Barguna,136821.0,140059.0,2.53,2022,1,
Aus,2021-22,BD1004,Barguna,115929.0,108783.0,2.319,2023,2,
Aus,2022-23,BD1004,Barguna,121081.0,113461.0,2.316,2024,2,
Aus,2023-24,BD1004,Barguna,106300.0,103919.0,2.416,2025,2,
Aus,2024-25,BD1004,Barguna,85660.0,81144.0,2.341,2025,1,
Aus,2013-14,BD1006,Barishal,86536.0,48335.0,1.38,2016,1,
Aus,2014-15,BD1006,Barishal,83188.0,49084.0,1.458,2017,2,
Aus,2015-16,BD1006,Barishal,67235.0,40801.0,1.5,2018,2,
Aus,2016-17,BD1006,Barishal,54216.0,35582.0,1.622,2019,2,
Aus,2017-18,BD1006,Barishal,42678.0,31237.0,1.809,2020,2,
Aus,2018-19,BD1006,Barishal,53796.0,38239.0,1.756,2021,2,
Aus,2019-20,BD1006,Barishal,36159.0,20507.0,1.401,2021,1,
Aus,2020-21,BD1006,Barishal,44719.0,33829.0,1.869,2022,1,
Aus,2021-22,BD1006,Barishal,29100.0,19318.0,1.64,2023,2,
Aus,2022-23,BD1006,Barishal,30186.0,24711.0,2.023,2024,2,
Aus,2023-24,BD1006,Barishal,21266.0,19281.0,2.24,2025,2,
Aus,2024-25,BD1006,Barishal,16577.0,16737.0,2.495,2025,1,
Aus,2013-14,BD1009,Bhola,150541.0,81528.0,1.338,2016,1,
Aus,2014-15,BD1009,Bhola,184434.0,100811.0,1.351,2017,2,
Aus,2015-16,BD1009,Bhola,188122.0,111741.0,1.468,2018,2,
Aus,2016-17,BD1009,Bhola,185353.0,119328.0,1.591,2019,2,
Aus,2017-18,BD1009,Bhola,214491.0,174068.0,2.005,2020,2,
Aus,2018-19,BD1009,Bhola,209401.0,172102.0,2.031,2021,2,
Aus,2019-20,BD1009,Bhola,180929.0,160144.0,2.187,2021,1,
Aus,2020-21,BD1009,Bhola,225181.0,176699.0,1.939,2022,1,
Aus,2021-22,BD1009,Bhola,205166.0,180850.0,2.178,2023,2,
Aus,2022-23,BD1009,Bhola,202984.0,209628.0,2.552,2024,2,
Aus,2023-24,BD1009,Bhola,179246.0,190784.0,2.63,2025,2,
Aus,2024-25,BD1009,Bhola,148722.0,158636.0,2.636,2025,1,
Aus,2013-14,BD5010,Bogura,57296.0,56120.0,2.42,2016,1,
Aus,2014-15,BD5010,Bogura,56081.0,52125.0,2.297,2017,2,
Aus,2015-16,BD5010,Bogura,53227.0,53446.0,2.481,2018,2,
Aus,2016-17,BD5010,Bogura,46649.0,47137.0,2.497,2019,2,
Aus,2017-18,BD5010,Bogura,47136.0,53795.0,2.82,2020,2,
Aus,2018-19,BD5010,Bogura,49995.0,57385.0,2.836,2021,2,
Aus,2019-20,BD5010,Bogura,66686.0,68154.0,2.525,2021,1,
Aus,2020-21,BD5010,Bogura,79878.0,78226.0,2.42,2022,1,
Aus,2021-22,BD5010,Bogura,45372.0,47837.0,2.605,2023,2,
Aus,2022-23,BD5010,Bogura,38964.0,43924.0,2.786,2024,2,
Aus,2023-24,BD5010,Bogura,32157.0,40965.0,3.148,2025,2,
Aus,2024-25,BD5010,Bogura,30720.0,38372.0,3.087,2025,1,
Aus,2013-14,BD2012,Brahmanbaria,9580.0,8127.0,2.096,2016,1,
Aus,2014-15,BD2012,Brahmanbaria,11714.0,10100.0,2.131,2017,2,
Aus,2015-16,BD2012,Brahmanbaria,17034.0,13264.0,1.924,2018,2,
Aus,2016-17,BD2012,Brahmanbaria,18901.0,16639.0,2.175,2019,2,
Aus,2017-18,BD2012,Brahmanbaria,20053.0,20573.0,2.535,2020,2,
Aus,2018-19,BD2012,Brahmanbaria,21312.0,20992.0,2.434,2021,2,
Aus,2019-20,BD2012,Brahmanbaria,27849.0,27157.0,2.41,2021,1,
Aus,2020-21,BD2012,Brahmanbaria,28171.0,29411.0,2.58,2022,1,
Aus,2021-22,BD2012,Brahmanbaria,28942.0,30267.0,2.584,2023,2,
Aus,2022-23,BD2012,Brahmanbaria,24301.0,30106.0,3.061,2024,2,
Aus,2023-24,BD2012,Brahmanbaria,37814.0,47383.0,3.096,2025,2,
Aus,2024-25,BD2012,Brahmanbaria,42428.0,52371.0,3.05,2025,1,
Aus,2013-14,BD2013,Chandpur,25344.0,22552.0,2.199,2016,1,
Aus,2014-15,BD2013,Chandpur,29308.0,25969.0,2.19,2017,2,
Aus,2015-16,BD2013,Chandpur,25199.0,24351.0,2.388,2018,2,
Aus,2016-17,BD2013,Chandpur,24393.0,24569.0,2.489,2019,2,
Aus,2017-18,BD2013,Chandpur,24600.0,25483.0,2.56,2020,2,
Aus,2018-19,BD2013,Chandpur,24152.0,26286.0,2.689,2021,2,
Aus,2019-20,BD2013,Chandpur,21009.0,19866.0,2.337,2021,1,
Aus,2020-21,BD2013,Chandpur,26157.0,27283.0,2.577,2022,1,
Aus,2021-22,BD2013,Chandpur,23876.0,25762.0,2.666,2023,2,
Aus,2022-23,BD2013,Chandpur,25930.0,24902.0,2.373,2024,2,
Aus,2023-24,BD2013,Chandpur,28733.0,32637.0,2.807,2025,2,
Aus,2024-25,BD2013,Chandpur,21387.0,25073.0,2.897,2025,1,
Aus,2013-14,BD5070,Chapainababganj,117246.0,103380.0,2.179,2016,1,
Aus,2014-15,BD5070,Chapainababganj,111406.0,108316.0,2.403,2017,2,
Aus,2015-16,BD5070,Chapainababganj,121368.0,115474.0,2.351,2018,2,
Aus,2016-17,BD5070,Chapainababganj,115949.0,112269.0,2.393,2019,2,
Aus,2017-18,BD5070,Chapainababganj,130054.0,135671.0,2.578,2020,2,
Aus,2018-19,BD5070,Chapainababganj,128535.0,138418.0,2.661,2021,2,
Aus,2019-20,BD5070,Chapainababganj,94915.0,102365.0,2.665,2021,1,
Aus,2020-21,BD5070,Chapainababganj,112725.0,123224.0,2.701,2022,1,
Aus,2021-22,BD5070,Chapainababganj,104554.0,123948.0,2.929,2023,2,
Aus,2022-23,BD5070,Chapainababganj,103068.0,129767.0,3.111,2024,2,
Aus,2023-24,BD5070,Chapainababganj,100478.0,123942.0,3.048,2025,2,
Aus,2024-25,BD5070,Chapainababganj,85124.0,110363.0,3.204,2025,1,
Aus,2013-14,BD2015,Chattogram,109163.0,110759.0,2.507,2016,1,
Aus,2014-15,BD2015,Chattogram,108575.0,108026.0,2.459,2017,2,
Aus,2015-16,BD2015,Chattogram,76969.0,77092.0,2.475,2018,2,
Aus,2016-17,BD2015,Chattogram,78593.0,84071.0,2.643,2019,2,
Aus,2017-18,BD2015,Chattogram,87793.0,92506.0,2.604,2020,2,
Aus,2018-19,BD2015,Chattogram,89102.0,97581.0,2.706,2021,2,
Aus,2019-20,BD2015,Chattogram,82059.0,87523.0,2.636,2021,1,
Aus,2020-21,BD2015,Chattogram,87232.0,101908.0,2.887,2022,1,
Aus,2021-22,BD2015,Chattogram,82397.0,88815.0,2.664,2023,2,
Aus,2022-23,BD2015,Chattogram,89909.0,105284.0,2.894,2024,2,
Aus,2023-24,BD2015,Chattogram,85702.0,103713.0,2.99,2025,2,
Aus,2024-25,BD2015,Chattogram,73275.0,91838.0,3.097,2025,1,
Aus,2013-14,BD4018,Chuadanga,53095.0,57826.0,2.691,2016,1,
Aus,2014-15,BD4018,Chuadanga,63034.0,70287.0,2.755,2017,2,
Aus,2015-16,BD4018,Chuadanga,67871.0,74737.0,2.721,2018,2,
Aus,2016-17,BD4018,Chuadanga,67070.0,75607.0,2.786,2019,2,
Aus,2017-18,BD4018,Chuadanga,94890.0,111916.0,2.914,2020,2,
Aus,2018-19,BD4018,Chuadanga,93348.0,109585.0,2.901,2021,2,
Aus,2019-20,BD4018,Chuadanga,96922.0,105055.0,2.678,2021,1,
Aus,2020-21,BD4018,Chuadanga,105578.0,114888.0,2.689,2022,1,
Aus,2021-22,BD4018,Chuadanga,97540.0,112404.0,2.848,2023,2,
Aus,2022-23,BD4018,Chuadanga,94846.0,107485.0,2.8,2024,2,
Aus,2023-24,BD4018,Chuadanga,105508.0,130075.0,3.046,2025,2,
Aus,2024-25,BD4018,Chuadanga,108003.0,137498.0,3.146,2025,1,
Aus,2013-14,BD2022,Cox's Bazar,5347.0,4747.0,2.194,2016,1,
Aus,2014-15,BD2022,Cox's Bazar,4405.0,4109.0,2.305,2017,2,
Aus,2015-16,BD2022,Cox's Bazar,1582.0,1557.0,2.432,2018,2,
Aus,2016-17,BD2022,Cox's Bazar,2980.0,2886.0,2.393,2018,1,
Aus,2018-19,BD2022,Cox's Bazar,7861.0,8950.0,2.813,2021,1,
Aus,2019-20,BD2022,Cox's Bazar,4508.0,4878.0,2.674,2021,1,
Aus,2020-21,BD2022,Cox's Bazar,7479.0,7961.0,2.63,2022,1,
Aus,2021-22,BD2022,Cox's Bazar,4976.0,5718.0,2.84,2023,2,
Aus,2022-23,BD2022,Cox's Bazar,5989.0,8257.0,3.407,2024,2,
Aus,2023-24,BD2022,Cox's Bazar,6272.0,8636.0,3.402,2025,2,
Aus,2024-25,BD2022,Cox's Bazar,6103.0,8261.0,3.345,2025,1,
Aus,2013-14,BD2019,Cumilla,172392.0,189004.0,2.709,2016,1,
Aus,2014-15,BD2019,Cumilla,169961.0,172305.0,2.505,2017,2,
Aus,2015-16,BD2019,Cumilla,160887.0,159886.0,2.456,2018,2,
Aus,2016-17,BD2019,Cumilla,158057.0,148178.0,2.317,2019,2,
Aus,2017-18,BD2019,Cumilla,174954.0,185718.0,2.623,2020,2,
Aus,2018-19,BD2019,Cumilla,175597.0,191367.0,2.693,2021,2,
Aus,2019-20,BD2019,Cumilla,180885.0,189367.0,2.587,2021,1,
Aus,2020-21,BD2019,Cumilla,194395.0,184858.0,2.35,2022,1,
Aus,2021-22,BD2019,Cumilla,183224.0,194110.0,2.618,2023,2,
Aus,2022-23,BD2019,Cumilla,184517.0,210647.0,2.821,2024,2,
Aus,2023-24,BD2019,Cumilla,194346.0,234839.0,2.986,2025,2,
Aus,2024-25,BD2019,Cumilla,195484.0,236272.0,2.987,2025,1,
Aus,2013-14,BD3026,Dhaka,1178.0,948.0,1.989,2016,1,
Aus,2014-15,BD3026,Dhaka,1711.0,1413.0,2.041,2017,2,
Aus,2015-16,BD3026,Dhaka,1617.0,1431.0,2.187,2018,2,
Aus,2016-17,BD3026,Dhaka,1618.0,1407.0,2.149,2019,2,
Aus,2017-18,BD3026,Dhaka,1846.0,2016.0,2.699,2020,2,
Aus,2018-19,BD3026,Dhaka,1201.0,1098.0,2.259,2021,2,
Aus,2019-20,BD3026,Dhaka,1583.0,1502.0,2.345,2021,1,
Aus,2020-21,BD3026,Dhaka,1454.0,1149.0,1.953,2022,1,
Aus,2021-22,BD3026,Dhaka,1771.0,1842.0,2.57,2023,2,
Aus,2022-23,BD3026,Dhaka,1785.0,1923.0,2.662,2024,2,
Aus,2023-24,BD3026,Dhaka,1587.0,1821.0,2.835,2025,2,
Aus,2024-25,BD3026,Dhaka,1548.0,1726.0,2.755,2025,1,
Aus,2013-14,BD5527,Dinajpur,9484.0,8411.0,2.191,2016,1,
Aus,2014-15,BD5527,Dinajpur,12067.0,11216.0,2.297,2017,2,
Aus,2015-16,BD5527,Dinajpur,16742.0,15748.0,2.324,2018,2,
Aus,2016-17,BD5527,Dinajpur,12869.0,11577.0,2.223,2019,2,
Aus,2017-18,BD5527,Dinajpur,19047.0,22157.0,2.875,2020,2,
Aus,2018-19,BD5527,Dinajpur,17084.0,20324.0,2.94,2021,2,
Aus,2019-20,BD5527,Dinajpur,17023.0,16801.0,2.439,2021,1,
Aus,2020-21,BD5527,Dinajpur,28663.0,24277.0,2.093,2022,1,
Aus,2021-22,BD5527,Dinajpur,26319.0,29197.0,2.741,2023,2,
Aus,2022-23,BD5527,Dinajpur,25595.0,28662.0,2.767,2024,2,
Aus,2023-24,BD5527,Dinajpur,25733.0,31563.0,3.031,2025,2,
Aus,2024-25,BD5527,Dinajpur,25437.0,30581.0,2.971,2025,1,
Aus,2013-14,BD3029,Faridpur,18764.0,9273.0,1.221,2016,1,
Aus,2014-15,BD3029,Faridpur,16626.0,10599.0,1.575,2017,2,
Aus,2015-16,BD3029,Faridpur,12558.0,6609.0,1.3,2018,2,
Aus,2016-17,BD3029,Faridpur,13555.0,7892.0,1.439,2019,2,
Aus,2017-18,BD3029,Faridpur,16260.0,10192.0,1.549,2020,2,
Aus,2018-19,BD3029,Faridpur,30377.0,15869.0,1.291,2021,2,
Aus,2019-20,BD3029,Faridpur,21606.0,10990.0,1.257,2021,1,
Aus,2020-21,BD3029,Faridpur,21437.0,13413.0,1.546,2022,1,
Aus,2021-22,BD3029,Faridpur,20190.0,12010.0,1.47,2023,2,
Aus,2022-23,BD3029,Faridpur,15024.0,12072.0,1.986,2024,2,
Aus,2023-24,BD3029,Faridpur,14208.0,11602.0,2.018,2025,2,
Aus,2024-25,BD3029,Faridpur,11927.0,11537.0,2.39,2025,1,
Aus,2013-14,BD2030,Feni,33181.0,27035.0,2.013,2016,1,
Aus,2014-15,BD2030,Feni,29269.0,26338.0,2.224,2017,2,
Aus,2015-16,BD2030,Feni,23780.0,20818.0,2.163,2018,2,
Aus,2016-17,BD2030,Feni,18593.0,14768.0,1.963,2019,2,
Aus,2017-18,BD2030,Feni,20908.0,19259.0,2.276,2020,2,
Aus,2018-19,BD2030,Feni,29258.0,28102.0,2.373,2021,2,
Aus,2019-20,BD2030,Feni,26313.0,26024.0,2.444,2021,1,
Aus,2020-21,BD2030,Feni,27313.0,24428.0,2.21,2022,1,
Aus,2021-22,BD2030,Feni,26305.0,24231.0,2.276,2023,2,
Aus,2022-23,BD2030,Feni,25886.0,23277.0,2.222,2024,2,
Aus,2023-24,BD2030,Feni,19580.0,19940.0,2.516,2025,2,
Aus,2024-25,BD2030,Feni,14101.0,16554.0,2.901,2025,1,
Aus,2013-14,BD5532,Gaibandha,110.0,80.0,1.797,2016,1,
Aus,2014-15,BD5532,Gaibandha,804.0,600.0,1.844,2017,2,
Aus,2015-16,BD5532,Gaibandha,2595.0,1763.0,1.679,2018,2,
Aus,2016-17,BD5532,Gaibandha,2594.0,1849.0,1.761,2019,2,
Aus,2017-18,BD5532,Gaibandha,3974.0,4191.0,2.606,2020,2,
Aus,2018-19,BD5532,Gaibandha,5948.0,6157.0,2.558,2021,2,
Aus,2019-20,BD5532,Gaibandha,18451.0,16889.0,2.262,2021,1,
Aus,2020-21,BD5532,Gaibandha,34902.0,29653.0,2.099,2022,1,
Aus,2021-22,BD5532,Gaibandha,33688.0,34126.0,2.503,2023,2,
Aus,2022-23,BD5532,Gaibandha,32769.0,36814.0,2.776,2024,2,
Aus,2023-24,BD5532,Gaibandha,35021.0,41741.0,2.945,2025,2,
Aus,2024-25,BD5532,Gaibandha,28252.0,32955.0,2.882,2025,1,
Aus,2013-14,BD3033,Gazipur,6004.0,6324.0,2.603,2016,1,
Aus,2014-15,BD3033,Gazipur,4131.0,4071.0,2.435,2017,2,
Aus,2015-16,BD3033,Gazipur,2921.0,2508.0,2.122,2018,2,
Aus,2016-17,BD3033,Gazipur,3036.0,2980.0,2.425,2019,2,
Aus,2017-18,BD3033,Gazipur,3351.0,3729.0,2.75,2020,2,
Aus,2018-19,BD3033,Gazipur,3293.0,3914.0,2.937,2021,2,
Aus,2019-20,BD3033,Gazipur,5396.0,6427.0,2.943,2021,1,
Aus,2020-21,BD3033,Gazipur,3943.0,5147.0,3.226,2022,1,
Aus,2021-22,BD3033,Gazipur,3805.0,4843.0,3.145,2023,2,
Aus,2022-23,BD3033,Gazipur,3485.0,4578.0,3.246,2024,2,
Aus,2023-24,BD3033,Gazipur,3412.0,4703.0,3.406,2025,2,
Aus,2024-25,BD3033,Gazipur,3292.0,4655.0,3.494,2025,1,
Aus,2013-14,BD3035,Gopalganj,7708.0,5669.0,1.817,2016,1,
Aus,2014-15,BD3035,Gopalganj,6598.0,3952.0,1.48,2017,2,
Aus,2015-16,BD3035,Gopalganj,3435.0,1194.0,0.859,2018,2,
Aus,2016-17,BD3035,Gopalganj,4197.0,2685.0,1.581,2019,2,
Aus,2017-18,BD3035,Gopalganj,8291.0,5010.0,1.493,2020,2,
Aus,2018-19,BD3035,Gopalganj,7588.0,4765.0,1.552,2021,2,
Aus,2019-20,BD3035,Gopalganj,7796.0,4424.0,1.402,2021,1,
Aus,2020-21,BD3035,Gopalganj,9664.0,13842.0,3.539,2022,1,
Aus,2021-22,BD3035,Gopalganj,6611.0,6013.0,2.248,2023,2,
Aus,2022-23,BD3035,Gopalganj,5243.0,5009.0,2.361,2024,2,
Aus,2023-24,BD3035,Gopalganj,3820.0,4060.0,2.626,2025,2,
Aus,2024-25,BD3035,Gopalganj,3746.0,4113.0,2.713,2025,1,
Aus,2013-14,BD6036,Habiganj,84818.0,86459.0,2.519,2016,1,
Aus,2014-15,BD6036,Habiganj,86028.0,83459.0,2.397,2017,2,
Aus,2015-16,BD6036,Habiganj,103803.0,96347.0,2.294,2018,2,
Aus,2016-17,BD6036,Habiganj,96846.0,92498.0,2.36,2019,2,
Aus,2017-18,BD6036,Habiganj,111496.0,120059.0,2.661,2020,2,
Aus,2018-19,BD6036,Habiganj,110953.0,121870.0,2.714,2021,2,
Aus,2019-20,BD6036,Habiganj,115473.0,115798.0,2.478,2021,1,
Aus,2020-21,BD6036,Habiganj,191786.0,208130.0,2.682,2022,1,
Aus,2021-22,BD6036,Habiganj,117456.0,126720.0,2.666,2023,2,
Aus,2022-23,BD6036,Habiganj,107676.0,116877.0,2.682,2024,2,
Aus,2023-24,BD6036,Habiganj,88827.0,103522.0,2.88,2025,2,
Aus,2024-25,BD6036,Habiganj,99039.0,114880.0,2.866,2025,1,
Aus,2013-14,BD4539,Jamalpur,1842.0,1059.0,1.421,2016,1,
Aus,2014-15,BD4539,Jamalpur,3562.0,2530.0,1.755,2017,2,
Aus,2015-16,BD4539,Jamalpur,4988.0,3392.0,1.68,2018,2,
Aus,2016-17,BD4539,Jamalpur,4589.0,3347.0,1.802,2019,2,
Aus,2017-18,BD4539,Jamalpur,4374.0,3443.0,1.945,2020,2,
Aus,2018-19,BD4539,Jamalpur,6545.0,6174.0,2.331,2021,2,
Aus,2019-20,BD4539,Jamalpur,4290.0,3924.0,2.26,2021,1,
Aus,2020-21,BD4539,Jamalpur,9975.0,9157.0,2.268,2022,1,
Aus,2021-22,BD4539,Jamalpur,9300.0,8367.0,2.223,2023,2,
Aus,2022-23,BD4539,Jamalpur,9032.0,8207.0,2.245,2024,2,
Aus,2023-24,BD4539,Jamalpur,9428.0,11727.0,3.074,2025,2,
Aus,2024-25,BD4539,Jamalpur,12606.0,15313.0,3.002,2025,1,
Aus,2013-14,BD4041,Jashore,97520.0,105021.0,2.661,2016,1,
Aus,2014-15,BD4041,Jashore,84690.0,96397.0,2.813,2017,2,
Aus,2015-16,BD4041,Jashore,69092.0,78144.0,2.795,2018,2,
Aus,2016-17,BD4041,Jashore,45692.0,51160.0,2.767,2019,2,
Aus,2017-18,BD4041,Jashore,50658.0,53009.0,2.586,2020,2,
Aus,2018-19,BD4041,Jashore,48075.0,49574.0,2.548,2021,2,
Aus,2019-20,BD4041,Jashore,43119.0,52054.0,2.983,2021,1,
Aus,2020-21,BD4041,Jashore,41981.0,52983.0,3.119,2022,1,
Aus,2021-22,BD4041,Jashore,37305.0,48436.0,3.208,2023,2,
Aus,2022-23,BD4041,Jashore,36404.0,47832.0,3.247,2024,2,
Aus,2023-24,BD4041,Jashore,36390.0,48125.0,3.268,2025,2,
Aus,2024-25,BD4041,Jashore,36799.0,48150.0,3.233,2025,1,
Aus,2013-14,BD1042,Jhalokati,51019.0,44910.0,2.175,2016,1,
Aus,2014-15,BD1042,Jhalokati,46135.0,36433.0,1.951,2017,2,
Aus,2015-16,BD1042,Jhalokati,39716.0,31272.0,1.946,2018,2,
Aus,2016-17,BD1042,Jhalokati,31365.0,25136.0,1.98,2019,2,
Aus,2017-18,BD1042,Jhalokati,33002.0,30595.0,2.291,2020,2,
Aus,2018-19,BD1042,Jhalokati,34909.0,34279.0,2.426,2021,2,
Aus,2019-20,BD1042,Jhalokati,26600.0,30672.0,2.849,2021,1,
Aus,2020-21,BD1042,Jhalokati,39679.0,42484.0,2.646,2022,1,
Aus,2021-22,BD1042,Jhalokati,32944.0,34140.0,2.561,2023,2,
Aus,2022-23,BD1042,Jhalokati,27012.0,29857.0,2.731,2024,2,
Aus,2023-24,BD1042,Jhalokati,29444.0,32254.0,2.707,2025,2,
Aus,2024-25,BD1042,Jhalokati,30779.0,34192.0,2.745,2025,1,
Aus,2013-14,BD4044,Jhenaidah,52767.0,61502.0,2.88,2016,1,
Aus,2014-15,BD4044,Jhenaidah,52867.0,59845.0,2.797,2017,2,
Aus,2015-16,BD4044,Jhenaidah,53172.0,63191.0,2.937,2018,2,
Aus,2016-17,BD4044,Jhenaidah,52591.0,62145.0,2.92,2019,2,
Aus,2017-18,BD4044,Jhenaidah,75121.0,77683.0,2.555,2020,2,
Aus,2018-19,BD4044,Jhenaidah,76044.0,81538.0,2.65,2021,2,
Aus,2019-20,BD4044,Jhenaidah,75694.0,93996.0,3.069,2021,1,
Aus,2020-21,BD4044,Jhenaidah,87423.0,106970.0,3.024,2022,1,
Aus,2021-22,BD4044,Jhenaidah,88826.0,112268.0,3.123,2023,2,
Aus,2022-23,BD4044,Jhenaidah,89379.0,118305.0,3.271,2024,2,
Aus,2023-24,BD4044,Jhenaidah,104986.0,138179.0,3.252,2025,2,
Aus,2024-25,BD4044,Jhenaidah,102751.0,137847.0,3.315,2025,1,
Aus,2013-14,BD5038,Joypurhat,24.0,19.0,1.956,2016,1,
Aus,2014-15,BD5038,Joypurhat,0.0,0.0,,2017,2,
Aus,2015-16,BD5038,Joypurhat,116.0,101.0,2.152,2018,2,
Aus,2016-17,BD5038,Joypurhat,144.0,134.0,2.299,2019,2,
Aus,2017-18,BD5038,Joypurhat,620.0,710.0,2.83,2020,2,
Aus,2018-19,BD5038,Joypurhat,423.0,471.0,2.751,2021,2,
Aus,2019-20,BD5038,Joypurhat,463.0,481.0,2.567,2021,1,
Aus,2020-21,BD5038,Joypurhat,1038.0,980.0,2.333,2022,1,
Aus,2021-22,BD5038,Joypurhat,1045.0,967.0,2.287,2023,2,
Aus,2022-23,BD5038,Joypurhat,540.0,597.0,2.732,2024,2,
Aus,2023-24,BD5038,Joypurhat,548.0,637.0,2.872,2025,2,
Aus,2024-25,BD5038,Joypurhat,529.0,572.0,2.672,2025,1,
Aus,2013-14,BD2046,Khagrachhari,6114.0,4570.0,1.847,2016,1,
Aus,2014-15,BD2046,Khagrachhari,6406.0,4688.0,1.808,2017,2,
Aus,2015-16,BD2046,Khagrachhari,5996.0,4559.0,1.879,2018,2,
Aus,2016-17,BD2046,Khagrachhari,5794.0,4554.0,1.942,2019,2,
Aus,2017-18,BD2046,Khagrachhari,10655.0,10071.0,2.336,2020,2,
Aus,2018-19,BD2046,Khagrachhari,9952.0,9567.0,2.375,2021,2,
Aus,2019-20,BD2046,Khagrachhari,7914.0,7748.0,2.419,2021,1,
Aus,2020-21,BD2046,Khagrachhari,11154.0,11256.0,2.494,2022,1,
Aus,2021-22,BD2046,Khagrachhari,8029.0,6944.0,2.137,2023,2,
Aus,2022-23,BD2046,Khagrachhari,7880.0,6789.0,2.129,2024,2,
Aus,2023-24,BD2046,Khagrachhari,7341.0,6565.0,2.21,2025,2,
Aus,2024-25,BD2046,Khagrachhari,7141.0,6667.0,2.307,2025,1,
Aus,2013-14,BD4047,Khulna,9763.0,5621.0,1.423,2016,1,
Aus,2014-15,BD4047,Khulna,8392.0,4525.0,1.332,2017,2,
Aus,2015-16,BD4047,Khulna,6833.0,3552.0,1.285,2018,2,
Aus,2016-17,BD4047,Khulna,7013.0,4035.0,1.422,2019,2,
Aus,2017-18,BD4047,Khulna,8105.0,4776.0,1.456,2020,2,
Aus,2018-19,BD4047,Khulna,6924.0,3974.0,1.418,2021,2,
Aus,2019-20,BD4047,Khulna,9546.0,6677.0,1.728,2021,1,
Aus,2020-21,BD4047,Khulna,9017.0,4942.0,1.354,2022,1,
Aus,2021-22,BD4047,Khulna,7680.0,4179.0,1.345,2023,2,
Aus,2022-23,BD4047,Khulna,8558.0,6322.0,1.825,2024,2,
Aus,2023-24,BD4047,Khulna,11068.0,8543.0,1.907,2025,2,
Aus,2024-25,BD4047,Khulna,12207.0,9467.0,1.916,2025,1,
Aus,2013-14,BD3048,Kishoreganj,48461.0,47548.0,2.424,2016,1,
Aus,2014-15,BD3048,Kishoreganj,47331.0,45640.0,2.383,2017,2,
Aus,2015-16,BD3048,Kishoreganj,58911.0,48583.0,2.038,2018,2,
Aus,2016-17,BD3048,Kishoreganj,52868.0,45890.0,2.145,2019,2,
Aus,2017-18,BD3048,Kishoreganj,59640.0,65112.0,2.698,2020,2,
Aus,2018-19,BD3048,Kishoreganj,32770.0,34193.0,2.578,2021,2,
Aus,2019-20,BD3048,Kishoreganj,54364.0,58994.0,2.682,2021,1,
Aus,2020-21,BD3048,Kishoreganj,66014.0,69329.0,2.595,2022,1,
Aus,2021-22,BD3048,Kishoreganj,63128.0,67140.0,2.628,2023,2,
Aus,2022-23,BD3048,Kishoreganj,58507.0,65691.0,2.774,2024,2,
Aus,2023-24,BD3048,Kishoreganj,42595.0,50455.0,2.927,2025,2,
Aus,2024-25,BD3048,Kishoreganj,41434.0,49465.0,2.95,2025,1,
Aus,2013-14,BD5549,Kurigram,412.0,248.0,1.487,2016,1,
Aus,2014-15,BD5549,Kurigram,2057.0,1621.0,1.947,2017,2,
Aus,2015-16,BD5549,Kurigram,4129.0,3033.0,1.815,2018,2,
Aus,2016-17,BD5549,Kurigram,3455.0,2966.0,2.121,2019,2,
Aus,2017-18,BD5549,Kurigram,3608.0,3209.0,2.198,2020,2,
Aus,2018-19,BD5549,Kurigram,4018.0,3692.0,2.271,2021,2,
Aus,2019-20,BD5549,Kurigram,8914.0,8347.0,2.314,2021,1,
Aus,2020-21,BD5549,Kurigram,16357.0,13802.0,2.085,2022,1,
Aus,2021-22,BD5549,Kurigram,17819.0,18571.0,2.575,2023,2,
Aus,2022-23,BD5549,Kurigram,14391.0,16064.0,2.758,2024,2,
Aus,2023-24,BD5549,Kurigram,17019.0,21318.0,3.095,2025,2,
Aus,2024-25,BD5549,Kurigram,15872.0,19255.0,2.998,2025,1,
Aus,2013-14,BD4050,Kushtia,91970.0,92602.0,2.488,2016,1,
Aus,2014-15,BD4050,Kushtia,87950.0,87904.0,2.47,2017,2,
Aus,2015-16,BD4050,Kushtia,72535.0,70397.0,2.398,2018,2,
Aus,2016-17,BD4050,Kushtia,49332.0,45134.0,2.261,2019,2,
Aus,2017-18,BD4050,Kushtia,68697.0,70681.0,2.542,2020,2,
Aus,2018-19,BD4050,Kushtia,74658.0,79165.0,2.62,2021,2,
Aus,2019-20,BD4050,Kushtia,66222.0,72030.0,2.688,2021,1,
Aus,2020-21,BD4050,Kushtia,67774.0,79121.0,2.885,2022,1,
Aus,2021-22,BD4050,Kushtia,67396.0,78586.0,2.881,2023,2,
Aus,2022-23,BD4050,Kushtia,64602.0,76160.0,2.913,2024,2,
Aus,2023-24,BD4050,Kushtia,75377.0,90530.0,2.968,2025,2,
Aus,2024-25,BD4050,Kushtia,70473.0,85017.0,2.981,2025,1,
Aus,2013-14,BD2051,Lakshmipur,82454.0,57894.0,1.735,2016,1,
Aus,2014-15,BD2051,Lakshmipur,80036.0,57798.0,1.784,2017,2,
Aus,2015-16,BD2051,Lakshmipur,69639.0,46849.0,1.662,2018,2,
Aus,2016-17,BD2051,Lakshmipur,68448.0,47710.0,1.722,2019,2,
Aus,2017-18,BD2051,Lakshmipur,69586.0,69747.0,2.477,2020,2,
Aus,2018-19,BD2051,Lakshmipur,68036.0,67283.0,2.444,2021,2,
Aus,2019-20,BD2051,Lakshmipur,44850.0,45051.0,2.482,2021,1,
Aus,2020-21,BD2051,Lakshmipur,80238.0,71060.0,2.188,2022,1,
Aus,2021-22,BD2051,Lakshmipur,65347.0,62330.0,2.357,2023,2,
Aus,2022-23,BD2051,Lakshmipur,51486.0,54045.0,2.594,2024,2,
Aus,2023-24,BD2051,Lakshmipur,41658.0,42601.0,2.527,2025,2,
Aus,2024-25,BD2051,Lakshmipur,34303.0,39972.0,2.879,2025,1,
Aus,2013-14,BD5552,Lalmonirhat,0.0,0.0,,2016,1,
Aus,2014-15,BD5552,Lalmonirhat,0.0,0.0,,2017,2,
Aus,2015-16,BD5552,Lalmonirhat,11664.0,11538.0,2.444,2018,2,
Aus,2016-17,BD5552,Lalmonirhat,3110.0,2995.0,2.38,2019,2,
Aus,2017-18,BD5552,Lalmonirhat,12447.0,15033.0,2.984,2020,2,
Aus,2018-19,BD5552,Lalmonirhat,11990.0,14134.0,2.913,2021,2,
Aus,2019-20,BD5552,Lalmonirhat,27244.0,27966.0,2.537,2021,1,
Aus,2020-21,BD5552,Lalmonirhat,27851.0,28204.0,2.502,2022,1,
Aus,2021-22,BD5552,Lalmonirhat,26594.0,31428.0,2.92,2023,2,
Aus,2022-23,BD5552,Lalmonirhat,28162.0,33639.0,2.952,2024,2,
Aus,2023-24,BD5552,Lalmonirhat,28526.0,38141.0,3.304,2025,2,
Aus,2024-25,BD5552,Lalmonirhat,28101.0,36964.0,3.25,2025,1,
Aus,2013-14,BD3054,Madaripur,5650.0,3341.0,1.461,2016,1,
Aus,2014-15,BD3054,Madaripur,3755.0,2031.0,1.337,2017,2,
Aus,2015-16,BD3054,Madaripur,3486.0,1918.0,1.36,2018,2,
Aus,2016-17,BD3054,Madaripur,3707.0,2667.0,1.778,2019,2,
Aus,2017-18,BD3054,Madaripur,3768.0,2171.0,1.424,2020,2,
Aus,2018-19,BD3054,Madaripur,3465.0,1808.0,1.289,2021,2,
Aus,2019-20,BD3054,Madaripur,3316.0,2200.0,1.639,2021,1,
Aus,2020-21,BD3054,Madaripur,4854.0,3324.0,1.692,2022,1,
Aus,2021-22,BD3054,Madaripur,3111.0,2319.0,1.842,2023,2,
Aus,2022-23,BD3054,Madaripur,3112.0,2537.0,2.014,2024,2,
Aus,2023-24,BD3054,Madaripur,3284.0,2792.0,2.101,2025,2,
Aus,2024-25,BD3054,Madaripur,2667.0,2325.0,2.154,2025,1,
Aus,2013-14,BD4055,Magura,19414.0,17413.0,2.216,2016,1,
Aus,2014-15,BD4055,Magura,18244.0,14961.0,2.026,2017,2,
Aus,2015-16,BD4055,Magura,15692.0,13370.0,2.105,2018,2,
Aus,2016-17,BD4055,Magura,9125.0,8273.0,2.24,2019,2,
Aus,2017-18,BD4055,Magura,8179.0,8088.0,2.444,2020,2,
Aus,2018-19,BD4055,Magura,6593.0,6296.0,2.36,2021,2,
Aus,2019-20,BD4055,Magura,7651.0,6709.0,2.167,2021,1,
Aus,2020-21,BD4055,Magura,14520.0,12123.0,2.063,2022,1,
Aus,2021-22,BD4055,Magura,12635.0,10352.0,2.025,2023,2,
Aus,2022-23,BD4055,Magura,13043.0,10961.0,2.077,2024,2,
Aus,2023-24,BD4055,Magura,14593.0,14579.0,2.469,2025,2,
Aus,2024-25,BD4055,Magura,15576.0,15989.0,2.537,2025,1,
Aus,2013-14,BD3056,Manikganj,1158.0,960.0,2.049,2016,1,
Aus,2014-15,BD3056,Manikganj,1977.0,1622.0,2.027,2017,2,
Aus,2015-16,BD3056,Manikganj,2039.0,1713.0,2.076,2018,2,
Aus,2016-17,BD3056,Manikganj,1452.0,1251.0,2.129,2019,2,
Aus,2017-18,BD3056,Manikganj,3514.0,2519.0,1.771,2020,2,
Aus,2018-19,BD3056,Manikganj,4529.0,3153.0,1.72,2021,2,
Aus,2019-20,BD3056,Manikganj,5951.0,3997.0,1.66,2021,1,
Aus,2020-21,BD3056,Manikganj,8158.0,6967.0,2.11,2022,1,
Aus,2021-22,BD3056,Manikganj,7193.0,6942.0,2.385,2023,2,
Aus,2022-23,BD3056,Manikganj,7198.0,7527.0,2.584,2024,2,
Aus,2023-24,BD3056,Manikganj,8464.0,8969.0,2.618,2025,2,
Aus,2024-25,BD3056,Manikganj,8092.0,8511.0,2.599,2025,1,
Aus,2013-14,BD4057,Meherpur,21175.0,28013.0,3.269,2016,1,
Aus,2014-15,BD4057,Meherpur,20979.0,25465.0,2.999,2017,2,
Aus,2015-16,BD4057,Meherpur,22180.0,26875.0,2.994,2018,2,
Aus,2016-17,BD4057,Meherpur,22130.0,28829.0,3.219,2019,2,
Aus,2017-18,BD4057,Meherpur,37561.0,42944.0,2.825,2020,2,
Aus,2018-19,BD4057,Meherpur,35138.0,42168.0,2.965,2021,2,
Aus,2019-20,BD4057,Meherpur,37820.0,47928.0,3.131,2021,1,
Aus,2020-21,BD4057,Meherpur,51464.0,64047.0,3.075,2022,1,
Aus,2021-22,BD4057,Meherpur,48761.0,40898.0,2.073,2023,2,
Aus,2022-23,BD4057,Meherpur,49866.0,51616.0,2.558,2024,2,
Aus,2023-24,BD4057,Meherpur,48705.0,61882.0,3.14,2025,2,
Aus,2024-25,BD4057,Meherpur,48531.0,60695.0,3.09,2025,1,
Aus,2013-14,BD6058,Moulvibazar,69615.0,75584.0,2.683,2016,1,
Aus,2014-15,BD6058,Moulvibazar,76890.0,81801.0,2.629,2017,2,
Aus,2015-16,BD6058,Moulvibazar,92268.0,102602.0,2.748,2018,2,
Aus,2016-17,BD6058,Moulvibazar,99968.0,112836.0,2.789,2019,2,
Aus,2017-18,BD6058,Moulvibazar,113120.0,118875.0,2.597,2020,2,
Aus,2018-19,BD6058,Moulvibazar,140169.0,153990.0,2.715,2021,2,
Aus,2019-20,BD6058,Moulvibazar,138985.0,169741.0,3.018,2021,1,
Aus,2020-21,BD6058,Moulvibazar,129959.0,157404.0,2.993,2022,1,
Aus,2021-22,BD6058,Moulvibazar,117337.0,135557.0,2.855,2023,2,
Aus,2022-23,BD6058,Moulvibazar,103726.0,124606.0,2.968,2024,2,
Aus,2023-24,BD6058,Moulvibazar,53096.0,65001.0,3.025,2025,2,
Aus,2024-25,BD6058,Moulvibazar,73508.0,88333.0,2.969,2025,1,
Aus,2013-14,BD3059,Munshiganj,1550.0,1417.0,2.259,2016,1,
Aus,2014-15,BD3059,Munshiganj,865.0,821.0,2.345,2017,2,
Aus,2015-16,BD3059,Munshiganj,949.0,955.0,2.487,2018,2,
Aus,2016-17,BD3059,Munshiganj,331.0,317.0,2.367,2019,2,
Aus,2017-18,BD3059,Munshiganj,232.0,240.0,2.556,2020,2,
Aus,2018-19,BD3059,Munshiganj,306.0,351.0,2.834,2021,2,
Aus,2019-20,BD3059,Munshiganj,453.0,454.0,2.477,2021,1,
Aus,2020-21,BD3059,Munshiganj,447.0,401.0,2.217,2022,1,
Aus,2021-22,BD3059,Munshiganj,411.0,443.0,2.663,2023,2,
Aus,2022-23,BD3059,Munshiganj,435.0,420.0,2.386,2024,2,
Aus,2023-24,BD3059,Munshiganj,736.0,645.0,2.166,2025,2,
Aus,2024-25,BD3059,Munshiganj,749.0,653.0,2.154,2025,1,
Aus,2013-14,BD4561,Mymensingh,75564.0,63482.0,2.076,2016,1,
Aus,2014-15,BD4561,Mymensingh,65658.0,62927.0,2.368,2017,2,
Aus,2015-16,BD4561,Mymensingh,57548.0,57140.0,2.454,2018,2,
Aus,2016-17,BD4561,Mymensingh,51764.0,51783.0,2.472,2019,2,
Aus,2017-18,BD4561,Mymensingh,41085.0,46998.0,2.827,2020,2,
Aus,2018-19,BD4561,Mymensingh,38610.0,41708.0,2.669,2021,2,
Aus,2019-20,BD4561,Mymensingh,34571.0,34338.0,2.454,2021,1,
Aus,2020-21,BD4561,Mymensingh,58364.0,54574.0,2.311,2022,1,
Aus,2021-22,BD4561,Mymensingh,47650.0,53022.0,2.75,2023,2,
Aus,2022-23,BD4561,Mymensingh,46783.0,52563.0,2.776,2024,2,
Aus,2023-24,BD4561,Mymensingh,43857.0,51568.0,2.906,2025,2,
Aus,2024-25,BD4561,Mymensingh,43806.0,49856.0,2.812,2025,1,
Aus,2013-14,BD5064,Naogaon,124382.0,142396.0,2.829,2016,1,
Aus,2014-15,BD5064,Naogaon,127603.0,144322.0,2.795,2017,2,
Aus,2015-16,BD5064,Naogaon,127185.0,138626.0,2.693,2018,2,
Aus,2016-17,BD5064,Naogaon,127376.0,139738.0,2.711,2019,2,
Aus,2017-18,BD5064,Naogaon,146264.0,177988.0,3.007,2020,2,
Aus,2018-19,BD5064,Naogaon,152254.0,179648.0,2.916,2021,2,
Aus,2019-20,BD5064,Naogaon,152617.0,178708.0,2.893,2021,1,
Aus,2020-21,BD5064,Naogaon,158927.0,171272.0,2.663,2022,1,
Aus,2021-22,BD5064,Naogaon,164064.0,195779.0,2.949,2023,2,
Aus,2022-23,BD5064,Naogaon,136971.0,169744.0,3.062,2024,2,
Aus,2023-24,BD5064,Naogaon,142595.0,176146.0,3.052,2025,2,
Aus,2024-25,BD5064,Naogaon,143696.0,178873.0,3.076,2025,1,
Aus,2013-14,BD4065,Narail,13646.0,7802.0,1.413,2016,1,
Aus,2014-15,BD4065,Narail,11430.0,6880.0,1.487,2017,2,
Aus,2015-16,BD4065,Narail,14315.0,8229.0,1.42,2018,2,
Aus,2016-17,BD4065,Narail,12273.0,7948.0,1.6,2019,2,
Aus,2017-18,BD4065,Narail,13490.0,9696.0,1.776,2020,2,
Aus,2018-19,BD4065,Narail,13374.0,9619.0,1.777,2021,2,
Aus,2019-20,BD4065,Narail,15868.0,10636.0,1.656,2021,1,
Aus,2020-21,BD4065,Narail,22828.0,19174.0,2.076,2022,1,
Aus,2021-22,BD4065,Narail,18252.0,13805.0,1.869,2023,2,
Aus,2022-23,BD4065,Narail,19789.0,16772.0,2.094,2024,2,
Aus,2023-24,BD4065,Narail,22042.0,20428.0,2.29,2025,2,
Aus,2024-25,BD4065,Narail,22152.0,20973.0,2.34,2025,1,
Aus,2013-14,BD3067,Narayanganj,370.0,344.0,2.297,2016,1,
Aus,2014-15,BD3067,Narayanganj,51.0,49.0,2.374,2017,2,
Aus,2015-16,BD3067,Narayanganj,378.0,327.0,2.138,2018,2,
Aus,2016-17,BD3067,Narayanganj,323.0,288.0,2.203,2019,2,
Aus,2017-18,BD3067,Narayanganj,1705.0,1829.0,2.651,2020,2,
Aus,2018-19,BD3067,Narayanganj,2965.0,1707.0,1.423,2021,2,
Aus,2019-20,BD3067,Narayanganj,4608.0,4484.0,2.405,2021,1,
Aus,2020-21,BD3067,Narayanganj,6054.0,5646.0,2.305,2022,1,
Aus,2021-22,BD3067,Narayanganj,4474.0,3706.0,2.047,2023,2,
Aus,2022-23,BD3067,Narayanganj,4662.0,3985.0,2.112,2024,2,
Aus,2023-24,BD3067,Narayanganj,5049.0,4497.0,2.201,2025,2,
Aus,2024-25,BD3067,Narayanganj,4908.0,4417.0,2.224,2025,1,
Aus,2013-14,BD3068,Narsingdi,664.0,419.0,1.559,2016,1,
Aus,2014-15,BD3068,Narsingdi,739.0,474.0,1.585,2017,2,
Aus,2015-16,BD3068,Narsingdi,342.0,206.0,1.488,2018,2,
Aus,2016-17,BD3068,Narsingdi,698.0,565.0,2.0,2019,2,
Aus,2017-18,BD3068,Narsingdi,818.0,820.0,2.477,2020,2,
Aus,2018-19,BD3068,Narsingdi,1174.0,1281.0,2.696,2021,2,
Aus,2019-20,BD3068,Narsingdi,1858.0,1939.0,2.579,2021,1,
Aus,2020-21,BD3068,Narsingdi,3735.0,4071.0,2.693,2022,1,
Aus,2021-22,BD3068,Narsingdi,2562.0,2710.0,2.614,2023,2,
Aus,2022-23,BD3068,Narsingdi,2760.0,2964.0,2.654,2024,2,
Aus,2023-24,BD3068,Narsingdi,3055.0,3318.0,2.684,2025,2,
Aus,2024-25,BD3068,Narsingdi,3106.0,3249.0,2.585,2025,1,
Aus,2013-14,BD5069,Natore,21109.0,17047.0,1.996,2016,1,
Aus,2014-15,BD5069,Natore,19096.0,16122.0,2.086,2017,2,
Aus,2015-16,BD5069,Natore,12561.0,10861.0,2.137,2018,2,
Aus,2016-17,BD5069,Natore,12254.0,10885.0,2.195,2019,2,
Aus,2017-18,BD5069,Natore,16939.0,18512.0,2.701,2020,2,
Aus,2018-19,BD5069,Natore,18306.0,18043.0,2.436,2021,2,
Aus,2019-20,BD5069,Natore,20621.0,22475.0,2.693,2021,1,
Aus,2020-21,BD5069,Natore,24015.0,27651.0,2.845,2022,1,
Aus,2021-22,BD5069,Natore,21822.0,23255.0,2.633,2023,2,
Aus,2022-23,BD5069,Natore,23025.0,25852.0,2.774,2024,2,
Aus,2023-24,BD5069,Natore,25391.0,31002.0,3.017,2025,2,
Aus,2024-25,BD5069,Natore,23908.0,30281.0,3.13,2025,1,
Aus,2013-14,BD4572,Netrakona,1804.0,1252.0,1.715,2016,1,
Aus,2014-15,BD4572,Netrakona,532.0,330.0,1.533,2017,2,
Aus,2015-16,BD4572,Netrakona,661.0,439.0,1.641,2018,2,
Aus,2016-17,BD4572,Netrakona,488.0,395.0,2.0,2019,2,
Aus,2017-18,BD4572,Netrakona,1211.0,977.0,1.994,2020,2,
Aus,2018-19,BD4572,Netrakona,1525.0,1657.0,2.685,2021,2,
Aus,2019-20,BD4572,Netrakona,1404.0,1322.0,2.327,2021,1,
Aus,2020-21,BD4572,Netrakona,3609.0,3470.0,2.376,2022,1,
Aus,2021-22,BD4572,Netrakona,1615.0,1599.0,2.447,2023,2,
Aus,2022-23,BD4572,Netrakona,696.0,732.0,2.599,2024,2,
Aus,2023-24,BD4572,Netrakona,1197.0,1399.0,2.888,2025,2,
Aus,2024-25,BD4572,Netrakona,1802.0,2038.0,2.795,2025,1,
Aus,2013-14,BD5573,Nilphamari,0.0,0.0,,2016,1,
Aus,2014-15,BD5573,Nilphamari,0.0,0.0,,2017,2,
Aus,2015-16,BD5573,Nilphamari,922.0,551.0,1.477,2018,2,
Aus,2016-17,BD5573,Nilphamari,288.0,183.0,1.57,2019,2,
Aus,2017-18,BD5573,Nilphamari,1003.0,1154.0,2.843,2020,2,
Aus,2018-19,BD5573,Nilphamari,1010.0,1116.0,2.73,2021,2,
Aus,2019-20,BD5573,Nilphamari,2941.0,2768.0,2.326,2021,1,
Aus,2020-21,BD5573,Nilphamari,4312.0,3565.0,2.043,2022,1,
Aus,2021-22,BD5573,Nilphamari,4182.0,4402.0,2.601,2023,2,
Aus,2022-23,BD5573,Nilphamari,3916.0,4561.0,2.878,2024,2,
Aus,2023-24,BD5573,Nilphamari,4507.0,5787.0,3.173,2025,2,
Aus,2024-25,BD5573,Nilphamari,2322.0,3166.0,3.369,2025,1,
Aus,2013-14,BD2075,Noakhali,142964.0,93622.0,1.618,2016,1,
Aus,2014-15,BD2075,Noakhali,132752.0,93409.0,1.739,2017,2,
Aus,2015-16,BD2075,Noakhali,113854.0,82632.0,1.793,2018,2,
Aus,2016-17,BD2075,Noakhali,104545.0,72881.0,1.723,2019,2,
Aus,2017-18,BD2075,Noakhali,92224.0,90132.0,2.415,2020,2,
Aus,2018-19,BD2075,Noakhali,95096.0,88331.0,2.295,2021,2,
Aus,2019-20,BD2075,Noakhali,88433.0,80022.0,2.236,2021,1,
Aus,2020-21,BD2075,Noakhali,99075.0,86027.0,2.146,2022,1,
Aus,2021-22,BD2075,Noakhali,89169.0,90574.0,2.51,2023,2,
Aus,2022-23,BD2075,Noakhali,89402.0,92642.0,2.561,2024,2,
Aus,2023-24,BD2075,Noakhali,85354.0,85988.0,2.489,2025,2,
Aus,2024-25,BD2075,Noakhali,74369.0,75112.0,2.496,2025,1,
Aus,2013-14,BD5076,Pabna,57176.0,37391.0,1.616,2016,1,
Aus,2014-15,BD5076,Pabna,50573.0,33782.0,1.651,2017,2,
Aus,2015-16,BD5076,Pabna,35083.0,25904.0,1.825,2018,2,
Aus,2016-17,BD5076,Pabna,35011.0,25867.0,1.826,2019,2,
Aus,2017-18,BD5076,Pabna,41944.0,37653.0,2.218,2020,2,
Aus,2018-19,BD5076,Pabna,38584.0,33819.0,2.166,2021,2,
Aus,2019-20,BD5076,Pabna,46487.0,37135.0,1.974,2021,1,
Aus,2020-21,BD5076,Pabna,59351.0,50334.0,2.096,2022,1,
Aus,2021-22,BD5076,Pabna,54458.0,44603.0,2.024,2023,2,
Aus,2022-23,BD5076,Pabna,50582.0,45611.0,2.228,2024,2,
Aus,2023-24,BD5076,Pabna,55598.0,57452.0,2.553,2025,2,
Aus,2024-25,BD5076,Pabna,54998.0,56177.0,2.524,2025,1,
Aus,2013-14,BD5577,Panchagarh,2.0,1.0,1.236,2016,1,
Aus,2014-15,BD5577,Panchagarh,0.0,0.0,,2017,2,
Aus,2015-16,BD5577,Panchagarh,470.0,413.0,2.171,2018,2,
Aus,2016-17,BD5577,Panchagarh,300.0,297.0,2.446,2019,2,
Aus,2017-18,BD5577,Panchagarh,692.0,644.0,2.3,2020,2,
Aus,2018-19,BD5577,Panchagarh,932.0,1049.0,2.781,2021,2,
Aus,2019-20,BD5577,Panchagarh,4930.0,5236.0,2.624,2021,1,
Aus,2020-21,BD5577,Panchagarh,6020.0,6185.0,2.539,2022,1,
Aus,2021-22,BD5577,Panchagarh,6580.0,6890.0,2.587,2023,2,
Aus,2022-23,BD5577,Panchagarh,6084.0,6816.0,2.768,2024,2,
Aus,2023-24,BD5577,Panchagarh,6772.0,8510.0,3.105,2025,2,
Aus,2024-25,BD5577,Panchagarh,7187.0,9026.0,3.103,2025,1,
Aus,2013-14,BD1078,Patuakhali,149043.0,105251.0,1.745,2016,1,
Aus,2014-15,BD1078,Patuakhali,144419.0,115113.0,1.97,2017,2,
Aus,2015-16,BD1078,Patuakhali,106453.0,88749.0,2.06,2018,2,
Aus,2016-17,BD1078,Patuakhali,79520.0,66213.0,2.058,2019,2,
Aus,2017-18,BD1078,Patuakhali,70992.0,66094.0,2.301,2020,2,
Aus,2018-19,BD1078,Patuakhali,75057.0,67620.0,2.226,2021,2,
Aus,2019-20,BD1078,Patuakhali,63604.0,51492.0,2.0,2021,1,
Aus,2020-21,BD1078,Patuakhali,83287.0,84711.0,2.513,2022,1,
Aus,2021-22,BD1078,Patuakhali,73516.0,73795.0,2.48,2023,2,
Aus,2022-23,BD1078,Patuakhali,47602.0,39859.0,2.069,2024,2,
Aus,2023-24,BD1078,Patuakhali,48432.0,44758.0,2.284,2025,2,
Aus,2024-25,BD1078,Patuakhali,46058.0,50175.0,2.692,2025,1,
Aus,2013-14,BD1079,Pirojpur,67451.0,50345.0,1.844,2016,1,
Aus,2014-15,BD1079,Pirojpur,65031.0,54668.0,2.077,2017,2,
Aus,2015-16,BD1079,Pirojpur,56384.0,48710.0,2.135,2018,2,
Aus,2016-17,BD1079,Pirojpur,45290.0,37845.0,2.065,2019,2,
Aus,2017-18,BD1079,Pirojpur,36634.0,33248.0,2.243,2020,2,
Aus,2018-19,BD1079,Pirojpur,42670.0,39368.0,2.28,2021,2,
Aus,2019-20,BD1079,Pirojpur,32504.0,29466.0,2.24,2021,1,
Aus,2020-21,BD1079,Pirojpur,33909.0,32164.0,2.344,2022,1,
Aus,2021-22,BD1079,Pirojpur,30645.0,27266.0,2.199,2023,2,
Aus,2022-23,BD1079,Pirojpur,33206.0,31864.0,2.371,2024,2,
Aus,2023-24,BD1079,Pirojpur,40352.0,39023.0,2.39,2025,2,
Aus,2024-25,BD1079,Pirojpur,34082.0,33516.0,2.43,2025,1,
Aus,2013-14,BD3082,Rajbari,8080.0,4096.0,1.253,2016,1,
Aus,2014-15,BD3082,Rajbari,5265.0,2465.0,1.157,2017,2,
Aus,2015-16,BD3082,Rajbari,393.0,430.0,2.704,2018,2,
Aus,2016-17,BD3082,Rajbari,2513.0,1360.0,1.337,2019,2,
Aus,2017-18,BD3082,Rajbari,3237.0,1652.0,1.261,2020,2,
Aus,2018-19,BD3082,Rajbari,3096.0,1633.0,1.303,2021,2,
Aus,2019-20,BD3082,Rajbari,4493.0,3221.0,1.771,2021,1,
Aus,2020-21,BD3082,Rajbari,6411.0,4485.0,1.729,2022,1,
Aus,2021-22,BD3082,Rajbari,6126.0,4156.0,1.676,2023,2,
Aus,2022-23,BD3082,Rajbari,6862.0,5703.0,2.054,2024,2,
Aus,2023-24,BD3082,Rajbari,6519.0,5520.0,2.092,2025,2,
Aus,2024-25,BD3082,Rajbari,7626.0,6556.0,2.124,2025,1,
Aus,2013-14,BD5081,Rajshahi,92072.0,95889.0,2.573,2016,1,
Aus,2014-15,BD5081,Rajshahi,96094.0,111467.0,2.866,2017,2,
Aus,2015-16,BD5081,Rajshahi,98483.0,112737.0,2.829,2018,2,
Aus,2016-17,BD5081,Rajshahi,95938.0,103737.0,2.672,2019,2,
Aus,2017-18,BD5081,Rajshahi,116312.0,134527.0,2.858,2020,2,
Aus,2018-19,BD5081,Rajshahi,115102.0,131950.0,2.833,2021,2,
Aus,2019-20,BD5081,Rajshahi,116870.0,134357.0,2.841,2021,1,
Aus,2020-21,BD5081,Rajshahi,108931.0,125445.0,2.846,2022,1,
Aus,2021-22,BD5081,Rajshahi,112145.0,133706.0,2.946,2023,2,
Aus,2022-23,BD5081,Rajshahi,112671.0,148600.0,3.259,2024,2,
Aus,2023-24,BD5081,Rajshahi,110198.0,150171.0,3.367,2025,2,
Aus,2024-25,BD5081,Rajshahi,112360.0,151442.0,3.331,2025,1,
Aus,2013-14,BD2084,Rangamati,14036.0,9968.0,1.755,2016,1,
Aus,2014-15,BD2084,Rangamati,17241.0,11414.0,1.636,2017,2,
Aus,2015-16,BD2084,Rangamati,16494.0,10059.0,1.507,2018,2,
Aus,2016-17,BD2084,Rangamati,17110.0,10401.0,1.502,2019,2,
Aus,2017-18,BD2084,Rangamati,15864.0,8660.0,1.349,2020,2,
Aus,2018-19,BD2084,Rangamati,15814.0,9781.0,1.528,2021,2,
Aus,2019-20,BD2084,Rangamati,14365.0,8356.0,1.437,2021,1,
Aus,2020-21,BD2084,Rangamati,14523.0,9091.0,1.547,2022,1,
Aus,2021-22,BD2084,Rangamati,13561.0,7996.0,1.457,2023,2,
Aus,2022-23,BD2084,Rangamati,13630.0,9277.0,1.682,2024,2,
Aus,2023-24,BD2084,Rangamati,12859.0,9016.0,1.733,2025,2,
Aus,2024-25,BD2084,Rangamati,12067.0,8370.0,1.714,2025,1,
Aus,2013-14,BD5585,Rangpur,0.0,0.0,,2016,1,
Aus,2014-15,BD5585,Rangpur,3275.0,3438.0,2.594,2017,2,
Aus,2015-16,BD5585,Rangpur,33187.0,37411.0,2.786,2018,2,yoy-jump-gt-10x
Aus,2016-17,BD5585,Rangpur,33841.0,35938.0,2.624,2019,2,
Aus,2017-18,BD5585,Rangpur,39723.0,48194.0,2.998,2020,2,
Aus,2018-19,BD5585,Rangpur,40313.0,47115.0,2.888,2021,2,
Aus,2019-20,BD5585,Rangpur,46442.0,50325.0,2.678,2021,1,
Aus,2020-21,BD5585,Rangpur,63967.0,71011.0,2.743,2022,1,
Aus,2021-22,BD5585,Rangpur,61065.0,68177.0,2.759,2023,2,
Aus,2022-23,BD5585,Rangpur,57276.0,68030.0,2.935,2024,2,
Aus,2023-24,BD5585,Rangpur,62022.0,80247.0,3.197,2025,2,
Aus,2024-25,BD5585,Rangpur,55286.0,72830.0,3.255,2025,1,
Aus,2013-14,BD4087,Satkhira,20873.0,22977.0,2.72,2016,1,
Aus,2014-15,BD4087,Satkhira,20051.0,20133.0,2.481,2017,2,
Aus,2015-16,BD4087,Satkhira,20237.0,20471.0,2.5,2018,2,
Aus,2016-17,BD4087,Satkhira,15971.0,16156.0,2.5,2019,2,
Aus,2017-18,BD4087,Satkhira,15691.0,14522.0,2.287,2020,2,
Aus,2018-19,BD4087,Satkhira,15318.0,16387.0,2.643,2021,2,
Aus,2019-20,BD4087,Satkhira,16556.0,18954.0,2.829,2021,1,
Aus,2020-21,BD4087,Satkhira,19706.0,22530.0,2.825,2022,1,
Aus,2021-22,BD4087,Satkhira,16181.0,18766.0,2.866,2023,2,
Aus,2022-23,BD4087,Satkhira,15588.0,18387.0,2.915,2024,2,
Aus,2023-24,BD4087,Satkhira,15451.0,18986.0,3.036,2025,2,
Aus,2024-25,BD4087,Satkhira,16423.0,19858.0,2.988,2025,1,
Aus,2013-14,BD3086,Shariatpur,18518.0,10327.0,1.378,2016,1,
Aus,2014-15,BD3086,Shariatpur,22532.0,12043.0,1.321,2017,2,
Aus,2015-16,BD3086,Shariatpur,21721.0,11676.0,1.328,2018,2,
Aus,2016-17,BD3086,Shariatpur,19330.0,11014.0,1.408,2019,2,
Aus,2017-18,BD3086,Shariatpur,22685.0,15742.0,1.715,2020,2,
Aus,2018-19,BD3086,Shariatpur,21406.0,14686.0,1.695,2021,2,
Aus,2019-20,BD3086,Shariatpur,29030.0,16578.0,1.411,2021,1,
Aus,2020-21,BD3086,Shariatpur,30842.0,30321.0,2.429,2022,1,
Aus,2021-22,BD3086,Shariatpur,23775.0,23371.0,2.429,2023,2,
Aus,2022-23,BD3086,Shariatpur,20855.0,20980.0,2.486,2024,2,
Aus,2023-24,BD3086,Shariatpur,32148.0,32029.0,2.462,2025,2,
Aus,2024-25,BD3086,Shariatpur,27079.0,28051.0,2.56,2025,1,
Aus,2013-14,BD4589,Sherpur,15490.0,13631.0,2.174,2016,1,
Aus,2014-15,BD4589,Sherpur,13338.0,10937.0,2.026,2017,2,
Aus,2015-16,BD4589,Sherpur,5951.0,4756.0,1.975,2018,2,
Aus,2016-17,BD4589,Sherpur,4978.0,4301.0,2.135,2019,2,
Aus,2017-18,BD4589,Sherpur,5535.0,5746.0,2.565,2020,2,
Aus,2018-19,BD4589,Sherpur,6604.0,6831.0,2.556,2021,2,
Aus,2019-20,BD4589,Sherpur,8291.0,7555.0,2.252,2021,1,
Aus,2020-21,BD4589,Sherpur,12847.0,12190.0,2.345,2022,1,
Aus,2021-22,BD4589,Sherpur,9411.0,9643.0,2.532,2023,2,
Aus,2022-23,BD4589,Sherpur,8852.0,9366.0,2.615,2024,2,
Aus,2023-24,BD4589,Sherpur,7153.0,8043.0,2.779,2025,2,
Aus,2024-25,BD4589,Sherpur,6011.0,6845.0,2.814,2025,1,
Aus,2013-14,BD5088,Sirajganj,15380.0,14875.0,2.39,2016,1,
Aus,2014-15,BD5088,Sirajganj,16600.0,15405.0,2.293,2017,2,
Aus,2015-16,BD5088,Sirajganj,13775.0,12242.0,2.196,2018,2,
Aus,2016-17,BD5088,Sirajganj,9992.0,8820.0,2.181,2019,2,
Aus,2017-18,BD5088,Sirajganj,11676.0,8955.0,1.895,2020,2,
Aus,2018-19,BD5088,Sirajganj,14707.0,12552.0,2.109,2021,2,
Aus,2019-20,BD5088,Sirajganj,20788.0,20574.0,2.446,2021,1,
Aus,2020-21,BD5088,Sirajganj,25932.0,27070.0,2.579,2022,1,
Aus,2021-22,BD5088,Sirajganj,19009.0,16043.0,2.085,2023,2,
Aus,2022-23,BD5088,Sirajganj,15046.0,14170.0,2.327,2024,2,
Aus,2023-24,BD5088,Sirajganj,15701.0,15487.0,2.437,2025,2,
Aus,2024-25,BD5088,Sirajganj,15320.0,15369.0,2.479,2025,1,
Aus,2013-14,BD6090,Sunamganj,7623.0,7915.0,2.566,2016,1,
Aus,2014-15,BD6090,Sunamganj,11180.0,11595.0,2.563,2017,2,
Aus,2015-16,BD6090,Sunamganj,12399.0,12700.0,2.531,2018,2,
Aus,2016-17,BD6090,Sunamganj,14042.0,14107.0,2.482,2019,2,
Aus,2017-18,BD6090,Sunamganj,30770.0,32443.0,2.605,2020,2,
Aus,2018-19,BD6090,Sunamganj,34241.0,34677.0,2.503,2021,2,
Aus,2019-20,BD6090,Sunamganj,47081.0,45169.0,2.371,2021,1,
Aus,2020-21,BD6090,Sunamganj,50522.0,55001.0,2.69,2022,1,
Aus,2021-22,BD6090,Sunamganj,47641.0,51413.0,2.667,2023,2,
Aus,2022-23,BD6090,Sunamganj,35250.0,41899.0,2.937,2024,2,
Aus,2023-24,BD6090,Sunamganj,32303.0,41856.0,3.202,2025,2,
Aus,2024-25,BD6090,Sunamganj,17864.0,22297.0,3.084,2025,1,
Aus,2013-14,BD6091,Sylhet,91034.0,100550.0,2.729,2016,1,
Aus,2014-15,BD6091,Sylhet,93589.0,98593.0,2.603,2017,2,
Aus,2015-16,BD6091,Sylhet,116049.0,125637.0,2.675,2018,2,
Aus,2016-17,BD6091,Sylhet,115626.0,115909.0,2.477,2019,2,
Aus,2017-18,BD6091,Sylhet,150305.0,157383.0,2.587,2020,2,
Aus,2018-19,BD6091,Sylhet,145374.0,156469.0,2.66,2021,2,
Aus,2019-20,BD6091,Sylhet,187614.0,197358.0,2.599,2021,1,
Aus,2020-21,BD6091,Sylhet,183424.0,196721.0,2.65,2022,1,
Aus,2021-22,BD6091,Sylhet,163120.0,182533.0,2.765,2023,2,
Aus,2022-23,BD6091,Sylhet,64006.0,75533.0,2.916,2024,2,
Aus,2023-24,BD6091,Sylhet,61851.0,78474.0,3.135,2025,2,
Aus,2024-25,BD6091,Sylhet,7730.0,9289.0,2.969,2025,1,
Aus,2013-14,BD3093,Tangail,2905.0,2129.0,1.811,2016,1,
Aus,2014-15,BD3093,Tangail,902.0,546.0,1.496,2017,2,
Aus,2015-16,BD3093,Tangail,2993.0,1282.0,1.058,2018,2,
Aus,2016-17,BD3093,Tangail,2680.0,1545.0,1.425,2019,2,
Aus,2017-18,BD3093,Tangail,2068.0,1364.0,1.63,2020,2,
Aus,2018-19,BD3093,Tangail,2210.0,1519.0,1.698,2021,2,
Aus,2019-20,BD3093,Tangail,1860.0,1828.0,2.429,2021,1,
Aus,2020-21,BD3093,Tangail,2964.0,2569.0,2.142,2022,1,
Aus,2021-22,BD3093,Tangail,4280.0,3147.0,1.817,2023,2,
Aus,2022-23,BD3093,Tangail,5258.0,4441.0,2.087,2024,2,
Aus,2023-24,BD3093,Tangail,6758.0,6311.0,2.308,2025,2,
Aus,2024-25,BD3093,Tangail,6822.0,6755.0,2.447,2025,1,
Aus,2013-14,BD5594,Thakurgaon,3377.0,3353.0,2.453,2016,1,
Aus,2014-15,BD5594,Thakurgaon,7558.0,6884.0,2.251,2017,2,
Aus,2015-16,BD5594,Thakurgaon,24963.0,25466.0,2.521,2018,2,
Aus,2016-17,BD5594,Thakurgaon,23488.0,24014.0,2.526,2019,2,
Aus,2017-18,BD5594,Thakurgaon,36622.0,43345.0,2.925,2020,2,
Aus,2018-19,BD5594,Thakurgaon,37342.0,44214.0,2.926,2021,2,
Aus,2019-20,BD5594,Thakurgaon,36260.0,43488.0,2.964,2021,1,
Aus,2020-21,BD5594,Thakurgaon,61148.0,65964.0,2.666,2022,1,
Aus,2021-22,BD5594,Thakurgaon,54340.0,59127.0,2.689,2023,2,
Aus,2022-23,BD5594,Thakurgaon,50276.0,58871.0,2.893,2024,2,
Aus,2023-24,BD5594,Thakurgaon,47376.0,62064.0,3.237,2025,2,
Aus,2024-25,BD5594,Thakurgaon,42482.0,62056.0,3.61,2025,1,
Boro,2013-14,BD4001,Bagerhat,117362.0,178203.0,3.752,2016,1,
Boro,2014-15,BD4001,Bagerhat,121130.0,190876.0,3.894,2017,2,
Boro,2015-16,BD4001,Bagerhat,122414.0,196045.0,3.957,2018,2,
Boro,2016-17,BD4001,Bagerhat,130054.0,218606.0,4.154,2019,2,
Boro,2017-18,BD4001,Bagerhat,125609.0,219577.0,4.32,2020,2,
Boro,2018-19,BD4001,Bagerhat,138629.0,256997.0,4.581,2021,2,
Boro,2019-20,BD4001,Bagerhat,144443.0,268437.0,4.592,2021,1,
Boro,2020-21,BD4001,Bagerhat,145439.0,268754.0,4.566,2022,1,
Boro,2021-22,BD4001,Bagerhat,144097.0,268314.0,4.601,2023,2,
Boro,2022-23,BD4001,Bagerhat,146660.0,275830.0,4.647,2024,2,
Boro,2023-24,BD4001,Bagerhat,148940.0,279618.0,4.639,2025,2,
Boro,2024-25,BD4001,Bagerhat,149921.0,279790.0,4.612,2025,1,
Boro,2013-14,BD2003,Bandarban,8761.0,10621.0,2.996,2016,1,
Boro,2014-15,BD2003,Bandarban,10978.0,14829.0,3.338,2017,2,
Boro,2015-16,BD2003,Bandarban,11132.0,15312.0,3.399,2018,2,
Boro,2016-17,BD2003,Bandarban,11040.0,13537.0,3.03,2019,2,
Boro,2017-18,BD2003,Bandarban,15573.0,21840.0,3.465,2020,2,
Boro,2018-19,BD2003,Bandarban,15380.0,24253.0,3.897,2021,2,
Boro,2019-20,BD2003,Bandarban,15406.0,24448.0,3.921,2021,1,
Boro,2020-21,BD2003,Bandarban,15427.0,24116.0,3.863,2022,1,
Boro,2021-22,BD2003,Bandarban,15428.0,24483.0,3.921,2023,2,
Boro,2022-23,BD2003,Bandarban,15137.0,23948.0,3.909,2024,2,
Boro,2023-24,BD2003,Bandarban,14843.0,23698.0,3.945,2025,2,
Boro,2024-25,BD2003,Bandarban,14715.0,27449.0,4.609,2025,1,
Boro,2013-14,BD1004,Barguna,1077.0,1277.0,2.93,2016,1,
Boro,2014-15,BD1004,Barguna,726.0,851.0,2.897,2017,2,
Boro,2015-16,BD1004,Barguna,568.0,687.0,2.989,2018,2,
Boro,2016-17,BD1004,Barguna,860.0,1105.0,3.175,2019,2,
Boro,2017-18,BD1004,Barguna,1026.0,1268.0,3.054,2020,2,
Boro,2018-19,BD1004,Barguna,3248.0,3941.0,2.998,2021,2,
Boro,2019-20,BD1004,Barguna,3420.0,4578.0,3.308,2021,1,
Boro,2020-21,BD1004,Barguna,17220.0,22680.0,3.255,2022,1,
Boro,2021-22,BD1004,Barguna,20117.0,29714.0,3.65,2023,2,
Boro,2022-23,BD1004,Barguna,19790.0,25317.0,3.161,2024,2,
Boro,2023-24,BD1004,Barguna,29296.0,39563.0,3.337,2025,2,
Boro,2024-25,BD1004,Barguna,23325.0,32937.0,3.489,2025,1,
Boro,2013-14,BD1006,Barishal,150047.0,226890.0,3.737,2016,1,
Boro,2014-15,BD1006,Barishal,140027.0,203562.0,3.592,2017,2,
Boro,2015-16,BD1006,Barishal,139819.0,209043.0,3.694,2018,2,
Boro,2016-17,BD1006,Barishal,132719.0,205808.0,3.832,2019,2,
Boro,2017-18,BD1006,Barishal,129336.0,201186.0,3.844,2020,2,
Boro,2018-19,BD1006,Barishal,125541.0,195101.0,3.84,2021,2,
Boro,2019-20,BD1006,Barishal,120602.0,197115.0,4.039,2021,1,
Boro,2020-21,BD1006,Barishal,130120.0,209855.0,3.985,2022,1,
Boro,2021-22,BD1006,Barishal,130771.0,214990.0,4.062,2023,2,
Boro,2022-23,BD1006,Barishal,127353.0,214468.0,4.161,2024,2,
Boro,2023-24,BD1006,Barishal,141726.0,241172.0,4.205,2025,2,
Boro,2024-25,BD1006,Barishal,141735.0,242091.0,4.221,2025,1,
Boro,2013-14,BD1009,Bhola,131006.0,171108.0,3.227,2016,1,
Boro,2014-15,BD1009,Bhola,139313.0,173804.0,3.083,2017,2,
Boro,2015-16,BD1009,Bhola,135547.0,176768.0,3.223,2018,2,
Boro,2016-17,BD1009,Bhola,116363.0,165500.0,3.515,2019,2,
Boro,2017-18,BD1009,Bhola,112603.0,160434.0,3.521,2020,2,
Boro,2018-19,BD1009,Bhola,102227.0,161003.0,3.892,2021,2,
Boro,2019-20,BD1009,Bhola,95015.0,150845.0,3.923,2021,1,
Boro,2020-21,BD1009,Bhola,93653.0,145049.0,3.827,2022,1,
Boro,2021-22,BD1009,Bhola,97801.0,167712.0,4.237,2023,2,
Boro,2022-23,BD1009,Bhola,98567.0,167366.0,4.196,2024,2,
Boro,2023-24,BD1009,Bhola,99603.0,170961.0,4.241,2025,2,
Boro,2024-25,BD1009,Bhola,112705.0,198948.0,4.362,2025,1,
Boro,2013-14,BD5010,Bogura,461593.0,756043.0,4.047,2016,1,
Boro,2014-15,BD5010,Bogura,469850.0,688437.0,3.621,2017,2,
Boro,2015-16,BD5010,Bogura,463912.0,702778.0,3.743,2018,2,
Boro,2016-17,BD5010,Bogura,458984.0,719981.0,3.876,2019,2,
Boro,2017-18,BD5010,Bogura,462129.0,728268.0,3.894,2020,2,
Boro,2018-19,BD5010,Bogura,459414.0,709612.0,3.817,2021,2,
Boro,2019-20,BD5010,Bogura,459334.0,721540.0,3.882,2021,1,
Boro,2020-21,BD5010,Bogura,457983.0,719759.0,3.883,2022,1,
Boro,2021-22,BD5010,Bogura,461170.0,720121.0,3.859,2023,2,
Boro,2022-23,BD5010,Bogura,462608.0,773052.0,4.129,2024,2,
Boro,2023-24,BD5010,Bogura,460919.0,779499.0,4.179,2025,2,
Boro,2024-25,BD5010,Bogura,462045.0,729554.0,3.902,2025,1,
Boro,2013-14,BD2012,Brahmanbaria,265204.0,404163.0,3.766,2016,1,
Boro,2014-15,BD2012,Brahmanbaria,268431.0,417044.0,3.839,2017,2,
Boro,2015-16,BD2012,Brahmanbaria,260121.0,410660.0,3.901,2018,2,
Boro,2016-17,BD2012,Brahmanbaria,251223.0,398251.0,3.917,2019,2,
Boro,2017-18,BD2012,Brahmanbaria,301107.0,487732.0,4.003,2020,2,
Boro,2018-19,BD2012,Brahmanbaria,275052.0,471298.0,4.234,2021,2,
Boro,2019-20,BD2012,Brahmanbaria,277442.2,510156.0,4.544,2021,1,
Boro,2020-21,BD2012,Brahmanbaria,276814.0,516316.0,4.609,2022,1,
Boro,2021-22,BD2012,Brahmanbaria,273611.0,435989.0,3.938,2023,2,
Boro,2022-23,BD2012,Brahmanbaria,274737.0,439170.0,3.95,2024,2,
Boro,2023-24,BD2012,Brahmanbaria,275952.0,447369.0,4.006,2025,2,
Boro,2024-25,BD2012,Brahmanbaria,274881.0,482735.0,4.34,2025,1,
Boro,2013-14,BD2013,Chandpur,158722.0,210305.0,3.274,2016,1,
Boro,2014-15,BD2013,Chandpur,159197.0,221831.0,3.443,2017,2,
Boro,2015-16,BD2013,Chandpur,154052.0,212794.0,3.413,2018,2,
Boro,2016-17,BD2013,Chandpur,272975.0,436135.0,3.948,2019,2,
Boro,2017-18,BD2013,Chandpur,167374.0,245503.0,3.625,2020,2,
Boro,2018-19,BD2013,Chandpur,152695.0,237576.0,3.845,2021,2,
Boro,2019-20,BD2013,Chandpur,150261.8,225864.0,3.714,2021,1,
Boro,2020-21,BD2013,Chandpur,150393.0,249509.0,4.1,2022,1,
Boro,2021-22,BD2013,Chandpur,152641.0,272417.0,4.41,2023,2,
Boro,2022-23,BD2013,Chandpur,155580.0,212331.0,3.372,2024,2,
Boro,2023-24,BD2013,Chandpur,157519.0,223400.0,3.505,2025,2,
Boro,2024-25,BD2013,Chandpur,153953.0,230842.0,3.705,2025,1,
Boro,2013-14,BD5070,Chapainababganj,125329.0,196834.0,3.881,2016,1,
Boro,2014-15,BD5070,Chapainababganj,120452.0,182010.0,3.734,2017,2,
Boro,2015-16,BD5070,Chapainababganj,118724.0,177641.0,3.697,2018,2,
Boro,2016-17,BD5070,Chapainababganj,114018.0,175669.0,3.807,2019,2,
Boro,2017-18,BD5070,Chapainababganj,116337.0,183143.0,3.89,2020,2,
Boro,2018-19,BD5070,Chapainababganj,112461.0,164882.0,3.623,2021,2,
Boro,2019-20,BD5070,Chapainababganj,115236.0,194796.0,4.177,2021,1,
Boro,2020-21,BD5070,Chapainababganj,118339.0,213342.0,4.455,2022,1,
Boro,2021-22,BD5070,Chapainababganj,124889.0,225685.0,4.465,2023,2,
Boro,2022-23,BD5070,Chapainababganj,127018.0,237451.0,4.619,2024,2,
Boro,2023-24,BD5070,Chapainababganj,127764.0,231508.0,4.478,2025,2,
Boro,2024-25,BD5070,Chapainababganj,114613.0,224219.0,4.834,2025,1,
Boro,2013-14,BD2015,Chattogram,156762.0,213771.0,3.37,2016,1,
Boro,2014-15,BD2015,Chattogram,163493.0,229999.0,3.476,2017,2,
Boro,2015-16,BD2015,Chattogram,160608.0,222500.0,3.423,2018,2,
Boro,2016-17,BD2015,Chattogram,152058.0,187680.0,3.05,2019,2,
Boro,2017-18,BD2015,Chattogram,152345.0,206040.0,3.342,2020,2,
Boro,2018-19,BD2015,Chattogram,152919.0,244972.0,3.959,2021,2,
Boro,2019-20,BD2015,Chattogram,140971.0,225424.0,3.951,2021,1,
Boro,2020-21,BD2015,Chattogram,155621.0,252243.0,4.005,2022,1,
Boro,2021-22,BD2015,Chattogram,156181.0,253044.0,4.004,2023,2,
Boro,2022-23,BD2015,Chattogram,158763.0,260741.0,4.058,2024,2,
Boro,2023-24,BD2015,Chattogram,161783.0,265986.0,4.063,2025,2,
Boro,2024-25,BD2015,Chattogram,161676.0,269313.0,4.116,2025,1,
Boro,2013-14,BD4018,Chuadanga,101707.0,150362.0,3.653,2016,1,
Boro,2014-15,BD4018,Chuadanga,96880.0,147070.0,3.751,2017,2,
Boro,2015-16,BD4018,Chuadanga,94216.0,144653.0,3.794,2018,2,
Boro,2016-17,BD4018,Chuadanga,86884.0,135832.0,3.863,2019,2,
Boro,2017-18,BD4018,Chuadanga,95706.0,146744.0,3.789,2020,2,
Boro,2018-19,BD4018,Chuadanga,80598.0,131195.0,4.022,2021,2,
Boro,2019-20,BD4018,Chuadanga,77565.0,119258.0,3.799,2021,1,
Boro,2020-21,BD4018,Chuadanga,82100.0,125157.0,3.767,2022,1,
Boro,2021-22,BD4018,Chuadanga,86311.0,139693.0,3.999,2023,2,
Boro,2022-23,BD4018,Chuadanga,91518.0,153494.0,4.144,2024,2,
Boro,2023-24,BD4018,Chuadanga,90064.0,150322.0,4.124,2025,2,
Boro,2024-25,BD4018,Chuadanga,89913.0,153030.0,4.206,2025,1,
Boro,2013-14,BD2022,Cox's Bazar,123297.0,177172.0,3.551,2016,1,
Boro,2014-15,BD2022,Cox's Bazar,122336.0,168003.0,3.393,2017,2,
Boro,2015-16,BD2022,Cox's Bazar,119797.0,168673.0,3.479,2018,2,
Boro,2016-17,BD2022,Cox's Bazar,125933.0,198203.0,3.889,2018,1,
Boro,2018-19,BD2022,Cox's Bazar,129363.0,209201.0,3.996,2021,1,
Boro,2019-20,BD2022,Cox's Bazar,131214.08,212835.0,4.008,2021,1,
Boro,2020-21,BD2022,Cox's Bazar,128735.0,206041.0,3.955,2022,1,
Boro,2021-22,BD2022,Cox's Bazar,128936.0,217873.0,4.176,2023,2,
Boro,2022-23,BD2022,Cox's Bazar,126053.0,215446.0,4.223,2024,2,
Boro,2023-24,BD2022,Cox's Bazar,128946.0,218885.0,4.195,2025,2,
Boro,2024-25,BD2022,Cox's Bazar,128935.0,231174.0,4.43,2025,1,
Boro,2013-14,BD2019,Cumilla,397271.0,615555.0,3.829,2016,1,
Boro,2014-15,BD2019,Cumilla,391810.0,576496.0,3.636,2017,2,
Boro,2015-16,BD2019,Cumilla,392640.0,581778.0,3.661,2018,2,
Boro,2016-17,BD2019,Cumilla,386090.0,574371.0,3.676,2019,2,
Boro,2017-18,BD2019,Cumilla,357657.0,544518.0,3.762,2020,2,
Boro,2018-19,BD2019,Cumilla,384368.0,661982.0,4.256,2021,2,
Boro,2019-20,BD2019,Cumilla,369861.0,655020.0,4.376,2021,1,
Boro,2020-21,BD2019,Cumilla,369206.0,658933.0,4.41,2022,1,
Boro,2021-22,BD2019,Cumilla,371053.0,629280.0,4.191,2023,2,
Boro,2022-23,BD2019,Cumilla,371353.0,626711.0,4.17,2024,2,
Boro,2023-24,BD2019,Cumilla,381427.0,638569.0,4.137,2025,2,
Boro,2024-25,BD2019,Cumilla,386961.0,669437.0,4.275,2025,1,
Boro,2013-14,BD3026,Dhaka,116425.0,200561.0,4.257,2016,1,
Boro,2014-15,BD3026,Dhaka,115814.0,205638.0,4.388,2017,2,
Boro,2015-16,BD3026,Dhaka,117848.0,211933.0,4.444,2018,2,
Boro,2016-17,BD3026,Dhaka,119274.0,218997.0,4.537,2019,2,
Boro,2017-18,BD3026,Dhaka,116528.0,206782.0,4.385,2020,2,
Boro,2018-19,BD3026,Dhaka,116325.0,180847.0,3.842,2021,2,
Boro,2019-20,BD3026,Dhaka,112907.0,234756.0,5.138,2021,1,
Boro,2020-21,BD3026,Dhaka,110401.0,205831.0,4.607,2022,1,
Boro,2021-22,BD3026,Dhaka,103505.0,210018.0,5.014,2023,2,
Boro,2022-23,BD3026,Dhaka,106094.0,197343.0,4.596,2024,2,
Boro,2023-24,BD3026,Dhaka,105330.0,198058.0,4.646,2025,2,
Boro,2024-25,BD3026,Dhaka,103524.0,180735.0,4.314,2025,1,
Boro,2013-14,BD5527,Dinajpur,431169.0,717878.0,4.114,2016,1,
Boro,2014-15,BD5527,Dinajpur,442342.0,735364.0,4.108,2017,2,
Boro,2015-16,BD5527,Dinajpur,438674.0,726107.0,4.09,2018,2,
Boro,2016-17,BD5527,Dinajpur,436172.0,707246.0,4.007,2019,2,
Boro,2017-18,BD5527,Dinajpur,433158.0,716477.0,4.087,2020,2,
Boro,2018-19,BD5527,Dinajpur,421913.0,681567.0,3.992,2021,2,
Boro,2019-20,BD5527,Dinajpur,426619.0,708694.0,4.105,2021,1,
Boro,2020-21,BD5527,Dinajpur,429961.0,711737.0,4.09,2022,1,
Boro,2021-22,BD5527,Dinajpur,425926.0,702653.0,4.077,2023,2,
Boro,2022-23,BD5527,Dinajpur,426815.0,726949.0,4.209,2024,2,
Boro,2023-24,BD5527,Dinajpur,424341.0,717013.0,4.175,2025,2,
Boro,2024-25,BD5527,Dinajpur,424911.0,747918.0,4.349,2025,1,
Boro,2013-14,BD3029,Faridpur,79968.0,139741.0,4.318,2016,1,
Boro,2014-15,BD3029,Faridpur,72886.0,120612.0,4.089,2017,2,
Boro,2015-16,BD3029,Faridpur,70717.0,116346.0,4.065,2018,2,
Boro,2016-17,BD3029,Faridpur,59649.0,100513.0,4.164,2019,2,
Boro,2017-18,BD3029,Faridpur,68707.0,116710.0,4.197,2020,2,
Boro,2018-19,BD3029,Faridpur,56189.0,86868.0,3.82,2021,2,
Boro,2019-20,BD3029,Faridpur,57386.0,107153.0,4.614,2021,1,
Boro,2020-21,BD3029,Faridpur,56903.0,106298.0,4.616,2022,1,
Boro,2021-22,BD3029,Faridpur,57157.0,102413.0,4.428,2023,2,
Boro,2022-23,BD3029,Faridpur,56708.0,104006.0,4.532,2024,2,
Boro,2023-24,BD3029,Faridpur,55765.0,105177.0,4.661,2025,2,
Boro,2024-25,BD3029,Faridpur,57497.0,109137.0,4.69,2025,1,
Boro,2013-14,BD2030,Feni,81950.0,121469.0,3.663,2016,1,
Boro,2014-15,BD2030,Feni,77898.0,111634.0,3.541,2017,2,
Boro,2015-16,BD2030,Feni,78573.0,113281.0,3.563,2018,2,
Boro,2016-17,BD2030,Feni,73438.0,110208.0,3.708,2019,2,
Boro,2017-18,BD2030,Feni,82733.0,121757.0,3.637,2020,2,
Boro,2018-19,BD2030,Feni,66247.0,95107.0,3.548,2021,2,
Boro,2019-20,BD2030,Feni,66722.0,96580.0,3.577,2021,1,
Boro,2020-21,BD2030,Feni,66737.0,98612.0,3.651,2022,1,
Boro,2021-22,BD2030,Feni,72569.0,101359.0,3.451,2023,2,
Boro,2022-23,BD2030,Feni,73082.0,102511.0,3.466,2024,2,
Boro,2023-24,BD2030,Feni,77150.0,109461.0,3.506,2025,2,
Boro,2024-25,BD2030,Feni,76652.0,114839.0,3.702,2025,1,
Boro,2013-14,BD5532,Gaibandha,295808.0,484925.0,4.051,2016,1,
Boro,2014-15,BD5532,Gaibandha,307024.0,480520.0,3.867,2017,2,
Boro,2015-16,BD5532,Gaibandha,301991.0,467757.0,3.827,2018,2,
Boro,2016-17,BD5532,Gaibandha,309798.0,481240.0,3.839,2019,2,
Boro,2017-18,BD5532,Gaibandha,309132.0,458840.0,3.668,2020,2,
Boro,2018-19,BD5532,Gaibandha,306598.0,479310.0,3.863,2021,2,
Boro,2019-20,BD5532,Gaibandha,320017.0,514340.0,3.972,2021,1,
Boro,2020-21,BD5532,Gaibandha,321264.0,523837.0,4.029,2022,1,
Boro,2021-22,BD5532,Gaibandha,314754.0,511704.0,4.017,2023,2,
Boro,2022-23,BD5532,Gaibandha,309341.0,525296.0,4.196,2024,2,
Boro,2023-24,BD5532,Gaibandha,308604.0,540718.0,4.33,2025,2,
Boro,2024-25,BD5532,Gaibandha,314609.0,559850.0,4.397,2025,1,
Boro,2013-14,BD3033,Gazipur,149429.0,228161.0,3.773,2016,1,
Boro,2014-15,BD3033,Gazipur,149509.0,231718.0,3.83,2017,2,
Boro,2015-16,BD3033,Gazipur,146056.0,234186.0,3.962,2018,2,
Boro,2016-17,BD3033,Gazipur,139403.0,223605.0,3.964,2019,2,
Boro,2017-18,BD3033,Gazipur,134220.0,217327.0,4.001,2020,2,
Boro,2018-19,BD3033,Gazipur,145671.0,244017.0,4.139,2021,2,
Boro,2019-20,BD3033,Gazipur,146601.7,246388.0,4.153,2021,1,
Boro,2020-21,BD3033,Gazipur,146748.0,257662.0,4.339,2022,1,
Boro,2021-22,BD3033,Gazipur,142459.0,247769.0,4.298,2023,2,
Boro,2022-23,BD3033,Gazipur,145802.0,254806.0,4.318,2024,2,
Boro,2023-24,BD3033,Gazipur,145796.0,258322.0,4.378,2025,2,
Boro,2024-25,BD3033,Gazipur,141456.0,249427.0,4.357,2025,1,
Boro,2013-14,BD3035,Gopalganj,190461.0,353127.0,4.581,2016,1,
Boro,2014-15,BD3035,Gopalganj,199907.0,369964.0,4.573,2017,2,
Boro,2015-16,BD3035,Gopalganj,195773.0,365589.0,4.614,2018,2,
Boro,2016-17,BD3035,Gopalganj,185730.0,354418.0,4.715,2019,2,
Boro,2017-18,BD3035,Gopalganj,181159.0,351873.0,4.8,2020,2,
Boro,2018-19,BD3035,Gopalganj,182439.0,354394.0,4.8,2021,2,
Boro,2019-20,BD3035,Gopalganj,182838.6,378580.0,5.116,2021,1,
Boro,2020-21,BD3035,Gopalganj,183726.0,366425.0,4.928,2022,1,
Boro,2021-22,BD3035,Gopalganj,189515.0,387234.0,5.049,2023,2,
Boro,2022-23,BD3035,Gopalganj,198871.0,429796.0,5.34,2024,2,
Boro,2023-24,BD3035,Gopalganj,207351.0,451046.0,5.375,2025,2,
Boro,2024-25,BD3035,Gopalganj,205743.0,439989.0,5.284,2025,1,
Boro,2013-14,BD6036,Habiganj,253443.0,335085.0,3.267,2016,1,
Boro,2014-15,BD6036,Habiganj,278283.0,405436.0,3.6,2017,2,
Boro,2015-16,BD6036,Habiganj,277685.0,401138.0,3.57,2018,2,
Boro,2016-17,BD6036,Habiganj,236780.0,337832.0,3.526,2019,2,
Boro,2017-18,BD6036,Habiganj,267184.0,397845.0,3.679,2020,2,
Boro,2018-19,BD6036,Habiganj,290146.0,408473.0,3.479,2021,2,
Boro,2019-20,BD6036,Habiganj,295694.0,411976.0,3.443,2021,1,
Boro,2020-21,BD6036,Habiganj,295677.0,437550.0,3.657,2022,1,
Boro,2021-22,BD6036,Habiganj,301859.0,461591.0,3.779,2023,2,
Boro,2022-23,BD6036,Habiganj,302203.0,501786.0,4.103,2024,2,
Boro,2023-24,BD6036,Habiganj,294028.0,511615.0,4.3,2025,2,
Boro,2024-25,BD6036,Habiganj,295995.0,512169.0,4.276,2025,1,
Boro,2013-14,BD4539,Jamalpur,318134.0,506840.0,3.937,2016,1,
Boro,2014-15,BD4539,Jamalpur,322547.0,503034.0,3.854,2017,2,
Boro,2015-16,BD4539,Jamalpur,317395.0,524431.0,4.083,2018,2,
Boro,2016-17,BD4539,Jamalpur,317985.0,506653.0,3.937,2019,2,
Boro,2017-18,BD4539,Jamalpur,324055.0,519047.0,3.958,2020,2,
Boro,2018-19,BD4539,Jamalpur,317764.0,514788.0,4.003,2021,2,
Boro,2019-20,BD4539,Jamalpur,318066.0,514230.0,3.995,2021,1,
Boro,2020-21,BD4539,Jamalpur,322186.0,551535.0,4.23,2022,1,
Boro,2021-22,BD4539,Jamalpur,319474.0,524828.0,4.059,2023,2,
Boro,2022-23,BD4539,Jamalpur,317126.0,530669.0,4.135,2024,2,
Boro,2023-24,BD4539,Jamalpur,319191.0,550638.0,4.263,2025,2,
Boro,2024-25,BD4539,Jamalpur,314709.0,492984.0,3.871,2025,1,
Boro,2013-14,BD4041,Jashore,392454.0,654035.0,4.118,2016,1,
Boro,2014-15,BD4041,Jashore,388458.0,661229.0,4.206,2017,2,
Boro,2015-16,BD4041,Jashore,385778.0,652053.0,4.177,2018,2,
Boro,2016-17,BD4041,Jashore,375519.0,669014.0,4.402,2019,2,
Boro,2017-18,BD4041,Jashore,395637.0,669316.0,4.18,2020,2,
Boro,2018-19,BD4041,Jashore,400271.0,749344.0,4.626,2021,2,
Boro,2019-20,BD4041,Jashore,391749.0,733189.0,4.625,2021,1,
Boro,2020-21,BD4041,Jashore,388502.0,703045.0,4.472,2022,1,
Boro,2021-22,BD4041,Jashore,388152.0,700934.0,4.462,2023,2,
Boro,2022-23,BD4041,Jashore,394256.0,751125.0,4.708,2024,2,
Boro,2023-24,BD4041,Jashore,391207.0,747657.0,4.723,2025,2,
Boro,2024-25,BD4041,Jashore,385625.0,695497.0,4.457,2025,1,
Boro,2013-14,BD1042,Jhalokati,27694.0,44775.0,3.995,2016,1,
Boro,2014-15,BD1042,Jhalokati,23398.0,36356.0,3.84,2017,2,
Boro,2015-16,BD1042,Jhalokati,20793.0,32379.0,3.848,2018,2,
Boro,2016-17,BD1042,Jhalokati,21239.0,33249.0,3.868,2019,2,
Boro,2017-18,BD1042,Jhalokati,24217.0,37965.0,3.874,2020,2,
Boro,2018-19,BD1042,Jhalokati,23759.0,35488.0,3.691,2021,2,
Boro,2019-20,BD1042,Jhalokati,22542.0,34909.0,3.827,2021,1,
Boro,2020-21,BD1042,Jhalokati,26405.0,40037.0,3.747,2022,1,
Boro,2021-22,BD1042,Jhalokati,26701.0,36347.0,3.364,2023,2,
Boro,2022-23,BD1042,Jhalokati,30597.0,44013.0,3.555,2024,2,
Boro,2023-24,BD1042,Jhalokati,29070.0,42410.0,3.605,2025,2,
Boro,2024-25,BD1042,Jhalokati,28735.0,45041.0,3.873,2025,1,
Boro,2013-14,BD4044,Jhenaidah,216308.0,364891.0,4.168,2016,1,
Boro,2014-15,BD4044,Jhenaidah,214866.0,368315.0,4.236,2017,2,
Boro,2015-16,BD4044,Jhenaidah,212646.0,359742.0,4.18,2018,2,
Boro,2016-17,BD4044,Jhenaidah,205622.0,359083.0,4.315,2019,2,
Boro,2017-18,BD4044,Jhenaidah,213297.0,366404.0,4.245,2020,2,
Boro,2018-19,BD4044,Jhenaidah,216193.0,393930.0,4.503,2021,2,
Boro,2019-20,BD4044,Jhenaidah,200233.0,365940.0,4.516,2021,1,
Boro,2020-21,BD4044,Jhenaidah,197602.0,339889.0,4.25,2022,1,
Boro,2021-22,BD4044,Jhenaidah,210787.0,389737.0,4.569,2023,2,
Boro,2022-23,BD4044,Jhenaidah,221650.0,391242.0,4.362,2024,2,
Boro,2023-24,BD4044,Jhenaidah,222359.0,398930.0,4.433,2025,2,
Boro,2024-25,BD4044,Jhenaidah,222993.0,384376.0,4.259,2025,1,
Boro,2013-14,BD5038,Joypurhat,170458.0,313101.0,4.539,2016,1,
Boro,2014-15,BD5038,Joypurhat,170996.0,283055.0,4.09,2017,2,
Boro,2015-16,BD5038,Joypurhat,166936.0,290368.0,4.298,2018,2,
Boro,2016-17,BD5038,Joypurhat,168101.0,293753.0,4.318,2019,2,
Boro,2017-18,BD5038,Joypurhat,168122.0,277035.0,4.072,2020,2,
Boro,2018-19,BD5038,Joypurhat,175065.0,290082.0,4.095,2021,2,
Boro,2019-20,BD5038,Joypurhat,175371.0,270850.0,3.816,2021,1,
Boro,2020-21,BD5038,Joypurhat,169581.0,279023.0,4.066,2022,1,
Boro,2021-22,BD5038,Joypurhat,168643.0,262958.0,3.853,2023,2,
Boro,2022-23,BD5038,Joypurhat,169542.0,253454.0,3.694,2024,2,
Boro,2023-24,BD5038,Joypurhat,171221.0,261476.0,3.774,2025,2,
Boro,2024-25,BD5038,Joypurhat,169889.0,317328.0,4.616,2025,1,
Boro,2013-14,BD2046,Khagrachhari,25280.0,34202.0,3.343,2016,1,
Boro,2014-15,BD2046,Khagrachhari,25537.0,35101.0,3.396,2017,2,
Boro,2015-16,BD2046,Khagrachhari,24437.0,31887.0,3.224,2018,2,
Boro,2016-17,BD2046,Khagrachhari,24429.0,33095.0,3.348,2019,2,
Boro,2017-18,BD2046,Khagrachhari,24946.0,34654.0,3.433,2020,2,
Boro,2018-19,BD2046,Khagrachhari,24906.0,36380.0,3.609,2021,2,
Boro,2019-20,BD2046,Khagrachhari,26890.5,40315.0,3.705,2021,1,
Boro,2020-21,BD2046,Khagrachhari,26856.0,41588.0,3.827,2022,1,
Boro,2021-22,BD2046,Khagrachhari,26931.0,40803.0,3.744,2023,2,
Boro,2022-23,BD2046,Khagrachhari,26833.0,41804.0,3.85,2024,2,
Boro,2023-24,BD2046,Khagrachhari,26934.0,42148.0,3.867,2025,2,
Boro,2024-25,BD2046,Khagrachhari,26864.0,41029.0,3.774,2025,1,
Boro,2013-14,BD4047,Khulna,121589.0,198721.0,4.039,2016,1,
Boro,2014-15,BD4047,Khulna,118687.0,178972.0,3.726,2017,2,
Boro,2015-16,BD4047,Khulna,121788.0,176698.0,3.585,2018,2,
Boro,2016-17,BD4047,Khulna,121063.0,198900.0,4.06,2019,2,
Boro,2017-18,BD4047,Khulna,120618.0,194455.0,3.984,2020,2,
Boro,2018-19,BD4047,Khulna,141987.0,269538.0,4.691,2021,2,
Boro,2019-20,BD4047,Khulna,145922.0,249918.0,4.232,2021,1,
Boro,2020-21,BD4047,Khulna,142077.0,243273.0,4.231,2022,1,
Boro,2021-22,BD4047,Khulna,147880.0,240362.0,4.016,2023,2,
Boro,2022-23,BD4047,Khulna,147631.0,248551.0,4.16,2024,2,
Boro,2023-24,BD4047,Khulna,142753.0,245768.0,4.254,2025,2,
Boro,2024-25,BD4047,Khulna,149188.0,269728.0,4.468,2025,1,
Boro,2013-14,BD3048,Kishoreganj,411155.0,673689.0,4.049,2016,1,
Boro,2014-15,BD3048,Kishoreganj,420234.0,713696.0,4.197,2017,2,
Boro,2015-16,BD3048,Kishoreganj,416714.0,699047.0,4.145,2018,2,
Boro,2016-17,BD3048,Kishoreganj,287295.0,503363.0,4.329,2019,2,
Boro,2017-18,BD3048,Kishoreganj,390889.0,688623.0,4.353,2020,2,
Boro,2018-19,BD3048,Kishoreganj,408992.0,712400.0,4.304,2021,2,
Boro,2019-20,BD3048,Kishoreganj,408013.0,696629.0,4.219,2021,1,
Boro,2020-21,BD3048,Kishoreganj,403798.0,694537.0,4.25,2022,1,
Boro,2021-22,BD3048,Kishoreganj,404788.0,670800.0,4.095,2023,2,
Boro,2022-23,BD3048,Kishoreganj,406293.0,696448.0,4.236,2024,2,
Boro,2023-24,BD3048,Kishoreganj,406076.0,706342.0,4.298,2025,2,
Boro,2024-25,BD3048,Kishoreganj,404829.0,718690.0,4.387,2025,1,
Boro,2013-14,BD5549,Kurigram,239508.0,410475.0,4.235,2016,1,
Boro,2014-15,BD5549,Kurigram,249683.0,416497.0,4.122,2017,2,
Boro,2015-16,BD5549,Kurigram,250551.0,419821.0,4.14,2018,2,
Boro,2016-17,BD5549,Kurigram,264482.0,428420.0,4.003,2019,2,
Boro,2017-18,BD5549,Kurigram,289911.0,485934.0,4.142,2020,2,
Boro,2018-19,BD5549,Kurigram,280420.0,477747.0,4.21,2021,2,
Boro,2019-20,BD5549,Kurigram,280520.0,460534.0,4.057,2021,1,
Boro,2020-21,BD5549,Kurigram,276736.0,444758.0,3.971,2022,1,
Boro,2021-22,BD5549,Kurigram,277400.0,493847.0,4.399,2023,2,
Boro,2022-23,BD5549,Kurigram,278828.0,483310.0,4.283,2024,2,
Boro,2023-24,BD5549,Kurigram,287782.0,485046.0,4.165,2025,2,
Boro,2024-25,BD5549,Kurigram,286448.0,500297.0,4.316,2025,1,
Boro,2013-14,BD4050,Kushtia,87037.0,142749.0,4.053,2016,1,
Boro,2014-15,BD4050,Kushtia,90214.0,141938.0,3.888,2017,2,
Boro,2015-16,BD4050,Kushtia,89276.0,133117.0,3.685,2018,2,
Boro,2016-17,BD4050,Kushtia,84044.0,135811.0,3.993,2019,2,
Boro,2017-18,BD4050,Kushtia,70446.0,115237.0,4.042,2020,2,
Boro,2018-19,BD4050,Kushtia,86345.0,147782.0,4.229,2021,2,
Boro,2019-20,BD4050,Kushtia,84391.0,138682.0,4.061,2021,1,
Boro,2020-21,BD4050,Kushtia,86620.0,149437.0,4.263,2022,1,
Boro,2021-22,BD4050,Kushtia,87914.0,144077.0,4.05,2023,2,
Boro,2022-23,BD4050,Kushtia,88639.0,151597.0,4.226,2024,2,
Boro,2023-24,BD4050,Kushtia,87991.0,155802.0,4.375,2025,2,
Boro,2024-25,BD4050,Kushtia,85450.0,155179.0,4.487,2025,1,
Boro,2013-14,BD2051,Lakshmipur,68304.0,114550.0,4.144,2016,1,
Boro,2014-15,BD2051,Lakshmipur,65474.0,100316.0,3.786,2017,2,
Boro,2015-16,BD2051,Lakshmipur,58515.0,91176.0,3.85,2018,2,
Boro,2016-17,BD2051,Lakshmipur,58516.0,90546.0,3.824,2019,2,
Boro,2017-18,BD2051,Lakshmipur,65264.0,103391.0,3.915,2020,2,
Boro,2018-19,BD2051,Lakshmipur,64324.0,112820.0,4.334,2021,2,
Boro,2019-20,BD2051,Lakshmipur,70241.0,114894.0,4.042,2021,1,
Boro,2020-21,BD2051,Lakshmipur,76552.0,120280.0,3.883,2022,1,
Boro,2021-22,BD2051,Lakshmipur,78854.0,123692.0,3.876,2023,2,
Boro,2022-23,BD2051,Lakshmipur,82319.0,114598.0,3.44,2024,2,
Boro,2023-24,BD2051,Lakshmipur,83727.0,118026.0,3.483,2025,2,
Boro,2024-25,BD2051,Lakshmipur,90879.0,133299.0,3.624,2025,1,
Boro,2013-14,BD5552,Lalmonirhat,131646.0,217658.0,4.086,2016,1,
Boro,2014-15,BD5552,Lalmonirhat,125607.0,204704.0,4.027,2017,2,
Boro,2015-16,BD5552,Lalmonirhat,117915.0,188861.0,3.958,2018,2,
Boro,2016-17,BD5552,Lalmonirhat,118304.0,197277.0,4.121,2019,2,
Boro,2017-18,BD5552,Lalmonirhat,118245.0,178761.0,3.736,2020,2,
Boro,2018-19,BD5552,Lalmonirhat,112540.0,179177.0,3.934,2021,2,
Boro,2019-20,BD5552,Lalmonirhat,110257.0,179168.0,4.015,2021,1,
Boro,2020-21,BD5552,Lalmonirhat,114112.0,191901.0,4.156,2022,1,
Boro,2021-22,BD5552,Lalmonirhat,116608.0,197689.0,4.189,2023,2,
Boro,2022-23,BD5552,Lalmonirhat,118624.0,204819.0,4.267,2024,2,
Boro,2023-24,BD5552,Lalmonirhat,120047.0,207179.0,4.265,2025,2,
Boro,2024-25,BD5552,Lalmonirhat,116719.0,207166.0,4.386,2025,1,
Boro,2013-14,BD3054,Madaripur,99970.0,164460.0,4.065,2016,1,
Boro,2014-15,BD3054,Madaripur,96993.0,166068.0,4.231,2017,2,
Boro,2015-16,BD3054,Madaripur,95444.0,166198.0,4.303,2018,2,
Boro,2016-17,BD3054,Madaripur,80358.0,145625.0,4.478,2019,2,
Boro,2017-18,BD3054,Madaripur,83220.0,147047.0,4.366,2020,2,
Boro,2018-19,BD3054,Madaripur,86878.0,145874.0,4.149,2021,2,
Boro,2019-20,BD3054,Madaripur,83347.05,148488.0,4.402,2021,1,
Boro,2020-21,BD3054,Madaripur,80650.0,138886.0,4.255,2022,1,
Boro,2021-22,BD3054,Madaripur,79724.0,146174.0,4.531,2023,2,
Boro,2022-23,BD3054,Madaripur,80360.0,141088.0,4.338,2024,2,
Boro,2023-24,BD3054,Madaripur,82926.0,143173.0,4.266,2025,2,
Boro,2024-25,BD3054,Madaripur,80037.0,145960.0,4.506,2025,1,
Boro,2013-14,BD4055,Magura,96647.0,154191.0,3.942,2016,1,
Boro,2014-15,BD4055,Magura,94172.0,148980.0,3.909,2017,2,
Boro,2015-16,BD4055,Magura,91241.0,135459.0,3.669,2018,2,
Boro,2016-17,BD4055,Magura,83562.0,138638.0,4.1,2019,2,
Boro,2017-18,BD4055,Magura,105507.0,178989.0,4.192,2020,2,
Boro,2018-19,BD4055,Magura,93499.0,147455.0,3.897,2021,2,
Boro,2019-20,BD4055,Magura,90565.0,134315.0,3.665,2021,1,
Boro,2020-21,BD4055,Magura,86301.0,132515.0,3.794,2022,1,
Boro,2021-22,BD4055,Magura,90027.0,137675.0,3.779,2023,2,
Boro,2022-23,BD4055,Magura,88539.0,146432.0,4.087,2024,2,
Boro,2023-24,BD4055,Magura,90708.0,152707.0,4.16,2025,2,
Boro,2024-25,BD4055,Magura,91104.0,166334.0,4.512,2025,1,
Boro,2013-14,BD3056,Manikganj,146376.0,256514.0,4.33,2016,1,
Boro,2014-15,BD3056,Manikganj,144337.0,265448.0,4.544,2017,2,
Boro,2015-16,BD3056,Manikganj,135439.0,239964.0,4.378,2018,2,
Boro,2016-17,BD3056,Manikganj,124954.0,230617.0,4.561,2019,2,
Boro,2017-18,BD3056,Manikganj,114988.0,206622.0,4.44,2020,2,
Boro,2018-19,BD3056,Manikganj,116018.0,206490.0,4.398,2021,2,
Boro,2019-20,BD3056,Manikganj,115057.0,220673.0,4.739,2021,1,
Boro,2020-21,BD3056,Manikganj,118316.0,231520.0,4.835,2022,1,
Boro,2021-22,BD3056,Manikganj,116930.0,220923.0,4.669,2023,2,
Boro,2022-23,BD3056,Manikganj,120546.0,244577.0,5.014,2024,2,
Boro,2023-24,BD3056,Manikganj,119016.0,241729.0,5.019,2025,2,
Boro,2024-25,BD3056,Manikganj,118328.0,239218.0,4.996,2025,1,
Boro,2013-14,BD4057,Meherpur,53849.0,86868.0,3.986,2016,1,
Boro,2014-15,BD4057,Meherpur,53706.0,92927.0,4.276,2017,2,
Boro,2015-16,BD4057,Meherpur,49275.0,80086.0,4.016,2018,2,
Boro,2016-17,BD4057,Meherpur,52980.0,85244.0,3.976,2019,2,
Boro,2017-18,BD4057,Meherpur,33674.0,55837.0,4.097,2020,2,
Boro,2018-19,BD4057,Meherpur,53273.0,81545.0,3.782,2021,2,
Boro,2019-20,BD4057,Meherpur,49938.0,77792.0,3.849,2021,1,
Boro,2020-21,BD4057,Meherpur,47938.0,77060.0,3.972,2022,1,
Boro,2021-22,BD4057,Meherpur,48832.0,80617.0,4.079,2023,2,
Boro,2022-23,BD4057,Meherpur,45179.0,73431.0,4.016,2024,2,
Boro,2023-24,BD4057,Meherpur,45620.0,77123.0,4.177,2025,2,
Boro,2024-25,BD4057,Meherpur,45100.0,72002.0,3.945,2025,1,
Boro,2013-14,BD6058,Moulvibazar,118060.0,146683.0,3.07,2016,1,
Boro,2014-15,BD6058,Moulvibazar,124905.0,165083.0,3.266,2017,2,
Boro,2015-16,BD6058,Moulvibazar,121840.0,172134.0,3.491,2018,2,
Boro,2016-17,BD6058,Moulvibazar,97087.0,132412.0,3.37,2019,2,
Boro,2017-18,BD6058,Moulvibazar,130828.0,179313.0,3.387,2020,2,
Boro,2018-19,BD6058,Moulvibazar,130103.0,167550.0,3.182,2021,2,
Boro,2019-20,BD6058,Moulvibazar,131039.0,187026.0,3.527,2021,1,
Boro,2020-21,BD6058,Moulvibazar,138015.0,181159.0,3.244,2022,1,
Boro,2021-22,BD6058,Moulvibazar,140959.0,228871.0,4.012,2023,2,
Boro,2022-23,BD6058,Moulvibazar,147640.0,289317.0,4.842,2024,2,
Boro,2023-24,BD6058,Moulvibazar,141875.0,279148.0,4.862,2025,2,
Boro,2024-25,BD6058,Moulvibazar,144927.0,242800.0,4.14,2025,1,
Boro,2013-14,BD3059,Munshiganj,61263.0,100077.0,4.037,2016,1,
Boro,2014-15,BD3059,Munshiganj,61265.0,104440.0,4.212,2017,2,
Boro,2015-16,BD3059,Munshiganj,60958.0,103049.0,4.177,2018,2,
Boro,2016-17,BD3059,Munshiganj,59424.0,100860.0,4.194,2019,2,
Boro,2017-18,BD3059,Munshiganj,65360.0,109007.0,4.121,2020,2,
Boro,2018-19,BD3059,Munshiganj,51267.0,83370.0,4.018,2021,2,
Boro,2019-20,BD3059,Munshiganj,56052.0,97062.0,4.279,2021,1,
Boro,2020-21,BD3059,Munshiganj,56700.0,101346.0,4.417,2022,1,
Boro,2021-22,BD3059,Munshiganj,58671.0,105703.0,4.452,2023,2,
Boro,2022-23,BD3059,Munshiganj,57451.0,96682.0,4.158,2024,2,
Boro,2023-24,BD3059,Munshiganj,57873.0,96206.0,4.108,2025,2,
Boro,2024-25,BD3059,Munshiganj,58349.0,99246.0,4.203,2025,1,
Boro,2013-14,BD4561,Mymensingh,646955.0,1076409.0,4.111,2016,1,
Boro,2014-15,BD4561,Mymensingh,654973.0,1080151.0,4.075,2017,2,
Boro,2015-16,BD4561,Mymensingh,652496.0,1074189.0,4.068,2018,2,
Boro,2016-17,BD4561,Mymensingh,650569.0,1072834.0,4.075,2019,2,
Boro,2017-18,BD4561,Mymensingh,657913.0,1107015.0,4.158,2020,2,
Boro,2018-19,BD4561,Mymensingh,633691.0,1018506.0,3.972,2021,2,
Boro,2019-20,BD4561,Mymensingh,644381.0,1002998.0,3.846,2021,1,
Boro,2020-21,BD4561,Mymensingh,645176.0,1077242.0,4.126,2022,1,
Boro,2021-22,BD4561,Mymensingh,643575.0,1024213.0,3.933,2023,2,
Boro,2022-23,BD4561,Mymensingh,644109.0,1057952.0,4.059,2024,2,
Boro,2023-24,BD4561,Mymensingh,636651.0,1062194.0,4.123,2025,2,
Boro,2024-25,BD4561,Mymensingh,630607.0,1121857.0,4.396,2025,1,
Boro,2013-14,BD5064,Naogaon,476060.0,863446.0,4.482,2016,1,
Boro,2014-15,BD5064,Naogaon,500960.0,844183.0,4.164,2017,2,
Boro,2015-16,BD5064,Naogaon,495864.0,826198.0,4.117,2018,2,
Boro,2016-17,BD5064,Naogaon,474473.0,789518.0,4.112,2019,2,
Boro,2017-18,BD5064,Naogaon,491766.0,813546.0,4.088,2020,2,
Boro,2018-19,BD5064,Naogaon,464598.0,816283.0,4.342,2021,2,
Boro,2019-20,BD5064,Naogaon,455511.0,807132.0,4.379,2021,1,
Boro,2020-21,BD5064,Naogaon,458122.0,818693.0,4.416,2022,1,
Boro,2021-22,BD5064,Naogaon,465879.0,844068.0,4.477,2023,2,
Boro,2022-23,BD5064,Naogaon,470519.0,861924.0,4.527,2024,2,
Boro,2023-24,BD5064,Naogaon,476701.0,870791.0,4.514,2025,2,
Boro,2024-25,BD5064,Naogaon,472568.0,918172.0,4.801,2025,1,
Boro,2013-14,BD4065,Narail,85464.0,121432.0,3.511,2016,1,
Boro,2014-15,BD4065,Narail,92021.0,148926.0,3.999,2017,2,
Boro,2015-16,BD4065,Narail,90833.0,143207.0,3.896,2018,2,
Boro,2016-17,BD4065,Narail,94201.0,157436.0,4.13,2019,2,
Boro,2017-18,BD4065,Narail,145950.0,248491.0,4.207,2020,2,
Boro,2018-19,BD4065,Narail,130250.0,229374.0,4.352,2021,2,
Boro,2019-20,BD4065,Narail,121723.0,218593.0,4.438,2021,1,
Boro,2020-21,BD4065,Narail,116842.0,216119.0,4.571,2022,1,
Boro,2021-22,BD4065,Narail,120152.0,219006.0,4.504,2023,2,
Boro,2022-23,BD4065,Narail,122978.0,223439.0,4.49,2024,2,
Boro,2023-24,BD4065,Narail,125153.0,229784.0,4.537,2025,2,
Boro,2024-25,BD4065,Narail,125661.0,232094.0,4.564,2025,1,
Boro,2013-14,BD3067,Narayanganj,69119.0,117576.0,4.203,2016,1,
Boro,2014-15,BD3067,Narayanganj,66127.0,101839.0,3.806,2017,2,
Boro,2015-16,BD3067,Narayanganj,63835.0,95581.0,3.7,2018,2,
Boro,2016-17,BD3067,Narayanganj,62370.0,99814.0,3.955,2019,2,
Boro,2017-18,BD3067,Narayanganj,64294.0,101289.0,3.893,2020,2,
Boro,2018-19,BD3067,Narayanganj,56655.0,88328.0,3.852,2021,2,
Boro,2019-20,BD3067,Narayanganj,54032.0,92264.0,4.22,2021,1,
Boro,2020-21,BD3067,Narayanganj,49627.0,86422.0,4.303,2022,1,
Boro,2021-22,BD3067,Narayanganj,48062.0,77533.0,3.986,2023,2,
Boro,2022-23,BD3067,Narayanganj,48899.0,82400.0,4.164,2024,2,
Boro,2023-24,BD3067,Narayanganj,48594.0,84931.0,4.319,2025,2,
Boro,2024-25,BD3067,Narayanganj,48411.0,87643.0,4.474,2025,1,
Boro,2013-14,BD3068,Narsingdi,132769.0,205812.0,3.831,2016,1,
Boro,2014-15,BD3068,Narsingdi,125561.0,196927.0,3.876,2017,2,
Boro,2015-16,BD3068,Narsingdi,131181.0,197940.0,3.729,2018,2,
Boro,2016-17,BD3068,Narsingdi,126303.0,190769.0,3.732,2019,2,
Boro,2017-18,BD3068,Narsingdi,124081.0,186560.0,3.715,2020,2,
Boro,2018-19,BD3068,Narsingdi,116933.0,191747.0,4.052,2021,2,
Boro,2019-20,BD3068,Narsingdi,130431.7,206813.0,3.918,2021,1,
Boro,2020-21,BD3068,Narsingdi,132083.0,211748.0,3.961,2022,1,
Boro,2021-22,BD3068,Narsingdi,134037.0,208025.0,3.835,2023,2,
Boro,2022-23,BD3068,Narsingdi,132668.0,205033.0,3.819,2024,2,
Boro,2023-24,BD3068,Narsingdi,132260.0,205199.0,3.834,2025,2,
Boro,2024-25,BD3068,Narsingdi,133130.0,243077.0,4.512,2025,1,
Boro,2013-14,BD5069,Natore,139970.0,249564.0,4.406,2016,1,
Boro,2014-15,BD5069,Natore,136334.0,253141.0,4.588,2017,2,
Boro,2015-16,BD5069,Natore,132150.0,242312.0,4.531,2018,2,
Boro,2016-17,BD5069,Natore,130013.0,242317.0,4.606,2019,2,
Boro,2017-18,BD5069,Natore,146351.0,274525.0,4.635,2020,2,
Boro,2018-19,BD5069,Natore,151744.0,275484.0,4.486,2021,2,
Boro,2019-20,BD5069,Natore,144341.0,253950.0,4.348,2021,1,
Boro,2020-21,BD5069,Natore,148250.0,258336.0,4.306,2022,1,
Boro,2021-22,BD5069,Natore,148159.0,256899.0,4.285,2023,2,
Boro,2022-23,BD5069,Natore,149421.0,274616.0,4.541,2024,2,
Boro,2023-24,BD5069,Natore,147235.0,271965.0,4.564,2025,2,
Boro,2024-25,BD5069,Natore,145097.0,259215.0,4.415,2025,1,
Boro,2013-14,BD4572,Netrakona,431989.0,707864.0,4.049,2016,1,
Boro,2014-15,BD4572,Netrakona,439222.0,702750.0,3.954,2017,2,
Boro,2015-16,BD4572,Netrakona,444073.0,722996.0,4.023,2018,2,
Boro,2016-17,BD4572,Netrakona,347960.0,563439.0,4.001,2019,2,
Boro,2017-18,BD4572,Netrakona,424721.0,714290.0,4.156,2020,2,
Boro,2018-19,BD4572,Netrakona,451465.0,722000.0,3.952,2021,2,
Boro,2019-20,BD4572,Netrakona,451943.0,811917.0,4.439,2021,1,
Boro,2020-21,BD4572,Netrakona,449438.0,749905.0,4.123,2022,1,
Boro,2021-22,BD4572,Netrakona,446323.0,740659.0,4.101,2023,2,
Boro,2022-23,BD4572,Netrakona,446541.0,768778.0,4.254,2024,2,
Boro,2023-24,BD4572,Netrakona,452071.0,784656.0,4.289,2025,2,
Boro,2024-25,BD4572,Netrakona,453682.0,832287.0,4.533,2025,1,
Boro,2013-14,BD5573,Nilphamari,204352.0,331808.0,4.012,2016,1,
Boro,2014-15,BD5573,Nilphamari,203087.0,359308.0,4.372,2017,2,
Boro,2015-16,BD5573,Nilphamari,200352.0,352182.0,4.344,2018,2,
Boro,2016-17,BD5573,Nilphamari,198696.0,338250.0,4.207,2019,2,
Boro,2017-18,BD5573,Nilphamari,249992.0,411224.0,4.065,2020,2,
Boro,2018-19,BD5573,Nilphamari,206117.0,355759.0,4.265,2021,2,
Boro,2019-20,BD5573,Nilphamari,206092.0,357147.0,4.282,2021,1,
Boro,2020-21,BD5573,Nilphamari,204505.0,360529.0,4.356,2022,1,
Boro,2021-22,BD5573,Nilphamari,201724.0,353538.0,4.331,2023,2,
Boro,2022-23,BD5573,Nilphamari,201791.0,361116.0,4.422,2024,2,
Boro,2023-24,BD5573,Nilphamari,202175.0,361321.0,4.416,2025,2,
Boro,2024-25,BD5573,Nilphamari,202183.0,376280.0,4.599,2025,1,
Boro,2013-14,BD2075,Noakhali,152793.0,259655.0,4.199,2016,1,
Boro,2014-15,BD2075,Noakhali,147811.0,262472.0,4.388,2017,2,
Boro,2015-16,BD2075,Noakhali,142974.0,262818.0,4.542,2018,2,
Boro,2016-17,BD2075,Noakhali,147795.0,269706.0,4.509,2019,2,
Boro,2017-18,BD2075,Noakhali,187889.0,356197.0,4.685,2020,2,
Boro,2018-19,BD2075,Noakhali,156788.0,312046.0,4.918,2021,2,
Boro,2019-20,BD2075,Noakhali,158418.0,300360.0,4.685,2021,1,
Boro,2020-21,BD2075,Noakhali,166632.0,312364.0,4.632,2022,1,
Boro,2021-22,BD2075,Noakhali,172539.0,333812.0,4.781,2023,2,
Boro,2022-23,BD2075,Noakhali,176400.0,353364.0,4.95,2024,2,
Boro,2023-24,BD2075,Noakhali,188227.0,378930.0,4.975,2025,2,
Boro,2024-25,BD2075,Noakhali,186884.0,359681.0,4.756,2025,1,
Boro,2013-14,BD5076,Pabna,173743.0,294646.0,4.191,2016,1,
Boro,2014-15,BD5076,Pabna,171494.0,277632.0,4.0,2017,2,
Boro,2015-16,BD5076,Pabna,169677.0,272865.0,3.974,2018,2,
Boro,2016-17,BD5076,Pabna,149636.0,241412.0,3.987,2019,2,
Boro,2017-18,BD5076,Pabna,139165.0,225208.0,3.999,2020,2,
Boro,2018-19,BD5076,Pabna,135067.0,205636.0,3.762,2021,2,
Boro,2019-20,BD5076,Pabna,128094.0,213368.0,4.116,2021,1,
Boro,2020-21,BD5076,Pabna,134501.0,235085.0,4.319,2022,1,
Boro,2021-22,BD5076,Pabna,134567.0,225720.0,4.145,2023,2,
Boro,2022-23,BD5076,Pabna,136566.0,235041.0,4.253,2024,2,
Boro,2023-24,BD5076,Pabna,138761.0,255416.0,4.548,2025,2,
Boro,2024-25,BD5076,Pabna,138693.0,253733.0,4.521,2025,1,
Boro,2013-14,BD5577,Panchagarh,99324.0,153027.0,3.807,2016,1,
Boro,2014-15,BD5577,Panchagarh,101897.0,168532.0,4.087,2017,2,
Boro,2015-16,BD5577,Panchagarh,98092.0,158779.0,4.0,2018,2,
Boro,2016-17,BD5577,Panchagarh,89020.0,147361.0,4.091,2019,2,
Boro,2017-18,BD5577,Panchagarh,87250.0,144219.0,4.084,2020,2,
Boro,2018-19,BD5577,Panchagarh,82607.0,139838.0,4.183,2021,2,
Boro,2019-20,BD5577,Panchagarh,76935.0,131368.0,4.219,2021,1,
Boro,2020-21,BD5577,Panchagarh,77506.0,120184.0,3.832,2022,1,
Boro,2021-22,BD5577,Panchagarh,78848.0,128067.0,4.014,2023,2,
Boro,2022-23,BD5577,Panchagarh,81232.0,142578.0,4.337,2024,2,
Boro,2023-24,BD5577,Panchagarh,80113.0,144136.0,4.446,2025,2,
Boro,2024-25,BD5577,Panchagarh,83676.0,149303.0,4.409,2025,1,
Boro,2013-14,BD1078,Patuakhali,6688.0,6380.0,2.357,2016,1,
Boro,2014-15,BD1078,Patuakhali,5327.0,4842.0,2.246,2017,2,
Boro,2015-16,BD1078,Patuakhali,3910.0,3296.0,2.083,2018,2,
Boro,2016-17,BD1078,Patuakhali,2280.0,2446.0,2.651,2019,2,
Boro,2017-18,BD1078,Patuakhali,2656.0,2421.0,2.252,2020,2,
Boro,2018-19,BD1078,Patuakhali,2592.0,2763.0,2.634,2021,2,
Boro,2019-20,BD1078,Patuakhali,2830.0,3335.0,2.912,2021,1,
Boro,2020-21,BD1078,Patuakhali,2655.0,3517.0,3.273,2022,1,
Boro,2021-22,BD1078,Patuakhali,2684.0,3296.0,3.034,2023,2,
Boro,2022-23,BD1078,Patuakhali,13784.0,13369.0,2.397,2024,2,
Boro,2023-24,BD1078,Patuakhali,13899.0,13411.0,2.384,2025,2,
Boro,2024-25,BD1078,Patuakhali,37213.0,65653.0,4.36,2025,1,
Boro,2013-14,BD1079,Pirojpur,48557.0,70660.0,3.596,2016,1,
Boro,2014-15,BD1079,Pirojpur,52295.0,79711.0,3.767,2017,2,
Boro,2015-16,BD1079,Pirojpur,50359.0,73206.0,3.592,2018,2,
Boro,2016-17,BD1079,Pirojpur,48247.0,77459.0,3.967,2019,2,
Boro,2017-18,BD1079,Pirojpur,54045.0,90105.0,4.12,2020,2,
Boro,2018-19,BD1079,Pirojpur,55372.0,95623.0,4.267,2021,2,
Boro,2019-20,BD1079,Pirojpur,55011.0,93522.0,4.201,2021,1,
Boro,2020-21,BD1079,Pirojpur,56336.0,96361.0,4.227,2022,1,
Boro,2021-22,BD1079,Pirojpur,56349.0,95071.0,4.169,2023,2,
Boro,2022-23,BD1079,Pirojpur,63570.0,105080.0,4.085,2024,2,
Boro,2023-24,BD1079,Pirojpur,71719.0,121472.0,4.185,2025,2,
Boro,2024-25,BD1079,Pirojpur,63789.0,113716.0,4.405,2025,1,
Boro,2013-14,BD3082,Rajbari,41014.0,68464.0,4.125,2016,1,
Boro,2014-15,BD3082,Rajbari,43161.0,74343.0,4.256,2017,2,
Boro,2015-16,BD3082,Rajbari,41527.0,70984.0,4.224,2018,2,
Boro,2016-17,BD3082,Rajbari,36112.0,62870.0,4.302,2019,2,
Boro,2017-18,BD3082,Rajbari,31294.0,51956.0,4.103,2020,2,
Boro,2018-19,BD3082,Rajbari,33255.0,52318.0,3.888,2021,2,
Boro,2019-20,BD3082,Rajbari,32406.0,56037.0,4.273,2021,1,
Boro,2020-21,BD3082,Rajbari,32310.0,55573.0,4.25,2022,1,
Boro,2021-22,BD3082,Rajbari,31865.0,57469.0,4.457,2023,2,
Boro,2022-23,BD3082,Rajbari,31499.0,58218.0,4.567,2024,2,
Boro,2023-24,BD3082,Rajbari,31649.0,57767.0,4.51,2025,2,
Boro,2024-25,BD3082,Rajbari,35288.0,63371.0,4.438,2025,1,
Boro,2013-14,BD5081,Rajshahi,180726.0,286351.0,3.915,2016,1,
Boro,2014-15,BD5081,Rajshahi,179050.0,298819.0,4.124,2017,2,
Boro,2015-16,BD5081,Rajshahi,173156.0,284455.0,4.059,2018,2,
Boro,2016-17,BD5081,Rajshahi,164865.0,272701.0,4.087,2019,2,
Boro,2017-18,BD5081,Rajshahi,170938.0,269551.0,3.897,2020,2,
Boro,2018-19,BD5081,Rajshahi,168249.0,272192.0,3.998,2021,2,
Boro,2019-20,BD5081,Rajshahi,163475.0,254667.0,3.849,2021,1,
Boro,2020-21,BD5081,Rajshahi,161465.0,265300.0,4.06,2022,1,
Boro,2021-22,BD5081,Rajshahi,162610.0,270507.0,4.111,2023,2,
Boro,2022-23,BD5081,Rajshahi,162350.0,297737.0,4.532,2024,2,
Boro,2023-24,BD5081,Rajshahi,168252.0,303443.0,4.457,2025,2,
Boro,2024-25,BD5081,Rajshahi,166279.0,270559.0,4.021,2025,1,
Boro,2013-14,BD2084,Rangamati,18759.0,30629.0,4.035,2016,1,
Boro,2014-15,BD2084,Rangamati,18786.0,29896.0,3.932,2017,2,
Boro,2015-16,BD2084,Rangamati,19071.0,29993.0,3.886,2018,2,
Boro,2016-17,BD2084,Rangamati,18608.0,31261.0,4.151,2019,2,
Boro,2017-18,BD2084,Rangamati,16995.0,27283.0,3.967,2020,2,
Boro,2018-19,BD2084,Rangamati,18423.0,29740.0,3.989,2021,2,
Boro,2019-20,BD2084,Rangamati,18062.0,30516.0,4.175,2021,1,
Boro,2020-21,BD2084,Rangamati,17437.0,28175.0,3.993,2022,1,
Boro,2021-22,BD2084,Rangamati,17963.0,31254.0,4.299,2023,2,
Boro,2022-23,BD2084,Rangamati,18047.0,31053.0,4.252,2024,2,
Boro,2023-24,BD2084,Rangamati,18259.0,32111.0,4.346,2025,2,
Boro,2024-25,BD2084,Rangamati,18377.0,31409.0,4.223,2025,1,
Boro,2013-14,BD5585,Rangpur,331530.0,572403.0,4.266,2016,1,
Boro,2014-15,BD5585,Rangpur,333970.0,605244.0,4.478,2017,2,
Boro,2015-16,BD5585,Rangpur,325678.0,581456.0,4.412,2018,2,
Boro,2016-17,BD5585,Rangpur,328152.0,565686.0,4.26,2019,2,
Boro,2017-18,BD5585,Rangpur,350137.0,616865.0,4.353,2020,2,
Boro,2018-19,BD5585,Rangpur,332808.0,604948.0,4.492,2021,2,
Boro,2019-20,BD5585,Rangpur,328659.0,586531.0,4.41,2021,1,
Boro,2020-21,BD5585,Rangpur,326394.0,586599.0,4.441,2022,1,
Boro,2021-22,BD5585,Rangpur,321878.0,596092.0,4.576,2023,2,
Boro,2022-23,BD5585,Rangpur,324278.0,595565.0,4.538,2024,2,
Boro,2023-24,BD5585,Rangpur,326276.0,606820.0,4.596,2025,2,
Boro,2024-25,BD5585,Rangpur,327363.0,604817.0,4.565,2025,1,
Boro,2013-14,BD4087,Satkhira,186159.0,287339.0,3.814,2016,1,
Boro,2014-15,BD4087,Satkhira,185172.0,293943.0,3.923,2017,2,
Boro,2015-16,BD4087,Satkhira,181101.0,283771.0,3.872,2018,2,
Boro,2016-17,BD4087,Satkhira,183426.0,292504.0,3.941,2019,2,
Boro,2017-18,BD4087,Satkhira,176605.0,282007.0,3.946,2020,2,
Boro,2018-19,BD4087,Satkhira,184974.0,305563.0,4.082,2021,2,
Boro,2019-20,BD4087,Satkhira,186918.0,292231.0,3.863,2021,1,
Boro,2020-21,BD4087,Satkhira,185546.0,295593.0,3.937,2022,1,
Boro,2021-22,BD4087,Satkhira,193680.0,292194.0,3.728,2023,2,
Boro,2022-23,BD4087,Satkhira,194355.0,311434.0,3.96,2024,2,
Boro,2023-24,BD4087,Satkhira,194570.0,313644.0,3.983,2025,2,
Boro,2024-25,BD4087,Satkhira,194354.0,327099.0,4.159,2025,1,
Boro,2013-14,BD3086,Shariatpur,72567.0,126113.0,4.294,2016,1,
Boro,2014-15,BD3086,Shariatpur,67611.0,118593.0,4.334,2017,2,
Boro,2015-16,BD3086,Shariatpur,66239.0,111665.0,4.166,2018,2,
Boro,2016-17,BD3086,Shariatpur,67725.0,112065.0,4.089,2019,2,
Boro,2017-18,BD3086,Shariatpur,52318.0,86823.0,4.101,2020,2,
Boro,2018-19,BD3086,Shariatpur,62492.0,108869.0,4.305,2021,2,
Boro,2019-20,BD3086,Shariatpur,64386.0,123993.0,4.759,2021,1,
Boro,2020-21,BD3086,Shariatpur,64104.0,120574.0,4.648,2022,1,
Boro,2021-22,BD3086,Shariatpur,65086.0,116768.0,4.433,2023,2,
Boro,2022-23,BD3086,Shariatpur,60794.0,110066.0,4.474,2024,2,
Boro,2023-24,BD3086,Shariatpur,58558.0,108516.0,4.579,2025,2,
Boro,2024-25,BD3086,Shariatpur,58708.0,110400.0,4.647,2025,1,
Boro,2013-14,BD4589,Sherpur,215189.0,353366.0,4.058,2016,1,
Boro,2014-15,BD4589,Sherpur,220475.0,349133.0,3.913,2017,2,
Boro,2015-16,BD4589,Sherpur,221812.0,358303.0,3.992,2018,2,
Boro,2016-17,BD4589,Sherpur,214101.0,352271.0,4.066,2019,2,
Boro,2017-18,BD4589,Sherpur,265164.0,429375.0,4.001,2020,2,
Boro,2018-19,BD4589,Sherpur,236917.0,396798.0,4.139,2021,2,
Boro,2019-20,BD4589,Sherpur,231382.0,380208.0,4.06,2021,1,
Boro,2020-21,BD4589,Sherpur,225451.0,377149.0,4.134,2022,1,
Boro,2021-22,BD4589,Sherpur,218822.0,402440.0,4.545,2023,2,
Boro,2022-23,BD4589,Sherpur,224236.0,429548.0,4.734,2024,2,
Boro,2023-24,BD4589,Sherpur,225830.0,430612.0,4.712,2025,2,
Boro,2024-25,BD4589,Sherpur,223401.0,356921.0,3.948,2025,1,
Boro,2013-14,BD5088,Sirajganj,342373.0,569664.0,4.112,2016,1,
Boro,2014-15,BD5088,Sirajganj,343735.0,591063.0,4.249,2017,2,
Boro,2015-16,BD5088,Sirajganj,341322.0,582925.0,4.22,2018,2,
Boro,2016-17,BD5088,Sirajganj,340821.0,566275.0,4.106,2019,2,
Boro,2017-18,BD5088,Sirajganj,344318.0,588606.0,4.224,2020,2,
Boro,2018-19,BD5088,Sirajganj,346667.0,618878.0,4.411,2021,2,
Boro,2019-20,BD5088,Sirajganj,347443.0,606362.0,4.313,2021,1,
Boro,2020-21,BD5088,Sirajganj,347176.0,593982.0,4.228,2022,1,
Boro,2021-22,BD5088,Sirajganj,347326.0,630375.0,4.485,2023,2,
Boro,2022-23,BD5088,Sirajganj,347586.0,631759.0,4.491,2024,2,
Boro,2023-24,BD5088,Sirajganj,348459.0,647463.0,4.591,2025,2,
Boro,2024-25,BD5088,Sirajganj,348156.0,640932.0,4.549,2025,1,
Boro,2013-14,BD6090,Sunamganj,460322.0,649667.0,3.487,2016,1,
Boro,2014-15,BD6090,Sunamganj,476190.0,695855.0,3.611,2017,2,
Boro,2015-16,BD6090,Sunamganj,467945.0,685226.0,3.618,2018,2,
Boro,2016-17,BD6090,Sunamganj,134397.0,196500.0,3.613,2019,2,
Boro,2017-18,BD6090,Sunamganj,496783.0,738001.0,3.671,2020,2,
Boro,2018-19,BD6090,Sunamganj,536352.0,772322.0,3.558,2021,2,
Boro,2019-20,BD6090,Sunamganj,533537.0,799346.0,3.702,2021,1,
Boro,2020-21,BD6090,Sunamganj,546442.0,819988.0,3.708,2022,1,
Boro,2021-22,BD6090,Sunamganj,549588.0,974600.0,4.382,2023,2,
Boro,2022-23,BD6090,Sunamganj,548050.0,987656.0,4.453,2024,2,
Boro,2023-24,BD6090,Sunamganj,529593.0,954799.0,4.455,2025,2,
Boro,2024-25,BD6090,Sunamganj,538868.0,948604.0,4.35,2025,1,
Boro,2013-14,BD6091,Sylhet,170795.0,199833.0,2.891,2016,1,
Boro,2014-15,BD6091,Sylhet,179747.0,212738.0,2.925,2017,2,
Boro,2015-16,BD6091,Sylhet,172802.0,201490.0,2.881,2018,2,
Boro,2016-17,BD6091,Sylhet,143099.0,167560.0,2.893,2019,2,
Boro,2017-18,BD6091,Sylhet,192537.0,241039.0,3.094,2020,2,
Boro,2018-19,BD6091,Sylhet,206008.0,232389.0,2.787,2021,2,
Boro,2019-20,BD6091,Sylhet,203841.0,249732.0,3.027,2021,1,
Boro,2020-21,BD6091,Sylhet,204408.0,250496.0,3.028,2022,1,
Boro,2021-22,BD6091,Sylhet,202650.0,277760.0,3.387,2023,2,
Boro,2022-23,BD6091,Sylhet,203285.0,272987.0,3.318,2024,2,
Boro,2023-24,BD6091,Sylhet,204231.0,285326.0,3.452,2025,2,
Boro,2024-25,BD6091,Sylhet,211217.0,299284.0,3.501,2025,1,
Boro,2013-14,BD3093,Tangail,410639.0,682506.0,4.107,2016,1,
Boro,2014-15,BD3093,Tangail,418797.0,729911.0,4.307,2017,2,
Boro,2015-16,BD3093,Tangail,415172.0,725633.0,4.319,2018,2,
Boro,2016-17,BD3093,Tangail,414882.0,700905.0,4.175,2019,2,
Boro,2017-18,BD3093,Tangail,474150.0,840931.0,4.383,2020,2,
Boro,2018-19,BD3093,Tangail,416245.0,729685.0,4.332,2021,2,
Boro,2019-20,BD3093,Tangail,413840.8,674292.0,4.026,2021,1,
Boro,2020-21,BD3093,Tangail,420470.0,735536.0,4.323,2022,1,
Boro,2021-22,BD3093,Tangail,420016.0,716202.0,4.214,2023,2,
Boro,2022-23,BD3093,Tangail,417979.0,736806.0,4.356,2024,2,
Boro,2023-24,BD3093,Tangail,417570.0,739525.0,4.376,2025,2,
Boro,2024-25,BD3093,Tangail,428297.0,768380.0,4.433,2025,1,
Boro,2013-14,BD5594,Thakurgaon,156955.0,244862.0,3.855,2016,1,
Boro,2014-15,BD5594,Thakurgaon,157505.0,250353.0,3.928,2017,2,
Boro,2015-16,BD5594,Thakurgaon,154083.0,243972.0,3.913,2018,2,
Boro,2016-17,BD5594,Thakurgaon,148177.0,253090.0,4.221,2019,2,
Boro,2017-18,BD5594,Thakurgaon,166871.0,252528.0,3.739,2020,2,
Boro,2018-19,BD5594,Thakurgaon,145012.0,229103.0,3.904,2021,2,
Boro,2019-20,BD5594,Thakurgaon,144258.0,225252.0,3.858,2021,1,
Boro,2020-21,BD5594,Thakurgaon,144862.0,228318.0,3.895,2022,1,
Boro,2021-22,BD5594,Thakurgaon,151556.0,240282.0,3.918,2023,2,
Boro,2022-23,BD5594,Thakurgaon,152133.0,249129.0,4.047,2024,2,
Boro,2023-24,BD5594,Thakurgaon,152468.0,250668.0,4.063,2025,2,
Boro,2024-25,BD5594,Thakurgaon,152776.0,275744.0,4.46,2025,1,
Chili,2013-14,BD4001,Bagerhat,1063.0,495.0,1.151,2017,2,
Chili,2014-15,BD4001,Bagerhat,1121.0,521.0,1.148,2018,3,
Chili,2015-16,BD4001,Bagerhat,1131.0,467.0,1.02,2019,3,
Chili,2016-17,BD4001,Bagerhat,1149.0,463.0,0.996,2020,3,
Chili,2017-18,BD4001,Bagerhat,1155.0,498.0,1.065,2021,3,
Chili,2018-19,BD4001,Bagerhat,1150.0,571.0,1.227,2021,2,
Chili,2019-20,BD4001,Bagerhat,262.0,106.0,1.0,2022,2,
Chili,2020-21,BD4001,Bagerhat,263.4,105.63,0.991,2023,2,
Chili,2021-22,BD4001,Bagerhat,310.6,537.6,4.277,2023,3,newest-edition-outlier-rejected
Chili,2022-23,BD4001,Bagerhat,1115.25,767.45,1.7,2025,3,
Chili,2023-24,BD4001,Bagerhat,1119.96,888.83,1.961,2025,2,
Chili,2024-25,BD4001,Bagerhat,1100.05,784.66,1.763,2025,1,
Chili,2013-14,BD2003,Bandarban,1356.0,1656.0,3.018,2017,2,
Chili,2014-15,BD2003,Bandarban,1282.0,1436.0,2.768,2018,3,
Chili,2015-16,BD2003,Bandarban,552.0,693.0,3.102,2019,3,
Chili,2016-17,BD2003,Bandarban,841.0,668.0,1.963,2020,3,
Chili,2017-18,BD2003,Bandarban,829.0,639.0,1.905,2021,3,
Chili,2018-19,BD2003,Bandarban,830.0,638.0,1.899,2021,2,
Chili,2019-20,BD2003,Bandarban,498.0,309.0,1.533,2022,2,
Chili,2020-21,BD2003,Bandarban,506.0,314.55,1.536,2023,2,
Chili,2021-22,BD2003,Bandarban,510.0,1392.25,6.746,2023,3,newest-edition-outlier-rejected
Chili,2022-23,BD2003,Bandarban,876.4000000000001,1938.78,5.466,2025,3,
Chili,2023-24,BD2003,Bandarban,880.5999999999999,1953.88,5.483,2025,2,
Chili,2024-25,BD2003,Bandarban,742.02,1807.38,6.019,2025,1,
Chili,2013-14,BD1004,Barguna,715.0,172.0,0.594,2017,2,
Chili,2014-15,BD1004,Barguna,803.0,213.0,0.655,2018,3,
Chili,2015-16,BD1004,Barguna,988.0,303.0,0.758,2019,3,
Chili,2016-17,BD1004,Barguna,920.0,254.0,0.682,2020,3,
Chili,2017-18,BD1004,Barguna,934.0,334.0,0.884,2021,3,
Chili,2018-19,BD1004,Barguna,935.0,340.0,0.899,2021,2,
Chili,2019-20,BD1004,Barguna,0.0,0.0,,2022,2,
Chili,2020-21,BD1004,Barguna,0.0,0.0,,2023,2,
Chili,2021-22,BD1004,Barguna,0.0,0.0,,2023,3,newest-edition-outlier-rejected
Chili,2022-23,BD1004,Barguna,890.0,1055.0,2.929,2025,3,
Chili,2023-24,BD1004,Barguna,829.0,641.0,1.911,2025,2,
Chili,2024-25,BD1004,Barguna,835.0,550.0,1.628,2025,1,
Chili,2013-14,BD1006,Barishal,2890.0,832.0,0.711,2017,2,
Chili,2014-15,BD1006,Barishal,2864.0,902.0,0.778,2018,3,
Chili,2015-16,BD1006,Barishal,2863.0,976.26,0.843,2019,3,
Chili,2016-17,BD1006,Barishal,2857.0,972.0,0.841,2020,3,
Chili,2017-18,BD1006,Barishal,2911.0,993.0,0.843,2021,3,
Chili,2018-19,BD1006,Barishal,2912.0,995.0,0.844,2021,2,
Chili,2019-20,BD1006,Barishal,0.0,0.0,,2022,2,
Chili,2020-21,BD1006,Barishal,0.0,0.0,,2023,2,
Chili,2021-22,BD1006,Barishal,0.0,0.0,,2023,3,newest-edition-outlier-rejected
Chili,2022-23,BD1006,Barishal,3695.0,3524.0,2.357,2025,3,
Chili,2023-24,BD1006,Barishal,3725.0,3538.0,2.347,2025,2,
Chili,2024-25,BD1006,Barishal,3754.0,3554.0,2.339,2025,1,
Chili,2013-14,BD1009,Bhola,36042.0,9587.0,0.657,2017,2,
Chili,2014-15,BD1009,Bhola,36054.0,11177.0,0.766,2018,3,
Chili,2015-16,BD1009,Bhola,35455.0,14401.0,1.004,2019,3,
Chili,2016-17,BD1009,Bhola,37585.0,15695.0,1.032,2020,3,
Chili,2017-18,BD1009,Bhola,33453.0,13899.0,1.027,2021,3,
Chili,2018-19,BD1009,Bhola,34268.0,11997.0,0.865,2021,2,
Chili,2019-20,BD1009,Bhola,0.0,0.0,,2022,2,
Chili,2020-21,BD1009,Bhola,0.0,0.0,,2023,2,
Chili,2021-22,BD1009,Bhola,0.0,0.0,,2023,3,newest-edition-outlier-rejected
Chili,2022-23,BD1009,Bhola,24983.0,12592.94,1.246,2025,3,
Chili,2023-24,BD1009,Bhola,24911.0,49432.64,4.903,2025,2,
Chili,2024-25,BD1009,Bhola,24918.0,49358.0,4.895,2025,1,
Chili,2013-14,BD5010,Bogura,9474.0,4848.0,1.264,2017,2,
Chili,2014-15,BD5010,Bogura,9500.0,4977.0,1.295,2018,3,
Chili,2015-16,BD5010,Bogura,9496.0,5461.0,1.421,2019,3,
Chili,2016-17,BD5010,Bogura,10588.0,6345.0,1.481,2020,3,
Chili,2017-18,BD5010,Bogura,10698.0,6826.0,1.577,2021,3,
Chili,2018-19,BD5010,Bogura,10637.0,6792.0,1.578,2021,2,
Chili,2019-20,BD5010,Bogura,915.0,1440.0,3.889,2022,2,
Chili,2020-21,BD5010,Bogura,839.38,1354.56,3.988,2023,2,
Chili,2021-22,BD5010,Bogura,873.29,2653.0,7.507,2023,3,newest-edition-outlier-rejected
Chili,2022-23,BD5010,Bogura,13689.72,60516.92,10.924,2025,3,yoy-jump-gt-10x
Chili,2023-24,BD5010,Bogura,16666.57,76407.52,11.328,2025,2,
Chili,2024-25,BD5010,Bogura,15919.05,73049.57,11.339,2025,1,
Chili,2013-14,BD2012,Brahmanbaria,2336.0,1076.0,1.138,2017,2,
Chili,2014-15,BD2012,Brahmanbaria,2372.0,1177.0,1.226,2018,3,
Chili,2015-16,BD2012,Brahmanbaria,3154.0,2082.0,1.631,2019,3,
Chili,2016-17,BD2012,Brahmanbaria,3198.0,2120.0,1.638,2020,3,
Chili,2017-18,BD2012,Brahmanbaria,2951.0,1784.0,1.494,2021,3,
Chili,2018-19,BD2012,Brahmanbaria,2959.0,1761.0,1.471,2021,2,
Chili,2019-20,BD2012,Brahmanbaria,149.0,42.0,0.697,2022,2,yoy-jump-gt-10x
Chili,2020-21,BD2012,Brahmanbaria,160.97,60.19,0.924,2023,2,
Chili,2021-22,BD2012,Brahmanbaria,150.7,414.14,6.791,2023,3,newest-edition-outlier-rejected
Chili,2022-23,BD2012,Brahmanbaria,3063.33,10277.7,8.291,2025,3,yoy-jump-gt-10x
Chili,2023-24,BD2012,Brahmanbaria,2965.73,10028.89,8.356,2025,2,
Chili,2024-25,BD2012,Brahmanbaria,2948.9700000000003,10054.6,8.425,2025,1,
Chili,2013-14,BD2013,Chandpur,5736.0,2316.0,0.998,2017,2,
Chili,2014-15,BD2013,Chandpur,5807.0,2340.0,0.996,2018,3,
Chili,2015-16,BD2013,Chandpur,5619.0,2334.0,1.026,2019,3,
Chili,2016-17,BD2013,Chandpur,5779.0,2645.0,1.131,2020,3,
Chili,2017-18,BD2013,Chandpur,6000.0,2800.0,1.153,2021,3,
Chili,2018-19,BD2013,Chandpur,5821.0,2613.0,1.109,2021,2,
Chili,2019-20,BD2013,Chandpur,0.0,0.0,,2022,2,
Chili,2020-21,BD2013,Chandpur,0.0,0.0,,2023,2,
Chili,2021-22,BD2013,Chandpur,0.0,0.0,,2023,3,newest-edition-outlier-rejected
Chili,2022-23,BD2013,Chandpur,5851.67,18450.5,7.791,2025,3,
Chili,2023-24,BD2013,Chandpur,5769.1,16897.15,7.237,2025,2,
Chili,2024-25,BD2013,Chandpur,5768.66,16910.02,7.244,2025,1,
Chili,2013-14,BD5070,Chapainababganj,405.0,241.0,1.47,2017,2,
Chili,2014-15,BD5070,Chapainababganj,402.0,254.0,1.561,2018,3,
Chili,2015-16,BD5070,Chapainababganj,481.0,387.0,1.988,2019,3,
Chili,2016-17,BD5070,Chapainababganj,431.0,498.0,2.855,2020,3,
Chili,2017-18,BD5070,Chapainababganj,427.0,315.0,1.823,2021,3,
Chili,2018-19,BD5070,Chapainababganj,459.0,351.0,1.89,2021,2,
Chili,2019-20,BD5070,Chapainababganj,185.0,49.0,0.654,2022,2,
Chili,2020-21,BD5070,Chapainababganj,192.27,302.41,3.887,2023,2,
Chili,2021-22,BD5070,Chapainababganj,219.8,481.22,5.41,2023,3,newest-edition-outlier-rejected
Chili,2022-23,BD5070,Chapainababganj,591.0,1623.79,6.789,2025,3,
Chili,2023-24,BD5070,Chapainababganj,660.0,2401.51,8.991,2025,2,
Chili,2024-25,BD5070,Chapainababganj,643.36,2642.16,10.148,2025,1,
Chili,2013-14,BD2015,Chattogram,7282.0,2697.0,0.915,2017,2,
Chili,2014-15,BD2015,Chattogram,7328.0,2752.0,0.928,2018,3,
Chili,2015-16,BD2015,Chattogram,7324.0,2740.0,0.924,2019,3,
Chili,2016-17,BD2015,Chattogram,7327.0,2747.0,0.926,2020,3,
Chili,2017-18,BD2015,Chattogram,7313.0,2764.0,0.934,2021,3,
Chili,2018-19,BD2015,Chattogram,7320.0,2767.0,0.934,2021,2,
Chili,2019-20,BD2015,Chattogram,265.0,197.0,1.837,2022,2,yoy-jump-gt-10x
Chili,2020-21,BD2015,Chattogram,146.75,194.92,3.282,2023,2,
Chili,2021-22,BD2015,Chattogram,151.2,444.2,7.26,2023,3,newest-edition-outlier-rejected
Chili,2022-23,BD2015,Chattogram,7559.79,24947.55,8.155,2025,3,yoy-jump-gt-10x
Chili,2023-24,BD2015,Chattogram,7650.41,32312.77,10.437,2025,2,
Chili,2024-25,BD2015,Chattogram,7700.84,32506.83,10.431,2025,1,
Chili,2013-14,BD4018,Chuadanga,2860.0,1603.0,1.385,2017,2,
Chili,2014-15,BD4018,Chuadanga,2835.0,2235.0,1.948,2018,3,
Chili,2015-16,BD4018,Chuadanga,3030.0,2858.0,2.331,2019,3,
Chili,2016-17,BD4018,Chuadanga,2995.0,4618.0,3.81,2020,3,
Chili,2017-18,BD4018,Chuadanga,2966.0,4430.0,3.691,2021,3,
Chili,2018-19,BD4018,Chuadanga,2855.0,3904.0,3.379,2021,2,
Chili,2019-20,BD4018,Chuadanga,1918.0,2978.0,3.837,2022,2,
Chili,2020-21,BD4018,Chuadanga,1931.0,3401.67,4.353,2023,2,
Chili,2021-22,BD4018,Chuadanga,1893.0,3251.1,4.244,2023,3,newest-edition-outlier-rejected
Chili,2022-23,BD4018,Chuadanga,2744.0,4605.06,4.147,2025,3,
Chili,2023-24,BD4018,Chuadanga,2659.0,5348.8,4.971,2025,2,
Chili,2024-25,BD4018,Chuadanga,2108.0,4564.7,5.351,2025,1,
Chili,2013-14,BD2022,Cox's Bazar,1855.0,901.0,1.2,2017,2,
Chili,2014-15,BD2022,Cox's Bazar,1879.0,949.0,1.248,2018,3,
Chili,2015-16,BD2022,Cox's Bazar,1927.0,1219.0,1.563,2019,3,
Chili,2016-17,BD2022,Cox's Bazar,1949.0,1253.0,1.589,2020,3,
Chili,2017-18,BD2022,Cox's Bazar,1928.0,1220.0,1.564,2021,3,
Chili,2018-19,BD2022,Cox's Bazar,1927.0,1222.0,1.567,2021,2,
Chili,2019-20,BD2022,Cox's Bazar,31.0,47.0,3.746,2022,2,yoy-jump-gt-10x
Chili,2020-21,BD2022,Cox's Bazar,54.84,56.41,2.542,2023,2,
Chili,2021-22,BD2022,Cox's Bazar,58.03,149.36,6.36,2023,3,newest-edition-outlier-rejected
Chili,2022-23,BD2022,Cox's Bazar,1977.52,3734.74,4.667,2025,3,yoy-jump-gt-10x
Chili,2023-24,BD2022,Cox's Bazar,1988.99,3444.64,4.28,2025,2,
Chili,2024-25,BD2022,Cox's Bazar,1980.79,3484.12,4.346,2025,1,
Chili,2013-14,BD2019,Cumilla,8634.0,4548.0,1.302,2017,2,
Chili,2014-15,BD2019,Cumilla,8638.0,5183.0,1.483,2018,3,
Chili,2015-16,BD2019,Cumilla,8304.0,680.0,0.202,2019,3,
Chili,2016-17,BD2019,Cumilla,8490.0,4975.0,1.448,2020,3,
Chili,2017-18,BD2019,Cumilla,8244.0,4808.0,1.441,2021,3,
Chili,2018-19,BD2019,Cumilla,7415.0,4408.0,1.469,2021,2,
Chili,2019-20,BD2019,Cumilla,103.0,80.0,1.919,2022,2,yoy-jump-gt-10x
Chili,2020-21,BD2019,Cumilla,101.4,78.61,1.916,2023,2,
Chili,2021-22,BD2019,Cumilla,113.96,277.61,6.02,2023,3,newest-edition-outlier-rejected
Chili,2022-23,BD2019,Cumilla,6850.92,29763.78,10.735,2025,3,yoy-jump-gt-10x
Chili,2023-24,BD2019,Cumilla,6849.08,29766.54,10.739,2025,2,
Chili,2024-25,BD2019,Cumilla,6849.37,29767.55,10.739,2025,1,
Chili,2013-14,BD3026,Dhaka,1704.0,682.0,0.989,2017,2,
Chili,2014-15,BD3026,Dhaka,1771.0,937.0,1.307,2018,3,
Chili,2015-16,BD3026,Dhaka,1737.0,960.0,1.366,2019,3,
Chili,2016-17,BD3026,Dhaka,1755.0,987.0,1.39,2020,3,
Chili,2017-18,BD3026,Dhaka,1945.0,1516.0,1.926,2021,3,
Chili,2018-19,BD3026,Dhaka,1477.0,3269.0,5.469,2021,2,
Chili,2019-20,BD3026,Dhaka,390.0,927.0,5.873,2022,2,
Chili,2020-21,BD3026,Dhaka,323.7,723.31,5.522,2023,2,
Chili,2021-22,BD3026,Dhaka,417.2,996.17,5.9,2023,3,newest-edition-outlier-rejected
Chili,2022-23,BD3026,Dhaka,1260.06,2812.59,5.516,2025,3,
Chili,2023-24,BD3026,Dhaka,1224.55,2761.05,5.572,2025,2,
Chili,2024-25,BD3026,Dhaka,1386.9,3092.03,5.509,2025,1,
Chili,2013-14,BD5527,Dinajpur,2802.0,1686.0,1.487,2017,2,
Chili,2014-15,BD5527,Dinajpur,3196.0,1900.0,1.469,2018,3,
Chili,2015-16,BD5527,Dinajpur,3790.0,2178.0,1.42,2019,3,
Chili,2016-17,BD5527,Dinajpur,3816.0,2211.0,1.432,2020,3,
Chili,2017-18,BD5527,Dinajpur,3867.0,2206.0,1.41,2021,3,
Chili,2018-19,BD5527,Dinajpur,3946.0,2319.0,1.452,2021,2,
Chili,2019-20,BD5527,Dinajpur,1200.0,1014.0,2.088,2022,2,
Chili,2020-21,BD5527,Dinajpur,1325.0,3277.0,6.111,2023,2,
Chili,2021-22,BD5527,Dinajpur,1233.0,4750.0,9.519,2023,3,newest-edition-outlier-rejected
Chili,2022-23,BD5527,Dinajpur,4055.0,19052.0,11.61,2025,3,
Chili,2023-24,BD5527,Dinajpur,4072.7,15636.06,9.487,2025,2,
Chili,2024-25,BD5527,Dinajpur,4109.0,15908.0,9.567,2025,1,
Chili,2013-14,BD3029,Faridpur,7037.0,4311.0,1.514,2017,2,
Chili,2014-15,BD3029,Faridpur,7343.0,8041.0,2.706,2018,3,
Chili,2015-16,BD3029,Faridpur,6885.0,7600.0,2.728,2019,3,
Chili,2016-17,BD3029,Faridpur,6856.0,7542.0,2.718,2020,3,
Chili,2017-18,BD3029,Faridpur,8205.0,8385.0,2.525,2021,3,
Chili,2018-19,BD3029,Faridpur,6632.0,7384.0,2.751,2021,2,
Chili,2019-20,BD3029,Faridpur,4091.0,4966.0,3.0,2022,2,
Chili,2020-21,BD3029,Faridpur,4076.0,4923.35,2.985,2023,2,
Chili,2021-22,BD3029,Faridpur,4051.73,4898.69,2.988,2023,3,newest-edition-outlier-rejected
Chili,2022-23,BD3029,Faridpur,6589.0,12949.68,4.856,2025,3,
Chili,2023-24,BD3029,Faridpur,6659.8,13123.82,4.869,2025,2,
Chili,2024-25,BD3029,Faridpur,6652.27,13125.26,4.876,2025,1,
Chili,2013-14,BD2030,Feni,1102.0,329.0,0.738,2017,2,
Chili,2014-15,BD2030,Feni,1128.0,351.0,0.769,2018,3,
Chili,2015-16,BD2030,Feni,1183.0,321.0,0.671,2019,3,
Chili,2016-17,BD2030,Feni,768.0,216.0,0.695,2020,3,
Chili,2017-18,BD2030,Feni,776.0,224.0,0.713,2021,3,
Chili,2018-19,BD2030,Feni,749.0,177.0,0.584,2021,2,
Chili,2019-20,BD2030,Feni,2.0,1.0,1.236,2022,2,yoy-jump-gt-10x
Chili,2020-21,BD2030,Feni,1.97,0.31,0.389,2023,2,
Chili,2021-22,BD2030,Feni,2.53,7.56,7.384,2023,3,newest-edition-outlier-rejected;yoy-jump-gt-10x
Chili,2022-23,BD2030,Feni,548.9000000000001,1683.0,7.577,2025,3,yoy-jump-gt-10x
Chili,2023-24,BD2030,Feni,959.26,2239.24,5.768,2025,2,
Chili,2024-25,BD2030,Feni,455.47,1045.4,5.672,2025,1,
Chili,2013-14,BD5532,Gaibandha,1252.0,570.0,1.125,2017,2,
Chili,2014-15,BD5532,Gaibandha,1282.0,798.0,1.538,2018,3,
Chili,2015-16,BD5532,Gaibandha,1356.0,1083.0,1.974,2019,3,
Chili,2016-17,BD5532,Gaibandha,1600.0,875.0,1.351,2020,3,
Chili,2017-18,BD5532,Gaibandha,1872.0,1171.0,1.546,2021,3,
Chili,2018-19,BD5532,Gaibandha,1757.0,1066.0,1.499,2021,2,
Chili,2019-20,BD5532,Gaibandha,608.0,330.0,1.341,2022,2,
Chili,2020-21,BD5532,Gaibandha,620.0,1293.0,5.153,2023,2,
Chili,2021-22,BD5532,Gaibandha,621.0,1231.0,4.898,2023,3,newest-edition-outlier-rejected
Chili,2022-23,BD5532,Gaibandha,1776.98,4178.04,5.81,2025,3,
Chili,2023-24,BD5532,Gaibandha,1752.81,5121.83,7.221,2025,2,
Chili,2024-25,BD5532,Gaibandha,1753.0,5235.0,7.379,2025,1,
Chili,2013-14,BD3033,Gazipur,281.0,102.0,0.897,2017,2,
Chili,2014-15,BD3033,Gazipur,308.0,130.0,1.043,2018,3,
Chili,2015-16,BD3033,Gazipur,1612.0,630.0,0.966,2019,3,
Chili,2016-17,BD3033,Gazipur,1598.0,630.0,0.974,2020,3,
Chili,2017-18,BD3033,Gazipur,1603.0,632.0,0.974,2021,3,
Chili,2018-19,BD3033,Gazipur,1597.0,631.0,0.976,2021,2,
Chili,2019-20,BD3033,Gazipur,218.0,87.0,0.986,2022,2,
Chili,2020-21,BD3033,Gazipur,233.95,100.5,1.062,2023,2,
Chili,2021-22,BD3033,Gazipur,378.47,170.09,1.111,2023,3,newest-edition-outlier-rejected
Chili,2022-23,BD3033,Gazipur,1946.52,2502.65,3.177,2025,3,yoy-jump-gt-10x
Chili,2023-24,BD3033,Gazipur,1870.32,2484.88,3.283,2025,2,
Chili,2024-25,BD3033,Gazipur,1846.69,2272.24,3.04,2025,1,
Chili,2013-14,BD3035,Gopalganj,826.0,667.0,1.995,2017,2,
Chili,2014-15,BD3035,Gopalganj,941.0,917.0,2.408,2018,3,
Chili,2015-16,BD3035,Gopalganj,938.0,956.0,2.518,2019,3,
Chili,2016-17,BD3035,Gopalganj,900.0,897.0,2.463,2020,3,
Chili,2017-18,BD3035,Gopalganj,851.0,767.0,2.227,2021,3,
Chili,2018-19,BD3035,Gopalganj,865.0,788.0,2.251,2021,2,
Chili,2019-20,BD3035,Gopalganj,267.0,456.0,4.22,2022,2,
Chili,2020-21,BD3035,Gopalganj,281.25,489.89,4.304,2023,2,
Chili,2021-22,BD3035,Gopalganj,258.12,775.78,7.427,2023,3,newest-edition-outlier-rejected
Chili,2022-23,BD3035,Gopalganj,1094.67,2160.3500000000004,4.877,2025,3,
Chili,2023-24,BD3035,Gopalganj,1089.26,2157.64,4.895,2025,2,
Chili,2024-25,BD3035,Gopalganj,1078.64,2133.43,4.887,2025,1,
Chili,2013-14,BD6036,Habiganj,701.0,401.0,1.414,2017,2,
Chili,2014-15,BD6036,Habiganj,767.0,440.0,1.418,2018,3,
Chili,2015-16,BD6036,Habiganj,673.0,420.0,1.542,2019,3,
Chili,2016-17,BD6036,Habiganj,777.0,755.0,2.401,2020,3,
Chili,2017-18,BD6036,Habiganj,741.0,666.0,2.221,2021,3,
Chili,2018-19,BD6036,Habiganj,736.0,658.0,2.209,2021,2,
Chili,2019-20,BD6036,Habiganj,215.0,187.0,2.149,2022,2,
Chili,2020-21,BD6036,Habiganj,268.6,246.0,2.263,2023,2,
Chili,2021-22,BD6036,Habiganj,297.37,319.0,2.651,2023,3,newest-edition-outlier-rejected
Chili,2022-23,BD6036,Habiganj,828.12,1153.5700000000002,3.442,2025,3,
Chili,2023-24,BD6036,Habiganj,864.91,1280.92,3.66,2025,2,
Chili,2024-25,BD6036,Habiganj,893.36,1420.53,3.929,2025,1,
Chili,2013-14,BD4539,Jamalpur,14303.0,4783.0,0.826,2017,2,
Chili,2014-15,BD4539,Jamalpur,14194.0,4803.0,0.836,2018,3,
Chili,2015-16,BD4539,Jamalpur,16980.0,6174.0,0.898,2019,3,
Chili,2016-17,BD4539,Jamalpur,17069.0,6337.0,0.917,2020,3,
Chili,2017-18,BD4539,Jamalpur,16777.0,6719.0,0.99,2021,3,
Chili,2018-19,BD4539,Jamalpur,16583.0,6647.0,0.99,2021,2,
Chili,2019-20,BD4539,Jamalpur,663.0,231.0,0.861,2022,2,yoy-jump-gt-10x
Chili,2020-21,BD4539,Jamalpur,618.0,1001.0,4.002,2023,2,
Chili,2021-22,BD4539,Jamalpur,627.0,1033.0,4.071,2023,3,newest-edition-outlier-rejected
Chili,2022-23,BD4539,Jamalpur,14635.0,50492.0,8.525,2025,3,yoy-jump-gt-10x
Chili,2023-24,BD4539,Jamalpur,14927.0,52468.0,8.686,2025,2,
Chili,2024-25,BD4539,Jamalpur,14903.0,52603.0,8.722,2025,1,
Chili,2013-14,BD4041,Jashore,3511.0,1637.0,1.152,2017,2,
Chili,2014-15,BD4041,Jashore,3636.0,1543.0,1.049,2018,3,
Chili,2015-16,BD4041,Jashore,3509.0,1506.0,1.061,2019,3,
Chili,2016-17,BD4041,Jashore,3526.0,1550.0,1.086,2020,3,
Chili,2017-18,BD4041,Jashore,3509.0,1665.0,1.172,2021,3,
Chili,2018-19,BD4041,Jashore,2623.0,1874.0,1.765,2021,2,
Chili,2019-20,BD4041,Jashore,1044.0,585.0,1.385,2022,2,
Chili,2020-21,BD4041,Jashore,1026.0,561.8,1.353,2023,2,
Chili,2021-22,BD4041,Jashore,1027.0,841.6,2.025,2023,3,newest-edition-outlier-rejected
Chili,2022-23,BD4041,Jashore,2731.0,3433.5,3.107,2025,3,
Chili,2023-24,BD4041,Jashore,2713.0,2442.0,2.224,2025,2,
Chili,2024-25,BD4041,Jashore,2701.0,3387.0,3.099,2025,1,
Chili,2013-14,BD1042,Jhalokati,1220.0,314.0,0.636,2017,2,
Chili,2014-15,BD1042,Jhalokati,1298.0,320.0,0.609,2018,3,
Chili,2015-16,BD1042,Jhalokati,1307.0,332.0,0.628,2019,3,
Chili,2016-17,BD1042,Jhalokati,1319.0,401.0,0.751,2020,3,
Chili,2017-18,BD1042,Jhalokati,1289.0,481.0,0.922,2021,3,
Chili,2018-19,BD1042,Jhalokati,1290.0,483.0,0.925,2021,2,
Chili,2019-20,BD1042,Jhalokati,0.0,0.0,,2022,2,
Chili,2020-21,BD1042,Jhalokati,0.0,0.0,,2023,2,
Chili,2021-22,BD1042,Jhalokati,0.0,0.0,,2023,3,newest-edition-outlier-rejected
Chili,2022-23,BD1042,Jhalokati,1275.0,1323.0,2.564,2025,3,
Chili,2023-24,BD1042,Jhalokati,1283.0,1337.0,2.575,2025,2,
Chili,2024-25,BD1042,Jhalokati,1287.0,1345.0,2.582,2025,1,
Chili,2013-14,BD4044,Jhenaidah,3649.0,1703.0,1.153,2017,2,
Chili,2014-15,BD4044,Jhenaidah,4117.0,1825.0,1.095,2018,3,
Chili,2015-16,BD4044,Jhenaidah,4187.0,1796.0,1.06,2019,3,
Chili,2016-17,BD4044,Jhenaidah,3309.0,1473.0,1.1,2020,3,
Chili,2017-18,BD4044,Jhenaidah,3214.0,2124.0,1.633,2021,3,
Chili,2018-19,BD4044,Jhenaidah,3351.0,5370.0,3.96,2021,2,
Chili,2019-20,BD4044,Jhenaidah,2074.0,4161.0,4.958,2022,2,
Chili,2020-21,BD4044,Jhenaidah,3114.0,5681.0,4.508,2023,2,
Chili,2021-22,BD4044,Jhenaidah,1979.0,4174.0,5.212,2023,3,newest-edition-outlier-rejected
Chili,2022-23,BD4044,Jhenaidah,3894.6,6890.48,4.372,2025,3,
Chili,2023-24,BD4044,Jhenaidah,3970.0,5606.47,3.49,2025,2,
Chili,2024-25,BD4044,Jhenaidah,3972.97,6698.23,4.166,2025,1,
Chili,2013-14,BD5038,Joypurhat,743.0,351.0,1.167,2017,2,
Chili,2014-15,BD5038,Joypurhat,721.0,360.0,1.234,2018,3,
Chili,2015-16,BD5038,Joypurhat,754.0,317.0,1.039,2019,3,
Chili,2016-17,BD5038,Joypurhat,747.0,340.0,1.125,2020,3,
Chili,2017-18,BD5038,Joypurhat,739.0,486.0,1.625,2021,3,
Chili,2018-19,BD5038,Joypurhat,742.0,483.0,1.609,2021,2,
Chili,2019-20,BD5038,Joypurhat,229.0,265.0,2.86,2022,2,
Chili,2020-21,BD5038,Joypurhat,252.54,989.61,9.683,2023,2,
Chili,2021-22,BD5038,Joypurhat,174.71,693.5,9.809,2023,3,newest-edition-outlier-rejected
Chili,2022-23,BD5038,Joypurhat,729.7,3659.23,12.392,2025,3,
Chili,2023-24,BD5038,Joypurhat,736.24,3872.56,12.998,2025,2,
Chili,2024-25,BD5038,Joypurhat,743.8199999999999,3711.31,12.329,2025,1,
Chili,2013-14,BD2046,Khagrachhari,1092.0,364.0,0.824,2017,2,
Chili,2014-15,BD2046,Khagrachhari,1138.0,378.0,0.821,2018,3,
Chili,2015-16,BD2046,Khagrachhari,1159.0,382.0,0.814,2019,3,
Chili,2016-17,BD2046,Khagrachhari,1192.0,389.0,0.806,2020,3,
Chili,2017-18,BD2046,Khagrachhari,1222.0,417.0,0.843,2021,3,
Chili,2018-19,BD2046,Khagrachhari,1236.0,433.0,0.866,2021,2,
Chili,2019-20,BD2046,Khagrachhari,481.0,164.0,0.843,2022,2,
Chili,2020-21,BD2046,Khagrachhari,489.5,181.88,0.918,2023,2,
Chili,2021-22,BD2046,Khagrachhari,483.5,1291.18,6.599,2023,3,newest-edition-outlier-rejected
Chili,2022-23,BD2046,Khagrachhari,1378.48,4000.88,7.172,2025,3,
Chili,2023-24,BD2046,Khagrachhari,892.6999999999999,2700.15,7.474,2025,2,
Chili,2024-25,BD2046,Khagrachhari,1406.0,4080.0,7.171,2025,1,
Chili,2013-14,BD4047,Khulna,717.0,1098.0,3.784,2017,2,
Chili,2014-15,BD4047,Khulna,702.0,1049.0,3.692,2018,3,
Chili,2015-16,BD4047,Khulna,709.0,1046.0,3.646,2019,3,
Chili,2016-17,BD4047,Khulna,689.0,1029.0,3.69,2020,3,
Chili,2017-18,BD4047,Khulna,708.0,1081.0,3.773,2021,3,
Chili,2018-19,BD4047,Khulna,702.0,1066.0,3.752,2021,2,
Chili,2019-20,BD4047,Khulna,312.0,452.0,3.58,2022,2,
Chili,2020-21,BD4047,Khulna,317.03,540.85,4.216,2023,2,
Chili,2021-22,BD4047,Khulna,310.6,537.6,4.277,2023,3,newest-edition-outlier-rejected
Chili,2022-23,BD4047,Khulna,681.53,1195.49,4.335,2025,3,
Chili,2023-24,BD4047,Khulna,667.41,1136.0300000000002,4.206,2025,2,
Chili,2024-25,BD4047,Khulna,675.5,1151.03,4.211,2025,1,
Chili,2013-14,BD3048,Kishoreganj,4183.0,2059.0,1.216,2017,2,
Chili,2014-15,BD3048,Kishoreganj,4125.0,1870.0,1.12,2018,3,
Chili,2015-16,BD3048,Kishoreganj,3841.0,2534.0,1.63,2019,3,
Chili,2016-17,BD3048,Kishoreganj,3673.0,2509.0,1.688,2020,3,
Chili,2017-18,BD3048,Kishoreganj,3271.0,2439.0,1.843,2021,3,
Chili,2018-19,BD3048,Kishoreganj,3837.0,3553.0,2.288,2021,2,
Chili,2019-20,BD3048,Kishoreganj,23.0,7.0,0.752,2022,2,yoy-jump-gt-10x
Chili,2020-21,BD3048,Kishoreganj,195.42,442.04,5.59,2023,2,yoy-jump-gt-10x
Chili,2021-22,BD3048,Kishoreganj,211.42,520.29,6.081,2023,3,newest-edition-outlier-rejected
Chili,2022-23,BD3048,Kishoreganj,4163.99,7613.98,4.518,2025,3,yoy-jump-gt-10x
Chili,2023-24,BD3048,Kishoreganj,4202.3,7355.650000000001,4.325,2025,2,
Chili,2024-25,BD3048,Kishoreganj,4225.32,8386.42,4.905,2025,1,
Chili,2013-14,BD5549,Kurigram,1592.0,863.0,1.34,2017,2,
Chili,2014-15,BD5549,Kurigram,1628.0,1009.0,1.532,2018,3,
Chili,2015-16,BD5549,Kurigram,2000.0,1399.0,1.729,2019,3,
Chili,2016-17,BD5549,Kurigram,1967.0,1356.0,1.703,2020,3,
Chili,2017-18,BD5549,Kurigram,1609.0,1054.0,1.619,2021,3,
Chili,2018-19,BD5549,Kurigram,1620.0,1058.0,1.614,2021,2,
Chili,2019-20,BD5549,Kurigram,392.0,325.0,2.049,2022,2,
Chili,2020-21,BD5549,Kurigram,358.0,864.0,5.964,2023,2,
Chili,2021-22,BD5549,Kurigram,401.51,1179.0,7.256,2023,3,newest-edition-outlier-rejected
Chili,2022-23,BD5549,Kurigram,1794.51,4585.96,6.315,2025,3,
Chili,2023-24,BD5549,Kurigram,1818.6,4805.0,6.529,2025,2,
Chili,2024-25,BD5549,Kurigram,1821.0,4891.0,6.637,2025,1,
Chili,2013-14,BD4050,Kushtia,1825.0,1151.0,1.558,2017,2,
Chili,2014-15,BD4050,Kushtia,1953.0,1364.0,1.726,2018,3,
Chili,2015-16,BD4050,Kushtia,1920.0,1531.0,1.97,2019,3,
Chili,2016-17,BD4050,Kushtia,1934.0,1410.0,1.802,2020,3,
Chili,2017-18,BD4050,Kushtia,1981.0,2363.0,2.948,2021,3,
Chili,2018-19,BD4050,Kushtia,1997.0,2451.0,3.033,2021,2,
Chili,2019-20,BD4050,Kushtia,1360.0,2083.0,3.785,2022,2,
Chili,2020-21,BD4050,Kushtia,2467.0,8336.0,8.35,2023,2,
Chili,2021-22,BD4050,Kushtia,3679.0,12373.0,8.31,2023,3,newest-edition-outlier-rejected
Chili,2022-23,BD4050,Kushtia,4832.0,16473.0,8.424,2025,3,
Chili,2023-24,BD4050,Kushtia,5138.0,18647.0,8.968,2025,2,
Chili,2024-25,BD4050,Kushtia,5188.0,17846.0,8.5,2025,1,
Chili,2013-14,BD2051,Lakshmipur,5583.0,1956.0,0.866,2017,2,
Chili,2014-15,BD2051,Lakshmipur,5558.0,2023.0,0.899,2018,3,
Chili,2015-16,BD2051,Lakshmipur,4877.0,1807.0,0.916,2019,3,
Chili,2016-17,BD2051,Lakshmipur,4537.0,1641.0,0.894,2020,3,
Chili,2017-18,BD2051,Lakshmipur,4206.0,1467.0,0.862,2021,3,
Chili,2018-19,BD2051,Lakshmipur,4201.0,1534.0,0.902,2021,2,
Chili,2019-20,BD2051,Lakshmipur,0.0,0.0,,2022,2,
Chili,2020-21,BD2051,Lakshmipur,14.0,42.0,7.413,2023,2,
Chili,2021-22,BD2051,Lakshmipur,87.3,255.39,7.229,2023,3,newest-edition-outlier-rejected
Chili,2022-23,BD2051,Lakshmipur,4258.0,12031.0,6.982,2025,3,yoy-jump-gt-10x
Chili,2023-24,BD2051,Lakshmipur,3516.0,9568.17,6.725,2025,2,
Chili,2024-25,BD2051,Lakshmipur,3446.0,9375.48,6.723,2025,1,
Chili,2013-14,BD5552,Lalmonirhat,1143.0,859.0,1.857,2017,2,
Chili,2014-15,BD5552,Lalmonirhat,923.0,850.0,2.276,2018,3,
Chili,2015-16,BD5552,Lalmonirhat,733.0,818.0,2.758,2019,3,
Chili,2016-17,BD5552,Lalmonirhat,1856.0,888.0,1.182,2020,3,
Chili,2017-18,BD5552,Lalmonirhat,827.0,511.0,1.527,2021,3,
Chili,2018-19,BD5552,Lalmonirhat,873.0,888.0,2.514,2021,2,
Chili,2019-20,BD5552,Lalmonirhat,407.0,321.0,1.949,2022,2,
Chili,2020-21,BD5552,Lalmonirhat,275.0,884.0,7.943,2023,2,
Chili,2021-22,BD5552,Lalmonirhat,306.5,925.49,7.461,2023,3,newest-edition-outlier-rejected
Chili,2022-23,BD5552,Lalmonirhat,909.25,3051.8500000000004,8.294,2025,3,
Chili,2023-24,BD5552,Lalmonirhat,912.75,2923.0,7.913,2025,2,
Chili,2024-25,BD5552,Lalmonirhat,917.0,2714.0,7.313,2025,1,
Chili,2013-14,BD3054,Madaripur,1714.0,559.0,0.806,2017,2,
Chili,2014-15,BD3054,Madaripur,1588.0,475.0,0.739,2018,3,
Chili,2015-16,BD3054,Madaripur,1576.0,489.0,0.767,2019,3,
Chili,2016-17,BD3054,Madaripur,1605.0,494.0,0.761,2020,3,
Chili,2017-18,BD3054,Madaripur,1628.0,729.0,1.107,2021,3,
Chili,2018-19,BD3054,Madaripur,1784.0,772.0,1.069,2021,2,
Chili,2019-20,BD3054,Madaripur,522.0,168.0,0.795,2022,2,
Chili,2020-21,BD3054,Madaripur,322.0,482.13,3.7,2023,2,
Chili,2021-22,BD3054,Madaripur,299.74,1110.84,9.158,2023,3,newest-edition-outlier-rejected
Chili,2022-23,BD3054,Madaripur,1439.63,3754.54,6.444,2025,3,
Chili,2023-24,BD3054,Madaripur,1513.5500000000002,3884.65,6.342,2025,2,
Chili,2024-25,BD3054,Madaripur,1469.0700000000002,3918.73,6.592,2025,1,
Chili,2013-14,BD4055,Magura,760.0,488.0,1.587,2017,2,
Chili,2014-15,BD4055,Magura,729.0,502.0,1.702,2018,3,
Chili,2015-16,BD4055,Magura,918.0,711.0,1.914,2019,3,
Chili,2016-17,BD4055,Magura,927.0,783.0,2.087,2020,3,
Chili,2017-18,BD4055,Magura,919.0,744.0,2.001,2021,3,
Chili,2018-19,BD4055,Magura,641.0,572.0,2.205,2021,2,
Chili,2019-20,BD4055,Magura,427.0,212.0,1.227,2022,2,
Chili,2020-21,BD4055,Magura,428.7,213.25,1.229,2023,2,
Chili,2021-22,BD4055,Magura,430.5,214.76,1.233,2023,3,newest-edition-outlier-rejected
Chili,2022-23,BD4055,Magura,1210.9299999999998,1229.25,2.508,2025,3,
Chili,2023-24,BD4055,Magura,1210.92,2414.52,4.927,2025,2,
Chili,2024-25,BD4055,Magura,1193.5,1764.08,3.652,2025,1,
Chili,2013-14,BD3056,Manikganj,2545.0,1209.0,1.174,2017,2,
Chili,2014-15,BD3056,Manikganj,2654.0,1258.0,1.171,2018,3,
Chili,2015-16,BD3056,Manikganj,7632.0,3441.0,1.114,2019,3,
Chili,2016-17,BD3056,Manikganj,7432.0,3611.0,1.201,2020,3,
Chili,2017-18,BD3056,Manikganj,7274.0,3588.0,1.219,2021,3,
Chili,2018-19,BD3056,Manikganj,7304.0,3490.0,1.181,2021,2,
Chili,2019-20,BD3056,Manikganj,617.0,277.0,1.109,2022,2,yoy-jump-gt-10x
Chili,2020-21,BD3056,Manikganj,557.0,1880.69,8.343,2023,2,
Chili,2021-22,BD3056,Manikganj,647.55,1951.63,7.447,2023,3,newest-edition-outlier-rejected
Chili,2022-23,BD3056,Manikganj,6686.33,33385.93,12.338,2025,3,yoy-jump-gt-10x
Chili,2023-24,BD3056,Manikganj,5997.42,30543.65,12.585,2025,2,
Chili,2024-25,BD3056,Manikganj,5926.97,26315.32,10.971,2025,1,
Chili,2013-14,BD4057,Meherpur,2216.0,1042.0,1.162,2017,2,
Chili,2014-15,BD4057,Meherpur,2393.0,1158.0,1.196,2018,3,
Chili,2015-16,BD4057,Meherpur,2323.0,1131.0,1.203,2019,3,
Chili,2016-17,BD4057,Meherpur,2308.0,1179.0,1.262,2020,3,
Chili,2017-18,BD4057,Meherpur,2310.0,1219.0,1.304,2021,3,
Chili,2018-19,BD4057,Meherpur,3022.0,1431.0,1.17,2021,2,
Chili,2019-20,BD4057,Meherpur,3270.0,1270.0,0.96,2022,2,
Chili,2020-21,BD4057,Meherpur,3213.0,2559.49,1.968,2023,2,
Chili,2021-22,BD4057,Meherpur,3178.0,8312.0,6.463,2023,3,newest-edition-outlier-rejected
Chili,2022-23,BD4057,Meherpur,3458.0,9620.41,6.875,2025,3,
Chili,2023-24,BD4057,Meherpur,3469.5,9660.67,6.881,2025,2,
Chili,2024-25,BD4057,Meherpur,3419.0,8793.880000000001,6.356,2025,1,
Chili,2013-14,BD6058,Moulvibazar,475.0,332.0,1.727,2017,2,
Chili,2014-15,BD6058,Moulvibazar,704.0,528.0,1.853,2018,3,
Chili,2015-16,BD6058,Moulvibazar,415.0,175.0,1.042,2019,3,
Chili,2016-17,BD6058,Moulvibazar,427.0,188.0,1.088,2020,3,
Chili,2017-18,BD6058,Moulvibazar,441.0,181.0,1.014,2021,3,
Chili,2018-19,BD6058,Moulvibazar,420.0,187.0,1.1,2021,2,
Chili,2019-20,BD6058,Moulvibazar,105.0,55.0,1.294,2022,2,
Chili,2020-21,BD6058,Moulvibazar,110.67,53.83,1.202,2023,2,
Chili,2021-22,BD6058,Moulvibazar,111.59,55.02,1.218,2023,3,newest-edition-outlier-rejected
Chili,2022-23,BD6058,Moulvibazar,489.96,437.5,2.206,2025,3,
Chili,2023-24,BD6058,Moulvibazar,497.02,445.24,2.214,2025,2,
Chili,2024-25,BD6058,Moulvibazar,497.86,444.52,2.206,2025,1,
Chili,2013-14,BD3059,Munshiganj,1180.0,665.0,1.393,2017,2,
Chili,2014-15,BD3059,Munshiganj,1284.0,719.0,1.384,2018,3,
Chili,2015-16,BD3059,Munshiganj,1293.0,718.0,1.372,2019,3,
Chili,2016-17,BD3059,Munshiganj,1350.0,748.0,1.369,2020,3,
Chili,2017-18,BD3059,Munshiganj,1132.0,663.0,1.447,2021,3,
Chili,2018-19,BD3059,Munshiganj,1123.0,669.0,1.472,2021,2,
Chili,2019-20,BD3059,Munshiganj,250.0,108.0,1.067,2022,2,
Chili,2020-21,BD3059,Munshiganj,400.0,227.16,1.403,2023,2,
Chili,2021-22,BD3059,Munshiganj,311.5,419.6,3.329,2023,3,newest-edition-outlier-rejected
Chili,2022-23,BD3059,Munshiganj,1264.53,2948.11,5.761,2025,3,
Chili,2023-24,BD3059,Munshiganj,1224.36,3047.19,6.15,2025,2,
Chili,2024-25,BD3059,Munshiganj,1186.67,3108.73,6.473,2025,1,
Chili,2013-14,BD4561,Mymensingh,4172.0,2238.0,1.326,2017,2,
Chili,2014-15,BD4561,Mymensingh,4129.0,2443.0,1.462,2018,3,
Chili,2015-16,BD4561,Mymensingh,4265.0,3252.0,1.884,2019,3,
Chili,2016-17,BD4561,Mymensingh,4367.0,2642.0,1.495,2020,3,
Chili,2017-18,BD4561,Mymensingh,4349.0,3145.0,1.787,2021,3,
Chili,2018-19,BD4561,Mymensingh,4390.0,3205.0,1.804,2021,2,
Chili,2019-20,BD4561,Mymensingh,854.0,742.0,2.147,2022,2,
Chili,2020-21,BD4561,Mymensingh,788.0,1265.0,3.967,2023,2,
Chili,2021-22,BD4561,Mymensingh,838.0,1455.0,4.29,2023,3,newest-edition-outlier-rejected
Chili,2022-23,BD4561,Mymensingh,4508.0,16743.0,9.178,2025,3,yoy-jump-gt-10x
Chili,2023-24,BD4561,Mymensingh,4559.0,16860.0,9.138,2025,2,
Chili,2024-25,BD4561,Mymensingh,4521.0,16751.0,9.156,2025,1,
Chili,2013-14,BD5064,Naogaon,1277.0,764.0,1.478,2017,2,
Chili,2014-15,BD5064,Naogaon,1288.0,836.0,1.604,2018,3,
Chili,2015-16,BD5064,Naogaon,2231.0,1441.0,1.596,2019,3,
Chili,2016-17,BD5064,Naogaon,2640.0,1758.0,1.645,2020,3,
Chili,2017-18,BD5064,Naogaon,2759.0,1979.0,1.772,2021,3,
Chili,2018-19,BD5064,Naogaon,2781.0,2015.0,1.79,2021,2,
Chili,2019-20,BD5064,Naogaon,121.0,860.0,17.563,2022,2,
Chili,2020-21,BD5064,Naogaon,1186.8,883.62,1.84,2023,2,
Chili,2021-22,BD5064,Naogaon,1178.61,3840.29,8.051,2023,3,newest-edition-outlier-rejected
Chili,2022-23,BD5064,Naogaon,2568.9700000000003,9953.91,9.575,2025,3,
Chili,2023-24,BD5064,Naogaon,2524.15,10161.58,9.948,2025,2,
Chili,2024-25,BD5064,Naogaon,2514.96,10239.1,10.06,2025,1,
Chili,2013-14,BD4065,Narail,925.0,2065.0,5.516,2017,2,
Chili,2014-15,BD4065,Narail,917.0,2038.0,5.492,2018,3,
Chili,2015-16,BD4065,Narail,939.0,2160.0,5.684,2019,3,
Chili,2016-17,BD4065,Narail,947.0,2133.0,5.566,2020,3,
Chili,2017-18,BD4065,Narail,947.0,1977.0,5.159,2021,3,
Chili,2018-19,BD4065,Narail,881.0,1776.0,4.981,2021,2,
Chili,2019-20,BD4065,Narail,395.0,599.0,3.747,2022,2,
Chili,2020-21,BD4065,Narail,374.0,558.61,3.691,2023,2,
Chili,2021-22,BD4065,Narail,369.0,554.7,3.715,2023,3,newest-edition-outlier-rejected
Chili,2022-23,BD4065,Narail,867.0,1640.86,4.677,2025,3,
Chili,2023-24,BD4065,Narail,4543.0,18754.18,10.201,2025,2,yoy-jump-gt-10x
Chili,2024-25,BD4065,Narail,865.0,1647.0,4.705,2025,1,yoy-jump-gt-10x
Chili,2013-14,BD3067,Narayanganj,794.0,359.0,1.117,2017,2,
Chili,2014-15,BD3067,Narayanganj,804.0,395.0,1.214,2018,3,
Chili,2015-16,BD3067,Narayanganj,739.0,305.0,1.02,2019,3,
Chili,2016-17,BD3067,Narayanganj,726.0,295.0,1.004,2020,3,
Chili,2017-18,BD3067,Narayanganj,705.0,279.0,0.978,2021,3,
Chili,2018-19,BD3067,Narayanganj,326.0,118.0,0.894,2021,2,
Chili,2019-20,BD3067,Narayanganj,165.0,61.0,0.914,2022,2,
Chili,2020-21,BD3067,Narayanganj,162.97,62.88,0.953,2023,2,
Chili,2021-22,BD3067,Narayanganj,218.0,92.09,1.044,2023,3,newest-edition-outlier-rejected
Chili,2022-23,BD3067,Narayanganj,643.18,982.26,3.774,2025,3,yoy-jump-gt-10x
Chili,2023-24,BD3067,Narayanganj,549.0,991.96,4.465,2025,2,
Chili,2024-25,BD3067,Narayanganj,544.16,982.75,4.463,2025,1,
Chili,2013-14,BD3068,Narsingdi,2205.0,792.0,0.888,2017,2,
Chili,2014-15,BD3068,Narsingdi,2241.0,853.0,0.941,2018,3,
Chili,2015-16,BD3068,Narsingdi,2178.0,870.0,0.987,2019,3,
Chili,2016-17,BD3068,Narsingdi,2142.0,858.0,0.99,2020,3,
Chili,2017-18,BD3068,Narsingdi,2135.0,1022.0,1.183,2021,3,
Chili,2018-19,BD3068,Narsingdi,2133.0,869.0,1.007,2021,2,
Chili,2019-20,BD3068,Narsingdi,212.0,127.0,1.48,2022,2,
Chili,2020-21,BD3068,Narsingdi,176.68,131.35,1.837,2023,2,
Chili,2021-22,BD3068,Narsingdi,172.1,141.63,2.034,2023,3,newest-edition-outlier-rejected
Chili,2022-23,BD3068,Narsingdi,2399.67,8262.47,8.508,2025,3,yoy-jump-gt-10x
Chili,2023-24,BD3068,Narsingdi,2133.13,6037.94,6.994,2025,2,
Chili,2024-25,BD3068,Narsingdi,2128.32,7045.17,8.18,2025,1,
Chili,2013-14,BD5069,Natore,1640.0,659.0,0.993,2017,2,
Chili,2014-15,BD5069,Natore,1654.0,715.0,1.068,2018,3,
Chili,2015-16,BD5069,Natore,1421.0,640.0,1.113,2019,3,
Chili,2016-17,BD5069,Natore,1410.0,647.0,1.134,2020,3,
Chili,2017-18,BD5069,Natore,1446.0,665.0,1.136,2021,3,
Chili,2018-19,BD5069,Natore,1431.0,720.0,1.243,2021,2,
Chili,2019-20,BD5069,Natore,531.0,271.0,1.261,2022,2,
Chili,2020-21,BD5069,Natore,492.0,688.71,3.459,2023,2,
Chili,2021-22,BD5069,Natore,561.0,1036.0,4.563,2023,3,newest-edition-outlier-rejected
Chili,2022-23,BD5069,Natore,1299.4,5049.27,9.602,2025,3,
Chili,2023-24,BD5069,Natore,1253.81,4918.83,9.694,2025,2,
Chili,2024-25,BD5069,Natore,1237.5,4777.54,9.54,2025,1,
Chili,2013-14,BD4572,Netrakona,1042.0,598.0,1.418,2017,2,
Chili,2014-15,BD4572,Netrakona,1095.0,649.0,1.465,2018,3,
Chili,2015-16,BD4572,Netrakona,1087.0,639.0,1.453,2019,3,
Chili,2016-17,BD4572,Netrakona,1187.0,742.0,1.545,2020,3,
Chili,2017-18,BD4572,Netrakona,1289.0,767.0,1.47,2021,3,
Chili,2018-19,BD4572,Netrakona,1424.0,833.0,1.445,2021,2,
Chili,2019-20,BD4572,Netrakona,854.0,742.0,2.147,2022,2,
Chili,2020-21,BD4572,Netrakona,200.0,330.0,4.077,2023,2,
Chili,2021-22,BD4572,Netrakona,188.0,297.0,3.904,2023,3,newest-edition-outlier-rejected
Chili,2022-23,BD4572,Netrakona,1284.0,4372.0,8.414,2025,3,yoy-jump-gt-10x
Chili,2023-24,BD4572,Netrakona,1186.0,3300.0,6.876,2025,2,
Chili,2024-25,BD4572,Netrakona,1201.0,3157.0,6.496,2025,1,
Chili,2013-14,BD5573,Nilphamari,4376.0,11578.0,6.538,2017,2,
Chili,2014-15,BD5573,Nilphamari,5238.0,12328.0,5.816,2018,3,
Chili,2015-16,BD5573,Nilphamari,4956.0,3897.0,1.943,2019,3,
Chili,2016-17,BD5573,Nilphamari,5025.0,3599.0,1.77,2020,3,
Chili,2017-18,BD5573,Nilphamari,5120.0,3846.0,1.856,2021,3,
Chili,2018-19,BD5573,Nilphamari,5222.0,3814.0,1.805,2021,2,
Chili,2019-20,BD5573,Nilphamari,936.0,617.0,1.629,2022,2,
Chili,2020-21,BD5573,Nilphamari,925.0,3404.0,9.093,2023,2,
Chili,2021-22,BD5573,Nilphamari,1021.78,3919.39,9.479,2023,3,newest-edition-outlier-rejected
Chili,2022-23,BD5573,Nilphamari,5589.73,20512.76,9.068,2025,3,
Chili,2023-24,BD5573,Nilphamari,5465.22,19255.25,8.706,2025,2,
Chili,2024-25,BD5573,Nilphamari,5483.0,19217.0,8.661,2025,1,
Chili,2013-14,BD2075,Noakhali,10474.0,3047.0,0.719,2017,2,
Chili,2014-15,BD2075,Noakhali,10470.0,3052.0,0.72,2018,3,
Chili,2015-16,BD2075,Noakhali,10418.0,2861.0,0.679,2019,3,
Chili,2016-17,BD2075,Noakhali,11226.0,3126.0,0.688,2020,3,
Chili,2017-18,BD2075,Noakhali,9615.0,3297.0,0.847,2021,3,
Chili,2018-19,BD2075,Noakhali,7728.0,2936.0,0.939,2021,2,
Chili,2019-20,BD2075,Noakhali,0.0,0.0,,2022,2,
Chili,2020-21,BD2075,Noakhali,0.0,0.0,,2023,2,
Chili,2021-22,BD2075,Noakhali,0.0,0.0,,2023,3,newest-edition-outlier-rejected
Chili,2022-23,BD2075,Noakhali,7760.26,24893.29,7.927,2025,3,
Chili,2023-24,BD2075,Noakhali,7825.98,24802.64,7.831,2025,2,
Chili,2024-25,BD2075,Noakhali,7834.72,24878.39,7.847,2025,1,
Chili,2013-14,BD5076,Pabna,8380.0,4927.0,1.453,2017,2,
Chili,2014-15,BD5076,Pabna,8907.0,5337.0,1.481,2018,3,
Chili,2015-16,BD5076,Pabna,8804.0,5388.0,1.512,2019,3,
Chili,2016-17,BD5076,Pabna,8987.0,5631.0,1.548,2020,3,
Chili,2017-18,BD5076,Pabna,8979.0,5503.0,1.514,2021,3,
Chili,2018-19,BD5076,Pabna,8237.0,5588.0,1.676,2021,2,
Chili,2019-20,BD5076,Pabna,7403.0,4633.0,1.546,2022,2,
Chili,2020-21,BD5076,Pabna,7848.0,23152.0,7.29,2023,2,
Chili,2021-22,BD5076,Pabna,7991.0,29055.1,8.985,2023,3,newest-edition-outlier-rejected
Chili,2022-23,BD5076,Pabna,9738.0,48038.89,12.19,2025,3,
Chili,2023-24,BD5076,Pabna,9764.5,60397.17,15.284,2025,2,
Chili,2024-25,BD5076,Pabna,9746.0,61448.83,15.58,2025,1,
Chili,2013-14,BD5577,Panchagarh,8251.0,4221.0,1.264,2017,2,
Chili,2014-15,BD5577,Panchagarh,7039.0,3955.0,1.388,2018,3,
Chili,2015-16,BD5577,Panchagarh,14770.0,8543.0,1.429,2019,3,
Chili,2016-17,BD5577,Panchagarh,14858.0,8684.0,1.444,2020,3,
Chili,2017-18,BD5577,Panchagarh,14769.0,7723.0,1.292,2021,3,
Chili,2018-19,BD5577,Panchagarh,11067.0,7036.0,1.571,2021,2,
Chili,2019-20,BD5577,Panchagarh,2022.0,1383.0,1.69,2022,2,
Chili,2020-21,BD5577,Panchagarh,2437.0,6212.0,6.299,2023,2,
Chili,2021-22,BD5577,Panchagarh,1555.0,4697.75,7.465,2023,3,newest-edition-outlier-rejected
Chili,2022-23,BD5577,Panchagarh,14599.0,52314.75,8.855,2025,3,yoy-jump-gt-10x
Chili,2023-24,BD5577,Panchagarh,15550.0,55544.48,8.827,2025,2,
Chili,2024-25,BD5577,Panchagarh,15864.0,56627.0,8.82,2025,1,
Chili,2013-14,BD1078,Patuakhali,1642.0,323.0,0.486,2017,2,
Chili,2014-15,BD1078,Patuakhali,1640.0,367.0,0.553,2018,3,
Chili,2015-16,BD1078,Patuakhali,2934.0,887.0,0.747,2019,3,
Chili,2016-17,BD1078,Patuakhali,2841.0,657.0,0.571,2020,3,
Chili,2017-18,BD1078,Patuakhali,2659.0,801.0,0.744,2021,3,
Chili,2018-19,BD1078,Patuakhali,2828.0,792.0,0.692,2021,2,
Chili,2019-20,BD1078,Patuakhali,0.0,0.0,,2022,2,
Chili,2020-21,BD1078,Patuakhali,0.0,0.0,,2023,2,
Chili,2021-22,BD1078,Patuakhali,0.0,0.0,,2023,3,newest-edition-outlier-rejected
Chili,2022-23,BD1078,Patuakhali,2981.6,4076.27,3.378,2025,3,
Chili,2023-24,BD1078,Patuakhali,2966.81,3483.38,2.901,2025,2,
Chili,2024-25,BD1078,Patuakhali,2959.0,3429.0,2.864,2025,1,
Chili,2013-14,BD1079,Pirojpur,1160.0,365.0,0.778,2017,2,
Chili,2014-15,BD1079,Pirojpur,1198.0,400.0,0.825,2018,3,
Chili,2015-16,BD1079,Pirojpur,1013.0,346.0,0.844,2019,3,
Chili,2016-17,BD1079,Pirojpur,1030.0,373.0,0.895,2020,3,
Chili,2017-18,BD1079,Pirojpur,1019.0,412.0,0.999,2021,3,
Chili,2018-19,BD1079,Pirojpur,1017.0,415.0,1.008,2021,2,
Chili,2019-20,BD1079,Pirojpur,0.0,0.0,,2022,2,
Chili,2020-21,BD1079,Pirojpur,0.0,0.0,,2023,2,
Chili,2021-22,BD1079,Pirojpur,0.0,0.0,,2023,3,newest-edition-outlier-rejected
Chili,2022-23,BD1079,Pirojpur,1025.0,822.0,1.982,2025,3,
Chili,2023-24,BD1079,Pirojpur,1027.0,823.6,1.982,2025,2,
Chili,2024-25,BD1079,Pirojpur,1002.0,1411.0,3.48,2025,1,
Chili,2013-14,BD3082,Rajbari,2275.0,1055.0,1.146,2017,2,
Chili,2014-15,BD3082,Rajbari,4844.0,1973.0,1.006,2018,3,
Chili,2015-16,BD3082,Rajbari,4049.0,3256.0,1.987,2019,3,
Chili,2016-17,BD3082,Rajbari,4172.0,3474.0,2.058,2020,3,
Chili,2017-18,BD3082,Rajbari,3783.0,4532.0,2.96,2021,3,
Chili,2018-19,BD3082,Rajbari,3741.0,5824.0,3.847,2021,2,
Chili,2019-20,BD3082,Rajbari,2955.0,2948.0,2.465,2022,2,
Chili,2020-21,BD3082,Rajbari,3001.0,3296.16,2.714,2023,2,
Chili,2021-22,BD3082,Rajbari,2767.0,6449.2,5.759,2023,3,newest-edition-outlier-rejected
Chili,2022-23,BD3082,Rajbari,3598.18,9126.82,6.268,2025,3,
Chili,2023-24,BD3082,Rajbari,3584.0,8549.59,5.895,2025,2,
Chili,2024-25,BD3082,Rajbari,3592.0,8593.0,5.911,2025,1,
Chili,2013-14,BD5081,Rajshahi,2633.0,2172.0,2.038,2017,2,
Chili,2014-15,BD5081,Rajshahi,3025.0,3227.0,2.636,2018,3,
Chili,2015-16,BD5081,Rajshahi,3336.0,3169.0,2.347,2019,3,
Chili,2016-17,BD5081,Rajshahi,2916.0,900.0,0.763,2020,3,
Chili,2017-18,BD5081,Rajshahi,3653.0,2498.0,1.69,2021,3,
Chili,2018-19,BD5081,Rajshahi,3435.0,7325.0,5.269,2021,2,
Chili,2019-20,BD5081,Rajshahi,2047.0,5547.0,6.696,2022,2,
Chili,2020-21,BD5081,Rajshahi,2214.99,6883.44,7.679,2023,2,
Chili,2021-22,BD5081,Rajshahi,2206.97,7559.83,8.464,2023,3,newest-edition-outlier-rejected
Chili,2022-23,BD5081,Rajshahi,3687.33,12278.28,8.228,2025,3,
Chili,2023-24,BD5081,Rajshahi,3860.45,12698.03,8.128,2025,2,
Chili,2024-25,BD5081,Rajshahi,3874.64,12790.8,8.157,2025,1,
Chili,2013-14,BD2084,Rangamati,2143.0,1103.0,1.272,2017,2,
Chili,2014-15,BD2084,Rangamati,2250.0,1186.0,1.303,2018,3,
Chili,2015-16,BD2084,Rangamati,2164.0,1127.0,1.287,2019,3,
Chili,2016-17,BD2084,Rangamati,2169.0,1139.0,1.298,2020,3,
Chili,2017-18,BD2084,Rangamati,2177.0,1111.0,1.261,2021,3,
Chili,2018-19,BD2084,Rangamati,1068.0,1046.0,2.42,2021,2,
Chili,2019-20,BD2084,Rangamati,953.0,399.0,1.035,2022,2,
Chili,2020-21,BD2084,Rangamati,970.2,399.03,1.016,2023,2,
Chili,2021-22,BD2084,Rangamati,968.35,2655.36,6.776,2023,3,newest-edition-outlier-rejected
Chili,2022-23,BD2084,Rangamati,2002.53,3927.41,4.846,2025,3,
Chili,2023-24,BD2084,Rangamati,1999.62,4106.07,5.074,2025,2,
Chili,2024-25,BD2084,Rangamati,2001.59,4671.46,5.767,2025,1,
Chili,2013-14,BD5585,Rangpur,2425.0,1117.0,1.138,2017,2,
Chili,2014-15,BD5585,Rangpur,2597.0,1366.0,1.3,2018,3,
Chili,2015-16,BD5585,Rangpur,2673.0,1434.0,1.326,2019,3,
Chili,2016-17,BD5585,Rangpur,3428.0,1788.0,1.289,2020,3,
Chili,2017-18,BD5585,Rangpur,4583.0,2338.0,1.261,2021,3,
Chili,2018-19,BD5585,Rangpur,4281.0,2328.0,1.344,2021,2,
Chili,2019-20,BD5585,Rangpur,1106.0,572.0,1.278,2022,2,
Chili,2020-21,BD5585,Rangpur,1130.0,2402.0,5.253,2023,2,
Chili,2021-22,BD5585,Rangpur,1134.0,2287.0,4.984,2023,3,newest-edition-outlier-rejected
Chili,2022-23,BD5585,Rangpur,4380.0,9792.0,5.524,2025,3,
Chili,2023-24,BD5585,Rangpur,4390.0,9800.0,5.516,2025,2,
Chili,2024-25,BD5585,Rangpur,4084.0,9704.0,5.871,2025,1,
Chili,2013-14,BD4087,Satkhira,1242.0,1811.0,3.603,2017,2,
Chili,2014-15,BD4087,Satkhira,1214.0,1783.0,3.629,2018,3,
Chili,2015-16,BD4087,Satkhira,1285.0,962.0,1.85,2019,3,
Chili,2016-17,BD4087,Satkhira,1244.0,1534.0,3.047,2020,3,
Chili,2017-18,BD4087,Satkhira,1238.0,1493.0,2.98,2021,3,
Chili,2018-19,BD4087,Satkhira,1198.0,1504.0,3.102,2021,2,
Chili,2019-20,BD4087,Satkhira,549.0,677.0,3.047,2022,2,
Chili,2020-21,BD4087,Satkhira,542.8,634.14,2.887,2023,2,
Chili,2021-22,BD4087,Satkhira,519.0,630.0,3.0,2023,3,newest-edition-outlier-rejected
Chili,2022-23,BD4087,Satkhira,1178.96,1462.29,3.065,2025,3,
Chili,2023-24,BD4087,Satkhira,1197.34,1953.38,4.031,2025,2,
Chili,2024-25,BD4087,Satkhira,1201.23,1526.95,3.141,2025,1,
Chili,2013-14,BD3086,Shariatpur,1211.0,678.0,1.383,2017,2,
Chili,2014-15,BD3086,Shariatpur,1210.0,638.0,1.303,2018,3,
Chili,2015-16,BD3086,Shariatpur,11546.0,6439.0,1.378,2019,3,yoy-jump-gt-10x
Chili,2016-17,BD3086,Shariatpur,10766.0,6120.0,1.405,2020,3,
Chili,2017-18,BD3086,Shariatpur,10959.0,6162.0,1.389,2021,3,
Chili,2018-19,BD3086,Shariatpur,10344.0,6391.0,1.527,2021,2,
Chili,2019-20,BD3086,Shariatpur,201.0,207.0,2.545,2022,2,yoy-jump-gt-10x
Chili,2020-21,BD3086,Shariatpur,137.6,472.0,8.476,2023,2,
Chili,2021-22,BD3086,Shariatpur,192.0,540.0,6.95,2023,3,newest-edition-outlier-rejected
Chili,2022-23,BD3086,Shariatpur,10514.0,11793.0,2.772,2025,3,yoy-jump-gt-10x
Chili,2023-24,BD3086,Shariatpur,10567.0,12106.0,2.831,2025,2,
Chili,2024-25,BD3086,Shariatpur,10571.0,13671.0,3.196,2025,1,
Chili,2013-14,BD4589,Sherpur,2958.0,1171.0,0.978,2017,2,
Chili,2014-15,BD4589,Sherpur,2959.0,1169.0,0.976,2018,3,
Chili,2015-16,BD4589,Sherpur,3038.0,1225.0,0.996,2019,3,
Chili,2016-17,BD4589,Sherpur,3187.0,1292.0,1.002,2020,3,
Chili,2017-18,BD4589,Sherpur,3258.0,1324.0,1.004,2021,3,
Chili,2018-19,BD4589,Sherpur,3375.0,1382.0,1.012,2021,2,
Chili,2019-20,BD4589,Sherpur,390.0,151.0,0.957,2022,2,
Chili,2020-21,BD4589,Sherpur,380.0,684.0,4.448,2023,2,
Chili,2021-22,BD4589,Sherpur,382.0,568.0,3.674,2023,3,newest-edition-outlier-rejected
Chili,2022-23,BD4589,Sherpur,1750.0,6121.0,8.643,2025,3,yoy-jump-gt-10x
Chili,2023-24,BD4589,Sherpur,1751.0,6128.0,8.648,2025,2,
Chili,2024-25,BD4589,Sherpur,1748.0,6107.0,8.633,2025,1,
Chili,2013-14,BD5088,Sirajganj,8639.0,5438.0,1.555,2017,2,
Chili,2014-15,BD5088,Sirajganj,8593.0,5697.0,1.638,2018,3,
Chili,2015-16,BD5088,Sirajganj,6468.0,3599.0,1.375,2019,3,
Chili,2016-17,BD5088,Sirajganj,5316.0,2960.0,1.376,2020,3,
Chili,2017-18,BD5088,Sirajganj,4737.0,2626.0,1.37,2021,3,
Chili,2018-19,BD5088,Sirajganj,4810.0,2675.0,1.374,2021,2,
Chili,2019-20,BD5088,Sirajganj,234.0,152.0,1.605,2022,2,yoy-jump-gt-10x
Chili,2020-21,BD5088,Sirajganj,334.55,1002.13,7.402,2023,2,
Chili,2021-22,BD5088,Sirajganj,312.25,881.34,6.975,2023,3,newest-edition-outlier-rejected
Chili,2022-23,BD5088,Sirajganj,2942.14,11966.23,10.05,2025,3,yoy-jump-gt-10x
Chili,2023-24,BD5088,Sirajganj,2984.3,12461.79,10.319,2025,2,
Chili,2024-25,BD5088,Sirajganj,3027.01,12878.99,10.514,2025,1,
Chili,2013-14,BD6090,Sunamganj,295.0,152.0,1.273,2017,2,
Chili,2014-15,BD6090,Sunamganj,310.0,162.0,1.291,2018,3,
Chili,2015-16,BD6090,Sunamganj,820.0,513.0,1.546,2019,3,
Chili,2016-17,BD6090,Sunamganj,688.0,463.0,1.663,2020,3,
Chili,2017-18,BD6090,Sunamganj,700.0,477.0,1.684,2021,3,
Chili,2018-19,BD6090,Sunamganj,700.0,480.0,1.694,2021,2,
Chili,2019-20,BD6090,Sunamganj,0.0,0.0,,2022,2,
Chili,2020-21,BD6090,Sunamganj,70.0,49.0,1.73,2023,2,
Chili,2021-22,BD6090,Sunamganj,72.0,50.2,1.723,2023,3,newest-edition-outlier-rejected
Chili,2022-23,BD6090,Sunamganj,790.3,811.6,2.538,2025,3,yoy-jump-gt-10x
Chili,2023-24,BD6090,Sunamganj,793.0,811.4,2.528,2025,2,
Chili,2024-25,BD6090,Sunamganj,785.0,800.3,2.519,2025,1,
Chili,2013-14,BD6091,Sylhet,854.0,418.0,1.209,2017,2,
Chili,2014-15,BD6091,Sylhet,865.0,477.0,1.363,2018,3,
Chili,2015-16,BD6091,Sylhet,647.0,338.0,1.291,2019,3,
Chili,2016-17,BD6091,Sylhet,622.0,329.0,1.307,2020,3,
Chili,2017-18,BD6091,Sylhet,628.0,342.0,1.346,2021,3,
Chili,2018-19,BD6091,Sylhet,625.0,344.0,1.36,2021,2,
Chili,2019-20,BD6091,Sylhet,38.0,22.0,1.431,2022,2,yoy-jump-gt-10x
Chili,2020-21,BD6091,Sylhet,65.0,81.0,3.079,2023,2,
Chili,2021-22,BD6091,Sylhet,73.0,83.0,2.81,2023,3,newest-edition-outlier-rejected
Chili,2022-23,BD6091,Sylhet,751.0,1058.52,3.483,2025,3,yoy-jump-gt-10x
Chili,2023-24,BD6091,Sylhet,802.1,1182.68,3.644,2025,2,
Chili,2024-25,BD6091,Sylhet,774.9,1221.4,3.895,2025,1,
Chili,2013-14,BD3093,Tangail,3562.0,1113.0,0.772,2017,2,
Chili,2014-15,BD3093,Tangail,3559.0,1162.0,0.807,2018,3,
Chili,2015-16,BD3093,Tangail,3616.0,1103.0,0.754,2019,3,
Chili,2016-17,BD3093,Tangail,3645.0,1208.0,0.819,2020,3,
Chili,2017-18,BD3093,Tangail,3611.0,1195.0,0.818,2021,3,
Chili,2018-19,BD3093,Tangail,3679.0,1239.0,0.832,2021,2,
Chili,2019-20,BD3093,Tangail,741.0,266.0,0.887,2022,2,
Chili,2020-21,BD3093,Tangail,664.85,205.19,0.763,2023,2,
Chili,2021-22,BD3093,Tangail,675.7,875.44,3.202,2023,3,newest-edition-outlier-rejected
Chili,2022-23,BD3093,Tangail,3574.2200000000003,5646.2,3.904,2025,3,
Chili,2023-24,BD3093,Tangail,3603.98,5679.78,3.894,2025,2,
Chili,2024-25,BD3093,Tangail,3550.38,5746.540000000001,4.0,2025,1,
Chili,2013-14,BD5594,Thakurgaon,2535.0,729.0,0.711,2017,2,
Chili,2014-15,BD5594,Thakurgaon,2742.0,976.0,0.88,2018,3,
Chili,2015-16,BD5594,Thakurgaon,1844.0,810.0,1.085,2019,3,
Chili,2016-17,BD5594,Thakurgaon,1876.0,828.0,1.091,2020,3,
Chili,2017-18,BD5594,Thakurgaon,1905.0,855.0,1.109,2021,3,
Chili,2018-19,BD5594,Thakurgaon,1886.0,1206.0,1.58,2021,2,
Chili,2019-20,BD5594,Thakurgaon,1076.0,768.0,1.764,2022,2,
Chili,2020-21,BD5594,Thakurgaon,1086.0,4467.0,10.164,2023,2,
Chili,2021-22,BD5594,Thakurgaon,1090.0,2297.25,5.208,2023,3,newest-edition-outlier-rejected
Chili,2022-23,BD5594,Thakurgaon,2136.94,4485.63,5.187,2025,3,
Chili,2023-24,BD5594,Thakurgaon,1997.0,4605.0,5.698,2025,2,
Chili,2024-25,BD5594,Thakurgaon,2000.0,4631.0,5.722,2025,1,
Garlic,2013-14,BD4001,Bagerhat,124.0,133.0,2.65,2017,2,
Garlic,2014-15,BD4001,Bagerhat,141.0,158.0,2.769,2018,4,newest-edition-outlier-rejected
Garlic,2015-16,BD4001,Bagerhat,142.0,158.0,2.749,2018,3,newest-edition-outlier-rejected
Garlic,2016-17,BD4001,Bagerhat,141.0,163.0,2.857,2020,2,
Garlic,2017-18,BD4001,Bagerhat,151.0,166.0,2.717,2021,2,
Garlic,2018-19,BD4001,Bagerhat,154.0,187.0,3.001,2021,2,
Garlic,2019-20,BD4001,Bagerhat,151.0,201.0,3.289,2022,2,
Garlic,2020-21,BD4001,Bagerhat,149.0,202.0,3.35,2023,2,
Garlic,2021-22,BD4001,Bagerhat,157.0,212.51,3.345,2024,3,
Garlic,2022-23,BD4001,Bagerhat,156.0,214.31,3.395,2025,3,
Garlic,2023-24,BD4001,Bagerhat,164.0,225.57,3.399,2025,2,
Garlic,2024-25,BD4001,Bagerhat,153.5,209.62,3.374,2025,1,
Garlic,2013-14,BD2003,Bandarban,81.0,69.0,2.105,2017,2,
Garlic,2014-15,BD2003,Bandarban,66.0,123.0,4.605,2018,4,newest-edition-outlier-rejected
Garlic,2015-16,BD2003,Bandarban,69.0,128.0,4.584,2018,3,newest-edition-outlier-rejected
Garlic,2016-17,BD2003,Bandarban,69.0,129.0,4.62,2020,2,
Garlic,2017-18,BD2003,Bandarban,69.0,132.0,4.727,2021,2,
Garlic,2018-19,BD2003,Bandarban,71.0,134.0,4.664,2021,2,
Garlic,2019-20,BD2003,Bandarban,70.0,134.0,4.73,2022,2,
Garlic,2020-21,BD2003,Bandarban,72.0,137.0,4.702,2023,2,
Garlic,2021-22,BD2003,Bandarban,72.85,139.0,4.715,2024,3,
Garlic,2022-23,BD2003,Bandarban,76.0,145.7,4.737,2025,3,
Garlic,2023-24,BD2003,Bandarban,75.75,145.1,4.733,2025,2,
Garlic,2024-25,BD2003,Bandarban,74.83,143.3,4.732,2025,1,
Garlic,2013-14,BD1004,Barguna,53.0,38.0,1.772,2017,2,
Garlic,2014-15,BD1004,Barguna,60.0,50.0,2.059,2018,4,newest-edition-outlier-rejected
Garlic,2015-16,BD1004,Barguna,55.0,46.0,2.067,2018,3,newest-edition-outlier-rejected
Garlic,2016-17,BD1004,Barguna,57.0,47.0,2.038,2020,2,
Garlic,2017-18,BD1004,Barguna,55.0,47.0,2.112,2021,2,
Garlic,2018-19,BD1004,Barguna,54.0,45.0,2.059,2021,2,
Garlic,2019-20,BD1004,Barguna,45.0,43.0,2.361,2022,2,
Garlic,2020-21,BD1004,Barguna,32.0,33.0,2.548,2023,2,
Garlic,2021-22,BD1004,Barguna,32.0,31.0,2.394,2024,3,
Garlic,2022-23,BD1004,Barguna,27.0,29.0,2.654,2025,3,
Garlic,2023-24,BD1004,Barguna,21.0,23.0,2.706,2025,2,
Garlic,2024-25,BD1004,Barguna,28.0,70.0,6.178,2025,1,
Garlic,2013-14,BD1006,Barishal,314.0,263.0,2.07,2017,2,
Garlic,2014-15,BD1006,Barishal,361.0,207.0,1.417,2018,4,newest-edition-outlier-rejected
Garlic,2015-16,BD1006,Barishal,349.0,190.0,1.345,2018,3,newest-edition-outlier-rejected
Garlic,2016-17,BD1006,Barishal,332.0,190.0,1.414,2020,2,
Garlic,2017-18,BD1006,Barishal,352.0,289.0,2.029,2021,2,
Garlic,2018-19,BD1006,Barishal,267.0,437.0,4.044,2021,2,
Garlic,2019-20,BD1006,Barishal,320.0,450.0,3.475,2022,2,
Garlic,2020-21,BD1006,Barishal,328.0,454.0,3.42,2023,2,
Garlic,2021-22,BD1006,Barishal,395.0,258.0,1.614,2024,3,
Garlic,2022-23,BD1006,Barishal,366.0,392.0,2.647,2025,3,
Garlic,2023-24,BD1006,Barishal,339.0,365.0,2.661,2025,2,
Garlic,2024-25,BD1006,Barishal,341.0,385.0,2.79,2025,1,
Garlic,2013-14,BD1009,Bhola,1834.0,2827.0,3.809,2017,2,
Garlic,2014-15,BD1009,Bhola,1747.0,2524.0,3.57,2018,4,newest-edition-outlier-rejected
Garlic,2015-16,BD1009,Bhola,1324.0,1570.0,2.93,2018,3,newest-edition-outlier-rejected
Garlic,2016-17,BD1009,Bhola,1253.0,1408.0,2.777,2020,2,
Garlic,2017-18,BD1009,Bhola,1327.0,1322.0,2.462,2021,2,
Garlic,2018-19,BD1009,Bhola,1330.0,1340.0,2.49,2021,2,
Garlic,2019-20,BD1009,Bhola,1406.0,2458.0,4.32,2022,2,
Garlic,2020-21,BD1009,Bhola,1359.0,2472.0,4.495,2023,2,
Garlic,2021-22,BD1009,Bhola,1608.0,3852.0,5.919,2024,3,
Garlic,2022-23,BD1009,Bhola,1641.0,3622.0,5.454,2025,3,
Garlic,2023-24,BD1009,Bhola,1646.0,3700.0,5.555,2025,2,
Garlic,2024-25,BD1009,Bhola,1613.0,3236.0,4.957,2025,1,
Garlic,2013-14,BD5010,Bogura,849.0,1744.0,5.076,2017,2,
Garlic,2014-15,BD5010,Bogura,855.0,1505.0,4.35,2018,4,newest-edition-outlier-rejected
Garlic,2015-16,BD5010,Bogura,759.0,1334.0,4.343,2018,3,newest-edition-outlier-rejected
Garlic,2016-17,BD5010,Bogura,827.0,1452.0,4.339,2020,2,
Garlic,2017-18,BD5010,Bogura,824.0,1448.0,4.342,2021,2,
Garlic,2018-19,BD5010,Bogura,856.0,1504.0,4.342,2021,2,
Garlic,2019-20,BD5010,Bogura,846.0,1463.0,4.273,2022,2,
Garlic,2020-21,BD5010,Bogura,856.0,1484.0,4.284,2023,2,
Garlic,2021-22,BD5010,Bogura,978.13,1703.53,4.304,2024,3,
Garlic,2022-23,BD5010,Bogura,982.48,1847.19,4.646,2025,3,
Garlic,2023-24,BD5010,Bogura,1024.46,1967.62,4.746,2025,2,
Garlic,2024-25,BD5010,Bogura,1029.28,2390.14,5.738,2025,1,
Garlic,2013-14,BD2012,Brahmanbaria,754.0,1073.0,3.516,2017,2,
Garlic,2014-15,BD2012,Brahmanbaria,896.0,1181.0,3.257,2018,4,newest-edition-outlier-rejected
Garlic,2015-16,BD2012,Brahmanbaria,916.0,1192.0,3.216,2018,3,newest-edition-outlier-rejected
Garlic,2016-17,BD2012,Brahmanbaria,864.0,1121.0,3.206,2020,2,
Garlic,2017-18,BD2012,Brahmanbaria,853.0,1134.0,3.285,2021,2,
Garlic,2018-19,BD2012,Brahmanbaria,809.0,1078.0,3.293,2021,2,
Garlic,2019-20,BD2012,Brahmanbaria,874.0,1211.0,3.424,2022,2,
Garlic,2020-21,BD2012,Brahmanbaria,809.0,1259.0,3.846,2023,2,
Garlic,2021-22,BD2012,Brahmanbaria,805.27,1651.74,5.069,2024,3,
Garlic,2022-23,BD2012,Brahmanbaria,701.41,1464.05,5.158,2025,3,
Garlic,2023-24,BD2012,Brahmanbaria,692.2,1397.23,4.988,2025,2,
Garlic,2024-25,BD2012,Brahmanbaria,659.0,1356.4,5.086,2025,1,
Garlic,2013-14,BD2013,Chandpur,1422.0,6741.0,11.714,2017,2,
Garlic,2014-15,BD2013,Chandpur,1134.0,2474.0,5.391,2018,4,newest-edition-outlier-rejected
Garlic,2015-16,BD2013,Chandpur,1792.0,1793.0,2.472,2019,3,
Garlic,2016-17,BD2013,Chandpur,1095.0,1792.0,4.044,2020,2,
Garlic,2017-18,BD2013,Chandpur,1092.0,1793.0,4.057,2021,2,
Garlic,2018-19,BD2013,Chandpur,1084.0,1777.0,4.051,2021,2,
Garlic,2019-20,BD2013,Chandpur,1078.0,1767.0,4.05,2022,2,
Garlic,2020-21,BD2013,Chandpur,1069.0,1890.0,4.369,2023,2,
Garlic,2021-22,BD2013,Chandpur,1042.2,1999.43,4.741,2024,3,
Garlic,2022-23,BD2013,Chandpur,1042.22,2017.2,4.783,2025,3,
Garlic,2023-24,BD2013,Chandpur,999.75,2003.23,4.951,2025,2,
Garlic,2024-25,BD2013,Chandpur,999.77,2004.88,4.955,2025,1,
Garlic,2013-14,BD5070,Chapainababganj,5502.0,9679.0,4.347,2017,2,
Garlic,2014-15,BD5070,Chapainababganj,5407.0,9399.0,4.295,2018,4,newest-edition-outlier-rejected
Garlic,2015-16,BD5070,Chapainababganj,6228.0,11293.0,4.481,2018,3,newest-edition-outlier-rejected
Garlic,2016-17,BD5070,Chapainababganj,6033.0,10905.0,4.467,2020,2,
Garlic,2017-18,BD5070,Chapainababganj,6128.0,11059.0,4.459,2021,2,
Garlic,2018-19,BD5070,Chapainababganj,6033.0,10905.0,4.467,2021,2,
Garlic,2019-20,BD5070,Chapainababganj,6051.0,10859.0,4.434,2022,2,
Garlic,2020-21,BD5070,Chapainababganj,6068.0,10939.0,4.455,2023,2,
Garlic,2021-22,BD5070,Chapainababganj,6095.9,11190.14,4.536,2024,3,
Garlic,2022-23,BD5070,Chapainababganj,6130.5,15005.68,6.048,2025,3,
Garlic,2023-24,BD5070,Chapainababganj,6136.65,16017.35,6.45,2025,2,
Garlic,2024-25,BD5070,Chapainababganj,4510.88,12467.93,6.83,2025,1,
Garlic,2013-14,BD2015,Chattogram,141.0,83.0,1.455,2017,2,
Garlic,2014-15,BD2015,Chattogram,138.0,130.0,2.328,2018,4,newest-edition-outlier-rejected
Garlic,2015-16,BD2015,Chattogram,120.0,139.0,2.862,2018,3,newest-edition-outlier-rejected
Garlic,2016-17,BD2015,Chattogram,123.0,143.0,2.873,2020,2,
Garlic,2017-18,BD2015,Chattogram,123.0,143.0,2.873,2021,2,
Garlic,2018-19,BD2015,Chattogram,126.0,145.0,2.844,2021,2,
Garlic,2019-20,BD2015,Chattogram,118.0,119.0,2.492,2022,2,
Garlic,2020-21,BD2015,Chattogram,94.61,98.19,2.565,2023,2,
Garlic,2021-22,BD2015,Chattogram,101.28,112.99,2.757,2024,3,
Garlic,2022-23,BD2015,Chattogram,91.42,132.4,3.579,2025,3,
Garlic,2023-24,BD2015,Chattogram,71.04,106.68,3.711,2025,2,
Garlic,2024-25,BD2015,Chattogram,75.12,109.92,3.616,2025,1,
Garlic,2013-14,BD4018,Chuadanga,1070.0,3444.0,7.954,2017,2,
Garlic,2014-15,BD4018,Chuadanga,971.0,2897.0,7.372,2018,4,newest-edition-outlier-rejected
Garlic,2015-16,BD4018,Chuadanga,655.0,1553.0,5.859,2018,3,newest-edition-outlier-rejected
Garlic,2016-17,BD4018,Chuadanga,666.0,1570.0,5.825,2020,2,
Garlic,2017-18,BD4018,Chuadanga,685.0,1605.0,5.79,2021,2,
Garlic,2018-19,BD4018,Chuadanga,825.0,2135.0,6.395,2021,2,
Garlic,2019-20,BD4018,Chuadanga,780.0,2242.0,7.103,2022,2,
Garlic,2020-21,BD4018,Chuadanga,796.0,2365.0,7.342,2023,2,
Garlic,2021-22,BD4018,Chuadanga,770.5,2290.21,7.345,2024,3,
Garlic,2022-23,BD4018,Chuadanga,763.25,2273.36,7.36,2025,3,
Garlic,2023-24,BD4018,Chuadanga,752.0,2477.47,8.141,2025,2,
Garlic,2024-25,BD4018,Chuadanga,726.0,2431.19,8.275,2025,1,
Garlic,2013-14,BD2022,Cox's Bazar,74.0,74.0,2.471,2017,2,
Garlic,2014-15,BD2022,Cox's Bazar,76.0,74.0,2.406,2018,4,newest-edition-outlier-rejected
Garlic,2015-16,BD2022,Cox's Bazar,72.0,73.0,2.505,2018,3,newest-edition-outlier-rejected
Garlic,2016-17,BD2022,Cox's Bazar,26.0,18.0,1.711,2020,2,
Garlic,2017-18,BD2022,Cox's Bazar,24.0,30.0,3.089,2021,2,
Garlic,2018-19,BD2022,Cox's Bazar,25.0,30.0,2.965,2021,2,
Garlic,2019-20,BD2022,Cox's Bazar,25.8,30.3,2.902,2022,2,
Garlic,2020-21,BD2022,Cox's Bazar,12.29,9.09,1.828,2023,2,
Garlic,2021-22,BD2022,Cox's Bazar,11.61,8.76,1.864,2024,3,
Garlic,2022-23,BD2022,Cox's Bazar,10.65,8.25,1.914,2025,3,
Garlic,2023-24,BD2022,Cox's Bazar,10.85,8.33,1.897,2025,2,
Garlic,2024-25,BD2022,Cox's Bazar,10.94,8.55,1.931,2025,1,
Garlic,2013-14,BD2019,Cumilla,1129.0,2157.0,4.721,2017,2,
Garlic,2014-15,BD2019,Cumilla,1024.0,1868.0,4.508,2018,4,newest-edition-outlier-rejected
Garlic,2015-16,BD2019,Cumilla,1042.0,1931.0,4.579,2018,3,newest-edition-outlier-rejected
Garlic,2016-17,BD2019,Cumilla,993.0,1783.0,4.437,2020,2,
Garlic,2017-18,BD2019,Cumilla,731.0,1359.0,4.594,2021,2,
Garlic,2018-19,BD2019,Cumilla,695.0,1306.0,4.643,2021,2,
Garlic,2019-20,BD2019,Cumilla,684.0,1294.0,4.675,2022,2,
Garlic,2020-21,BD2019,Cumilla,698.65,1322.4,4.677,2023,2,
Garlic,2021-22,BD2019,Cumilla,698.8,1321.1,4.672,2024,3,
Garlic,2022-23,BD2019,Cumilla,696.3,1315.0,4.667,2025,3,
Garlic,2023-24,BD2019,Cumilla,699.6,1104.0,3.899,2025,2,
Garlic,2024-25,BD2019,Cumilla,700.5,1105.2,3.899,2025,1,
Garlic,2013-14,BD3026,Dhaka,1836.0,5599.0,7.536,2017,2,
Garlic,2014-15,BD3026,Dhaka,2329.0,5205.0,5.522,2018,4,newest-edition-outlier-rejected
Garlic,2015-16,BD3026,Dhaka,1849.0,5780.0,7.725,2018,3,newest-edition-outlier-rejected
Garlic,2016-17,BD3026,Dhaka,1886.0,5726.0,7.502,2020,2,
Garlic,2017-18,BD3026,Dhaka,1855.0,2468.0,3.288,2021,2,
Garlic,2018-19,BD3026,Dhaka,1854.0,2468.0,3.289,2021,2,
Garlic,2019-20,BD3026,Dhaka,1853.0,6519.0,8.693,2022,2,
Garlic,2020-21,BD3026,Dhaka,1673.0,4302.0,6.354,2023,2,
Garlic,2021-22,BD3026,Dhaka,1614.08,4333.96,6.635,2024,3,
Garlic,2022-23,BD3026,Dhaka,1560.83,4187.09,6.629,2025,3,
Garlic,2023-24,BD3026,Dhaka,1429.84,3846.96,6.648,2025,2,
Garlic,2024-25,BD3026,Dhaka,1273.29,3828.32,7.43,2025,1,
Garlic,2013-14,BD5527,Dinajpur,3609.0,9353.0,6.404,2017,2,
Garlic,2014-15,BD5527,Dinajpur,4723.0,12193.0,6.379,2018,4,newest-edition-outlier-rejected
Garlic,2015-16,BD5527,Dinajpur,6512.0,19345.0,7.341,2018,3,newest-edition-outlier-rejected
Garlic,2016-17,BD5527,Dinajpur,6969.0,21066.0,7.47,2020,2,
Garlic,2017-18,BD5527,Dinajpur,7484.0,22419.0,7.402,2021,2,
Garlic,2018-19,BD5527,Dinajpur,9068.0,27454.0,7.481,2021,2,
Garlic,2019-20,BD5527,Dinajpur,10984.0,33750.0,7.593,2022,2,
Garlic,2020-21,BD5527,Dinajpur,11051.0,34417.0,7.696,2023,2,
Garlic,2021-22,BD5527,Dinajpur,11120.0,29361.0,6.525,2024,3,
Garlic,2022-23,BD5527,Dinajpur,10954.0,30427.94,6.864,2025,3,
Garlic,2023-24,BD5527,Dinajpur,10963.0,31156.0,7.023,2025,2,
Garlic,2024-25,BD5527,Dinajpur,11010.0,31510.0,7.072,2025,1,
Garlic,2013-14,BD3029,Faridpur,4500.0,6600.0,3.624,2017,2,
Garlic,2014-15,BD3029,Faridpur,5910.0,7828.0,3.273,2018,4,newest-edition-outlier-rejected
Garlic,2015-16,BD3029,Faridpur,8969.0,8200.0,2.259,2019,3,
Garlic,2016-17,BD3029,Faridpur,6155.0,8969.0,3.601,2020,2,
Garlic,2017-18,BD3029,Faridpur,5954.0,8200.0,3.403,2021,2,
Garlic,2018-19,BD3029,Faridpur,5796.0,8250.0,3.517,2021,2,
Garlic,2019-20,BD3029,Faridpur,5767.0,8259.0,3.539,2022,2,
Garlic,2020-21,BD3029,Faridpur,5801.0,9073.0,3.865,2023,2,
Garlic,2021-22,BD3029,Faridpur,6006.3,10142.75,4.173,2024,3,
Garlic,2022-23,BD3029,Faridpur,6026.2,10212.52,4.188,2025,3,
Garlic,2023-24,BD3029,Faridpur,6010.95,10248.1,4.213,2025,2,
Garlic,2024-25,BD3029,Faridpur,6056.3,10300.1,4.203,2025,1,
Garlic,2013-14,BD2030,Feni,38.0,26.0,1.691,2017,2,
Garlic,2014-15,BD2030,Feni,42.0,29.0,1.706,2018,4,newest-edition-outlier-rejected
Garlic,2015-16,BD2030,Feni,47.0,33.0,1.735,2018,3,newest-edition-outlier-rejected
Garlic,2016-17,BD2030,Feni,38.0,25.0,1.626,2020,2,
Garlic,2017-18,BD2030,Feni,40.0,27.0,1.668,2021,2,
Garlic,2018-19,BD2030,Feni,30.0,70.0,5.766,2021,2,
Garlic,2019-20,BD2030,Feni,27.0,63.0,5.766,2022,2,
Garlic,2020-21,BD2030,Feni,28.42,63.85,5.552,2023,2,
Garlic,2021-22,BD2030,Feni,29.0,64.11,5.463,2024,3,
Garlic,2022-23,BD2030,Feni,30.0,75.5,6.219,2025,3,
Garlic,2023-24,BD2030,Feni,28.65,63.17,5.448,2025,2,
Garlic,2024-25,BD2030,Feni,29.16,64.43,5.46,2025,1,
Garlic,2013-14,BD5532,Gaibandha,717.0,981.0,3.381,2017,2,
Garlic,2014-15,BD5532,Gaibandha,760.0,1066.0,3.466,2018,4,newest-edition-outlier-rejected
Garlic,2015-16,BD5532,Gaibandha,768.0,1075.0,3.459,2018,3,newest-edition-outlier-rejected
Garlic,2016-17,BD5532,Gaibandha,871.0,1195.0,3.39,2020,2,
Garlic,2017-18,BD5532,Gaibandha,737.0,1006.0,3.373,2021,2,
Garlic,2018-19,BD5532,Gaibandha,711.0,969.0,3.368,2021,2,
Garlic,2019-20,BD5532,Gaibandha,745.0,1017.0,3.373,2022,2,
Garlic,2020-21,BD5532,Gaibandha,729.0,911.0,3.088,2023,2,
Garlic,2021-22,BD5532,Gaibandha,755.0,1277.11,4.18,2024,3,
Garlic,2022-23,BD5532,Gaibandha,755.0,1277.11,4.18,2025,3,
Garlic,2023-24,BD5532,Gaibandha,729.0,2249.0,7.623,2025,2,
Garlic,2024-25,BD5532,Gaibandha,725.0,2229.0,7.597,2025,1,
Garlic,2013-14,BD3033,Gazipur,146.0,254.0,4.299,2017,2,
Garlic,2014-15,BD3033,Gazipur,158.0,282.0,4.41,2018,4,newest-edition-outlier-rejected
Garlic,2015-16,BD3033,Gazipur,308.0,277.0,2.222,2019,3,
Garlic,2016-17,BD3033,Gazipur,169.0,308.0,4.503,2020,2,
Garlic,2017-18,BD3033,Gazipur,358.0,277.0,1.912,2021,2,
Garlic,2018-19,BD3033,Gazipur,360.0,283.0,1.943,2021,2,
Garlic,2019-20,BD3033,Gazipur,369.0,293.0,1.962,2022,2,
Garlic,2020-21,BD3033,Gazipur,358.0,277.0,1.912,2023,2,
Garlic,2021-22,BD3033,Gazipur,274.69,286.38,2.576,2024,3,
Garlic,2022-23,BD3033,Gazipur,280.81,316.23,2.783,2025,3,
Garlic,2023-24,BD3033,Gazipur,284.0,320.04,2.785,2025,2,
Garlic,2024-25,BD3033,Gazipur,287.94,318.24,2.731,2025,1,
Garlic,2013-14,BD3035,Gopalganj,327.0,823.0,6.219,2017,2,
Garlic,2014-15,BD3035,Gopalganj,392.0,935.0,5.894,2018,4,newest-edition-outlier-rejected
Garlic,2015-16,BD3035,Gopalganj,453.0,1121.0,6.115,2018,3,newest-edition-outlier-rejected
Garlic,2016-17,BD3035,Gopalganj,474.0,855.0,4.457,2020,2,
Garlic,2017-18,BD3035,Gopalganj,500.0,1245.0,6.153,2021,2,
Garlic,2018-19,BD3035,Gopalganj,501.0,1265.0,6.239,2021,2,
Garlic,2019-20,BD3035,Gopalganj,324.3,809.58,6.169,2022,2,
Garlic,2020-21,BD3035,Gopalganj,403.0,1106.0,6.782,2023,2,
Garlic,2021-22,BD3035,Gopalganj,450.75,1336.58,7.327,2024,3,
Garlic,2022-23,BD3035,Gopalganj,452.65,1218.77,6.653,2025,3,
Garlic,2023-24,BD3035,Gopalganj,352.05,908.76,6.379,2025,2,
Garlic,2024-25,BD3035,Gopalganj,342.21,873.09,6.304,2025,1,
Garlic,2013-14,BD6036,Habiganj,92.0,124.0,3.331,2017,2,
Garlic,2014-15,BD6036,Habiganj,126.0,292.0,5.727,2018,4,newest-edition-outlier-rejected
Garlic,2015-16,BD6036,Habiganj,116.0,265.0,5.645,2018,3,newest-edition-outlier-rejected
Garlic,2016-17,BD6036,Habiganj,128.0,280.0,5.405,2020,2,
Garlic,2017-18,BD6036,Habiganj,137.0,310.0,5.591,2021,2,
Garlic,2018-19,BD6036,Habiganj,140.0,319.0,5.63,2021,2,
Garlic,2019-20,BD6036,Habiganj,110.0,205.9,4.625,2022,2,
Garlic,2020-21,BD6036,Habiganj,93.0,191.0,5.075,2023,2,
Garlic,2021-22,BD6036,Habiganj,70.0,136.64,4.823,2024,3,
Garlic,2022-23,BD6036,Habiganj,75.0,149.5,4.926,2025,3,
Garlic,2023-24,BD6036,Habiganj,80.0,197.8,6.11,2025,2,
Garlic,2024-25,BD6036,Habiganj,88.0,222.31,6.242,2025,1,
Garlic,2013-14,BD4539,Jamalpur,1216.0,2404.0,4.885,2017,2,
Garlic,2014-15,BD4539,Jamalpur,1284.0,2556.0,4.919,2018,4,newest-edition-outlier-rejected
Garlic,2015-16,BD4539,Jamalpur,1310.0,2643.0,4.985,2018,3,newest-edition-outlier-rejected
Garlic,2016-17,BD4539,Jamalpur,1303.0,2595.0,4.921,2020,2,
Garlic,2017-18,BD4539,Jamalpur,1212.0,2452.0,4.999,2021,2,
Garlic,2018-19,BD4539,Jamalpur,1369.0,2665.0,4.81,2021,2,
Garlic,2019-20,BD4539,Jamalpur,1319.0,2579.0,4.832,2022,2,
Garlic,2020-21,BD4539,Jamalpur,1207.0,2372.0,4.856,2023,2,
Garlic,2021-22,BD4539,Jamalpur,1205.0,2368.0,4.856,2024,3,
Garlic,2022-23,BD4539,Jamalpur,1230.0,2422.0,4.866,2025,3,
Garlic,2023-24,BD4539,Jamalpur,1255.0,2468.0,4.859,2025,2,
Garlic,2024-25,BD4539,Jamalpur,1268.0,2514.0,4.899,2025,1,
Garlic,2013-14,BD4041,Jashore,1183.0,3368.0,7.035,2017,2,
Garlic,2014-15,BD4041,Jashore,1229.0,3599.0,7.236,2018,4,newest-edition-outlier-rejected
Garlic,2015-16,BD4041,Jashore,1176.0,3265.0,6.861,2018,3,newest-edition-outlier-rejected
Garlic,2016-17,BD4041,Jashore,1252.0,3600.0,7.105,2020,2,
Garlic,2017-18,BD4041,Jashore,1255.0,3657.0,7.201,2021,2,
Garlic,2018-19,BD4041,Jashore,1260.0,3701.0,7.258,2021,2,
Garlic,2019-20,BD4041,Jashore,1249.0,3608.0,7.138,2022,2,
Garlic,2020-21,BD4041,Jashore,1320.0,3704.0,6.934,2023,2,
Garlic,2021-22,BD4041,Jashore,1394.0,4105.93,7.278,2024,3,
Garlic,2022-23,BD4041,Jashore,1419.0,4232.07,7.37,2025,3,
Garlic,2023-24,BD4041,Jashore,1433.0,4269.0,7.361,2025,2,
Garlic,2024-25,BD4041,Jashore,1462.0,4356.0,7.362,2025,1,
Garlic,2013-14,BD1042,Jhalokati,18.0,19.0,2.608,2017,2,
Garlic,2014-15,BD1042,Jhalokati,18.0,17.0,2.334,2018,4,newest-edition-outlier-rejected
Garlic,2015-16,BD1042,Jhalokati,19.0,15.0,1.951,2018,3,newest-edition-outlier-rejected
Garlic,2016-17,BD1042,Jhalokati,23.0,21.0,2.256,2020,2,
Garlic,2017-18,BD1042,Jhalokati,22.0,19.0,2.134,2021,2,
Garlic,2018-19,BD1042,Jhalokati,24.0,21.0,2.162,2021,2,
Garlic,2019-20,BD1042,Jhalokati,28.0,25.0,2.206,2022,2,
Garlic,2020-21,BD1042,Jhalokati,27.0,22.0,2.013,2023,2,
Garlic,2021-22,BD1042,Jhalokati,31.0,27.0,2.152,2024,3,
Garlic,2022-23,BD1042,Jhalokati,32.0,29.0,2.239,2025,3,
Garlic,2023-24,BD1042,Jhalokati,28.0,25.0,2.206,2025,2,
Garlic,2024-25,BD1042,Jhalokati,29.0,27.0,2.301,2025,1,
Garlic,2013-14,BD4044,Jhenaidah,2764.0,8070.0,7.215,2017,2,
Garlic,2014-15,BD4044,Jhenaidah,2809.0,8575.0,7.543,2018,4,newest-edition-outlier-rejected
Garlic,2015-16,BD4044,Jhenaidah,3015.0,9032.0,7.403,2018,3,newest-edition-outlier-rejected
Garlic,2016-17,BD4044,Jhenaidah,3618.0,10502.0,7.173,2020,2,
Garlic,2017-18,BD4044,Jhenaidah,3649.0,10541.0,7.138,2021,2,
Garlic,2018-19,BD4044,Jhenaidah,3743.0,10691.0,7.058,2021,2,
Garlic,2019-20,BD4044,Jhenaidah,3806.0,10816.0,7.022,2022,2,
Garlic,2020-21,BD4044,Jhenaidah,3936.0,11234.0,7.053,2023,2,
Garlic,2021-22,BD4044,Jhenaidah,3898.0,11130.36,7.056,2024,3,
Garlic,2022-23,BD4044,Jhenaidah,3928.0,11288.62,7.102,2025,3,
Garlic,2023-24,BD4044,Jhenaidah,3805.0,10905.15,7.082,2025,2,
Garlic,2024-25,BD4044,Jhenaidah,3839.5,11041.16,7.106,2025,1,
Garlic,2013-14,BD5038,Joypurhat,293.0,607.0,5.119,2017,2,
Garlic,2014-15,BD5038,Joypurhat,303.0,727.0,5.929,2018,4,newest-edition-outlier-rejected
Garlic,2015-16,BD5038,Joypurhat,743.0,736.0,2.448,2019,3,
Garlic,2016-17,BD5038,Joypurhat,309.0,743.0,5.942,2020,2,
Garlic,2017-18,BD5038,Joypurhat,303.0,736.0,6.002,2021,2,
Garlic,2018-19,BD5038,Joypurhat,298.0,727.0,6.028,2021,2,
Garlic,2019-20,BD5038,Joypurhat,308.0,744.0,5.969,2022,2,
Garlic,2020-21,BD5038,Joypurhat,304.0,776.0,6.308,2023,2,
Garlic,2021-22,BD5038,Joypurhat,306.24,814.16,6.569,2024,3,
Garlic,2022-23,BD5038,Joypurhat,311.85,839.64,6.653,2025,3,
Garlic,2023-24,BD5038,Joypurhat,308.76,841.01,6.731,2025,2,
Garlic,2024-25,BD5038,Joypurhat,310.0,889.0,7.086,2025,1,
Garlic,2013-14,BD2046,Khagrachhari,43.0,43.0,2.471,2017,2,
Garlic,2014-15,BD2046,Khagrachhari,40.0,38.0,2.347,2018,4,newest-edition-outlier-rejected
Garlic,2015-16,BD2046,Khagrachhari,38.0,34.0,2.211,2018,3,newest-edition-outlier-rejected
Garlic,2016-17,BD2046,Khagrachhari,34.0,30.0,2.18,2020,2,
Garlic,2017-18,BD2046,Khagrachhari,37.0,35.0,2.337,2021,2,
Garlic,2018-19,BD2046,Khagrachhari,42.0,44.0,2.589,2021,2,
Garlic,2019-20,BD2046,Khagrachhari,44.0,44.0,2.471,2022,2,
Garlic,2020-21,BD2046,Khagrachhari,48.3,45.3,2.318,2023,2,
Garlic,2021-22,BD2046,Khagrachhari,55.9,51.13,2.26,2024,3,
Garlic,2022-23,BD2046,Khagrachhari,48.05,42.85,2.204,2025,3,
Garlic,2023-24,BD2046,Khagrachhari,48.3,42.91,2.195,2025,2,
Garlic,2024-25,BD2046,Khagrachhari,49.3,43.01,2.156,2025,1,
Garlic,2013-14,BD4047,Khulna,115.0,196.0,4.212,2017,2,
Garlic,2014-15,BD4047,Khulna,134.0,226.0,4.168,2018,4,newest-edition-outlier-rejected
Garlic,2015-16,BD4047,Khulna,137.0,233.0,4.203,2018,3,newest-edition-outlier-rejected
Garlic,2016-17,BD4047,Khulna,137.0,230.0,4.148,2020,2,
Garlic,2017-18,BD4047,Khulna,146.0,245.0,4.147,2021,2,
Garlic,2018-19,BD4047,Khulna,134.0,242.0,4.463,2021,2,
Garlic,2019-20,BD4047,Khulna,131.0,229.0,4.32,2022,2,
Garlic,2020-21,BD4047,Khulna,133.0,228.0,4.236,2023,2,
Garlic,2021-22,BD4047,Khulna,128.0,220.36,4.254,2024,3,
Garlic,2022-23,BD4047,Khulna,132.35,235.06,4.389,2025,3,
Garlic,2023-24,BD4047,Khulna,126.85,227.2,4.426,2025,2,
Garlic,2024-25,BD4047,Khulna,126.25,222.47,4.354,2025,1,
Garlic,2013-14,BD3048,Kishoreganj,1190.0,2826.0,5.868,2017,2,
Garlic,2014-15,BD3048,Kishoreganj,1216.0,2912.0,5.918,2018,4,newest-edition-outlier-rejected
Garlic,2015-16,BD3048,Kishoreganj,1147.0,2741.0,5.905,2018,3,newest-edition-outlier-rejected
Garlic,2016-17,BD3048,Kishoreganj,1122.0,2577.0,5.675,2020,2,
Garlic,2017-18,BD3048,Kishoreganj,1099.0,2608.0,5.864,2021,2,
Garlic,2018-19,BD3048,Kishoreganj,681.0,1103.0,4.002,2021,2,
Garlic,2019-20,BD3048,Kishoreganj,951.0,2197.0,5.709,2022,2,
Garlic,2020-21,BD3048,Kishoreganj,1062.0,2688.0,6.254,2023,2,
Garlic,2021-22,BD3048,Kishoreganj,1035.97,2674.38,6.379,2024,3,
Garlic,2022-23,BD3048,Kishoreganj,1023.96,2670.37,6.444,2025,3,
Garlic,2023-24,BD3048,Kishoreganj,1023.69,2667.29,6.438,2025,2,
Garlic,2024-25,BD3048,Kishoreganj,911.32,2069.51,5.611,2025,1,
Garlic,2013-14,BD5549,Kurigram,525.0,724.0,3.408,2017,2,
Garlic,2014-15,BD5549,Kurigram,557.0,844.0,3.744,2018,4,newest-edition-outlier-rejected
Garlic,2015-16,BD5549,Kurigram,555.0,844.0,3.758,2018,3,newest-edition-outlier-rejected
Garlic,2016-17,BD5549,Kurigram,570.0,883.0,3.828,2020,2,
Garlic,2017-18,BD5549,Kurigram,548.0,786.0,3.544,2021,2,
Garlic,2018-19,BD5549,Kurigram,545.0,782.0,3.546,2021,2,
Garlic,2019-20,BD5549,Kurigram,586.0,821.0,3.462,2022,2,
Garlic,2020-21,BD5549,Kurigram,588.0,830.0,3.488,2023,2,
Garlic,2021-22,BD5549,Kurigram,622.5,950.72,3.774,2024,3,
Garlic,2022-23,BD5549,Kurigram,625.5,989.8,3.91,2025,3,
Garlic,2023-24,BD5549,Kurigram,623.0,1584.0,6.283,2025,2,
Garlic,2024-25,BD5549,Kurigram,626.0,1593.0,6.288,2025,1,
Garlic,2013-14,BD4050,Kushtia,2735.0,6077.0,5.491,2017,2,
Garlic,2014-15,BD4050,Kushtia,2879.0,6849.0,5.879,2018,4,newest-edition-outlier-rejected
Garlic,2015-16,BD4050,Kushtia,3176.0,8207.0,6.385,2018,3,newest-edition-outlier-rejected
Garlic,2016-17,BD4050,Kushtia,3422.0,9371.0,6.767,2020,2,
Garlic,2017-18,BD4050,Kushtia,3460.0,9676.0,6.91,2021,2,
Garlic,2018-19,BD4050,Kushtia,3479.0,9758.0,6.931,2021,2,
Garlic,2019-20,BD4050,Kushtia,5963.0,16448.0,6.816,2022,2,
Garlic,2020-21,BD4050,Kushtia,3518.0,9278.0,6.517,2023,2,
Garlic,2021-22,BD4050,Kushtia,3570.0,9903.0,6.855,2024,3,
Garlic,2022-23,BD4050,Kushtia,3316.0,9660.0,7.199,2025,3,
Garlic,2023-24,BD4050,Kushtia,3444.0,11420.0,8.194,2025,2,
Garlic,2024-25,BD4050,Kushtia,3447.0,11653.0,8.354,2025,1,
Garlic,2013-14,BD2051,Lakshmipur,394.0,274.0,1.718,2017,2,
Garlic,2014-15,BD2051,Lakshmipur,252.0,212.0,2.079,2018,4,newest-edition-outlier-rejected
Garlic,2015-16,BD2051,Lakshmipur,373.0,194.0,1.285,2018,3,newest-edition-outlier-rejected
Garlic,2016-17,BD2051,Lakshmipur,230.0,198.0,2.127,2020,2,
Garlic,2017-18,BD2051,Lakshmipur,231.0,199.0,2.129,2021,2,
Garlic,2018-19,BD2051,Lakshmipur,222.0,192.0,2.137,2021,2,
Garlic,2019-20,BD2051,Lakshmipur,210.0,180.0,2.118,2022,2,
Garlic,2020-21,BD2051,Lakshmipur,213.0,204.0,2.367,2023,2,
Garlic,2021-22,BD2051,Lakshmipur,215.0,228.0,2.62,2024,3,
Garlic,2022-23,BD2051,Lakshmipur,202.25,204.5,2.499,2025,3,
Garlic,2023-24,BD2051,Lakshmipur,186.0,193.0,2.564,2025,2,
Garlic,2024-25,BD2051,Lakshmipur,189.0,198.0,2.589,2025,1,
Garlic,2013-14,BD5552,Lalmonirhat,596.0,1693.0,7.019,2017,2,
Garlic,2014-15,BD5552,Lalmonirhat,584.0,724.0,3.063,2018,4,newest-edition-outlier-rejected
Garlic,2015-16,BD5552,Lalmonirhat,561.0,724.0,3.189,2018,3,newest-edition-outlier-rejected
Garlic,2016-17,BD5552,Lalmonirhat,570.0,714.0,3.095,2020,2,
Garlic,2017-18,BD5552,Lalmonirhat,600.0,1114.0,4.588,2021,2,
Garlic,2018-19,BD5552,Lalmonirhat,610.0,1135.0,4.598,2021,2,
Garlic,2019-20,BD5552,Lalmonirhat,629.0,1180.0,4.636,2022,2,
Garlic,2020-21,BD5552,Lalmonirhat,623.0,1183.0,4.692,2023,2,
Garlic,2021-22,BD5552,Lalmonirhat,657.25,1222.27,4.595,2024,3,
Garlic,2022-23,BD5552,Lalmonirhat,657.0,1218.08,4.581,2025,3,
Garlic,2023-24,BD5552,Lalmonirhat,666.0,1625.0,6.029,2025,2,
Garlic,2024-25,BD5552,Lalmonirhat,671.0,1617.0,5.955,2025,1,
Garlic,2013-14,BD3054,Madaripur,327.0,825.0,6.234,2017,2,
Garlic,2014-15,BD3054,Madaripur,1368.0,2315.0,4.182,2018,4,newest-edition-outlier-rejected
Garlic,2015-16,BD3054,Madaripur,1387.0,2388.0,4.254,2018,3,newest-edition-outlier-rejected
Garlic,2016-17,BD3054,Madaripur,2006.0,4505.0,5.549,2020,2,
Garlic,2017-18,BD3054,Madaripur,4244.0,16510.0,9.613,2021,2,
Garlic,2018-19,BD3054,Madaripur,6643.0,26244.0,9.762,2021,2,
Garlic,2019-20,BD3054,Madaripur,7503.0,27199.0,8.958,2022,2,
Garlic,2020-21,BD3054,Madaripur,7523.0,22549.0,7.407,2023,2,
Garlic,2021-22,BD3054,Madaripur,7541.2,21780.85,7.137,2024,3,
Garlic,2022-23,BD3054,Madaripur,7762.95,21866.83,6.961,2025,3,
Garlic,2023-24,BD3054,Madaripur,7202.6,20219.25,6.937,2025,2,
Garlic,2024-25,BD3054,Madaripur,7224.1,20289.39,6.94,2025,1,
Garlic,2013-14,BD4055,Magura,1982.0,6225.0,7.761,2017,2,
Garlic,2014-15,BD4055,Magura,2186.0,6983.0,7.894,2018,4,newest-edition-outlier-rejected
Garlic,2015-16,BD4055,Magura,2452.0,7449.0,7.507,2018,3,newest-edition-outlier-rejected
Garlic,2016-17,BD4055,Magura,2425.0,7426.0,7.567,2020,2,
Garlic,2017-18,BD4055,Magura,2385.0,7294.0,7.557,2021,2,
Garlic,2018-19,BD4055,Magura,1634.0,5147.0,7.784,2021,2,
Garlic,2019-20,BD4055,Magura,2437.0,7631.0,7.738,2022,2,
Garlic,2020-21,BD4055,Magura,2649.0,8568.0,7.992,2023,2,
Garlic,2021-22,BD4055,Magura,2524.0,8017.12,7.849,2024,3,
Garlic,2022-23,BD4055,Magura,2275.0,7341.81,7.975,2025,3,
Garlic,2023-24,BD4055,Magura,2107.5,6616.95,7.758,2025,2,
Garlic,2024-25,BD4055,Magura,2126.8,6685.86,7.768,2025,1,
Garlic,2013-14,BD3056,Manikganj,1542.0,2097.0,3.36,2017,2,
Garlic,2014-15,BD3056,Manikganj,1453.0,2072.0,3.524,2018,4,newest-edition-outlier-rejected
Garlic,2015-16,BD3056,Manikganj,1436.0,2042.0,3.514,2018,3,newest-edition-outlier-rejected
Garlic,2016-17,BD3056,Manikganj,1502.0,2155.0,3.545,2020,2,
Garlic,2017-18,BD3056,Manikganj,1493.0,2117.0,3.504,2021,2,
Garlic,2018-19,BD3056,Manikganj,1470.0,2071.0,3.481,2021,2,
Garlic,2019-20,BD3056,Manikganj,1505.0,2186.0,3.589,2022,2,
Garlic,2020-21,BD3056,Manikganj,1543.0,2251.0,3.605,2023,2,
Garlic,2021-22,BD3056,Manikganj,1602.5,3085.61,4.758,2024,3,
Garlic,2022-23,BD3056,Manikganj,1577.51,3204.79,5.02,2025,3,
Garlic,2023-24,BD3056,Manikganj,1333.76,3110.02,5.762,2025,2,
Garlic,2024-25,BD3056,Manikganj,1425.13,4010.22,6.953,2025,1,
Garlic,2013-14,BD4057,Meherpur,904.0,2943.0,8.045,2017,2,
Garlic,2014-15,BD4057,Meherpur,901.0,3023.0,8.291,2018,4,newest-edition-outlier-rejected
Garlic,2015-16,BD4057,Meherpur,902.0,3095.0,8.479,2018,3,newest-edition-outlier-rejected
Garlic,2016-17,BD4057,Meherpur,937.0,3260.0,8.597,2020,2,
Garlic,2017-18,BD4057,Meherpur,936.0,3262.0,8.612,2021,2,
Garlic,2018-19,BD4057,Meherpur,991.0,3309.0,8.251,2021,2,
Garlic,2019-20,BD4057,Meherpur,1299.0,3629.0,6.903,2022,2,
Garlic,2020-21,BD4057,Meherpur,1553.0,5821.0,9.262,2023,2,
Garlic,2021-22,BD4057,Meherpur,1456.0,5531.76,9.388,2024,3,
Garlic,2022-23,BD4057,Meherpur,1438.0,5659.21,9.725,2025,3,
Garlic,2023-24,BD4057,Meherpur,1436.0,5739.89,9.877,2025,2,
Garlic,2024-25,BD4057,Meherpur,1453.0,5863.3,9.971,2025,1,
Garlic,2013-14,BD6058,Moulvibazar,93.0,70.0,1.86,2017,2,
Garlic,2014-15,BD6058,Moulvibazar,63.0,100.0,3.922,2018,4,newest-edition-outlier-rejected
Garlic,2015-16,BD6058,Moulvibazar,63.0,201.0,7.884,2018,3,newest-edition-outlier-rejected
Garlic,2016-17,BD6058,Moulvibazar,66.0,206.0,7.713,2020,2,
Garlic,2017-18,BD6058,Moulvibazar,66.0,107.0,4.006,2021,2,
Garlic,2018-19,BD6058,Moulvibazar,50.0,96.0,4.744,2021,2,
Garlic,2019-20,BD6058,Moulvibazar,69.0,111.0,3.975,2022,2,
Garlic,2020-21,BD6058,Moulvibazar,55.0,98.0,4.403,2023,2,
Garlic,2021-22,BD6058,Moulvibazar,51.0,86.94,4.212,2024,3,
Garlic,2022-23,BD6058,Moulvibazar,49.0,82.6,4.165,2025,3,
Garlic,2023-24,BD6058,Moulvibazar,52.0,87.07,4.138,2025,2,
Garlic,2024-25,BD6058,Moulvibazar,52.0,89.19,4.238,2025,1,
Garlic,2013-14,BD3059,Munshiganj,311.0,383.0,3.043,2017,2,
Garlic,2014-15,BD3059,Munshiganj,237.0,277.0,2.888,2018,4,newest-edition-outlier-rejected
Garlic,2015-16,BD3059,Munshiganj,240.0,289.0,2.976,2018,3,newest-edition-outlier-rejected
Garlic,2016-17,BD3059,Munshiganj,284.0,304.0,2.645,2020,2,
Garlic,2017-18,BD3059,Munshiganj,267.0,331.0,3.063,2021,2,
Garlic,2018-19,BD3059,Munshiganj,272.0,339.0,3.08,2021,2,
Garlic,2019-20,BD3059,Munshiganj,272.15,331.24,3.008,2022,2,
Garlic,2020-21,BD3059,Munshiganj,277.0,415.0,3.702,2023,2,
Garlic,2021-22,BD3059,Munshiganj,283.65,366.5,3.193,2024,3,
Garlic,2022-23,BD3059,Munshiganj,265.4,392.6,3.655,2025,3,
Garlic,2023-24,BD3059,Munshiganj,253.17,408.57,3.988,2025,2,
Garlic,2024-25,BD3059,Munshiganj,235.36,399.28,4.192,2025,1,
Garlic,2013-14,BD4561,Mymensingh,993.0,1738.0,4.325,2017,2,
Garlic,2014-15,BD4561,Mymensingh,1062.0,2192.0,5.1,2018,4,newest-edition-outlier-rejected
Garlic,2015-16,BD4561,Mymensingh,1048.0,2210.0,5.211,2018,3,newest-edition-outlier-rejected
Garlic,2016-17,BD4561,Mymensingh,1054.0,2238.0,5.247,2020,2,
Garlic,2017-18,BD4561,Mymensingh,1022.0,2160.0,5.223,2021,2,
Garlic,2018-19,BD4561,Mymensingh,984.0,2118.0,5.319,2021,2,
Garlic,2019-20,BD4561,Mymensingh,1016.0,2151.0,5.232,2022,2,
Garlic,2020-21,BD4561,Mymensingh,1020.0,2166.0,5.247,2023,2,
Garlic,2021-22,BD4561,Mymensingh,1027.0,2268.0,5.457,2024,3,
Garlic,2022-23,BD4561,Mymensingh,1015.0,2309.0,5.621,2025,3,
Garlic,2023-24,BD4561,Mymensingh,1016.0,2303.0,5.601,2025,2,
Garlic,2024-25,BD4561,Mymensingh,1015.0,2302.0,5.604,2025,1,
Garlic,2013-14,BD5064,Naogaon,2961.0,7172.0,5.985,2017,2,
Garlic,2014-15,BD5064,Naogaon,2964.0,7427.0,6.192,2018,4,newest-edition-outlier-rejected
Garlic,2015-16,BD5064,Naogaon,2712.0,6485.0,5.909,2018,3,newest-edition-outlier-rejected
Garlic,2016-17,BD5064,Naogaon,2749.0,6991.0,6.284,2020,2,
Garlic,2017-18,BD5064,Naogaon,2860.0,7227.0,6.244,2021,2,
Garlic,2018-19,BD5064,Naogaon,2872.0,7276.0,6.26,2021,2,
Garlic,2019-20,BD5064,Naogaon,2873.0,7319.0,6.295,2022,2,
Garlic,2020-21,BD5064,Naogaon,2762.0,7434.0,6.651,2023,2,
Garlic,2021-22,BD5064,Naogaon,2596.09,7756.65,7.383,2024,3,
Garlic,2022-23,BD5064,Naogaon,2283.15,7217.68,7.812,2025,3,
Garlic,2023-24,BD5064,Naogaon,2164.56,7354.95,8.396,2025,2,
Garlic,2024-25,BD5064,Naogaon,2086.0,7325.0,8.677,2025,1,
Garlic,2013-14,BD4065,Narail,492.0,1387.0,6.966,2017,2,
Garlic,2014-15,BD4065,Narail,334.0,819.0,6.059,2018,4,newest-edition-outlier-rejected
Garlic,2015-16,BD4065,Narail,354.0,875.0,6.108,2018,3,newest-edition-outlier-rejected
Garlic,2016-17,BD4065,Narail,369.0,919.0,6.154,2020,2,
Garlic,2017-18,BD4065,Narail,391.0,1006.0,6.358,2021,2,
Garlic,2018-19,BD4065,Narail,357.0,890.0,6.16,2021,2,
Garlic,2019-20,BD4065,Narail,363.0,907.0,6.174,2022,2,
Garlic,2020-21,BD4065,Narail,353.0,889.0,6.223,2023,2,
Garlic,2021-22,BD4065,Narail,370.0,938.1,6.265,2024,3,
Garlic,2022-23,BD4065,Narail,376.0,957.3,6.291,2025,3,
Garlic,2023-24,BD4065,Narail,387.0,979.0,6.251,2025,2,
Garlic,2024-25,BD4065,Narail,401.0,1015.0,6.255,2025,1,
Garlic,2013-14,BD3067,Narayanganj,175.0,114.0,1.61,2017,2,
Garlic,2014-15,BD3067,Narayanganj,172.0,154.0,2.212,2018,4,newest-edition-outlier-rejected
Garlic,2015-16,BD3067,Narayanganj,174.0,157.0,2.23,2018,3,newest-edition-outlier-rejected
Garlic,2016-17,BD3067,Narayanganj,173.0,148.0,2.114,2020,2,
Garlic,2017-18,BD3067,Narayanganj,173.0,149.0,2.128,2021,2,
Garlic,2018-19,BD3067,Narayanganj,170.0,221.0,3.212,2021,2,
Garlic,2019-20,BD3067,Narayanganj,168.57,169.54,2.485,2022,2,
Garlic,2020-21,BD3067,Narayanganj,170.0,171.0,2.486,2023,2,
Garlic,2021-22,BD3067,Narayanganj,169.14,143.77,2.1,2024,3,
Garlic,2022-23,BD3067,Narayanganj,162.94,146.76,2.226,2025,3,
Garlic,2023-24,BD3067,Narayanganj,167.11,147.51,2.181,2025,2,
Garlic,2024-25,BD3067,Narayanganj,167.46,147.98,2.184,2025,1,
Garlic,2013-14,BD3068,Narsingdi,250.0,290.0,2.866,2017,2,
Garlic,2014-15,BD3068,Narsingdi,242.0,266.0,2.716,2018,4,newest-edition-outlier-rejected
Garlic,2015-16,BD3068,Narsingdi,235.0,254.0,2.671,2018,3,newest-edition-outlier-rejected
Garlic,2016-17,BD3068,Narsingdi,227.0,243.0,2.645,2020,2,
Garlic,2017-18,BD3068,Narsingdi,904.0,763.0,2.086,2021,2,
Garlic,2018-19,BD3068,Narsingdi,122.0,143.0,2.896,2021,2,
Garlic,2019-20,BD3068,Narsingdi,211.0,226.0,2.647,2022,2,
Garlic,2020-21,BD3068,Narsingdi,163.0,184.0,2.789,2023,2,
Garlic,2021-22,BD3068,Narsingdi,213.21,241.42,2.798,2024,3,
Garlic,2022-23,BD3068,Narsingdi,218.51,248.43,2.809,2025,3,
Garlic,2023-24,BD3068,Narsingdi,220.21,251.02,2.817,2025,2,
Garlic,2024-25,BD3068,Narsingdi,221.03,254.62,2.847,2025,1,
Garlic,2013-14,BD5069,Natore,41182.0,112277.0,6.737,2017,2,
Garlic,2014-15,BD5069,Natore,44400.0,131818.0,7.336,2018,4,newest-edition-outlier-rejected
Garlic,2015-16,BD5069,Natore,45009.0,131529.0,7.221,2018,3,newest-edition-outlier-rejected
Garlic,2016-17,BD5069,Natore,51814.0,156660.0,7.471,2020,2,
Garlic,2017-18,BD5069,Natore,57575.0,168103.0,7.215,2021,2,
Garlic,2018-19,BD5069,Natore,57308.0,165831.0,7.15,2021,2,
Garlic,2019-20,BD5069,Natore,53704.0,155990.0,7.177,2022,2,
Garlic,2020-21,BD5069,Natore,48842.0,147635.0,7.469,2023,2,
Garlic,2021-22,BD5069,Natore,48686.75,167382.32,8.495,2024,3,
Garlic,2022-23,BD5069,Natore,48279.6,169489.44,8.675,2025,3,
Garlic,2023-24,BD5069,Natore,48522.75,155127.83,7.9,2025,2,
Garlic,2024-25,BD5069,Natore,48796.0,162659.0,8.237,2025,1,
Garlic,2013-14,BD4572,Netrakona,545.0,914.0,4.144,2017,2,
Garlic,2014-15,BD4572,Netrakona,596.0,955.0,3.959,2018,4,newest-edition-outlier-rejected
Garlic,2015-16,BD4572,Netrakona,572.0,959.0,4.143,2018,3,newest-edition-outlier-rejected
Garlic,2016-17,BD4572,Netrakona,542.0,887.0,4.044,2020,2,
Garlic,2017-18,BD4572,Netrakona,612.0,1077.0,4.349,2021,2,
Garlic,2018-19,BD4572,Netrakona,618.0,1235.0,4.938,2021,2,
Garlic,2019-20,BD4572,Netrakona,755.0,1526.0,4.994,2022,2,
Garlic,2020-21,BD4572,Netrakona,735.0,1766.0,5.937,2023,2,
Garlic,2021-22,BD4572,Netrakona,675.0,1690.0,6.187,2024,3,
Garlic,2022-23,BD4572,Netrakona,637.0,1556.0,6.036,2025,3,
Garlic,2023-24,BD4572,Netrakona,643.0,1607.0,6.176,2025,2,
Garlic,2024-25,BD4572,Netrakona,642.0,1598.0,6.151,2025,1,
Garlic,2013-14,BD5573,Nilphamari,893.0,1809.0,5.006,2017,2,
Garlic,2014-15,BD5573,Nilphamari,1102.0,3151.0,7.066,2018,4,newest-edition-outlier-rejected
Garlic,2015-16,BD5573,Nilphamari,889.0,2528.0,7.027,2018,3,newest-edition-outlier-rejected
Garlic,2016-17,BD5573,Nilphamari,888.0,2520.0,7.012,2020,2,
Garlic,2017-18,BD5573,Nilphamari,655.0,1765.0,6.659,2021,2,
Garlic,2018-19,BD5573,Nilphamari,1006.0,3037.0,7.46,2021,2,
Garlic,2019-20,BD5573,Nilphamari,1317.0,3742.0,7.021,2022,2,
Garlic,2020-21,BD5573,Nilphamari,1231.0,3418.0,6.861,2023,2,
Garlic,2021-22,BD5573,Nilphamari,1297.0,3498.0,6.664,2024,3,
Garlic,2022-23,BD5573,Nilphamari,1289.0,3515.0,6.738,2025,3,
Garlic,2023-24,BD5573,Nilphamari,1303.0,3654.0,6.93,2025,2,
Garlic,2024-25,BD5573,Nilphamari,1302.0,3658.0,6.942,2025,1,
Garlic,2013-14,BD2075,Noakhali,687.0,604.0,2.173,2017,2,
Garlic,2014-15,BD2075,Noakhali,677.0,597.0,2.179,2018,4,newest-edition-outlier-rejected
Garlic,2015-16,BD2075,Noakhali,633.0,584.0,2.28,2018,3,newest-edition-outlier-rejected
Garlic,2016-17,BD2075,Noakhali,650.0,1005.0,3.821,2020,2,
Garlic,2017-18,BD2075,Noakhali,465.0,699.0,3.715,2021,2,
Garlic,2018-19,BD2075,Noakhali,327.0,444.0,3.355,2021,2,
Garlic,2019-20,BD2075,Noakhali,204.0,293.0,3.549,2022,2,
Garlic,2020-21,BD2075,Noakhali,272.6,588.82,5.338,2023,2,
Garlic,2021-22,BD2075,Noakhali,318.2,541.61,4.206,2024,3,
Garlic,2022-23,BD2075,Noakhali,325.4,545.72,4.144,2025,3,
Garlic,2023-24,BD2075,Noakhali,327.6,549.45,4.144,2025,2,
Garlic,2024-25,BD2075,Noakhali,333.85,558.97,4.137,2025,1,
Garlic,2013-14,BD5076,Pabna,13666.0,30491.0,5.513,2017,2,
Garlic,2014-15,BD5076,Pabna,15088.0,37274.0,6.105,2018,4,newest-edition-outlier-rejected
Garlic,2015-16,BD5076,Pabna,22860.0,63099.0,6.821,2018,3,newest-edition-outlier-rejected
Garlic,2016-17,BD5076,Pabna,23732.0,64503.0,6.716,2020,2,
Garlic,2017-18,BD5076,Pabna,23956.0,65853.0,6.793,2021,2,
Garlic,2018-19,BD5076,Pabna,23594.0,65057.0,6.814,2021,2,
Garlic,2019-20,BD5076,Pabna,23692.0,65095.0,6.789,2022,2,
Garlic,2020-21,BD5076,Pabna,24559.0,69484.0,6.991,2023,2,
Garlic,2021-22,BD5076,Pabna,24458.5,72037.0,7.278,2024,3,
Garlic,2022-23,BD5076,Pabna,24451.0,94906.5,9.591,2025,3,
Garlic,2023-24,BD5076,Pabna,24376.0,84740.95,8.59,2025,2,
Garlic,2024-25,BD5076,Pabna,24428.0,105169.0,10.639,2025,1,
Garlic,2013-14,BD5577,Panchagarh,1237.0,2262.0,4.519,2017,2,
Garlic,2014-15,BD5577,Panchagarh,1369.0,3463.0,6.251,2018,4,newest-edition-outlier-rejected
Garlic,2015-16,BD5577,Panchagarh,1379.0,3610.0,6.469,2018,3,newest-edition-outlier-rejected
Garlic,2016-17,BD5577,Panchagarh,1389.0,3654.0,6.501,2020,2,
Garlic,2017-18,BD5577,Panchagarh,1411.0,3716.0,6.508,2021,2,
Garlic,2018-19,BD5577,Panchagarh,1439.0,3779.0,6.489,2021,2,
Garlic,2019-20,BD5577,Panchagarh,1524.0,4031.0,6.536,2022,2,
Garlic,2020-21,BD5577,Panchagarh,1667.0,4632.0,6.866,2023,2,
Garlic,2021-22,BD5577,Panchagarh,1892.0,5801.9,7.578,2024,3,
Garlic,2022-23,BD5577,Panchagarh,1844.0,5680.18,7.612,2025,3,
Garlic,2023-24,BD5577,Panchagarh,1915.0,6254.0,8.07,2025,2,
Garlic,2024-25,BD5577,Panchagarh,1928.0,6830.0,8.754,2025,1,
Garlic,2013-14,BD1078,Patuakhali,383.0,316.0,2.039,2017,2,
Garlic,2014-15,BD1078,Patuakhali,391.0,293.0,1.852,2018,4,newest-edition-outlier-rejected
Garlic,2015-16,BD1078,Patuakhali,384.0,288.0,1.853,2018,3,newest-edition-outlier-rejected
Garlic,2016-17,BD1078,Patuakhali,379.0,283.0,1.845,2020,2,
Garlic,2017-18,BD1078,Patuakhali,323.0,312.0,2.387,2021,2,
Garlic,2018-19,BD1078,Patuakhali,325.0,325.0,2.471,2021,2,
Garlic,2019-20,BD1078,Patuakhali,301.0,310.0,2.545,2022,2,
Garlic,2020-21,BD1078,Patuakhali,305.0,250.0,2.025,2023,2,
Garlic,2021-22,BD1078,Patuakhali,299.0,236.0,1.95,2024,3,
Garlic,2022-23,BD1078,Patuakhali,311.0,241.0,1.915,2025,3,
Garlic,2023-24,BD1078,Patuakhali,322.0,231.0,1.773,2025,2,
Garlic,2024-25,BD1078,Patuakhali,405.0,1019.0,6.217,2025,1,
Garlic,2013-14,BD1079,Pirojpur,45.0,43.0,2.361,2017,2,
Garlic,2014-15,BD1079,Pirojpur,47.0,47.0,2.471,2018,4,newest-edition-outlier-rejected
Garlic,2015-16,BD1079,Pirojpur,50.0,50.0,2.471,2018,3,newest-edition-outlier-rejected
Garlic,2016-17,BD1079,Pirojpur,59.0,59.0,2.471,2020,2,
Garlic,2017-18,BD1079,Pirojpur,61.0,58.0,2.35,2021,2,
Garlic,2018-19,BD1079,Pirojpur,56.0,53.0,2.339,2021,2,
Garlic,2019-20,BD1079,Pirojpur,59.0,68.0,2.848,2022,2,
Garlic,2020-21,BD1079,Pirojpur,66.0,82.0,3.07,2023,2,
Garlic,2021-22,BD1079,Pirojpur,83.0,99.0,2.947,2024,3,
Garlic,2022-23,BD1079,Pirojpur,81.0,96.0,2.929,2025,3,
Garlic,2023-24,BD1079,Pirojpur,85.0,101.0,2.936,2025,2,
Garlic,2024-25,BD1079,Pirojpur,83.0,176.0,5.24,2025,1,
Garlic,2013-14,BD3082,Rajbari,8290.0,19150.0,5.708,2017,2,
Garlic,2014-15,BD3082,Rajbari,11271.0,25579.0,5.608,2018,4,newest-edition-outlier-rejected
Garlic,2015-16,BD3082,Rajbari,10629.0,25290.0,5.879,2018,3,newest-edition-outlier-rejected
Garlic,2016-17,BD3082,Rajbari,13575.0,33955.0,6.181,2020,2,
Garlic,2017-18,BD3082,Rajbari,14196.0,35459.0,6.172,2021,2,
Garlic,2018-19,BD3082,Rajbari,14212.0,35713.0,6.209,2021,2,
Garlic,2019-20,BD3082,Rajbari,14182.0,35631.0,6.208,2022,2,
Garlic,2020-21,BD3082,Rajbari,14460.0,36782.0,6.286,2023,2,
Garlic,2021-22,BD3082,Rajbari,12466.0,37326.7,7.399,2024,3,
Garlic,2022-23,BD3082,Rajbari,12410.0,37181.5,7.403,2025,3,
Garlic,2023-24,BD3082,Rajbari,11750.0,34994.75,7.359,2025,2,
Garlic,2024-25,BD3082,Rajbari,11381.0,34180.0,7.421,2025,1,
Garlic,2013-14,BD5081,Rajshahi,7492.0,21731.0,7.167,2017,2,
Garlic,2014-15,BD5081,Rajshahi,7064.0,20102.0,7.032,2018,4,newest-edition-outlier-rejected
Garlic,2015-16,BD5081,Rajshahi,7929.0,23767.0,7.407,2018,3,newest-edition-outlier-rejected
Garlic,2016-17,BD5081,Rajshahi,7789.0,22892.0,7.262,2020,2,
Garlic,2017-18,BD5081,Rajshahi,10865.0,35632.0,8.104,2021,2,
Garlic,2018-19,BD5081,Rajshahi,10263.0,29894.0,7.198,2021,2,
Garlic,2019-20,BD5081,Rajshahi,10896.0,34628.0,7.853,2022,2,
Garlic,2020-21,BD5081,Rajshahi,12373.0,51674.0,10.32,2023,2,
Garlic,2021-22,BD5081,Rajshahi,13613.7,59367.15,10.776,2024,3,
Garlic,2022-23,BD5081,Rajshahi,11164.87,47347.06,10.479,2025,3,
Garlic,2023-24,BD5081,Rajshahi,11330.91,48525.01,10.582,2025,2,
Garlic,2024-25,BD5081,Rajshahi,13274.0,57167.0,10.642,2025,1,
Garlic,2013-14,BD2084,Rangamati,59.0,89.0,3.728,2017,2,
Garlic,2014-15,BD2084,Rangamati,51.0,70.0,3.392,2018,4,newest-edition-outlier-rejected
Garlic,2015-16,BD2084,Rangamati,51.0,72.0,3.489,2018,3,newest-edition-outlier-rejected
Garlic,2016-17,BD2084,Rangamati,49.0,72.0,3.631,2020,2,
Garlic,2017-18,BD2084,Rangamati,51.0,78.0,3.779,2021,2,
Garlic,2018-19,BD2084,Rangamati,53.0,83.0,3.87,2021,2,
Garlic,2019-20,BD2084,Rangamati,50.0,80.0,3.954,2022,2,
Garlic,2020-21,BD2084,Rangamati,49.88,82.13,4.069,2023,2,
Garlic,2021-22,BD2084,Rangamati,52.08,85.43,4.053,2024,3,
Garlic,2022-23,BD2084,Rangamati,51.85,87.72,4.181,2025,3,
Garlic,2023-24,BD2084,Rangamati,53.32,99.38,4.606,2025,2,
Garlic,2024-25,BD2084,Rangamati,53.39,97.49,4.512,2025,1,
Garlic,2013-14,BD5585,Rangpur,2085.0,3602.0,4.269,2017,2,
Garlic,2014-15,BD5585,Rangpur,2129.0,4163.0,4.832,2018,4,newest-edition-outlier-rejected
Garlic,2015-16,BD5585,Rangpur,2153.0,4236.0,4.862,2018,3,newest-edition-outlier-rejected
Garlic,2016-17,BD5585,Rangpur,2177.0,4307.0,4.889,2020,2,
Garlic,2017-18,BD5585,Rangpur,2206.0,4719.0,5.286,2021,2,
Garlic,2018-19,BD5585,Rangpur,2188.0,4585.0,5.178,2021,2,
Garlic,2019-20,BD5585,Rangpur,2250.0,4741.0,5.207,2022,2,
Garlic,2020-21,BD5585,Rangpur,2077.0,4077.0,4.85,2023,2,
Garlic,2021-22,BD5585,Rangpur,2269.0,4796.0,5.223,2024,3,
Garlic,2022-23,BD5585,Rangpur,2291.0,4744.0,5.117,2025,3,
Garlic,2023-24,BD5585,Rangpur,2297.0,6311.0,6.789,2025,2,
Garlic,2024-25,BD5585,Rangpur,2313.0,6575.0,7.024,2025,1,
Garlic,2013-14,BD4087,Satkhira,684.0,1441.0,5.206,2017,2,
Garlic,2014-15,BD4087,Satkhira,654.0,1596.0,6.03,2018,4,newest-edition-outlier-rejected
Garlic,2015-16,BD4087,Satkhira,684.0,1638.0,5.918,2018,3,newest-edition-outlier-rejected
Garlic,2016-17,BD4087,Satkhira,666.0,1671.0,6.2,2020,2,
Garlic,2017-18,BD4087,Satkhira,677.0,1720.0,6.278,2021,2,
Garlic,2018-19,BD4087,Satkhira,685.0,1709.0,6.165,2021,2,
Garlic,2019-20,BD4087,Satkhira,623.0,1588.0,6.299,2022,2,
Garlic,2020-21,BD4087,Satkhira,647.0,1677.74,6.408,2023,2,
Garlic,2021-22,BD4087,Satkhira,645.21,1674.07,6.411,2024,3,
Garlic,2022-23,BD4087,Satkhira,652.32,1712.26,6.486,2025,3,
Garlic,2023-24,BD4087,Satkhira,665.28,1749.43,6.498,2025,2,
Garlic,2024-25,BD4087,Satkhira,676.95,1803.13,6.582,2025,1,
Garlic,2013-14,BD3086,Shariatpur,2716.0,5694.0,5.18,2017,2,
Garlic,2014-15,BD3086,Shariatpur,2548.0,5518.0,5.351,2018,4,newest-edition-outlier-rejected
Garlic,2015-16,BD3086,Shariatpur,2559.0,5485.0,5.296,2018,3,newest-edition-outlier-rejected
Garlic,2016-17,BD3086,Shariatpur,2572.0,5890.0,5.659,2020,2,
Garlic,2017-18,BD3086,Shariatpur,2720.0,6270.0,5.696,2021,2,
Garlic,2018-19,BD3086,Shariatpur,2619.0,6287.0,5.932,2021,2,
Garlic,2019-20,BD3086,Shariatpur,2669.0,6423.0,5.947,2022,2,
Garlic,2020-21,BD3086,Shariatpur,2835.0,7881.0,6.869,2023,2,
Garlic,2021-22,BD3086,Shariatpur,2846.0,7287.0,6.327,2024,3,
Garlic,2022-23,BD3086,Shariatpur,5410.0,12568.0,5.741,2025,3,
Garlic,2023-24,BD3086,Shariatpur,4364.0,11184.0,6.333,2025,2,
Garlic,2024-25,BD3086,Shariatpur,4198.0,13196.0,7.768,2025,1,
Garlic,2013-14,BD4589,Sherpur,350.0,684.0,4.829,2017,2,
Garlic,2014-15,BD4589,Sherpur,365.0,698.0,4.725,2018,4,newest-edition-outlier-rejected
Garlic,2015-16,BD4589,Sherpur,388.0,729.0,4.643,2018,3,newest-edition-outlier-rejected
Garlic,2016-17,BD4589,Sherpur,414.0,777.0,4.638,2020,2,
Garlic,2017-18,BD4589,Sherpur,409.0,759.0,4.586,2021,2,
Garlic,2018-19,BD4589,Sherpur,434.0,807.0,4.595,2021,2,
Garlic,2019-20,BD4589,Sherpur,448.0,806.0,4.446,2022,2,
Garlic,2020-21,BD4589,Sherpur,449.0,828.0,4.557,2023,2,
Garlic,2021-22,BD4589,Sherpur,454.0,846.0,4.605,2024,3,
Garlic,2022-23,BD4589,Sherpur,458.0,1005.0,5.422,2025,3,
Garlic,2023-24,BD4589,Sherpur,462.0,1014.0,5.423,2025,2,
Garlic,2024-25,BD4589,Sherpur,461.0,1013.0,5.43,2025,1,
Garlic,2013-14,BD5088,Sirajganj,2369.0,6251.0,6.52,2017,2,
Garlic,2014-15,BD5088,Sirajganj,1403.0,3674.0,6.471,2018,4,newest-edition-outlier-rejected
Garlic,2015-16,BD5088,Sirajganj,1440.0,2774.0,4.76,2018,3,newest-edition-outlier-rejected
Garlic,2016-17,BD5088,Sirajganj,1219.0,2533.0,5.135,2020,2,
Garlic,2017-18,BD5088,Sirajganj,1236.0,2542.0,5.082,2021,2,
Garlic,2018-19,BD5088,Sirajganj,1259.0,2966.0,5.821,2021,2,
Garlic,2019-20,BD5088,Sirajganj,1319.0,2855.0,5.349,2022,2,
Garlic,2020-21,BD5088,Sirajganj,2060.0,4520.0,5.422,2023,2,
Garlic,2021-22,BD5088,Sirajganj,2053.44,4433.4,5.335,2024,3,
Garlic,2022-23,BD5088,Sirajganj,1954.93,4387.92,5.546,2025,3,
Garlic,2023-24,BD5088,Sirajganj,1968.24,4600.21,5.775,2025,2,
Garlic,2024-25,BD5088,Sirajganj,1901.0,5122.0,6.658,2025,1,
Garlic,2013-14,BD6090,Sunamganj,99.0,102.0,2.546,2017,2,
Garlic,2014-15,BD6090,Sunamganj,142.0,234.0,4.072,2018,4,newest-edition-outlier-rejected
Garlic,2015-16,BD6090,Sunamganj,158.0,305.0,4.77,2018,3,newest-edition-outlier-rejected
Garlic,2016-17,BD6090,Sunamganj,191.0,377.0,4.877,2020,2,
Garlic,2017-18,BD6090,Sunamganj,198.0,392.0,4.892,2021,2,
Garlic,2018-19,BD6090,Sunamganj,87.0,250.0,7.101,2021,2,
Garlic,2019-20,BD6090,Sunamganj,168.0,381.0,5.604,2022,2,
Garlic,2020-21,BD6090,Sunamganj,197.0,536.0,6.723,2023,2,
Garlic,2021-22,BD6090,Sunamganj,199.0,544.0,6.755,2024,3,
Garlic,2022-23,BD6090,Sunamganj,212.0,578.0,6.737,2025,3,
Garlic,2023-24,BD6090,Sunamganj,213.0,576.0,6.682,2025,2,
Garlic,2024-25,BD6090,Sunamganj,210.0,570.0,6.707,2025,1,
Garlic,2013-14,BD6091,Sylhet,22.0,22.0,2.471,2017,2,
Garlic,2014-15,BD6091,Sylhet,6.0,22.0,9.061,2018,4,newest-edition-outlier-rejected
Garlic,2015-16,BD6091,Sylhet,40.0,43.0,2.656,2018,3,newest-edition-outlier-rejected
Garlic,2016-17,BD6091,Sylhet,50.0,43.0,2.125,2020,2,
Garlic,2017-18,BD6091,Sylhet,50.0,45.0,2.224,2021,2,
Garlic,2018-19,BD6091,Sylhet,41.0,31.0,1.868,2021,2,
Garlic,2019-20,BD6091,Sylhet,51.0,39.0,1.89,2022,2,
Garlic,2020-21,BD6091,Sylhet,108.0,156.0,3.569,2023,2,
Garlic,2021-22,BD6091,Sylhet,115.0,181.0,3.889,2024,3,
Garlic,2022-23,BD6091,Sylhet,123.0,199.0,3.998,2025,3,
Garlic,2023-24,BD6091,Sylhet,118.92,282.83,5.877,2025,2,
Garlic,2024-25,BD6091,Sylhet,127.0,302.0,5.876,2025,1,
Garlic,2013-14,BD3093,Tangail,1299.0,1791.0,3.407,2017,2,
Garlic,2014-15,BD3093,Tangail,1294.0,1807.0,3.451,2018,4,newest-edition-outlier-rejected
Garlic,2015-16,BD3093,Tangail,2874.0,1830.0,1.573,2019,3,
Garlic,2016-17,BD3093,Tangail,1329.0,2874.0,5.344,2020,2,
Garlic,2017-18,BD3093,Tangail,1304.0,1830.0,3.468,2021,2,
Garlic,2018-19,BD3093,Tangail,1263.0,1784.0,3.49,2021,2,
Garlic,2019-20,BD3093,Tangail,1266.0,1782.0,3.478,2022,2,
Garlic,2020-21,BD3093,Tangail,2835.0,7881.0,6.869,2023,2,
Garlic,2021-22,BD3093,Tangail,1231.05,1824.35,3.662,2024,3,
Garlic,2022-23,BD3093,Tangail,1244.58,1893.02,3.758,2025,3,
Garlic,2023-24,BD3093,Tangail,1240.13,1886.14,3.758,2025,2,
Garlic,2024-25,BD3093,Tangail,1143.0,1951.0,4.218,2025,1,
Garlic,2013-14,BD5594,Thakurgaon,721.0,1146.0,3.928,2017,2,
Garlic,2014-15,BD5594,Thakurgaon,775.0,1337.0,4.263,2018,4,newest-edition-outlier-rejected
Garlic,2015-16,BD5594,Thakurgaon,695.0,1429.0,5.081,2018,3,newest-edition-outlier-rejected
Garlic,2016-17,BD5594,Thakurgaon,698.0,1435.0,5.08,2020,2,
Garlic,2017-18,BD5594,Thakurgaon,712.0,1468.0,5.095,2021,2,
Garlic,2018-19,BD5594,Thakurgaon,724.0,1503.0,5.13,2021,2,
Garlic,2019-20,BD5594,Thakurgaon,731.0,1520.0,5.138,2022,2,
Garlic,2020-21,BD5594,Thakurgaon,739.0,1545.0,5.166,2023,2,
Garlic,2021-22,BD5594,Thakurgaon,740.62,1547.26,5.162,2024,3,
Garlic,2022-23,BD5594,Thakurgaon,755.97,1584.04,5.178,2025,3,
Garlic,2023-24,BD5594,Thakurgaon,761.0,2162.0,7.02,2025,2,
Garlic,2024-25,BD5594,Thakurgaon,763.0,2169.0,7.025,2025,1,
Gram,2013-14,BD4001,Bagerhat,6.0,1.0,0.412,2017,2,
Gram,2014-15,BD4001,Bagerhat,9.0,3.0,0.824,2018,3,
Gram,2015-16,BD4001,Bagerhat,10.0,4.0,0.988,2019,3,
Gram,2016-17,BD4001,Bagerhat,11.0,5.0,1.123,2020,3,
Gram,2017-18,BD4001,Bagerhat,8.0,3.0,0.927,2021,3,
Gram,2018-19,BD4001,Bagerhat,10.0,4.0,0.988,2021,2,
Gram,2019-20,BD4001,Bagerhat,8.0,3.0,0.927,2022,2,
Gram,2020-21,BD4001,Bagerhat,7.0,2.2,0.777,2023,2,
Gram,2021-22,BD4001,Bagerhat,6.7,2.14,0.789,2024,3,
Gram,2022-23,BD4001,Bagerhat,9.0,2.57,0.706,2025,3,
Gram,2023-24,BD4001,Bagerhat,9.0,2.56,0.703,2025,2,
Gram,2024-25,BD4001,Bagerhat,9.0,2.52,0.692,2025,1,
Gram,2013-14,BD2003,Bandarban,0.0,0.0,,2017,2,
Gram,2014-15,BD2003,Bandarban,6.0,4.0,1.647,2018,3,
Gram,2015-16,BD2003,Bandarban,6.0,3.0,1.236,2019,3,
Gram,2016-17,BD2003,Bandarban,6.0,3.0,1.236,2020,3,
Gram,2017-18,BD2003,Bandarban,6.0,3.0,1.236,2021,3,
Gram,2018-19,BD2003,Bandarban,7.0,3.0,1.059,2021,2,
Gram,2019-20,BD2003,Bandarban,8.0,4.0,1.236,2022,2,
Gram,2020-21,BD2003,Bandarban,7.0,3.54,1.25,2023,2,
Gram,2021-22,BD2003,Bandarban,7.0,4.0,1.412,2024,3,
Gram,2022-23,BD2003,Bandarban,7.5,3.79,1.249,2025,3,
Gram,2023-24,BD2003,Bandarban,7.4,3.74,1.249,2025,2,
Gram,2024-25,BD2003,Bandarban,7.55,3.81,1.247,2025,1,
Gram,2013-14,BD1004,Barguna,280.0,59.0,0.521,2017,2,
Gram,2014-15,BD1004,Barguna,335.0,115.0,0.848,2018,3,
Gram,2015-16,BD1004,Barguna,147.0,47.0,0.79,2019,3,
Gram,2016-17,BD1004,Barguna,137.0,43.0,0.776,2020,3,
Gram,2017-18,BD1004,Barguna,89.0,29.0,0.805,2021,3,
Gram,2018-19,BD1004,Barguna,41.0,14.0,0.844,2021,2,
Gram,2019-20,BD1004,Barguna,42.0,15.0,0.883,2022,2,
Gram,2020-21,BD1004,Barguna,42.0,15.3,0.9,2023,2,
Gram,2021-22,BD1004,Barguna,42.0,14.0,0.824,2024,3,
Gram,2022-23,BD1004,Barguna,27.0,22.0,2.013,2025,3,
Gram,2023-24,BD1004,Barguna,28.0,23.0,2.03,2025,2,
Gram,2024-25,BD1004,Barguna,30.0,22.0,1.812,2025,1,
Gram,2013-14,BD1006,Barishal,1051.0,345.0,0.811,2017,2,
Gram,2014-15,BD1006,Barishal,1014.0,325.0,0.792,2018,3,
Gram,2015-16,BD1006,Barishal,970.0,479.0,1.22,2019,3,
Gram,2016-17,BD1006,Barishal,995.0,385.0,0.956,2020,3,
Gram,2017-18,BD1006,Barishal,988.0,385.0,0.963,2021,3,
Gram,2018-19,BD1006,Barishal,989.0,803.0,2.006,2021,2,
Gram,2019-20,BD1006,Barishal,905.0,390.0,1.065,2022,2,
Gram,2020-21,BD1006,Barishal,959.0,383.0,0.987,2023,2,
Gram,2021-22,BD1006,Barishal,850.0,370.0,1.076,2024,3,
Gram,2022-23,BD1006,Barishal,851.0,398.0,1.156,2025,3,
Gram,2023-24,BD1006,Barishal,698.0,319.0,1.129,2025,2,
Gram,2024-25,BD1006,Barishal,699.0,335.0,1.184,2025,1,
Gram,2013-14,BD1009,Bhola,280.0,219.0,1.933,2017,2,
Gram,2014-15,BD1009,Bhola,364.0,222.0,1.507,2018,3,
Gram,2015-16,BD1009,Bhola,256.0,215.0,2.075,2019,3,
Gram,2016-17,BD1009,Bhola,531.0,307.0,1.429,2020,3,
Gram,2017-18,BD1009,Bhola,275.0,132.0,1.186,2021,3,
Gram,2018-19,BD1009,Bhola,275.0,168.0,1.51,2021,2,
Gram,2019-20,BD1009,Bhola,83.0,52.0,1.548,2022,2,
Gram,2020-21,BD1009,Bhola,74.0,51.0,1.703,2023,2,
Gram,2021-22,BD1009,Bhola,81.0,53.0,1.617,2024,3,
Gram,2022-23,BD1009,Bhola,79.8,42.0,1.301,2025,3,
Gram,2023-24,BD1009,Bhola,85.0,41.0,1.192,2025,2,
Gram,2024-25,BD1009,Bhola,88.0,41.0,1.151,2025,1,
Gram,2013-14,BD5010,Bogura,26.0,10.0,0.95,2017,2,
Gram,2014-15,BD5010,Bogura,26.0,10.0,0.95,2018,3,
Gram,2015-16,BD5010,Bogura,2.0,1.0,1.236,2019,3,
Gram,2016-17,BD5010,Bogura,26.0,10.0,0.95,2020,3,
Gram,2017-18,BD5010,Bogura,26.0,11.0,1.045,2021,3,
Gram,2018-19,BD5010,Bogura,24.0,10.0,1.03,2021,2,
Gram,2019-20,BD5010,Bogura,10.0,4.0,0.988,2022,2,
Gram,2020-21,BD5010,Bogura,8.85,3.04,0.849,2023,2,
Gram,2021-22,BD5010,Bogura,13.52,5.41,0.989,2024,3,
Gram,2022-23,BD5010,Bogura,9.8,4.96,1.251,2025,3,
Gram,2023-24,BD5010,Bogura,9.8,4.96,1.251,2025,2,
Gram,2024-25,BD5010,Bogura,11.68,5.56,1.176,2025,1,
Gram,2013-14,BD2012,Brahmanbaria,0.0,0.0,,2017,2,
Gram,2014-15,BD2012,Brahmanbaria,0.0,0.0,,2018,3,
Gram,2015-16,BD2012,Brahmanbaria,0.0,0.0,,2019,3,
Gram,2016-17,BD2012,Brahmanbaria,0.0,0.0,,2020,3,
Gram,2017-18,BD2012,Brahmanbaria,0.0,0.0,,2021,3,
Gram,2018-19,BD2012,Brahmanbaria,0.0,0.0,,2021,2,
Gram,2019-20,BD2012,Brahmanbaria,0.0,0.0,,2022,2,
Gram,2020-21,BD2012,Brahmanbaria,0.0,0.0,,2023,2,
Gram,2021-22,BD2012,Brahmanbaria,0.0,0.0,,2024,3,
Gram,2022-23,BD2012,Brahmanbaria,0.0,0.0,,2025,3,
Gram,2023-24,BD2012,Brahmanbaria,0.0,0.0,,2025,2,
Gram,2024-25,BD2012,Brahmanbaria,0.0,0.0,,2025,1,
Gram,2013-14,BD2013,Chandpur,0.0,0.0,,2017,2,
Gram,2014-15,BD2013,Chandpur,0.0,0.0,,2018,3,
Gram,2015-16,BD2013,Chandpur,0.0,0.0,,2019,3,
Gram,2016-17,BD2013,Chandpur,0.0,0.0,,2020,3,
Gram,2017-18,BD2013,Chandpur,0.0,0.0,,2021,3,
Gram,2018-19,BD2013,Chandpur,0.0,0.0,,2021,2,
Gram,2019-20,BD2013,Chandpur,0.0,0.0,,2022,2,
Gram,2020-21,BD2013,Chandpur,0.0,0.0,,2023,2,
Gram,2021-22,BD2013,Chandpur,0.0,0.0,,2024,3,
Gram,2022-23,BD2013,Chandpur,0.0,0.0,,2025,3,
Gram,2023-24,BD2013,Chandpur,0.0,0.0,,2025,2,
Gram,2024-25,BD2013,Chandpur,0.0,0.0,,2025,1,
Gram,2013-14,BD5070,Chapainababganj,2836.0,695.0,0.606,2017,2,
Gram,2014-15,BD5070,Chapainababganj,2710.0,662.0,0.604,2018,3,
Gram,2015-16,BD5070,Chapainababganj,1917.0,660.0,0.851,2019,3,
Gram,2016-17,BD5070,Chapainababganj,1910.0,665.0,0.86,2020,3,
Gram,2017-18,BD5070,Chapainababganj,1697.0,412.0,0.6,2021,3,
Gram,2018-19,BD5070,Chapainababganj,1638.0,474.0,0.715,2021,2,
Gram,2019-20,BD5070,Chapainababganj,1786.0,688.0,0.952,2022,2,
Gram,2020-21,BD5070,Chapainababganj,1798.25,687.23,0.944,2023,2,
Gram,2021-22,BD5070,Chapainababganj,1788.05,729.13,1.008,2024,3,
Gram,2022-23,BD5070,Chapainababganj,1575.1,631.49,0.991,2025,3,
Gram,2023-24,BD5070,Chapainababganj,1463.57,674.0,1.138,2025,2,
Gram,2024-25,BD5070,Chapainababganj,1126.13,542.01,1.189,2025,1,
Gram,2013-14,BD2015,Chattogram,80.0,26.0,0.803,2017,2,
Gram,2014-15,BD2015,Chattogram,73.0,25.0,0.846,2018,3,
Gram,2015-16,BD2015,Chattogram,0.0,0.0,,2019,3,
Gram,2016-17,BD2015,Chattogram,73.0,25.0,0.846,2020,3,
Gram,2017-18,BD2015,Chattogram,73.0,25.0,0.846,2021,3,
Gram,2018-19,BD2015,Chattogram,68.0,24.0,0.872,2021,2,
Gram,2019-20,BD2015,Chattogram,26.0,8.0,0.76,2022,2,
Gram,2020-21,BD2015,Chattogram,26.32,8.46,0.794,2023,2,
Gram,2021-22,BD2015,Chattogram,27.0,9.0,0.824,2024,3,
Gram,2022-23,BD2015,Chattogram,28.0,9.0,0.794,2025,3,
Gram,2023-24,BD2015,Chattogram,23.51,7.02,0.738,2025,2,
Gram,2024-25,BD2015,Chattogram,26.73,8.1,0.749,2025,1,
Gram,2013-14,BD4018,Chuadanga,106.0,39.0,0.909,2017,2,
Gram,2014-15,BD4018,Chuadanga,102.0,38.0,0.921,2018,3,
Gram,2015-16,BD4018,Chuadanga,105.0,38.0,0.894,2019,3,
Gram,2016-17,BD4018,Chuadanga,103.0,39.0,0.936,2020,3,
Gram,2017-18,BD4018,Chuadanga,113.0,39.0,0.853,2021,3,
Gram,2018-19,BD4018,Chuadanga,125.0,44.0,0.87,2021,2,
Gram,2019-20,BD4018,Chuadanga,134.0,47.0,0.867,2022,2,
Gram,2020-21,BD4018,Chuadanga,144.0,53.14,0.912,2023,2,
Gram,2021-22,BD4018,Chuadanga,137.0,51.94,0.937,2024,3,
Gram,2022-23,BD4018,Chuadanga,129.65,55.66,1.061,2025,3,
Gram,2023-24,BD4018,Chuadanga,129.0,55.66,1.066,2025,2,
Gram,2024-25,BD4018,Chuadanga,65.9,38.4,1.44,2025,1,
Gram,2013-14,BD2022,Cox's Bazar,0.0,0.0,,2017,2,
Gram,2014-15,BD2022,Cox's Bazar,0.0,0.0,,2018,3,
Gram,2015-16,BD2022,Cox's Bazar,0.0,0.0,,2019,3,
Gram,2016-17,BD2022,Cox's Bazar,0.0,0.0,,2020,3,
Gram,2017-18,BD2022,Cox's Bazar,0.0,0.0,,2021,3,
Gram,2018-19,BD2022,Cox's Bazar,0.0,0.0,,2021,2,
Gram,2019-20,BD2022,Cox's Bazar,0.0,0.0,,2022,2,
Gram,2020-21,BD2022,Cox's Bazar,0.0,0.0,,2023,2,
Gram,2021-22,BD2022,Cox's Bazar,0.0,0.0,,2024,3,
Gram,2022-23,BD2022,Cox's Bazar,0.0,0.0,,2025,3,
Gram,2023-24,BD2022,Cox's Bazar,0.0,0.0,,2025,2,
Gram,2024-25,BD2022,Cox's Bazar,0.0,0.0,,2025,1,
Gram,2013-14,BD2019,Cumilla,0.0,0.0,,2017,2,
Gram,2014-15,BD2019,Cumilla,0.0,0.0,,2018,3,
Gram,2015-16,BD2019,Cumilla,0.0,0.0,,2019,3,
Gram,2016-17,BD2019,Cumilla,0.0,0.0,,2020,3,
Gram,2017-18,BD2019,Cumilla,0.0,0.0,,2021,3,
Gram,2018-19,BD2019,Cumilla,0.0,0.0,,2021,2,
Gram,2019-20,BD2019,Cumilla,0.0,0.0,,2022,2,
Gram,2020-21,BD2019,Cumilla,0.0,0.0,,2023,2,
Gram,2021-22,BD2019,Cumilla,0.0,0.0,,2024,3,
Gram,2022-23,BD2019,Cumilla,0.0,0.0,,2025,3,
Gram,2023-24,BD2019,Cumilla,0.0,0.0,,2025,2,
Gram,2024-25,BD2019,Cumilla,0.0,0.0,,2025,1,
Gram,2013-14,BD3026,Dhaka,4.0,1.0,0.618,2017,2,
Gram,2014-15,BD3026,Dhaka,185.0,1.0,0.013,2018,3,
Gram,2015-16,BD3026,Dhaka,5.0,1.0,0.494,2019,3,
Gram,2016-17,BD3026,Dhaka,5.0,1.0,0.494,2020,3,
Gram,2017-18,BD3026,Dhaka,6.0,2.0,0.824,2021,3,
Gram,2018-19,BD3026,Dhaka,7.0,3.0,1.059,2021,2,
Gram,2019-20,BD3026,Dhaka,6.0,2.0,0.824,2022,2,
Gram,2020-21,BD3026,Dhaka,7.25,2.03,0.692,2023,2,
Gram,2021-22,BD3026,Dhaka,0.0,0.0,,2024,3,
Gram,2022-23,BD3026,Dhaka,0.0,0.0,,2025,3,
Gram,2023-24,BD3026,Dhaka,0.0,0.0,,2025,2,
Gram,2024-25,BD3026,Dhaka,0.0,0.0,,2025,1,
Gram,2013-14,BD5527,Dinajpur,25.0,8.0,0.791,2017,2,
Gram,2014-15,BD5527,Dinajpur,24.0,11.0,1.133,2018,3,
Gram,2015-16,BD5527,Dinajpur,12.0,4.0,0.824,2019,3,
Gram,2016-17,BD5527,Dinajpur,12.0,4.0,0.824,2020,3,
Gram,2017-18,BD5527,Dinajpur,13.0,4.0,0.76,2021,3,
Gram,2018-19,BD5527,Dinajpur,4.0,2.0,1.236,2021,2,
Gram,2019-20,BD5527,Dinajpur,9.0,3.0,0.824,2022,2,
Gram,2020-21,BD5527,Dinajpur,9.3,3.13,0.832,2023,2,
Gram,2021-22,BD5527,Dinajpur,7.2,2.3,0.789,2024,3,
Gram,2022-23,BD5527,Dinajpur,6.0,1.94,0.799,2025,3,
Gram,2023-24,BD5527,Dinajpur,5.0,2.0,0.988,2025,2,
Gram,2024-25,BD5527,Dinajpur,5.0,2.0,0.988,2025,1,
Gram,2013-14,BD3029,Faridpur,427.0,156.0,0.903,2017,2,
Gram,2014-15,BD3029,Faridpur,253.0,102.0,0.996,2018,3,
Gram,2015-16,BD3029,Faridpur,223.0,90.0,0.997,2019,3,
Gram,2016-17,BD3029,Faridpur,236.0,103.0,1.078,2020,3,
Gram,2017-18,BD3029,Faridpur,343.0,119.0,0.857,2021,3,
Gram,2018-19,BD3029,Faridpur,223.0,90.0,0.997,2021,2,
Gram,2019-20,BD3029,Faridpur,218.0,87.0,0.986,2022,2,
Gram,2020-21,BD3029,Faridpur,210.11,85.32,1.003,2023,2,
Gram,2021-22,BD3029,Faridpur,199.3,79.38,0.984,2024,3,
Gram,2022-23,BD3029,Faridpur,188.7,77.99,1.021,2025,3,
Gram,2023-24,BD3029,Faridpur,189.4,79.53,1.038,2025,2,
Gram,2024-25,BD3029,Faridpur,184.36,75.77,1.016,2025,1,
Gram,2013-14,BD2030,Feni,57.0,24.0,1.04,2017,2,
Gram,2014-15,BD2030,Feni,48.0,20.0,1.03,2018,3,
Gram,2015-16,BD2030,Feni,51.0,23.0,1.114,2019,3,
Gram,2016-17,BD2030,Feni,45.0,22.0,1.208,2020,3,
Gram,2017-18,BD2030,Feni,47.0,25.0,1.314,2021,3,
Gram,2018-19,BD2030,Feni,40.0,18.0,1.112,2021,2,
Gram,2019-20,BD2030,Feni,37.0,17.0,1.135,2022,2,
Gram,2020-21,BD2030,Feni,38.52,17.81,1.143,2023,2,
Gram,2021-22,BD2030,Feni,40.0,18.0,1.112,2024,3,
Gram,2022-23,BD2030,Feni,41.0,18.5,1.115,2025,3,
Gram,2023-24,BD2030,Feni,41.7,23.55,1.396,2025,2,
Gram,2024-25,BD2030,Feni,41.82,23.66,1.398,2025,1,
Gram,2013-14,BD5532,Gaibandha,0.0,0.0,,2017,2,
Gram,2014-15,BD5532,Gaibandha,60.0,35.0,1.441,2018,3,
Gram,2015-16,BD5532,Gaibandha,60.0,35.0,1.441,2019,3,
Gram,2016-17,BD5532,Gaibandha,49.0,26.0,1.311,2020,3,
Gram,2017-18,BD5532,Gaibandha,27.0,16.0,1.464,2021,3,
Gram,2018-19,BD5532,Gaibandha,26.0,15.0,1.426,2021,2,
Gram,2019-20,BD5532,Gaibandha,30.0,17.0,1.4,2022,2,
Gram,2020-21,BD5532,Gaibandha,31.0,18.0,1.435,2023,2,
Gram,2021-22,BD5532,Gaibandha,32.0,18.94,1.463,2024,3,
Gram,2022-23,BD5532,Gaibandha,32.0,18.94,1.463,2025,3,
Gram,2023-24,BD5532,Gaibandha,35.0,24.0,1.694,2025,2,
Gram,2024-25,BD5532,Gaibandha,37.0,25.0,1.67,2025,1,
Gram,2013-14,BD3033,Gazipur,41.0,15.0,0.904,2017,2,
Gram,2014-15,BD3033,Gazipur,42.0,16.0,0.941,2018,3,
Gram,2015-16,BD3033,Gazipur,48.0,19.0,0.978,2019,3,
Gram,2016-17,BD3033,Gazipur,46.0,18.0,0.967,2020,3,
Gram,2017-18,BD3033,Gazipur,48.0,19.0,0.978,2021,3,
Gram,2018-19,BD3033,Gazipur,47.0,20.0,1.052,2021,2,
Gram,2019-20,BD3033,Gazipur,48.0,21.0,1.081,2022,2,
Gram,2020-21,BD3033,Gazipur,38.86,19.63,1.248,2023,2,
Gram,2021-22,BD3033,Gazipur,37.34,18.82,1.245,2024,3,
Gram,2022-23,BD3033,Gazipur,35.84,17.99,1.24,2025,3,
Gram,2023-24,BD3033,Gazipur,35.49,17.84,1.242,2025,2,
Gram,2024-25,BD3033,Gazipur,32.32,17.56,1.343,2025,1,
Gram,2013-14,BD3035,Gopalganj,99.0,41.0,1.023,2017,2,
Gram,2014-15,BD3035,Gopalganj,65.0,25.0,0.95,2018,3,
Gram,2015-16,BD3035,Gopalganj,85.0,30.0,0.872,2019,3,
Gram,2016-17,BD3035,Gopalganj,92.0,41.0,1.101,2020,3,
Gram,2017-18,BD3035,Gopalganj,105.0,38.0,0.894,2021,3,
Gram,2018-19,BD3035,Gopalganj,93.0,44.0,1.169,2021,2,
Gram,2019-20,BD3035,Gopalganj,0.0,0.0,,2022,2,
Gram,2020-21,BD3035,Gopalganj,103.0,20.27,0.486,2023,2,
Gram,2021-22,BD3035,Gopalganj,104.05,41.04,0.975,2024,3,
Gram,2022-23,BD3035,Gopalganj,97.91,38.27,0.966,2025,3,
Gram,2023-24,BD3035,Gopalganj,101.25,40.17,0.98,2025,2,
Gram,2024-25,BD3035,Gopalganj,100.1,40.15,0.991,2025,1,
Gram,2013-14,BD6036,Habiganj,0.0,0.0,,2017,2,
Gram,2014-15,BD6036,Habiganj,0.0,0.0,,2018,3,
Gram,2015-16,BD6036,Habiganj,0.0,0.0,,2019,3,
Gram,2016-17,BD6036,Habiganj,3.0,1.0,0.824,2020,3,
Gram,2017-18,BD6036,Habiganj,0.0,0.0,,2021,3,
Gram,2018-19,BD6036,Habiganj,3.0,1.0,0.824,2021,2,
Gram,2019-20,BD6036,Habiganj,0.0,0.0,,2022,2,
Gram,2020-21,BD6036,Habiganj,0.0,0.0,,2023,2,
Gram,2021-22,BD6036,Habiganj,0.0,0.0,,2024,3,
Gram,2022-23,BD6036,Habiganj,0.0,0.0,,2025,3,
Gram,2023-24,BD6036,Habiganj,0.0,0.0,,2025,2,
Gram,2024-25,BD6036,Habiganj,0.0,0.0,,2025,1,
Gram,2013-14,BD4539,Jamalpur,70.0,21.0,0.741,2017,2,
Gram,2014-15,BD4539,Jamalpur,81.0,28.0,0.854,2018,3,
Gram,2015-16,BD4539,Jamalpur,87.0,28.0,0.795,2019,3,
Gram,2016-17,BD4539,Jamalpur,83.0,29.0,0.863,2020,3,
Gram,2017-18,BD4539,Jamalpur,83.0,29.0,0.863,2021,3,
Gram,2018-19,BD4539,Jamalpur,91.0,36.0,0.978,2021,2,
Gram,2019-20,BD4539,Jamalpur,88.0,35.0,0.983,2022,2,
Gram,2020-21,BD4539,Jamalpur,90.0,34.0,0.934,2023,2,
Gram,2021-22,BD4539,Jamalpur,63.0,27.0,1.059,2024,3,
Gram,2022-23,BD4539,Jamalpur,62.0,27.0,1.076,2025,3,
Gram,2023-24,BD4539,Jamalpur,67.0,30.0,1.106,2025,2,
Gram,2024-25,BD4539,Jamalpur,57.0,26.0,1.127,2025,1,
Gram,2013-14,BD4041,Jashore,356.0,145.0,1.006,2017,2,
Gram,2014-15,BD4041,Jashore,317.0,144.0,1.122,2018,3,
Gram,2015-16,BD4041,Jashore,289.0,131.0,1.12,2019,3,
Gram,2016-17,BD4041,Jashore,287.0,133.0,1.145,2020,3,
Gram,2017-18,BD4041,Jashore,258.0,115.0,1.101,2021,3,
Gram,2018-19,BD4041,Jashore,246.0,104.0,1.045,2021,2,
Gram,2019-20,BD4041,Jashore,248.0,106.0,1.056,2022,2,
Gram,2020-21,BD4041,Jashore,234.4,104.55,1.102,2023,2,
Gram,2021-22,BD4041,Jashore,222.8,99.56,1.104,2024,3,
Gram,2022-23,BD4041,Jashore,194.97,89.11,1.129,2025,3,
Gram,2023-24,BD4041,Jashore,194.97,89.11,1.129,2025,2,
Gram,2024-25,BD4041,Jashore,185.0,85.0,1.135,2025,1,
Gram,2013-14,BD1042,Jhalokati,260.0,87.0,0.827,2017,2,
Gram,2014-15,BD1042,Jhalokati,288.0,100.0,0.858,2018,3,
Gram,2015-16,BD1042,Jhalokati,292.0,102.0,0.863,2019,3,
Gram,2016-17,BD1042,Jhalokati,236.0,82.0,0.859,2020,3,
Gram,2017-18,BD1042,Jhalokati,245.0,87.0,0.877,2021,3,
Gram,2018-19,BD1042,Jhalokati,244.0,86.0,0.871,2021,2,
Gram,2019-20,BD1042,Jhalokati,228.0,86.0,0.932,2022,2,
Gram,2020-21,BD1042,Jhalokati,255.0,95.0,0.921,2023,2,
Gram,2021-22,BD1042,Jhalokati,270.0,102.0,0.934,2024,3,
Gram,2022-23,BD1042,Jhalokati,267.0,103.0,0.953,2025,3,
Gram,2023-24,BD1042,Jhalokati,344.0,133.0,0.955,2025,2,
Gram,2024-25,BD1042,Jhalokati,340.0,133.0,0.967,2025,1,
Gram,2013-14,BD4044,Jhenaidah,748.0,288.0,0.951,2017,2,
Gram,2014-15,BD4044,Jhenaidah,642.0,262.0,1.008,2018,3,
Gram,2015-16,BD4044,Jhenaidah,74.0,30.0,1.002,2019,3,
Gram,2016-17,BD4044,Jhenaidah,81.0,36.0,1.098,2020,3,
Gram,2017-18,BD4044,Jhenaidah,78.0,37.0,1.172,2021,3,
Gram,2018-19,BD4044,Jhenaidah,90.0,42.0,1.153,2021,2,
Gram,2019-20,BD4044,Jhenaidah,89.0,44.0,1.222,2022,2,
Gram,2020-21,BD4044,Jhenaidah,89.86,45.41,1.249,2023,2,
Gram,2021-22,BD4044,Jhenaidah,81.91,41.92,1.265,2024,3,
Gram,2022-23,BD4044,Jhenaidah,136.96,76.37,1.378,2025,3,
Gram,2023-24,BD4044,Jhenaidah,131.56,76.37,1.434,2025,2,
Gram,2024-25,BD4044,Jhenaidah,180.2,108.16,1.483,2025,1,
Gram,2013-14,BD5038,Joypurhat,28.0,10.0,0.883,2017,2,
Gram,2014-15,BD5038,Joypurhat,22.0,6.0,0.674,2018,3,
Gram,2015-16,BD5038,Joypurhat,18.0,5.0,0.686,2019,3,
Gram,2016-17,BD5038,Joypurhat,0.0,0.0,,2020,3,
Gram,2017-18,BD5038,Joypurhat,0.0,0.0,,2021,3,
Gram,2018-19,BD5038,Joypurhat,0.0,0.0,,2021,2,
Gram,2019-20,BD5038,Joypurhat,18.0,8.0,1.098,2022,2,
Gram,2020-21,BD5038,Joypurhat,0.0,0.0,,2023,2,
Gram,2021-22,BD5038,Joypurhat,0.0,0.0,,2024,3,
Gram,2022-23,BD5038,Joypurhat,0.0,0.0,,2025,3,
Gram,2023-24,BD5038,Joypurhat,0.0,0.0,,2025,2,
Gram,2024-25,BD5038,Joypurhat,0.0,0.0,,2025,1,
Gram,2013-14,BD2046,Khagrachhari,0.0,0.0,,2017,2,
Gram,2014-15,BD2046,Khagrachhari,0.0,0.0,,2018,3,
Gram,2015-16,BD2046,Khagrachhari,0.0,0.0,,2019,3,
Gram,2016-17,BD2046,Khagrachhari,0.0,0.0,,2020,3,
Gram,2017-18,BD2046,Khagrachhari,0.0,0.0,,2021,3,
Gram,2018-19,BD2046,Khagrachhari,0.0,0.0,,2021,2,
Gram,2019-20,BD2046,Khagrachhari,0.0,0.0,,2022,2,
Gram,2020-21,BD2046,Khagrachhari,0.0,0.0,,2023,2,
Gram,2021-22,BD2046,Khagrachhari,0.0,0.0,,2024,3,
Gram,2022-23,BD2046,Khagrachhari,0.0,0.0,,2025,3,
Gram,2023-24,BD2046,Khagrachhari,0.0,0.0,,2025,2,
Gram,2024-25,BD2046,Khagrachhari,0.0,0.0,,2025,1,
Gram,2013-14,BD4047,Khulna,66.0,23.0,0.861,2017,2,
Gram,2014-15,BD4047,Khulna,7.0,2.0,0.706,2018,3,yoy-jump-gt-10x
Gram,2015-16,BD4047,Khulna,3.0,1.0,0.824,2019,3,
Gram,2016-17,BD4047,Khulna,3.0,1.0,0.824,2020,3,
Gram,2017-18,BD4047,Khulna,3.0,1.0,0.824,2021,3,
Gram,2018-19,BD4047,Khulna,5.0,2.0,0.988,2021,2,
Gram,2019-20,BD4047,Khulna,4.0,1.0,0.618,2022,2,
Gram,2020-21,BD4047,Khulna,3.0,1.23,1.013,2023,2,
Gram,2021-22,BD4047,Khulna,3.3,1.34,1.003,2024,3,
Gram,2022-23,BD4047,Khulna,3.8,1.54,1.001,2025,3,
Gram,2023-24,BD4047,Khulna,3.9,1.55,0.982,2025,2,
Gram,2024-25,BD4047,Khulna,4.3,1.67,0.96,2025,1,
Gram,2013-14,BD3048,Kishoreganj,7.0,2.0,0.706,2017,2,
Gram,2014-15,BD3048,Kishoreganj,8.0,2.0,0.618,2018,3,
Gram,2015-16,BD3048,Kishoreganj,11.0,3.0,0.674,2019,3,
Gram,2016-17,BD3048,Kishoreganj,10.0,3.0,0.741,2020,3,
Gram,2017-18,BD3048,Kishoreganj,8.0,2.0,0.618,2021,3,
Gram,2018-19,BD3048,Kishoreganj,6.0,2.0,0.824,2021,2,
Gram,2019-20,BD3048,Kishoreganj,8.0,3.0,0.927,2022,2,
Gram,2020-21,BD3048,Kishoreganj,5.77,1.82,0.779,2023,2,
Gram,2021-22,BD3048,Kishoreganj,4.13,1.37,0.82,2024,3,
Gram,2022-23,BD3048,Kishoreganj,4.15,1.37,0.816,2025,3,
Gram,2023-24,BD3048,Kishoreganj,2.84,0.94,0.818,2025,2,
Gram,2024-25,BD3048,Kishoreganj,2.48,0.82,0.817,2025,1,
Gram,2013-14,BD5549,Kurigram,245.0,88.0,0.888,2017,2,
Gram,2014-15,BD5549,Kurigram,250.0,101.0,0.998,2018,3,
Gram,2015-16,BD5549,Kurigram,248.0,103.0,1.026,2019,3,
Gram,2016-17,BD5549,Kurigram,254.0,105.0,1.021,2020,3,
Gram,2017-18,BD5549,Kurigram,243.0,95.0,0.966,2021,3,
Gram,2018-19,BD5549,Kurigram,243.0,107.0,1.088,2021,2,
Gram,2019-20,BD5549,Kurigram,242.0,103.0,1.052,2022,2,
Gram,2020-21,BD5549,Kurigram,242.63,106.23,1.082,2023,2,
Gram,2021-22,BD5549,Kurigram,248.45,110.81,1.102,2024,3,
Gram,2022-23,BD5549,Kurigram,251.0,112.26,1.105,2025,3,
Gram,2023-24,BD5549,Kurigram,243.0,112.0,1.139,2025,2,
Gram,2024-25,BD5549,Kurigram,225.0,103.0,1.131,2025,1,
Gram,2013-14,BD4050,Kushtia,187.0,90.0,1.189,2017,2,
Gram,2014-15,BD4050,Kushtia,178.0,87.0,1.208,2018,3,
Gram,2015-16,BD4050,Kushtia,154.0,77.0,1.236,2019,3,
Gram,2016-17,BD4050,Kushtia,103.0,39.0,0.936,2020,3,
Gram,2017-18,BD4050,Kushtia,150.0,73.0,1.203,2021,3,
Gram,2018-19,BD4050,Kushtia,351.0,156.0,1.098,2021,2,
Gram,2019-20,BD4050,Kushtia,160.0,77.0,1.189,2022,2,
Gram,2020-21,BD4050,Kushtia,164.0,79.0,1.19,2023,2,
Gram,2021-22,BD4050,Kushtia,140.0,68.0,1.2,2024,3,
Gram,2022-23,BD4050,Kushtia,111.0,57.0,1.269,2025,3,
Gram,2023-24,BD4050,Kushtia,111.0,57.0,1.269,2025,2,
Gram,2024-25,BD4050,Kushtia,34.0,22.0,1.599,2025,1,
Gram,2013-14,BD2051,Lakshmipur,31.0,5.0,0.399,2017,2,
Gram,2014-15,BD2051,Lakshmipur,30.0,5.0,0.412,2018,3,
Gram,2015-16,BD2051,Lakshmipur,27.0,4.0,0.366,2019,3,
Gram,2016-17,BD2051,Lakshmipur,22.0,4.0,0.449,2020,3,
Gram,2017-18,BD2051,Lakshmipur,22.0,4.0,0.449,2021,3,
Gram,2018-19,BD2051,Lakshmipur,17.0,3.0,0.436,2021,2,
Gram,2019-20,BD2051,Lakshmipur,14.0,4.0,0.706,2022,2,
Gram,2020-21,BD2051,Lakshmipur,11.95,6.0,1.241,2023,2,
Gram,2021-22,BD2051,Lakshmipur,13.0,5.0,0.95,2024,3,
Gram,2022-23,BD2051,Lakshmipur,14.5,5.8,0.988,2025,3,
Gram,2023-24,BD2051,Lakshmipur,17.5,7.8,1.101,2025,2,
Gram,2024-25,BD2051,Lakshmipur,18.5,8.3,1.109,2025,1,
Gram,2013-14,BD5552,Lalmonirhat,11.0,6.0,1.348,2017,2,
Gram,2014-15,BD5552,Lalmonirhat,13.0,8.0,1.521,2018,3,
Gram,2015-16,BD5552,Lalmonirhat,12.0,7.0,1.441,2019,3,
Gram,2016-17,BD5552,Lalmonirhat,14.0,8.0,1.412,2020,3,
Gram,2017-18,BD5552,Lalmonirhat,9.0,6.0,1.647,2021,3,
Gram,2018-19,BD5552,Lalmonirhat,10.0,7.0,1.73,2021,2,
Gram,2019-20,BD5552,Lalmonirhat,11.0,9.0,2.022,2022,2,
Gram,2020-21,BD5552,Lalmonirhat,11.0,9.27,2.082,2023,2,
Gram,2021-22,BD5552,Lalmonirhat,12.0,10.49,2.16,2024,3,
Gram,2022-23,BD5552,Lalmonirhat,13.0,11.47,2.18,2025,3,
Gram,2023-24,BD5552,Lalmonirhat,14.0,7.03,1.241,2025,2,
Gram,2024-25,BD5552,Lalmonirhat,13.0,7.0,1.331,2025,1,
Gram,2013-14,BD3054,Madaripur,1532.0,512.0,0.826,2017,2,
Gram,2014-15,BD3054,Madaripur,1554.0,531.0,0.844,2018,3,
Gram,2015-16,BD3054,Madaripur,1471.0,540.0,0.907,2019,3,
Gram,2016-17,BD3054,Madaripur,1409.0,511.0,0.896,2020,3,
Gram,2017-18,BD3054,Madaripur,1289.0,453.0,0.868,2021,3,
Gram,2018-19,BD3054,Madaripur,1285.0,462.0,0.888,2021,2,
Gram,2019-20,BD3054,Madaripur,1118.0,349.0,0.771,2022,2,
Gram,2020-21,BD3054,Madaripur,965.2,402.59,1.031,2023,2,
Gram,2021-22,BD3054,Madaripur,890.47,345.57,0.959,2024,3,
Gram,2022-23,BD3054,Madaripur,485.27,218.91,1.115,2025,3,
Gram,2023-24,BD3054,Madaripur,408.8,184.53,1.115,2025,2,
Gram,2024-25,BD3054,Madaripur,374.15,169.31,1.118,2025,1,
Gram,2013-14,BD4055,Magura,204.0,77.0,0.933,2017,2,
Gram,2014-15,BD4055,Magura,283.0,99.0,0.864,2018,3,
Gram,2015-16,BD4055,Magura,367.0,112.0,0.754,2019,3,
Gram,2016-17,BD4055,Magura,402.0,134.0,0.824,2020,3,
Gram,2017-18,BD4055,Magura,383.0,116.0,0.748,2021,3,
Gram,2018-19,BD4055,Magura,384.0,116.0,0.746,2021,2,
Gram,2019-20,BD4055,Magura,267.0,103.0,0.953,2022,2,
Gram,2020-21,BD4055,Magura,257.65,75.85,0.727,2023,2,
Gram,2021-22,BD4055,Magura,251.7,73.39,0.721,2024,3,
Gram,2022-23,BD4055,Magura,259.95,78.71,0.748,2025,3,
Gram,2023-24,BD4055,Magura,251.7,78.71,0.773,2025,2,
Gram,2024-25,BD4055,Magura,257.66,79.56,0.763,2025,1,
Gram,2013-14,BD3056,Manikganj,7.0,3.0,1.059,2017,2,
Gram,2014-15,BD3056,Manikganj,5.0,2.0,0.988,2018,3,
Gram,2015-16,BD3056,Manikganj,5.0,2.0,0.988,2019,3,
Gram,2016-17,BD3056,Manikganj,4.0,2.0,1.236,2020,3,
Gram,2017-18,BD3056,Manikganj,4.0,1.0,0.618,2021,3,
Gram,2018-19,BD3056,Manikganj,5.0,2.0,0.988,2021,2,
Gram,2019-20,BD3056,Manikganj,4.0,2.0,1.236,2022,2,
Gram,2020-21,BD3056,Manikganj,4.0,1.53,0.945,2023,2,
Gram,2021-22,BD3056,Manikganj,5.6,2.29,1.01,2024,3,
Gram,2022-23,BD3056,Manikganj,7.0,3.08,1.087,2025,3,
Gram,2023-24,BD3056,Manikganj,6.8,3.1,1.127,2025,2,
Gram,2024-25,BD3056,Manikganj,5.07,2.19,1.067,2025,1,
Gram,2013-14,BD4057,Meherpur,24.0,9.0,0.927,2017,2,
Gram,2014-15,BD4057,Meherpur,22.0,8.0,0.899,2018,3,
Gram,2015-16,BD4057,Meherpur,20.0,7.0,0.865,2019,3,
Gram,2016-17,BD4057,Meherpur,20.0,7.0,0.865,2020,3,
Gram,2017-18,BD4057,Meherpur,21.0,7.0,0.824,2021,3,
Gram,2018-19,BD4057,Meherpur,23.0,8.0,0.859,2021,2,
Gram,2019-20,BD4057,Meherpur,15.0,6.0,0.988,2022,2,
Gram,2020-21,BD4057,Meherpur,16.2,6.84,1.043,2023,2,
Gram,2021-22,BD4057,Meherpur,19.0,7.83,1.018,2024,3,
Gram,2022-23,BD4057,Meherpur,21.0,10.05,1.183,2025,3,
Gram,2023-24,BD4057,Meherpur,21.0,10.05,1.183,2025,2,
Gram,2024-25,BD4057,Meherpur,20.5,9.3,1.121,2025,1,
Gram,2013-14,BD6058,Moulvibazar,0.0,0.0,,2017,2,
Gram,2014-15,BD6058,Moulvibazar,0.0,1.0,,2018,3,
Gram,2015-16,BD6058,Moulvibazar,0.0,0.0,,2019,3,
Gram,2016-17,BD6058,Moulvibazar,2.0,1.0,1.236,2020,3,
Gram,2017-18,BD6058,Moulvibazar,3.0,4.0,3.295,2021,3,
Gram,2018-19,BD6058,Moulvibazar,2.0,3.0,3.707,2021,2,
Gram,2019-20,BD6058,Moulvibazar,1.75,1.09,1.539,2022,2,
Gram,2020-21,BD6058,Moulvibazar,1.8,1.17,1.606,2023,2,
Gram,2021-22,BD6058,Moulvibazar,2.0,1.25,1.544,2024,3,
Gram,2022-23,BD6058,Moulvibazar,1.25,1.33,2.629,2025,3,
Gram,2023-24,BD6058,Moulvibazar,0.0,0.0,,2025,2,
Gram,2024-25,BD6058,Moulvibazar,0.0,0.0,,2025,1,
Gram,2013-14,BD3059,Munshiganj,0.0,0.0,,2017,2,
Gram,2014-15,BD3059,Munshiganj,0.0,0.0,,2018,3,
Gram,2015-16,BD3059,Munshiganj,0.0,0.0,,2019,3,
Gram,2016-17,BD3059,Munshiganj,0.0,0.0,,2020,3,
Gram,2017-18,BD3059,Munshiganj,0.0,0.0,,2021,3,
Gram,2018-19,BD3059,Munshiganj,0.0,0.0,,2021,2,
Gram,2019-20,BD3059,Munshiganj,0.0,0.0,,2022,2,
Gram,2020-21,BD3059,Munshiganj,0.0,0.0,,2023,2,
Gram,2021-22,BD3059,Munshiganj,0.0,0.0,,2024,3,
Gram,2022-23,BD3059,Munshiganj,0.0,0.0,,2025,3,
Gram,2023-24,BD3059,Munshiganj,0.0,0.0,,2025,2,
Gram,2024-25,BD3059,Munshiganj,0.0,0.0,,2025,1,
Gram,2013-14,BD4561,Mymensingh,215.0,111.0,1.276,2017,2,
Gram,2014-15,BD4561,Mymensingh,214.0,129.0,1.49,2018,3,
Gram,2015-16,BD4561,Mymensingh,220.0,137.0,1.539,2019,3,
Gram,2016-17,BD4561,Mymensingh,217.0,134.0,1.526,2020,3,
Gram,2017-18,BD4561,Mymensingh,51.0,24.0,1.163,2021,3,
Gram,2018-19,BD4561,Mymensingh,55.0,27.0,1.213,2021,2,
Gram,2019-20,BD4561,Mymensingh,57.0,29.0,1.257,2022,2,
Gram,2020-21,BD4561,Mymensingh,45.0,23.0,1.263,2023,2,
Gram,2021-22,BD4561,Mymensingh,19.0,10.0,1.301,2024,3,
Gram,2022-23,BD4561,Mymensingh,16.0,9.0,1.39,2025,3,
Gram,2023-24,BD4561,Mymensingh,16.0,10.0,1.544,2025,2,
Gram,2024-25,BD4561,Mymensingh,15.0,9.0,1.483,2025,1,
Gram,2013-14,BD5064,Naogaon,357.0,144.0,0.997,2017,2,
Gram,2014-15,BD5064,Naogaon,292.0,112.0,0.948,2018,3,
Gram,2015-16,BD5064,Naogaon,252.0,97.0,0.951,2019,3,
Gram,2016-17,BD5064,Naogaon,226.0,86.0,0.94,2020,3,
Gram,2017-18,BD5064,Naogaon,225.0,86.0,0.944,2021,3,
Gram,2018-19,BD5064,Naogaon,222.0,85.0,0.946,2021,2,
Gram,2019-20,BD5064,Naogaon,208.0,77.0,0.915,2022,2,
Gram,2020-21,BD5064,Naogaon,190.9,71.17,0.921,2023,2,
Gram,2021-22,BD5064,Naogaon,136.25,52.62,0.954,2024,3,
Gram,2022-23,BD5064,Naogaon,59.67,27.71,1.148,2025,3,
Gram,2023-24,BD5064,Naogaon,40.0,23.42,1.447,2025,2,
Gram,2024-25,BD5064,Naogaon,29.98,18.39,1.516,2025,1,
Gram,2013-14,BD4065,Narail,985.0,355.0,0.891,2017,2,
Gram,2014-15,BD4065,Narail,485.0,277.0,1.411,2018,3,
Gram,2015-16,BD4065,Narail,535.0,248.0,1.145,2019,3,
Gram,2016-17,BD4065,Narail,360.0,200.0,1.373,2020,3,
Gram,2017-18,BD4065,Narail,360.0,150.0,1.03,2021,3,
Gram,2018-19,BD4065,Narail,39.0,16.0,1.014,2021,2,
Gram,2019-20,BD4065,Narail,38.0,17.0,1.105,2022,2,
Gram,2020-21,BD4065,Narail,43.0,19.45,1.118,2023,2,
Gram,2021-22,BD4065,Narail,39.0,17.38,1.101,2024,3,
Gram,2022-23,BD4065,Narail,54.0,19.0,0.869,2025,3,
Gram,2023-24,BD4065,Narail,56.0,21.0,0.927,2025,2,
Gram,2024-25,BD4065,Narail,60.0,20.0,0.824,2025,1,
Gram,2013-14,BD3067,Narayanganj,27.0,11.0,1.007,2017,2,
Gram,2014-15,BD3067,Narayanganj,23.0,11.0,1.182,2018,3,
Gram,2015-16,BD3067,Narayanganj,19.0,9.0,1.17,2019,3,
Gram,2016-17,BD3067,Narayanganj,19.0,9.0,1.17,2020,3,
Gram,2017-18,BD3067,Narayanganj,19.0,9.0,1.17,2021,3,
Gram,2018-19,BD3067,Narayanganj,19.0,7.0,0.91,2021,2,
Gram,2019-20,BD3067,Narayanganj,0.0,0.0,,2022,2,
Gram,2020-21,BD3067,Narayanganj,0.0,0.0,,2023,2,
Gram,2021-22,BD3067,Narayanganj,0.0,0.0,,2024,3,
Gram,2022-23,BD3067,Narayanganj,0.0,0.0,,2025,3,
Gram,2023-24,BD3067,Narayanganj,0.0,0.0,,2025,2,
Gram,2024-25,BD3067,Narayanganj,0.0,0.0,,2025,1,
Gram,2013-14,BD3068,Narsingdi,9.0,2.0,0.549,2017,2,
Gram,2014-15,BD3068,Narsingdi,6.0,2.0,0.824,2018,3,
Gram,2015-16,BD3068,Narsingdi,5.0,2.0,0.988,2019,3,
Gram,2016-17,BD3068,Narsingdi,4.0,2.0,1.236,2020,3,
Gram,2017-18,BD3068,Narsingdi,5.0,1.0,0.494,2021,3,
Gram,2018-19,BD3068,Narsingdi,4.0,1.0,0.618,2021,2,
Gram,2019-20,BD3068,Narsingdi,5.0,2.0,0.988,2022,2,
Gram,2020-21,BD3068,Narsingdi,3.0,5.0,4.118,2023,2,
Gram,2021-22,BD3068,Narsingdi,4.21,1.43,0.839,2024,3,
Gram,2022-23,BD3068,Narsingdi,4.18,1.42,0.839,2025,3,
Gram,2023-24,BD3068,Narsingdi,4.16,1.41,0.838,2025,2,
Gram,2024-25,BD3068,Narsingdi,4.14,1.4,0.836,2025,1,
Gram,2013-14,BD5069,Natore,105.0,36.0,0.847,2017,2,
Gram,2014-15,BD5069,Natore,61.0,23.0,0.932,2018,3,
Gram,2015-16,BD5069,Natore,61.0,23.0,0.932,2019,3,
Gram,2016-17,BD5069,Natore,49.0,21.0,1.059,2020,3,
Gram,2017-18,BD5069,Natore,49.0,21.0,1.059,2021,3,
Gram,2018-19,BD5069,Natore,62.0,25.0,0.996,2021,2,
Gram,2019-20,BD5069,Natore,71.0,28.0,0.974,2022,2,
Gram,2020-21,BD5069,Natore,66.0,27.29,1.022,2023,2,
Gram,2021-22,BD5069,Natore,45.0,21.23,1.166,2024,3,
Gram,2022-23,BD5069,Natore,45.0,21.45,1.178,2025,3,
Gram,2023-24,BD5069,Natore,40.42,22.94,1.402,2025,2,
Gram,2024-25,BD5069,Natore,44.5,21.47,1.192,2025,1,
Gram,2013-14,BD4572,Netrakona,0.0,0.0,,2017,2,
Gram,2014-15,BD4572,Netrakona,0.0,0.0,,2018,3,
Gram,2015-16,BD4572,Netrakona,0.0,0.0,,2019,3,
Gram,2016-17,BD4572,Netrakona,0.0,0.0,,2020,3,
Gram,2017-18,BD4572,Netrakona,0.0,0.0,,2021,3,
Gram,2018-19,BD4572,Netrakona,0.0,0.0,,2021,2,
Gram,2019-20,BD4572,Netrakona,0.0,0.0,,2022,2,
Gram,2020-21,BD4572,Netrakona,0.0,0.0,,2023,2,
Gram,2021-22,BD4572,Netrakona,0.0,0.0,,2024,3,
Gram,2022-23,BD4572,Netrakona,0.0,0.0,,2025,3,
Gram,2023-24,BD4572,Netrakona,0.0,0.0,,2025,2,
Gram,2024-25,BD4572,Netrakona,0.0,0.0,,2025,1,
Gram,2013-14,BD5573,Nilphamari,22.0,9.0,1.011,2017,2,
Gram,2014-15,BD5573,Nilphamari,20.0,10.0,1.236,2018,3,
Gram,2015-16,BD5573,Nilphamari,18.0,9.0,1.236,2019,3,
Gram,2016-17,BD5573,Nilphamari,2.0,1.0,1.236,2020,3,
Gram,2017-18,BD5573,Nilphamari,0.0,0.0,,2021,3,
Gram,2018-19,BD5573,Nilphamari,0.0,0.0,,2021,2,
Gram,2019-20,BD5573,Nilphamari,0.0,0.0,,2022,2,
Gram,2020-21,BD5573,Nilphamari,0.0,0.0,,2023,2,
Gram,2021-22,BD5573,Nilphamari,0.0,0.0,,2024,3,
Gram,2022-23,BD5573,Nilphamari,0.0,0.0,,2025,3,
Gram,2023-24,BD5573,Nilphamari,0.0,0.0,,2025,2,
Gram,2024-25,BD5573,Nilphamari,0.0,0.0,,2025,1,
Gram,2013-14,BD2075,Noakhali,145.0,52.0,0.886,2017,2,
Gram,2014-15,BD2075,Noakhali,148.0,56.0,0.935,2018,3,
Gram,2015-16,BD2075,Noakhali,127.0,49.0,0.953,2019,3,
Gram,2016-17,BD2075,Noakhali,162.0,61.0,0.93,2020,3,
Gram,2017-18,BD2075,Noakhali,283.0,109.0,0.952,2021,3,
Gram,2018-19,BD2075,Noakhali,87.0,31.0,0.88,2021,2,
Gram,2019-20,BD2075,Noakhali,74.0,26.0,0.868,2022,2,
Gram,2020-21,BD2075,Noakhali,7.6,1.14,0.371,2023,2,yoy-jump-gt-10x
Gram,2021-22,BD2075,Noakhali,9.0,1.0,0.275,2024,3,
Gram,2022-23,BD2075,Noakhali,9.85,1.36,0.341,2025,3,
Gram,2023-24,BD2075,Noakhali,10.45,1.49,0.352,2025,2,
Gram,2024-25,BD2075,Noakhali,10.8,1.56,0.357,2025,1,
Gram,2013-14,BD5076,Pabna,111.0,47.0,1.046,2017,2,
Gram,2014-15,BD5076,Pabna,117.0,62.0,1.309,2018,3,
Gram,2015-16,BD5076,Pabna,127.0,78.0,1.518,2019,3,
Gram,2016-17,BD5076,Pabna,152.0,94.0,1.528,2020,3,
Gram,2017-18,BD5076,Pabna,158.0,100.0,1.564,2021,3,
Gram,2018-19,BD5076,Pabna,159.0,99.0,1.539,2021,2,
Gram,2019-20,BD5076,Pabna,155.0,100.0,1.594,2022,2,
Gram,2020-21,BD5076,Pabna,161.24,104.37,1.6,2023,2,
Gram,2021-22,BD5076,Pabna,165.6,108.0,1.612,2024,3,
Gram,2022-23,BD5076,Pabna,168.0,112.0,1.647,2025,3,
Gram,2023-24,BD5076,Pabna,183.25,124.4,1.677,2025,2,
Gram,2024-25,BD5076,Pabna,176.0,90.37,1.269,2025,1,
Gram,2013-14,BD5577,Panchagarh,67.0,18.0,0.664,2017,2,
Gram,2014-15,BD5577,Panchagarh,45.0,12.0,0.659,2018,3,
Gram,2015-16,BD5577,Panchagarh,39.0,12.0,0.76,2019,3,
Gram,2016-17,BD5577,Panchagarh,37.0,11.0,0.735,2020,3,
Gram,2017-18,BD5577,Panchagarh,38.0,11.0,0.715,2021,3,
Gram,2018-19,BD5577,Panchagarh,38.0,12.0,0.78,2021,2,
Gram,2019-20,BD5577,Panchagarh,44.0,16.0,0.899,2022,2,
Gram,2020-21,BD5577,Panchagarh,40.0,13.0,0.803,2023,2,
Gram,2021-22,BD5577,Panchagarh,40.0,11.5,0.71,2024,3,
Gram,2022-23,BD5577,Panchagarh,39.0,11.1,0.703,2025,3,
Gram,2023-24,BD5577,Panchagarh,37.0,11.0,0.735,2025,2,
Gram,2024-25,BD5577,Panchagarh,35.0,10.0,0.706,2025,1,
Gram,2013-14,BD1078,Patuakhali,1150.0,265.0,0.569,2017,2,
Gram,2014-15,BD1078,Patuakhali,1455.0,364.0,0.618,2018,3,
Gram,2015-16,BD1078,Patuakhali,1197.0,359.0,0.741,2019,3,
Gram,2016-17,BD1078,Patuakhali,1177.0,333.0,0.699,2020,3,
Gram,2017-18,BD1078,Patuakhali,945.0,367.0,0.96,2021,3,
Gram,2018-19,BD1078,Patuakhali,946.0,370.0,0.966,2021,2,
Gram,2019-20,BD1078,Patuakhali,1234.0,525.0,1.051,2022,2,
Gram,2020-21,BD1078,Patuakhali,1242.0,540.0,1.074,2023,2,
Gram,2021-22,BD1078,Patuakhali,1248.0,348.0,0.689,2024,3,
Gram,2022-23,BD1078,Patuakhali,1255.0,353.0,0.695,2025,3,
Gram,2023-24,BD1078,Patuakhali,1256.0,354.0,0.696,2025,2,
Gram,2024-25,BD1078,Patuakhali,728.0,300.0,1.018,2025,1,
Gram,2013-14,BD1079,Pirojpur,0.0,0.0,,2017,2,
Gram,2014-15,BD1079,Pirojpur,0.0,0.0,,2018,3,
Gram,2015-16,BD1079,Pirojpur,0.0,0.0,,2019,3,
Gram,2016-17,BD1079,Pirojpur,0.0,0.0,,2020,3,
Gram,2017-18,BD1079,Pirojpur,0.0,0.0,,2021,3,
Gram,2018-19,BD1079,Pirojpur,0.0,0.0,,2021,2,
Gram,2019-20,BD1079,Pirojpur,0.0,0.0,,2022,2,
Gram,2020-21,BD1079,Pirojpur,0.0,0.0,,2023,2,
Gram,2021-22,BD1079,Pirojpur,0.0,0.0,,2024,3,
Gram,2022-23,BD1079,Pirojpur,0.0,0.0,,2025,3,
Gram,2023-24,BD1079,Pirojpur,0.0,0.0,,2025,2,
Gram,2024-25,BD1079,Pirojpur,0.0,0.0,,2025,1,
Gram,2013-14,BD3082,Rajbari,320.0,112.0,0.865,2017,2,
Gram,2014-15,BD3082,Rajbari,473.0,172.0,0.899,2018,3,
Gram,2015-16,BD3082,Rajbari,479.0,154.0,0.794,2019,3,
Gram,2016-17,BD3082,Rajbari,391.0,143.0,0.904,2020,3,
Gram,2017-18,BD3082,Rajbari,58.0,28.0,1.193,2021,3,
Gram,2018-19,BD3082,Rajbari,59.0,29.0,1.215,2021,2,
Gram,2019-20,BD3082,Rajbari,57.0,28.0,1.214,2022,2,
Gram,2020-21,BD3082,Rajbari,61.0,31.0,1.256,2023,2,
Gram,2021-22,BD3082,Rajbari,47.0,30.0,1.577,2024,3,
Gram,2022-23,BD3082,Rajbari,59.0,37.35,1.564,2025,3,
Gram,2023-24,BD3082,Rajbari,62.49,37.05,1.465,2025,2,
Gram,2024-25,BD3082,Rajbari,73.0,44.0,1.489,2025,1,
Gram,2013-14,BD5081,Rajshahi,3984.0,1604.0,0.995,2017,2,
Gram,2014-15,BD5081,Rajshahi,4730.0,2182.0,1.14,2018,3,
Gram,2015-16,BD5081,Rajshahi,4395.0,2133.0,1.199,2019,3,
Gram,2016-17,BD5081,Rajshahi,4022.0,2067.0,1.27,2020,3,
Gram,2017-18,BD5081,Rajshahi,3033.0,1502.0,1.224,2021,3,
Gram,2018-19,BD5081,Rajshahi,3053.0,1514.0,1.225,2021,2,
Gram,2019-20,BD5081,Rajshahi,3088.0,1532.0,1.226,2022,2,
Gram,2020-21,BD5081,Rajshahi,3101.01,1519.24,1.211,2023,2,
Gram,2021-22,BD5081,Rajshahi,3084.2,1788.74,1.433,2024,3,
Gram,2022-23,BD5081,Rajshahi,3058.63,1800.35,1.454,2025,3,
Gram,2023-24,BD5081,Rajshahi,3038.45,1826.65,1.486,2025,2,
Gram,2024-25,BD5081,Rajshahi,3096.41,1871.47,1.494,2025,1,
Gram,2013-14,BD2084,Rangamati,0.0,0.0,,2017,2,
Gram,2014-15,BD2084,Rangamati,0.0,0.0,,2018,3,
Gram,2015-16,BD2084,Rangamati,0.0,0.0,,2019,3,
Gram,2016-17,BD2084,Rangamati,0.0,0.0,,2020,3,
Gram,2017-18,BD2084,Rangamati,0.0,0.0,,2021,3,
Gram,2018-19,BD2084,Rangamati,0.0,0.0,,2021,2,
Gram,2019-20,BD2084,Rangamati,0.0,0.0,,2022,2,
Gram,2020-21,BD2084,Rangamati,0.0,0.0,,2023,2,
Gram,2021-22,BD2084,Rangamati,27.0,9.0,0.824,2024,3,
Gram,2022-23,BD2084,Rangamati,0.0,0.0,,2025,3,
Gram,2023-24,BD2084,Rangamati,0.0,0.0,,2025,2,
Gram,2024-25,BD2084,Rangamati,0.0,0.0,,2025,1,
Gram,2013-14,BD5585,Rangpur,26.0,14.0,1.331,2017,2,
Gram,2014-15,BD5585,Rangpur,22.0,12.0,1.348,2018,3,
Gram,2015-16,BD5585,Rangpur,28.0,16.0,1.412,2019,3,
Gram,2016-17,BD5585,Rangpur,26.0,15.0,1.426,2020,3,
Gram,2017-18,BD5585,Rangpur,23.0,12.0,1.289,2021,3,
Gram,2018-19,BD5585,Rangpur,24.0,11.0,1.133,2021,2,
Gram,2019-20,BD5585,Rangpur,25.0,10.0,0.988,2022,2,
Gram,2020-21,BD5585,Rangpur,24.76,11.0,1.098,2023,2,
Gram,2021-22,BD5585,Rangpur,24.0,9.0,0.927,2024,3,
Gram,2022-23,BD5585,Rangpur,25.0,9.0,0.89,2025,3,
Gram,2023-24,BD5585,Rangpur,28.0,13.0,1.147,2025,2,
Gram,2024-25,BD5585,Rangpur,32.0,15.0,1.158,2025,1,
Gram,2013-14,BD4087,Satkhira,29.0,10.0,0.852,2017,2,
Gram,2014-15,BD4087,Satkhira,4.0,1.0,0.618,2018,3,
Gram,2015-16,BD4087,Satkhira,4.0,1.0,0.618,2019,3,
Gram,2016-17,BD4087,Satkhira,3.0,1.0,0.824,2020,3,
Gram,2017-18,BD4087,Satkhira,2.0,1.0,1.236,2021,3,
Gram,2018-19,BD4087,Satkhira,3.0,1.0,0.824,2021,2,
Gram,2019-20,BD4087,Satkhira,2.0,1.0,1.236,2022,2,
Gram,2020-21,BD4087,Satkhira,0.0,0.0,,2023,2,
Gram,2021-22,BD4087,Satkhira,0.0,0.0,,2024,3,
Gram,2022-23,BD4087,Satkhira,0.0,0.0,,2025,3,
Gram,2023-24,BD4087,Satkhira,0.0,0.0,,2025,2,
Gram,2024-25,BD4087,Satkhira,0.0,0.0,,2025,1,
Gram,2013-14,BD3086,Shariatpur,0.0,0.0,,2017,2,
Gram,2014-15,BD3086,Shariatpur,348.0,171.0,1.214,2018,3,
Gram,2015-16,BD3086,Shariatpur,350.0,172.0,1.214,2019,3,
Gram,2016-17,BD3086,Shariatpur,351.0,172.0,1.211,2020,3,
Gram,2017-18,BD3086,Shariatpur,322.0,171.0,1.312,2021,3,
Gram,2018-19,BD3086,Shariatpur,289.0,158.0,1.351,2021,2,
Gram,2019-20,BD3086,Shariatpur,291.0,159.0,1.35,2022,2,
Gram,2020-21,BD3086,Shariatpur,273.0,192.0,1.738,2023,2,
Gram,2021-22,BD3086,Shariatpur,26.0,13.0,1.236,2024,3,yoy-jump-gt-10x
Gram,2022-23,BD3086,Shariatpur,30.0,16.0,1.318,2025,3,
Gram,2023-24,BD3086,Shariatpur,28.0,15.0,1.324,2025,2,
Gram,2024-25,BD3086,Shariatpur,27.0,15.0,1.373,2025,1,
Gram,2013-14,BD4589,Sherpur,21.0,8.0,0.941,2017,2,
Gram,2014-15,BD4589,Sherpur,20.0,7.0,0.865,2018,3,
Gram,2015-16,BD4589,Sherpur,29.0,13.0,1.108,2019,3,
Gram,2016-17,BD4589,Sherpur,34.0,16.0,1.163,2020,3,
Gram,2017-18,BD4589,Sherpur,38.0,18.0,1.17,2021,3,
Gram,2018-19,BD4589,Sherpur,39.0,18.0,1.14,2021,2,
Gram,2019-20,BD4589,Sherpur,60.0,41.0,1.689,2022,2,
Gram,2020-21,BD4589,Sherpur,58.0,40.0,1.704,2023,2,
Gram,2021-22,BD4589,Sherpur,58.0,40.0,1.704,2024,3,
Gram,2022-23,BD4589,Sherpur,53.0,28.0,1.305,2025,3,
Gram,2023-24,BD4589,Sherpur,50.0,25.0,1.236,2025,2,
Gram,2024-25,BD4589,Sherpur,49.0,24.0,1.21,2025,1,
Gram,2013-14,BD5088,Sirajganj,229.0,99.0,1.068,2017,2,
Gram,2014-15,BD5088,Sirajganj,61.0,24.0,0.972,2018,3,
Gram,2015-16,BD5088,Sirajganj,64.0,26.0,1.004,2019,3,
Gram,2016-17,BD5088,Sirajganj,72.0,29.0,0.995,2020,3,
Gram,2017-18,BD5088,Sirajganj,72.0,29.0,0.995,2021,3,
Gram,2018-19,BD5088,Sirajganj,88.0,36.0,1.011,2021,2,
Gram,2019-20,BD5088,Sirajganj,45.0,20.0,1.098,2022,2,
Gram,2020-21,BD5088,Sirajganj,52.3,27.81,1.314,2023,2,
Gram,2021-22,BD5088,Sirajganj,45.82,29.34,1.582,2024,3,
Gram,2022-23,BD5088,Sirajganj,50.0,33.0,1.631,2025,3,
Gram,2023-24,BD5088,Sirajganj,49.62,34.76,1.731,2025,2,
Gram,2024-25,BD5088,Sirajganj,37.09,28.37,1.89,2025,1,
Gram,2013-14,BD6090,Sunamganj,0.0,0.0,,2017,2,
Gram,2014-15,BD6090,Sunamganj,0.0,0.0,,2018,3,
Gram,2015-16,BD6090,Sunamganj,0.0,0.0,,2019,3,
Gram,2016-17,BD6090,Sunamganj,0.0,0.0,,2020,3,
Gram,2017-18,BD6090,Sunamganj,0.0,0.0,,2021,3,
Gram,2018-19,BD6090,Sunamganj,0.0,0.0,,2021,2,
Gram,2019-20,BD6090,Sunamganj,0.0,0.0,,2022,2,
Gram,2020-21,BD6090,Sunamganj,0.0,0.0,,2023,2,
Gram,2021-22,BD6090,Sunamganj,0.0,0.0,,2024,3,
Gram,2022-23,BD6090,Sunamganj,0.0,0.0,,2025,3,
Gram,2023-24,BD6090,Sunamganj,0.0,0.0,,2025,2,
Gram,2024-25,BD6090,Sunamganj,0.0,0.0,,2025,1,
Gram,2013-14,BD6091,Sylhet,0.0,0.0,,2017,2,
Gram,2014-15,BD6091,Sylhet,0.0,0.0,,2018,3,
Gram,2015-16,BD6091,Sylhet,0.0,0.0,,2019,3,
Gram,2016-17,BD6091,Sylhet,0.0,0.0,,2020,3,
Gram,2017-18,BD6091,Sylhet,0.0,0.0,,2021,3,
Gram,2018-19,BD6091,Sylhet,0.0,0.0,,2021,2,
Gram,2019-20,BD6091,Sylhet,0.0,0.0,,2022,2,
Gram,2020-21,BD6091,Sylhet,7.0,2.66,0.939,2023,2,
Gram,2021-22,BD6091,Sylhet,6.0,2.56,1.054,2024,3,
Gram,2022-23,BD6091,Sylhet,2.66,3.96,3.679,2025,3,
Gram,2023-24,BD6091,Sylhet,11.0,4.68,1.051,2025,2,
Gram,2024-25,BD6091,Sylhet,13.08,4.71,0.89,2025,1,
Gram,2013-14,BD3093,Tangail,9.0,3.0,0.824,2017,2,
Gram,2014-15,BD3093,Tangail,5.0,1.0,0.494,2018,3,
Gram,2015-16,BD3093,Tangail,3.0,1.0,0.824,2019,3,
Gram,2016-17,BD3093,Tangail,3.0,1.0,0.824,2020,3,
Gram,2017-18,BD3093,Tangail,3.0,1.0,0.824,2021,3,
Gram,2018-19,BD3093,Tangail,4.0,2.0,1.236,2021,2,
Gram,2019-20,BD3093,Tangail,3.0,1.0,0.824,2022,2,
Gram,2020-21,BD3093,Tangail,3.64,1.05,0.713,2023,2,
Gram,2021-22,BD3093,Tangail,3.56,1.02,0.708,2024,3,
Gram,2022-23,BD3093,Tangail,3.91,1.13,0.714,2025,3,
Gram,2023-24,BD3093,Tangail,3.92,1.41,0.889,2025,2,
Gram,2024-25,BD3093,Tangail,2.57,0.75,0.721,2025,1,
Gram,2013-14,BD5594,Thakurgaon,112.0,42.0,0.927,2017,2,
Gram,2014-15,BD5594,Thakurgaon,101.0,44.0,1.076,2018,3,
Gram,2015-16,BD5594,Thakurgaon,99.0,42.0,1.048,2019,3,
Gram,2016-17,BD5594,Thakurgaon,98.0,48.0,1.21,2020,3,
Gram,2017-18,BD5594,Thakurgaon,74.0,32.0,1.069,2021,3,
Gram,2018-19,BD5594,Thakurgaon,79.0,32.0,1.001,2021,2,
Gram,2019-20,BD5594,Thakurgaon,80.0,35.0,1.081,2022,2,
Gram,2020-21,BD5594,Thakurgaon,82.0,36.0,1.085,2023,2,
Gram,2021-22,BD5594,Thakurgaon,85.5,37.88,1.095,2024,3,
Gram,2022-23,BD5594,Thakurgaon,88.0,39.57,1.111,2025,3,
Gram,2023-24,BD5594,Thakurgaon,93.0,41.0,1.089,2025,2,
Gram,2024-25,BD5594,Thakurgaon,94.0,42.0,1.104,2025,1,
Groundnut,2013-14,BD4001,Bagerhat,30.0,19.0,1.565,2017,2,
Groundnut,2014-15,BD4001,Bagerhat,31.0,15.0,1.196,2018,3,
Groundnut,2015-16,BD4001,Bagerhat,39.0,25.0,1.584,2019,3,
Groundnut,2016-17,BD4001,Bagerhat,47.0,30.0,1.577,2020,3,
Groundnut,2017-18,BD4001,Bagerhat,48.0,31.0,1.596,2021,3,
Groundnut,2018-19,BD4001,Bagerhat,38.0,25.0,1.626,2021,2,
Groundnut,2019-20,BD4001,Bagerhat,45.0,30.0,1.647,2022,2,
Groundnut,2020-21,BD4001,Bagerhat,55.0,33.25,1.494,2023,2,
Groundnut,2021-22,BD4001,Bagerhat,54.5,35.56,1.612,2024,3,
Groundnut,2022-23,BD4001,Bagerhat,47.22,30.6,1.601,2025,3,
Groundnut,2023-24,BD4001,Bagerhat,51.0,34.76,1.684,2025,2,
Groundnut,2024-25,BD4001,Bagerhat,44.0,28.77,1.616,2025,1,
Groundnut,2013-14,BD2003,Bandarban,308.0,237.0,1.901,2017,2,
Groundnut,2014-15,BD2003,Bandarban,171.0,114.0,1.647,2018,3,
Groundnut,2015-16,BD2003,Bandarban,177.0,118.0,1.647,2019,3,
Groundnut,2016-17,BD2003,Bandarban,182.0,120.0,1.629,2020,3,
Groundnut,2017-18,BD2003,Bandarban,186.0,123.0,1.634,2021,3,
Groundnut,2018-19,BD2003,Bandarban,194.0,130.0,1.656,2021,2,
Groundnut,2019-20,BD2003,Bandarban,200.0,139.0,1.717,2022,2,
Groundnut,2020-21,BD2003,Bandarban,213.0,148.0,1.717,2023,2,
Groundnut,2021-22,BD2003,Bandarban,216.0,150.05,1.717,2024,3,
Groundnut,2022-23,BD2003,Bandarban,220.5,153.2,1.717,2025,3,
Groundnut,2023-24,BD2003,Bandarban,222.4,154.49,1.717,2025,2,
Groundnut,2024-25,BD2003,Bandarban,221.7,154.01,1.717,2025,1,
Groundnut,2013-14,BD1004,Barguna,120.0,56.0,1.153,2017,2,
Groundnut,2014-15,BD1004,Barguna,177.0,227.0,3.169,2018,3,
Groundnut,2015-16,BD1004,Barguna,175.0,168.0,2.372,2019,3,
Groundnut,2016-17,BD1004,Barguna,182.0,120.0,1.629,2020,3,
Groundnut,2017-18,BD1004,Barguna,172.0,165.0,2.37,2021,3,
Groundnut,2018-19,BD1004,Barguna,175.0,170.0,2.4,2021,2,
Groundnut,2019-20,BD1004,Barguna,186.0,168.0,2.232,2022,2,
Groundnut,2020-21,BD1004,Barguna,189.0,245.0,3.203,2023,2,
Groundnut,2021-22,BD1004,Barguna,183.0,245.0,3.308,2024,3,
Groundnut,2022-23,BD1004,Barguna,181.0,253.0,3.454,2025,3,
Groundnut,2023-24,BD1004,Barguna,184.0,242.0,3.25,2025,2,
Groundnut,2024-25,BD1004,Barguna,177.0,234.0,3.267,2025,1,
Groundnut,2013-14,BD1006,Barishal,42.0,30.0,1.765,2017,2,
Groundnut,2014-15,BD1006,Barishal,42.0,30.0,1.765,2018,3,
Groundnut,2015-16,BD1006,Barishal,29.0,22.0,1.875,2019,3,
Groundnut,2016-17,BD1006,Barishal,30.0,24.0,1.977,2020,3,
Groundnut,2017-18,BD1006,Barishal,38.0,32.0,2.081,2021,3,
Groundnut,2018-19,BD1006,Barishal,40.0,35.0,2.162,2021,2,
Groundnut,2019-20,BD1006,Barishal,70.0,55.0,1.942,2022,2,
Groundnut,2020-21,BD1006,Barishal,77.0,68.0,2.182,2023,2,
Groundnut,2021-22,BD1006,Barishal,83.0,62.0,1.846,2024,3,
Groundnut,2022-23,BD1006,Barishal,0.0,0.0,,2025,3,
Groundnut,2023-24,BD1006,Barishal,46.0,191.0,10.26,2025,2,
Groundnut,2024-25,BD1006,Barishal,49.0,206.0,10.389,2025,1,
Groundnut,2013-14,BD1009,Bhola,3305.0,2644.0,1.977,2017,2,
Groundnut,2014-15,BD1009,Bhola,3334.0,3158.0,2.341,2018,3,
Groundnut,2015-16,BD1009,Bhola,3467.0,2689.0,1.917,2019,3,
Groundnut,2016-17,BD1009,Bhola,5606.0,4100.0,1.807,2020,3,
Groundnut,2017-18,BD1009,Bhola,4579.0,3447.0,1.86,2021,3,
Groundnut,2018-19,BD1009,Bhola,4707.0,3631.0,1.906,2021,2,
Groundnut,2019-20,BD1009,Bhola,4728.0,3614.0,1.889,2022,2,
Groundnut,2020-21,BD1009,Bhola,4716.0,3713.0,1.946,2023,2,
Groundnut,2021-22,BD1009,Bhola,4698.0,3655.39,1.923,2024,3,
Groundnut,2022-23,BD1009,Bhola,4711.1,3670.78,1.925,2025,3,
Groundnut,2023-24,BD1009,Bhola,4715.0,3501.0,1.835,2025,2,
Groundnut,2024-25,BD1009,Bhola,4709.0,3491.0,1.832,2025,1,
Groundnut,2013-14,BD5010,Bogura,1718.0,988.0,1.421,2017,2,
Groundnut,2014-15,BD5010,Bogura,1600.0,919.0,1.419,2018,3,
Groundnut,2015-16,BD5010,Bogura,1596.0,851.0,1.318,2019,3,
Groundnut,2016-17,BD5010,Bogura,1484.0,796.0,1.325,2020,3,
Groundnut,2017-18,BD5010,Bogura,1550.0,810.0,1.291,2021,3,
Groundnut,2018-19,BD5010,Bogura,1503.0,807.0,1.327,2021,2,
Groundnut,2019-20,BD5010,Bogura,513.0,275.0,1.325,2022,2,
Groundnut,2020-21,BD5010,Bogura,535.0,296.0,1.367,2023,2,
Groundnut,2021-22,BD5010,Bogura,1194.5,645.42,1.335,2024,3,
Groundnut,2022-23,BD5010,Bogura,1094.2,636.42,1.437,2025,3,
Groundnut,2023-24,BD5010,Bogura,1340.45,770.75,1.421,2025,2,
Groundnut,2024-25,BD5010,Bogura,1373.05,779.09,1.402,2025,1,
Groundnut,2013-14,BD2012,Brahmanbaria,1127.0,1970.0,4.319,2017,2,
Groundnut,2014-15,BD2012,Brahmanbaria,171.0,115.0,1.662,2018,3,yoy-jump-gt-10x
Groundnut,2015-16,BD2012,Brahmanbaria,336.0,204.0,1.5,2019,3,
Groundnut,2016-17,BD2012,Brahmanbaria,319.0,198.0,1.534,2020,3,
Groundnut,2017-18,BD2012,Brahmanbaria,367.0,337.0,2.269,2021,3,
Groundnut,2018-19,BD2012,Brahmanbaria,400.0,301.0,1.859,2021,2,
Groundnut,2019-20,BD2012,Brahmanbaria,347.0,211.0,1.503,2022,2,
Groundnut,2020-21,BD2012,Brahmanbaria,392.0,235.0,1.481,2023,2,
Groundnut,2021-22,BD2012,Brahmanbaria,459.6,274.71,1.477,2024,3,
Groundnut,2022-23,BD2012,Brahmanbaria,428.7,259.21,1.494,2025,3,
Groundnut,2023-24,BD2012,Brahmanbaria,413.2,243.98,1.459,2025,2,
Groundnut,2024-25,BD2012,Brahmanbaria,377.2,282.53,1.851,2025,1,
Groundnut,2013-14,BD2013,Chandpur,255.0,135.0,1.308,2017,2,
Groundnut,2014-15,BD2013,Chandpur,264.0,526.0,4.923,2018,3,
Groundnut,2015-16,BD2013,Chandpur,278.0,154.0,1.369,2019,3,
Groundnut,2016-17,BD2013,Chandpur,264.0,154.0,1.441,2020,3,
Groundnut,2017-18,BD2013,Chandpur,264.0,154.0,1.441,2021,3,
Groundnut,2018-19,BD2013,Chandpur,265.0,152.0,1.417,2021,2,
Groundnut,2019-20,BD2013,Chandpur,267.0,152.0,1.407,2022,2,
Groundnut,2020-21,BD2013,Chandpur,332.92,157.0,1.165,2023,2,
Groundnut,2021-22,BD2013,Chandpur,258.74,170.85,1.632,2024,3,
Groundnut,2022-23,BD2013,Chandpur,259.03,175.5,1.674,2025,3,
Groundnut,2023-24,BD2013,Chandpur,252.71,167.22,1.635,2025,2,
Groundnut,2024-25,BD2013,Chandpur,252.77,167.7,1.639,2025,1,
Groundnut,2013-14,BD5070,Chapainababganj,0.0,0.0,,2017,2,
Groundnut,2014-15,BD5070,Chapainababganj,0.0,0.0,,2018,3,
Groundnut,2015-16,BD5070,Chapainababganj,0.0,0.0,,2019,3,
Groundnut,2016-17,BD5070,Chapainababganj,0.0,0.0,,2020,3,
Groundnut,2017-18,BD5070,Chapainababganj,0.0,0.0,,2021,3,
Groundnut,2018-19,BD5070,Chapainababganj,0.0,0.0,,2021,2,
Groundnut,2019-20,BD5070,Chapainababganj,0.0,0.0,,2022,2,
Groundnut,2020-21,BD5070,Chapainababganj,0.0,0.0,,2023,2,
Groundnut,2021-22,BD5070,Chapainababganj,0.0,0.0,,2024,3,
Groundnut,2022-23,BD5070,Chapainababganj,55.66,55.1,2.446,2025,3,
Groundnut,2023-24,BD5070,Chapainababganj,59.0,57.86,2.423,2025,2,
Groundnut,2024-25,BD5070,Chapainababganj,52.0,52.57,2.498,2025,1,
Groundnut,2013-14,BD2015,Chattogram,2165.0,1925.0,2.197,2017,2,
Groundnut,2014-15,BD2015,Chattogram,1589.0,1369.0,2.129,2018,3,
Groundnut,2015-16,BD2015,Chattogram,1608.0,1386.0,2.13,2019,3,
Groundnut,2016-17,BD2015,Chattogram,2136.0,1908.0,2.207,2020,3,
Groundnut,2017-18,BD2015,Chattogram,2130.0,1900.0,2.204,2021,3,
Groundnut,2018-19,BD2015,Chattogram,2015.0,1800.0,2.207,2021,2,
Groundnut,2019-20,BD2015,Chattogram,1902.0,1728.0,2.245,2022,2,
Groundnut,2020-21,BD2015,Chattogram,1905.0,1783.17,2.313,2023,2,
Groundnut,2021-22,BD2015,Chattogram,2192.88,2031.82,2.29,2024,3,
Groundnut,2022-23,BD2015,Chattogram,2214.39,2036.9,2.273,2025,3,
Groundnut,2023-24,BD2015,Chattogram,2044.5,1727.84,2.088,2025,2,
Groundnut,2024-25,BD2015,Chattogram,2039.83,1724.59,2.089,2025,1,
Groundnut,2013-14,BD4018,Chuadanga,49.0,35.0,1.765,2017,2,
Groundnut,2014-15,BD4018,Chuadanga,65.0,47.0,1.787,2018,3,
Groundnut,2015-16,BD4018,Chuadanga,132.0,95.0,1.778,2019,3,
Groundnut,2016-17,BD4018,Chuadanga,146.0,96.0,1.625,2020,3,
Groundnut,2017-18,BD4018,Chuadanga,148.0,99.0,1.653,2021,3,
Groundnut,2018-19,BD4018,Chuadanga,60.0,39.0,1.606,2021,2,
Groundnut,2019-20,BD4018,Chuadanga,147.0,90.0,1.513,2022,2,
Groundnut,2020-21,BD4018,Chuadanga,131.0,82.0,1.547,2023,2,
Groundnut,2021-22,BD4018,Chuadanga,121.1,69.77,1.424,2024,3,
Groundnut,2022-23,BD4018,Chuadanga,114.0,63.8,1.383,2025,3,
Groundnut,2023-24,BD4018,Chuadanga,109.0,60.0,1.36,2025,2,
Groundnut,2024-25,BD4018,Chuadanga,96.0,54.9,1.413,2025,1,
Groundnut,2013-14,BD2022,Cox's Bazar,1061.0,1847.0,4.302,2017,2,
Groundnut,2014-15,BD2022,Cox's Bazar,1004.0,1129.0,2.779,2018,3,
Groundnut,2015-16,BD2022,Cox's Bazar,1054.0,1213.0,2.844,2019,3,
Groundnut,2016-17,BD2022,Cox's Bazar,1065.0,1243.0,2.884,2020,3,
Groundnut,2017-18,BD2022,Cox's Bazar,1062.0,1239.0,2.883,2021,3,
Groundnut,2018-19,BD2022,Cox's Bazar,1069.0,1308.0,3.024,2021,2,
Groundnut,2019-20,BD2022,Cox's Bazar,989.0,1266.0,3.163,2022,2,
Groundnut,2020-21,BD2022,Cox's Bazar,626.0,1284.94,5.072,2023,2,
Groundnut,2021-22,BD2022,Cox's Bazar,1051.51,1363.44,3.204,2024,3,
Groundnut,2022-23,BD2022,Cox's Bazar,1167.44,1521.6,3.221,2025,3,
Groundnut,2023-24,BD2022,Cox's Bazar,1159.19,1557.57,3.32,2025,2,
Groundnut,2024-25,BD2022,Cox's Bazar,1158.69,1590.84,3.393,2025,1,
Groundnut,2013-14,BD2019,Cumilla,603.0,591.0,2.422,2017,2,
Groundnut,2014-15,BD2019,Cumilla,624.0,630.0,2.495,2018,3,
Groundnut,2015-16,BD2019,Cumilla,576.0,560.0,2.402,2019,3,
Groundnut,2016-17,BD2019,Cumilla,530.0,531.0,2.476,2020,3,
Groundnut,2017-18,BD2019,Cumilla,225.0,101.0,1.109,2021,3,
Groundnut,2018-19,BD2019,Cumilla,321.0,120.0,0.924,2021,2,
Groundnut,2019-20,BD2019,Cumilla,322.0,309.0,2.371,2022,2,
Groundnut,2020-21,BD2019,Cumilla,719.0,310.0,1.065,2023,2,
Groundnut,2021-22,BD2019,Cumilla,319.4,306.93,2.375,2024,3,
Groundnut,2022-23,BD2019,Cumilla,328.5,314.3,2.364,2025,3,
Groundnut,2023-24,BD2019,Cumilla,328.5,314.3,2.364,2025,2,
Groundnut,2024-25,BD2019,Cumilla,328.8,314.5,2.364,2025,1,
Groundnut,2013-14,BD3026,Dhaka,634.0,378.0,1.473,2017,2,
Groundnut,2014-15,BD3026,Dhaka,660.0,396.0,1.483,2018,3,
Groundnut,2015-16,BD3026,Dhaka,726.0,441.0,1.501,2019,3,
Groundnut,2016-17,BD3026,Dhaka,541.0,327.0,1.494,2020,3,
Groundnut,2017-18,BD3026,Dhaka,494.0,309.0,1.546,2021,3,
Groundnut,2018-19,BD3026,Dhaka,500.0,325.0,1.606,2021,2,
Groundnut,2019-20,BD3026,Dhaka,278.0,175.0,1.556,2022,2,
Groundnut,2020-21,BD3026,Dhaka,261.0,175.0,1.657,2023,2,
Groundnut,2021-22,BD3026,Dhaka,265.0,178.65,1.666,2024,3,
Groundnut,2022-23,BD3026,Dhaka,254.65,167.75,1.628,2025,3,
Groundnut,2023-24,BD3026,Dhaka,243.25,157.36,1.599,2025,2,
Groundnut,2024-25,BD3026,Dhaka,227.3,153.66,1.67,2025,1,
Groundnut,2013-14,BD5527,Dinajpur,191.0,87.0,1.126,2017,2,
Groundnut,2014-15,BD5527,Dinajpur,37.0,18.0,1.202,2018,3,
Groundnut,2015-16,BD5527,Dinajpur,98.0,52.0,1.311,2019,3,
Groundnut,2016-17,BD5527,Dinajpur,81.0,46.0,1.403,2020,3,
Groundnut,2017-18,BD5527,Dinajpur,61.0,35.0,1.418,2021,3,
Groundnut,2018-19,BD5527,Dinajpur,71.0,48.0,1.671,2021,2,
Groundnut,2019-20,BD5527,Dinajpur,114.0,83.0,1.799,2022,2,
Groundnut,2020-21,BD5527,Dinajpur,103.0,75.0,1.799,2023,2,
Groundnut,2021-22,BD5527,Dinajpur,148.2,107.75,1.797,2024,3,
Groundnut,2022-23,BD5527,Dinajpur,159.25,119.93,1.861,2025,3,
Groundnut,2023-24,BD5527,Dinajpur,184.0,130.0,1.746,2025,2,
Groundnut,2024-25,BD5527,Dinajpur,234.0,170.0,1.795,2025,1,
Groundnut,2013-14,BD3029,Faridpur,6743.0,705.0,0.258,2017,2,
Groundnut,2014-15,BD3029,Faridpur,5566.0,6262.0,2.78,2018,3,
Groundnut,2015-16,BD3029,Faridpur,5509.0,6182.0,2.773,2019,3,
Groundnut,2016-17,BD3029,Faridpur,5316.0,5883.0,2.735,2020,3,
Groundnut,2017-18,BD3029,Faridpur,13193.0,11710.0,2.193,2021,3,
Groundnut,2018-19,BD3029,Faridpur,5509.0,6182.0,2.773,2021,2,
Groundnut,2019-20,BD3029,Faridpur,5635.0,6219.0,2.727,2022,2,
Groundnut,2020-21,BD3029,Faridpur,5476.0,6162.0,2.781,2023,2,
Groundnut,2021-22,BD3029,Faridpur,5676.55,6309.67,2.747,2024,3,
Groundnut,2022-23,BD3029,Faridpur,5480.1,6155.32,2.776,2025,3,
Groundnut,2023-24,BD3029,Faridpur,5475.0,6079.92,2.744,2025,2,
Groundnut,2024-25,BD3029,Faridpur,5493.9,6094.94,2.741,2025,1,
Groundnut,2013-14,BD2030,Feni,833.0,565.0,1.676,2017,2,
Groundnut,2014-15,BD2030,Feni,782.0,533.0,1.684,2018,3,
Groundnut,2015-16,BD2030,Feni,798.0,545.0,1.688,2019,3,
Groundnut,2016-17,BD2030,Feni,596.0,411.0,1.704,2020,3,
Groundnut,2017-18,BD2030,Feni,596.0,411.0,1.704,2021,3,
Groundnut,2018-19,BD2030,Feni,585.0,403.0,1.702,2021,2,
Groundnut,2019-20,BD2030,Feni,1932.0,1386.0,1.773,2022,2,
Groundnut,2020-21,BD2030,Feni,1943.0,1390.0,1.768,2023,2,
Groundnut,2021-22,BD2030,Feni,1932.52,1386.9,1.773,2024,3,
Groundnut,2022-23,BD2030,Feni,1932.57,1389.42,1.777,2025,3,
Groundnut,2023-24,BD2030,Feni,1886.1,1396.58,1.83,2025,2,
Groundnut,2024-25,BD2030,Feni,1886.6,1397.0,1.83,2025,1,
Groundnut,2013-14,BD5532,Gaibandha,1264.0,1032.0,2.018,2017,2,
Groundnut,2014-15,BD5532,Gaibandha,1201.0,990.0,2.037,2018,3,
Groundnut,2015-16,BD5532,Gaibandha,1273.0,1085.0,2.106,2019,3,
Groundnut,2016-17,BD5532,Gaibandha,1299.0,1270.0,2.416,2020,3,
Groundnut,2017-18,BD5532,Gaibandha,1751.0,1613.0,2.276,2021,3,
Groundnut,2018-19,BD5532,Gaibandha,1608.0,1579.0,2.426,2021,2,
Groundnut,2019-20,BD5532,Gaibandha,1728.0,1586.0,2.268,2022,2,
Groundnut,2020-21,BD5532,Gaibandha,1724.0,1576.0,2.259,2023,2,
Groundnut,2021-22,BD5532,Gaibandha,1602.0,1492.09,2.302,2024,3,
Groundnut,2022-23,BD5532,Gaibandha,1522.0,1444.35,2.345,2025,3,
Groundnut,2023-24,BD5532,Gaibandha,1508.0,1439.0,2.358,2025,2,
Groundnut,2024-25,BD5532,Gaibandha,1493.0,1431.0,2.368,2025,1,
Groundnut,2013-14,BD3033,Gazipur,343.0,150.0,1.081,2017,2,
Groundnut,2014-15,BD3033,Gazipur,305.0,130.0,1.053,2018,3,
Groundnut,2015-16,BD3033,Gazipur,263.0,124.0,1.165,2019,3,
Groundnut,2016-17,BD3033,Gazipur,190.0,122.0,1.587,2020,3,
Groundnut,2017-18,BD3033,Gazipur,245.0,107.0,1.079,2021,3,
Groundnut,2018-19,BD3033,Gazipur,219.0,71.0,0.801,2021,2,
Groundnut,2019-20,BD3033,Gazipur,188.0,78.0,1.025,2022,2,
Groundnut,2020-21,BD3033,Gazipur,144.74,65.2,1.113,2023,2,
Groundnut,2021-22,BD3033,Gazipur,103.47,49.21,1.175,2024,3,
Groundnut,2022-23,BD3033,Gazipur,102.2,48.13,1.164,2025,3,
Groundnut,2023-24,BD3033,Gazipur,105.41,44.96,1.054,2025,2,
Groundnut,2024-25,BD3033,Gazipur,106.33,45.0,1.046,2025,1,
Groundnut,2013-14,BD3035,Gopalganj,2599.0,2839.0,2.699,2017,2,
Groundnut,2014-15,BD3035,Gopalganj,2032.0,1857.0,2.258,2018,3,
Groundnut,2015-16,BD3035,Gopalganj,1811.0,1708.0,2.331,2019,3,
Groundnut,2016-17,BD3035,Gopalganj,2009.0,1762.0,2.167,2020,3,
Groundnut,2017-18,BD3035,Gopalganj,66.0,54.0,2.022,2021,3,yoy-jump-gt-10x
Groundnut,2018-19,BD3035,Gopalganj,2133.0,1885.0,2.184,2021,2,yoy-jump-gt-10x
Groundnut,2019-20,BD3035,Gopalganj,1769.0,1572.0,2.196,2022,2,
Groundnut,2020-21,BD3035,Gopalganj,1504.0,1338.18,2.199,2023,2,
Groundnut,2021-22,BD3035,Gopalganj,1304.45,1111.05,2.105,2024,3,
Groundnut,2022-23,BD3035,Gopalganj,1247.2,1066.83,2.114,2025,3,
Groundnut,2023-24,BD3035,Gopalganj,1331.45,1147.28,2.129,2025,2,
Groundnut,2024-25,BD3035,Gopalganj,1235.97,1082.06,2.163,2025,1,
Groundnut,2013-14,BD6036,Habiganj,234.0,159.0,1.679,2017,2,
Groundnut,2014-15,BD6036,Habiganj,216.0,79.0,0.904,2018,3,
Groundnut,2015-16,BD6036,Habiganj,216.0,80.0,0.915,2019,3,
Groundnut,2016-17,BD6036,Habiganj,212.0,656.0,7.646,2020,3,
Groundnut,2017-18,BD6036,Habiganj,150.0,90.0,1.483,2021,3,
Groundnut,2018-19,BD6036,Habiganj,145.0,91.0,1.551,2021,2,
Groundnut,2019-20,BD6036,Habiganj,82.0,47.0,1.416,2022,2,
Groundnut,2020-21,BD6036,Habiganj,88.0,45.9,1.289,2023,2,
Groundnut,2021-22,BD6036,Habiganj,72.0,41.16,1.413,2024,3,
Groundnut,2022-23,BD6036,Habiganj,71.0,42.43,1.477,2025,3,
Groundnut,2023-24,BD6036,Habiganj,72.54,43.32,1.476,2025,2,
Groundnut,2024-25,BD6036,Habiganj,74.4,44.64,1.483,2025,1,
Groundnut,2013-14,BD4539,Jamalpur,1332.0,1228.0,2.278,2017,2,
Groundnut,2014-15,BD4539,Jamalpur,1362.0,1305.0,2.368,2018,3,
Groundnut,2015-16,BD4539,Jamalpur,1387.0,1314.0,2.341,2019,3,
Groundnut,2016-17,BD4539,Jamalpur,133.0,1321.0,24.543,2020,3,
Groundnut,2017-18,BD4539,Jamalpur,1335.0,1321.0,2.445,2021,3,
Groundnut,2018-19,BD4539,Jamalpur,1306.0,1220.0,2.308,2021,2,
Groundnut,2019-20,BD4539,Jamalpur,315.0,211.0,1.655,2022,2,
Groundnut,2020-21,BD4539,Jamalpur,304.0,204.0,1.658,2023,2,
Groundnut,2021-22,BD4539,Jamalpur,989.0,680.0,1.699,2024,3,
Groundnut,2022-23,BD4539,Jamalpur,1018.0,661.0,1.604,2025,3,
Groundnut,2023-24,BD4539,Jamalpur,880.0,654.0,1.836,2025,2,
Groundnut,2024-25,BD4539,Jamalpur,827.0,618.0,1.847,2025,1,
Groundnut,2013-14,BD4041,Jashore,14.0,7.0,1.236,2017,2,
Groundnut,2014-15,BD4041,Jashore,16.0,8.0,1.236,2018,3,
Groundnut,2015-16,BD4041,Jashore,17.0,8.0,1.163,2019,3,
Groundnut,2016-17,BD4041,Jashore,17.0,9.0,1.308,2020,3,
Groundnut,2017-18,BD4041,Jashore,16.0,8.0,1.236,2021,3,
Groundnut,2018-19,BD4041,Jashore,17.0,8.0,1.163,2021,2,
Groundnut,2019-20,BD4041,Jashore,15.0,7.0,1.153,2022,2,
Groundnut,2020-21,BD4041,Jashore,17.0,9.0,1.308,2023,2,
Groundnut,2021-22,BD4041,Jashore,17.0,9.0,1.308,2024,3,
Groundnut,2022-23,BD4041,Jashore,17.77,9.41,1.309,2025,3,
Groundnut,2023-24,BD4041,Jashore,15.65,8.19,1.293,2025,2,
Groundnut,2024-25,BD4041,Jashore,14.84,7.76,1.292,2025,1,
Groundnut,2013-14,BD1042,Jhalokati,16.0,9.0,1.39,2017,2,
Groundnut,2014-15,BD1042,Jhalokati,17.0,5.0,0.727,2018,3,
Groundnut,2015-16,BD1042,Jhalokati,17.0,5.0,0.727,2019,3,
Groundnut,2016-17,BD1042,Jhalokati,39.0,18.0,1.14,2020,3,
Groundnut,2017-18,BD1042,Jhalokati,40.0,20.0,1.236,2021,3,
Groundnut,2018-19,BD1042,Jhalokati,20.0,9.0,1.112,2021,2,
Groundnut,2019-20,BD1042,Jhalokati,22.0,10.0,1.123,2022,2,
Groundnut,2020-21,BD1042,Jhalokati,25.0,11.0,1.087,2023,2,
Groundnut,2021-22,BD1042,Jhalokati,135.0,90.0,1.647,2024,3,
Groundnut,2022-23,BD1042,Jhalokati,136.0,87.0,1.581,2025,3,
Groundnut,2023-24,BD1042,Jhalokati,138.0,89.0,1.594,2025,2,
Groundnut,2024-25,BD1042,Jhalokati,139.0,87.0,1.547,2025,1,
Groundnut,2013-14,BD4044,Jhenaidah,695.0,907.0,3.225,2017,2,
Groundnut,2014-15,BD4044,Jhenaidah,705.0,845.0,2.962,2018,3,
Groundnut,2015-16,BD4044,Jhenaidah,714.0,846.0,2.928,2019,3,
Groundnut,2016-17,BD4044,Jhenaidah,715.0,851.0,2.941,2020,3,
Groundnut,2017-18,BD4044,Jhenaidah,757.0,856.0,2.794,2021,3,
Groundnut,2018-19,BD4044,Jhenaidah,737.0,882.0,2.957,2021,2,
Groundnut,2019-20,BD4044,Jhenaidah,737.0,866.0,2.904,2022,2,
Groundnut,2020-21,BD4044,Jhenaidah,739.85,869.82,2.905,2023,2,
Groundnut,2021-22,BD4044,Jhenaidah,739.0,869.4,2.907,2024,3,
Groundnut,2022-23,BD4044,Jhenaidah,723.97,851.84,2.907,2025,3,
Groundnut,2023-24,BD4044,Jhenaidah,717.51,847.13,2.917,2025,2,
Groundnut,2024-25,BD4044,Jhenaidah,705.45,834.03,2.921,2025,1,
Groundnut,2013-14,BD5038,Joypurhat,0.0,0.0,,2017,2,
Groundnut,2014-15,BD5038,Joypurhat,0.0,0.0,,2018,3,
Groundnut,2015-16,BD5038,Joypurhat,0.0,0.0,,2019,3,
Groundnut,2016-17,BD5038,Joypurhat,0.0,0.0,,2020,3,
Groundnut,2017-18,BD5038,Joypurhat,0.0,0.0,,2021,3,
Groundnut,2018-19,BD5038,Joypurhat,0.0,0.0,,2021,2,
Groundnut,2019-20,BD5038,Joypurhat,0.0,0.0,,2022,2,
Groundnut,2020-21,BD5038,Joypurhat,0.0,0.0,,2023,2,
Groundnut,2021-22,BD5038,Joypurhat,0.0,0.0,,2024,3,
Groundnut,2022-23,BD5038,Joypurhat,0.0,0.0,,2025,3,
Groundnut,2023-24,BD5038,Joypurhat,0.0,0.0,,2025,2,
Groundnut,2024-25,BD5038,Joypurhat,0.0,0.0,,2025,1,
Groundnut,2013-14,BD2046,Khagrachhari,91.0,104.0,2.824,2017,2,
Groundnut,2014-15,BD2046,Khagrachhari,96.0,112.0,2.883,2018,3,
Groundnut,2015-16,BD2046,Khagrachhari,101.0,117.0,2.863,2019,3,
Groundnut,2016-17,BD2046,Khagrachhari,108.0,120.0,2.746,2020,3,
Groundnut,2017-18,BD2046,Khagrachhari,115.0,128.0,2.75,2021,3,
Groundnut,2018-19,BD2046,Khagrachhari,128.0,131.0,2.529,2021,2,
Groundnut,2019-20,BD2046,Khagrachhari,128.0,134.0,2.587,2022,2,
Groundnut,2020-21,BD2046,Khagrachhari,129.0,136.0,2.605,2023,2,
Groundnut,2021-22,BD2046,Khagrachhari,131.2,140.21,2.641,2024,3,
Groundnut,2022-23,BD2046,Khagrachhari,129.6,135.65,2.586,2025,3,
Groundnut,2023-24,BD2046,Khagrachhari,131.72,141.39,2.652,2025,2,
Groundnut,2024-25,BD2046,Khagrachhari,133.0,141.53,2.63,2025,1,
Groundnut,2013-14,BD4047,Khulna,16.0,9.0,1.39,2017,2,
Groundnut,2014-15,BD4047,Khulna,28.0,14.0,1.236,2018,3,
Groundnut,2015-16,BD4047,Khulna,0.0,0.0,,2019,3,
Groundnut,2016-17,BD4047,Khulna,0.0,0.0,,2020,3,
Groundnut,2017-18,BD4047,Khulna,0.0,0.0,,2021,3,
Groundnut,2018-19,BD4047,Khulna,0.0,0.0,,2021,2,
Groundnut,2019-20,BD4047,Khulna,0.0,0.0,,2022,2,
Groundnut,2020-21,BD4047,Khulna,2.5,0.88,0.87,2023,2,
Groundnut,2021-22,BD4047,Khulna,5.0,3.6,1.779,2024,3,
Groundnut,2022-23,BD4047,Khulna,7.2,9.08,3.116,2025,3,
Groundnut,2023-24,BD4047,Khulna,7.6,9.38,3.05,2025,2,
Groundnut,2024-25,BD4047,Khulna,8.4,10.92,3.212,2025,1,
Groundnut,2013-14,BD3048,Kishoreganj,1850.0,1370.0,1.83,2017,2,
Groundnut,2014-15,BD3048,Kishoreganj,2141.0,1470.0,1.697,2018,3,
Groundnut,2015-16,BD3048,Kishoreganj,2099.0,1807.0,2.127,2019,3,
Groundnut,2016-17,BD3048,Kishoreganj,2045.0,1776.0,2.146,2020,3,
Groundnut,2017-18,BD3048,Kishoreganj,1969.0,1736.0,2.179,2021,3,
Groundnut,2018-19,BD3048,Kishoreganj,2179.0,1813.0,2.056,2021,2,
Groundnut,2019-20,BD3048,Kishoreganj,2100.0,2134.0,2.511,2022,2,
Groundnut,2020-21,BD3048,Kishoreganj,2137.41,1650.45,1.908,2023,2,
Groundnut,2021-22,BD3048,Kishoreganj,2115.41,1604.22,1.874,2024,3,
Groundnut,2022-23,BD3048,Kishoreganj,2112.69,1604.61,1.877,2025,3,
Groundnut,2023-24,BD3048,Kishoreganj,2085.67,1581.13,1.873,2025,2,
Groundnut,2024-25,BD3048,Kishoreganj,2032.77,1556.49,1.892,2025,1,
Groundnut,2013-14,BD5549,Kurigram,2110.0,2078.0,2.434,2017,2,
Groundnut,2014-15,BD5549,Kurigram,2997.0,1559.0,1.285,2018,3,
Groundnut,2015-16,BD5549,Kurigram,3335.0,1847.0,1.369,2019,3,
Groundnut,2016-17,BD5549,Kurigram,3406.0,2158.0,1.566,2020,3,
Groundnut,2017-18,BD5549,Kurigram,2743.0,1698.0,1.53,2021,3,
Groundnut,2018-19,BD5549,Kurigram,2815.0,1787.0,1.569,2021,2,
Groundnut,2019-20,BD5549,Kurigram,2739.0,1679.0,1.515,2022,2,
Groundnut,2020-21,BD5549,Kurigram,3612.0,2351.0,1.608,2023,2,
Groundnut,2021-22,BD5549,Kurigram,3941.0,2613.47,1.639,2024,3,
Groundnut,2022-23,BD5549,Kurigram,3844.6,2617.79,1.683,2025,3,
Groundnut,2023-24,BD5549,Kurigram,2305.0,1569.0,1.682,2025,2,
Groundnut,2024-25,BD5549,Kurigram,2294.0,1682.0,1.812,2025,1,
Groundnut,2013-14,BD4050,Kushtia,625.0,421.0,1.665,2017,2,
Groundnut,2014-15,BD4050,Kushtia,594.0,358.0,1.489,2018,3,
Groundnut,2015-16,BD4050,Kushtia,610.0,363.0,1.47,2019,3,
Groundnut,2016-17,BD4050,Kushtia,601.0,364.0,1.497,2020,3,
Groundnut,2017-18,BD4050,Kushtia,618.0,376.0,1.503,2021,3,
Groundnut,2018-19,BD4050,Kushtia,601.0,364.0,1.497,2021,2,
Groundnut,2019-20,BD4050,Kushtia,633.0,416.0,1.624,2022,2,
Groundnut,2020-21,BD4050,Kushtia,640.0,415.0,1.602,2023,2,
Groundnut,2021-22,BD4050,Kushtia,653.0,418.0,1.582,2024,3,
Groundnut,2022-23,BD4050,Kushtia,682.0,472.0,1.71,2025,3,
Groundnut,2023-24,BD4050,Kushtia,1378.0,1047.0,1.877,2025,2,
Groundnut,2024-25,BD4050,Kushtia,1278.0,987.0,1.908,2025,1,
Groundnut,2013-14,BD2051,Lakshmipur,6104.0,2939.0,1.19,2017,2,
Groundnut,2014-15,BD2051,Lakshmipur,6414.0,3047.0,1.174,2018,3,
Groundnut,2015-16,BD2051,Lakshmipur,6416.0,3111.0,1.198,2019,3,
Groundnut,2016-17,BD2051,Lakshmipur,6269.0,3084.0,1.216,2020,3,
Groundnut,2017-18,BD2051,Lakshmipur,6296.0,3086.0,1.211,2021,3,
Groundnut,2018-19,BD2051,Lakshmipur,6166.0,3014.0,1.208,2021,2,
Groundnut,2019-20,BD2051,Lakshmipur,209.0,245.0,2.897,2022,2,yoy-jump-gt-10x
Groundnut,2020-21,BD2051,Lakshmipur,211.0,250.0,2.928,2023,2,
Groundnut,2021-22,BD2051,Lakshmipur,5767.0,2765.05,1.185,2024,3,yoy-jump-gt-10x
Groundnut,2022-23,BD2051,Lakshmipur,4950.5,3178.99,1.587,2025,3,
Groundnut,2023-24,BD2051,Lakshmipur,4403.75,3115.41,1.748,2025,2,
Groundnut,2024-25,BD2051,Lakshmipur,4406.0,3117.25,1.748,2025,1,
Groundnut,2013-14,BD5552,Lalmonirhat,1108.0,872.0,1.945,2017,2,
Groundnut,2014-15,BD5552,Lalmonirhat,1679.0,1249.0,1.838,2018,3,
Groundnut,2015-16,BD5552,Lalmonirhat,2891.0,2383.0,2.037,2019,3,
Groundnut,2016-17,BD5552,Lalmonirhat,2853.0,2447.0,2.119,2020,3,
Groundnut,2017-18,BD5552,Lalmonirhat,2109.0,1604.0,1.879,2021,3,
Groundnut,2018-19,BD5552,Lalmonirhat,976.0,733.0,1.856,2021,2,
Groundnut,2019-20,BD5552,Lalmonirhat,1752.0,1471.0,2.075,2022,2,
Groundnut,2020-21,BD5552,Lalmonirhat,1129.0,915.0,2.003,2023,2,
Groundnut,2021-22,BD5552,Lalmonirhat,1134.0,926.76,2.019,2024,3,
Groundnut,2022-23,BD5552,Lalmonirhat,1155.0,944.08,2.02,2025,3,
Groundnut,2023-24,BD5552,Lalmonirhat,1185.0,961.0,2.004,2025,2,
Groundnut,2024-25,BD5552,Lalmonirhat,1165.0,915.0,1.941,2025,1,
Groundnut,2013-14,BD3054,Madaripur,503.0,342.0,1.68,2017,2,
Groundnut,2014-15,BD3054,Madaripur,492.0,332.0,1.667,2018,3,
Groundnut,2015-16,BD3054,Madaripur,466.0,294.0,1.559,2019,3,
Groundnut,2016-17,BD3054,Madaripur,480.0,327.0,1.683,2020,3,
Groundnut,2017-18,BD3054,Madaripur,493.0,215.0,1.078,2021,3,
Groundnut,2018-19,BD3054,Madaripur,366.0,200.0,1.35,2021,2,
Groundnut,2019-20,BD3054,Madaripur,317.0,250.0,1.949,2022,2,
Groundnut,2020-21,BD3054,Madaripur,320.0,252.5,1.95,2023,2,
Groundnut,2021-22,BD3054,Madaripur,339.98,258.1,1.876,2024,3,
Groundnut,2022-23,BD3054,Madaripur,335.92,253.15,1.862,2025,3,
Groundnut,2023-24,BD3054,Madaripur,330.66,246.75,1.844,2025,2,
Groundnut,2024-25,BD3054,Madaripur,322.37,239.74,1.838,2025,1,
Groundnut,2013-14,BD4055,Magura,67.0,117.0,4.315,2017,2,
Groundnut,2014-15,BD4055,Magura,21.0,24.0,2.824,2018,3,
Groundnut,2015-16,BD4055,Magura,73.0,144.0,4.874,2019,3,
Groundnut,2016-17,BD4055,Magura,80.0,139.0,4.293,2020,3,
Groundnut,2017-18,BD4055,Magura,85.0,154.0,4.477,2021,3,
Groundnut,2018-19,BD4055,Magura,55.0,114.0,5.122,2021,2,
Groundnut,2019-20,BD4055,Magura,63.0,134.0,5.256,2022,2,
Groundnut,2020-21,BD4055,Magura,87.25,177.75,5.034,2023,2,
Groundnut,2021-22,BD4055,Magura,85.5,173.25,5.007,2024,3,
Groundnut,2022-23,BD4055,Magura,90.0,197.75,5.429,2025,3,
Groundnut,2023-24,BD4055,Magura,91.68,201.39,5.428,2025,2,
Groundnut,2024-25,BD4055,Magura,86.9,103.82,2.952,2025,1,
Groundnut,2013-14,BD3056,Manikganj,950.0,697.0,1.813,2017,2,
Groundnut,2014-15,BD3056,Manikganj,1562.0,965.0,1.527,2018,3,
Groundnut,2015-16,BD3056,Manikganj,3557.0,2088.0,1.451,2019,3,
Groundnut,2016-17,BD3056,Manikganj,2468.0,1405.0,1.407,2020,3,
Groundnut,2017-18,BD3056,Manikganj,1920.0,1075.0,1.384,2021,3,
Groundnut,2018-19,BD3056,Manikganj,1901.0,1074.0,1.396,2021,2,
Groundnut,2019-20,BD3056,Manikganj,1890.0,1108.0,1.449,2022,2,
Groundnut,2020-21,BD3056,Manikganj,2121.0,1474.0,1.717,2023,2,
Groundnut,2021-22,BD3056,Manikganj,2713.0,1469.32,1.338,2024,3,
Groundnut,2022-23,BD3056,Manikganj,2340.6,1637.44,1.729,2025,3,
Groundnut,2023-24,BD3056,Manikganj,1561.3,1151.57,1.823,2025,2,
Groundnut,2024-25,BD3056,Manikganj,1474.25,1096.62,1.838,2025,1,
Groundnut,2013-14,BD4057,Meherpur,14.0,6.0,1.059,2017,2,
Groundnut,2014-15,BD4057,Meherpur,26.0,27.0,2.566,2018,3,
Groundnut,2015-16,BD4057,Meherpur,0.0,0.0,,2019,3,
Groundnut,2016-17,BD4057,Meherpur,5.0,2.0,0.988,2020,3,
Groundnut,2017-18,BD4057,Meherpur,0.0,0.0,,2021,3,
Groundnut,2018-19,BD4057,Meherpur,6.0,2.0,0.824,2021,2,
Groundnut,2019-20,BD4057,Meherpur,27.0,17.0,1.556,2022,2,
Groundnut,2020-21,BD4057,Meherpur,21.0,18.0,2.118,2023,2,
Groundnut,2021-22,BD4057,Meherpur,33.0,26.0,1.947,2024,3,
Groundnut,2022-23,BD4057,Meherpur,37.0,28.46,1.901,2025,3,
Groundnut,2023-24,BD4057,Meherpur,36.5,28.51,1.93,2025,2,
Groundnut,2024-25,BD4057,Meherpur,37.0,29.02,1.938,2025,1,
Groundnut,2013-14,BD6058,Moulvibazar,0.0,0.0,,2017,2,
Groundnut,2014-15,BD6058,Moulvibazar,23.0,11.0,1.182,2018,3,
Groundnut,2015-16,BD6058,Moulvibazar,25.0,12.0,1.186,2019,3,
Groundnut,2016-17,BD6058,Moulvibazar,27.0,481.0,44.021,2020,3,yoy-jump-gt-10x
Groundnut,2017-18,BD6058,Moulvibazar,49.0,24.0,1.21,2021,3,yoy-jump-gt-10x
Groundnut,2018-19,BD6058,Moulvibazar,48.0,21.0,1.081,2021,2,
Groundnut,2019-20,BD6058,Moulvibazar,50.0,24.0,1.186,2022,2,
Groundnut,2020-21,BD6058,Moulvibazar,45.0,31.0,1.702,2023,2,
Groundnut,2021-22,BD6058,Moulvibazar,44.0,28.22,1.585,2024,3,
Groundnut,2022-23,BD6058,Moulvibazar,47.5,30.66,1.595,2025,3,
Groundnut,2023-24,BD6058,Moulvibazar,50.28,32.21,1.583,2025,2,
Groundnut,2024-25,BD6058,Moulvibazar,51.73,33.24,1.588,2025,1,
Groundnut,2013-14,BD3059,Munshiganj,184.0,135.0,1.813,2017,2,
Groundnut,2014-15,BD3059,Munshiganj,199.0,148.0,1.838,2018,3,
Groundnut,2015-16,BD3059,Munshiganj,199.0,153.0,1.9,2019,3,
Groundnut,2016-17,BD3059,Munshiganj,189.0,113.0,1.477,2020,3,
Groundnut,2017-18,BD3059,Munshiganj,163.0,114.0,1.728,2021,3,
Groundnut,2018-19,BD3059,Munshiganj,167.0,119.0,1.761,2021,2,
Groundnut,2019-20,BD3059,Munshiganj,170.0,123.0,1.788,2022,2,
Groundnut,2020-21,BD3059,Munshiganj,154.5,113.25,1.811,2023,2,
Groundnut,2021-22,BD3059,Munshiganj,183.1,126.89,1.712,2024,3,
Groundnut,2022-23,BD3059,Munshiganj,148.9,106.45,1.767,2025,3,
Groundnut,2023-24,BD3059,Munshiganj,187.1,141.23,1.865,2025,2,
Groundnut,2024-25,BD3059,Munshiganj,179.2,135.39,1.867,2025,1,
Groundnut,2013-14,BD4561,Mymensingh,885.0,581.0,1.622,2017,2,
Groundnut,2014-15,BD4561,Mymensingh,923.0,571.0,1.529,2018,3,
Groundnut,2015-16,BD4561,Mymensingh,833.0,474.0,1.406,2019,3,
Groundnut,2016-17,BD4561,Mymensingh,835.0,503.0,1.489,2020,3,
Groundnut,2017-18,BD4561,Mymensingh,611.0,299.0,1.209,2021,3,
Groundnut,2018-19,BD4561,Mymensingh,682.0,366.0,1.326,2021,2,
Groundnut,2019-20,BD4561,Mymensingh,680.0,364.0,1.323,2022,2,
Groundnut,2020-21,BD4561,Mymensingh,687.0,389.0,1.399,2023,2,
Groundnut,2021-22,BD4561,Mymensingh,671.0,447.0,1.646,2024,3,
Groundnut,2022-23,BD4561,Mymensingh,625.0,405.0,1.601,2025,3,
Groundnut,2023-24,BD4561,Mymensingh,590.0,376.0,1.575,2025,2,
Groundnut,2024-25,BD4561,Mymensingh,585.0,373.0,1.576,2025,1,
Groundnut,2013-14,BD5064,Naogaon,37.0,19.0,1.269,2017,2,
Groundnut,2014-15,BD5064,Naogaon,27.0,15.0,1.373,2018,3,
Groundnut,2015-16,BD5064,Naogaon,49.0,29.0,1.462,2019,3,
Groundnut,2016-17,BD5064,Naogaon,185.0,127.0,1.696,2020,3,
Groundnut,2017-18,BD5064,Naogaon,288.0,192.0,1.647,2021,3,
Groundnut,2018-19,BD5064,Naogaon,285.0,195.0,1.691,2021,2,
Groundnut,2019-20,BD5064,Naogaon,301.0,206.0,1.691,2022,2,
Groundnut,2020-21,BD5064,Naogaon,807.0,229.81,0.704,2023,2,
Groundnut,2021-22,BD5064,Naogaon,568.4,414.06,1.8,2024,3,
Groundnut,2022-23,BD5064,Naogaon,713.22,539.6,1.87,2025,3,
Groundnut,2023-24,BD5064,Naogaon,716.59,550.4,1.898,2025,2,
Groundnut,2024-25,BD5064,Naogaon,689.99,540.23,1.935,2025,1,
Groundnut,2013-14,BD4065,Narail,1039.0,605.0,1.439,2017,2,
Groundnut,2014-15,BD4065,Narail,1081.0,1074.0,2.455,2018,3,
Groundnut,2015-16,BD4065,Narail,1125.0,1085.0,2.383,2019,3,
Groundnut,2016-17,BD4065,Narail,1133.0,1101.0,2.401,2020,3,
Groundnut,2017-18,BD4065,Narail,1152.0,1108.0,2.377,2021,3,
Groundnut,2018-19,BD4065,Narail,1059.0,1007.0,2.35,2021,2,
Groundnut,2019-20,BD4065,Narail,1149.0,1101.0,2.368,2022,2,
Groundnut,2020-21,BD4065,Narail,1054.0,961.0,2.253,2023,2,
Groundnut,2021-22,BD4065,Narail,1218.0,1082.35,2.196,2024,3,
Groundnut,2022-23,BD4065,Narail,1215.0,1102.04,2.241,2025,3,
Groundnut,2023-24,BD4065,Narail,1215.0,1104.96,2.247,2025,2,
Groundnut,2024-25,BD4065,Narail,1216.0,1111.66,2.259,2025,1,
Groundnut,2013-14,BD3067,Narayanganj,641.0,555.0,2.14,2017,2,
Groundnut,2014-15,BD3067,Narayanganj,571.0,351.0,1.519,2018,3,
Groundnut,2015-16,BD3067,Narayanganj,542.0,328.0,1.495,2019,3,
Groundnut,2016-17,BD3067,Narayanganj,529.0,301.0,1.406,2020,3,
Groundnut,2017-18,BD3067,Narayanganj,533.0,282.0,1.307,2021,3,
Groundnut,2018-19,BD3067,Narayanganj,525.0,273.0,1.285,2021,2,
Groundnut,2019-20,BD3067,Narayanganj,535.0,282.0,1.302,2022,2,
Groundnut,2020-21,BD3067,Narayanganj,538.15,285.09,1.309,2023,2,
Groundnut,2021-22,BD3067,Narayanganj,530.46,276.99,1.29,2024,3,
Groundnut,2022-23,BD3067,Narayanganj,523.0,271.86,1.284,2025,3,
Groundnut,2023-24,BD3067,Narayanganj,526.0,273.96,1.287,2025,2,
Groundnut,2024-25,BD3067,Narayanganj,526.68,276.38,1.297,2025,1,
Groundnut,2013-14,BD3068,Narsingdi,694.0,370.0,1.317,2017,2,
Groundnut,2014-15,BD3068,Narsingdi,689.0,348.0,1.248,2018,3,
Groundnut,2015-16,BD3068,Narsingdi,690.0,355.0,1.271,2019,3,
Groundnut,2016-17,BD3068,Narsingdi,680.0,350.0,1.272,2020,3,
Groundnut,2017-18,BD3068,Narsingdi,752.0,488.0,1.604,2021,3,
Groundnut,2018-19,BD3068,Narsingdi,640.0,332.0,1.282,2021,2,
Groundnut,2019-20,BD3068,Narsingdi,603.0,322.0,1.32,2022,2,
Groundnut,2020-21,BD3068,Narsingdi,566.0,301.0,1.314,2023,2,
Groundnut,2021-22,BD3068,Narsingdi,646.83,337.7,1.29,2024,3,
Groundnut,2022-23,BD3068,Narsingdi,656.38,338.28,1.274,2025,3,
Groundnut,2023-24,BD3068,Narsingdi,645.36,333.62,1.277,2025,2,
Groundnut,2024-25,BD3068,Narsingdi,626.32,323.83,1.278,2025,1,
Groundnut,2013-14,BD5069,Natore,224.0,91.0,1.004,2017,2,
Groundnut,2014-15,BD5069,Natore,1192.0,613.0,1.271,2018,3,
Groundnut,2015-16,BD5069,Natore,1199.0,626.0,1.29,2019,3,
Groundnut,2016-17,BD5069,Natore,1216.0,642.0,1.305,2020,3,
Groundnut,2017-18,BD5069,Natore,1226.0,653.0,1.316,2021,3,
Groundnut,2018-19,BD5069,Natore,1224.0,651.0,1.314,2021,2,
Groundnut,2019-20,BD5069,Natore,135.0,92.0,1.684,2022,2,
Groundnut,2020-21,BD5069,Natore,1182.0,570.0,1.192,2023,2,
Groundnut,2021-22,BD5069,Natore,1360.5,1232.85,2.239,2024,3,
Groundnut,2022-23,BD5069,Natore,1348.89,1206.46,2.21,2025,3,
Groundnut,2023-24,BD5069,Natore,1387.42,1293.49,2.304,2025,2,
Groundnut,2024-25,BD5069,Natore,1315.97,1234.75,2.319,2025,1,
Groundnut,2013-14,BD4572,Netrakona,181.0,176.0,2.403,2017,2,
Groundnut,2014-15,BD4572,Netrakona,193.0,188.0,2.407,2018,3,
Groundnut,2015-16,BD4572,Netrakona,161.0,166.0,2.548,2019,3,
Groundnut,2016-17,BD4572,Netrakona,173.0,178.0,2.542,2020,3,
Groundnut,2017-18,BD4572,Netrakona,185.0,181.0,2.418,2021,3,
Groundnut,2018-19,BD4572,Netrakona,187.0,186.0,2.458,2021,2,
Groundnut,2019-20,BD4572,Netrakona,150.0,97.0,1.598,2022,2,
Groundnut,2020-21,BD4572,Netrakona,313.0,253.0,1.997,2023,2,
Groundnut,2021-22,BD4572,Netrakona,295.0,308.0,2.58,2024,3,
Groundnut,2022-23,BD4572,Netrakona,286.0,306.0,2.644,2025,3,
Groundnut,2023-24,BD4572,Netrakona,358.0,394.0,2.72,2025,2,
Groundnut,2024-25,BD4572,Netrakona,374.0,422.0,2.788,2025,1,
Groundnut,2013-14,BD5573,Nilphamari,203.0,103.0,1.254,2017,2,
Groundnut,2014-15,BD5573,Nilphamari,202.0,101.0,1.236,2018,3,
Groundnut,2015-16,BD5573,Nilphamari,294.0,155.0,1.303,2019,3,
Groundnut,2016-17,BD5573,Nilphamari,312.0,166.0,1.315,2020,3,
Groundnut,2017-18,BD5573,Nilphamari,230.0,135.0,1.45,2021,3,
Groundnut,2018-19,BD5573,Nilphamari,370.0,214.0,1.429,2021,2,
Groundnut,2019-20,BD5573,Nilphamari,384.0,217.0,1.396,2022,2,
Groundnut,2020-21,BD5573,Nilphamari,340.0,207.0,1.504,2023,2,
Groundnut,2021-22,BD5573,Nilphamari,347.45,216.6,1.54,2024,3,
Groundnut,2022-23,BD5573,Nilphamari,326.24,212.04,1.606,2025,3,
Groundnut,2023-24,BD5573,Nilphamari,321.0,223.0,1.717,2025,2,
Groundnut,2024-25,BD5573,Nilphamari,320.0,223.0,1.722,2025,1,
Groundnut,2013-14,BD2075,Noakhali,6748.0,3297.0,1.207,2017,2,
Groundnut,2014-15,BD2075,Noakhali,6753.0,3304.0,1.209,2018,3,
Groundnut,2015-16,BD2075,Noakhali,6778.0,3284.0,1.197,2019,3,
Groundnut,2016-17,BD2075,Noakhali,9372.0,4394.0,1.159,2020,3,
Groundnut,2017-18,BD2075,Noakhali,9450.0,4590.0,1.2,2021,3,
Groundnut,2018-19,BD2075,Noakhali,7814.0,4171.0,1.319,2021,2,
Groundnut,2019-20,BD2075,Noakhali,7676.0,4062.0,1.308,2022,2,
Groundnut,2020-21,BD2075,Noakhali,11244.0,7607.0,1.672,2023,2,
Groundnut,2021-22,BD2075,Noakhali,17701.0,12121.51,1.692,2024,3,
Groundnut,2022-23,BD2075,Noakhali,17893.0,12443.6,1.718,2025,3,
Groundnut,2023-24,BD2075,Noakhali,18031.5,13152.53,1.802,2025,2,
Groundnut,2024-25,BD2075,Noakhali,18071.1,13185.93,1.803,2025,1,
Groundnut,2013-14,BD5076,Pabna,798.0,640.0,1.982,2017,2,
Groundnut,2014-15,BD5076,Pabna,1198.0,883.0,1.821,2018,3,
Groundnut,2015-16,BD5076,Pabna,1207.0,988.0,2.023,2019,3,
Groundnut,2016-17,BD5076,Pabna,1453.0,1202.0,2.044,2020,3,
Groundnut,2017-18,BD5076,Pabna,1467.0,1229.0,2.07,2021,3,
Groundnut,2018-19,BD5076,Pabna,1461.0,1206.0,2.04,2021,2,
Groundnut,2019-20,BD5076,Pabna,1460.0,1210.0,2.048,2022,2,
Groundnut,2020-21,BD5076,Pabna,1337.0,1153.37,2.132,2023,2,
Groundnut,2021-22,BD5076,Pabna,1368.5,1162.89,2.1,2024,3,
Groundnut,2022-23,BD5076,Pabna,1356.0,1172.5,2.137,2025,3,
Groundnut,2023-24,BD5076,Pabna,1324.0,1163.5,2.172,2025,2,
Groundnut,2024-25,BD5076,Pabna,1283.0,1144.8,2.205,2025,1,
Groundnut,2013-14,BD5577,Panchagarh,13399.0,8171.0,1.507,2017,2,
Groundnut,2014-15,BD5577,Panchagarh,17451.0,11809.0,1.672,2018,3,
Groundnut,2015-16,BD5577,Panchagarh,22403.0,15172.0,1.673,2019,3,
Groundnut,2016-17,BD5577,Panchagarh,22088.0,15036.0,1.682,2020,3,
Groundnut,2017-18,BD5577,Panchagarh,22421.0,15694.0,1.73,2021,3,
Groundnut,2018-19,BD5577,Panchagarh,22174.0,15486.0,1.726,2021,2,
Groundnut,2019-20,BD5577,Panchagarh,22625.0,15953.0,1.742,2022,2,
Groundnut,2020-21,BD5577,Panchagarh,22382.0,16882.0,1.864,2023,2,
Groundnut,2021-22,BD5577,Panchagarh,20400.0,15312.84,1.855,2024,3,
Groundnut,2022-23,BD5577,Panchagarh,20336.0,15199.33,1.847,2025,3,
Groundnut,2023-24,BD5577,Panchagarh,20975.0,15881.0,1.871,2025,2,
Groundnut,2024-25,BD5577,Panchagarh,21402.0,16671.0,1.925,2025,1,
Groundnut,2013-14,BD1078,Patuakhali,654.0,229.0,0.865,2017,2,
Groundnut,2014-15,BD1078,Patuakhali,890.0,249.0,0.691,2018,3,
Groundnut,2015-16,BD1078,Patuakhali,1187.0,474.0,0.987,2019,3,
Groundnut,2016-17,BD1078,Patuakhali,1198.0,489.0,1.009,2020,3,
Groundnut,2017-18,BD1078,Patuakhali,648.0,345.0,1.316,2021,3,
Groundnut,2018-19,BD1078,Patuakhali,650.0,370.0,1.407,2021,2,
Groundnut,2019-20,BD1078,Patuakhali,1109.0,750.0,1.671,2022,2,
Groundnut,2020-21,BD1078,Patuakhali,1204.0,499.0,1.024,2023,2,
Groundnut,2021-22,BD1078,Patuakhali,1213.0,608.0,1.239,2024,3,
Groundnut,2022-23,BD1078,Patuakhali,1230.0,519.01,1.043,2025,3,
Groundnut,2023-24,BD1078,Patuakhali,1243.0,503.0,1.0,2025,2,
Groundnut,2024-25,BD1078,Patuakhali,12881.0,7030.0,1.349,2025,1,yoy-jump-gt-10x
Groundnut,2013-14,BD1079,Pirojpur,38.0,20.0,1.301,2017,2,
Groundnut,2014-15,BD1079,Pirojpur,9.0,5.0,1.373,2018,3,
Groundnut,2015-16,BD1079,Pirojpur,10.0,6.0,1.483,2019,3,
Groundnut,2016-17,BD1079,Pirojpur,12.0,8.0,1.647,2020,3,
Groundnut,2017-18,BD1079,Pirojpur,13.0,9.0,1.711,2021,3,
Groundnut,2018-19,BD1079,Pirojpur,12.0,9.0,1.853,2021,2,
Groundnut,2019-20,BD1079,Pirojpur,13.0,9.0,1.711,2022,2,
Groundnut,2020-21,BD1079,Pirojpur,13.0,9.0,1.711,2023,2,
Groundnut,2021-22,BD1079,Pirojpur,12.0,7.0,1.441,2024,3,
Groundnut,2022-23,BD1079,Pirojpur,15.0,10.0,1.647,2025,3,
Groundnut,2023-24,BD1079,Pirojpur,15.0,10.0,1.647,2025,2,
Groundnut,2024-25,BD1079,Pirojpur,16.0,11.0,1.699,2025,1,
Groundnut,2013-14,BD3082,Rajbari,676.0,909.0,3.323,2017,2,
Groundnut,2014-15,BD3082,Rajbari,437.0,561.0,3.172,2018,3,
Groundnut,2015-16,BD3082,Rajbari,910.0,916.0,2.487,2019,3,
Groundnut,2016-17,BD3082,Rajbari,886.0,876.0,2.443,2020,3,
Groundnut,2017-18,BD3082,Rajbari,889.0,847.0,2.354,2021,3,
Groundnut,2018-19,BD3082,Rajbari,875.0,810.0,2.287,2021,2,
Groundnut,2019-20,BD3082,Rajbari,876.0,887.0,2.502,2022,2,
Groundnut,2020-21,BD3082,Rajbari,839.0,866.0,2.551,2023,2,
Groundnut,2021-22,BD3082,Rajbari,813.0,882.0,2.681,2024,3,
Groundnut,2022-23,BD3082,Rajbari,864.0,625.85,1.79,2025,3,
Groundnut,2023-24,BD3082,Rajbari,860.0,653.87,1.879,2025,2,
Groundnut,2024-25,BD3082,Rajbari,710.0,531.4,1.849,2025,1,
Groundnut,2013-14,BD5081,Rajshahi,231.0,184.0,1.968,2017,2,
Groundnut,2014-15,BD5081,Rajshahi,210.0,186.0,2.189,2018,3,
Groundnut,2015-16,BD5081,Rajshahi,188.0,152.0,1.998,2019,3,
Groundnut,2016-17,BD5081,Rajshahi,217.0,176.0,2.004,2020,3,
Groundnut,2017-18,BD5081,Rajshahi,256.0,229.0,2.21,2021,3,
Groundnut,2018-19,BD5081,Rajshahi,278.0,239.0,2.124,2021,2,
Groundnut,2019-20,BD5081,Rajshahi,524.0,447.0,2.108,2022,2,
Groundnut,2020-21,BD5081,Rajshahi,733.64,634.32,2.137,2023,2,
Groundnut,2021-22,BD5081,Rajshahi,745.37,655.5,2.173,2024,3,
Groundnut,2022-23,BD5081,Rajshahi,762.32,675.84,2.191,2025,3,
Groundnut,2023-24,BD5081,Rajshahi,771.23,684.32,2.193,2025,2,
Groundnut,2024-25,BD5081,Rajshahi,770.85,678.85,2.176,2025,1,
Groundnut,2013-14,BD2084,Rangamati,67.0,34.0,1.254,2017,2,
Groundnut,2014-15,BD2084,Rangamati,64.0,31.0,1.197,2018,3,
Groundnut,2015-16,BD2084,Rangamati,67.0,34.0,1.254,2019,3,
Groundnut,2016-17,BD2084,Rangamati,77.0,46.0,1.476,2020,3,
Groundnut,2017-18,BD2084,Rangamati,52.0,30.0,1.426,2021,3,
Groundnut,2018-19,BD2084,Rangamati,91.0,58.0,1.575,2021,2,
Groundnut,2019-20,BD2084,Rangamati,90.0,59.0,1.62,2022,2,
Groundnut,2020-21,BD2084,Rangamati,546.92,54.87,0.248,2023,2,
Groundnut,2021-22,BD2084,Rangamati,82.4,64.01,1.92,2024,3,
Groundnut,2022-23,BD2084,Rangamati,66.95,64.57,2.383,2025,3,
Groundnut,2023-24,BD2084,Rangamati,57.6,57.81,2.48,2025,2,
Groundnut,2024-25,BD2084,Rangamati,57.81,58.04,2.481,2025,1,
Groundnut,2013-14,BD5585,Rangpur,186.0,123.0,1.634,2017,2,
Groundnut,2014-15,BD5585,Rangpur,174.0,126.0,1.789,2018,3,
Groundnut,2015-16,BD5585,Rangpur,229.0,150.0,1.619,2019,3,
Groundnut,2016-17,BD5585,Rangpur,214.0,143.0,1.651,2020,3,
Groundnut,2017-18,BD5585,Rangpur,218.0,130.0,1.474,2021,3,
Groundnut,2018-19,BD5585,Rangpur,231.0,182.0,1.947,2021,2,
Groundnut,2019-20,BD5585,Rangpur,204.0,156.0,1.89,2022,2,
Groundnut,2020-21,BD5585,Rangpur,275.0,210.0,1.887,2023,2,
Groundnut,2021-22,BD5585,Rangpur,270.0,207.0,1.894,2024,3,
Groundnut,2022-23,BD5585,Rangpur,276.0,216.0,1.934,2025,3,
Groundnut,2023-24,BD5585,Rangpur,301.0,234.0,1.921,2025,2,
Groundnut,2024-25,BD5585,Rangpur,310.0,238.0,1.897,2025,1,
Groundnut,2013-14,BD4087,Satkhira,0.0,0.0,,2017,2,
Groundnut,2014-15,BD4087,Satkhira,0.0,0.0,,2018,3,
Groundnut,2015-16,BD4087,Satkhira,0.0,0.0,,2019,3,
Groundnut,2016-17,BD4087,Satkhira,0.0,0.0,,2020,3,
Groundnut,2017-18,BD4087,Satkhira,0.0,0.0,,2021,3,
Groundnut,2018-19,BD4087,Satkhira,0.0,0.0,,2021,2,
Groundnut,2019-20,BD4087,Satkhira,0.0,0.0,,2022,2,
Groundnut,2020-21,BD4087,Satkhira,0.0,0.0,,2023,2,
Groundnut,2021-22,BD4087,Satkhira,0.0,0.0,,2024,3,
Groundnut,2022-23,BD4087,Satkhira,0.0,0.0,,2025,3,
Groundnut,2023-24,BD4087,Satkhira,0.0,0.0,,2025,2,
Groundnut,2024-25,BD4087,Satkhira,0.0,0.0,,2025,1,
Groundnut,2013-14,BD3086,Shariatpur,561.0,2494.0,10.985,2017,2,
Groundnut,2014-15,BD3086,Shariatpur,745.0,2418.0,8.02,2018,3,
Groundnut,2015-16,BD3086,Shariatpur,741.0,905.0,3.018,2019,3,
Groundnut,2016-17,BD3086,Shariatpur,661.0,661.0,2.471,2020,3,
Groundnut,2017-18,BD3086,Shariatpur,668.0,666.0,2.464,2021,3,
Groundnut,2018-19,BD3086,Shariatpur,538.0,508.0,2.333,2021,2,
Groundnut,2019-20,BD3086,Shariatpur,672.0,678.0,2.493,2022,2,
Groundnut,2020-21,BD3086,Shariatpur,652.0,679.0,2.573,2023,2,
Groundnut,2021-22,BD3086,Shariatpur,656.5,707.0,2.661,2024,3,
Groundnut,2022-23,BD3086,Shariatpur,651.0,714.5,2.712,2025,3,
Groundnut,2023-24,BD3086,Shariatpur,656.5,733.0,2.759,2025,2,
Groundnut,2024-25,BD3086,Shariatpur,662.12,730.0,2.724,2025,1,
Groundnut,2013-14,BD4589,Sherpur,117.0,107.0,2.26,2017,2,
Groundnut,2014-15,BD4589,Sherpur,109.0,99.0,2.244,2018,3,
Groundnut,2015-16,BD4589,Sherpur,116.0,106.0,2.258,2019,3,
Groundnut,2016-17,BD4589,Sherpur,105.0,116.0,2.73,2020,3,
Groundnut,2017-18,BD4589,Sherpur,0.0,0.0,,2021,3,
Groundnut,2018-19,BD4589,Sherpur,119.0,112.0,2.326,2021,2,
Groundnut,2019-20,BD4589,Sherpur,110.0,105.0,2.359,2022,2,
Groundnut,2020-21,BD4589,Sherpur,165.0,237.0,3.549,2023,2,
Groundnut,2021-22,BD4589,Sherpur,158.0,224.0,3.503,2024,3,
Groundnut,2022-23,BD4589,Sherpur,117.0,120.0,2.534,2025,3,
Groundnut,2023-24,BD4589,Sherpur,92.0,96.0,2.578,2025,2,
Groundnut,2024-25,BD4589,Sherpur,100.0,110.0,2.718,2025,1,
Groundnut,2013-14,BD5088,Sirajganj,1579.0,972.0,1.521,2017,2,
Groundnut,2014-15,BD5088,Sirajganj,1550.0,1061.0,1.691,2018,3,
Groundnut,2015-16,BD5088,Sirajganj,1558.0,983.0,1.559,2019,3,
Groundnut,2016-17,BD5088,Sirajganj,2285.0,1539.0,1.664,2020,3,
Groundnut,2017-18,BD5088,Sirajganj,1141.0,836.0,1.811,2021,3,
Groundnut,2018-19,BD5088,Sirajganj,3177.0,2205.0,1.715,2021,2,
Groundnut,2019-20,BD5088,Sirajganj,3244.0,2231.0,1.699,2022,2,
Groundnut,2020-21,BD5088,Sirajganj,3315.2,2507.82,1.869,2023,2,
Groundnut,2021-22,BD5088,Sirajganj,3500.98,2685.59,1.896,2024,3,
Groundnut,2022-23,BD5088,Sirajganj,3372.8,2713.5,1.988,2025,3,
Groundnut,2023-24,BD5088,Sirajganj,3426.6,2706.97,1.952,2025,2,
Groundnut,2024-25,BD5088,Sirajganj,3432.19,2869.76,2.066,2025,1,
Groundnut,2013-14,BD6090,Sunamganj,1097.0,666.0,1.5,2017,2,
Groundnut,2014-15,BD6090,Sunamganj,2434.0,1757.0,1.784,2018,3,
Groundnut,2015-16,BD6090,Sunamganj,2524.0,1774.0,1.737,2019,3,
Groundnut,2016-17,BD6090,Sunamganj,2492.0,859.0,0.852,2020,3,
Groundnut,2017-18,BD6090,Sunamganj,2501.0,1867.0,1.845,2021,3,
Groundnut,2018-19,BD6090,Sunamganj,2502.0,1876.0,1.853,2021,2,
Groundnut,2019-20,BD6090,Sunamganj,2399.0,1852.0,1.908,2022,2,
Groundnut,2020-21,BD6090,Sunamganj,3104.0,2289.0,1.822,2023,2,
Groundnut,2021-22,BD6090,Sunamganj,2899.0,2169.0,1.849,2024,3,
Groundnut,2022-23,BD6090,Sunamganj,2826.0,2048.0,1.791,2025,3,
Groundnut,2023-24,BD6090,Sunamganj,2817.0,2040.0,1.789,2025,2,
Groundnut,2024-25,BD6090,Sunamganj,2801.0,2029.0,1.79,2025,1,
Groundnut,2013-14,BD6091,Sylhet,57.0,26.0,1.127,2017,2,
Groundnut,2014-15,BD6091,Sylhet,36.0,31.0,2.128,2018,3,
Groundnut,2015-16,BD6091,Sylhet,31.0,25.0,1.993,2019,3,
Groundnut,2016-17,BD6091,Sylhet,32.0,844.0,65.174,2020,3,yoy-jump-gt-10x
Groundnut,2017-18,BD6091,Sylhet,43.0,35.0,2.011,2021,3,yoy-jump-gt-10x
Groundnut,2018-19,BD6091,Sylhet,42.0,32.0,1.883,2021,2,
Groundnut,2019-20,BD6091,Sylhet,43.0,43.0,2.471,2022,2,
Groundnut,2020-21,BD6091,Sylhet,23.0,22.2,2.385,2023,2,
Groundnut,2021-22,BD6091,Sylhet,27.2,29.0,2.635,2024,3,
Groundnut,2022-23,BD6091,Sylhet,31.4,33.02,2.599,2025,3,
Groundnut,2023-24,BD6091,Sylhet,30.25,22.2,1.813,2025,2,
Groundnut,2024-25,BD6091,Sylhet,31.0,23.75,1.893,2025,1,
Groundnut,2013-14,BD3093,Tangail,3098.0,1654.0,1.319,2017,2,
Groundnut,2014-15,BD3093,Tangail,3145.0,1741.0,1.368,2018,3,
Groundnut,2015-16,BD3093,Tangail,3203.0,1799.0,1.388,2019,3,
Groundnut,2016-17,BD3093,Tangail,3226.0,1812.0,1.388,2020,3,
Groundnut,2017-18,BD3093,Tangail,3172.0,1773.0,1.381,2021,3,
Groundnut,2018-19,BD3093,Tangail,3005.0,1672.0,1.375,2021,2,
Groundnut,2019-20,BD3093,Tangail,3009.0,1701.0,1.397,2022,2,
Groundnut,2020-21,BD3093,Tangail,3013.0,1760.64,1.444,2023,2,
Groundnut,2021-22,BD3093,Tangail,2912.8,1630.47,1.383,2024,3,
Groundnut,2022-23,BD3093,Tangail,2864.35,1580.35,1.363,2025,3,
Groundnut,2023-24,BD3093,Tangail,2822.25,1508.5,1.321,2025,2,
Groundnut,2024-25,BD3093,Tangail,2796.1,1483.23,1.311,2025,1,
Groundnut,2013-14,BD5594,Thakurgaon,57.0,34.0,1.474,2017,2,
Groundnut,2014-15,BD5594,Thakurgaon,138.0,87.0,1.558,2018,3,
Groundnut,2015-16,BD5594,Thakurgaon,132.0,84.0,1.572,2019,3,
Groundnut,2016-17,BD5594,Thakurgaon,137.0,79.0,1.425,2020,3,
Groundnut,2017-18,BD5594,Thakurgaon,59.0,28.0,1.173,2021,3,
Groundnut,2018-19,BD5594,Thakurgaon,145.0,79.0,1.346,2021,2,
Groundnut,2019-20,BD5594,Thakurgaon,143.0,78.0,1.348,2022,2,
Groundnut,2020-21,BD5594,Thakurgaon,141.0,77.0,1.349,2023,2,
Groundnut,2021-22,BD5594,Thakurgaon,145.0,78.4,1.336,2024,3,
Groundnut,2022-23,BD5594,Thakurgaon,152.0,83.57,1.359,2025,3,
Groundnut,2023-24,BD5594,Thakurgaon,151.0,82.0,1.342,2025,2,
Groundnut,2024-25,BD5594,Thakurgaon,152.0,100.0,1.626,2025,1,
Jute,2013-14,BD4001,Bagerhat,3510.0,2445.4,1.722,2016,1,
Jute,2014-15,BD4001,Bagerhat,3157.0,2474.5,1.937,2017,2,
Jute,2015-16,BD4001,Bagerhat,2921.0,2310.8,1.955,2018,2,
Jute,2016-17,BD4001,Bagerhat,2887.0,2299.6,1.968,2018,1,
Jute,2017-18,BD4001,Bagerhat,2887.0,2299.6,1.968,2019,1,
Jute,2018-19,BD4001,Bagerhat,2723.0,12063.0,10.947,2021,2,
Jute,2019-20,BD4001,Bagerhat,3404.0,16882.0,12.255,2021,1,
Jute,2020-21,BD4001,Bagerhat,3603.0,3314.7,2.273,2022,1,
Jute,2021-22,BD4001,Bagerhat,3979.0,3631.3,2.255,2023,1,
Jute,2022-23,BD4001,Bagerhat,4656.0,3734.0,1.982,2024,2,
Jute,2023-24,BD4001,Bagerhat,4714.0,4490.5,2.354,2025,2,
Jute,2024-25,BD4001,Bagerhat,4623.0,3430.7,1.834,2025,1,
Jute,2013-14,BD2003,Bandarban,0.0,0.0,,2016,1,
Jute,2014-15,BD2003,Bandarban,0.0,0.0,,2017,2,
Jute,2015-16,BD2003,Bandarban,0.0,0.0,,2018,2,
Jute,2016-17,BD2003,Bandarban,0.0,0.0,,2018,1,
Jute,2017-18,BD2003,Bandarban,0.0,0.0,,2019,1,
Jute,2018-19,BD2003,Bandarban,0.0,0.0,,2021,2,
Jute,2019-20,BD2003,Bandarban,0.0,0.0,,2021,1,
Jute,2020-21,BD2003,Bandarban,0.0,0.0,,2022,1,
Jute,2021-22,BD2003,Bandarban,0.0,0.0,,2023,1,
Jute,2022-23,BD2003,Bandarban,0.0,0.0,,2024,2,
Jute,2023-24,BD2003,Bandarban,0.0,0.0,,2025,2,
Jute,2024-25,BD2003,Bandarban,0.0,0.0,,2025,1,
Jute,2013-14,BD1004,Barguna,0.0,0.0,,2016,1,
Jute,2014-15,BD1004,Barguna,0.0,0.0,,2017,2,
Jute,2015-16,BD1004,Barguna,0.0,0.0,,2018,2,
Jute,2016-17,BD1004,Barguna,0.0,0.0,,2018,1,
Jute,2017-18,BD1004,Barguna,0.0,0.0,,2019,1,
Jute,2018-19,BD1004,Barguna,0.0,0.0,,2021,2,
Jute,2019-20,BD1004,Barguna,0.0,0.0,,2021,1,
Jute,2020-21,BD1004,Barguna,0.0,0.0,,2022,1,
Jute,2021-22,BD1004,Barguna,32045.0,16861.4,1.3,2023,1,
Jute,2022-23,BD1004,Barguna,0.0,0.0,,2024,2,
Jute,2023-24,BD1004,Barguna,0.0,0.0,,2025,2,
Jute,2024-25,BD1004,Barguna,0.0,0.0,,2025,1,
Jute,2013-14,BD1006,Barishal,13060.0,8269.9,1.565,2016,1,
Jute,2014-15,BD1006,Barishal,12885.0,8603.3,1.65,2017,2,
Jute,2015-16,BD1006,Barishal,12972.0,10897.3,2.076,2018,2,
Jute,2016-17,BD1006,Barishal,19583.0,15953.7,2.013,2018,1,
Jute,2017-18,BD1006,Barishal,19583.0,15953.7,2.013,2019,1,
Jute,2018-19,BD1006,Barishal,26735.0,84215.0,7.784,2021,2,
Jute,2019-20,BD1006,Barishal,33246.0,84777.0,6.301,2021,1,
Jute,2020-21,BD1006,Barishal,33909.0,14827.5,1.081,2022,1,
Jute,2021-22,BD1006,Barishal,0.0,0.0,,2023,1,
Jute,2022-23,BD1006,Barishal,27600.0,21032.5,1.883,2024,2,
Jute,2023-24,BD1006,Barishal,27589.0,26230.1,2.349,2025,2,
Jute,2024-25,BD1006,Barishal,23981.0,20493.8,2.112,2025,1,
Jute,2013-14,BD1009,Bhola,0.0,0.0,,2016,1,
Jute,2014-15,BD1009,Bhola,0.0,0.0,,2017,2,
Jute,2015-16,BD1009,Bhola,0.0,0.0,,2018,2,
Jute,2016-17,BD1009,Bhola,0.0,0.0,,2018,1,
Jute,2017-18,BD1009,Bhola,0.0,0.0,,2019,1,
Jute,2018-19,BD1009,Bhola,0.0,0.0,,2021,2,
Jute,2019-20,BD1009,Bhola,0.0,0.0,,2021,1,
Jute,2020-21,BD1009,Bhola,0.0,0.0,,2022,1,
Jute,2021-22,BD1009,Bhola,0.0,0.0,,2023,1,
Jute,2022-23,BD1009,Bhola,0.0,0.0,,2024,2,
Jute,2023-24,BD1009,Bhola,0.0,0.0,,2025,2,
Jute,2024-25,BD1009,Bhola,0.0,0.0,,2025,1,
Jute,2013-14,BD5010,Bogura,36321.0,32093.7,2.183,2016,1,
Jute,2014-15,BD5010,Bogura,40639.0,34655.6,2.107,2017,2,
Jute,2015-16,BD5010,Bogura,36969.0,34678.6,2.318,2018,2,
Jute,2016-17,BD5010,Bogura,34082.0,32032.3,2.322,2018,1,
Jute,2017-18,BD5010,Bogura,34082.0,32032.3,2.322,2019,1,
Jute,2018-19,BD5010,Bogura,17508.0,88065.0,12.429,2021,2,
Jute,2019-20,BD5010,Bogura,25333.0,136040.0,13.27,2021,1,
Jute,2020-21,BD5010,Bogura,18175.0,18037.9,2.452,2022,1,
Jute,2021-22,BD5010,Bogura,29596.0,27870.1,2.327,2023,1,
Jute,2022-23,BD5010,Bogura,29825.0,25975.0,2.152,2024,2,
Jute,2023-24,BD5010,Bogura,26923.0,26280.9,2.412,2025,2,
Jute,2024-25,BD5010,Bogura,19152.0,18834.2,2.43,2025,1,
Jute,2013-14,BD2012,Brahmanbaria,8082.0,6584.1,2.013,2016,1,
Jute,2014-15,BD2012,Brahmanbaria,8982.0,7252.2,1.995,2017,2,
Jute,2015-16,BD2012,Brahmanbaria,7582.0,6699.5,2.183,2018,2,
Jute,2016-17,BD2012,Brahmanbaria,7443.0,6590.3,2.188,2018,1,
Jute,2017-18,BD2012,Brahmanbaria,7443.0,6590.3,2.188,2019,1,
Jute,2018-19,BD2012,Brahmanbaria,6883.0,33383.0,11.985,2021,2,
Jute,2019-20,BD2012,Brahmanbaria,6081.0,35999.0,14.628,2021,1,
Jute,2020-21,BD2012,Brahmanbaria,5559.0,5375.5,2.389,2022,1,
Jute,2021-22,BD2012,Brahmanbaria,6134.0,5954.3,2.399,2023,1,
Jute,2022-23,BD2012,Brahmanbaria,6977.0,6190.4,2.192,2024,2,
Jute,2023-24,BD2012,Brahmanbaria,10203.0,10089.7,2.444,2025,2,
Jute,2024-25,BD2012,Brahmanbaria,9496.0,8924.9,2.322,2025,1,
Jute,2013-14,BD2013,Chandpur,10718.0,7798.1,1.798,2016,1,
Jute,2014-15,BD2013,Chandpur,11075.0,8258.8,1.843,2017,2,
Jute,2015-16,BD2013,Chandpur,10496.0,7865.1,1.852,2018,2,
Jute,2016-17,BD2013,Chandpur,10617.0,7994.4,1.861,2018,1,
Jute,2017-18,BD2013,Chandpur,10617.0,7994.4,1.861,2019,1,
Jute,2018-19,BD2013,Chandpur,9700.0,35017.0,8.92,2021,2,
Jute,2019-20,BD2013,Chandpur,10100.0,40096.0,9.81,2021,1,
Jute,2020-21,BD2013,Chandpur,12001.0,8557.4,1.762,2022,1,
Jute,2021-22,BD2013,Chandpur,10656.0,7830.4,1.816,2023,1,
Jute,2022-23,BD2013,Chandpur,10046.0,8384.7,2.062,2024,2,
Jute,2023-24,BD2013,Chandpur,9565.0,9909.5,2.56,2025,2,
Jute,2024-25,BD2013,Chandpur,9549.0,9563.7,2.475,2025,1,
Jute,2013-14,BD5070,Chapainababganj,999.0,850.0,2.102,2016,1,
Jute,2014-15,BD5070,Chapainababganj,1236.0,865.8,1.731,2017,2,
Jute,2015-16,BD5070,Chapainababganj,1048.0,758.8,1.789,2018,2,
Jute,2016-17,BD5070,Chapainababganj,2070.0,1502.3,1.793,2018,1,
Jute,2017-18,BD5070,Chapainababganj,2070.0,1502.3,1.793,2019,1,
Jute,2018-19,BD5070,Chapainababganj,2714.0,13461.0,12.256,2021,2,
Jute,2019-20,BD5070,Chapainababganj,2726.0,13494.0,12.232,2021,1,
Jute,2020-21,BD5070,Chapainababganj,3099.0,2822.7,2.251,2022,1,
Jute,2021-22,BD5070,Chapainababganj,4477.0,4443.3,2.452,2023,1,
Jute,2022-23,BD5070,Chapainababganj,5248.0,5227.6,2.461,2024,2,
Jute,2023-24,BD5070,Chapainababganj,6116.0,6458.4,2.609,2025,2,
Jute,2024-25,BD5070,Chapainababganj,5646.0,5224.6,2.287,2025,1,
Jute,2013-14,BD2015,Chattogram,0.0,0.0,,2016,1,
Jute,2014-15,BD2015,Chattogram,0.0,0.0,,2016,1,
Jute,2017-18,BD2015,Chattogram,0.0,0.0,,2019,1,
Jute,2018-19,BD2015,Chattogram,0.0,0.0,,2021,2,
Jute,2019-20,BD2015,Chattogram,0.0,0.0,,2021,1,
Jute,2020-21,BD2015,Chattogram,0.0,0.0,,2022,1,
Jute,2021-22,BD2015,Chattogram,0.0,0.0,,2023,1,
Jute,2022-23,BD2015,Chattogram,0.0,0.0,,2024,2,
Jute,2023-24,BD2015,Chattogram,0.0,0.0,,2025,2,
Jute,2024-25,BD2015,Chattogram,0.0,0.0,,2025,1,
Jute,2013-14,BD4018,Chuadanga,46567.0,45963.1,2.439,2016,1,
Jute,2014-15,BD4018,Chuadanga,46012.0,43495.3,2.336,2017,2,
Jute,2015-16,BD4018,Chuadanga,47439.0,44930.4,2.34,2018,2,
Jute,2016-17,BD4018,Chuadanga,59114.0,56095.1,2.345,2018,1,
Jute,2017-18,BD4018,Chuadanga,59114.0,56095.1,2.345,2019,1,
Jute,2018-19,BD4018,Chuadanga,56909.0,298772.0,12.973,2021,2,
Jute,2019-20,BD4018,Chuadanga,40729.0,261073.0,15.839,2021,1,
Jute,2020-21,BD4018,Chuadanga,43540.0,44792.5,2.542,2022,1,
Jute,2021-22,BD4018,Chuadanga,54536.0,51553.1,2.336,2023,1,
Jute,2022-23,BD4018,Chuadanga,46970.0,37071.8,1.95,2024,2,
Jute,2023-24,BD4018,Chuadanga,44245.0,44955.8,2.511,2025,2,
Jute,2024-25,BD4018,Chuadanga,38424.0,37437.8,2.408,2025,1,
Jute,2013-14,BD2022,Cox's Bazar,0.0,0.0,,2016,1,
Jute,2014-15,BD2022,Cox's Bazar,0.0,0.0,,2016,1,
Jute,2018-19,BD2022,Cox's Bazar,0.0,0.0,,2021,1,
Jute,2019-20,BD2022,Cox's Bazar,0.0,0.0,,2021,1,
Jute,2020-21,BD2022,Cox's Bazar,0.0,0.0,,2022,1,
Jute,2021-22,BD2022,Cox's Bazar,0.0,0.0,,2023,1,
Jute,2022-23,BD2022,Cox's Bazar,0.0,0.0,,2024,2,
Jute,2023-24,BD2022,Cox's Bazar,0.0,0.0,,2025,2,
Jute,2024-25,BD2022,Cox's Bazar,0.0,0.0,,2025,1,
Jute,2013-14,BD2019,Cumilla,2572.0,1628.6,1.565,2016,1,
Jute,2014-15,BD2019,Cumilla,2817.0,2085.3,1.829,2017,2,
Jute,2015-16,BD2019,Cumilla,2321.0,1751.8,1.865,2018,2,
Jute,2016-17,BD2019,Cumilla,1064.0,733.6,1.704,2018,1,
Jute,2017-18,BD2019,Cumilla,1064.0,733.6,1.704,2019,1,
Jute,2018-19,BD2019,Cumilla,1075.0,4171.0,9.588,2021,2,
Jute,2019-20,BD2019,Cumilla,830.0,3335.0,9.929,2021,1,
Jute,2020-21,BD2019,Cumilla,818.0,648.8,1.96,2022,1,
Jute,2021-22,BD2019,Cumilla,735.0,694.7,2.336,2023,1,
Jute,2022-23,BD2019,Cumilla,718.0,680.0,2.34,2024,2,
Jute,2023-24,BD2019,Cumilla,706.0,764.6,2.676,2025,2,
Jute,2024-25,BD2019,Cumilla,709.0,711.4,2.479,2025,1,
Jute,2013-14,BD3026,Dhaka,13773.0,9471.2,1.699,2016,1,
Jute,2014-15,BD3026,Dhaka,13670.0,10566.0,1.91,2017,2,
Jute,2015-16,BD3026,Dhaka,13214.0,9829.9,1.838,2018,2,
Jute,2016-17,BD3026,Dhaka,13380.0,9904.8,1.829,2018,1,
Jute,2017-18,BD3026,Dhaka,13380.0,9904.8,1.829,2019,1,
Jute,2018-19,BD3026,Dhaka,12062.0,49695.0,10.181,2021,2,
Jute,2019-20,BD3026,Dhaka,9673.0,39851.0,10.18,2021,1,
Jute,2020-21,BD3026,Dhaka,7754.0,6204.0,1.977,2022,1,
Jute,2021-22,BD3026,Dhaka,7570.0,6098.0,1.991,2023,1,
Jute,2022-23,BD3026,Dhaka,7399.0,5960.7,1.991,2024,2,
Jute,2023-24,BD3026,Dhaka,7148.0,6938.8,2.399,2025,2,
Jute,2024-25,BD3026,Dhaka,7116.0,6558.9,2.278,2025,1,
Jute,2013-14,BD5527,Dinajpur,22389.0,19620.7,2.166,2016,1,
Jute,2014-15,BD5527,Dinajpur,21668.0,17888.0,2.04,2017,2,
Jute,2015-16,BD5527,Dinajpur,21986.0,18948.5,2.13,2018,2,
Jute,2016-17,BD5527,Dinajpur,25267.0,21822.0,2.134,2018,1,
Jute,2017-18,BD5527,Dinajpur,25267.0,21822.0,2.134,2019,1,
Jute,2018-19,BD5527,Dinajpur,22690.0,96206.0,10.477,2021,2,
Jute,2019-20,BD5527,Dinajpur,10804.0,55857.0,12.775,2021,1,
Jute,2020-21,BD5527,Dinajpur,9383.0,8767.5,2.309,2022,1,
Jute,2021-22,BD5527,Dinajpur,9822.0,9801.6,2.466,2023,1,
Jute,2022-23,BD5527,Dinajpur,9905.0,8356.8,2.085,2024,2,
Jute,2023-24,BD5527,Dinajpur,9651.0,8580.3,2.197,2025,2,
Jute,2024-25,BD5527,Dinajpur,9430.0,8572.0,2.246,2025,1,
Jute,2013-14,BD3029,Faridpur,176626.0,131072.3,1.834,2016,1,
Jute,2014-15,BD3029,Faridpur,178731.0,133282.9,1.843,2017,2,
Jute,2015-16,BD3029,Faridpur,181960.0,132059.3,1.793,2018,2,
Jute,2016-17,BD3029,Faridpur,190556.0,138989.4,1.802,2018,1,
Jute,2017-18,BD3029,Faridpur,190556.0,138989.4,1.802,2019,1,
Jute,2018-19,BD3029,Faridpur,199011.0,831866.0,10.329,2021,2,
Jute,2019-20,BD3029,Faridpur,203175.0,891938.0,10.848,2021,1,
Jute,2020-21,BD3029,Faridpur,209824.0,134008.0,1.578,2022,1,
Jute,2021-22,BD3029,Faridpur,210405.0,143159.4,1.681,2023,1,
Jute,2022-23,BD3029,Faridpur,215625.0,179965.8,2.062,2024,2,
Jute,2023-24,BD3029,Faridpur,215561.0,224499.3,2.574,2025,2,
Jute,2024-25,BD3029,Faridpur,216818.0,215580.3,2.457,2025,1,
Jute,2013-14,BD2030,Feni,0.0,0.0,,2016,1,
Jute,2014-15,BD2030,Feni,0.0,0.0,,2017,2,
Jute,2015-16,BD2030,Feni,0.0,0.0,,2018,2,
Jute,2016-17,BD2030,Feni,0.0,0.0,,2018,1,
Jute,2017-18,BD2030,Feni,0.0,0.0,,2019,1,
Jute,2018-19,BD2030,Feni,0.0,0.0,,2021,2,
Jute,2019-20,BD2030,Feni,0.0,0.0,,2021,1,
Jute,2020-21,BD2030,Feni,0.0,0.0,,2022,1,
Jute,2021-22,BD2030,Feni,0.0,0.0,,2023,1,
Jute,2022-23,BD2030,Feni,0.0,0.0,,2024,2,
Jute,2023-24,BD2030,Feni,0.0,0.0,,2025,2,
Jute,2024-25,BD2030,Feni,0.0,0.0,,2025,1,
Jute,2013-14,BD5532,Gaibandha,25659.0,23045.1,2.219,2016,1,
Jute,2014-15,BD5532,Gaibandha,30181.0,26668.2,2.183,2017,2,
Jute,2015-16,BD5532,Gaibandha,32360.0,29357.0,2.242,2018,2,
Jute,2016-17,BD5532,Gaibandha,33551.0,29950.5,2.206,2018,1,
Jute,2017-18,BD5532,Gaibandha,33551.0,29950.5,2.206,2019,1,
Jute,2018-19,BD5532,Gaibandha,32048.0,159599.0,12.306,2021,2,
Jute,2019-20,BD5532,Gaibandha,29593.0,155067.0,12.948,2021,1,
Jute,2020-21,BD5532,Gaibandha,32621.0,25628.2,1.941,2022,1,
Jute,2021-22,BD5532,Gaibandha,36939.0,33444.1,2.237,2023,1,
Jute,2022-23,BD5532,Gaibandha,37227.0,31003.0,2.058,2024,2,
Jute,2023-24,BD5532,Gaibandha,35012.0,32398.1,2.287,2025,2,
Jute,2024-25,BD5532,Gaibandha,31812.0,27474.6,2.134,2025,1,
Jute,2013-14,BD3033,Gazipur,3488.0,2442.9,1.731,2016,1,
Jute,2014-15,BD3033,Gazipur,3292.0,2245.9,1.686,2017,2,
Jute,2015-16,BD3033,Gazipur,3938.0,2586.6,1.623,2018,2,
Jute,2016-17,BD3033,Gazipur,1781.0,1173.0,1.627,2018,1,
Jute,2017-18,BD3033,Gazipur,1781.0,1173.0,1.627,2019,1,
Jute,2018-19,BD3033,Gazipur,3923.0,16477.0,10.379,2021,2,yoy-jump-gt-10x
Jute,2019-20,BD3033,Gazipur,3604.0,14670.0,10.058,2021,1,
Jute,2020-21,BD3033,Gazipur,3712.0,2343.8,1.56,2022,1,
Jute,2021-22,BD3033,Gazipur,3582.0,2443.6,1.686,2023,1,
Jute,2022-23,BD3033,Gazipur,2234.0,1556.6,1.722,2024,2,
Jute,2023-24,BD3033,Gazipur,2296.0,1941.4,2.089,2025,2,
Jute,2024-25,BD3033,Gazipur,2246.0,1568.9,1.726,2025,1,
Jute,2013-14,BD3035,Gopalganj,55006.0,47007.1,2.112,2016,1,
Jute,2014-15,BD3035,Gopalganj,54237.0,42118.4,1.919,2017,2,
Jute,2015-16,BD3035,Gopalganj,57308.0,39096.3,1.686,2018,2,
Jute,2016-17,BD3035,Gopalganj,60367.0,41402.2,1.695,2018,1,
Jute,2017-18,BD3035,Gopalganj,60367.0,41402.2,1.695,2019,1,
Jute,2018-19,BD3035,Gopalganj,61079.0,254089.0,10.28,2021,2,
Jute,2019-20,BD3035,Gopalganj,78265.0,299755.0,9.464,2021,1,
Jute,2020-21,BD3035,Gopalganj,59408.0,58853.3,2.448,2022,1,
Jute,2021-22,BD3035,Gopalganj,60794.0,54931.7,2.233,2023,1,
Jute,2022-23,BD3035,Gopalganj,58249.0,50729.7,2.152,2024,2,
Jute,2023-24,BD3035,Gopalganj,59528.0,62319.9,2.587,2025,2,
Jute,2024-25,BD3035,Gopalganj,62171.0,62831.2,2.497,2025,1,
Jute,2013-14,BD6036,Habiganj,223.0,125.9,1.395,2016,1,
Jute,2014-15,BD6036,Habiganj,1057.0,726.8,1.699,2017,2,
Jute,2015-16,BD6036,Habiganj,914.0,661.7,1.789,2018,2,
Jute,2016-17,BD6036,Habiganj,700.0,511.8,1.807,2018,1,
Jute,2017-18,BD6036,Habiganj,700.0,511.8,1.807,2019,1,
Jute,2018-19,BD6036,Habiganj,883.0,3627.0,10.15,2021,2,
Jute,2019-20,BD6036,Habiganj,988.0,5466.0,13.671,2021,1,
Jute,2020-21,BD6036,Habiganj,745.0,732.7,2.43,2022,1,
Jute,2021-22,BD6036,Habiganj,891.0,834.3,2.314,2023,1,
Jute,2022-23,BD6036,Habiganj,856.0,841.9,2.43,2024,2,
Jute,2023-24,BD6036,Habiganj,834.0,794.0,2.353,2025,2,
Jute,2024-25,BD6036,Habiganj,898.0,861.8,2.371,2025,1,
Jute,2013-14,BD4539,Jamalpur,93323.0,72471.1,1.919,2016,1,
Jute,2014-15,BD4539,Jamalpur,95552.0,74202.2,1.919,2017,2,
Jute,2015-16,BD4539,Jamalpur,97076.0,74857.2,1.905,2018,2,
Jute,2016-17,BD4539,Jamalpur,110512.0,85418.5,1.91,2018,1,
Jute,2017-18,BD4539,Jamalpur,110512.0,85418.5,1.91,2019,1,
Jute,2018-19,BD4539,Jamalpur,91785.0,441486.0,11.886,2021,2,
Jute,2019-20,BD4539,Jamalpur,51825.0,225439.0,10.749,2021,1,
Jute,2020-21,BD4539,Jamalpur,60887.0,43305.6,1.758,2022,1,
Jute,2021-22,BD4539,Jamalpur,71305.0,44117.1,1.529,2023,1,
Jute,2022-23,BD4539,Jamalpur,72360.0,52516.0,1.793,2024,2,
Jute,2023-24,BD4539,Jamalpur,70215.0,57711.3,2.031,2025,2,
Jute,2024-25,BD4539,Jamalpur,62189.0,51791.7,2.058,2025,1,
Jute,2013-14,BD4041,Jashore,57912.0,53798.6,2.296,2016,1,
Jute,2014-15,BD4041,Jashore,56809.0,53804.8,2.34,2017,2,
Jute,2015-16,BD4041,Jashore,58135.0,53689.4,2.282,2018,2,
Jute,2016-17,BD4041,Jashore,67687.0,62633.8,2.287,2018,1,
Jute,2017-18,BD4041,Jashore,67687.0,62633.8,2.287,2019,1,
Jute,2018-19,BD4041,Jashore,70066.0,352432.0,12.429,2021,2,
Jute,2019-20,BD4041,Jashore,49599.0,276762.0,13.788,2021,1,
Jute,2020-21,BD4041,Jashore,57823.0,54975.0,2.349,2022,1,
Jute,2021-22,BD4041,Jashore,61844.0,55992.7,2.237,2023,1,
Jute,2022-23,BD4041,Jashore,58781.0,49593.4,2.085,2024,2,
Jute,2023-24,BD4041,Jashore,61578.0,58321.5,2.34,2025,2,
Jute,2024-25,BD4041,Jashore,58799.0,54729.4,2.3,2025,1,
Jute,2013-14,BD1042,Jhalokati,206.0,136.1,1.633,2016,1,
Jute,2014-15,BD1042,Jhalokati,0.0,0.0,,2017,2,
Jute,2015-16,BD1042,Jhalokati,0.0,0.0,,2017,1,
Jute,2017-18,BD1042,Jhalokati,0.0,0.0,,2019,1,
Jute,2018-19,BD1042,Jhalokati,0.0,0.0,,2021,2,
Jute,2019-20,BD1042,Jhalokati,0.0,0.0,,2021,1,
Jute,2020-21,BD1042,Jhalokati,0.0,0.0,,2022,1,
Jute,2021-22,BD1042,Jhalokati,0.0,0.0,,2023,1,
Jute,2022-23,BD1042,Jhalokati,0.0,0.0,,2024,2,
Jute,2023-24,BD1042,Jhalokati,0.0,0.0,,2025,2,
Jute,2024-25,BD1042,Jhalokati,0.0,0.0,,2025,1,
Jute,2013-14,BD4044,Jhenaidah,50976.0,40603.6,1.968,2016,1,
Jute,2014-15,BD4044,Jhenaidah,49502.0,40237.8,2.009,2017,2,
Jute,2015-16,BD4044,Jhenaidah,48533.0,45702.2,2.327,2018,2,
Jute,2016-17,BD4044,Jhenaidah,56220.0,53144.9,2.336,2018,1,
Jute,2017-18,BD4044,Jhenaidah,56220.0,53144.9,2.336,2019,1,
Jute,2018-19,BD4044,Jhenaidah,57343.0,307932.0,13.27,2021,2,
Jute,2019-20,BD4044,Jhenaidah,50321.0,313500.0,15.395,2021,1,
Jute,2020-21,BD4044,Jhenaidah,53557.0,55583.4,2.565,2022,1,
Jute,2021-22,BD4044,Jhenaidah,55449.0,51409.9,2.291,2023,1,
Jute,2022-23,BD4044,Jhenaidah,57636.0,49673.0,2.13,2024,2,
Jute,2023-24,BD4044,Jhenaidah,58528.0,56176.2,2.372,2025,2,
Jute,2024-25,BD4044,Jhenaidah,54627.0,52332.9,2.367,2025,1,
Jute,2013-14,BD5038,Joypurhat,5259.0,5066.7,2.381,2016,1,
Jute,2014-15,BD5038,Joypurhat,4042.0,3791.6,2.318,2017,2,
Jute,2015-16,BD5038,Joypurhat,3155.0,2965.3,2.322,2018,2,
Jute,2016-17,BD5038,Joypurhat,3396.0,3197.9,2.327,2018,1,
Jute,2017-18,BD5038,Joypurhat,3396.0,3197.9,2.327,2019,1,
Jute,2018-19,BD5038,Joypurhat,6964.0,35588.0,12.628,2021,2,yoy-jump-gt-10x
Jute,2019-20,BD5038,Joypurhat,4290.0,23638.0,13.616,2021,1,
Jute,2020-21,BD5038,Joypurhat,4339.0,4259.1,2.426,2022,1,
Jute,2021-22,BD5038,Joypurhat,5183.0,5228.6,2.493,2023,1,
Jute,2022-23,BD5038,Joypurhat,5008.0,4388.9,2.166,2024,2,
Jute,2023-24,BD5038,Joypurhat,7275.0,6996.1,2.376,2025,2,
Jute,2024-25,BD5038,Joypurhat,7055.0,6810.0,2.385,2025,1,
Jute,2013-14,BD2046,Khagrachhari,0.0,0.0,,2016,1,
Jute,2014-15,BD2046,Khagrachhari,0.0,0.0,,2017,2,
Jute,2015-16,BD2046,Khagrachhari,0.0,0.0,,2018,2,
Jute,2016-17,BD2046,Khagrachhari,0.0,0.0,,2018,1,
Jute,2017-18,BD2046,Khagrachhari,0.0,0.0,,2019,1,
Jute,2018-19,BD2046,Khagrachhari,0.0,0.0,,2021,2,
Jute,2019-20,BD2046,Khagrachhari,0.0,0.0,,2021,1,
Jute,2020-21,BD2046,Khagrachhari,0.0,0.0,,2022,1,
Jute,2021-22,BD2046,Khagrachhari,0.0,0.0,,2023,1,
Jute,2022-23,BD2046,Khagrachhari,0.0,0.0,,2024,2,
Jute,2023-24,BD2046,Khagrachhari,0.0,0.0,,2025,2,
Jute,2024-25,BD2046,Khagrachhari,0.0,0.0,,2025,1,
Jute,2013-14,BD4047,Khulna,5175.0,4009.3,1.914,2016,1,
Jute,2014-15,BD4047,Khulna,4427.0,3606.5,2.013,2017,2,
Jute,2015-16,BD4047,Khulna,5217.0,4411.0,2.089,2018,2,
Jute,2016-17,BD4047,Khulna,5374.0,4514.6,2.076,2018,1,
Jute,2017-18,BD4047,Khulna,5374.0,4514.6,2.076,2019,1,
Jute,2018-19,BD4047,Khulna,4820.0,22509.0,11.54,2021,2,
Jute,2019-20,BD4047,Khulna,3185.0,14333.0,11.12,2021,1,
Jute,2020-21,BD4047,Khulna,3181.0,2972.4,2.309,2022,1,
Jute,2021-22,BD4047,Khulna,3447.0,3471.1,2.488,2023,1,
Jute,2022-23,BD4047,Khulna,3161.0,2753.0,2.152,2024,2,
Jute,2023-24,BD4047,Khulna,3271.0,3050.6,2.305,2025,2,
Jute,2024-25,BD4047,Khulna,3236.0,2783.1,2.125,2025,1,
Jute,2013-14,BD3048,Kishoreganj,14930.0,11269.1,1.865,2016,1,
Jute,2014-15,BD3048,Kishoreganj,15698.0,11848.8,1.865,2017,2,
Jute,2015-16,BD3048,Kishoreganj,16091.0,11094.3,1.704,2018,2,
Jute,2016-17,BD3048,Kishoreganj,30935.0,21384.9,1.708,2018,1,
Jute,2017-18,BD3048,Kishoreganj,30935.0,21384.9,1.708,2019,1,
Jute,2018-19,BD3048,Kishoreganj,38412.0,154416.0,9.934,2021,2,
Jute,2019-20,BD3048,Kishoreganj,37944.0,160122.0,10.428,2021,1,
Jute,2020-21,BD3048,Kishoreganj,40682.0,33658.6,2.044,2022,1,
Jute,2021-22,BD3048,Kishoreganj,38106.0,31458.2,2.04,2023,1,
Jute,2022-23,BD3048,Kishoreganj,36404.0,30714.0,2.085,2024,2,
Jute,2023-24,BD3048,Kishoreganj,36111.0,34725.8,2.376,2025,2,
Jute,2024-25,BD3048,Kishoreganj,35644.5,34083.0,2.363,2025,1,
Jute,2013-14,BD5549,Kurigram,48044.0,41667.7,2.143,2016,1,
Jute,2014-15,BD5549,Kurigram,47864.0,42206.4,2.179,2017,2,
Jute,2015-16,BD5549,Kurigram,42532.0,35266.7,2.049,2018,2,
Jute,2016-17,BD5549,Kurigram,41873.0,34720.4,2.049,2018,1,
Jute,2017-18,BD5549,Kurigram,41873.0,34720.4,2.049,2019,1,
Jute,2018-19,BD5549,Kurigram,41839.0,220910.0,13.047,2021,2,
Jute,2019-20,BD5549,Kurigram,43274.0,232814.0,13.294,2021,1,
Jute,2020-21,BD5549,Kurigram,46093.0,42150.1,2.26,2022,1,
Jute,2021-22,BD5549,Kurigram,45293.0,42240.3,2.305,2023,1,
Jute,2022-23,BD5549,Kurigram,46388.0,44019.0,2.345,2024,2,
Jute,2023-24,BD5549,Kurigram,42995.0,42359.5,2.435,2025,2,
Jute,2024-25,BD5549,Kurigram,36211.0,35347.2,2.412,2025,1,
Jute,2013-14,BD4050,Kushtia,83990.0,72843.1,2.143,2016,1,
Jute,2014-15,BD4050,Kushtia,86084.0,71379.2,2.049,2017,2,
Jute,2015-16,BD4050,Kushtia,91375.0,79248.1,2.143,2018,2,
Jute,2016-17,BD4050,Kushtia,97181.0,84988.7,2.161,2018,1,
Jute,2017-18,BD4050,Kushtia,97181.0,84988.7,2.161,2019,1,
Jute,2018-19,BD4050,Kushtia,105770.0,563754.0,13.171,2021,2,
Jute,2019-20,BD4050,Kushtia,91845.0,527190.0,14.184,2021,1,
Jute,2020-21,BD4050,Kushtia,98413.0,89637.3,2.251,2022,1,
Jute,2021-22,BD4050,Kushtia,101978.0,101210.9,2.452,2023,1,
Jute,2022-23,BD4050,Kushtia,101408.0,88317.4,2.152,2024,2,
Jute,2023-24,BD4050,Kushtia,92231.0,91369.7,2.448,2025,2,
Jute,2024-25,BD4050,Kushtia,91475.0,87799.4,2.372,2025,1,
Jute,2013-14,BD2051,Lakshmipur,344.0,217.2,1.56,2016,1,
Jute,2014-15,BD2051,Lakshmipur,101.0,52.8,1.292,2017,2,
Jute,2015-16,BD2051,Lakshmipur,100.0,50.1,1.238,2018,2,
Jute,2016-17,BD2051,Lakshmipur,0.0,0.0,,2018,1,
Jute,2017-18,BD2051,Lakshmipur,0.0,0.0,,2019,1,
Jute,2018-19,BD2051,Lakshmipur,89.0,206.0,5.72,2021,2,
Jute,2019-20,BD2051,Lakshmipur,47.0,156.0,8.202,2021,1,
Jute,2020-21,BD2051,Lakshmipur,484.0,337.3,1.722,2022,1,
Jute,2021-22,BD2051,Lakshmipur,123.0,93.4,1.876,2023,1,
Jute,2022-23,BD2051,Lakshmipur,62.0,45.2,1.801,2024,2,
Jute,2023-24,BD2051,Lakshmipur,74.0,66.0,2.204,2025,2,
Jute,2024-25,BD2051,Lakshmipur,30.0,22.1,1.82,2025,1,
Jute,2013-14,BD5552,Lalmonirhat,12580.0,11618.0,2.282,2016,1,
Jute,2014-15,BD5552,Lalmonirhat,12189.0,11102.1,2.251,2017,2,
Jute,2015-16,BD5552,Lalmonirhat,10150.0,9668.6,2.354,2018,2,
Jute,2016-17,BD5552,Lalmonirhat,9736.0,9132.8,2.318,2018,1,
Jute,2017-18,BD5552,Lalmonirhat,9736.0,9132.8,2.318,2019,1,
Jute,2018-19,BD5552,Lalmonirhat,10086.0,54666.0,13.393,2021,2,
Jute,2019-20,BD5552,Lalmonirhat,14194.0,80622.0,14.036,2021,1,
Jute,2020-21,BD5552,Lalmonirhat,8165.0,8592.5,2.6,2022,1,
Jute,2021-22,BD5552,Lalmonirhat,8953.0,7764.7,2.143,2023,1,
Jute,2022-23,BD5552,Lalmonirhat,9519.0,8808.4,2.287,2024,2,
Jute,2023-24,BD5552,Lalmonirhat,9209.0,8855.9,2.376,2025,2,
Jute,2024-25,BD5552,Lalmonirhat,8977.0,8648.9,2.381,2025,1,
Jute,2013-14,BD3054,Madaripur,62554.0,45058.6,1.78,2016,1,
Jute,2014-15,BD3054,Madaripur,61552.0,45342.0,1.82,2017,2,
Jute,2015-16,BD3054,Madaripur,75763.0,60484.3,1.973,2018,2,
Jute,2016-17,BD3054,Madaripur,75545.0,60584.4,1.982,2018,1,
Jute,2017-18,BD3054,Madaripur,75545.0,60584.4,1.982,2019,1,
Jute,2018-19,BD3054,Madaripur,78133.0,321127.0,10.156,2021,2,
Jute,2019-20,BD3054,Madaripur,84729.0,327901.0,9.563,2021,1,
Jute,2020-21,BD3054,Madaripur,78336.0,59838.0,1.888,2022,1,
Jute,2021-22,BD3054,Madaripur,81137.0,68896.8,2.098,2023,1,
Jute,2022-23,BD3054,Madaripur,84529.0,73617.3,2.152,2024,2,
Jute,2023-24,BD3054,Madaripur,86264.0,83267.2,2.385,2025,2,
Jute,2024-25,BD3054,Madaripur,85174.0,82060.6,2.381,2025,1,
Jute,2013-14,BD4055,Magura,73870.0,56828.6,1.901,2016,1,
Jute,2014-15,BD4055,Magura,80287.0,64678.6,1.991,2017,2,
Jute,2015-16,BD4055,Magura,82403.0,64290.2,1.928,2018,2,
Jute,2016-17,BD4055,Magura,94475.0,74222.9,1.941,2018,1,
Jute,2017-18,BD4055,Magura,94475.0,74222.9,1.941,2019,1,
Jute,2018-19,BD4055,Magura,97875.0,386606.0,9.761,2021,2,
Jute,2019-20,BD4055,Magura,81292.0,379634.0,11.54,2021,1,
Jute,2020-21,BD4055,Magura,85406.0,63843.8,1.847,2022,1,
Jute,2021-22,BD4055,Magura,87451.0,93139.9,2.632,2023,1,
Jute,2022-23,BD4055,Magura,89686.0,79735.8,2.197,2024,2,
Jute,2023-24,BD4055,Magura,87877.0,92318.1,2.596,2025,2,
Jute,2024-25,BD4055,Magura,86109.0,87336.0,2.506,2025,1,
Jute,2013-14,BD3056,Manikganj,13048.0,8735.8,1.654,2016,1,
Jute,2014-15,BD3056,Manikganj,11266.0,7481.5,1.641,2017,2,
Jute,2015-16,BD3056,Manikganj,10624.0,7093.6,1.65,2018,2,
Jute,2016-17,BD3056,Manikganj,13359.0,8992.5,1.663,2018,1,
Jute,2017-18,BD3056,Manikganj,13359.0,8992.5,1.663,2019,1,
Jute,2018-19,BD3056,Manikganj,11137.0,48669.0,10.799,2021,2,
Jute,2019-20,BD3056,Manikganj,7774.0,27287.0,8.673,2021,1,
Jute,2020-21,BD3056,Manikganj,8914.0,6679.7,1.852,2022,1,
Jute,2021-22,BD3056,Manikganj,9148.0,6822.1,1.843,2023,1,
Jute,2022-23,BD3056,Manikganj,9543.0,7272.3,1.883,2024,2,
Jute,2023-24,BD3056,Manikganj,9785.0,9533.8,2.408,2025,2,
Jute,2024-25,BD3056,Manikganj,9459.0,9233.3,2.412,2025,1,
Jute,2013-14,BD4057,Meherpur,58660.0,63221.0,2.663,2016,1,
Jute,2014-15,BD4057,Meherpur,57685.0,56937.0,2.439,2017,2,
Jute,2015-16,BD4057,Meherpur,58530.0,54585.1,2.305,2018,2,
Jute,2016-17,BD4057,Meherpur,60633.0,56656.5,2.309,2018,1,
Jute,2017-18,BD4057,Meherpur,60633.0,56656.5,2.309,2019,1,
Jute,2018-19,BD4057,Meherpur,63721.0,326889.0,12.677,2021,2,
Jute,2019-20,BD4057,Meherpur,48072.0,297566.0,15.296,2021,1,
Jute,2020-21,BD4057,Meherpur,48911.0,56973.8,2.878,2022,1,
Jute,2021-22,BD4057,Meherpur,48742.0,56776.9,2.878,2023,1,
Jute,2022-23,BD4057,Meherpur,50288.0,43796.4,2.152,2024,2,
Jute,2023-24,BD4057,Meherpur,52460.0,48924.2,2.305,2025,2,
Jute,2024-25,BD4057,Meherpur,46781.0,43882.7,2.318,2025,1,
Jute,2013-14,BD6058,Moulvibazar,0.0,0.0,,2016,1,
Jute,2014-15,BD6058,Moulvibazar,0.0,0.0,,2017,2,
Jute,2015-16,BD6058,Moulvibazar,0.0,0.0,,2018,2,
Jute,2016-17,BD6058,Moulvibazar,0.0,0.0,,2018,1,
Jute,2017-18,BD6058,Moulvibazar,0.0,0.0,,2019,1,
Jute,2018-19,BD6058,Moulvibazar,0.0,0.0,,2021,2,
Jute,2019-20,BD6058,Moulvibazar,0.0,0.0,,2021,1,
Jute,2020-21,BD6058,Moulvibazar,0.0,0.0,,2022,1,
Jute,2021-22,BD6058,Moulvibazar,0.0,0.0,,2023,1,
Jute,2022-23,BD6058,Moulvibazar,0.0,0.0,,2024,2,
Jute,2023-24,BD6058,Moulvibazar,0.0,0.0,,2025,2,
Jute,2024-25,BD6058,Moulvibazar,0.0,0.0,,2025,1,
Jute,2013-14,BD3059,Munshiganj,8710.0,5009.7,1.421,2016,1,
Jute,2014-15,BD3059,Munshiganj,7766.0,4523.1,1.439,2017,2,
Jute,2015-16,BD3059,Munshiganj,7974.0,4629.8,1.435,2018,2,
Jute,2016-17,BD3059,Munshiganj,8391.0,4902.3,1.444,2018,1,
Jute,2017-18,BD3059,Munshiganj,8391.0,4902.3,1.444,2019,1,
Jute,2018-19,BD3059,Munshiganj,7571.0,27786.0,9.069,2021,2,
Jute,2019-20,BD3059,Munshiganj,4924.0,13591.0,6.82,2021,1,
Jute,2020-21,BD3059,Munshiganj,7320.0,5179.7,1.749,2022,1,
Jute,2021-22,BD3059,Munshiganj,6143.0,4926.5,1.982,2023,1,
Jute,2022-23,BD3059,Munshiganj,6077.0,4873.5,1.982,2024,2,
Jute,2023-24,BD3059,Munshiganj,6064.0,5556.2,2.264,2025,2,
Jute,2024-25,BD3059,Munshiganj,6203.7,4975.1,1.982,2025,1,
Jute,2013-14,BD4561,Mymensingh,20567.0,14143.1,1.699,2016,1,
Jute,2014-15,BD4561,Mymensingh,20149.0,12156.7,1.491,2017,2,
Jute,2015-16,BD4561,Mymensingh,18960.0,12728.4,1.659,2018,2,
Jute,2016-17,BD4561,Mymensingh,21455.0,14442.3,1.663,2018,1,
Jute,2017-18,BD4561,Mymensingh,21455.0,14442.3,1.663,2019,1,
Jute,2018-19,BD4561,Mymensingh,15241.0,57001.0,9.242,2021,2,
Jute,2019-20,BD4561,Mymensingh,14788.0,61222.0,10.23,2021,1,
Jute,2020-21,BD4561,Mymensingh,13251.0,9472.8,1.766,2022,1,
Jute,2021-22,BD4561,Mymensingh,12869.0,9503.3,1.825,2023,1,
Jute,2022-23,BD4561,Mymensingh,13023.0,10349.5,1.964,2024,2,
Jute,2023-24,BD4561,Mymensingh,13037.0,10833.6,2.053,2025,2,
Jute,2024-25,BD4561,Mymensingh,12585.0,9590.4,1.883,2025,1,
Jute,2013-14,BD5064,Naogaon,18676.0,19077.7,2.524,2016,1,
Jute,2014-15,BD5064,Naogaon,16398.0,16423.4,2.475,2017,2,
Jute,2015-16,BD5064,Naogaon,16570.0,15092.4,2.251,2018,2,
Jute,2016-17,BD5064,Naogaon,16297.0,14962.1,2.269,2018,1,
Jute,2017-18,BD5064,Naogaon,16297.0,14962.1,2.269,2019,1,
Jute,2018-19,BD5064,Naogaon,15072.0,79429.0,13.022,2021,2,
Jute,2019-20,BD5064,Naogaon,12632.0,77939.0,15.246,2021,1,
Jute,2020-21,BD5064,Naogaon,13828.0,14627.1,2.614,2022,1,
Jute,2021-22,BD5064,Naogaon,13547.0,14182.1,2.587,2023,1,
Jute,2022-23,BD5064,Naogaon,14705.0,12940.1,2.174,2024,2,
Jute,2023-24,BD5064,Naogaon,11144.0,10312.1,2.287,2025,2,
Jute,2024-25,BD5064,Naogaon,10996.0,10254.8,2.304,2025,1,
Jute,2013-14,BD4065,Narail,45064.0,31397.5,1.722,2016,1,
Jute,2014-15,BD4065,Narail,43884.0,36308.1,2.044,2017,2,
Jute,2015-16,BD4065,Narail,48495.0,41706.9,2.125,2018,2,
Jute,2016-17,BD4065,Narail,53703.0,45309.0,2.085,2018,1,
Jute,2017-18,BD4065,Narail,53703.0,45309.0,2.085,2019,1,
Jute,2018-19,BD4065,Narail,53660.0,282252.0,12.998,2021,2,
Jute,2019-20,BD4065,Narail,50604.0,289455.0,14.134,2021,1,
Jute,2020-21,BD4065,Narail,52484.0,48375.4,2.278,2022,1,
Jute,2021-22,BD4065,Narail,52964.0,43340.2,2.022,2023,1,
Jute,2022-23,BD4065,Narail,54657.0,43039.6,1.946,2024,2,
Jute,2023-24,BD4065,Narail,55728.0,50556.4,2.242,2025,2,
Jute,2024-25,BD4065,Narail,55771.0,44422.9,1.968,2025,1,
Jute,2013-14,BD3067,Narayanganj,980.0,608.2,1.534,2016,1,
Jute,2014-15,BD3067,Narayanganj,1061.0,685.3,1.596,2017,2,
Jute,2015-16,BD3067,Narayanganj,1141.0,753.5,1.632,2018,2,
Jute,2016-17,BD3067,Narayanganj,1071.0,709.2,1.636,2018,1,
Jute,2017-18,BD3067,Narayanganj,1071.0,709.2,1.636,2019,1,
Jute,2018-19,BD3067,Narayanganj,1108.0,4244.0,9.465,2021,2,
Jute,2019-20,BD3067,Narayanganj,7592.0,36062.0,11.737,2021,1,
Jute,2020-21,BD3067,Narayanganj,720.0,629.2,2.159,2022,1,yoy-jump-gt-10x
Jute,2021-22,BD3067,Narayanganj,570.0,454.7,1.971,2023,1,
Jute,2022-23,BD3067,Narayanganj,593.0,482.1,2.009,2024,2,
Jute,2023-24,BD3067,Narayanganj,619.0,584.1,2.332,2025,2,
Jute,2024-25,BD3067,Narayanganj,615.0,589.1,2.367,2025,1,
Jute,2013-14,BD3068,Narsingdi,9486.0,7142.7,1.861,2016,1,
Jute,2014-15,BD3068,Narsingdi,8911.0,6758.3,1.874,2017,2,
Jute,2015-16,BD3068,Narsingdi,8195.0,6259.9,1.888,2018,2,
Jute,2016-17,BD3068,Narsingdi,8235.0,6305.4,1.892,2018,1,
Jute,2017-18,BD3068,Narsingdi,8235.0,6305.4,1.892,2019,1,
Jute,2018-19,BD3068,Narsingdi,6289.0,28741.0,11.293,2021,2,
Jute,2019-20,BD3068,Narsingdi,6642.0,30952.0,11.515,2021,1,
Jute,2020-21,BD3068,Narsingdi,6636.0,5887.7,2.192,2022,1,
Jute,2021-22,BD3068,Narsingdi,7013.0,6133.6,2.161,2023,1,
Jute,2022-23,BD3068,Narsingdi,6920.0,6114.5,2.183,2024,2,
Jute,2023-24,BD3068,Narsingdi,6026.0,5532.5,2.269,2025,2,
Jute,2024-25,BD3068,Narsingdi,5812.19,5199.0,2.21,2025,1,
Jute,2013-14,BD5069,Natore,41430.0,36908.7,2.201,2016,1,
Jute,2014-15,BD5069,Natore,40037.0,35159.3,2.17,2017,2,
Jute,2015-16,BD5069,Natore,34629.0,29153.6,2.08,2018,2,
Jute,2016-17,BD5069,Natore,38021.0,32078.2,2.085,2018,1,
Jute,2017-18,BD5069,Natore,38021.0,32078.2,2.085,2019,1,
Jute,2018-19,BD5069,Natore,61767.0,284746.0,11.392,2021,2,
Jute,2019-20,BD5069,Natore,57912.0,265816.0,11.342,2021,1,
Jute,2020-21,BD5069,Natore,59968.0,44828.0,1.847,2022,1,
Jute,2021-22,BD5069,Natore,70954.0,61279.7,2.134,2023,1,
Jute,2022-23,BD5069,Natore,76517.0,66361.9,2.143,2024,2,
Jute,2023-24,BD5069,Natore,73624.0,70131.3,2.354,2025,2,
Jute,2024-25,BD5069,Natore,70661.0,67052.4,2.345,2025,1,
Jute,2013-14,BD4572,Netrakona,15347.0,10943.4,1.762,2016,1,
Jute,2014-15,BD4572,Netrakona,14848.0,9483.0,1.578,2017,2,
Jute,2015-16,BD4572,Netrakona,12110.0,8283.6,1.69,2018,2,
Jute,2016-17,BD4572,Netrakona,13921.0,9573.0,1.699,2018,1,
Jute,2017-18,BD4572,Netrakona,13921.0,9573.0,1.699,2019,1,
Jute,2018-19,BD4572,Netrakona,13763.0,78587.0,14.11,2021,2,
Jute,2019-20,BD4572,Netrakona,13004.0,56567.0,10.749,2021,1,
Jute,2020-21,BD4572,Netrakona,11562.0,8978.6,1.919,2022,1,
Jute,2021-22,BD4572,Netrakona,11681.0,9113.4,1.928,2023,1,
Jute,2022-23,BD4572,Netrakona,12823.0,9073.8,1.749,2024,2,
Jute,2023-24,BD4572,Netrakona,11140.0,8590.3,1.905,2025,2,
Jute,2024-25,BD4572,Netrakona,10616.0,7647.0,1.78,2025,1,
Jute,2013-14,BD5573,Nilphamari,22736.0,18027.2,1.959,2016,1,
Jute,2014-15,BD5573,Nilphamari,21331.0,18229.1,2.112,2017,2,
Jute,2015-16,BD5573,Nilphamari,18675.0,14637.9,1.937,2018,2,
Jute,2016-17,BD5573,Nilphamari,22149.0,17440.4,1.946,2018,1,
Jute,2017-18,BD5573,Nilphamari,22149.0,17441.3,1.946,2019,1,
Jute,2018-19,BD5573,Nilphamari,25953.0,127170.0,12.108,2021,2,
Jute,2019-20,BD5573,Nilphamari,21135.0,118990.0,13.912,2021,1,
Jute,2020-21,BD5573,Nilphamari,17177.0,16673.8,2.399,2022,1,
Jute,2021-22,BD5573,Nilphamari,17279.0,16678.7,2.385,2023,1,
Jute,2022-23,BD5573,Nilphamari,18560.0,17511.1,2.331,2024,2,
Jute,2023-24,BD5573,Nilphamari,16318.0,15544.0,2.354,2025,2,
Jute,2024-25,BD5573,Nilphamari,15709.0,14336.7,2.255,2025,1,
Jute,2013-14,BD2075,Noakhali,0.0,0.0,,2016,1,
Jute,2014-15,BD2075,Noakhali,0.0,0.0,,2017,2,
Jute,2015-16,BD2075,Noakhali,0.0,0.0,,2018,2,
Jute,2016-17,BD2075,Noakhali,0.0,0.0,,2018,1,
Jute,2017-18,BD2075,Noakhali,0.0,0.0,,2019,1,
Jute,2018-19,BD2075,Noakhali,0.0,0.0,,2021,2,
Jute,2019-20,BD2075,Noakhali,0.0,0.0,,2021,1,
Jute,2020-21,BD2075,Noakhali,0.0,0.0,,2022,1,
Jute,2021-22,BD2075,Noakhali,0.0,0.0,,2023,1,
Jute,2022-23,BD2075,Noakhali,0.0,0.0,,2024,2,
Jute,2023-24,BD2075,Noakhali,0.0,0.0,,2025,2,
Jute,2024-25,BD2075,Noakhali,0.0,0.0,,2025,1,
Jute,2013-14,BD5076,Pabna,79234.0,73462.5,2.291,2016,1,
Jute,2014-15,BD5076,Pabna,85569.0,79646.5,2.3,2017,2,
Jute,2015-16,BD5076,Pabna,86627.0,81102.8,2.313,2018,2,
Jute,2016-17,BD5076,Pabna,91997.0,86297.2,2.318,2018,1,
Jute,2017-18,BD5076,Pabna,91997.0,86297.2,2.318,2019,1,
Jute,2018-19,BD5076,Pabna,112690.0,555562.0,12.182,2021,2,
Jute,2019-20,BD5076,Pabna,101974.0,544541.0,13.195,2021,1,
Jute,2020-21,BD5076,Pabna,102319.0,93009.4,2.246,2022,1,
Jute,2021-22,BD5076,Pabna,106662.0,98118.4,2.273,2023,1,
Jute,2022-23,BD5076,Pabna,108407.0,103264.2,2.354,2024,2,
Jute,2023-24,BD5076,Pabna,108757.0,108728.1,2.47,2025,2,
Jute,2024-25,BD5076,Pabna,106944.0,104393.1,2.412,2025,1,
Jute,2013-14,BD5577,Panchagarh,21434.0,15439.3,1.78,2016,1,
Jute,2014-15,BD5577,Panchagarh,20882.0,15458.5,1.829,2017,2,
Jute,2015-16,BD5577,Panchagarh,21140.0,16263.2,1.901,2018,2,
Jute,2016-17,BD5577,Panchagarh,23951.0,18512.5,1.91,2018,1,
Jute,2017-18,BD5577,Panchagarh,23951.0,18512.5,1.91,2019,1,
Jute,2018-19,BD5577,Panchagarh,27323.0,114483.0,10.354,2021,2,
Jute,2019-20,BD5577,Panchagarh,21852.0,102486.0,11.589,2021,1,
Jute,2020-21,BD5577,Panchagarh,21056.0,18872.8,2.215,2022,1,
Jute,2021-22,BD5577,Panchagarh,21155.0,19882.7,2.322,2023,1,
Jute,2022-23,BD5577,Panchagarh,21769.0,23343.2,2.65,2024,2,
Jute,2023-24,BD5577,Panchagarh,22736.0,24751.3,2.69,2025,2,
Jute,2024-25,BD5577,Panchagarh,22755.0,23574.7,2.56,2025,1,
Jute,2013-14,BD1078,Patuakhali,0.0,0.0,,2016,1,
Jute,2014-15,BD1078,Patuakhali,0.0,0.0,,2017,2,
Jute,2015-16,BD1078,Patuakhali,0.0,0.0,,2018,2,
Jute,2016-17,BD1078,Patuakhali,0.0,0.0,,2018,1,
Jute,2017-18,BD1078,Patuakhali,0.0,0.0,,2019,1,
Jute,2018-19,BD1078,Patuakhali,0.0,0.0,,2021,2,
Jute,2019-20,BD1078,Patuakhali,0.0,0.0,,2021,1,
Jute,2020-21,BD1078,Patuakhali,0.0,0.0,,2022,1,
Jute,2021-22,BD1078,Patuakhali,875.0,368.3,1.04,2023,1,
Jute,2022-23,BD1078,Patuakhali,0.0,0.0,,2024,2,
Jute,2023-24,BD1078,Patuakhali,0.0,0.0,,2024,1,
Jute,2013-14,BD1079,Pirojpur,1030.0,545.8,1.309,2016,1,
Jute,2014-15,BD1079,Pirojpur,915.0,464.8,1.255,2017,2,
Jute,2015-16,BD1079,Pirojpur,921.0,461.2,1.237,2018,2,
Jute,2016-17,BD1079,Pirojpur,914.0,403.0,1.09,2018,1,
Jute,2017-18,BD1079,Pirojpur,914.0,403.0,1.09,2019,1,
Jute,2018-19,BD1079,Pirojpur,890.0,1718.0,4.77,2021,2,
Jute,2019-20,BD1079,Pirojpur,860.0,2460.0,7.068,2021,1,
Jute,2022-23,BD1079,Pirojpur,524.0,229.2,1.081,2024,1,yoy-jump-gt-10x
Jute,2023-24,BD1079,Pirojpur,770.0,546.3,1.753,2025,2,
Jute,2024-25,BD1079,Pirojpur,575.0,320.2,1.376,2025,1,
Jute,2013-14,BD3082,Rajbari,91539.0,72082.3,1.946,2016,1,
Jute,2014-15,BD3082,Rajbari,94647.0,75216.7,1.964,2017,2,
Jute,2015-16,BD3082,Rajbari,100276.0,83692.8,2.062,2018,2,
Jute,2016-17,BD3082,Rajbari,109474.0,91766.9,2.071,2018,1,
Jute,2017-18,BD3082,Rajbari,109474.0,91766.9,2.071,2019,1,
Jute,2018-19,BD3082,Rajbari,120134.0,514174.0,10.576,2021,2,
Jute,2019-20,BD3082,Rajbari,118368.0,492411.0,10.28,2021,1,
Jute,2020-21,BD3082,Rajbari,118952.0,87841.5,1.825,2022,1,
Jute,2021-22,BD3082,Rajbari,118897.0,92115.3,1.914,2023,1,
Jute,2022-23,BD3082,Rajbari,118705.0,93258.9,1.941,2024,2,
Jute,2023-24,BD3082,Rajbari,118457.0,112837.4,2.354,2025,2,
Jute,2024-25,BD3082,Rajbari,115222.0,109965.0,2.358,2025,1,
Jute,2013-14,BD5081,Rajshahi,25397.0,25298.2,2.461,2016,1,
Jute,2014-15,BD5081,Rajshahi,27229.0,24899.7,2.26,2017,2,
Jute,2015-16,BD5081,Rajshahi,27535.0,25229.6,2.264,2018,2,
Jute,2016-17,BD5081,Rajshahi,31405.0,29003.4,2.282,2018,1,
Jute,2017-18,BD5081,Rajshahi,31405.0,29003.4,2.282,2019,1,
Jute,2018-19,BD5081,Rajshahi,33892.0,170816.0,12.454,2021,2,
Jute,2019-20,BD5081,Rajshahi,34434.0,190076.0,13.64,2021,1,
Jute,2020-21,BD5081,Rajshahi,35401.0,34363.8,2.399,2022,1,
Jute,2021-22,BD5081,Rajshahi,42684.0,44298.9,2.565,2023,1,
Jute,2022-23,BD5081,Rajshahi,45364.0,40331.2,2.197,2024,2,
Jute,2023-24,BD5081,Rajshahi,45924.0,43745.4,2.354,2025,2,
Jute,2024-25,BD5081,Rajshahi,41176.0,39521.4,2.372,2025,1,
Jute,2013-14,BD2084,Rangamati,0.0,0.0,,2016,1,
Jute,2014-15,BD2084,Rangamati,0.0,0.0,,2017,2,
Jute,2015-16,BD2084,Rangamati,0.0,0.0,,2018,2,
Jute,2016-17,BD2084,Rangamati,0.0,0.0,,2018,1,
Jute,2017-18,BD2084,Rangamati,0.0,0.0,,2019,1,
Jute,2018-19,BD2084,Rangamati,0.0,0.0,,2021,2,
Jute,2019-20,BD2084,Rangamati,0.0,0.0,,2021,1,
Jute,2020-21,BD2084,Rangamati,0.0,0.0,,2022,1,
Jute,2021-22,BD2084,Rangamati,0.0,0.0,,2023,1,
Jute,2022-23,BD2084,Rangamati,0.0,0.0,,2024,2,
Jute,2023-24,BD2084,Rangamati,0.0,0.0,,2025,2,
Jute,2024-25,BD2084,Rangamati,0.0,0.0,,2025,1,
Jute,2013-14,BD5585,Rangpur,27260.0,26164.6,2.372,2016,1,
Jute,2014-15,BD5585,Rangpur,27455.0,25355.5,2.282,2017,2,
Jute,2015-16,BD5585,Rangpur,27690.0,25019.9,2.233,2018,2,
Jute,2016-17,BD5585,Rangpur,29034.0,26550.3,2.26,2018,1,
Jute,2017-18,BD5585,Rangpur,29034.0,26550.3,2.26,2019,1,
Jute,2018-19,BD5585,Rangpur,29768.0,160450.0,13.319,2021,2,
Jute,2019-20,BD5585,Rangpur,21135.0,118567.0,13.863,2021,1,
Jute,2020-21,BD5585,Rangpur,19997.0,23220.9,2.869,2022,1,
Jute,2021-22,BD5585,Rangpur,20183.0,22228.4,2.721,2023,1,
Jute,2022-23,BD5585,Rangpur,21319.0,22744.6,2.636,2024,2,
Jute,2023-24,BD5585,Rangpur,21031.0,22780.7,2.677,2025,2,
Jute,2024-25,BD5585,Rangpur,19382.0,19904.3,2.538,2025,1,
Jute,2013-14,BD4087,Satkhira,25986.0,21499.9,2.044,2016,1,
Jute,2014-15,BD4087,Satkhira,26008.0,23547.3,2.237,2017,2,
Jute,2015-16,BD4087,Satkhira,26199.0,19964.9,1.883,2018,2,
Jute,2016-17,BD4087,Satkhira,27291.0,21044.7,1.905,2018,1,
Jute,2017-18,BD4087,Satkhira,27291.0,21044.7,1.905,2019,1,
Jute,2018-19,BD4087,Satkhira,23589.0,123842.0,12.973,2021,2,
Jute,2019-20,BD4087,Satkhira,24303.0,125890.0,12.8,2021,1,
Jute,2020-21,BD4087,Satkhira,25378.0,22884.8,2.228,2022,1,
Jute,2021-22,BD4087,Satkhira,27915.0,20462.3,1.811,2023,1,
Jute,2022-23,BD4087,Satkhira,28444.0,21159.5,1.838,2024,2,
Jute,2023-24,BD4087,Satkhira,28881.0,26724.5,2.287,2025,2,
Jute,2024-25,BD4087,Satkhira,28898.0,27160.1,2.322,2025,1,
Jute,2013-14,BD3086,Shariatpur,48825.0,39598.9,2.004,2016,1,
Jute,2014-15,BD3086,Shariatpur,56292.0,43203.6,1.897,2017,2,
Jute,2015-16,BD3086,Shariatpur,56522.0,42457.1,1.856,2018,2,
Jute,2016-17,BD3086,Shariatpur,63202.0,47474.9,1.856,2018,1,
Jute,2017-18,BD3086,Shariatpur,63202.0,47474.9,1.856,2019,1,
Jute,2018-19,BD3086,Shariatpur,59272.0,254277.0,10.601,2021,2,
Jute,2019-20,BD3086,Shariatpur,47819.0,160672.0,8.303,2021,1,
Jute,2020-21,BD3086,Shariatpur,57084.0,42361.5,1.834,2022,1,
Jute,2021-22,BD3086,Shariatpur,64703.0,48602.3,1.856,2023,1,
Jute,2022-23,BD3086,Shariatpur,64675.0,49285.5,1.883,2024,2,
Jute,2023-24,BD3086,Shariatpur,66116.0,62859.5,2.349,2025,2,
Jute,2024-25,BD3086,Shariatpur,67179.0,63748.2,2.345,2025,1,
Jute,2013-14,BD4589,Sherpur,13772.0,10494.9,1.883,2016,1,
Jute,2014-15,BD4589,Sherpur,14774.0,11312.1,1.892,2017,2,
Jute,2015-16,BD4589,Sherpur,10274.0,7997.0,1.923,2018,2,
Jute,2016-17,BD4589,Sherpur,11234.0,8744.3,1.923,2018,1,
Jute,2017-18,BD4589,Sherpur,11234.0,8744.3,1.923,2019,1,
Jute,2018-19,BD4589,Sherpur,4691.0,14683.0,7.734,2021,2,
Jute,2019-20,BD4589,Sherpur,3178.0,13284.0,10.329,2021,1,
Jute,2020-21,BD4589,Sherpur,3302.0,3205.3,2.399,2022,1,
Jute,2021-22,BD4589,Sherpur,5322.0,5214.4,2.421,2023,1,
Jute,2022-23,BD4589,Sherpur,5815.0,5982.3,2.542,2024,2,
Jute,2023-24,BD4589,Sherpur,4215.0,4351.5,2.551,2025,2,
Jute,2024-25,BD4589,Sherpur,3518.0,3357.5,2.358,2025,1,
Jute,2013-14,BD5088,Sirajganj,50568.0,36516.8,1.784,2016,1,
Jute,2014-15,BD5088,Sirajganj,47614.0,35765.8,1.856,2017,2,
Jute,2015-16,BD5088,Sirajganj,45710.0,34916.1,1.888,2018,2,
Jute,2016-17,BD5088,Sirajganj,48746.0,37323.7,1.892,2018,1,
Jute,2017-18,BD5088,Sirajganj,48746.0,37323.7,1.892,2019,1,
Jute,2018-19,BD5088,Sirajganj,35527.0,162003.0,11.268,2021,2,
Jute,2019-20,BD5088,Sirajganj,29534.0,137924.0,11.54,2021,1,
Jute,2020-21,BD5088,Sirajganj,28308.0,21263.9,1.856,2022,1,
Jute,2021-22,BD5088,Sirajganj,38667.0,32061.9,2.049,2023,1,
Jute,2022-23,BD5088,Sirajganj,39602.0,33555.7,2.094,2024,2,
Jute,2023-24,BD5088,Sirajganj,41523.0,36163.2,2.152,2025,2,
Jute,2024-25,BD5088,Sirajganj,35898.0,30743.0,2.116,2025,1,
Jute,2013-14,BD6090,Sunamganj,98.0,55.0,1.387,2016,1,
Jute,2014-15,BD6090,Sunamganj,173.0,101.1,1.444,2017,2,
Jute,2015-16,BD6090,Sunamganj,1983.0,1460.8,1.82,2018,2,yoy-jump-gt-10x
Jute,2016-17,BD6090,Sunamganj,2294.0,1652.4,1.78,2018,1,
Jute,2017-18,BD6090,Sunamganj,2294.0,1652.4,1.78,2019,1,
Jute,2018-19,BD6090,Sunamganj,2512.0,5150.0,5.066,2021,2,
Jute,2019-20,BD6090,Sunamganj,1339.0,4110.0,7.585,2021,1,
Jute,2020-21,BD6090,Sunamganj,821.0,713.6,2.148,2022,1,
Jute,2021-22,BD6090,Sunamganj,1715.0,1521.6,2.192,2023,1,
Jute,2022-23,BD6090,Sunamganj,1933.0,1732.6,2.215,2024,2,
Jute,2023-24,BD6090,Sunamganj,1103.0,1000.6,2.242,2025,2,
Jute,2024-25,BD6090,Sunamganj,759.0,579.7,1.887,2025,1,
Jute,2013-14,BD6091,Sylhet,0.0,0.0,,2016,1,
Jute,2014-15,BD6091,Sylhet,0.0,0.0,,2017,2,
Jute,2015-16,BD6091,Sylhet,0.0,0.0,,2018,2,
Jute,2016-17,BD6091,Sylhet,18.0,12.3,1.689,2018,1,
Jute,2017-18,BD6091,Sylhet,18.0,12.3,1.689,2019,1,
Jute,2018-19,BD6091,Sylhet,1303.0,1739.0,3.298,2021,2,yoy-jump-gt-10x
Jute,2019-20,BD6091,Sylhet,0.0,0.0,,2021,1,
Jute,2020-21,BD6091,Sylhet,0.0,0.0,,2022,1,
Jute,2021-22,BD6091,Sylhet,0.0,0.0,,2023,1,
Jute,2022-23,BD6091,Sylhet,0.0,0.0,,2024,2,
Jute,2023-24,BD6091,Sylhet,0.0,0.0,,2025,2,
Jute,2024-25,BD6091,Sylhet,0.0,0.0,,2025,1,
Jute,2013-14,BD3093,Tangail,53435.0,40332.3,1.865,2016,1,
Jute,2014-15,BD3093,Tangail,51212.0,40141.1,1.937,2017,2,
Jute,2015-16,BD3093,Tangail,49313.0,36236.8,1.816,2018,2,
Jute,2016-17,BD3093,Tangail,48350.0,35880.1,1.834,2018,1,
Jute,2017-18,BD3093,Tangail,48350.0,35880.1,1.834,2019,1,
Jute,2018-19,BD3093,Tangail,44670.0,197888.0,10.947,2021,2,
Jute,2019-20,BD3093,Tangail,34317.0,135209.0,9.736,2021,1,
Jute,2020-21,BD3093,Tangail,35993.0,27493.6,1.888,2022,1,
Jute,2021-22,BD3093,Tangail,36438.0,26776.2,1.816,2023,1,
Jute,2022-23,BD3093,Tangail,38731.0,30779.8,1.964,2024,2,
Jute,2023-24,BD3093,Tangail,40739.0,38658.5,2.345,2025,2,
Jute,2024-25,BD3093,Tangail,40066.01,36493.2,2.251,2025,1,
Jute,2013-14,BD5594,Thakurgaon,23680.0,18517.9,1.932,2016,1,
Jute,2014-15,BD5594,Thakurgaon,22248.0,18286.1,2.031,2017,2,
Jute,2015-16,BD5594,Thakurgaon,20560.0,17607.5,2.116,2018,2,
Jute,2016-17,BD5594,Thakurgaon,22563.0,19363.8,2.121,2018,1,
Jute,2017-18,BD5594,Thakurgaon,22563.0,19363.8,2.121,2019,1,
Jute,2018-19,BD5594,Thakurgaon,21811.0,111454.0,12.627,2021,2,
Jute,2019-20,BD5594,Thakurgaon,23809.0,125712.0,13.047,2021,1,
Jute,2020-21,BD5594,Thakurgaon,13914.0,13657.9,2.426,2022,1,
Jute,2021-22,BD5594,Thakurgaon,14567.0,14536.8,2.466,2023,1,
Jute,2022-23,BD5594,Thakurgaon,16163.0,16188.1,2.475,2024,2,
Jute,2023-24,BD5594,Thakurgaon,16196.0,17367.4,2.65,2025,2,
Jute,2024-25,BD5594,Thakurgaon,16196.0,15751.0,2.403,2025,1,
Lentil,2013-14,BD4001,Bagerhat,1438.0,467.0,0.802,2017,2,
Lentil,2014-15,BD4001,Bagerhat,1505.0,479.0,0.786,2018,3,
Lentil,2015-16,BD4001,Bagerhat,1545.0,507.0,0.811,2019,3,
Lentil,2016-17,BD4001,Bagerhat,1500.0,495.0,0.815,2020,3,
Lentil,2017-18,BD4001,Bagerhat,1486.0,479.0,0.797,2021,3,
Lentil,2018-19,BD4001,Bagerhat,1502.0,495.0,0.814,2021,2,
Lentil,2019-20,BD4001,Bagerhat,1498.0,503.0,0.83,2022,2,
Lentil,2020-21,BD4001,Bagerhat,1449.0,491.0,0.837,2023,2,
Lentil,2021-22,BD4001,Bagerhat,1504.0,490.55,0.806,2024,3,
Lentil,2022-23,BD4001,Bagerhat,1397.0,494.8,0.875,2025,3,
Lentil,2023-24,BD4001,Bagerhat,1211.0,429.31,0.876,2025,2,
Lentil,2024-25,BD4001,Bagerhat,1163.5,414.49,0.88,2025,1,
Lentil,2013-14,BD2003,Bandarban,40.0,13.0,0.803,2017,2,
Lentil,2014-15,BD2003,Bandarban,30.0,8.0,0.659,2018,3,
Lentil,2015-16,BD2003,Bandarban,28.0,10.0,0.883,2019,3,
Lentil,2016-17,BD2003,Bandarban,27.0,10.0,0.915,2020,3,
Lentil,2017-18,BD2003,Bandarban,27.0,10.0,0.915,2021,3,
Lentil,2018-19,BD2003,Bandarban,26.0,11.0,1.045,2021,2,
Lentil,2019-20,BD2003,Bandarban,25.0,9.0,0.89,2022,2,
Lentil,2020-21,BD2003,Bandarban,27.0,10.0,0.915,2023,2,
Lentil,2021-22,BD2003,Bandarban,27.6,10.27,0.919,2024,3,
Lentil,2022-23,BD2003,Bandarban,30.1,11.2,0.919,2025,3,
Lentil,2023-24,BD2003,Bandarban,30.5,11.3,0.916,2025,2,
Lentil,2024-25,BD2003,Bandarban,30.2,11.24,0.92,2025,1,
Lentil,2013-14,BD1004,Barguna,230.0,35.0,0.376,2017,2,
Lentil,2014-15,BD1004,Barguna,296.0,65.0,0.543,2018,3,
Lentil,2015-16,BD1004,Barguna,152.0,97.0,1.577,2019,3,
Lentil,2016-17,BD1004,Barguna,147.0,74.0,1.244,2020,3,
Lentil,2017-18,BD1004,Barguna,151.0,76.0,1.244,2021,3,
Lentil,2018-19,BD1004,Barguna,69.0,48.0,1.719,2021,2,
Lentil,2019-20,BD1004,Barguna,69.0,47.0,1.683,2022,2,
Lentil,2020-21,BD1004,Barguna,177.0,65.0,0.907,2023,2,
Lentil,2021-22,BD1004,Barguna,177.0,63.0,0.88,2024,3,
Lentil,2022-23,BD1004,Barguna,56.0,45.0,1.986,2025,3,
Lentil,2023-24,BD1004,Barguna,65.0,58.0,2.205,2025,2,
Lentil,2024-25,BD1004,Barguna,67.0,56.0,2.065,2025,1,
Lentil,2013-14,BD1006,Barishal,3215.0,973.0,0.748,2017,2,
Lentil,2014-15,BD1006,Barishal,4082.0,1607.0,0.973,2018,3,
Lentil,2015-16,BD1006,Barishal,4044.0,1568.0,0.958,2019,3,
Lentil,2016-17,BD1006,Barishal,4000.0,1500.0,0.927,2020,3,
Lentil,2017-18,BD1006,Barishal,4212.0,1685.0,0.989,2021,3,
Lentil,2018-19,BD1006,Barishal,4283.0,1832.0,1.057,2021,2,
Lentil,2019-20,BD1006,Barishal,4500.0,2200.0,1.208,2022,2,
Lentil,2020-21,BD1006,Barishal,4293.0,1866.0,1.074,2023,2,
Lentil,2021-22,BD1006,Barishal,3316.0,1802.0,1.343,2024,3,
Lentil,2022-23,BD1006,Barishal,3269.0,13567.0,10.255,2025,3,
Lentil,2023-24,BD1006,Barishal,2820.0,13382.0,11.726,2025,2,
Lentil,2024-25,BD1006,Barishal,2766.0,1403.0,1.253,2025,1,
Lentil,2013-14,BD1009,Bhola,1308.0,773.0,1.46,2017,2,
Lentil,2014-15,BD1009,Bhola,1549.0,850.0,1.356,2018,3,
Lentil,2015-16,BD1009,Bhola,1924.0,1134.0,1.456,2019,3,
Lentil,2016-17,BD1009,Bhola,1760.0,1006.0,1.412,2020,3,
Lentil,2017-18,BD1009,Bhola,1649.0,968.0,1.451,2021,3,
Lentil,2018-19,BD1009,Bhola,1720.0,997.0,1.432,2021,2,
Lentil,2019-20,BD1009,Bhola,1577.0,731.0,1.145,2022,2,
Lentil,2020-21,BD1009,Bhola,1584.0,725.0,1.131,2023,2,
Lentil,2021-22,BD1009,Bhola,1478.0,671.0,1.122,2024,3,
Lentil,2022-23,BD1009,Bhola,1483.0,781.0,1.301,2025,3,
Lentil,2023-24,BD1009,Bhola,1426.0,749.0,1.298,2025,2,
Lentil,2024-25,BD1009,Bhola,1411.0,747.0,1.308,2025,1,
Lentil,2013-14,BD5010,Bogura,2350.0,938.0,0.986,2017,2,
Lentil,2014-15,BD5010,Bogura,1152.0,461.0,0.989,2018,3,
Lentil,2015-16,BD5010,Bogura,1168.0,468.0,0.99,2019,3,
Lentil,2016-17,BD5010,Bogura,1092.0,440.0,0.996,2020,3,
Lentil,2017-18,BD5010,Bogura,1073.0,434.0,0.999,2021,3,
Lentil,2018-19,BD5010,Bogura,1110.0,449.0,1.0,2021,2,
Lentil,2019-20,BD5010,Bogura,897.0,374.0,1.03,2022,2,
Lentil,2020-21,BD5010,Bogura,923.0,391.0,1.047,2023,2,
Lentil,2021-22,BD5010,Bogura,615.34,250.15,1.005,2024,3,
Lentil,2022-23,BD5010,Bogura,543.1,226.6,1.031,2025,3,
Lentil,2023-24,BD5010,Bogura,536.2,229.05,1.056,2025,2,
Lentil,2024-25,BD5010,Bogura,520.05,251.72,1.196,2025,1,
Lentil,2013-14,BD2012,Brahmanbaria,1418.0,337.0,0.587,2017,2,
Lentil,2014-15,BD2012,Brahmanbaria,3096.0,644.0,0.514,2018,3,
Lentil,2015-16,BD2012,Brahmanbaria,3037.0,624.0,0.508,2019,3,
Lentil,2016-17,BD2012,Brahmanbaria,3041.0,594.0,0.483,2020,3,
Lentil,2017-18,BD2012,Brahmanbaria,2990.0,578.0,0.478,2021,3,
Lentil,2018-19,BD2012,Brahmanbaria,3037.0,589.0,0.479,2021,2,
Lentil,2019-20,BD2012,Brahmanbaria,3046.0,1097.0,0.89,2022,2,
Lentil,2020-21,BD2012,Brahmanbaria,2861.0,867.0,0.749,2023,2,
Lentil,2021-22,BD2012,Brahmanbaria,2834.34,879.54,0.767,2024,3,
Lentil,2022-23,BD2012,Brahmanbaria,1356.75,431.92,0.787,2025,3,
Lentil,2023-24,BD2012,Brahmanbaria,1273.55,391.21,0.759,2025,2,
Lentil,2024-25,BD2012,Brahmanbaria,1220.4,374.99,0.759,2025,1,
Lentil,2013-14,BD2013,Chandpur,876.0,603.0,1.701,2017,2,
Lentil,2014-15,BD2013,Chandpur,690.0,392.0,1.404,2018,3,
Lentil,2015-16,BD2013,Chandpur,668.0,318.0,1.176,2019,3,
Lentil,2016-17,BD2013,Chandpur,529.0,214.0,1.0,2020,3,
Lentil,2017-18,BD2013,Chandpur,529.0,213.0,0.995,2021,3,
Lentil,2018-19,BD2013,Chandpur,524.0,208.0,0.981,2021,2,
Lentil,2019-20,BD2013,Chandpur,518.0,205.0,0.978,2022,2,
Lentil,2020-21,BD2013,Chandpur,551.0,218.0,0.978,2023,2,
Lentil,2021-22,BD2013,Chandpur,570.75,281.78,1.22,2024,3,
Lentil,2022-23,BD2013,Chandpur,572.0,284.57,1.229,2025,3,
Lentil,2023-24,BD2013,Chandpur,568.65,287.9,1.251,2025,2,
Lentil,2024-25,BD2013,Chandpur,569.2,289.6,1.257,2025,1,
Lentil,2013-14,BD5070,Chapainababganj,647.0,172.0,0.657,2017,2,
Lentil,2014-15,BD5070,Chapainababganj,656.0,175.0,0.659,2018,3,
Lentil,2015-16,BD5070,Chapainababganj,666.0,414.0,1.536,2019,3,
Lentil,2016-17,BD5070,Chapainababganj,991.0,700.0,1.745,2020,3,
Lentil,2017-18,BD5070,Chapainababganj,4470.0,1053.0,0.582,2021,3,
Lentil,2018-19,BD5070,Chapainababganj,4748.0,1428.0,0.743,2021,2,
Lentil,2019-20,BD5070,Chapainababganj,5138.0,1617.0,0.778,2022,2,
Lentil,2020-21,BD5070,Chapainababganj,5307.0,1608.0,0.749,2023,2,
Lentil,2021-22,BD5070,Chapainababganj,5335.0,2462.32,1.14,2024,3,
Lentil,2022-23,BD5070,Chapainababganj,4628.0,2154.94,1.151,2025,3,
Lentil,2023-24,BD5070,Chapainababganj,4536.72,2573.51,1.402,2025,2,
Lentil,2024-25,BD5070,Chapainababganj,4395.45,2516.59,1.415,2025,1,
Lentil,2013-14,BD2015,Chattogram,221.0,46.0,0.514,2017,2,
Lentil,2014-15,BD2015,Chattogram,204.0,44.0,0.533,2018,3,
Lentil,2015-16,BD2015,Chattogram,198.0,43.0,0.537,2019,3,
Lentil,2016-17,BD2015,Chattogram,199.0,44.0,0.546,2020,3,
Lentil,2017-18,BD2015,Chattogram,201.0,44.0,0.541,2021,3,
Lentil,2018-19,BD2015,Chattogram,204.0,79.0,0.957,2021,2,
Lentil,2019-20,BD2015,Chattogram,265.0,80.0,0.746,2022,2,
Lentil,2020-21,BD2015,Chattogram,256.0,59.0,0.57,2023,2,
Lentil,2021-22,BD2015,Chattogram,263.13,82.47,0.774,2024,3,
Lentil,2022-23,BD2015,Chattogram,228.69,61.3,0.662,2025,3,
Lentil,2023-24,BD2015,Chattogram,199.68,49.32,0.61,2025,2,
Lentil,2024-25,BD2015,Chattogram,191.63,47.53,0.613,2025,1,
Lentil,2013-14,BD4018,Chuadanga,4390.0,1641.0,0.924,2017,2,
Lentil,2014-15,BD4018,Chuadanga,4379.0,1683.0,0.95,2018,3,
Lentil,2015-16,BD4018,Chuadanga,4350.0,1686.0,0.958,2019,3,
Lentil,2016-17,BD4018,Chuadanga,4353.0,1676.0,0.951,2020,3,
Lentil,2017-18,BD4018,Chuadanga,4340.0,1751.0,0.997,2021,3,
Lentil,2018-19,BD4018,Chuadanga,4470.0,1833.0,1.013,2021,2,
Lentil,2019-20,BD4018,Chuadanga,4457.0,1824.0,1.011,2022,2,
Lentil,2020-21,BD4018,Chuadanga,4477.0,1851.0,1.022,2023,2,
Lentil,2021-22,BD4018,Chuadanga,4464.0,1850.88,1.025,2024,3,
Lentil,2022-23,BD4018,Chuadanga,4419.5,2209.36,1.235,2025,3,
Lentil,2023-24,BD4018,Chuadanga,4002.0,2348.08,1.45,2025,2,
Lentil,2024-25,BD4018,Chuadanga,2243.5,1629.56,1.795,2025,1,
Lentil,2013-14,BD2022,Cox's Bazar,0.0,0.0,,2017,2,
Lentil,2014-15,BD2022,Cox's Bazar,0.0,0.0,,2018,3,
Lentil,2015-16,BD2022,Cox's Bazar,0.0,0.0,,2019,3,
Lentil,2016-17,BD2022,Cox's Bazar,0.0,0.0,,2020,3,
Lentil,2017-18,BD2022,Cox's Bazar,0.0,0.0,,2021,3,
Lentil,2018-19,BD2022,Cox's Bazar,0.0,0.0,,2021,2,
Lentil,2019-20,BD2022,Cox's Bazar,0.0,0.0,,2022,2,
Lentil,2020-21,BD2022,Cox's Bazar,0.0,0.0,,2023,2,
Lentil,2021-22,BD2022,Cox's Bazar,0.0,0.0,,2024,3,
Lentil,2022-23,BD2022,Cox's Bazar,0.0,0.0,,2025,3,
Lentil,2023-24,BD2022,Cox's Bazar,0.0,0.0,,2025,2,
Lentil,2024-25,BD2022,Cox's Bazar,0.0,0.0,,2025,1,
Lentil,2013-14,BD2019,Cumilla,1935.0,757.0,0.967,2017,2,
Lentil,2014-15,BD2019,Cumilla,1921.0,751.0,0.966,2018,3,
Lentil,2015-16,BD2019,Cumilla,1580.0,608.0,0.951,2019,3,
Lentil,2016-17,BD2019,Cumilla,1362.0,522.0,0.947,2020,3,
Lentil,2017-18,BD2019,Cumilla,929.0,349.0,0.928,2021,3,
Lentil,2018-19,BD2019,Cumilla,731.0,292.0,0.987,2021,2,
Lentil,2019-20,BD2019,Cumilla,712.0,260.0,0.902,2022,2,
Lentil,2020-21,BD2019,Cumilla,960.0,257.0,0.662,2023,2,
Lentil,2021-22,BD2019,Cumilla,692.3,261.06,0.932,2024,3,
Lentil,2022-23,BD2019,Cumilla,693.5,262.3,0.935,2025,3,
Lentil,2023-24,BD2019,Cumilla,699.0,266.0,0.94,2025,2,
Lentil,2024-25,BD2019,Cumilla,700.7,267.9,0.945,2025,1,
Lentil,2013-14,BD3026,Dhaka,879.0,266.0,0.748,2017,2,
Lentil,2014-15,BD3026,Dhaka,601.0,167.0,0.687,2018,3,
Lentil,2015-16,BD3026,Dhaka,810.0,250.0,0.763,2019,3,
Lentil,2016-17,BD3026,Dhaka,783.0,246.0,0.776,2020,3,
Lentil,2017-18,BD3026,Dhaka,772.0,300.0,0.96,2021,3,
Lentil,2018-19,BD3026,Dhaka,300.0,303.0,2.496,2021,2,
Lentil,2019-20,BD3026,Dhaka,757.0,303.0,0.989,2022,2,
Lentil,2020-21,BD3026,Dhaka,617.0,272.0,1.089,2023,2,
Lentil,2021-22,BD3026,Dhaka,591.94,269.55,1.125,2024,3,
Lentil,2022-23,BD3026,Dhaka,578.21,278.17,1.189,2025,3,
Lentil,2023-24,BD3026,Dhaka,521.75,241.65,1.144,2025,2,
Lentil,2024-25,BD3026,Dhaka,503.35,238.13,1.169,2025,1,
Lentil,2013-14,BD5527,Dinajpur,333.0,110.0,0.816,2017,2,
Lentil,2014-15,BD5527,Dinajpur,264.0,87.0,0.814,2018,3,
Lentil,2015-16,BD5527,Dinajpur,245.0,82.0,0.827,2019,3,
Lentil,2016-17,BD5527,Dinajpur,269.0,92.0,0.845,2020,3,
Lentil,2017-18,BD5527,Dinajpur,277.0,95.0,0.847,2021,3,
Lentil,2018-19,BD5527,Dinajpur,246.0,85.0,0.854,2021,2,
Lentil,2019-20,BD5527,Dinajpur,215.0,76.0,0.873,2022,2,
Lentil,2020-21,BD5527,Dinajpur,100.0,38.0,0.939,2023,2,
Lentil,2021-22,BD5527,Dinajpur,108.15,49.74,1.136,2024,3,
Lentil,2022-23,BD5527,Dinajpur,99.2,43.86,1.093,2025,3,
Lentil,2023-24,BD5527,Dinajpur,96.0,50.0,1.287,2025,2,
Lentil,2024-25,BD5527,Dinajpur,93.0,47.0,1.249,2025,1,
Lentil,2013-14,BD3029,Faridpur,33121.0,14680.0,1.095,2017,2,
Lentil,2014-15,BD3029,Faridpur,33171.0,14861.0,1.107,2018,3,
Lentil,2015-16,BD3029,Faridpur,33145.0,14745.0,1.099,2019,3,
Lentil,2016-17,BD3029,Faridpur,34093.0,14112.0,1.023,2020,3,
Lentil,2017-18,BD3029,Faridpur,33145.0,14745.0,1.099,2021,3,
Lentil,2018-19,BD3029,Faridpur,41725.0,28745.0,1.702,2021,2,
Lentil,2019-20,BD3029,Faridpur,41586.0,28478.0,1.692,2022,2,
Lentil,2020-21,BD3029,Faridpur,41417.0,28646.0,1.709,2023,2,
Lentil,2021-22,BD3029,Faridpur,38893.0,27077.7,1.72,2024,3,
Lentil,2022-23,BD3029,Faridpur,39889.0,27503.23,1.704,2025,3,
Lentil,2023-24,BD3029,Faridpur,40170.0,27401.45,1.686,2025,2,
Lentil,2024-25,BD3029,Faridpur,40060.6,27299.59,1.684,2025,1,
Lentil,2013-14,BD2030,Feni,814.0,311.0,0.944,2017,2,
Lentil,2014-15,BD2030,Feni,3117.0,1069.0,0.847,2018,3,
Lentil,2015-16,BD2030,Feni,3108.0,968.0,0.77,2019,3,
Lentil,2016-17,BD2030,Feni,2727.0,982.0,0.89,2020,3,
Lentil,2017-18,BD2030,Feni,2707.0,936.0,0.854,2021,3,
Lentil,2018-19,BD2030,Feni,916.0,388.0,1.047,2021,2,
Lentil,2019-20,BD2030,Feni,1375.0,674.0,1.211,2022,2,
Lentil,2020-21,BD2030,Feni,1122.0,513.0,1.13,2023,2,
Lentil,2021-22,BD2030,Feni,1124.25,515.45,1.133,2024,3,
Lentil,2022-23,BD2030,Feni,1126.0,587.6,1.29,2025,3,
Lentil,2023-24,BD2030,Feni,1142.0,611.4,1.323,2025,2,
Lentil,2024-25,BD2030,Feni,1143.2,612.09,1.323,2025,1,
Lentil,2013-14,BD5532,Gaibandha,1488.0,1263.0,2.097,2017,2,
Lentil,2014-15,BD5532,Gaibandha,1446.0,1223.0,2.09,2018,3,
Lentil,2015-16,BD5532,Gaibandha,1462.0,1223.0,2.067,2019,3,
Lentil,2016-17,BD5532,Gaibandha,1352.0,1010.0,1.846,2020,3,
Lentil,2017-18,BD5532,Gaibandha,1358.0,1017.0,1.851,2021,3,
Lentil,2018-19,BD5532,Gaibandha,1280.0,886.0,1.71,2021,2,
Lentil,2019-20,BD5532,Gaibandha,1315.0,976.0,1.834,2022,2,
Lentil,2020-21,BD5532,Gaibandha,1296.0,963.0,1.836,2023,2,
Lentil,2021-22,BD5532,Gaibandha,1376.0,922.84,1.657,2024,3,
Lentil,2022-23,BD5532,Gaibandha,1380.0,925.0,1.656,2025,3,
Lentil,2023-24,BD5532,Gaibandha,1189.0,834.0,1.733,2025,2,
Lentil,2024-25,BD5532,Gaibandha,1194.0,839.0,1.736,2025,1,
Lentil,2013-14,BD3033,Gazipur,155.0,44.0,0.701,2017,2,
Lentil,2014-15,BD3033,Gazipur,210.0,75.0,0.883,2018,3,
Lentil,2015-16,BD3033,Gazipur,206.0,74.0,0.888,2019,3,
Lentil,2016-17,BD3033,Gazipur,206.0,76.0,0.912,2020,3,
Lentil,2017-18,BD3033,Gazipur,136.0,35.0,0.636,2021,3,
Lentil,2018-19,BD3033,Gazipur,206.0,79.0,0.948,2021,2,
Lentil,2019-20,BD3033,Gazipur,211.0,82.0,0.96,2022,2,
Lentil,2020-21,BD3033,Gazipur,172.0,68.0,0.977,2023,2,
Lentil,2021-22,BD3033,Gazipur,164.6,64.53,0.969,2024,3,
Lentil,2022-23,BD3033,Gazipur,160.26,64.63,0.997,2025,3,
Lentil,2023-24,BD3033,Gazipur,158.8,64.19,0.999,2025,2,
Lentil,2024-25,BD3033,Gazipur,154.24,64.33,1.031,2025,1,
Lentil,2013-14,BD3035,Gopalganj,7364.0,3459.0,1.161,2017,2,
Lentil,2014-15,BD3035,Gopalganj,9707.0,3949.0,1.005,2018,3,
Lentil,2015-16,BD3035,Gopalganj,10694.0,4294.0,0.992,2019,3,
Lentil,2016-17,BD3035,Gopalganj,10694.0,4294.0,0.992,2020,3,
Lentil,2017-18,BD3035,Gopalganj,10320.0,3831.0,0.917,2021,3,
Lentil,2018-19,BD3035,Gopalganj,10281.0,3729.0,0.896,2021,2,
Lentil,2019-20,BD3035,Gopalganj,9704.0,3681.0,0.937,2022,2,
Lentil,2020-21,BD3035,Gopalganj,9399.0,3819.0,1.004,2023,2,
Lentil,2021-22,BD3035,Gopalganj,9902.4,4244.18,1.059,2024,3,
Lentil,2022-23,BD3035,Gopalganj,9875.6,4142.84,1.037,2025,3,
Lentil,2023-24,BD3035,Gopalganj,9659.8,4090.02,1.046,2025,2,
Lentil,2024-25,BD3035,Gopalganj,9818.7,4164.12,1.048,2025,1,
Lentil,2013-14,BD6036,Habiganj,50.0,23.0,1.137,2017,2,
Lentil,2014-15,BD6036,Habiganj,219.0,84.0,0.948,2018,3,
Lentil,2015-16,BD6036,Habiganj,219.0,86.0,0.97,2019,3,
Lentil,2016-17,BD6036,Habiganj,227.0,88.0,0.958,2020,3,
Lentil,2017-18,BD6036,Habiganj,250.0,113.0,1.117,2021,3,
Lentil,2018-19,BD6036,Habiganj,267.0,109.0,1.009,2021,2,
Lentil,2019-20,BD6036,Habiganj,252.0,118.0,1.157,2022,2,
Lentil,2020-21,BD6036,Habiganj,40.0,9.0,0.556,2023,2,yoy-jump-gt-10x
Lentil,2021-22,BD6036,Habiganj,38.0,14.8,0.962,2024,3,
Lentil,2022-23,BD6036,Habiganj,42.0,16.59,0.976,2025,3,
Lentil,2023-24,BD6036,Habiganj,44.75,17.81,0.983,2025,2,
Lentil,2024-25,BD6036,Habiganj,46.05,18.51,0.993,2025,1,
Lentil,2013-14,BD4539,Jamalpur,1007.0,284.0,0.697,2017,2,
Lentil,2014-15,BD4539,Jamalpur,1137.0,348.0,0.756,2018,3,
Lentil,2015-16,BD4539,Jamalpur,1153.0,355.0,0.761,2019,3,
Lentil,2016-17,BD4539,Jamalpur,1158.0,356.0,0.76,2020,3,
Lentil,2017-18,BD4539,Jamalpur,808.0,253.0,0.774,2021,3,
Lentil,2018-19,BD4539,Jamalpur,879.0,309.0,0.869,2021,2,
Lentil,2019-20,BD4539,Jamalpur,847.0,296.0,0.864,2022,2,
Lentil,2020-21,BD4539,Jamalpur,765.0,266.0,0.859,2023,2,
Lentil,2021-22,BD4539,Jamalpur,744.0,258.0,0.857,2024,3,
Lentil,2022-23,BD4539,Jamalpur,742.0,255.0,0.849,2025,3,
Lentil,2023-24,BD4539,Jamalpur,771.0,273.0,0.875,2025,2,
Lentil,2024-25,BD4539,Jamalpur,764.0,272.0,0.88,2025,1,
Lentil,2013-14,BD4041,Jashore,22154.0,9253.0,1.032,2017,2,
Lentil,2014-15,BD4041,Jashore,26058.0,12564.0,1.191,2018,3,
Lentil,2015-16,BD4041,Jashore,28003.0,11455.0,1.011,2019,3,
Lentil,2016-17,BD4041,Jashore,29319.0,13849.0,1.167,2020,3,
Lentil,2017-18,BD4041,Jashore,25401.0,11999.0,1.167,2021,3,
Lentil,2018-19,BD4041,Jashore,25529.0,11905.0,1.152,2021,2,
Lentil,2019-20,BD4041,Jashore,25327.0,12150.0,1.185,2022,2,
Lentil,2020-21,BD4041,Jashore,24551.0,11898.0,1.198,2023,2,
Lentil,2021-22,BD4041,Jashore,24815.0,11509.64,1.146,2024,3,
Lentil,2022-23,BD4041,Jashore,18254.5,8361.17,1.132,2025,3,
Lentil,2023-24,BD4041,Jashore,13616.0,6126.0,1.112,2025,2,
Lentil,2024-25,BD4041,Jashore,12831.0,5723.0,1.102,2025,1,
Lentil,2013-14,BD1042,Jhalokati,686.0,242.0,0.872,2017,2,
Lentil,2014-15,BD1042,Jhalokati,723.0,262.0,0.895,2018,3,
Lentil,2015-16,BD1042,Jhalokati,718.0,262.0,0.902,2019,3,
Lentil,2016-17,BD1042,Jhalokati,670.0,368.0,1.357,2020,3,
Lentil,2017-18,BD1042,Jhalokati,680.0,265.0,0.963,2021,3,
Lentil,2018-19,BD1042,Jhalokati,694.0,297.0,1.057,2021,2,
Lentil,2019-20,BD1042,Jhalokati,663.0,304.0,1.133,2022,2,
Lentil,2020-21,BD1042,Jhalokati,683.0,321.0,1.161,2023,2,
Lentil,2021-22,BD1042,Jhalokati,689.0,335.0,1.201,2024,3,
Lentil,2022-23,BD1042,Jhalokati,717.0,350.0,1.206,2025,3,
Lentil,2023-24,BD1042,Jhalokati,781.0,388.0,1.228,2025,2,
Lentil,2024-25,BD1042,Jhalokati,771.0,379.0,1.215,2025,1,
Lentil,2013-14,BD4044,Jhenaidah,27281.0,14642.0,1.326,2017,2,
Lentil,2014-15,BD4044,Jhenaidah,30057.0,17050.0,1.402,2018,3,
Lentil,2015-16,BD4044,Jhenaidah,31145.0,12826.0,1.018,2019,3,
Lentil,2016-17,BD4044,Jhenaidah,34319.0,19431.0,1.399,2020,3,
Lentil,2017-18,BD4044,Jhenaidah,28601.0,16383.0,1.415,2021,3,
Lentil,2018-19,BD4044,Jhenaidah,27963.0,15987.0,1.413,2021,2,
Lentil,2019-20,BD4044,Jhenaidah,29748.0,17040.0,1.415,2022,2,
Lentil,2020-21,BD4044,Jhenaidah,29147.0,16486.0,1.398,2023,2,
Lentil,2021-22,BD4044,Jhenaidah,28380.0,15970.0,1.391,2024,3,
Lentil,2022-23,BD4044,Jhenaidah,28886.0,16742.54,1.432,2025,3,
Lentil,2023-24,BD4044,Jhenaidah,28594.0,16603.02,1.435,2025,2,
Lentil,2024-25,BD4044,Jhenaidah,28598.0,16812.62,1.453,2025,1,
Lentil,2013-14,BD5038,Joypurhat,351.0,104.0,0.732,2017,2,
Lentil,2014-15,BD5038,Joypurhat,362.0,163.0,1.113,2018,3,
Lentil,2015-16,BD5038,Joypurhat,341.0,154.0,1.116,2019,3,
Lentil,2016-17,BD5038,Joypurhat,330.0,151.0,1.131,2020,3,
Lentil,2017-18,BD5038,Joypurhat,326.0,154.0,1.167,2021,3,
Lentil,2018-19,BD5038,Joypurhat,340.0,158.0,1.148,2021,2,
Lentil,2019-20,BD5038,Joypurhat,342.0,180.0,1.301,2022,2,
Lentil,2020-21,BD5038,Joypurhat,333.0,163.0,1.21,2023,2,
Lentil,2021-22,BD5038,Joypurhat,330.69,160.94,1.203,2024,3,
Lentil,2022-23,BD5038,Joypurhat,318.35,155.64,1.208,2025,3,
Lentil,2023-24,BD5038,Joypurhat,309.34,170.84,1.365,2025,2,
Lentil,2024-25,BD5038,Joypurhat,311.24,187.73,1.49,2025,1,
Lentil,2013-14,BD2046,Khagrachhari,66.0,11.0,0.412,2017,2,
Lentil,2014-15,BD2046,Khagrachhari,68.0,11.0,0.4,2018,3,
Lentil,2015-16,BD2046,Khagrachhari,70.0,13.0,0.459,2019,3,
Lentil,2016-17,BD2046,Khagrachhari,72.0,14.0,0.48,2020,3,
Lentil,2017-18,BD2046,Khagrachhari,76.0,15.0,0.488,2021,3,
Lentil,2018-19,BD2046,Khagrachhari,79.0,15.0,0.469,2021,2,
Lentil,2019-20,BD2046,Khagrachhari,102.0,31.0,0.751,2022,2,
Lentil,2020-21,BD2046,Khagrachhari,67.0,17.0,0.627,2023,2,
Lentil,2021-22,BD2046,Khagrachhari,79.0,25.0,0.782,2024,3,
Lentil,2022-23,BD2046,Khagrachhari,68.8,17.75,0.638,2025,3,
Lentil,2023-24,BD2046,Khagrachhari,68.0,17.0,0.618,2025,2,
Lentil,2024-25,BD2046,Khagrachhari,69.0,17.7,0.634,2025,1,
Lentil,2013-14,BD4047,Khulna,259.0,83.0,0.792,2017,2,
Lentil,2014-15,BD4047,Khulna,264.0,87.0,0.814,2018,3,
Lentil,2015-16,BD4047,Khulna,265.0,87.0,0.811,2019,3,
Lentil,2016-17,BD4047,Khulna,232.0,76.0,0.809,2020,3,
Lentil,2017-18,BD4047,Khulna,161.0,51.0,0.783,2021,3,
Lentil,2018-19,BD4047,Khulna,226.0,77.0,0.842,2021,2,
Lentil,2019-20,BD4047,Khulna,221.0,70.0,0.783,2022,2,
Lentil,2020-21,BD4047,Khulna,225.0,71.0,0.78,2023,2,
Lentil,2021-22,BD4047,Khulna,218.77,72.05,0.814,2024,3,
Lentil,2022-23,BD4047,Khulna,218.16,72.1,0.817,2025,3,
Lentil,2023-24,BD4047,Khulna,220.76,72.85,0.815,2025,2,
Lentil,2024-25,BD4047,Khulna,220.79,73.83,0.826,2025,1,
Lentil,2013-14,BD3048,Kishoreganj,407.0,139.0,0.844,2017,2,
Lentil,2014-15,BD3048,Kishoreganj,349.0,123.0,0.871,2018,3,
Lentil,2015-16,BD3048,Kishoreganj,318.0,108.0,0.839,2019,3,
Lentil,2016-17,BD3048,Kishoreganj,312.0,107.0,0.847,2020,3,
Lentil,2017-18,BD3048,Kishoreganj,292.0,217.0,1.836,2021,3,
Lentil,2018-19,BD3048,Kishoreganj,262.0,90.0,0.849,2021,2,
Lentil,2019-20,BD3048,Kishoreganj,268.0,92.0,0.848,2022,2,
Lentil,2020-21,BD3048,Kishoreganj,260.0,100.0,0.95,2023,2,
Lentil,2021-22,BD3048,Kishoreganj,253.36,103.39,1.008,2024,3,
Lentil,2022-23,BD3048,Kishoreganj,248.7,95.12,0.945,2025,3,
Lentil,2023-24,BD3048,Kishoreganj,240.51,93.75,0.963,2025,2,
Lentil,2024-25,BD3048,Kishoreganj,236.53,95.12,0.994,2025,1,
Lentil,2013-14,BD5549,Kurigram,1473.0,534.0,0.896,2017,2,
Lentil,2014-15,BD5549,Kurigram,1861.0,697.0,0.925,2018,3,
Lentil,2015-16,BD5549,Kurigram,1599.0,616.0,0.952,2019,3,
Lentil,2016-17,BD5549,Kurigram,1605.0,626.0,0.964,2020,3,
Lentil,2017-18,BD5549,Kurigram,1347.0,502.0,0.921,2021,3,
Lentil,2018-19,BD5549,Kurigram,1379.0,526.0,0.943,2021,2,
Lentil,2019-20,BD5549,Kurigram,1370.0,522.0,0.942,2022,2,
Lentil,2020-21,BD5549,Kurigram,1411.0,537.0,0.94,2023,2,
Lentil,2021-22,BD5549,Kurigram,1398.71,555.53,0.981,2024,3,
Lentil,2022-23,BD5549,Kurigram,1389.71,547.48,0.973,2025,3,
Lentil,2023-24,BD5549,Kurigram,1245.0,545.0,1.082,2025,2,
Lentil,2024-25,BD5549,Kurigram,1166.0,502.0,1.064,2025,1,
Lentil,2013-14,BD4050,Kushtia,14575.0,8417.0,1.427,2017,2,
Lentil,2014-15,BD4050,Kushtia,14662.0,8784.0,1.48,2018,3,
Lentil,2015-16,BD4050,Kushtia,17557.0,9696.0,1.365,2019,3,
Lentil,2016-17,BD4050,Kushtia,19223.0,12021.0,1.545,2020,3,
Lentil,2017-18,BD4050,Kushtia,21172.0,13687.0,1.597,2021,3,
Lentil,2018-19,BD4050,Kushtia,21154.0,12577.0,1.469,2021,2,
Lentil,2019-20,BD4050,Kushtia,21137.0,12417.0,1.452,2022,2,
Lentil,2020-21,BD4050,Kushtia,21146.0,12532.0,1.464,2023,2,
Lentil,2021-22,BD4050,Kushtia,25958.0,15254.0,1.452,2024,3,
Lentil,2022-23,BD4050,Kushtia,24650.0,14517.0,1.455,2025,3,
Lentil,2023-24,BD4050,Kushtia,18897.0,11813.0,1.545,2025,2,
Lentil,2024-25,BD4050,Kushtia,18822.0,11823.0,1.552,2025,1,
Lentil,2013-14,BD2051,Lakshmipur,117.0,28.0,0.591,2017,2,
Lentil,2014-15,BD2051,Lakshmipur,78.0,14.0,0.444,2018,3,
Lentil,2015-16,BD2051,Lakshmipur,82.0,15.0,0.452,2019,3,
Lentil,2016-17,BD2051,Lakshmipur,76.0,14.0,0.455,2020,3,
Lentil,2017-18,BD2051,Lakshmipur,70.0,13.0,0.459,2021,3,
Lentil,2018-19,BD2051,Lakshmipur,67.0,13.0,0.479,2021,2,
Lentil,2019-20,BD2051,Lakshmipur,60.0,21.0,0.865,2022,2,
Lentil,2020-21,BD2051,Lakshmipur,64.0,18.0,0.695,2023,2,
Lentil,2021-22,BD2051,Lakshmipur,65.8,23.0,0.864,2024,3,
Lentil,2022-23,BD2051,Lakshmipur,67.7,23.22,0.848,2025,3,
Lentil,2023-24,BD2051,Lakshmipur,63.7,21.84,0.847,2025,2,
Lentil,2024-25,BD2051,Lakshmipur,64.5,21.35,0.818,2025,1,
Lentil,2013-14,BD5552,Lalmonirhat,129.0,50.0,0.958,2017,2,
Lentil,2014-15,BD5552,Lalmonirhat,120.0,52.0,1.071,2018,3,
Lentil,2015-16,BD5552,Lalmonirhat,109.0,46.0,1.043,2019,3,
Lentil,2016-17,BD5552,Lalmonirhat,120.0,51.0,1.05,2020,3,
Lentil,2017-18,BD5552,Lalmonirhat,117.0,48.0,1.014,2021,3,
Lentil,2018-19,BD5552,Lalmonirhat,120.0,50.0,1.03,2021,2,
Lentil,2019-20,BD5552,Lalmonirhat,117.0,53.0,1.119,2022,2,
Lentil,2020-21,BD5552,Lalmonirhat,104.0,43.0,1.022,2023,2,
Lentil,2021-22,BD5552,Lalmonirhat,122.0,51.35,1.04,2024,3,
Lentil,2022-23,BD5552,Lalmonirhat,127.25,50.36,0.978,2025,3,
Lentil,2023-24,BD5552,Lalmonirhat,125.5,54.0,1.063,2025,2,
Lentil,2024-25,BD5552,Lalmonirhat,131.0,61.0,1.151,2025,1,
Lentil,2013-14,BD3054,Madaripur,10457.0,4525.0,1.069,2017,2,
Lentil,2014-15,BD3054,Madaripur,10360.0,4961.0,1.183,2018,3,
Lentil,2015-16,BD3054,Madaripur,12375.0,5039.0,1.006,2019,3,
Lentil,2016-17,BD3054,Madaripur,12348.0,5411.0,1.083,2020,3,
Lentil,2017-18,BD3054,Madaripur,11285.0,4916.0,1.076,2021,3,
Lentil,2018-19,BD3054,Madaripur,12746.0,5684.0,1.102,2021,2,
Lentil,2019-20,BD3054,Madaripur,11427.0,5400.0,1.168,2022,2,
Lentil,2020-21,BD3054,Madaripur,11427.0,5400.0,1.168,2023,2,
Lentil,2021-22,BD3054,Madaripur,12072.0,5668.11,1.16,2024,3,
Lentil,2022-23,BD3054,Madaripur,11715.0,5471.8,1.154,2025,3,
Lentil,2023-24,BD3054,Madaripur,10003.0,5160.17,1.275,2025,2,
Lentil,2024-25,BD3054,Madaripur,9691.0,4914.84,1.253,2025,1,
Lentil,2013-14,BD4055,Magura,30514.0,13703.0,1.11,2017,2,
Lentil,2014-15,BD4055,Magura,34350.0,15143.0,1.089,2018,3,
Lentil,2015-16,BD4055,Magura,44022.0,15964.0,0.896,2019,3,
Lentil,2016-17,BD4055,Magura,43415.0,15520.0,0.883,2020,3,
Lentil,2017-18,BD4055,Magura,40304.0,14796.0,0.907,2021,3,
Lentil,2018-19,BD4055,Magura,8395.0,4036.0,1.188,2021,2,
Lentil,2019-20,BD4055,Magura,8445.0,4103.0,1.201,2022,2,
Lentil,2020-21,BD4055,Magura,32570.0,11610.0,0.881,2023,2,
Lentil,2021-22,BD4055,Magura,31799.0,11362.4,0.883,2024,3,
Lentil,2022-23,BD4055,Magura,29441.0,11062.07,0.928,2025,3,
Lentil,2023-24,BD4055,Magura,29205.0,11458.4,0.97,2025,2,
Lentil,2024-25,BD4055,Magura,29303.5,11513.9,0.971,2025,1,
Lentil,2013-14,BD3056,Manikganj,2383.0,969.0,1.005,2017,2,
Lentil,2014-15,BD3056,Manikganj,2365.0,916.0,0.957,2018,3,
Lentil,2015-16,BD3056,Manikganj,2287.0,875.0,0.945,2019,3,
Lentil,2016-17,BD3056,Manikganj,855.0,839.0,2.425,2020,3,
Lentil,2017-18,BD3056,Manikganj,2263.0,822.0,0.898,2021,3,
Lentil,2018-19,BD3056,Manikganj,2261.0,828.0,0.905,2021,2,
Lentil,2019-20,BD3056,Manikganj,2255.0,831.0,0.911,2022,2,
Lentil,2020-21,BD3056,Manikganj,2235.0,1006.0,1.112,2023,2,
Lentil,2021-22,BD3056,Manikganj,1978.77,895.07,1.118,2024,3,
Lentil,2022-23,BD3056,Manikganj,1847.97,861.03,1.151,2025,3,
Lentil,2023-24,BD3056,Manikganj,1483.47,644.25,1.073,2025,2,
Lentil,2024-25,BD3056,Manikganj,1053.43,465.65,1.092,2025,1,
Lentil,2013-14,BD4057,Meherpur,10963.0,6317.0,1.424,2017,2,
Lentil,2014-15,BD4057,Meherpur,11500.0,5802.0,1.247,2018,3,
Lentil,2015-16,BD4057,Meherpur,13012.0,5508.0,1.046,2019,3,
Lentil,2016-17,BD4057,Meherpur,16275.0,8189.0,1.243,2020,3,
Lentil,2017-18,BD4057,Meherpur,17637.0,9391.0,1.316,2021,3,
Lentil,2018-19,BD4057,Meherpur,14790.0,7699.0,1.286,2021,2,
Lentil,2019-20,BD4057,Meherpur,13827.0,7133.0,1.275,2022,2,
Lentil,2020-21,BD4057,Meherpur,14079.0,7374.0,1.294,2023,2,
Lentil,2021-22,BD4057,Meherpur,12646.0,6468.35,1.264,2024,3,
Lentil,2022-23,BD4057,Meherpur,10067.0,5482.84,1.346,2025,3,
Lentil,2023-24,BD4057,Meherpur,11269.0,6094.46,1.336,2025,2,
Lentil,2024-25,BD4057,Meherpur,10520.0,5727.15,1.345,2025,1,
Lentil,2013-14,BD6058,Moulvibazar,18.0,9.0,1.236,2017,2,
Lentil,2014-15,BD6058,Moulvibazar,52.0,29.0,1.378,2018,3,
Lentil,2015-16,BD6058,Moulvibazar,75.0,36.0,1.186,2019,3,
Lentil,2016-17,BD6058,Moulvibazar,77.0,34.0,1.091,2020,3,
Lentil,2017-18,BD6058,Moulvibazar,77.0,35.0,1.123,2021,3,
Lentil,2018-19,BD6058,Moulvibazar,77.0,37.0,1.187,2021,2,
Lentil,2019-20,BD6058,Moulvibazar,79.0,42.0,1.314,2022,2,
Lentil,2020-21,BD6058,Moulvibazar,70.0,30.0,1.059,2023,2,
Lentil,2021-22,BD6058,Moulvibazar,71.49,30.08,1.04,2024,3,
Lentil,2022-23,BD6058,Moulvibazar,74.53,33.37,1.106,2025,3,
Lentil,2023-24,BD6058,Moulvibazar,77.53,36.41,1.16,2025,2,
Lentil,2024-25,BD6058,Moulvibazar,75.55,35.08,1.147,2025,1,
Lentil,2013-14,BD3059,Munshiganj,100.0,33.0,0.815,2017,2,
Lentil,2014-15,BD3059,Munshiganj,98.0,32.0,0.807,2018,3,
Lentil,2015-16,BD3059,Munshiganj,99.0,35.0,0.874,2019,3,
Lentil,2016-17,BD3059,Munshiganj,105.0,37.0,0.871,2020,3,
Lentil,2017-18,BD3059,Munshiganj,75.0,27.0,0.89,2021,3,
Lentil,2018-19,BD3059,Munshiganj,44.0,15.0,0.842,2021,2,
Lentil,2019-20,BD3059,Munshiganj,39.0,14.0,0.887,2022,2,
Lentil,2020-21,BD3059,Munshiganj,40.0,14.0,0.865,2023,2,
Lentil,2021-22,BD3059,Munshiganj,34.5,12.87,0.922,2024,3,
Lentil,2022-23,BD3059,Munshiganj,31.3,11.34,0.895,2025,3,
Lentil,2023-24,BD3059,Munshiganj,29.7,10.72,0.892,2025,2,
Lentil,2024-25,BD3059,Munshiganj,28.1,10.49,0.922,2025,1,
Lentil,2013-14,BD4561,Mymensingh,880.0,372.0,1.045,2017,2,
Lentil,2014-15,BD4561,Mymensingh,855.0,407.0,1.176,2018,3,
Lentil,2015-16,BD4561,Mymensingh,845.0,415.0,1.214,2019,3,
Lentil,2016-17,BD4561,Mymensingh,797.0,396.0,1.228,2020,3,
Lentil,2017-18,BD4561,Mymensingh,701.0,362.0,1.276,2021,3,
Lentil,2018-19,BD4561,Mymensingh,720.0,372.0,1.277,2021,2,
Lentil,2019-20,BD4561,Mymensingh,722.0,376.0,1.287,2022,2,
Lentil,2020-21,BD4561,Mymensingh,728.0,375.0,1.273,2023,2,
Lentil,2021-22,BD4561,Mymensingh,722.0,389.0,1.331,2024,3,
Lentil,2022-23,BD4561,Mymensingh,722.0,389.0,1.331,2025,3,
Lentil,2023-24,BD4561,Mymensingh,701.0,374.0,1.318,2025,2,
Lentil,2024-25,BD4561,Mymensingh,681.0,364.0,1.321,2025,1,
Lentil,2013-14,BD5064,Naogaon,668.0,308.0,1.139,2017,2,
Lentil,2014-15,BD5064,Naogaon,529.0,228.0,1.065,2018,3,
Lentil,2015-16,BD5064,Naogaon,468.0,227.0,1.199,2019,3,
Lentil,2016-17,BD5064,Naogaon,454.0,215.0,1.17,2020,3,
Lentil,2017-18,BD5064,Naogaon,453.0,217.0,1.184,2021,3,
Lentil,2018-19,BD5064,Naogaon,442.0,212.0,1.185,2021,2,
Lentil,2019-20,BD5064,Naogaon,444.0,225.0,1.252,2022,2,
Lentil,2020-21,BD5064,Naogaon,432.0,216.0,1.236,2023,2,
Lentil,2021-22,BD5064,Naogaon,445.21,225.17,1.25,2024,3,
Lentil,2022-23,BD5064,Naogaon,407.53,225.72,1.369,2025,3,
Lentil,2023-24,BD5064,Naogaon,375.81,209.42,1.377,2025,2,
Lentil,2024-25,BD5064,Naogaon,412.87,243.55,1.458,2025,1,
Lentil,2013-14,BD4065,Narail,13017.0,5592.0,1.062,2017,2,
Lentil,2014-15,BD4065,Narail,13982.0,6233.0,1.102,2018,3,
Lentil,2015-16,BD4065,Narail,14162.0,6483.0,1.131,2019,3,
Lentil,2016-17,BD4065,Narail,15969.0,7177.0,1.111,2020,3,
Lentil,2017-18,BD4065,Narail,12979.0,5872.0,1.118,2021,3,
Lentil,2018-19,BD4065,Narail,12415.0,5584.0,1.111,2021,2,
Lentil,2019-20,BD4065,Narail,13838.0,6282.0,1.122,2022,2,
Lentil,2020-21,BD4065,Narail,13887.0,6774.0,1.205,2023,2,
Lentil,2021-22,BD4065,Narail,13744.0,6596.17,1.186,2024,3,
Lentil,2022-23,BD4065,Narail,13810.0,6764.0,1.21,2025,3,
Lentil,2023-24,BD4065,Narail,13853.0,6812.0,1.215,2025,2,
Lentil,2024-25,BD4065,Narail,13843.0,6805.0,1.215,2025,1,
Lentil,2013-14,BD3067,Narayanganj,471.0,131.0,0.687,2017,2,
Lentil,2014-15,BD3067,Narayanganj,445.0,146.0,0.811,2018,3,
Lentil,2015-16,BD3067,Narayanganj,423.0,139.0,0.812,2019,3,
Lentil,2016-17,BD3067,Narayanganj,397.0,113.0,0.703,2020,3,
Lentil,2017-18,BD3067,Narayanganj,384.0,113.0,0.727,2021,3,
Lentil,2018-19,BD3067,Narayanganj,388.0,118.0,0.752,2021,2,
Lentil,2019-20,BD3067,Narayanganj,255.0,75.0,0.727,2022,2,
Lentil,2020-21,BD3067,Narayanganj,247.0,71.0,0.71,2023,2,
Lentil,2021-22,BD3067,Narayanganj,238.12,67.7,0.703,2024,3,
Lentil,2022-23,BD3067,Narayanganj,241.54,98.08,1.003,2025,3,
Lentil,2023-24,BD3067,Narayanganj,204.99,80.19,0.967,2025,2,
Lentil,2024-25,BD3067,Narayanganj,203.67,78.43,0.952,2025,1,
Lentil,2013-14,BD3068,Narsingdi,74.0,21.0,0.701,2017,2,
Lentil,2014-15,BD3068,Narsingdi,64.0,18.0,0.695,2018,3,
Lentil,2015-16,BD3068,Narsingdi,55.0,16.0,0.719,2019,3,
Lentil,2016-17,BD3068,Narsingdi,53.0,15.0,0.699,2020,3,
Lentil,2017-18,BD3068,Narsingdi,50.0,16.0,0.791,2021,3,
Lentil,2018-19,BD3068,Narsingdi,58.0,29.0,1.236,2021,2,
Lentil,2019-20,BD3068,Narsingdi,48.0,14.0,0.721,2022,2,
Lentil,2020-21,BD3068,Narsingdi,48.0,14.0,0.721,2023,2,
Lentil,2021-22,BD3068,Narsingdi,48.12,14.5,0.745,2024,3,
Lentil,2022-23,BD3068,Narsingdi,48.35,14.66,0.749,2025,3,
Lentil,2023-24,BD3068,Narsingdi,50.58,14.33,0.7,2025,2,
Lentil,2024-25,BD3068,Narsingdi,51.66,14.7,0.703,2025,1,
Lentil,2013-14,BD5069,Natore,39065.0,18684.0,1.182,2017,2,
Lentil,2014-15,BD5069,Natore,41186.0,18901.0,1.134,2018,3,
Lentil,2015-16,BD5069,Natore,40102.0,16301.0,1.004,2019,3,
Lentil,2016-17,BD5069,Natore,37830.0,15386.0,1.005,2020,3,
Lentil,2017-18,BD5069,Natore,37553.0,15086.0,0.993,2021,3,
Lentil,2018-19,BD5069,Natore,37118.0,15100.0,1.005,2021,2,
Lentil,2019-20,BD5069,Natore,34464.0,14825.0,1.063,2022,2,
Lentil,2020-21,BD5069,Natore,30860.0,18460.0,1.478,2023,2,
Lentil,2021-22,BD5069,Natore,31026.0,15859.01,1.263,2024,3,
Lentil,2022-23,BD5069,Natore,29914.1,15458.97,1.277,2025,3,
Lentil,2023-24,BD5069,Natore,29581.85,15445.63,1.29,2025,2,
Lentil,2024-25,BD5069,Natore,28260.98,14993.16,1.311,2025,1,
Lentil,2013-14,BD4572,Netrakona,132.0,40.0,0.749,2017,2,
Lentil,2014-15,BD4572,Netrakona,145.0,49.0,0.835,2018,3,
Lentil,2015-16,BD4572,Netrakona,143.0,49.0,0.847,2019,3,
Lentil,2016-17,BD4572,Netrakona,104.0,40.0,0.95,2020,3,
Lentil,2017-18,BD4572,Netrakona,154.0,51.0,0.818,2021,3,
Lentil,2018-19,BD4572,Netrakona,147.0,53.0,0.891,2021,2,
Lentil,2019-20,BD4572,Netrakona,123.0,55.0,1.105,2022,2,
Lentil,2020-21,BD4572,Netrakona,92.0,36.0,0.967,2023,2,
Lentil,2021-22,BD4572,Netrakona,59.0,24.0,1.005,2024,3,
Lentil,2022-23,BD4572,Netrakona,29.0,12.0,1.023,2025,3,
Lentil,2023-24,BD4572,Netrakona,26.0,11.0,1.045,2025,2,
Lentil,2024-25,BD4572,Netrakona,27.0,8.0,0.732,2025,1,
Lentil,2013-14,BD5573,Nilphamari,38.0,14.0,0.91,2017,2,
Lentil,2014-15,BD5573,Nilphamari,43.0,21.0,1.207,2018,3,
Lentil,2015-16,BD5573,Nilphamari,36.0,17.0,1.167,2019,3,
Lentil,2016-17,BD5573,Nilphamari,34.0,16.0,1.163,2020,3,
Lentil,2017-18,BD5573,Nilphamari,34.0,13.0,0.945,2021,3,
Lentil,2018-19,BD5573,Nilphamari,23.0,7.0,0.752,2021,2,
Lentil,2019-20,BD5573,Nilphamari,24.0,8.0,0.824,2022,2,
Lentil,2020-21,BD5573,Nilphamari,21.0,9.0,1.059,2023,2,
Lentil,2021-22,BD5573,Nilphamari,21.44,8.66,0.998,2024,3,
Lentil,2022-23,BD5573,Nilphamari,21.72,10.47,1.191,2025,3,
Lentil,2023-24,BD5573,Nilphamari,22.0,11.0,1.236,2025,2,
Lentil,2024-25,BD5573,Nilphamari,21.0,10.0,1.177,2025,1,
Lentil,2013-14,BD2075,Noakhali,250.0,63.0,0.623,2017,2,
Lentil,2014-15,BD2075,Noakhali,252.0,70.0,0.686,2018,3,
Lentil,2015-16,BD2075,Noakhali,240.0,62.0,0.638,2019,3,
Lentil,2016-17,BD2075,Noakhali,299.0,70.0,0.579,2020,3,
Lentil,2017-18,BD2075,Noakhali,247.0,51.0,0.51,2021,3,
Lentil,2018-19,BD2075,Noakhali,148.0,27.0,0.451,2021,2,
Lentil,2019-20,BD2075,Noakhali,109.0,35.0,0.793,2022,2,
Lentil,2020-21,BD2075,Noakhali,86.0,30.0,0.862,2023,2,
Lentil,2021-22,BD2075,Noakhali,86.6,31.98,0.913,2024,3,
Lentil,2022-23,BD2075,Noakhali,96.8,38.22,0.976,2025,3,
Lentil,2023-24,BD2075,Noakhali,107.05,44.47,1.027,2025,2,
Lentil,2024-25,BD2075,Noakhali,106.65,43.96,1.019,2025,1,
Lentil,2013-14,BD5076,Pabna,24998.0,10701.0,1.058,2017,2,
Lentil,2014-15,BD5076,Pabna,26058.0,11730.0,1.112,2018,3,
Lentil,2015-16,BD5076,Pabna,27775.0,12005.0,1.068,2019,3,
Lentil,2016-17,BD5076,Pabna,27722.0,13649.0,1.217,2020,3,
Lentil,2017-18,BD5076,Pabna,27154.0,13277.0,1.208,2021,3,
Lentil,2018-19,BD5076,Pabna,26804.0,12136.0,1.119,2021,2,
Lentil,2019-20,BD5076,Pabna,26805.0,13136.0,1.211,2022,2,
Lentil,2020-21,BD5076,Pabna,26691.0,13309.0,1.232,2023,2,
Lentil,2021-22,BD5076,Pabna,26602.0,13342.0,1.239,2024,3,
Lentil,2022-23,BD5076,Pabna,25919.5,16009.35,1.526,2025,3,
Lentil,2023-24,BD5076,Pabna,20653.0,11757.76,1.407,2025,2,
Lentil,2024-25,BD5076,Pabna,20411.0,11162.0,1.351,2025,1,
Lentil,2013-14,BD5577,Panchagarh,160.0,56.0,0.865,2017,2,
Lentil,2014-15,BD5577,Panchagarh,168.0,64.0,0.941,2018,3,
Lentil,2015-16,BD5577,Panchagarh,173.0,68.0,0.971,2019,3,
Lentil,2016-17,BD5577,Panchagarh,176.0,65.0,0.913,2020,3,
Lentil,2017-18,BD5577,Panchagarh,186.0,71.0,0.943,2021,3,
Lentil,2018-19,BD5577,Panchagarh,192.0,75.0,0.965,2021,2,
Lentil,2019-20,BD5577,Panchagarh,196.0,77.0,0.971,2022,2,
Lentil,2020-21,BD5577,Panchagarh,179.0,60.0,0.828,2023,2,
Lentil,2021-22,BD5577,Panchagarh,168.0,58.73,0.864,2024,3,
Lentil,2022-23,BD5577,Panchagarh,150.0,51.86,0.854,2025,3,
Lentil,2023-24,BD5577,Panchagarh,138.0,49.0,0.877,2025,2,
Lentil,2024-25,BD5577,Panchagarh,128.0,45.0,0.869,2025,1,
Lentil,2013-14,BD1078,Patuakhali,727.0,119.0,0.404,2017,2,
Lentil,2014-15,BD1078,Patuakhali,770.0,139.0,0.446,2018,3,
Lentil,2015-16,BD1078,Patuakhali,740.0,148.0,0.494,2019,3,
Lentil,2016-17,BD1078,Patuakhali,710.0,129.0,0.449,2020,3,
Lentil,2017-18,BD1078,Patuakhali,692.0,321.0,1.146,2021,3,
Lentil,2018-19,BD1078,Patuakhali,712.0,325.0,1.128,2021,2,
Lentil,2019-20,BD1078,Patuakhali,614.0,221.0,0.889,2022,2,
Lentil,2020-21,BD1078,Patuakhali,602.0,219.0,0.899,2023,2,
Lentil,2021-22,BD1078,Patuakhali,588.0,209.84,0.882,2024,3,
Lentil,2022-23,BD1078,Patuakhali,612.0,219.0,0.884,2025,3,
Lentil,2023-24,BD1078,Patuakhali,587.0,210.0,0.884,2025,2,
Lentil,2024-25,BD1078,Patuakhali,360.0,192.0,1.318,2025,1,
Lentil,2013-14,BD1079,Pirojpur,50.0,12.0,0.593,2017,2,
Lentil,2014-15,BD1079,Pirojpur,57.0,16.0,0.694,2018,3,
Lentil,2015-16,BD1079,Pirojpur,62.0,26.0,1.036,2019,3,
Lentil,2016-17,BD1079,Pirojpur,62.0,26.0,1.036,2020,3,
Lentil,2017-18,BD1079,Pirojpur,67.0,31.0,1.143,2021,3,
Lentil,2018-19,BD1079,Pirojpur,68.0,33.0,1.199,2021,2,
Lentil,2019-20,BD1079,Pirojpur,71.0,35.0,1.218,2022,2,
Lentil,2020-21,BD1079,Pirojpur,77.0,40.0,1.284,2023,2,
Lentil,2021-22,BD1079,Pirojpur,79.0,43.0,1.345,2024,3,
Lentil,2022-23,BD1079,Pirojpur,89.0,47.0,1.305,2025,3,
Lentil,2023-24,BD1079,Pirojpur,77.0,47.0,1.508,2025,2,
Lentil,2024-25,BD1079,Pirojpur,59.0,31.0,1.298,2025,1,
Lentil,2013-14,BD3082,Rajbari,15000.0,6500.0,1.071,2017,2,
Lentil,2014-15,BD3082,Rajbari,16708.0,7351.0,1.087,2018,3,
Lentil,2015-16,BD3082,Rajbari,14857.0,6992.0,1.163,2019,3,
Lentil,2016-17,BD3082,Rajbari,15659.0,7510.0,1.185,2020,3,
Lentil,2017-18,BD3082,Rajbari,18659.0,8710.0,1.153,2021,3,
Lentil,2018-19,BD3082,Rajbari,17345.0,8923.0,1.271,2021,2,
Lentil,2019-20,BD3082,Rajbari,20729.0,9988.0,1.191,2022,2,
Lentil,2020-21,BD3082,Rajbari,17356.0,8979.0,1.278,2023,2,
Lentil,2021-22,BD3082,Rajbari,15900.0,15420.0,2.396,2024,3,
Lentil,2022-23,BD3082,Rajbari,16764.0,15028.46,2.215,2025,3,
Lentil,2023-24,BD3082,Rajbari,16175.0,14764.7,2.256,2025,2,
Lentil,2024-25,BD3082,Rajbari,15363.0,13494.44,2.171,2025,1,
Lentil,2013-14,BD5081,Rajshahi,35069.0,19463.0,1.371,2017,2,
Lentil,2014-15,BD5081,Rajshahi,39125.0,19718.0,1.245,2018,3,
Lentil,2015-16,BD5081,Rajshahi,42704.0,16665.0,0.964,2019,3,
Lentil,2016-17,BD5081,Rajshahi,35704.0,12065.0,0.835,2020,3,
Lentil,2017-18,BD5081,Rajshahi,48052.0,23544.0,1.211,2021,3,
Lentil,2018-19,BD5081,Rajshahi,44071.0,22627.0,1.269,2021,2,
Lentil,2019-20,BD5081,Rajshahi,39310.0,20803.0,1.308,2022,2,
Lentil,2020-21,BD5081,Rajshahi,36337.0,18993.0,1.292,2023,2,
Lentil,2021-22,BD5081,Rajshahi,35388.3,20041.9,1.399,2024,3,
Lentil,2022-23,BD5081,Rajshahi,29212.98,16977.26,1.436,2025,3,
Lentil,2023-24,BD5081,Rajshahi,26164.33,15404.9,1.455,2025,2,
Lentil,2024-25,BD5081,Rajshahi,24254.1,14852.9,1.513,2025,1,
Lentil,2013-14,BD2084,Rangamati,65.0,24.0,0.912,2017,2,
Lentil,2014-15,BD2084,Rangamati,58.0,24.0,1.023,2018,3,
Lentil,2015-16,BD2084,Rangamati,114.0,55.0,1.192,2019,3,
Lentil,2016-17,BD2084,Rangamati,68.0,26.0,0.945,2020,3,
Lentil,2017-18,BD2084,Rangamati,69.0,27.0,0.967,2021,3,
Lentil,2018-19,BD2084,Rangamati,74.0,28.0,0.935,2021,2,
Lentil,2019-20,BD2084,Rangamati,75.0,29.0,0.955,2022,2,
Lentil,2020-21,BD2084,Rangamati,72.0,25.0,0.858,2023,2,
Lentil,2021-22,BD2084,Rangamati,74.35,27.63,0.918,2024,3,
Lentil,2022-23,BD2084,Rangamati,68.82,23.9,0.858,2025,3,
Lentil,2023-24,BD2084,Rangamati,68.65,24.0,0.864,2025,2,
Lentil,2024-25,BD2084,Rangamati,68.69,24.01,0.864,2025,1,
Lentil,2013-14,BD5585,Rangpur,250.0,111.0,1.097,2017,2,
Lentil,2014-15,BD5585,Rangpur,244.0,123.0,1.246,2018,3,
Lentil,2015-16,BD5585,Rangpur,248.0,126.0,1.255,2019,3,
Lentil,2016-17,BD5585,Rangpur,254.0,126.0,1.226,2020,3,
Lentil,2017-18,BD5585,Rangpur,218.0,108.0,1.224,2021,3,
Lentil,2018-19,BD5585,Rangpur,220.0,113.0,1.269,2021,2,
Lentil,2019-20,BD5585,Rangpur,217.0,114.0,1.298,2022,2,
Lentil,2020-21,BD5585,Rangpur,215.0,113.0,1.299,2023,2,
Lentil,2021-22,BD5585,Rangpur,211.0,111.0,1.3,2024,3,
Lentil,2022-23,BD5585,Rangpur,214.0,113.0,1.305,2025,3,
Lentil,2023-24,BD5585,Rangpur,214.0,116.0,1.339,2025,2,
Lentil,2024-25,BD5585,Rangpur,217.0,117.0,1.332,2025,1,
Lentil,2013-14,BD4087,Satkhira,755.0,252.0,0.825,2017,2,
Lentil,2014-15,BD4087,Satkhira,989.0,380.0,0.949,2018,3,
Lentil,2015-16,BD4087,Satkhira,997.0,342.0,0.848,2019,3,
Lentil,2016-17,BD4087,Satkhira,924.0,327.0,0.874,2020,3,
Lentil,2017-18,BD4087,Satkhira,839.0,230.0,0.677,2021,3,
Lentil,2018-19,BD4087,Satkhira,884.0,287.0,0.802,2021,2,
Lentil,2019-20,BD4087,Satkhira,797.0,272.0,0.843,2022,2,
Lentil,2020-21,BD4087,Satkhira,766.0,277.0,0.894,2023,2,
Lentil,2021-22,BD4087,Satkhira,767.08,272.91,0.879,2024,3,
Lentil,2022-23,BD4087,Satkhira,640.68,261.53,1.009,2025,3,
Lentil,2023-24,BD4087,Satkhira,703.54,316.06,1.11,2025,2,
Lentil,2024-25,BD4087,Satkhira,710.0,292.34,1.017,2025,1,
Lentil,2013-14,BD3086,Shariatpur,6944.0,3486.0,1.241,2017,2,
Lentil,2014-15,BD3086,Shariatpur,6255.0,3081.0,1.217,2018,3,
Lentil,2015-16,BD3086,Shariatpur,6240.0,2860.0,1.133,2019,3,
Lentil,2016-17,BD3086,Shariatpur,6074.0,2955.0,1.202,2020,3,
Lentil,2017-18,BD3086,Shariatpur,5787.0,2843.0,1.214,2021,3,
Lentil,2018-19,BD3086,Shariatpur,5523.0,2855.0,1.277,2021,2,
Lentil,2019-20,BD3086,Shariatpur,5550.0,2813.0,1.252,2022,2,
Lentil,2020-21,BD3086,Shariatpur,5433.0,2784.0,1.266,2023,2,
Lentil,2021-22,BD3086,Shariatpur,5514.0,2852.0,1.278,2024,3,
Lentil,2022-23,BD3086,Shariatpur,5551.0,2931.0,1.305,2025,3,
Lentil,2023-24,BD3086,Shariatpur,5060.0,2732.0,1.334,2025,2,
Lentil,2024-25,BD3086,Shariatpur,5061.0,2796.0,1.365,2025,1,
Lentil,2013-14,BD4589,Sherpur,120.0,40.0,0.824,2017,2,
Lentil,2014-15,BD4589,Sherpur,98.0,32.0,0.807,2018,3,
Lentil,2015-16,BD4589,Sherpur,107.0,36.0,0.831,2019,3,
Lentil,2016-17,BD4589,Sherpur,124.0,41.0,0.817,2020,3,
Lentil,2017-18,BD4589,Sherpur,124.0,44.0,0.877,2021,3,
Lentil,2018-19,BD4589,Sherpur,139.0,49.0,0.871,2021,2,
Lentil,2019-20,BD4589,Sherpur,128.0,50.0,0.965,2022,2,
Lentil,2020-21,BD4589,Sherpur,133.0,46.0,0.855,2023,2,
Lentil,2021-22,BD4589,Sherpur,138.0,49.0,0.877,2024,3,
Lentil,2022-23,BD4589,Sherpur,132.0,52.0,0.973,2025,3,
Lentil,2023-24,BD4589,Sherpur,123.0,48.0,0.964,2025,2,
Lentil,2024-25,BD4589,Sherpur,125.0,50.0,0.988,2025,1,
Lentil,2013-14,BD5088,Sirajganj,10312.0,4304.0,1.031,2017,2,
Lentil,2014-15,BD5088,Sirajganj,5283.0,1970.0,0.921,2018,3,
Lentil,2015-16,BD5088,Sirajganj,5441.0,2047.0,0.93,2019,3,
Lentil,2016-17,BD5088,Sirajganj,5753.0,2371.0,1.018,2020,3,
Lentil,2017-18,BD5088,Sirajganj,6206.0,2524.0,1.005,2021,3,
Lentil,2018-19,BD5088,Sirajganj,6743.0,2665.0,0.977,2021,2,
Lentil,2019-20,BD5088,Sirajganj,7160.0,3022.0,1.043,2022,2,
Lentil,2020-21,BD5088,Sirajganj,7010.0,3097.0,1.092,2023,2,
Lentil,2021-22,BD5088,Sirajganj,6929.98,3169.14,1.13,2024,3,
Lentil,2022-23,BD5088,Sirajganj,6020.35,2922.29,1.199,2025,3,
Lentil,2023-24,BD5088,Sirajganj,3303.81,1682.63,1.259,2025,2,
Lentil,2024-25,BD5088,Sirajganj,3164.09,1663.23,1.299,2025,1,
Lentil,2013-14,BD6090,Sunamganj,5.0,6.0,2.965,2017,2,
Lentil,2014-15,BD6090,Sunamganj,0.0,0.0,,2018,3,
Lentil,2015-16,BD6090,Sunamganj,0.0,0.0,,2019,3,
Lentil,2016-17,BD6090,Sunamganj,0.0,0.0,,2020,3,
Lentil,2017-18,BD6090,Sunamganj,0.0,0.0,,2021,3,
Lentil,2018-19,BD6090,Sunamganj,0.0,0.0,,2021,2,
Lentil,2019-20,BD6090,Sunamganj,0.0,0.0,,2022,2,
Lentil,2020-21,BD6090,Sunamganj,0.0,0.0,,2023,2,
Lentil,2021-22,BD6090,Sunamganj,0.0,0.0,,2024,3,
Lentil,2022-23,BD6090,Sunamganj,0.0,0.0,,2025,3,
Lentil,2023-24,BD6090,Sunamganj,0.0,0.0,,2025,2,
Lentil,2024-25,BD6090,Sunamganj,0.0,0.0,,2025,1,
Lentil,2013-14,BD6091,Sylhet,10.0,6.0,1.483,2017,2,
Lentil,2014-15,BD6091,Sylhet,0.0,0.0,,2018,3,
Lentil,2015-16,BD6091,Sylhet,14.0,4.0,0.706,2019,3,
Lentil,2016-17,BD6091,Sylhet,7.0,2.0,0.706,2020,3,
Lentil,2017-18,BD6091,Sylhet,0.0,0.0,,2021,3,
Lentil,2018-19,BD6091,Sylhet,9.0,9.0,2.471,2021,2,
Lentil,2019-20,BD6091,Sylhet,15.0,10.0,1.647,2022,2,
Lentil,2020-21,BD6091,Sylhet,42.0,22.0,1.294,2023,2,
Lentil,2021-22,BD6091,Sylhet,50.0,29.5,1.458,2024,3,
Lentil,2022-23,BD6091,Sylhet,48.25,24.98,1.279,2025,3,
Lentil,2023-24,BD6091,Sylhet,49.25,23.35,1.172,2025,2,
Lentil,2024-25,BD6091,Sylhet,49.55,23.88,1.191,2025,1,
Lentil,2013-14,BD3093,Tangail,3058.0,777.0,0.628,2017,2,
Lentil,2014-15,BD3093,Tangail,3000.0,765.0,0.63,2018,3,
Lentil,2015-16,BD3093,Tangail,2939.0,768.0,0.646,2019,3,
Lentil,2016-17,BD3093,Tangail,2896.0,759.0,0.648,2020,3,
Lentil,2017-18,BD3093,Tangail,2782.0,729.0,0.648,2021,3,
Lentil,2018-19,BD3093,Tangail,2740.0,759.0,0.684,2021,2,
Lentil,2019-20,BD3093,Tangail,2725.0,745.0,0.676,2022,2,
Lentil,2020-21,BD3093,Tangail,2716.0,747.0,0.68,2023,2,
Lentil,2021-22,BD3093,Tangail,2718.01,773.79,0.703,2024,3,
Lentil,2022-23,BD3093,Tangail,2732.0,848.0,0.767,2025,3,
Lentil,2023-24,BD3093,Tangail,2726.08,865.47,0.785,2025,2,
Lentil,2024-25,BD3093,Tangail,2044.79,786.94,0.951,2025,1,
Lentil,2013-14,BD5594,Thakurgaon,307.0,86.0,0.692,2017,2,
Lentil,2014-15,BD5594,Thakurgaon,294.0,83.0,0.698,2018,3,
Lentil,2015-16,BD5594,Thakurgaon,289.0,88.0,0.752,2019,3,
Lentil,2016-17,BD5594,Thakurgaon,291.0,89.0,0.756,2020,3,
Lentil,2017-18,BD5594,Thakurgaon,295.0,107.0,0.896,2021,3,
Lentil,2018-19,BD5594,Thakurgaon,297.0,110.0,0.915,2021,2,
Lentil,2019-20,BD5594,Thakurgaon,299.0,110.0,0.909,2022,2,
Lentil,2020-21,BD5594,Thakurgaon,464.0,182.0,0.969,2023,2,
Lentil,2021-22,BD5594,Thakurgaon,296.0,108.39,0.905,2024,3,
Lentil,2022-23,BD5594,Thakurgaon,292.1,106.75,0.903,2025,3,
Lentil,2023-24,BD5594,Thakurgaon,294.0,108.0,0.908,2025,2,
Lentil,2024-25,BD5594,Thakurgaon,286.0,105.0,0.907,2025,1,
Maize,2013-14,BD4001,Bagerhat,530.0,1131.0,5.273,2017,2,
Maize,2014-15,BD4001,Bagerhat,442.0,782.0,4.372,2018,3,
Maize,2015-16,BD4001,Bagerhat,383.0,787.0,5.078,2019,3,
Maize,2016-17,BD4001,Bagerhat,384.0,816.0,5.251,2020,3,
Maize,2017-18,BD4001,Bagerhat,354.0,654.0,4.565,2021,3,
Maize,2018-19,BD4001,Bagerhat,388.0,827.0,5.267,2021,2,
Maize,2019-20,BD4001,Bagerhat,418.0,946.0,5.592,2022,2,
Maize,2020-21,BD4001,Bagerhat,421.5,946.17,5.547,2023,2,
Maize,2021-22,BD4001,Bagerhat,404.0,915.45,5.599,2023,3,newest-edition-outlier-rejected
Maize,2022-23,BD4001,Bagerhat,404.0,915.45,5.599,2025,3,
Maize,2023-24,BD4001,Bagerhat,530.0,1240.0,5.781,2025,2,
Maize,2024-25,BD4001,Bagerhat,515.5,1256.71,6.024,2025,1,
Maize,2013-14,BD2003,Bandarban,663.0,1013.0,3.776,2017,2,
Maize,2014-15,BD2003,Bandarban,737.0,1536.0,5.15,2018,3,
Maize,2015-16,BD2003,Bandarban,736.0,1557.0,5.227,2018,3,newest-edition-outlier-rejected
Maize,2016-17,BD2003,Bandarban,741.0,575.0,1.917,2020,3,
Maize,2017-18,BD2003,Bandarban,749.0,582.0,1.92,2021,3,
Maize,2018-19,BD2003,Bandarban,750.0,585.0,1.927,2021,2,
Maize,2019-20,BD2003,Bandarban,772.0,1096.0,3.508,2022,2,
Maize,2020-21,BD2003,Bandarban,785.0,942.1,2.966,2023,2,
Maize,2021-22,BD2003,Bandarban,790.5,896.0,2.801,2023,3,newest-edition-outlier-rejected
Maize,2022-23,BD2003,Bandarban,790.5,896.0,2.801,2025,3,
Maize,2023-24,BD2003,Bandarban,803.0,907.75,2.793,2025,2,
Maize,2024-25,BD2003,Bandarban,784.51,1439.47,4.534,2025,1,
Maize,2013-14,BD1004,Barguna,127.0,187.0,3.638,2017,2,
Maize,2014-15,BD1004,Barguna,103.0,142.0,3.407,2018,3,
Maize,2015-16,BD1004,Barguna,114.0,156.0,3.381,2019,3,
Maize,2016-17,BD1004,Barguna,125.0,170.0,3.361,2020,3,
Maize,2017-18,BD1004,Barguna,128.0,228.0,4.402,2021,3,
Maize,2018-19,BD1004,Barguna,124.0,160.0,3.188,2021,2,
Maize,2019-20,BD1004,Barguna,125.0,162.0,3.202,2022,2,
Maize,2020-21,BD1004,Barguna,126.0,181.0,3.55,2023,2,
Maize,2021-22,BD1004,Barguna,126.0,181.0,3.55,2024,3,
Maize,2022-23,BD1004,Barguna,127.0,180.0,3.502,2025,3,
Maize,2023-24,BD1004,Barguna,110.0,156.0,3.504,2025,2,
Maize,2024-25,BD1004,Barguna,80.0,182.0,5.622,2025,1,
Maize,2013-14,BD1006,Barishal,186.0,329.0,4.371,2017,2,
Maize,2014-15,BD1006,Barishal,223.0,398.0,4.41,2018,3,
Maize,2015-16,BD1006,Barishal,274.0,422.0,3.806,2019,3,
Maize,2016-17,BD1006,Barishal,322.0,557.0,4.274,2020,3,
Maize,2017-18,BD1006,Barishal,322.0,559.0,4.29,2021,3,
Maize,2018-19,BD1006,Barishal,320.0,554.0,4.278,2021,2,
Maize,2019-20,BD1006,Barishal,650.0,1255.0,4.771,2022,2,
Maize,2020-21,BD1006,Barishal,660.0,1320.0,4.942,2023,2,
Maize,2021-22,BD1006,Barishal,1094.0,2459.0,5.554,2023,3,newest-edition-outlier-rejected
Maize,2022-23,BD1006,Barishal,1094.0,2459.0,5.554,2025,3,
Maize,2023-24,BD1006,Barishal,1114.0,2242.0,4.973,2025,2,
Maize,2024-25,BD1006,Barishal,1494.0,3157.0,5.222,2025,1,
Maize,2013-14,BD1009,Bhola,535.0,858.0,3.963,2017,2,
Maize,2014-15,BD1009,Bhola,483.0,789.0,4.037,2018,3,
Maize,2015-16,BD1009,Bhola,481.0,795.0,4.084,2019,3,
Maize,2016-17,BD1009,Bhola,858.0,1011.0,2.912,2020,3,
Maize,2017-18,BD1009,Bhola,390.0,633.0,4.011,2021,3,
Maize,2018-19,BD1009,Bhola,1005.0,1528.0,3.757,2021,2,
Maize,2019-20,BD1009,Bhola,1898.0,3424.0,4.458,2022,2,
Maize,2020-21,BD1009,Bhola,1954.0,5254.0,6.644,2023,2,
Maize,2021-22,BD1009,Bhola,1940.0,4966.0,6.325,2023,3,newest-edition-outlier-rejected
Maize,2022-23,BD1009,Bhola,1940.0,4966.0,6.325,2025,3,
Maize,2023-24,BD1009,Bhola,1871.0,4917.0,6.494,2025,2,
Maize,2024-25,BD1009,Bhola,1921.0,5058.0,6.506,2025,1,
Maize,2013-14,BD5010,Bogura,23844.0,58053.0,6.016,2017,2,
Maize,2014-15,BD5010,Bogura,21063.0,51280.0,6.016,2018,3,
Maize,2015-16,BD5010,Bogura,19524.0,47769.0,6.046,2019,3,
Maize,2016-17,BD5010,Bogura,17710.0,43592.0,6.082,2020,3,
Maize,2017-18,BD5010,Bogura,13798.0,37721.0,6.755,2021,3,
Maize,2018-19,BD5010,Bogura,14884.0,40763.0,6.768,2021,2,
Maize,2019-20,BD5010,Bogura,18354.0,55008.0,7.406,2022,2,
Maize,2020-21,BD5010,Bogura,18583.94,56351.71,7.493,2023,2,
Maize,2021-22,BD5010,Bogura,17303.97,57541.06,8.217,2023,3,newest-edition-outlier-rejected
Maize,2022-23,BD5010,Bogura,17303.97,57541.06,8.217,2025,3,
Maize,2023-24,BD5010,Bogura,31067.61,116666.28,9.279,2025,2,
Maize,2024-25,BD5010,Bogura,36657.84,150066.46,10.116,2025,1,
Maize,2013-14,BD2012,Brahmanbaria,0.0,0.0,,2017,2,
Maize,2014-15,BD2012,Brahmanbaria,0.0,0.0,,2018,3,
Maize,2015-16,BD2012,Brahmanbaria,1.0,1.0,2.471,2019,3,
Maize,2016-17,BD2012,Brahmanbaria,0.0,0.0,,2020,3,
Maize,2017-18,BD2012,Brahmanbaria,75.0,7.0,0.231,2021,3,
Maize,2018-19,BD2012,Brahmanbaria,41.0,69.0,4.159,2021,2,
Maize,2019-20,BD2012,Brahmanbaria,120.0,165.0,3.398,2022,2,
Maize,2020-21,BD2012,Brahmanbaria,266.9,406.04,3.759,2023,2,
Maize,2021-22,BD2012,Brahmanbaria,282.3,496.09,4.342,2023,3,newest-edition-outlier-rejected
Maize,2022-23,BD2012,Brahmanbaria,282.3,496.09,4.342,2025,3,
Maize,2023-24,BD2012,Brahmanbaria,1287.8,2720.5,5.22,2025,2,
Maize,2024-25,BD2012,Brahmanbaria,1329.4,5101.04,9.482,2025,1,
Maize,2013-14,BD2013,Chandpur,693.0,1045.0,3.726,2017,2,
Maize,2014-15,BD2013,Chandpur,2070.0,3536.0,4.221,2018,3,
Maize,2015-16,BD2013,Chandpur,2240.0,3873.0,4.272,2018,3,newest-edition-outlier-rejected
Maize,2016-17,BD2013,Chandpur,15130.0,38570.0,6.299,2020,3,
Maize,2017-18,BD2013,Chandpur,16986.0,32345.0,4.705,2021,3,
Maize,2018-19,BD2013,Chandpur,17794.0,53814.0,7.473,2021,2,
Maize,2019-20,BD2013,Chandpur,13216.0,26035.0,4.868,2022,2,
Maize,2020-21,BD2013,Chandpur,13729.0,38511.69,6.932,2023,2,
Maize,2021-22,BD2013,Chandpur,14229.15,39309.58,6.827,2023,3,newest-edition-outlier-rejected
Maize,2022-23,BD2013,Chandpur,14229.15,39309.58,6.827,2025,3,
Maize,2023-24,BD2013,Chandpur,11319.9,32517.3,7.098,2025,2,
Maize,2024-25,BD2013,Chandpur,11323.27,40854.43,8.916,2025,1,
Maize,2013-14,BD5070,Chapainababganj,15075.0,33947.0,5.564,2017,2,
Maize,2014-15,BD5070,Chapainababganj,13721.0,29541.0,5.32,2018,3,
Maize,2015-16,BD5070,Chapainababganj,14396.0,36519.0,6.268,2019,3,
Maize,2016-17,BD5070,Chapainababganj,14027.0,41157.0,7.25,2020,3,
Maize,2017-18,BD5070,Chapainababganj,14153.0,38862.0,6.785,2021,3,
Maize,2018-19,BD5070,Chapainababganj,14959.0,40700.0,6.723,2021,2,
Maize,2019-20,BD5070,Chapainababganj,16534.0,44864.0,6.705,2022,2,
Maize,2020-21,BD5070,Chapainababganj,16946.89,46085.11,6.72,2023,2,
Maize,2021-22,BD5070,Chapainababganj,17433.02,47600.25,6.747,2023,3,newest-edition-outlier-rejected
Maize,2022-23,BD5070,Chapainababganj,17433.02,47600.25,6.747,2025,3,
Maize,2023-24,BD5070,Chapainababganj,17667.0,51467.93,7.199,2025,2,
Maize,2024-25,BD5070,Chapainababganj,17375.29,60594.98,8.618,2025,1,
Maize,2013-14,BD2015,Chattogram,11.0,8.0,1.797,2017,2,
Maize,2014-15,BD2015,Chattogram,15.0,12.0,1.977,2018,3,
Maize,2015-16,BD2015,Chattogram,95.0,211.0,5.488,2019,3,yoy-jump-gt-10x
Maize,2016-17,BD2015,Chattogram,226.0,618.0,6.757,2020,3,
Maize,2017-18,BD2015,Chattogram,63.0,143.0,5.609,2021,3,
Maize,2018-19,BD2015,Chattogram,60.0,141.0,5.807,2021,2,
Maize,2019-20,BD2015,Chattogram,65.0,170.0,6.463,2022,2,
Maize,2020-21,BD2015,Chattogram,66.0,171.87,6.435,2023,2,
Maize,2021-22,BD2015,Chattogram,110.0,248.0,5.571,2023,3,newest-edition-outlier-rejected
Maize,2022-23,BD2015,Chattogram,110.0,248.0,5.571,2025,3,
Maize,2023-24,BD2015,Chattogram,137.74,351.36,6.303,2025,2,
Maize,2024-25,BD2015,Chattogram,268.51,1151.18,10.594,2025,1,
Maize,2013-14,BD4018,Chuadanga,117975.0,398907.0,8.355,2017,2,
Maize,2014-15,BD4018,Chuadanga,108734.0,423380.0,9.622,2018,3,
Maize,2015-16,BD4018,Chuadanga,117113.0,453774.0,9.575,2019,3,
Maize,2016-17,BD4018,Chuadanga,121679.0,474828.0,9.643,2020,3,
Maize,2017-18,BD4018,Chuadanga,111093.0,437740.0,9.737,2021,3,
Maize,2018-19,BD4018,Chuadanga,116673.0,419932.0,8.894,2021,2,
Maize,2019-20,BD4018,Chuadanga,119442.0,503345.0,10.413,2022,2,
Maize,2020-21,BD4018,Chuadanga,117936.0,517263.0,10.838,2023,2,
Maize,2021-22,BD4018,Chuadanga,115476.0,488723.0,10.458,2023,3,newest-edition-outlier-rejected
Maize,2022-23,BD4018,Chuadanga,115476.0,488723.0,10.458,2025,3,
Maize,2023-24,BD4018,Chuadanga,118239.5,555116.0,11.601,2025,2,
Maize,2024-25,BD4018,Chuadanga,120665.75,569874.6,11.67,2025,1,
Maize,2013-14,BD2022,Cox's Bazar,172.0,209.0,3.003,2017,2,
Maize,2014-15,BD2022,Cox's Bazar,200.0,250.0,3.089,2018,3,
Maize,2015-16,BD2022,Cox's Bazar,186.0,387.0,5.141,2019,3,
Maize,2016-17,BD2022,Cox's Bazar,205.0,425.0,5.123,2020,3,
Maize,2017-18,BD2022,Cox's Bazar,0.0,0.0,,2021,3,
Maize,2018-19,BD2022,Cox's Bazar,0.0,0.0,,2021,2,
Maize,2019-20,BD2022,Cox's Bazar,200.0,425.0,5.251,2022,2,
Maize,2020-21,BD2022,Cox's Bazar,200.35,424.94,5.241,2023,2,
Maize,2021-22,BD2022,Cox's Bazar,200.35,424.94,5.241,2024,3,
Maize,2022-23,BD2022,Cox's Bazar,200.0,425.0,5.251,2025,3,
Maize,2023-24,BD2022,Cox's Bazar,200.35,424.94,5.241,2025,2,
Maize,2024-25,BD2022,Cox's Bazar,206.44,865.98,10.366,2025,1,
Maize,2013-14,BD2019,Cumilla,17496.0,34045.0,4.808,2017,2,
Maize,2014-15,BD2019,Cumilla,32927.0,68247.0,5.122,2018,3,
Maize,2015-16,BD2019,Cumilla,19086.0,40229.0,5.208,2019,3,
Maize,2016-17,BD2019,Cumilla,22207.0,38589.0,4.294,2020,3,
Maize,2017-18,BD2019,Cumilla,19856.0,38783.0,4.826,2021,3,
Maize,2018-19,BD2019,Cumilla,19731.0,37410.0,4.685,2021,2,
Maize,2019-20,BD2019,Cumilla,23069.0,52734.0,5.649,2022,2,
Maize,2020-21,BD2019,Cumilla,23305.0,57115.5,6.056,2023,2,
Maize,2021-22,BD2019,Cumilla,23305.0,57115.5,6.056,2024,3,
Maize,2022-23,BD2019,Cumilla,23309.0,57116.0,6.055,2025,3,
Maize,2023-24,BD2019,Cumilla,24054.0,54813.1,5.631,2025,2,
Maize,2024-25,BD2019,Cumilla,28329.0,98994.0,8.635,2025,1,
Maize,2013-14,BD3026,Dhaka,9802.0,26287.0,6.627,2017,2,
Maize,2014-15,BD3026,Dhaka,9093.0,26320.0,7.153,2018,3,
Maize,2015-16,BD3026,Dhaka,11201.0,28006.0,6.178,2019,3,
Maize,2016-17,BD3026,Dhaka,11433.0,32392.0,7.001,2020,3,
Maize,2017-18,BD3026,Dhaka,11341.0,32256.0,7.028,2021,3,
Maize,2018-19,BD3026,Dhaka,11432.0,26711.0,5.774,2021,2,
Maize,2019-20,BD3026,Dhaka,11749.0,33201.0,6.983,2022,2,
Maize,2020-21,BD3026,Dhaka,16502.0,44431.9,6.653,2023,2,
Maize,2021-22,BD3026,Dhaka,13258.0,37938.93,7.071,2023,3,newest-edition-outlier-rejected
Maize,2022-23,BD3026,Dhaka,13258.0,37938.93,7.071,2025,3,
Maize,2023-24,BD3026,Dhaka,13093.5,36892.02,6.962,2025,2,
Maize,2024-25,BD3026,Dhaka,10638.05,33799.06,7.851,2025,1,
Maize,2013-14,BD5527,Dinajpur,142585.0,445731.0,7.725,2017,2,
Maize,2014-15,BD5527,Dinajpur,146335.0,460759.0,7.78,2018,3,
Maize,2015-16,BD5527,Dinajpur,160233.0,497838.0,7.677,2019,3,
Maize,2016-17,BD5527,Dinajpur,167625.0,530717.0,7.824,2020,3,
Maize,2017-18,BD5527,Dinajpur,152687.0,498295.0,8.064,2021,3,
Maize,2018-19,BD5527,Dinajpur,162283.0,556322.0,8.471,2021,2,
Maize,2019-20,BD5527,Dinajpur,164966.0,627850.0,9.405,2022,2,
Maize,2020-21,BD5527,Dinajpur,166533.0,584980.0,8.68,2023,2,
Maize,2021-22,BD5527,Dinajpur,172578.0,630047.0,9.021,2023,3,newest-edition-outlier-rejected
Maize,2022-23,BD5527,Dinajpur,172578.0,630047.0,9.021,2025,3,
Maize,2023-24,BD5527,Dinajpur,172498.0,641406.89,9.188,2025,2,
Maize,2024-25,BD5527,Dinajpur,178216.0,720808.0,9.994,2025,1,
Maize,2013-14,BD3029,Faridpur,718.0,2136.0,7.351,2017,2,
Maize,2014-15,BD3029,Faridpur,497.0,1582.0,7.866,2018,3,
Maize,2015-16,BD3029,Faridpur,416.0,1350.0,8.019,2019,3,
Maize,2016-17,BD3029,Faridpur,960.0,3516.0,9.05,2020,3,
Maize,2017-18,BD3029,Faridpur,903.0,2378.0,6.507,2021,3,
Maize,2018-19,BD3029,Faridpur,648.0,1283.0,4.893,2021,2,
Maize,2019-20,BD3029,Faridpur,1552.0,3514.0,5.595,2022,2,
Maize,2020-21,BD3029,Faridpur,1550.5,3495.0,5.57,2023,2,
Maize,2021-22,BD3029,Faridpur,800.0,1856.35,5.734,2023,3,newest-edition-outlier-rejected
Maize,2022-23,BD3029,Faridpur,800.0,1856.35,5.734,2025,3,
Maize,2023-24,BD3029,Faridpur,944.6,3155.5,8.255,2025,2,
Maize,2024-25,BD3029,Faridpur,1548.88,4769.1,7.609,2025,1,
Maize,2013-14,BD2030,Feni,1.0,1.0,2.471,2017,2,
Maize,2014-15,BD2030,Feni,5.0,6.0,2.965,2018,3,
Maize,2015-16,BD2030,Feni,6.0,3.0,1.236,2019,3,
Maize,2016-17,BD2030,Feni,7.0,4.0,1.412,2020,3,
Maize,2017-18,BD2030,Feni,90.0,207.0,5.683,2021,3,yoy-jump-gt-10x
Maize,2018-19,BD2030,Feni,194.0,572.0,7.286,2021,2,
Maize,2019-20,BD2030,Feni,318.0,1007.0,7.825,2022,2,
Maize,2020-21,BD2030,Feni,350.92,1017.24,7.163,2023,2,
Maize,2021-22,BD2030,Feni,350.92,1017.24,7.163,2024,3,
Maize,2022-23,BD2030,Feni,355.13,1021.99,7.111,2025,3,
Maize,2023-24,BD2030,Feni,186.5,675.0,8.943,2025,2,
Maize,2024-25,BD2030,Feni,183.9,660.6,8.876,2025,1,
Maize,2013-14,BD5532,Gaibandha,19784.0,53896.0,6.732,2017,2,
Maize,2014-15,BD5532,Gaibandha,21578.0,60394.0,6.916,2018,3,
Maize,2015-16,BD5532,Gaibandha,24386.0,69121.0,7.004,2019,3,
Maize,2016-17,BD5532,Gaibandha,27234.0,85181.0,7.729,2020,3,
Maize,2017-18,BD5532,Gaibandha,27744.0,88643.0,7.895,2021,3,
Maize,2018-19,BD5532,Gaibandha,32532.0,105238.0,7.994,2021,2,
Maize,2019-20,BD5532,Gaibandha,34451.0,110988.0,7.961,2022,2,
Maize,2020-21,BD5532,Gaibandha,34201.0,109955.0,7.944,2023,2,
Maize,2021-22,BD5532,Gaibandha,27327.0,89609.2,8.103,2023,3,newest-edition-outlier-rejected
Maize,2022-23,BD5532,Gaibandha,27327.0,89609.2,8.103,2025,3,
Maize,2023-24,BD5532,Gaibandha,31353.0,99423.54,7.836,2025,2,
Maize,2024-25,BD5532,Gaibandha,32001.0,158849.0,12.266,2025,1,
Maize,2013-14,BD3033,Gazipur,303.0,495.0,4.037,2017,2,
Maize,2014-15,BD3033,Gazipur,153.0,239.0,3.86,2018,3,
Maize,2015-16,BD3033,Gazipur,146.0,210.0,3.554,2019,3,
Maize,2016-17,BD3033,Gazipur,130.0,184.0,3.497,2020,3,
Maize,2017-18,BD3033,Gazipur,42.0,82.0,4.824,2021,3,
Maize,2018-19,BD3033,Gazipur,18.0,36.0,4.942,2021,2,
Maize,2019-20,BD3033,Gazipur,5.8,10.08,4.295,2022,2,
Maize,2020-21,BD3033,Gazipur,346.12,790.72,5.645,2023,2,yoy-jump-gt-10x
Maize,2021-22,BD3033,Gazipur,227.57,675.27,7.332,2023,3,newest-edition-outlier-rejected
Maize,2022-23,BD3033,Gazipur,227.57,675.27,7.332,2025,3,
Maize,2023-24,BD3033,Gazipur,66.96,286.93,10.589,2025,2,
Maize,2024-25,BD3033,Gazipur,73.97,227.8,7.61,2025,1,
Maize,2013-14,BD3035,Gopalganj,1.0,3.0,7.413,2017,2,
Maize,2014-15,BD3035,Gopalganj,36.0,103.0,7.07,2018,3,yoy-jump-gt-10x
Maize,2015-16,BD3035,Gopalganj,5.0,10.0,4.942,2019,3,yoy-jump-gt-10x
Maize,2016-17,BD3035,Gopalganj,16.0,12.0,1.853,2020,3,
Maize,2017-18,BD3035,Gopalganj,81.0,259.0,7.901,2021,3,yoy-jump-gt-10x
Maize,2018-19,BD3035,Gopalganj,106.0,321.0,7.483,2021,2,
Maize,2019-20,BD3035,Gopalganj,99.0,284.0,7.089,2022,2,
Maize,2020-21,BD3035,Gopalganj,115.6,328.79,7.028,2023,2,
Maize,2021-22,BD3035,Gopalganj,108.37,303.11,6.912,2023,3,newest-edition-outlier-rejected
Maize,2022-23,BD3035,Gopalganj,108.37,303.11,6.912,2025,3,
Maize,2023-24,BD3035,Gopalganj,114.5,327.55,7.069,2025,2,
Maize,2024-25,BD3035,Gopalganj,144.08,482.01,8.267,2025,1,
Maize,2013-14,BD6036,Habiganj,0.0,0.0,,2017,2,
Maize,2014-15,BD6036,Habiganj,0.0,0.0,,2018,3,
Maize,2015-16,BD6036,Habiganj,0.0,0.0,,2019,3,
Maize,2016-17,BD6036,Habiganj,15.0,27.0,4.448,2020,3,
Maize,2017-18,BD6036,Habiganj,16.0,28.0,4.324,2021,3,
Maize,2018-19,BD6036,Habiganj,16.0,29.0,4.479,2021,2,
Maize,2019-20,BD6036,Habiganj,35.0,62.0,4.377,2022,2,
Maize,2020-21,BD6036,Habiganj,27.8,39.1,3.475,2023,2,
Maize,2021-22,BD6036,Habiganj,55.5,105.32,4.689,2023,3,newest-edition-outlier-rejected
Maize,2022-23,BD6036,Habiganj,55.5,105.32,4.689,2025,3,
Maize,2023-24,BD6036,Habiganj,57.25,39.73,1.715,2025,2,
Maize,2024-25,BD6036,Habiganj,148.05,392.78,6.556,2025,1,
Maize,2013-14,BD4539,Jamalpur,10012.0,33137.0,8.179,2017,2,
Maize,2014-15,BD4539,Jamalpur,12136.0,37148.0,7.564,2018,3,
Maize,2015-16,BD4539,Jamalpur,17439.0,66007.0,9.353,2019,3,
Maize,2016-17,BD4539,Jamalpur,18304.0,74947.0,10.118,2020,3,
Maize,2017-18,BD4539,Jamalpur,20742.0,82570.0,9.837,2021,3,
Maize,2018-19,BD4539,Jamalpur,25418.0,102588.0,9.973,2021,2,
Maize,2019-20,BD4539,Jamalpur,25431.0,102856.3,9.994,2022,2,
Maize,2020-21,BD4539,Jamalpur,27695.0,113758.0,10.15,2023,2,
Maize,2021-22,BD4539,Jamalpur,28583.0,121457.0,10.5,2023,3,newest-edition-outlier-rejected
Maize,2022-23,BD4539,Jamalpur,28583.0,121457.0,10.5,2025,3,
Maize,2023-24,BD4539,Jamalpur,34621.0,148869.0,10.625,2025,2,
Maize,2024-25,BD4539,Jamalpur,40478.0,174059.0,10.626,2025,1,
Maize,2013-14,BD4041,Jashore,606.0,1312.0,5.35,2017,2,
Maize,2014-15,BD4041,Jashore,739.0,1906.0,6.373,2018,3,
Maize,2015-16,BD4041,Jashore,655.0,1689.0,6.372,2019,3,
Maize,2016-17,BD4041,Jashore,767.0,2252.0,7.255,2020,3,
Maize,2017-18,BD4041,Jashore,868.0,2642.0,7.521,2021,3,
Maize,2018-19,BD4041,Jashore,1028.0,3169.0,7.617,2021,2,
Maize,2019-20,BD4041,Jashore,1186.0,3719.0,7.749,2022,2,
Maize,2020-21,BD4041,Jashore,1470.0,4790.0,8.052,2023,2,
Maize,2021-22,BD4041,Jashore,1229.0,4157.0,8.358,2023,3,newest-edition-outlier-rejected
Maize,2022-23,BD4041,Jashore,1229.0,4157.0,8.358,2025,3,
Maize,2023-24,BD4041,Jashore,1396.0,4758.0,8.422,2025,2,
Maize,2024-25,BD4041,Jashore,1954.0,6833.0,8.641,2025,1,
Maize,2013-14,BD1042,Jhalokati,116.0,372.0,7.924,2017,2,
Maize,2014-15,BD1042,Jhalokati,138.0,304.0,5.443,2018,3,
Maize,2015-16,BD1042,Jhalokati,140.0,312.0,5.507,2019,3,
Maize,2016-17,BD1042,Jhalokati,176.0,257.0,3.608,2020,3,
Maize,2017-18,BD1042,Jhalokati,140.0,247.0,4.36,2021,3,
Maize,2018-19,BD1042,Jhalokati,140.0,248.0,4.377,2021,2,
Maize,2019-20,BD1042,Jhalokati,1093.0,2391.0,5.406,2022,2,
Maize,2020-21,BD1042,Jhalokati,1095.0,2404.0,5.425,2023,2,
Maize,2021-22,BD1042,Jhalokati,1078.0,1874.0,4.296,2023,3,newest-edition-outlier-rejected
Maize,2022-23,BD1042,Jhalokati,1078.0,1874.0,4.296,2025,3,
Maize,2023-24,BD1042,Jhalokati,1080.0,2216.0,5.07,2025,2,
Maize,2024-25,BD1042,Jhalokati,1110.0,3170.0,7.057,2025,1,
Maize,2013-14,BD4044,Jhenaidah,35022.0,110993.0,7.831,2017,2,
Maize,2014-15,BD4044,Jhenaidah,35515.0,94769.0,6.594,2018,3,
Maize,2015-16,BD4044,Jhenaidah,23102.0,73788.0,7.893,2019,3,
Maize,2016-17,BD4044,Jhenaidah,31077.0,100385.0,7.982,2020,3,
Maize,2017-18,BD4044,Jhenaidah,36928.0,135062.0,9.038,2021,3,
Maize,2018-19,BD4044,Jhenaidah,42808.0,136509.0,7.88,2021,2,
Maize,2019-20,BD4044,Jhenaidah,42964.0,167104.0,9.611,2022,2,
Maize,2020-21,BD4044,Jhenaidah,43241.0,172060.5,9.833,2023,2,
Maize,2021-22,BD4044,Jhenaidah,46036.0,179301.0,9.624,2023,3,newest-edition-outlier-rejected
Maize,2022-23,BD4044,Jhenaidah,46036.0,179301.0,9.624,2025,3,
Maize,2023-24,BD4044,Jhenaidah,43991.0,183514.4,10.308,2025,2,
Maize,2024-25,BD4044,Jhenaidah,47351.3,227096.19,11.851,2025,1,
Maize,2013-14,BD5038,Joypurhat,819.0,1705.0,5.144,2017,2,
Maize,2014-15,BD5038,Joypurhat,896.0,2310.0,6.371,2018,3,
Maize,2015-16,BD5038,Joypurhat,656.0,1595.0,6.008,2019,3,
Maize,2016-17,BD5038,Joypurhat,857.0,2156.0,6.217,2020,3,
Maize,2017-18,BD5038,Joypurhat,859.0,2158.0,6.208,2021,3,
Maize,2018-19,BD5038,Joypurhat,945.0,2328.0,6.087,2021,2,
Maize,2019-20,BD5038,Joypurhat,1011.0,3028.0,7.401,2022,2,
Maize,2020-21,BD5038,Joypurhat,817.58,2828.0,8.547,2023,2,
Maize,2021-22,BD5038,Joypurhat,862.74,3229.0,9.248,2023,3,newest-edition-outlier-rejected
Maize,2022-23,BD5038,Joypurhat,862.74,3229.0,9.248,2025,3,
Maize,2023-24,BD5038,Joypurhat,908.56,3228.0,8.779,2025,2,
Maize,2024-25,BD5038,Joypurhat,1879.29,7895.02,10.381,2025,1,
Maize,2013-14,BD2046,Khagrachhari,1442.0,1798.0,3.081,2017,2,
Maize,2014-15,BD2046,Khagrachhari,1255.0,1369.0,2.696,2018,3,
Maize,2015-16,BD2046,Khagrachhari,1295.0,1459.0,2.784,2019,3,
Maize,2016-17,BD2046,Khagrachhari,1332.0,1495.0,2.773,2020,3,
Maize,2017-18,BD2046,Khagrachhari,1295.0,2443.0,4.662,2021,3,
Maize,2018-19,BD2046,Khagrachhari,1432.0,2710.0,4.676,2021,2,
Maize,2019-20,BD2046,Khagrachhari,1471.0,2600.0,4.368,2022,2,
Maize,2020-21,BD2046,Khagrachhari,1474.75,2626.0,4.4,2023,2,
Maize,2021-22,BD2046,Khagrachhari,1524.06,2880.37,4.67,2023,3,newest-edition-outlier-rejected
Maize,2022-23,BD2046,Khagrachhari,1524.06,2880.37,4.67,2025,3,
Maize,2023-24,BD2046,Khagrachhari,1546.41,2783.67,4.448,2025,2,
Maize,2024-25,BD2046,Khagrachhari,1618.61,5135.59,7.84,2025,1,
Maize,2013-14,BD4047,Khulna,70.0,139.0,4.907,2017,2,
Maize,2014-15,BD4047,Khulna,145.0,287.0,4.891,2018,3,
Maize,2015-16,BD4047,Khulna,123.0,201.0,4.038,2019,3,
Maize,2016-17,BD4047,Khulna,54.0,129.0,5.903,2020,3,
Maize,2017-18,BD4047,Khulna,54.0,99.0,4.53,2021,3,
Maize,2018-19,BD4047,Khulna,61.0,148.0,5.995,2021,2,
Maize,2019-20,BD4047,Khulna,159.0,414.0,6.434,2022,2,
Maize,2020-21,BD4047,Khulna,213.4,602.37,6.975,2023,2,
Maize,2021-22,BD4047,Khulna,207.17,624.7,7.451,2023,3,newest-edition-outlier-rejected
Maize,2022-23,BD4047,Khulna,207.17,624.7,7.451,2025,3,
Maize,2023-24,BD4047,Khulna,315.96,923.07,7.219,2025,2,
Maize,2024-25,BD4047,Khulna,280.55,829.65,7.307,2025,1,
Maize,2013-14,BD3048,Kishoreganj,4951.0,12005.0,5.992,2017,2,
Maize,2014-15,BD3048,Kishoreganj,5042.0,12929.0,6.336,2018,3,
Maize,2015-16,BD3048,Kishoreganj,5731.0,14342.0,6.184,2019,3,
Maize,2016-17,BD3048,Kishoreganj,9871.0,28923.0,7.24,2020,3,
Maize,2017-18,BD3048,Kishoreganj,9307.0,2553.0,0.678,2021,3,yoy-jump-gt-10x
Maize,2018-19,BD3048,Kishoreganj,9499.0,27592.0,7.178,2021,2,yoy-jump-gt-10x
Maize,2019-20,BD3048,Kishoreganj,10334.0,28086.0,6.716,2022,2,
Maize,2020-21,BD3048,Kishoreganj,13926.74,43161.0,7.658,2023,2,
Maize,2021-22,BD3048,Kishoreganj,15318.29,51557.96,8.317,2023,3,newest-edition-outlier-rejected
Maize,2022-23,BD3048,Kishoreganj,15318.29,51557.96,8.317,2025,3,
Maize,2023-24,BD3048,Kishoreganj,18205.37,63560.32,8.627,2025,2,
Maize,2024-25,BD3048,Kishoreganj,19317.53,68154.25,8.718,2025,1,
Maize,2013-14,BD5549,Kurigram,2855.0,8151.0,7.055,2017,2,
Maize,2014-15,BD5549,Kurigram,4472.0,11647.0,6.436,2018,3,
Maize,2015-16,BD5549,Kurigram,5977.0,18394.0,7.605,2019,3,
Maize,2016-17,BD5549,Kurigram,17740.0,49319.0,6.87,2020,3,
Maize,2017-18,BD5549,Kurigram,19552.0,57366.0,7.25,2021,3,
Maize,2018-19,BD5549,Kurigram,24451.0,73137.0,7.391,2021,2,
Maize,2019-20,BD5549,Kurigram,23871.0,71010.0,7.351,2022,2,
Maize,2020-21,BD5549,Kurigram,22775.0,74910.97,8.128,2023,2,
Maize,2021-22,BD5549,Kurigram,22435.0,79414.25,8.747,2023,3,newest-edition-outlier-rejected
Maize,2022-23,BD5549,Kurigram,22435.0,79414.25,8.747,2025,3,
Maize,2023-24,BD5549,Kurigram,22779.0,81129.35,8.801,2025,2,
Maize,2024-25,BD5549,Kurigram,25627.0,105657.0,10.188,2025,1,
Maize,2013-14,BD4050,Kushtia,15228.0,36552.0,5.931,2017,2,
Maize,2014-15,BD4050,Kushtia,15030.0,37540.0,6.172,2018,3,
Maize,2015-16,BD4050,Kushtia,14552.0,37161.0,6.31,2019,3,
Maize,2016-17,BD4050,Kushtia,17870.0,58621.0,8.106,2020,3,
Maize,2017-18,BD4050,Kushtia,16018.0,59848.0,9.233,2021,3,
Maize,2018-19,BD4050,Kushtia,18438.0,69302.0,9.288,2021,2,
Maize,2019-20,BD4050,Kushtia,24062.0,96150.0,9.874,2022,2,
Maize,2020-21,BD4050,Kushtia,24560.0,97640.0,9.824,2023,2,
Maize,2021-22,BD4050,Kushtia,23802.0,95423.0,9.907,2023,3,newest-edition-outlier-rejected
Maize,2022-23,BD4050,Kushtia,23802.0,95423.0,9.907,2025,3,
Maize,2023-24,BD4050,Kushtia,26152.0,64682.0,6.112,2025,2,
Maize,2024-25,BD4050,Kushtia,28502.0,134192.0,11.634,2025,1,
Maize,2013-14,BD2051,Lakshmipur,0.0,0.0,,2017,2,
Maize,2014-15,BD2051,Lakshmipur,0.0,0.0,,2018,3,
Maize,2015-16,BD2051,Lakshmipur,0.0,0.0,,2019,3,
Maize,2016-17,BD2051,Lakshmipur,0.0,0.0,,2020,3,
Maize,2017-18,BD2051,Lakshmipur,0.0,0.0,,2021,3,
Maize,2018-19,BD2051,Lakshmipur,0.0,0.0,,2021,2,
Maize,2019-20,BD2051,Lakshmipur,0.0,0.0,,2022,2,
Maize,2020-21,BD2051,Lakshmipur,0.0,0.0,,2023,2,
Maize,2021-22,BD2051,Lakshmipur,292.0,599.0,5.069,2023,3,newest-edition-outlier-rejected
Maize,2022-23,BD2051,Lakshmipur,292.0,599.0,5.069,2025,3,
Maize,2023-24,BD2051,Lakshmipur,144.0,326.0,5.594,2025,2,
Maize,2024-25,BD2051,Lakshmipur,149.2,764.94,12.669,2025,1,
Maize,2013-14,BD5552,Lalmonirhat,60655.0,179111.0,7.297,2017,2,
Maize,2014-15,BD5552,Lalmonirhat,61471.0,179883.0,7.231,2018,3,
Maize,2015-16,BD5552,Lalmonirhat,63514.0,189163.0,7.36,2019,3,
Maize,2016-17,BD5552,Lalmonirhat,67068.0,191225.0,7.045,2020,3,
Maize,2017-18,BD5552,Lalmonirhat,77555.0,250864.0,7.993,2021,3,
Maize,2018-19,BD5552,Lalmonirhat,86116.0,287725.0,8.256,2021,2,
Maize,2019-20,BD5552,Lalmonirhat,82708.0,275695.0,8.237,2022,2,
Maize,2020-21,BD5552,Lalmonirhat,88661.0,309114.0,8.615,2023,2,
Maize,2021-22,BD5552,Lalmonirhat,88661.0,309114.0,8.615,2024,3,
Maize,2022-23,BD5552,Lalmonirhat,83662.25,308095.6,9.1,2025,3,
Maize,2023-24,BD5552,Lalmonirhat,85747.0,316764.79,9.129,2025,2,
Maize,2024-25,BD5552,Lalmonirhat,98165.0,397252.0,10.0,2025,1,
Maize,2013-14,BD3054,Madaripur,60.0,125.0,5.148,2017,2,
Maize,2014-15,BD3054,Madaripur,68.0,170.0,6.178,2018,3,
Maize,2015-16,BD3054,Madaripur,60.0,125.0,5.148,2019,3,
Maize,2016-17,BD3054,Madaripur,156.0,349.0,5.528,2020,3,
Maize,2017-18,BD3054,Madaripur,153.0,523.0,8.447,2021,3,
Maize,2018-19,BD3054,Madaripur,413.0,4445.0,26.595,2021,2,
Maize,2019-20,BD3054,Madaripur,583.0,2270.0,9.621,2022,2,
Maize,2020-21,BD3054,Madaripur,568.6,2153.58,9.359,2023,2,
Maize,2021-22,BD3054,Madaripur,584.0,2205.75,9.333,2023,3,newest-edition-outlier-rejected
Maize,2022-23,BD3054,Madaripur,584.0,2205.75,9.333,2025,3,
Maize,2023-24,BD3054,Madaripur,693.17,2622.19,9.348,2025,2,
Maize,2024-25,BD3054,Madaripur,861.21,3234.76,9.281,2025,1,
Maize,2013-14,BD4055,Magura,9.0,22.0,6.04,2017,2,
Maize,2014-15,BD4055,Magura,35.0,86.0,6.072,2018,3,
Maize,2015-16,BD4055,Magura,32.0,82.0,6.332,2019,3,
Maize,2016-17,BD4055,Magura,38.0,86.0,5.592,2020,3,
Maize,2017-18,BD4055,Magura,118.0,218.0,4.565,2021,3,
Maize,2018-19,BD4055,Magura,91.0,209.0,5.675,2021,2,
Maize,2019-20,BD4055,Magura,93.0,206.0,5.474,2022,2,
Maize,2020-21,BD4055,Magura,155.97,512.39,8.118,2023,2,
Maize,2021-22,BD4055,Magura,155.97,512.39,8.118,2024,3,
Maize,2022-23,BD4055,Magura,175.19,519.42,7.326,2025,3,
Maize,2023-24,BD4055,Magura,185.95,570.6,7.583,2025,2,
Maize,2024-25,BD4055,Magura,247.95,1081.24,10.776,2025,1,
Maize,2013-14,BD3056,Manikganj,25716.0,75474.0,7.252,2017,2,
Maize,2014-15,BD3056,Manikganj,41427.0,102967.0,6.142,2018,3,
Maize,2015-16,BD3056,Manikganj,46385.0,119943.0,6.39,2019,3,
Maize,2016-17,BD3056,Manikganj,49345.0,126457.0,6.333,2020,3,
Maize,2017-18,BD3056,Manikganj,52148.0,140675.0,6.666,2021,3,
Maize,2018-19,BD3056,Manikganj,52651.0,153038.0,7.182,2021,2,
Maize,2019-20,BD3056,Manikganj,53903.0,162558.0,7.452,2022,2,
Maize,2020-21,BD3056,Manikganj,53305.0,161477.8,7.486,2023,2,
Maize,2021-22,BD3056,Manikganj,53305.0,161477.8,7.486,2024,3,
Maize,2022-23,BD3056,Manikganj,53512.73,164449.2,7.594,2025,3,
Maize,2023-24,BD3056,Manikganj,54892.7,175357.5,7.894,2025,2,
Maize,2024-25,BD3056,Manikganj,57014.5,189862.32,8.229,2025,1,
Maize,2013-14,BD4057,Meherpur,10120.0,34504.0,8.425,2017,2,
Maize,2014-15,BD4057,Meherpur,7355.0,23440.0,7.875,2018,3,
Maize,2015-16,BD4057,Meherpur,9043.0,35024.0,9.571,2019,3,
Maize,2016-17,BD4057,Meherpur,18726.0,82783.0,10.924,2020,3,
Maize,2017-18,BD4057,Meherpur,21034.0,100678.0,11.828,2021,3,
Maize,2018-19,BD4057,Meherpur,27614.0,123403.0,11.043,2021,2,
Maize,2019-20,BD4057,Meherpur,28332.0,129200.0,11.269,2022,2,
Maize,2020-21,BD4057,Meherpur,28300.0,124916.2,10.907,2023,2,
Maize,2021-22,BD4057,Meherpur,28300.0,124916.2,10.907,2024,3,
Maize,2022-23,BD4057,Meherpur,27321.0,125421.2,11.344,2025,3,
Maize,2023-24,BD4057,Meherpur,28193.0,12987.08,1.138,2025,2,
Maize,2024-25,BD4057,Meherpur,27068.0,122561.49,11.189,2025,1,
Maize,2013-14,BD6058,Moulvibazar,0.0,0.0,,2017,2,
Maize,2014-15,BD6058,Moulvibazar,0.0,0.0,,2018,3,
Maize,2015-16,BD6058,Moulvibazar,0.0,0.0,,2019,3,
Maize,2016-17,BD6058,Moulvibazar,8.0,16.0,4.942,2020,3,
Maize,2017-18,BD6058,Moulvibazar,9.0,17.0,4.668,2021,3,
Maize,2018-19,BD6058,Moulvibazar,2.0,6.0,7.413,2021,2,
Maize,2019-20,BD6058,Moulvibazar,3.0,8.0,6.589,2022,2,
Maize,2020-21,BD6058,Moulvibazar,2.61,7.83,7.413,2023,2,
Maize,2021-22,BD6058,Moulvibazar,2.96,8.88,7.413,2023,3,newest-edition-outlier-rejected
Maize,2022-23,BD6058,Moulvibazar,2.96,8.88,7.413,2025,3,
Maize,2023-24,BD6058,Moulvibazar,6.2,39.73,15.835,2025,2,
Maize,2024-25,BD6058,Moulvibazar,36.35,131.0,8.905,2025,1,
Maize,2013-14,BD3059,Munshiganj,2134.0,2991.0,3.463,2017,2,
Maize,2014-15,BD3059,Munshiganj,1065.0,1576.0,3.657,2018,3,
Maize,2015-16,BD3059,Munshiganj,711.0,982.0,3.413,2019,3,
Maize,2016-17,BD3059,Munshiganj,1782.0,3725.0,5.165,2020,3,
Maize,2017-18,BD3059,Munshiganj,2250.0,4400.0,4.832,2021,3,
Maize,2018-19,BD3059,Munshiganj,6159.0,3617.0,1.451,2021,2,
Maize,2019-20,BD3059,Munshiganj,10342.0,22680.0,5.419,2022,2,
Maize,2020-21,BD3059,Munshiganj,11305.01,25151.79,5.498,2023,2,
Maize,2021-22,BD3059,Munshiganj,10318.01,24361.7,5.834,2023,3,newest-edition-outlier-rejected
Maize,2022-23,BD3059,Munshiganj,10318.01,24361.7,5.834,2025,3,
Maize,2023-24,BD3059,Munshiganj,10763.5,26130.14,5.999,2025,2,
Maize,2024-25,BD3059,Munshiganj,10898.02,30007.02,6.804,2025,1,
Maize,2013-14,BD4561,Mymensingh,880.0,2523.0,7.085,2017,2,
Maize,2014-15,BD4561,Mymensingh,627.0,1476.0,5.817,2018,3,
Maize,2015-16,BD4561,Mymensingh,525.0,1270.0,5.978,2019,3,
Maize,2016-17,BD4561,Mymensingh,889.0,2701.0,7.508,2020,3,
Maize,2017-18,BD4561,Mymensingh,288.0,753.0,6.461,2021,3,
Maize,2018-19,BD4561,Mymensingh,286.0,753.0,6.506,2021,2,
Maize,2019-20,BD4561,Mymensingh,280.0,1154.0,10.184,2022,2,
Maize,2020-21,BD4561,Mymensingh,290.0,1015.0,8.649,2023,2,
Maize,2021-22,BD4561,Mymensingh,333.0,1164.0,8.638,2023,3,newest-edition-outlier-rejected
Maize,2022-23,BD4561,Mymensingh,333.0,1164.0,8.638,2025,3,
Maize,2023-24,BD4561,Mymensingh,416.0,1397.0,8.298,2025,2,
Maize,2024-25,BD4561,Mymensingh,638.0,2368.0,9.172,2025,1,
Maize,2013-14,BD5064,Naogaon,10526.0,20703.0,4.86,2017,2,
Maize,2014-15,BD5064,Naogaon,11425.0,23304.0,5.04,2018,3,
Maize,2015-16,BD5064,Naogaon,5063.0,13568.0,6.622,2019,3,
Maize,2016-17,BD5064,Naogaon,17112.0,60556.0,8.745,2020,3,
Maize,2017-18,BD5064,Naogaon,17942.0,65428.0,9.011,2021,3,
Maize,2018-19,BD5064,Naogaon,17241.0,63028.0,9.033,2021,2,
Maize,2019-20,BD5064,Naogaon,17799.0,64762.0,8.991,2022,2,
Maize,2020-21,BD5064,Naogaon,17238.18,61452.66,8.809,2023,2,
Maize,2021-22,BD5064,Naogaon,17123.68,70374.92,10.156,2023,3,newest-edition-outlier-rejected
Maize,2022-23,BD5064,Naogaon,17123.68,70374.92,10.156,2025,3,
Maize,2023-24,BD5064,Naogaon,18483.31,77210.62,10.322,2025,2,
Maize,2024-25,BD5064,Naogaon,20615.71,91327.97,10.947,2025,1,
Maize,2013-14,BD4065,Narail,0.0,0.0,,2017,2,
Maize,2014-15,BD4065,Narail,0.0,0.0,,2018,3,
Maize,2015-16,BD4065,Narail,0.0,0.0,,2019,3,
Maize,2016-17,BD4065,Narail,0.0,0.0,,2020,3,
Maize,2017-18,BD4065,Narail,0.0,0.0,,2021,3,
Maize,2018-19,BD4065,Narail,0.0,0.0,,2021,2,
Maize,2019-20,BD4065,Narail,310.0,1102.0,8.784,2022,2,
Maize,2020-21,BD4065,Narail,301.0,1061.0,8.71,2023,2,
Maize,2021-22,BD4065,Narail,258.0,912.0,8.735,2023,3,newest-edition-outlier-rejected
Maize,2022-23,BD4065,Narail,258.0,912.0,8.735,2025,3,
Maize,2023-24,BD4065,Narail,267.0,943.0,8.727,2025,2,
Maize,2024-25,BD4065,Narail,294.0,1039.0,8.733,2025,1,
Maize,2013-14,BD3067,Narayanganj,264.0,347.0,3.248,2017,2,
Maize,2014-15,BD3067,Narayanganj,86.0,114.0,3.276,2017,3,newest-edition-outlier-rejected
Maize,2015-16,BD3067,Narayanganj,95.0,119.0,3.095,2019,3,
Maize,2016-17,BD3067,Narayanganj,139.0,227.0,4.035,2020,3,
Maize,2017-18,BD3067,Narayanganj,67.0,214.0,7.893,2021,3,
Maize,2018-19,BD3067,Narayanganj,67.0,212.0,7.819,2021,2,
Maize,2019-20,BD3067,Narayanganj,68.0,215.0,7.813,2022,2,
Maize,2020-21,BD3067,Narayanganj,65.72,209.47,7.876,2023,2,
Maize,2021-22,BD3067,Narayanganj,145.07,461.92,7.868,2023,3,newest-edition-outlier-rejected
Maize,2022-23,BD3067,Narayanganj,145.07,461.92,7.868,2025,3,
Maize,2023-24,BD3067,Narayanganj,284.97,924.19,8.014,2025,2,
Maize,2024-25,BD3067,Narayanganj,320.08,985.69,7.61,2025,1,
Maize,2013-14,BD3068,Narsingdi,46.0,63.0,3.384,2017,2,
Maize,2014-15,BD3068,Narsingdi,31.0,39.0,3.109,2017,3,newest-edition-outlier-rejected
Maize,2015-16,BD3068,Narsingdi,9.0,7.0,1.922,2019,3,
Maize,2016-17,BD3068,Narsingdi,5.0,13.0,6.425,2020,3,
Maize,2017-18,BD3068,Narsingdi,38.0,2752.0,178.956,2021,3,yoy-jump-gt-10x
Maize,2018-19,BD3068,Narsingdi,35.0,94.0,6.637,2021,2,yoy-jump-gt-10x
Maize,2019-20,BD3068,Narsingdi,36.0,95.0,6.521,2022,2,
Maize,2020-21,BD3068,Narsingdi,39.14,101.12,6.384,2023,2,
Maize,2021-22,BD3068,Narsingdi,41.7,106.67,6.321,2023,3,newest-edition-outlier-rejected
Maize,2022-23,BD3068,Narsingdi,41.7,106.67,6.321,2025,3,
Maize,2023-24,BD3068,Narsingdi,57.79,157.1,6.717,2025,2,
Maize,2024-25,BD3068,Narsingdi,65.5,196.84,7.426,2025,1,
Maize,2013-14,BD5069,Natore,2774.0,4791.0,4.268,2017,2,
Maize,2014-15,BD5069,Natore,2879.0,5004.0,4.295,2018,3,
Maize,2015-16,BD5069,Natore,3480.0,5671.0,4.027,2019,3,
Maize,2016-17,BD5069,Natore,4153.0,7676.0,4.567,2020,3,
Maize,2017-18,BD5069,Natore,14246.0,44230.0,7.672,2021,3,
Maize,2018-19,BD5069,Natore,31320.0,73486.0,5.798,2021,2,
Maize,2019-20,BD5069,Natore,31324.0,67848.0,5.352,2022,2,
Maize,2020-21,BD5069,Natore,32698.0,91676.73,6.928,2023,2,
Maize,2021-22,BD5069,Natore,29392.64,95659.45,8.042,2023,3,newest-edition-outlier-rejected
Maize,2022-23,BD5069,Natore,29392.64,95659.45,8.042,2025,3,
Maize,2023-24,BD5069,Natore,32938.38,111167.17,8.34,2025,2,
Maize,2024-25,BD5069,Natore,39787.0,143921.17,8.939,2025,1,
Maize,2013-14,BD4572,Netrakona,22.0,43.0,4.83,2017,2,
Maize,2014-15,BD4572,Netrakona,22.0,45.0,5.054,2018,3,
Maize,2015-16,BD4572,Netrakona,51.0,111.0,5.378,2019,3,
Maize,2016-17,BD4572,Netrakona,0.0,0.0,,2020,3,
Maize,2017-18,BD4572,Netrakona,0.0,0.0,,2021,3,
Maize,2018-19,BD4572,Netrakona,0.0,0.0,,2021,2,
Maize,2019-20,BD4572,Netrakona,0.0,0.0,,2022,2,
Maize,2020-21,BD4572,Netrakona,0.0,0.0,,2023,2,
Maize,2021-22,BD4572,Netrakona,91.0,241.0,6.544,2023,3,newest-edition-outlier-rejected
Maize,2022-23,BD4572,Netrakona,91.0,241.0,6.544,2025,3,
Maize,2023-24,BD4572,Netrakona,130.0,387.0,7.356,2025,2,
Maize,2024-25,BD4572,Netrakona,209.0,676.0,7.992,2025,1,
Maize,2013-14,BD5573,Nilphamari,37127.0,83200.0,5.538,2017,2,
Maize,2014-15,BD5573,Nilphamari,36945.0,103241.0,6.905,2018,3,
Maize,2015-16,BD5573,Nilphamari,40617.0,116749.0,7.103,2019,3,
Maize,2016-17,BD5573,Nilphamari,45978.0,150029.0,8.063,2020,3,
Maize,2017-18,BD5573,Nilphamari,52964.0,180901.0,8.44,2021,3,
Maize,2018-19,BD5573,Nilphamari,52380.0,192352.0,9.074,2021,2,
Maize,2019-20,BD5573,Nilphamari,61535.0,252637.0,10.145,2022,2,
Maize,2020-21,BD5573,Nilphamari,59987.0,251708.0,10.369,2023,2,
Maize,2021-22,BD5573,Nilphamari,64587.0,274655.2,10.508,2023,3,newest-edition-outlier-rejected
Maize,2022-23,BD5573,Nilphamari,64587.0,274655.2,10.508,2025,3,
Maize,2023-24,BD5573,Nilphamari,65867.0,282253.13,10.589,2025,2,
Maize,2024-25,BD5573,Nilphamari,79108.0,367351.0,11.475,2025,1,
Maize,2013-14,BD2075,Noakhali,3.0,3.0,2.471,2017,2,
Maize,2014-15,BD2075,Noakhali,5.0,6.0,2.965,2018,3,
Maize,2015-16,BD2075,Noakhali,2.0,2.0,2.471,2019,3,
Maize,2016-17,BD2075,Noakhali,3.0,3.0,2.471,2020,3,
Maize,2017-18,BD2075,Noakhali,0.0,0.0,,2021,3,
Maize,2018-19,BD2075,Noakhali,54.0,57.0,2.608,2021,2,
Maize,2019-20,BD2075,Noakhali,84.0,185.0,5.442,2022,2,
Maize,2020-21,BD2075,Noakhali,256.85,798.11,7.678,2023,2,
Maize,2021-22,BD2075,Noakhali,387.0,1203.0,7.681,2023,3,newest-edition-outlier-rejected
Maize,2022-23,BD2075,Noakhali,387.0,1203.0,7.681,2025,3,
Maize,2023-24,BD2075,Noakhali,396.02,1297.12,8.094,2025,2,
Maize,2024-25,BD2075,Noakhali,394.64,1266.93,7.933,2025,1,
Maize,2013-14,BD5076,Pabna,893.0,1146.0,3.171,2017,2,
Maize,2014-15,BD5076,Pabna,1243.0,1850.0,3.678,2018,3,
Maize,2015-16,BD5076,Pabna,1393.0,4280.0,7.592,2019,3,
Maize,2016-17,BD5076,Pabna,1719.0,3438.0,4.942,2020,3,
Maize,2017-18,BD5076,Pabna,1808.0,4850.0,6.629,2021,3,
Maize,2018-19,BD5076,Pabna,1824.0,4989.0,6.759,2021,2,
Maize,2019-20,BD5076,Pabna,1752.0,4596.0,6.482,2022,2,
Maize,2020-21,BD5076,Pabna,1800.0,5069.24,6.959,2023,2,
Maize,2021-22,BD5076,Pabna,1800.0,5069.24,6.959,2024,3,
Maize,2022-23,BD5076,Pabna,1783.25,4983.3,6.905,2025,3,
Maize,2023-24,BD5076,Pabna,1863.5,7246.37,9.609,2025,2,
Maize,2024-25,BD5076,Pabna,2391.0,10238.79,10.582,2025,1,
Maize,2013-14,BD5577,Panchagarh,24646.0,61137.0,6.13,2017,2,
Maize,2014-15,BD5577,Panchagarh,24485.0,59128.0,5.967,2018,3,
Maize,2015-16,BD5577,Panchagarh,31057.0,92692.0,7.375,2019,3,
Maize,2016-17,BD5577,Panchagarh,45788.0,179313.0,9.677,2020,3,
Maize,2017-18,BD5577,Panchagarh,46950.0,178980.0,9.42,2021,3,
Maize,2018-19,BD5577,Panchagarh,52176.0,199756.0,9.46,2021,2,
Maize,2019-20,BD5577,Panchagarh,67389.0,278152.0,10.199,2022,2,
Maize,2020-21,BD5577,Panchagarh,67218.0,280577.8,10.315,2023,2,
Maize,2021-22,BD5577,Panchagarh,74407.0,314901.5,10.458,2023,3,newest-edition-outlier-rejected
Maize,2022-23,BD5577,Panchagarh,74407.0,314901.5,10.458,2025,3,
Maize,2023-24,BD5577,Panchagarh,74504.0,325433.35,10.794,2025,2,
Maize,2024-25,BD5577,Panchagarh,79484.0,373278.0,11.605,2025,1,
Maize,2013-14,BD1078,Patuakhali,123.0,183.0,3.676,2017,2,
Maize,2014-15,BD1078,Patuakhali,101.0,172.0,4.208,2018,3,
Maize,2015-16,BD1078,Patuakhali,133.0,235.0,4.366,2019,3,
Maize,2016-17,BD1078,Patuakhali,111.0,149.0,3.317,2020,3,
Maize,2017-18,BD1078,Patuakhali,114.0,188.0,4.075,2021,3,
Maize,2018-19,BD1078,Patuakhali,115.0,190.0,4.083,2021,2,
Maize,2019-20,BD1078,Patuakhali,111.0,153.0,3.406,2022,2,
Maize,2020-21,BD1078,Patuakhali,112.0,167.0,3.685,2023,2,
Maize,2021-22,BD1078,Patuakhali,0.0,0.0,,2023,3,newest-edition-outlier-rejected
Maize,2022-23,BD1078,Patuakhali,0.0,0.0,,2025,3,
Maize,2023-24,BD1078,Patuakhali,144.15,367.0,6.291,2025,2,
Maize,2024-25,BD1078,Patuakhali,1410.0,3281.0,5.75,2025,1,
Maize,2013-14,BD1079,Pirojpur,443.0,826.0,4.607,2017,2,
Maize,2014-15,BD1079,Pirojpur,608.0,1128.0,4.584,2018,3,
Maize,2015-16,BD1079,Pirojpur,572.0,1017.0,4.393,2019,3,
Maize,2016-17,BD1079,Pirojpur,619.0,1123.0,4.483,2020,3,
Maize,2017-18,BD1079,Pirojpur,625.0,1192.0,4.713,2021,3,
Maize,2018-19,BD1079,Pirojpur,580.0,1041.0,4.435,2021,2,
Maize,2019-20,BD1079,Pirojpur,600.0,1077.0,4.436,2022,2,
Maize,2020-21,BD1079,Pirojpur,533.0,995.0,4.613,2023,2,
Maize,2021-22,BD1079,Pirojpur,642.0,1186.0,4.565,2023,3,newest-edition-outlier-rejected
Maize,2022-23,BD1079,Pirojpur,642.0,1186.0,4.565,2025,3,
Maize,2023-24,BD1079,Pirojpur,645.0,1196.0,4.582,2025,2,
Maize,2024-25,BD1079,Pirojpur,761.0,1622.0,5.267,2025,1,
Maize,2013-14,BD3082,Rajbari,335.0,864.0,6.373,2017,2,
Maize,2014-15,BD3082,Rajbari,275.0,671.0,6.029,2017,3,newest-edition-outlier-rejected
Maize,2015-16,BD3082,Rajbari,133.0,354.0,6.577,2019,3,
Maize,2016-17,BD3082,Rajbari,114.0,621.0,13.461,2020,3,
Maize,2017-18,BD3082,Rajbari,269.0,789.0,7.248,2021,3,
Maize,2018-19,BD3082,Rajbari,314.0,864.0,6.799,2021,2,
Maize,2019-20,BD3082,Rajbari,714.0,2159.0,7.472,2022,2,
Maize,2020-21,BD3082,Rajbari,729.0,2164.0,7.335,2023,2,
Maize,2021-22,BD3082,Rajbari,311.0,895.0,7.111,2023,3,newest-edition-outlier-rejected
Maize,2022-23,BD3082,Rajbari,311.0,895.0,7.111,2025,3,
Maize,2023-24,BD3082,Rajbari,559.0,1704.4,7.534,2025,2,
Maize,2024-25,BD3082,Rajbari,875.0,3060.8,8.644,2025,1,
Maize,2013-14,BD5081,Rajshahi,30358.0,70243.0,5.718,2017,2,
Maize,2014-15,BD5081,Rajshahi,36058.0,82054.0,5.623,2018,3,
Maize,2015-16,BD5081,Rajshahi,33852.0,72708.0,5.307,2019,3,
Maize,2016-17,BD5081,Rajshahi,33589.0,83188.0,6.12,2020,3,
Maize,2017-18,BD5081,Rajshahi,33003.0,87143.0,6.525,2021,3,
Maize,2018-19,BD5081,Rajshahi,36917.0,102765.0,6.879,2021,2,
Maize,2019-20,BD5081,Rajshahi,38235.0,100897.0,6.521,2022,2,
Maize,2020-21,BD5081,Rajshahi,39921.5,117973.9,7.302,2023,2,
Maize,2021-22,BD5081,Rajshahi,39921.5,117973.9,7.302,2024,3,
Maize,2022-23,BD5081,Rajshahi,39810.63,117917.9,7.319,2025,3,
Maize,2023-24,BD5081,Rajshahi,37244.84,114641.44,7.606,2025,2,
Maize,2024-25,BD5081,Rajshahi,44353.73,147574.18,8.222,2025,1,
Maize,2013-14,BD2084,Rangamati,1479.0,1662.0,2.777,2017,2,
Maize,2014-15,BD2084,Rangamati,1490.0,1916.0,3.178,2018,3,
Maize,2015-16,BD2084,Rangamati,1564.0,3233.0,5.108,2019,3,
Maize,2016-17,BD2084,Rangamati,1500.0,2612.0,4.303,2020,3,
Maize,2017-18,BD2084,Rangamati,1201.0,1775.0,3.652,2021,3,
Maize,2018-19,BD2084,Rangamati,1048.0,1735.0,4.091,2021,2,
Maize,2019-20,BD2084,Rangamati,1017.0,1669.0,4.055,2022,2,
Maize,2020-21,BD2084,Rangamati,1054.05,1846.6,4.329,2023,2,
Maize,2021-22,BD2084,Rangamati,1013.85,1886.51,4.598,2023,3,newest-edition-outlier-rejected
Maize,2022-23,BD2084,Rangamati,1013.85,1886.51,4.598,2025,3,
Maize,2023-24,BD2084,Rangamati,1018.06,1843.58,4.475,2025,2,
Maize,2024-25,BD2084,Rangamati,1019.58,3054.66,7.403,2025,1,
Maize,2013-14,BD5585,Rangpur,41461.0,114674.0,6.835,2017,2,
Maize,2014-15,BD5585,Rangpur,49436.0,126356.0,6.316,2018,3,
Maize,2015-16,BD5585,Rangpur,50635.0,132386.0,6.461,2019,3,
Maize,2016-17,BD5585,Rangpur,56513.0,161567.0,7.065,2020,3,
Maize,2017-18,BD5585,Rangpur,61893.0,282888.0,11.294,2021,3,
Maize,2018-19,BD5585,Rangpur,62871.0,189163.0,7.435,2021,2,
Maize,2019-20,BD5585,Rangpur,68757.0,212037.0,7.62,2022,2,
Maize,2020-21,BD5585,Rangpur,67401.0,215831.0,7.913,2023,2,
Maize,2021-22,BD5585,Rangpur,65164.0,210176.0,7.97,2023,3,newest-edition-outlier-rejected
Maize,2022-23,BD5585,Rangpur,65164.0,210176.0,7.97,2025,3,
Maize,2023-24,BD5585,Rangpur,65181.0,210861.0,7.994,2025,2,
Maize,2024-25,BD5585,Rangpur,65975.0,256629.0,9.612,2025,1,
Maize,2013-14,BD4087,Satkhira,41.0,88.0,5.304,2017,2,
Maize,2014-15,BD4087,Satkhira,141.0,317.0,5.555,2018,3,
Maize,2015-16,BD4087,Satkhira,354.0,997.0,6.959,2019,3,
Maize,2016-17,BD4087,Satkhira,189.0,560.0,7.322,2020,3,
Maize,2017-18,BD4087,Satkhira,157.0,5290.0,83.26,2021,3,
Maize,2018-19,BD4087,Satkhira,110.0,302.0,6.784,2021,2,yoy-jump-gt-10x
Maize,2019-20,BD4087,Satkhira,133.0,385.0,7.153,2022,2,
Maize,2020-21,BD4087,Satkhira,156.07,445.16,7.048,2023,2,
Maize,2021-22,BD4087,Satkhira,145.08,414.59,7.061,2023,3,newest-edition-outlier-rejected
Maize,2022-23,BD4087,Satkhira,145.08,414.59,7.061,2025,3,
Maize,2023-24,BD4087,Satkhira,205.55,637.49,7.664,2025,2,
Maize,2024-25,BD4087,Satkhira,235.1,733.25,7.707,2025,1,
Maize,2013-14,BD3086,Shariatpur,22.0,2.0,0.225,2017,2,
Maize,2014-15,BD3086,Shariatpur,8.0,6.0,1.853,2018,3,
Maize,2015-16,BD3086,Shariatpur,6.0,14.0,5.766,2019,3,
Maize,2016-17,BD3086,Shariatpur,84.0,221.0,6.501,2020,3,yoy-jump-gt-10x
Maize,2017-18,BD3086,Shariatpur,53.0,110.0,5.129,2021,3,
Maize,2018-19,BD3086,Shariatpur,110.0,226.0,5.077,2021,2,
Maize,2019-20,BD3086,Shariatpur,30.0,77.0,6.342,2022,2,
Maize,2020-21,BD3086,Shariatpur,32.5,99.15,7.539,2023,2,
Maize,2021-22,BD3086,Shariatpur,67.7,185.0,6.753,2023,3,newest-edition-outlier-rejected
Maize,2022-23,BD3086,Shariatpur,67.7,185.0,6.753,2025,3,
Maize,2023-24,BD3086,Shariatpur,71.2,195.4,6.782,2025,2,
Maize,2024-25,BD3086,Shariatpur,646.0,2156.92,8.251,2025,1,yoy-jump-gt-10x
Maize,2013-14,BD4589,Sherpur,1519.0,3536.0,5.752,2017,2,
Maize,2014-15,BD4589,Sherpur,1502.0,3422.0,5.63,2018,3,
Maize,2015-16,BD4589,Sherpur,1488.0,3332.0,5.533,2019,3,
Maize,2016-17,BD4589,Sherpur,1013.0,2122.0,5.176,2020,3,
Maize,2017-18,BD4589,Sherpur,1548.0,3477.0,5.55,2021,3,
Maize,2018-19,BD4589,Sherpur,2144.0,4946.0,5.7,2021,2,
Maize,2019-20,BD4589,Sherpur,2149.0,9459.0,10.877,2022,2,
Maize,2020-21,BD4589,Sherpur,2058.0,5235.0,6.286,2023,2,
Maize,2021-22,BD4589,Sherpur,2157.0,5454.0,6.248,2023,3,newest-edition-outlier-rejected
Maize,2022-23,BD4589,Sherpur,2157.0,5454.0,6.248,2025,3,
Maize,2023-24,BD4589,Sherpur,3249.0,8149.0,6.198,2025,2,
Maize,2024-25,BD4589,Sherpur,3070.0,10111.0,8.138,2025,1,
Maize,2013-14,BD5088,Sirajganj,17537.0,50370.0,7.097,2017,2,
Maize,2014-15,BD5088,Sirajganj,19160.0,48251.0,6.223,2018,3,
Maize,2015-16,BD5088,Sirajganj,18930.0,50601.0,6.605,2019,3,
Maize,2016-17,BD5088,Sirajganj,23250.0,77918.0,8.281,2020,3,
Maize,2017-18,BD5088,Sirajganj,23171.0,78474.0,8.369,2021,3,
Maize,2018-19,BD5088,Sirajganj,25357.0,93630.0,9.124,2021,2,
Maize,2019-20,BD5088,Sirajganj,28895.0,98667.0,8.438,2022,2,
Maize,2020-21,BD5088,Sirajganj,30542.06,105040.2,8.498,2023,2,
Maize,2021-22,BD5088,Sirajganj,31222.46,118228.8,9.357,2023,3,newest-edition-outlier-rejected
Maize,2022-23,BD5088,Sirajganj,31222.46,118228.8,9.357,2025,3,
Maize,2023-24,BD5088,Sirajganj,34452.76,136984.76,9.825,2025,2,
Maize,2024-25,BD5088,Sirajganj,36061.8,155960.31,10.687,2025,1,
Maize,2013-14,BD6090,Sunamganj,0.0,0.0,,2017,2,
Maize,2014-15,BD6090,Sunamganj,30.0,75.0,6.178,2018,3,
Maize,2015-16,BD6090,Sunamganj,39.0,101.0,6.399,2019,3,
Maize,2016-17,BD6090,Sunamganj,0.0,0.0,,2020,3,
Maize,2017-18,BD6090,Sunamganj,0.0,0.0,,2021,3,
Maize,2018-19,BD6090,Sunamganj,0.0,0.0,,2021,2,
Maize,2019-20,BD6090,Sunamganj,0.0,0.0,,2022,2,
Maize,2020-21,BD6090,Sunamganj,15.0,31.5,5.189,2023,2,
Maize,2021-22,BD6090,Sunamganj,16.0,14.0,2.162,2023,3,newest-edition-outlier-rejected
Maize,2022-23,BD6090,Sunamganj,16.0,14.0,2.162,2025,3,
Maize,2023-24,BD6090,Sunamganj,300.0,39.73,0.327,2025,2,
Maize,2024-25,BD6090,Sunamganj,374.07,1086.1,7.175,2025,1,yoy-jump-gt-10x
Maize,2013-14,BD6091,Sylhet,0.0,0.0,,2017,2,
Maize,2014-15,BD6091,Sylhet,0.0,0.0,,2018,3,
Maize,2015-16,BD6091,Sylhet,0.0,0.0,,2019,3,
Maize,2016-17,BD6091,Sylhet,29.0,47.0,4.005,2020,3,
Maize,2017-18,BD6091,Sylhet,29.0,28.0,2.386,2021,3,
Maize,2018-19,BD6091,Sylhet,29.0,28.0,2.386,2021,2,
Maize,2019-20,BD6091,Sylhet,0.0,0.0,,2022,2,
Maize,2020-21,BD6091,Sylhet,29.0,53.99,4.6,2023,2,
Maize,2021-22,BD6091,Sylhet,29.0,25.43,2.167,2023,3,newest-edition-outlier-rejected
Maize,2022-23,BD6091,Sylhet,29.0,25.43,2.167,2025,3,
Maize,2023-24,BD6091,Sylhet,33.0,39.73,2.975,2025,2,
Maize,2024-25,BD6091,Sylhet,82.0,241.74,7.285,2025,1,
Maize,2013-14,BD3093,Tangail,1709.0,3791.0,5.481,2017,2,
Maize,2014-15,BD3093,Tangail,2113.0,5472.0,6.399,2018,3,
Maize,2015-16,BD3093,Tangail,2300.0,5688.0,6.111,2019,3,
Maize,2016-17,BD3093,Tangail,2741.0,5923.0,5.34,2020,3,
Maize,2017-18,BD3093,Tangail,5439.0,14470.0,6.574,2021,3,
Maize,2018-19,BD3093,Tangail,7970.0,21014.0,6.515,2021,2,
Maize,2019-20,BD3093,Tangail,6740.0,16992.0,6.23,2022,2,
Maize,2020-21,BD3093,Tangail,7685.25,22529.5,7.244,2023,2,
Maize,2021-22,BD3093,Tangail,7685.25,22529.5,7.244,2024,3,
Maize,2022-23,BD3093,Tangail,8630.94,22300.82,6.385,2025,3,
Maize,2023-24,BD3093,Tangail,10227.81,33715.24,8.146,2025,2,
Maize,2024-25,BD3093,Tangail,13207.31,46233.57,8.65,2025,1,
Maize,2013-14,BD5594,Thakurgaon,66115.0,146705.0,5.483,2017,2,
Maize,2014-15,BD5594,Thakurgaon,69995.0,170324.0,6.013,2018,3,
Maize,2015-16,BD5594,Thakurgaon,74652.0,197158.0,6.526,2019,3,
Maize,2016-17,BD5594,Thakurgaon,91257.0,269319.0,7.293,2020,3,
Maize,2017-18,BD5594,Thakurgaon,97876.0,281402.0,7.104,2021,3,
Maize,2018-19,BD5594,Thakurgaon,115712.0,341521.0,7.293,2021,2,
Maize,2019-20,BD5594,Thakurgaon,122051.0,363978.0,7.369,2022,2,
Maize,2020-21,BD5594,Thakurgaon,121315.0,342232.0,6.971,2023,2,
Maize,2021-22,BD5594,Thakurgaon,119588.0,390486.1,8.069,2023,3,newest-edition-outlier-rejected
Maize,2022-23,BD5594,Thakurgaon,119588.0,390486.1,8.069,2025,3,
Maize,2023-24,BD5594,Thakurgaon,120432.0,429654.87,8.816,2025,2,
Maize,2024-25,BD5594,Thakurgaon,134935.0,544643.78,9.974,2025,1,
Mung,2013-14,BD4001,Bagerhat,795.0,174.0,0.541,2017,2,
Mung,2014-15,BD4001,Bagerhat,588.0,118.0,0.496,2018,3,
Mung,2015-16,BD4001,Bagerhat,487.0,113.0,0.573,2019,3,
Mung,2016-17,BD4001,Bagerhat,515.0,143.0,0.686,2020,3,
Mung,2017-18,BD4001,Bagerhat,489.0,134.0,0.677,2021,3,
Mung,2018-19,BD4001,Bagerhat,514.0,146.0,0.702,2021,2,
Mung,2019-20,BD4001,Bagerhat,506.0,141.0,0.689,2022,2,
Mung,2020-21,BD4001,Bagerhat,475.3,130.24,0.677,2023,2,
Mung,2021-22,BD4001,Bagerhat,483.5,144.38,0.738,2024,3,
Mung,2022-23,BD4001,Bagerhat,483.5,144.38,0.738,2025,3,
Mung,2023-24,BD4001,Bagerhat,464.0,602.28,3.207,2025,2,
Mung,2024-25,BD4001,Bagerhat,545.0,167.37,0.759,2025,1,
Mung,2013-14,BD2003,Bandarban,62.0,28.0,1.116,2017,2,
Mung,2014-15,BD2003,Bandarban,48.0,18.0,0.927,2018,3,
Mung,2015-16,BD2003,Bandarban,48.0,18.0,0.927,2019,3,
Mung,2016-17,BD2003,Bandarban,48.0,18.0,0.927,2020,3,
Mung,2017-18,BD2003,Bandarban,48.0,18.0,0.927,2021,3,
Mung,2018-19,BD2003,Bandarban,45.0,17.0,0.934,2021,2,
Mung,2019-20,BD2003,Bandarban,49.0,18.0,0.908,2022,2,
Mung,2020-21,BD2003,Bandarban,50.6,19.07,0.931,2023,2,
Mung,2021-22,BD2003,Bandarban,51.55,19.4,0.93,2024,3,
Mung,2022-23,BD2003,Bandarban,51.7,19.5,0.932,2025,3,
Mung,2023-24,BD2003,Bandarban,51.8,19.5,0.93,2025,2,
Mung,2024-25,BD2003,Bandarban,50.85,19.1,0.928,2025,1,
Mung,2013-14,BD1004,Barguna,2183.0,413.0,0.467,2017,2,
Mung,2014-15,BD1004,Barguna,2315.0,502.0,0.536,2018,3,
Mung,2015-16,BD1004,Barguna,2680.0,807.0,0.744,2019,3,
Mung,2016-17,BD1004,Barguna,2726.0,806.0,0.731,2020,3,
Mung,2017-18,BD1004,Barguna,2650.0,823.0,0.767,2021,3,
Mung,2018-19,BD1004,Barguna,17770.0,2100.0,0.292,2021,2,
Mung,2019-20,BD1004,Barguna,17730.0,2100.0,0.293,2022,2,
Mung,2020-21,BD1004,Barguna,13617.0,4786.0,0.869,2023,2,
Mung,2021-22,BD1004,Barguna,13627.0,4781.0,0.867,2024,3,
Mung,2022-23,BD1004,Barguna,13614.0,4832.0,0.877,2025,3,
Mung,2023-24,BD1004,Barguna,13704.0,4849.0,0.874,2025,2,
Mung,2024-25,BD1004,Barguna,62275.0,32637.0,1.295,2025,1,
Mung,2013-14,BD1006,Barishal,9521.0,2575.0,0.668,2017,2,
Mung,2014-15,BD1006,Barishal,9432.0,3313.0,0.868,2018,3,
Mung,2015-16,BD1006,Barishal,9062.0,4266.0,1.163,2019,3,
Mung,2016-17,BD1006,Barishal,9900.0,4284.0,1.069,2020,3,
Mung,2017-18,BD1006,Barishal,9585.0,3380.0,0.871,2021,3,
Mung,2018-19,BD1006,Barishal,9584.0,3452.0,0.89,2021,2,
Mung,2019-20,BD1006,Barishal,12200.0,4800.0,0.972,2022,2,
Mung,2020-21,BD1006,Barishal,12212.0,5055.0,1.023,2023,2,
Mung,2021-22,BD1006,Barishal,13105.0,5590.0,1.054,2024,3,
Mung,2022-23,BD1006,Barishal,13828.0,10199.0,1.823,2025,3,
Mung,2023-24,BD1006,Barishal,26849.0,10355.0,0.953,2025,2,
Mung,2024-25,BD1006,Barishal,26862.0,10705.0,0.985,2025,1,
Mung,2013-14,BD1009,Bhola,24082.0,7692.0,0.789,2017,2,
Mung,2014-15,BD1009,Bhola,23935.0,7968.0,0.823,2018,3,
Mung,2015-16,BD1009,Bhola,26836.0,9602.0,0.884,2019,3,
Mung,2016-17,BD1009,Bhola,24815.0,8737.0,0.87,2020,3,
Mung,2017-18,BD1009,Bhola,24261.0,9833.0,1.002,2021,3,
Mung,2018-19,BD1009,Bhola,24062.0,8948.0,0.919,2021,2,
Mung,2019-20,BD1009,Bhola,25232.0,9846.0,0.964,2022,2,
Mung,2020-21,BD1009,Bhola,25459.0,9303.0,0.903,2023,2,
Mung,2021-22,BD1009,Bhola,25653.0,10117.0,0.975,2024,3,
Mung,2022-23,BD1009,Bhola,25991.0,10291.0,0.978,2025,3,
Mung,2023-24,BD1009,Bhola,26006.0,10301.0,0.979,2025,2,
Mung,2024-25,BD1009,Bhola,49463.0,26925.0,1.345,2025,1,
Mung,2013-14,BD5010,Bogura,12.0,4.0,0.824,2017,2,
Mung,2014-15,BD5010,Bogura,15.0,5.0,0.824,2018,3,
Mung,2015-16,BD5010,Bogura,7.0,2.0,0.706,2019,3,
Mung,2016-17,BD5010,Bogura,14.0,5.0,0.883,2020,3,
Mung,2017-18,BD5010,Bogura,17.0,5.0,0.727,2021,3,
Mung,2018-19,BD5010,Bogura,14.0,4.0,0.706,2021,2,
Mung,2019-20,BD5010,Bogura,10.0,4.0,0.988,2022,2,
Mung,2020-21,BD5010,Bogura,11.5,4.2,0.902,2023,2,
Mung,2021-22,BD5010,Bogura,7.3,5.26,1.781,2024,3,
Mung,2022-23,BD5010,Bogura,7.25,5.22,1.779,2025,3,
Mung,2023-24,BD5010,Bogura,0.95,0.64,1.665,2025,2,
Mung,2024-25,BD5010,Bogura,0.0,0.0,,2025,1,
Mung,2013-14,BD2012,Brahmanbaria,18.0,5.0,0.686,2017,2,
Mung,2014-15,BD2012,Brahmanbaria,18.0,5.0,0.686,2018,3,
Mung,2015-16,BD2012,Brahmanbaria,29.0,7.0,0.596,2019,3,
Mung,2016-17,BD2012,Brahmanbaria,37.0,17.0,1.135,2020,3,
Mung,2017-18,BD2012,Brahmanbaria,36.0,18.0,1.236,2021,3,
Mung,2018-19,BD2012,Brahmanbaria,33.0,16.0,1.198,2021,2,
Mung,2019-20,BD2012,Brahmanbaria,23.0,8.0,0.859,2022,2,
Mung,2020-21,BD2012,Brahmanbaria,21.7,7.44,0.847,2023,2,
Mung,2021-22,BD2012,Brahmanbaria,15.25,4.18,0.677,2024,3,
Mung,2022-23,BD2012,Brahmanbaria,15.25,4.18,0.677,2025,3,
Mung,2023-24,BD2012,Brahmanbaria,5.05,4.98,2.437,2025,2,
Mung,2024-25,BD2012,Brahmanbaria,4.9,4.95,2.496,2025,1,
Mung,2013-14,BD2013,Chandpur,611.0,357.0,1.444,2017,2,
Mung,2014-15,BD2013,Chandpur,575.0,331.0,1.422,2018,3,
Mung,2015-16,BD2013,Chandpur,474.0,187.0,0.975,2019,3,
Mung,2016-17,BD2013,Chandpur,154.0,60.0,0.963,2020,3,
Mung,2017-18,BD2013,Chandpur,154.0,60.0,0.963,2021,3,
Mung,2018-19,BD2013,Chandpur,157.0,62.0,0.976,2021,2,
Mung,2019-20,BD2013,Chandpur,163.0,64.0,0.97,2022,2,
Mung,2020-21,BD2013,Chandpur,167.9,71.42,1.051,2023,2,
Mung,2021-22,BD2013,Chandpur,175.98,76.55,1.075,2024,3,
Mung,2022-23,BD2013,Chandpur,178.2,88.18,1.223,2025,3,
Mung,2023-24,BD2013,Chandpur,178.19,88.28,1.224,2025,2,
Mung,2024-25,BD2013,Chandpur,178.26,88.44,1.226,2025,1,
Mung,2013-14,BD5070,Chapainababganj,35.0,10.0,0.706,2017,2,
Mung,2014-15,BD5070,Chapainababganj,35.0,10.0,0.706,2018,3,
Mung,2015-16,BD5070,Chapainababganj,0.0,0.0,,2019,3,
Mung,2016-17,BD5070,Chapainababganj,52.0,14.0,0.665,2020,3,
Mung,2017-18,BD5070,Chapainababganj,55.0,17.0,0.764,2021,3,
Mung,2018-19,BD5070,Chapainababganj,31.0,9.0,0.717,2021,2,
Mung,2019-20,BD5070,Chapainababganj,28.0,8.0,0.706,2022,2,
Mung,2020-21,BD5070,Chapainababganj,26.0,7.33,0.697,2023,2,
Mung,2021-22,BD5070,Chapainababganj,28.0,8.28,0.731,2024,3,
Mung,2022-23,BD5070,Chapainababganj,20.0,5.95,0.735,2025,3,
Mung,2023-24,BD5070,Chapainababganj,18.5,5.4,0.721,2025,2,
Mung,2024-25,BD5070,Chapainababganj,6.85,2.26,0.815,2025,1,
Mung,2013-14,BD2015,Chattogram,1650.0,558.0,0.836,2017,2,
Mung,2014-15,BD2015,Chattogram,1650.0,490.0,0.734,2018,3,
Mung,2015-16,BD2015,Chattogram,1638.0,487.0,0.735,2019,3,
Mung,2016-17,BD2015,Chattogram,1639.0,487.0,0.734,2020,3,
Mung,2017-18,BD2015,Chattogram,1641.0,488.0,0.735,2021,3,
Mung,2018-19,BD2015,Chattogram,1649.0,489.0,0.733,2021,2,
Mung,2019-20,BD2015,Chattogram,1560.0,469.0,0.743,2022,2,
Mung,2020-21,BD2015,Chattogram,1678.35,505.77,0.745,2023,2,
Mung,2021-22,BD2015,Chattogram,1665.34,504.0,0.748,2024,3,
Mung,2022-23,BD2015,Chattogram,2231.03,720.6,0.798,2025,3,
Mung,2023-24,BD2015,Chattogram,2178.96,694.4,0.787,2025,2,
Mung,2024-25,BD2015,Chattogram,2233.21,713.78,0.79,2025,1,
Mung,2013-14,BD4018,Chuadanga,586.0,375.0,1.581,2017,2,
Mung,2014-15,BD4018,Chuadanga,600.0,407.0,1.676,2018,3,
Mung,2015-16,BD4018,Chuadanga,602.0,407.0,1.671,2019,3,
Mung,2016-17,BD4018,Chuadanga,600.0,408.0,1.68,2020,3,
Mung,2017-18,BD4018,Chuadanga,606.0,400.0,1.631,2021,3,
Mung,2018-19,BD4018,Chuadanga,596.0,393.0,1.629,2021,2,
Mung,2019-20,BD4018,Chuadanga,1381.0,789.0,1.412,2022,2,
Mung,2020-21,BD4018,Chuadanga,1387.5,791.81,1.41,2023,2,
Mung,2021-22,BD4018,Chuadanga,1388.0,787.44,1.402,2024,3,
Mung,2022-23,BD4018,Chuadanga,1388.0,787.44,1.402,2025,3,
Mung,2023-24,BD4018,Chuadanga,1163.0,666.84,1.417,2025,2,
Mung,2024-25,BD4018,Chuadanga,497.0,267.66,1.331,2025,1,
Mung,2013-14,BD2022,Cox's Bazar,14.0,5.0,0.883,2017,2,
Mung,2014-15,BD2022,Cox's Bazar,14.0,5.0,0.883,2018,3,
Mung,2015-16,BD2022,Cox's Bazar,14.0,5.0,0.883,2019,3,
Mung,2016-17,BD2022,Cox's Bazar,0.0,0.0,,2020,3,
Mung,2017-18,BD2022,Cox's Bazar,0.0,0.0,,2021,3,
Mung,2018-19,BD2022,Cox's Bazar,0.0,0.0,,2021,2,
Mung,2019-20,BD2022,Cox's Bazar,0.0,0.0,,2022,2,
Mung,2020-21,BD2022,Cox's Bazar,0.0,0.0,,2023,2,
Mung,2021-22,BD2022,Cox's Bazar,0.0,0.0,,2024,3,
Mung,2022-23,BD2022,Cox's Bazar,0.0,0.0,,2025,3,
Mung,2023-24,BD2022,Cox's Bazar,0.0,0.0,,2025,2,
Mung,2024-25,BD2022,Cox's Bazar,0.0,0.0,,2025,1,
Mung,2013-14,BD2019,Cumilla,4.0,3.0,1.853,2017,2,
Mung,2014-15,BD2019,Cumilla,4.0,3.0,1.853,2018,3,
Mung,2015-16,BD2019,Cumilla,4.0,3.0,1.853,2019,3,
Mung,2016-17,BD2019,Cumilla,4.0,3.0,1.853,2020,3,
Mung,2017-18,BD2019,Cumilla,5.0,3.0,1.483,2021,3,
Mung,2018-19,BD2019,Cumilla,4.0,3.0,1.853,2021,2,
Mung,2019-20,BD2019,Cumilla,3.0,2.0,1.647,2022,2,
Mung,2020-21,BD2019,Cumilla,3.0,2.0,1.647,2023,2,
Mung,2021-22,BD2019,Cumilla,3.3,1.9,1.423,2024,3,
Mung,2022-23,BD2019,Cumilla,9.0,5.0,1.373,2025,3,
Mung,2023-24,BD2019,Cumilla,9.0,5.0,1.373,2025,2,
Mung,2024-25,BD2019,Cumilla,10.0,5.0,1.236,2025,1,
Mung,2013-14,BD3026,Dhaka,76.0,25.0,0.813,2017,2,
Mung,2014-15,BD3026,Dhaka,75.0,25.0,0.824,2018,3,
Mung,2015-16,BD3026,Dhaka,69.0,24.0,0.859,2019,3,
Mung,2016-17,BD3026,Dhaka,72.0,25.0,0.858,2020,3,
Mung,2017-18,BD3026,Dhaka,62.0,37.0,1.475,2021,3,
Mung,2018-19,BD3026,Dhaka,60.0,33.0,1.359,2021,2,
Mung,2019-20,BD3026,Dhaka,62.0,38.0,1.515,2022,2,
Mung,2020-21,BD3026,Dhaka,61.7,37.6,1.506,2023,2,
Mung,2021-22,BD3026,Dhaka,74.0,51.33,1.714,2024,3,
Mung,2022-23,BD3026,Dhaka,149.8,88.64,1.462,2025,3,
Mung,2023-24,BD3026,Dhaka,125.5,45.45,0.895,2025,2,
Mung,2024-25,BD3026,Dhaka,122.25,43.2,0.873,2025,1,
Mung,2013-14,BD5527,Dinajpur,69.0,75.0,2.686,2017,2,
Mung,2014-15,BD5527,Dinajpur,141.0,49.0,0.859,2018,3,
Mung,2015-16,BD5527,Dinajpur,114.0,38.0,0.824,2019,3,
Mung,2016-17,BD5527,Dinajpur,80.0,28.0,0.865,2020,3,
Mung,2017-18,BD5527,Dinajpur,42.0,17.0,1.0,2021,3,
Mung,2018-19,BD5527,Dinajpur,31.0,8.0,0.638,2021,2,
Mung,2019-20,BD5527,Dinajpur,40.0,10.0,0.618,2022,2,
Mung,2020-21,BD5527,Dinajpur,38.0,12.0,0.78,2023,2,
Mung,2021-22,BD5527,Dinajpur,32.0,10.0,0.772,2024,3,
Mung,2022-23,BD5527,Dinajpur,24.45,6.45,0.652,2025,3,
Mung,2023-24,BD5527,Dinajpur,31.0,13.0,1.036,2025,2,
Mung,2024-25,BD5527,Dinajpur,32.0,12.0,0.927,2025,1,
Mung,2013-14,BD3029,Faridpur,1000.0,340.0,0.84,2017,2,
Mung,2014-15,BD3029,Faridpur,1003.0,360.0,0.887,2018,3,
Mung,2015-16,BD3029,Faridpur,950.0,328.0,0.853,2019,3,
Mung,2016-17,BD3029,Faridpur,1002.0,367.0,0.905,2020,3,
Mung,2017-18,BD3029,Faridpur,950.0,328.0,0.853,2021,3,
Mung,2018-19,BD3029,Faridpur,942.0,320.0,0.839,2021,2,
Mung,2019-20,BD3029,Faridpur,957.0,332.0,0.857,2022,2,
Mung,2020-21,BD3029,Faridpur,960.7,350.65,0.902,2023,2,
Mung,2021-22,BD3029,Faridpur,988.5,353.25,0.883,2024,3,
Mung,2022-23,BD3029,Faridpur,1042.69,395.12,0.936,2025,3,
Mung,2023-24,BD3029,Faridpur,1143.8,395.1,0.854,2025,2,
Mung,2024-25,BD3029,Faridpur,1062.2,425.13,0.989,2025,1,
Mung,2013-14,BD2030,Feni,161.0,75.0,1.151,2017,2,
Mung,2014-15,BD2030,Feni,261.0,105.0,0.994,2018,3,
Mung,2015-16,BD2030,Feni,368.0,103.0,0.692,2019,3,
Mung,2016-17,BD2030,Feni,435.0,107.0,0.608,2020,3,
Mung,2017-18,BD2030,Feni,440.0,110.0,0.618,2021,3,
Mung,2018-19,BD2030,Feni,404.0,118.0,0.722,2021,2,
Mung,2019-20,BD2030,Feni,1379.0,710.0,1.272,2022,2,
Mung,2020-21,BD2030,Feni,1381.11,722.0,1.292,2023,2,
Mung,2021-22,BD2030,Feni,1382.31,724.42,1.295,2024,3,
Mung,2022-23,BD2030,Feni,1232.3,512.5,1.028,2025,3,
Mung,2023-24,BD2030,Feni,1202.0,660.6,1.358,2025,2,
Mung,2024-25,BD2030,Feni,1222.3,677.8,1.37,2025,1,
Mung,2013-14,BD5532,Gaibandha,91.0,57.0,1.548,2017,2,
Mung,2014-15,BD5532,Gaibandha,103.0,53.0,1.272,2018,3,
Mung,2015-16,BD5532,Gaibandha,104.0,52.0,1.236,2019,3,
Mung,2016-17,BD5532,Gaibandha,106.0,50.0,1.166,2020,3,
Mung,2017-18,BD5532,Gaibandha,130.0,56.0,1.064,2021,3,
Mung,2018-19,BD5532,Gaibandha,128.0,56.0,1.081,2021,2,
Mung,2019-20,BD5532,Gaibandha,134.0,60.0,1.106,2022,2,
Mung,2020-21,BD5532,Gaibandha,133.5,54.28,1.005,2023,2,
Mung,2021-22,BD5532,Gaibandha,126.0,50.25,0.985,2024,3,
Mung,2022-23,BD5532,Gaibandha,134.4,52.0,0.956,2025,3,
Mung,2023-24,BD5532,Gaibandha,135.0,55.0,1.007,2025,2,
Mung,2024-25,BD5532,Gaibandha,127.5,52.99,1.027,2025,1,
Mung,2013-14,BD3033,Gazipur,94.0,25.0,0.657,2017,2,
Mung,2014-15,BD3033,Gazipur,96.0,26.0,0.669,2018,3,
Mung,2015-16,BD3033,Gazipur,97.0,26.0,0.662,2019,3,
Mung,2016-17,BD3033,Gazipur,91.0,24.0,0.652,2020,3,
Mung,2017-18,BD3033,Gazipur,87.0,22.0,0.625,2021,3,
Mung,2018-19,BD3033,Gazipur,132.0,35.0,0.655,2021,2,
Mung,2019-20,BD3033,Gazipur,87.0,24.0,0.682,2022,2,
Mung,2020-21,BD3033,Gazipur,132.6,35.3,0.658,2023,2,
Mung,2021-22,BD3033,Gazipur,48.06,14.36,0.738,2024,3,
Mung,2022-23,BD3033,Gazipur,48.96,14.64,0.739,2025,3,
Mung,2023-24,BD3033,Gazipur,50.99,15.54,0.753,2025,2,
Mung,2024-25,BD3033,Gazipur,76.43,30.79,0.995,2025,1,
Mung,2013-14,BD3035,Gopalganj,191.0,68.0,0.88,2017,2,
Mung,2014-15,BD3035,Gopalganj,199.0,72.0,0.894,2018,3,
Mung,2015-16,BD3035,Gopalganj,213.0,89.0,1.033,2019,3,
Mung,2016-17,BD3035,Gopalganj,230.0,94.0,1.01,2020,3,
Mung,2017-18,BD3035,Gopalganj,230.0,97.0,1.042,2021,3,
Mung,2018-19,BD3035,Gopalganj,230.0,98.0,1.053,2021,2,
Mung,2019-20,BD3035,Gopalganj,140.0,58.0,1.024,2022,2,
Mung,2020-21,BD3035,Gopalganj,169.6,67.3,0.981,2023,2,
Mung,2021-22,BD3035,Gopalganj,193.65,76.41,0.975,2024,3,
Mung,2022-23,BD3035,Gopalganj,197.1,78.3,0.982,2025,3,
Mung,2023-24,BD3035,Gopalganj,183.5,77.13,1.039,2025,2,
Mung,2024-25,BD3035,Gopalganj,171.82,74.95,1.078,2025,1,
Mung,2013-14,BD6036,Habiganj,0.0,0.0,,2017,2,
Mung,2014-15,BD6036,Habiganj,0.0,0.0,,2018,3,
Mung,2015-16,BD6036,Habiganj,0.0,0.0,,2019,3,
Mung,2016-17,BD6036,Habiganj,0.0,0.0,,2020,3,
Mung,2017-18,BD6036,Habiganj,0.0,0.0,,2021,3,
Mung,2018-19,BD6036,Habiganj,0.0,0.0,,2021,2,
Mung,2019-20,BD6036,Habiganj,0.0,0.0,,2022,2,
Mung,2020-21,BD6036,Habiganj,0.0,0.0,,2023,2,
Mung,2021-22,BD6036,Habiganj,0.0,0.0,,2024,3,
Mung,2022-23,BD6036,Habiganj,0.0,0.0,,2025,3,
Mung,2023-24,BD6036,Habiganj,0.0,0.0,,2025,2,
Mung,2024-25,BD6036,Habiganj,0.0,0.0,,2025,1,
Mung,2013-14,BD4539,Jamalpur,93.0,27.0,0.717,2017,2,
Mung,2014-15,BD4539,Jamalpur,82.0,25.0,0.753,2018,3,
Mung,2015-16,BD4539,Jamalpur,83.0,27.0,0.804,2019,3,
Mung,2016-17,BD4539,Jamalpur,92.0,30.0,0.806,2020,3,
Mung,2017-18,BD4539,Jamalpur,92.0,31.0,0.833,2021,3,
Mung,2018-19,BD4539,Jamalpur,94.0,32.0,0.841,2021,2,
Mung,2019-20,BD4539,Jamalpur,91.0,33.0,0.896,2022,2,
Mung,2020-21,BD4539,Jamalpur,87.0,33.0,0.937,2023,2,
Mung,2021-22,BD4539,Jamalpur,90.0,36.0,0.988,2024,3,
Mung,2022-23,BD4539,Jamalpur,91.0,38.0,1.032,2025,3,
Mung,2023-24,BD4539,Jamalpur,93.0,37.0,0.983,2025,2,
Mung,2024-25,BD4539,Jamalpur,87.0,36.0,1.023,2025,1,
Mung,2013-14,BD4041,Jashore,2148.0,787.0,0.905,2017,2,
Mung,2014-15,BD4041,Jashore,2187.0,739.0,0.835,2018,3,
Mung,2015-16,BD4041,Jashore,1833.0,692.0,0.933,2019,3,
Mung,2016-17,BD4041,Jashore,1804.0,697.0,0.955,2020,3,
Mung,2017-18,BD4041,Jashore,1740.0,678.0,0.963,2021,3,
Mung,2018-19,BD4041,Jashore,1693.0,652.0,0.952,2021,2,
Mung,2019-20,BD4041,Jashore,1676.0,641.0,0.945,2022,2,
Mung,2020-21,BD4041,Jashore,1638.0,636.0,0.959,2023,2,
Mung,2021-22,BD4041,Jashore,1642.0,635.32,0.956,2024,3,
Mung,2022-23,BD4041,Jashore,1642.0,635.32,0.956,2025,3,
Mung,2023-24,BD4041,Jashore,391.0,161.0,1.017,2025,2,
Mung,2024-25,BD4041,Jashore,382.0,158.0,1.022,2025,1,
Mung,2013-14,BD1042,Jhalokati,1092.0,397.0,0.898,2017,2,
Mung,2014-15,BD1042,Jhalokati,1305.0,493.0,0.934,2018,3,
Mung,2015-16,BD1042,Jhalokati,1421.0,534.0,0.929,2019,3,
Mung,2016-17,BD1042,Jhalokati,1227.0,318.0,0.64,2020,3,
Mung,2017-18,BD1042,Jhalokati,1247.0,310.0,0.614,2021,3,
Mung,2018-19,BD1042,Jhalokati,1248.0,400.0,0.792,2021,2,
Mung,2019-20,BD1042,Jhalokati,2281.0,625.0,0.677,2022,2,
Mung,2020-21,BD1042,Jhalokati,2269.0,769.0,0.837,2023,2,
Mung,2021-22,BD1042,Jhalokati,2295.0,703.0,0.757,2024,3,
Mung,2022-23,BD1042,Jhalokati,2348.0,734.0,0.772,2025,3,
Mung,2023-24,BD1042,Jhalokati,3633.0,1176.0,0.8,2025,2,
Mung,2024-25,BD1042,Jhalokati,3815.0,1587.0,1.028,2025,1,
Mung,2013-14,BD4044,Jhenaidah,2009.0,613.0,0.754,2017,2,
Mung,2014-15,BD4044,Jhenaidah,1653.0,640.0,0.957,2018,3,
Mung,2015-16,BD4044,Jhenaidah,1650.0,701.0,1.05,2019,3,
Mung,2016-17,BD4044,Jhenaidah,1680.0,732.0,1.077,2020,3,
Mung,2017-18,BD4044,Jhenaidah,1600.0,680.0,1.05,2021,3,
Mung,2018-19,BD4044,Jhenaidah,1639.0,696.0,1.049,2021,2,
Mung,2019-20,BD4044,Jhenaidah,1669.0,707.0,1.047,2022,2,
Mung,2020-21,BD4044,Jhenaidah,1654.0,706.0,1.055,2023,2,
Mung,2021-22,BD4044,Jhenaidah,1645.0,714.0,1.073,2024,3,
Mung,2022-23,BD4044,Jhenaidah,1645.0,714.0,1.073,2025,3,
Mung,2023-24,BD4044,Jhenaidah,1654.5,746.71,1.115,2025,2,
Mung,2024-25,BD4044,Jhenaidah,1629.3,732.81,1.111,2025,1,
Mung,2013-14,BD5038,Joypurhat,27.0,8.0,0.732,2017,2,
Mung,2014-15,BD5038,Joypurhat,25.0,7.0,0.692,2018,3,
Mung,2015-16,BD5038,Joypurhat,21.0,6.0,0.706,2019,3,
Mung,2016-17,BD5038,Joypurhat,20.0,6.0,0.741,2020,3,
Mung,2017-18,BD5038,Joypurhat,20.0,6.0,0.741,2021,3,
Mung,2018-19,BD5038,Joypurhat,20.0,6.0,0.741,2021,2,
Mung,2019-20,BD5038,Joypurhat,20.0,6.0,0.741,2022,2,
Mung,2020-21,BD5038,Joypurhat,18.69,5.77,0.763,2023,2,
Mung,2021-22,BD5038,Joypurhat,23.05,7.24,0.776,2024,3,
Mung,2022-23,BD5038,Joypurhat,0.0,0.0,,2025,3,
Mung,2023-24,BD5038,Joypurhat,0.0,0.0,,2025,2,
Mung,2024-25,BD5038,Joypurhat,0.0,0.0,,2025,1,
Mung,2013-14,BD2046,Khagrachhari,0.0,0.0,,2017,2,
Mung,2014-15,BD2046,Khagrachhari,0.0,0.0,,2018,3,
Mung,2015-16,BD2046,Khagrachhari,0.0,0.0,,2019,3,
Mung,2016-17,BD2046,Khagrachhari,0.0,0.0,,2020,3,
Mung,2017-18,BD2046,Khagrachhari,0.0,0.0,,2021,3,
Mung,2018-19,BD2046,Khagrachhari,0.0,0.0,,2021,2,
Mung,2019-20,BD2046,Khagrachhari,0.0,0.0,,2022,2,
Mung,2020-21,BD2046,Khagrachhari,0.0,0.0,,2023,2,
Mung,2021-22,BD2046,Khagrachhari,0.0,0.0,,2024,3,
Mung,2022-23,BD2046,Khagrachhari,0.0,0.0,,2025,3,
Mung,2023-24,BD2046,Khagrachhari,0.0,0.0,,2025,2,
Mung,2024-25,BD2046,Khagrachhari,0.0,0.0,,2025,1,
Mung,2013-14,BD4047,Khulna,220.0,66.0,0.741,2017,2,
Mung,2014-15,BD4047,Khulna,157.0,47.0,0.74,2018,3,
Mung,2015-16,BD4047,Khulna,153.0,46.0,0.743,2019,3,
Mung,2016-17,BD4047,Khulna,148.0,44.0,0.735,2020,3,
Mung,2017-18,BD4047,Khulna,86.0,24.0,0.69,2021,3,
Mung,2018-19,BD4047,Khulna,229.0,67.0,0.723,2021,2,
Mung,2019-20,BD4047,Khulna,216.0,59.0,0.675,2022,2,
Mung,2020-21,BD4047,Khulna,217.25,61.67,0.701,2023,2,
Mung,2021-22,BD4047,Khulna,206.05,57.96,0.695,2024,3,
Mung,2022-23,BD4047,Khulna,206.05,57.96,0.695,2025,3,
Mung,2023-24,BD4047,Khulna,202.9,57.48,0.7,2025,2,
Mung,2024-25,BD4047,Khulna,205.45,60.31,0.725,2025,1,
Mung,2013-14,BD3048,Kishoreganj,257.0,85.0,0.817,2017,2,
Mung,2014-15,BD3048,Kishoreganj,219.0,70.0,0.79,2018,3,
Mung,2015-16,BD3048,Kishoreganj,230.0,76.0,0.817,2019,3,
Mung,2016-17,BD3048,Kishoreganj,246.0,91.0,0.914,2020,3,
Mung,2017-18,BD3048,Kishoreganj,263.0,98.0,0.921,2021,3,
Mung,2018-19,BD3048,Kishoreganj,232.0,88.0,0.937,2021,2,
Mung,2019-20,BD3048,Kishoreganj,249.0,89.0,0.883,2022,2,
Mung,2020-21,BD3048,Kishoreganj,233.9,86.2,0.911,2023,2,
Mung,2021-22,BD3048,Kishoreganj,195.64,71.56,0.904,2024,3,
Mung,2022-23,BD3048,Kishoreganj,186.23,66.98,0.889,2025,3,
Mung,2023-24,BD3048,Kishoreganj,167.92,61.2,0.901,2025,2,
Mung,2024-25,BD3048,Kishoreganj,154.09,56.72,0.91,2025,1,
Mung,2013-14,BD5549,Kurigram,132.0,47.0,0.88,2017,2,
Mung,2014-15,BD5549,Kurigram,138.0,50.0,0.895,2018,3,
Mung,2015-16,BD5549,Kurigram,148.0,55.0,0.918,2019,3,
Mung,2016-17,BD5549,Kurigram,150.0,58.0,0.955,2020,3,
Mung,2017-18,BD5549,Kurigram,138.0,50.0,0.895,2021,3,
Mung,2018-19,BD5549,Kurigram,140.0,50.0,0.883,2021,2,
Mung,2019-20,BD5549,Kurigram,142.0,51.0,0.887,2022,2,
Mung,2020-21,BD5549,Kurigram,125.0,46.0,0.909,2023,2,
Mung,2021-22,BD5549,Kurigram,148.4,96.22,1.602,2024,3,
Mung,2022-23,BD5549,Kurigram,147.9,83.37,1.393,2025,3,
Mung,2023-24,BD5549,Kurigram,139.0,60.0,1.067,2025,2,
Mung,2024-25,BD5549,Kurigram,120.0,52.0,1.071,2025,1,
Mung,2013-14,BD4050,Kushtia,256.0,121.0,1.168,2017,2,
Mung,2014-15,BD4050,Kushtia,232.0,116.0,1.236,2018,3,
Mung,2015-16,BD4050,Kushtia,209.0,109.0,1.289,2019,3,
Mung,2016-17,BD4050,Kushtia,158.0,84.0,1.314,2020,3,
Mung,2017-18,BD4050,Kushtia,162.0,85.0,1.297,2021,3,
Mung,2018-19,BD4050,Kushtia,162.0,84.0,1.281,2021,2,
Mung,2019-20,BD4050,Kushtia,154.0,81.0,1.3,2022,2,
Mung,2020-21,BD4050,Kushtia,157.0,84.0,1.322,2023,2,
Mung,2021-22,BD4050,Kushtia,153.0,83.0,1.341,2024,3,
Mung,2022-23,BD4050,Kushtia,153.0,83.0,1.341,2025,3,
Mung,2023-24,BD4050,Kushtia,100.0,62.0,1.532,2025,2,
Mung,2024-25,BD4050,Kushtia,94.0,63.0,1.656,2025,1,
Mung,2013-14,BD2051,Lakshmipur,2023.0,379.0,0.463,2017,2,
Mung,2014-15,BD2051,Lakshmipur,1703.0,411.0,0.596,2018,3,
Mung,2015-16,BD2051,Lakshmipur,1660.0,403.0,0.6,2019,3,
Mung,2016-17,BD2051,Lakshmipur,1606.0,393.0,0.605,2020,3,
Mung,2017-18,BD2051,Lakshmipur,1589.0,390.0,0.606,2021,3,
Mung,2018-19,BD2051,Lakshmipur,1557.0,383.0,0.608,2021,2,
Mung,2019-20,BD2051,Lakshmipur,1577.0,388.0,0.608,2022,2,
Mung,2020-21,BD2051,Lakshmipur,1542.0,393.0,0.63,2023,2,
Mung,2021-22,BD2051,Lakshmipur,1503.0,382.0,0.628,2024,3,
Mung,2022-23,BD2051,Lakshmipur,1466.75,465.0,0.783,2025,3,
Mung,2023-24,BD2051,Lakshmipur,1393.5,432.0,0.766,2025,2,
Mung,2024-25,BD2051,Lakshmipur,1397.25,434.0,0.768,2025,1,
Mung,2013-14,BD5552,Lalmonirhat,53.0,30.0,1.399,2017,2,
Mung,2014-15,BD5552,Lalmonirhat,59.0,33.0,1.382,2018,3,
Mung,2015-16,BD5552,Lalmonirhat,57.0,31.0,1.344,2019,3,
Mung,2016-17,BD5552,Lalmonirhat,57.0,32.0,1.387,2020,3,
Mung,2017-18,BD5552,Lalmonirhat,65.0,35.0,1.331,2021,3,
Mung,2018-19,BD5552,Lalmonirhat,65.0,36.0,1.369,2021,2,
Mung,2019-20,BD5552,Lalmonirhat,69.0,39.0,1.397,2022,2,
Mung,2020-21,BD5552,Lalmonirhat,118.0,38.0,0.796,2023,2,
Mung,2021-22,BD5552,Lalmonirhat,72.95,41.32,1.4,2024,3,
Mung,2022-23,BD5552,Lalmonirhat,73.7,41.33,1.386,2025,3,
Mung,2023-24,BD5552,Lalmonirhat,73.5,32.0,1.076,2025,2,
Mung,2024-25,BD5552,Lalmonirhat,58.0,25.0,1.065,2025,1,
Mung,2013-14,BD3054,Madaripur,537.0,171.0,0.787,2017,2,
Mung,2014-15,BD3054,Madaripur,521.0,164.0,0.778,2018,3,
Mung,2015-16,BD3054,Madaripur,514.0,167.0,0.803,2019,3,
Mung,2016-17,BD3054,Madaripur,447.0,147.0,0.813,2020,3,
Mung,2017-18,BD3054,Madaripur,485.0,157.0,0.8,2021,3,
Mung,2018-19,BD3054,Madaripur,481.0,155.0,0.796,2021,2,
Mung,2019-20,BD3054,Madaripur,480.0,154.0,0.793,2022,2,
Mung,2020-21,BD3054,Madaripur,480.5,154.1,0.792,2023,2,
Mung,2021-22,BD3054,Madaripur,408.61,132.76,0.803,2024,3,
Mung,2022-23,BD3054,Madaripur,273.77,88.47,0.799,2025,3,
Mung,2023-24,BD3054,Madaripur,210.87,77.79,0.912,2025,2,
Mung,2024-25,BD3054,Madaripur,202.03,76.65,0.938,2025,1,
Mung,2013-14,BD4055,Magura,120.0,39.0,0.803,2017,2,
Mung,2014-15,BD4055,Magura,134.0,42.0,0.775,2018,3,
Mung,2015-16,BD4055,Magura,132.0,43.0,0.805,2019,3,
Mung,2016-17,BD4055,Magura,118.0,38.0,0.796,2020,3,
Mung,2017-18,BD4055,Magura,121.0,38.0,0.776,2021,3,
Mung,2018-19,BD4055,Magura,132.0,43.0,0.805,2021,2,
Mung,2019-20,BD4055,Magura,126.0,42.0,0.824,2022,2,
Mung,2020-21,BD4055,Magura,129.0,29.49,0.565,2023,2,
Mung,2021-22,BD4055,Magura,132.6,44.58,0.831,2024,3,
Mung,2022-23,BD4055,Magura,132.6,44.58,0.831,2025,3,
Mung,2023-24,BD4055,Magura,230.22,81.62,0.876,2025,2,
Mung,2024-25,BD4055,Magura,232.87,82.76,0.878,2025,1,
Mung,2013-14,BD3056,Manikganj,267.0,87.0,0.805,2017,2,
Mung,2014-15,BD3056,Manikganj,267.0,80.0,0.74,2018,3,
Mung,2015-16,BD3056,Manikganj,271.0,87.0,0.793,2019,3,
Mung,2016-17,BD3056,Manikganj,252.0,75.0,0.735,2020,3,
Mung,2017-18,BD3056,Manikganj,253.0,77.0,0.752,2021,3,
Mung,2018-19,BD3056,Manikganj,255.0,79.0,0.766,2021,2,
Mung,2019-20,BD3056,Manikganj,257.0,82.0,0.788,2022,2,
Mung,2020-21,BD3056,Manikganj,268.7,81.2,0.747,2023,2,
Mung,2021-22,BD3056,Manikganj,271.5,82.07,0.747,2024,3,
Mung,2022-23,BD3056,Manikganj,268.4,80.52,0.741,2025,3,
Mung,2023-24,BD3056,Manikganj,220.3,68.29,0.766,2025,2,
Mung,2024-25,BD3056,Manikganj,118.85,38.03,0.791,2025,1,
Mung,2013-14,BD4057,Meherpur,74.0,27.0,0.902,2017,2,
Mung,2014-15,BD4057,Meherpur,70.0,27.0,0.953,2018,3,
Mung,2015-16,BD4057,Meherpur,71.0,25.0,0.87,2019,3,
Mung,2016-17,BD4057,Meherpur,71.0,25.0,0.87,2020,3,
Mung,2017-18,BD4057,Meherpur,70.0,26.0,0.918,2021,3,
Mung,2018-19,BD4057,Meherpur,53.0,19.0,0.886,2021,2,
Mung,2019-20,BD4057,Meherpur,55.0,20.0,0.899,2022,2,
Mung,2020-21,BD4057,Meherpur,78.0,73.34,2.323,2023,2,
Mung,2021-22,BD4057,Meherpur,77.0,30.8,0.988,2024,3,
Mung,2022-23,BD4057,Meherpur,77.0,30.8,0.988,2025,3,
Mung,2023-24,BD4057,Meherpur,79.0,31.55,0.987,2025,2,
Mung,2024-25,BD4057,Meherpur,79.0,32.03,1.002,2025,1,
Mung,2013-14,BD6058,Moulvibazar,26.0,11.0,1.045,2017,2,
Mung,2014-15,BD6058,Moulvibazar,20.0,7.0,0.865,2018,3,
Mung,2015-16,BD6058,Moulvibazar,0.0,0.0,,2019,3,
Mung,2016-17,BD6058,Moulvibazar,11.0,3.0,0.674,2020,3,
Mung,2017-18,BD6058,Moulvibazar,11.0,3.0,0.674,2021,3,
Mung,2018-19,BD6058,Moulvibazar,12.0,4.0,0.824,2021,2,
Mung,2019-20,BD6058,Moulvibazar,12.0,5.0,1.03,2022,2,
Mung,2020-21,BD6058,Moulvibazar,11.35,3.29,0.716,2023,2,
Mung,2021-22,BD6058,Moulvibazar,13.2,4.1,0.768,2024,3,
Mung,2022-23,BD6058,Moulvibazar,0.0,0.0,,2025,3,
Mung,2023-24,BD6058,Moulvibazar,0.0,0.0,,2025,2,
Mung,2024-25,BD6058,Moulvibazar,0.0,0.0,,2025,1,
Mung,2013-14,BD3059,Munshiganj,5.0,2.0,0.988,2017,2,
Mung,2014-15,BD3059,Munshiganj,5.0,2.0,0.988,2018,3,
Mung,2015-16,BD3059,Munshiganj,0.0,0.0,,2019,3,
Mung,2016-17,BD3059,Munshiganj,0.0,0.0,,2020,3,
Mung,2017-18,BD3059,Munshiganj,48.0,14.0,0.721,2021,3,
Mung,2018-19,BD3059,Munshiganj,5.0,2.0,0.988,2021,2,
Mung,2019-20,BD3059,Munshiganj,140.0,58.0,1.024,2022,2,yoy-jump-gt-10x
Mung,2020-21,BD3059,Munshiganj,0.0,0.0,,2023,2,
Mung,2021-22,BD3059,Munshiganj,0.0,0.0,,2024,3,
Mung,2022-23,BD3059,Munshiganj,0.0,0.0,,2025,3,
Mung,2023-24,BD3059,Munshiganj,0.0,0.0,,2025,2,
Mung,2024-25,BD3059,Munshiganj,0.0,0.0,,2025,1,
Mung,2013-14,BD4561,Mymensingh,210.0,84.0,0.988,2017,2,
Mung,2014-15,BD4561,Mymensingh,187.0,74.0,0.978,2018,3,
Mung,2015-16,BD4561,Mymensingh,202.0,85.0,1.04,2019,3,
Mung,2016-17,BD4561,Mymensingh,203.0,84.0,1.023,2020,3,
Mung,2017-18,BD4561,Mymensingh,198.0,81.0,1.011,2021,3,
Mung,2018-19,BD4561,Mymensingh,156.0,56.0,0.887,2021,2,
Mung,2019-20,BD4561,Mymensingh,160.0,60.0,0.927,2022,2,
Mung,2020-21,BD4561,Mymensingh,154.0,58.0,0.931,2023,2,
Mung,2021-22,BD4561,Mymensingh,155.0,62.0,0.988,2024,3,
Mung,2022-23,BD4561,Mymensingh,113.0,48.0,1.05,2025,3,
Mung,2023-24,BD4561,Mymensingh,95.0,41.0,1.066,2025,2,
Mung,2024-25,BD4561,Mymensingh,101.0,49.0,1.199,2025,1,
Mung,2013-14,BD5064,Naogaon,237.0,86.0,0.897,2017,2,
Mung,2014-15,BD5064,Naogaon,184.0,73.0,0.98,2018,3,
Mung,2015-16,BD5064,Naogaon,185.0,76.0,1.015,2019,3,
Mung,2016-17,BD5064,Naogaon,169.0,71.0,1.038,2020,3,
Mung,2017-18,BD5064,Naogaon,163.0,73.0,1.107,2021,3,
Mung,2018-19,BD5064,Naogaon,164.0,78.0,1.175,2021,2,
Mung,2019-20,BD5064,Naogaon,158.0,75.0,1.173,2022,2,
Mung,2020-21,BD5064,Naogaon,158.06,76.97,1.203,2023,2,
Mung,2021-22,BD5064,Naogaon,132.94,74.81,1.391,2024,3,
Mung,2022-23,BD5064,Naogaon,137.28,79.16,1.425,2025,3,
Mung,2023-24,BD5064,Naogaon,155.02,81.35,1.297,2025,2,
Mung,2024-25,BD5064,Naogaon,177.58,97.12,1.351,2025,1,
Mung,2013-14,BD4065,Narail,253.0,69.0,0.674,2017,2,
Mung,2014-15,BD4065,Narail,206.0,59.0,0.708,2018,3,
Mung,2015-16,BD4065,Narail,211.0,63.0,0.738,2019,3,
Mung,2016-17,BD4065,Narail,239.0,72.0,0.744,2020,3,
Mung,2017-18,BD4065,Narail,546.0,171.0,0.774,2021,3,
Mung,2018-19,BD4065,Narail,398.0,158.0,0.981,2021,2,
Mung,2019-20,BD4065,Narail,341.0,143.0,1.036,2022,2,
Mung,2020-21,BD4065,Narail,385.0,153.23,0.983,2023,2,
Mung,2021-22,BD4065,Narail,357.0,145.46,1.007,2024,3,
Mung,2022-23,BD4065,Narail,357.0,145.46,1.007,2025,3,
Mung,2023-24,BD4065,Narail,378.0,155.0,1.013,2025,2,
Mung,2024-25,BD4065,Narail,379.0,158.0,1.03,2025,1,
Mung,2013-14,BD3067,Narayanganj,41.0,16.0,0.964,2017,2,
Mung,2014-15,BD3067,Narayanganj,36.0,14.0,0.961,2018,3,
Mung,2015-16,BD3067,Narayanganj,34.0,13.0,0.945,2019,3,
Mung,2016-17,BD3067,Narayanganj,29.0,12.0,1.023,2020,3,
Mung,2017-18,BD3067,Narayanganj,29.0,12.0,1.023,2021,3,
Mung,2018-19,BD3067,Narayanganj,30.0,12.0,0.988,2021,2,
Mung,2019-20,BD3067,Narayanganj,32.0,14.0,1.081,2022,2,
Mung,2020-21,BD3067,Narayanganj,29.5,12.4,1.039,2023,2,
Mung,2021-22,BD3067,Narayanganj,27.5,11.45,1.029,2024,3,
Mung,2022-23,BD3067,Narayanganj,27.0,11.56,1.058,2025,3,
Mung,2023-24,BD3067,Narayanganj,23.92,10.06,1.039,2025,2,
Mung,2024-25,BD3067,Narayanganj,23.45,9.85,1.038,2025,1,
Mung,2013-14,BD3068,Narsingdi,47.0,14.0,0.736,2017,2,
Mung,2014-15,BD3068,Narsingdi,39.0,11.0,0.697,2018,3,
Mung,2015-16,BD3068,Narsingdi,41.0,13.0,0.784,2019,3,
Mung,2016-17,BD3068,Narsingdi,37.0,11.0,0.735,2020,3,
Mung,2017-18,BD3068,Narsingdi,17.0,10.0,1.454,2021,3,
Mung,2018-19,BD3068,Narsingdi,0.0,0.0,,2021,2,
Mung,2019-20,BD3068,Narsingdi,28.0,9.0,0.794,2022,2,
Mung,2020-21,BD3068,Narsingdi,28.2,8.9,0.78,2023,2,
Mung,2021-22,BD3068,Narsingdi,23.14,7.08,0.756,2024,3,
Mung,2022-23,BD3068,Narsingdi,22.79,6.94,0.752,2025,3,
Mung,2023-24,BD3068,Narsingdi,23.54,7.22,0.758,2025,2,
Mung,2024-25,BD3068,Narsingdi,23.97,7.38,0.761,2025,1,
Mung,2013-14,BD5069,Natore,18959.0,5394.0,0.703,2017,2,
Mung,2014-15,BD5069,Natore,19229.0,5689.0,0.731,2018,3,
Mung,2015-16,BD5069,Natore,22650.0,7742.0,0.845,2019,3,
Mung,2016-17,BD5069,Natore,21879.0,7262.0,0.82,2020,3,
Mung,2017-18,BD5069,Natore,15879.0,5062.0,0.788,2021,3,
Mung,2018-19,BD5069,Natore,10731.0,4305.0,0.991,2021,2,
Mung,2019-20,BD5069,Natore,11465.0,3949.0,0.851,2022,2,
Mung,2020-21,BD5069,Natore,10616.8,3964.95,0.923,2023,2,
Mung,2021-22,BD5069,Natore,10599.4,4032.87,0.94,2024,3,
Mung,2022-23,BD5069,Natore,9143.47,3574.49,0.966,2025,3,
Mung,2023-24,BD5069,Natore,9111.11,3658.61,0.992,2025,2,
Mung,2024-25,BD5069,Natore,8930.11,3677.83,1.018,2025,1,
Mung,2013-14,BD4572,Netrakona,13.0,3.0,0.57,2017,2,
Mung,2014-15,BD4572,Netrakona,14.0,3.0,0.53,2018,3,
Mung,2015-16,BD4572,Netrakona,14.0,3.0,0.53,2019,3,
Mung,2016-17,BD4572,Netrakona,0.0,0.0,,2020,3,
Mung,2017-18,BD4572,Netrakona,18.0,5.0,0.686,2021,3,
Mung,2018-19,BD4572,Netrakona,19.0,6.0,0.78,2021,2,
Mung,2019-20,BD4572,Netrakona,18.0,8.0,1.098,2022,2,
Mung,2020-21,BD4572,Netrakona,33.0,10.0,0.749,2023,2,
Mung,2021-22,BD4572,Netrakona,0.0,0.0,,2024,3,
Mung,2022-23,BD4572,Netrakona,2.0,1.0,1.236,2025,3,
Mung,2023-24,BD4572,Netrakona,3.0,1.0,0.824,2025,2,
Mung,2024-25,BD4572,Netrakona,4.0,2.0,1.236,2025,1,
Mung,2013-14,BD5573,Nilphamari,8.0,5.0,1.544,2017,2,
Mung,2014-15,BD5573,Nilphamari,9.0,6.0,1.647,2018,3,
Mung,2015-16,BD5573,Nilphamari,9.0,7.0,1.922,2019,3,
Mung,2016-17,BD5573,Nilphamari,9.0,7.0,1.922,2020,3,
Mung,2017-18,BD5573,Nilphamari,0.0,0.0,,2021,3,
Mung,2018-19,BD5573,Nilphamari,10.0,7.0,1.73,2021,2,
Mung,2019-20,BD5573,Nilphamari,10.0,7.0,1.73,2022,2,
Mung,2020-21,BD5573,Nilphamari,11.0,5.0,1.123,2023,2,
Mung,2021-22,BD5573,Nilphamari,10.75,3.72,0.855,2024,3,
Mung,2022-23,BD5573,Nilphamari,10.96,3.86,0.87,2025,3,
Mung,2023-24,BD5573,Nilphamari,10.96,4.68,1.055,2025,2,
Mung,2024-25,BD5573,Nilphamari,11.98,5.67,1.17,2025,1,
Mung,2013-14,BD2075,Noakhali,3608.0,887.0,0.607,2017,2,
Mung,2014-15,BD2075,Noakhali,3619.0,897.0,0.612,2018,3,
Mung,2015-16,BD2075,Noakhali,2651.0,912.0,0.85,2019,3,
Mung,2016-17,BD2075,Noakhali,2196.0,579.0,0.652,2020,3,
Mung,2017-18,BD2075,Noakhali,2149.0,534.0,0.614,2021,3,
Mung,2018-19,BD2075,Noakhali,1880.0,456.0,0.599,2021,2,
Mung,2019-20,BD2075,Noakhali,1399.0,312.0,0.551,2022,2,
Mung,2020-21,BD2075,Noakhali,7793.96,2566.57,0.814,2023,2,
Mung,2021-22,BD2075,Noakhali,12730.0,4172.23,0.81,2024,3,
Mung,2022-23,BD2075,Noakhali,12914.04,4240.76,0.811,2025,3,
Mung,2023-24,BD2075,Noakhali,12981.95,4395.4,0.837,2025,2,
Mung,2024-25,BD2075,Noakhali,13011.2,4406.89,0.837,2025,1,
Mung,2013-14,BD5076,Pabna,294.0,111.0,0.933,2017,2,
Mung,2014-15,BD5076,Pabna,327.0,131.0,0.99,2018,3,
Mung,2015-16,BD5076,Pabna,456.0,164.0,0.889,2019,3,
Mung,2016-17,BD5076,Pabna,488.0,196.0,0.992,2020,3,
Mung,2017-18,BD5076,Pabna,503.0,202.0,0.992,2021,3,
Mung,2018-19,BD5076,Pabna,516.0,207.0,0.991,2021,2,
Mung,2019-20,BD5076,Pabna,457.0,190.0,1.027,2022,2,
Mung,2020-21,BD5076,Pabna,462.7,194.38,1.038,2023,2,
Mung,2021-22,BD5076,Pabna,466.5,196.85,1.043,2024,3,
Mung,2022-23,BD5076,Pabna,454.75,217.7,1.183,2025,3,
Mung,2023-24,BD5076,Pabna,460.0,252.72,1.358,2025,2,
Mung,2024-25,BD5076,Pabna,359.5,179.63,1.235,2025,1,
Mung,2013-14,BD5577,Panchagarh,838.0,319.0,0.941,2017,2,
Mung,2014-15,BD5577,Panchagarh,665.0,349.0,1.297,2018,3,
Mung,2015-16,BD5577,Panchagarh,221.0,93.0,1.04,2019,3,
Mung,2016-17,BD5577,Panchagarh,224.0,93.0,1.026,2020,3,
Mung,2017-18,BD5577,Panchagarh,232.0,102.0,1.086,2021,3,
Mung,2018-19,BD5577,Panchagarh,248.0,114.0,1.136,2021,2,
Mung,2019-20,BD5577,Panchagarh,256.0,117.0,1.129,2022,2,
Mung,2020-21,BD5577,Panchagarh,246.0,140.0,1.406,2023,2,
Mung,2021-22,BD5577,Panchagarh,231.0,127.16,1.36,2024,3,
Mung,2022-23,BD5577,Panchagarh,206.0,110.45,1.325,2025,3,
Mung,2023-24,BD5577,Panchagarh,190.0,100.0,1.301,2025,2,
Mung,2024-25,BD5577,Panchagarh,181.0,95.0,1.297,2025,1,
Mung,2013-14,BD1078,Patuakhali,8560.0,1661.0,0.479,2017,2,
Mung,2014-15,BD1078,Patuakhali,8075.0,1615.0,0.494,2018,3,
Mung,2015-16,BD1078,Patuakhali,13917.0,2232.0,0.396,2019,3,
Mung,2016-17,BD1078,Patuakhali,13585.0,1980.0,0.36,2020,3,
Mung,2017-18,BD1078,Patuakhali,12607.0,4629.0,0.907,2021,3,
Mung,2018-19,BD1078,Patuakhali,12610.0,4690.0,0.919,2021,2,
Mung,2019-20,BD1078,Patuakhali,12578.0,4650.0,0.914,2022,2,
Mung,2020-21,BD1078,Patuakhali,12559.0,4613.57,0.908,2023,2,
Mung,2021-22,BD1078,Patuakhali,12575.0,2617.0,0.514,2024,3,
Mung,2022-23,BD1078,Patuakhali,12566.0,2613.0,0.514,2025,3,
Mung,2023-24,BD1078,Patuakhali,12581.0,2654.0,0.521,2025,2,
Mung,2024-25,BD1078,Patuakhali,131359.0,51844.0,0.975,2025,1,yoy-jump-gt-10x
Mung,2013-14,BD1079,Pirojpur,523.0,123.0,0.581,2017,2,
Mung,2014-15,BD1079,Pirojpur,520.0,133.0,0.632,2018,3,
Mung,2015-16,BD1079,Pirojpur,582.0,176.0,0.747,2019,3,
Mung,2016-17,BD1079,Pirojpur,569.0,191.0,0.829,2020,3,
Mung,2017-18,BD1079,Pirojpur,591.0,208.0,0.87,2021,3,
Mung,2018-19,BD1079,Pirojpur,557.0,194.0,0.861,2021,2,
Mung,2019-20,BD1079,Pirojpur,549.0,186.0,0.837,2022,2,
Mung,2020-21,BD1079,Pirojpur,602.0,213.0,0.874,2023,2,
Mung,2021-22,BD1079,Pirojpur,624.0,196.0,0.776,2024,3,
Mung,2022-23,BD1079,Pirojpur,632.0,203.0,0.794,2025,3,
Mung,2023-24,BD1079,Pirojpur,642.0,209.0,0.804,2025,2,
Mung,2024-25,BD1079,Pirojpur,1008.0,438.0,1.074,2025,1,
Mung,2013-14,BD3082,Rajbari,170.0,65.0,0.945,2017,2,
Mung,2014-15,BD3082,Rajbari,214.0,84.0,0.97,2018,3,
Mung,2015-16,BD3082,Rajbari,195.0,76.0,0.963,2019,3,
Mung,2016-17,BD3082,Rajbari,166.0,65.0,0.968,2020,3,
Mung,2017-18,BD3082,Rajbari,153.0,60.0,0.969,2021,3,
Mung,2018-19,BD3082,Rajbari,188.0,73.0,0.96,2021,2,
Mung,2019-20,BD3082,Rajbari,151.0,60.0,0.982,2022,2,
Mung,2020-21,BD3082,Rajbari,150.5,60.3,0.99,2023,2,
Mung,2021-22,BD3082,Rajbari,134.0,60.0,1.106,2024,3,
Mung,2022-23,BD3082,Rajbari,148.0,65.33,1.091,2025,3,
Mung,2023-24,BD3082,Rajbari,150.0,65.41,1.078,2025,2,
Mung,2024-25,BD3082,Rajbari,158.0,67.61,1.057,2025,1,
Mung,2013-14,BD5081,Rajshahi,11423.0,6639.0,1.436,2017,2,
Mung,2014-15,BD5081,Rajshahi,11537.0,6278.0,1.345,2018,3,
Mung,2015-16,BD5081,Rajshahi,10966.0,5511.0,1.242,2019,3,
Mung,2016-17,BD5081,Rajshahi,11386.0,5490.0,1.191,2020,3,
Mung,2017-18,BD5081,Rajshahi,9577.0,4198.0,1.083,2021,3,
Mung,2018-19,BD5081,Rajshahi,9696.0,4293.0,1.094,2021,2,
Mung,2019-20,BD5081,Rajshahi,9692.0,4484.0,1.143,2022,2,
Mung,2020-21,BD5081,Rajshahi,8557.1,3746.2,1.082,2023,2,
Mung,2021-22,BD5081,Rajshahi,7520.1,3237.71,1.064,2024,3,
Mung,2022-23,BD5081,Rajshahi,6250.23,2692.15,1.064,2025,3,
Mung,2023-24,BD5081,Rajshahi,2074.18,953.66,1.136,2025,2,
Mung,2024-25,BD5081,Rajshahi,1491.61,713.49,1.182,2025,1,
Mung,2013-14,BD2084,Rangamati,0.0,0.0,,2017,2,
Mung,2014-15,BD2084,Rangamati,0.0,0.0,,2018,3,
Mung,2015-16,BD2084,Rangamati,0.0,0.0,,2019,3,
Mung,2016-17,BD2084,Rangamati,0.0,0.0,,2020,3,
Mung,2017-18,BD2084,Rangamati,0.0,0.0,,2021,3,
Mung,2018-19,BD2084,Rangamati,0.0,0.0,,2021,2,
Mung,2019-20,BD2084,Rangamati,0.0,0.0,,2022,2,
Mung,2020-21,BD2084,Rangamati,0.0,0.0,,2023,2,
Mung,2021-22,BD2084,Rangamati,0.0,0.0,,2024,3,
Mung,2022-23,BD2084,Rangamati,0.0,0.0,,2025,3,
Mung,2023-24,BD2084,Rangamati,0.0,0.0,,2025,2,
Mung,2024-25,BD2084,Rangamati,0.0,0.0,,2025,1,
Mung,2013-14,BD5585,Rangpur,38.0,19.0,1.236,2017,2,
Mung,2014-15,BD5585,Rangpur,60.0,30.0,1.236,2018,3,
Mung,2015-16,BD5585,Rangpur,89.0,45.0,1.249,2019,3,
Mung,2016-17,BD5585,Rangpur,88.0,43.0,1.207,2020,3,
Mung,2017-18,BD5585,Rangpur,78.0,35.0,1.109,2021,3,
Mung,2018-19,BD5585,Rangpur,75.0,33.0,1.087,2021,2,
Mung,2019-20,BD5585,Rangpur,76.0,32.0,1.04,2022,2,
Mung,2020-21,BD5585,Rangpur,46.0,20.0,1.074,2023,2,
Mung,2021-22,BD5585,Rangpur,45.0,19.0,1.043,2024,3,
Mung,2022-23,BD5585,Rangpur,43.0,18.0,1.034,2025,3,
Mung,2023-24,BD5585,Rangpur,41.0,16.0,0.964,2025,2,
Mung,2024-25,BD5585,Rangpur,41.45,15.79,0.941,2025,1,
Mung,2013-14,BD4087,Satkhira,54.0,14.0,0.641,2017,2,
Mung,2014-15,BD4087,Satkhira,33.0,9.0,0.674,2018,3,
Mung,2015-16,BD4087,Satkhira,26.0,7.0,0.665,2019,3,
Mung,2016-17,BD4087,Satkhira,24.0,6.0,0.618,2020,3,
Mung,2017-18,BD4087,Satkhira,23.0,6.0,0.645,2021,3,
Mung,2018-19,BD4087,Satkhira,23.0,6.0,0.645,2021,2,
Mung,2019-20,BD4087,Satkhira,22.0,6.0,0.674,2022,2,
Mung,2020-21,BD4087,Satkhira,30.0,8.87,0.731,2023,2,
Mung,2021-22,BD4087,Satkhira,22.81,6.91,0.749,2024,3,
Mung,2022-23,BD4087,Satkhira,22.81,6.91,0.749,2025,3,
Mung,2023-24,BD4087,Satkhira,23.93,7.39,0.763,2025,2,
Mung,2024-25,BD4087,Satkhira,26.18,8.42,0.795,2025,1,
Mung,2013-14,BD3086,Shariatpur,174.0,77.0,1.094,2017,2,
Mung,2014-15,BD3086,Shariatpur,254.0,112.0,1.09,2018,3,
Mung,2015-16,BD3086,Shariatpur,279.0,113.0,1.001,2019,3,
Mung,2016-17,BD3086,Shariatpur,250.0,122.0,1.206,2020,3,
Mung,2017-18,BD3086,Shariatpur,231.0,111.0,1.187,2021,3,
Mung,2018-19,BD3086,Shariatpur,228.0,110.0,1.192,2021,2,
Mung,2019-20,BD3086,Shariatpur,246.0,120.0,1.205,2022,2,
Mung,2020-21,BD3086,Shariatpur,215.0,108.3,1.245,2023,2,
Mung,2021-22,BD3086,Shariatpur,192.0,94.0,1.21,2024,3,
Mung,2022-23,BD3086,Shariatpur,174.0,75.0,1.065,2025,3,
Mung,2023-24,BD3086,Shariatpur,116.24,50.0,1.063,2025,2,
Mung,2024-25,BD3086,Shariatpur,118.0,56.0,1.173,2025,1,
Mung,2013-14,BD4589,Sherpur,11.0,3.0,0.674,2017,2,
Mung,2014-15,BD4589,Sherpur,8.0,2.0,0.618,2018,3,
Mung,2015-16,BD4589,Sherpur,9.0,3.0,0.824,2019,3,
Mung,2016-17,BD4589,Sherpur,9.0,3.0,0.824,2020,3,
Mung,2017-18,BD4589,Sherpur,10.0,3.0,0.741,2021,3,
Mung,2018-19,BD4589,Sherpur,9.0,3.0,0.824,2021,2,
Mung,2019-20,BD4589,Sherpur,11.0,4.0,0.899,2022,2,
Mung,2020-21,BD4589,Sherpur,11.0,4.0,0.899,2023,2,
Mung,2021-22,BD4589,Sherpur,11.0,4.0,0.899,2024,3,
Mung,2022-23,BD4589,Sherpur,8.0,3.0,0.927,2025,3,
Mung,2023-24,BD4589,Sherpur,8.0,3.0,0.927,2025,2,
Mung,2024-25,BD4589,Sherpur,7.0,2.0,0.706,2025,1,
Mung,2013-14,BD5088,Sirajganj,5.0,2.0,0.988,2017,2,
Mung,2014-15,BD5088,Sirajganj,0.0,0.0,,2018,3,
Mung,2015-16,BD5088,Sirajganj,0.0,0.0,,2019,3,
Mung,2016-17,BD5088,Sirajganj,0.0,0.0,,2020,3,
Mung,2017-18,BD5088,Sirajganj,0.0,0.0,,2021,3,
Mung,2018-19,BD5088,Sirajganj,0.0,0.0,,2021,2,
Mung,2019-20,BD5088,Sirajganj,8.0,4.0,1.236,2022,2,
Mung,2020-21,BD5088,Sirajganj,19.0,6.49,0.844,2023,2,
Mung,2021-22,BD5088,Sirajganj,8.75,2.8,0.791,2024,3,
Mung,2022-23,BD5088,Sirajganj,8.25,2.64,0.791,2025,3,
Mung,2023-24,BD5088,Sirajganj,8.0,2.56,0.791,2025,2,
Mung,2024-25,BD5088,Sirajganj,0.0,0.0,,2025,1,
Mung,2013-14,BD6090,Sunamganj,7.0,4.0,1.412,2017,2,
Mung,2014-15,BD6090,Sunamganj,0.0,0.0,,2018,3,
Mung,2015-16,BD6090,Sunamganj,0.0,0.0,,2019,3,
Mung,2016-17,BD6090,Sunamganj,0.0,0.0,,2020,3,
Mung,2017-18,BD6090,Sunamganj,0.0,0.0,,2021,3,
Mung,2018-19,BD6090,Sunamganj,0.0,0.0,,2021,2,
Mung,2019-20,BD6090,Sunamganj,0.0,0.0,,2022,2,
Mung,2020-21,BD6090,Sunamganj,0.0,0.0,,2023,2,
Mung,2021-22,BD6090,Sunamganj,0.0,0.0,,2024,3,
Mung,2022-23,BD6090,Sunamganj,0.0,0.0,,2025,3,
Mung,2023-24,BD6090,Sunamganj,0.0,0.0,,2025,2,
Mung,2024-25,BD6090,Sunamganj,0.0,0.0,,2025,1,
Mung,2013-14,BD6091,Sylhet,0.0,0.0,,2017,2,
Mung,2014-15,BD6091,Sylhet,0.0,0.0,,2018,3,
Mung,2015-16,BD6091,Sylhet,0.0,0.0,,2019,3,
Mung,2016-17,BD6091,Sylhet,6.0,2.0,0.824,2020,3,
Mung,2017-18,BD6091,Sylhet,6.0,2.0,0.824,2021,3,
Mung,2018-19,BD6091,Sylhet,0.0,0.0,,2021,2,
Mung,2019-20,BD6091,Sylhet,0.0,0.0,,2022,2,
Mung,2020-21,BD6091,Sylhet,9.0,2.16,0.593,2023,2,
Mung,2021-22,BD6091,Sylhet,12.0,3.25,0.669,2024,3,
Mung,2022-23,BD6091,Sylhet,8.0,1.92,0.593,2025,3,
Mung,2023-24,BD6091,Sylhet,8.5,2.55,0.741,2025,2,
Mung,2024-25,BD6091,Sylhet,9.76,3.17,0.803,2025,1,
Mung,2013-14,BD3093,Tangail,0.0,0.0,,2017,2,
Mung,2014-15,BD3093,Tangail,0.0,0.0,,2018,3,
Mung,2015-16,BD3093,Tangail,0.0,0.0,,2019,3,
Mung,2016-17,BD3093,Tangail,0.0,0.0,,2020,3,
Mung,2017-18,BD3093,Tangail,0.0,0.0,,2021,3,
Mung,2018-19,BD3093,Tangail,0.0,0.0,,2021,2,
Mung,2019-20,BD3093,Tangail,19.0,12.0,1.561,2022,2,
Mung,2020-21,BD3093,Tangail,2.5,1.5,1.483,2023,2,
Mung,2021-22,BD3093,Tangail,2.51,1.53,1.506,2024,3,
Mung,2022-23,BD3093,Tangail,2.49,1.52,1.508,2025,3,
Mung,2023-24,BD3093,Tangail,2.53,1.54,1.504,2025,2,
Mung,2024-25,BD3093,Tangail,2.3,1.21,1.3,2025,1,
Mung,2013-14,BD5594,Thakurgaon,1011.0,254.0,0.621,2017,2,
Mung,2014-15,BD5594,Thakurgaon,976.0,350.0,0.886,2018,3,
Mung,2015-16,BD5594,Thakurgaon,180.0,54.0,0.741,2019,3,
Mung,2016-17,BD5594,Thakurgaon,148.0,44.0,0.735,2020,3,
Mung,2017-18,BD5594,Thakurgaon,167.0,50.0,0.74,2021,3,
Mung,2018-19,BD5594,Thakurgaon,168.0,51.0,0.75,2021,2,
Mung,2019-20,BD5594,Thakurgaon,168.0,51.0,0.75,2022,2,
Mung,2020-21,BD5594,Thakurgaon,171.0,52.0,0.751,2023,2,
Mung,2021-22,BD5594,Thakurgaon,104.0,31.31,0.744,2024,3,
Mung,2022-23,BD5594,Thakurgaon,100.5,30.52,0.75,2025,3,
Mung,2023-24,BD5594,Thakurgaon,100.0,30.0,0.741,2025,2,
Mung,2024-25,BD5594,Thakurgaon,92.0,28.18,0.757,2025,1,
Mustard,2013-14,BD4001,Bagerhat,1508.0,536.0,0.878,2017,2,
Mustard,2014-15,BD4001,Bagerhat,1708.0,613.0,0.887,2018,3,
Mustard,2015-16,BD4001,Bagerhat,1702.0,641.0,0.931,2019,3,
Mustard,2016-17,BD4001,Bagerhat,1720.0,652.0,0.937,2020,3,
Mustard,2017-18,BD4001,Bagerhat,1690.0,640.0,0.936,2021,3,
Mustard,2018-19,BD4001,Bagerhat,1733.0,664.0,0.947,2021,2,
Mustard,2019-20,BD4001,Bagerhat,1676.0,636.0,0.938,2022,2,
Mustard,2020-21,BD4001,Bagerhat,1465.53,373.89,0.63,2023,2,
Mustard,2021-22,BD4001,Bagerhat,1391.6,558.16,0.991,2024,3,
Mustard,2022-23,BD4001,Bagerhat,1446.5,598.37,1.022,2025,3,
Mustard,2023-24,BD4001,Bagerhat,1450.5,605.0,1.031,2025,2,
Mustard,2024-25,BD4001,Bagerhat,1448.0,607.84,1.037,2025,1,
Mustard,2013-14,BD2003,Bandarban,287.0,85.0,0.732,2017,2,
Mustard,2014-15,BD2003,Bandarban,332.0,85.0,0.633,2018,3,
Mustard,2015-16,BD2003,Bandarban,316.0,80.0,0.626,2019,3,
Mustard,2016-17,BD2003,Bandarban,308.0,78.0,0.626,2020,3,
Mustard,2017-18,BD2003,Bandarban,308.0,79.0,0.634,2021,3,
Mustard,2018-19,BD2003,Bandarban,308.0,79.0,0.634,2021,2,
Mustard,2019-20,BD2003,Bandarban,322.0,83.0,0.637,2022,2,
Mustard,2020-21,BD2003,Bandarban,325.0,87.7,0.667,2023,2,
Mustard,2021-22,BD2003,Bandarban,331.0,87.04,0.65,2024,3,
Mustard,2022-23,BD2003,Bandarban,336.5,88.56,0.65,2025,3,
Mustard,2023-24,BD2003,Bandarban,342.0,90.02,0.65,2025,2,
Mustard,2024-25,BD2003,Bandarban,341.4,89.87,0.65,2025,1,
Mustard,2013-14,BD1004,Barguna,68.0,10.0,0.363,2017,2,
Mustard,2014-15,BD1004,Barguna,0.0,0.0,,2018,3,
Mustard,2015-16,BD1004,Barguna,97.0,60.0,1.528,2019,3,
Mustard,2016-17,BD1004,Barguna,95.0,54.0,1.405,2020,3,
Mustard,2017-18,BD1004,Barguna,92.0,53.0,1.424,2021,3,
Mustard,2018-19,BD1004,Barguna,95.0,50.0,1.301,2021,2,
Mustard,2019-20,BD1004,Barguna,90.0,60.0,1.647,2022,2,
Mustard,2020-21,BD1004,Barguna,91.0,55.0,1.493,2023,2,
Mustard,2021-22,BD1004,Barguna,92.0,50.0,1.343,2024,3,
Mustard,2022-23,BD1004,Barguna,64.0,35.0,1.351,2025,3,
Mustard,2023-24,BD1004,Barguna,86.0,36.0,1.034,2025,2,
Mustard,2024-25,BD1004,Barguna,91.0,41.0,1.113,2025,1,
Mustard,2013-14,BD1006,Barishal,1735.0,482.0,0.686,2017,2,
Mustard,2014-15,BD1006,Barishal,1251.0,477.0,0.942,2018,3,
Mustard,2015-16,BD1006,Barishal,2126.0,826.0,0.96,2019,3,
Mustard,2016-17,BD1006,Barishal,1969.0,804.0,1.009,2020,3,
Mustard,2017-18,BD1006,Barishal,1838.0,753.0,1.012,2021,3,
Mustard,2018-19,BD1006,Barishal,1840.0,760.0,1.021,2021,2,
Mustard,2019-20,BD1006,Barishal,2015.0,1058.0,1.297,2022,2,
Mustard,2020-21,BD1006,Barishal,2026.0,1036.0,1.264,2023,2,
Mustard,2021-22,BD1006,Barishal,1960.0,790.0,0.996,2024,3,
Mustard,2022-23,BD1006,Barishal,7589.0,3455.0,1.125,2025,3,
Mustard,2023-24,BD1006,Barishal,7634.0,3552.0,1.15,2025,2,
Mustard,2024-25,BD1006,Barishal,7747.0,3658.0,1.167,2025,1,
Mustard,2013-14,BD1009,Bhola,985.0,409.0,1.026,2017,2,
Mustard,2014-15,BD1009,Bhola,1046.0,445.0,1.051,2018,3,
Mustard,2015-16,BD1009,Bhola,1779.0,735.0,1.021,2019,3,
Mustard,2016-17,BD1009,Bhola,1783.0,862.0,1.195,2020,3,
Mustard,2017-18,BD1009,Bhola,2117.0,1035.0,1.208,2021,3,
Mustard,2018-19,BD1009,Bhola,2114.0,1100.0,1.286,2021,2,
Mustard,2019-20,BD1009,Bhola,2132.0,1115.0,1.292,2022,2,
Mustard,2020-21,BD1009,Bhola,2129.0,1110.0,1.288,2023,2,
Mustard,2021-22,BD1009,Bhola,2206.0,1023.13,1.146,2024,3,
Mustard,2022-23,BD1009,Bhola,2220.6,1150.8,1.281,2025,3,
Mustard,2023-24,BD1009,Bhola,2221.0,1087.0,1.209,2025,2,
Mustard,2024-25,BD1009,Bhola,2216.0,1097.0,1.223,2025,1,
Mustard,2013-14,BD5010,Bogura,48581.0,23610.0,1.201,2017,2,
Mustard,2014-15,BD5010,Bogura,52023.0,25283.0,1.201,2018,3,
Mustard,2015-16,BD5010,Bogura,53281.0,26072.0,1.209,2019,3,
Mustard,2016-17,BD5010,Bogura,39868.0,17933.0,1.112,2020,3,
Mustard,2017-18,BD5010,Bogura,39995.0,19309.0,1.193,2021,3,
Mustard,2018-19,BD5010,Bogura,39972.0,19295.0,1.193,2021,2,
Mustard,2019-20,BD5010,Bogura,42579.0,23078.0,1.339,2022,2,
Mustard,2020-21,BD5010,Bogura,42687.0,23205.84,1.343,2023,2,
Mustard,2021-22,BD5010,Bogura,37312.0,22540.0,1.493,2024,3,
Mustard,2022-23,BD5010,Bogura,53324.0,35328.0,1.637,2025,3,
Mustard,2023-24,BD5010,Bogura,82750.0,53759.0,1.605,2025,2,
Mustard,2024-25,BD5010,Bogura,79751.0,50090.0,1.552,2025,1,
Mustard,2013-14,BD2012,Brahmanbaria,13987.0,4784.0,0.845,2017,2,
Mustard,2014-15,BD2012,Brahmanbaria,27974.0,19975.0,1.764,2018,3,
Mustard,2015-16,BD2012,Brahmanbaria,26423.0,17780.0,1.663,2019,3,
Mustard,2016-17,BD2012,Brahmanbaria,26864.0,18276.0,1.681,2020,3,
Mustard,2017-18,BD2012,Brahmanbaria,19525.0,15208.0,1.925,2021,3,
Mustard,2018-19,BD2012,Brahmanbaria,24003.0,15929.0,1.64,2021,2,
Mustard,2019-20,BD2012,Brahmanbaria,28488.0,13052.0,1.132,2022,2,
Mustard,2020-21,BD2012,Brahmanbaria,28980.4,13316.5,1.135,2023,2,
Mustard,2021-22,BD2012,Brahmanbaria,29429.9,13922.27,1.169,2024,3,
Mustard,2022-23,BD2012,Brahmanbaria,31289.4,15400.48,1.216,2025,3,
Mustard,2023-24,BD2012,Brahmanbaria,31864.1,15240.6,1.182,2025,2,
Mustard,2024-25,BD2012,Brahmanbaria,30875.5,13505.63,1.081,2025,1,
Mustard,2013-14,BD2013,Chandpur,3348.0,1390.0,1.026,2017,2,
Mustard,2014-15,BD2013,Chandpur,2008.0,1114.0,1.371,2018,3,
Mustard,2015-16,BD2013,Chandpur,3664.0,1603.0,1.081,2019,3,
Mustard,2016-17,BD2013,Chandpur,5868.0,3079.0,1.297,2020,3,
Mustard,2017-18,BD2013,Chandpur,3918.0,1826.0,1.152,2021,3,
Mustard,2018-19,BD2013,Chandpur,3871.0,1710.0,1.092,2021,2,
Mustard,2019-20,BD2013,Chandpur,3918.0,1826.0,1.152,2022,2,
Mustard,2020-21,BD2013,Chandpur,3856.0,1696.64,1.087,2023,2,
Mustard,2021-22,BD2013,Chandpur,3844.23,2480.34,1.594,2024,3,
Mustard,2022-23,BD2013,Chandpur,3848.55,3863.3,2.481,2025,3,
Mustard,2023-24,BD2013,Chandpur,3851.95,3873.3,2.485,2025,2,
Mustard,2024-25,BD2013,Chandpur,3849.15,3875.3,2.488,2025,1,
Mustard,2013-14,BD5070,Chapainababganj,13195.0,4302.0,0.806,2017,2,
Mustard,2014-15,BD5070,Chapainababganj,14913.0,5151.0,0.854,2018,3,
Mustard,2015-16,BD5070,Chapainababganj,19111.0,6519.0,0.843,2019,3,
Mustard,2016-17,BD5070,Chapainababganj,19111.0,7559.0,0.977,2020,3,
Mustard,2017-18,BD5070,Chapainababganj,19111.0,6519.0,0.843,2021,3,
Mustard,2018-19,BD5070,Chapainababganj,15675.0,5075.0,0.8,2021,2,
Mustard,2019-20,BD5070,Chapainababganj,24157.0,7409.0,0.758,2022,2,
Mustard,2020-21,BD5070,Chapainababganj,24786.0,8846.0,0.882,2023,2,
Mustard,2021-22,BD5070,Chapainababganj,26568.0,13148.76,1.223,2024,3,
Mustard,2022-23,BD5070,Chapainababganj,53902.0,30737.66,1.409,2025,3,
Mustard,2023-24,BD5070,Chapainababganj,56401.0,30767.0,1.348,2025,2,
Mustard,2024-25,BD5070,Chapainababganj,53038.0,27361.0,1.275,2025,1,
Mustard,2013-14,BD2015,Chattogram,340.0,197.0,1.432,2017,2,
Mustard,2014-15,BD2015,Chattogram,789.0,206.0,0.645,2018,3,
Mustard,2015-16,BD2015,Chattogram,794.0,210.0,0.654,2019,3,
Mustard,2016-17,BD2015,Chattogram,792.0,209.0,0.652,2020,3,
Mustard,2017-18,BD2015,Chattogram,794.0,210.0,0.654,2021,3,
Mustard,2018-19,BD2015,Chattogram,792.0,207.0,0.646,2021,2,
Mustard,2019-20,BD2015,Chattogram,1114.0,361.0,0.801,2022,2,
Mustard,2020-21,BD2015,Chattogram,1034.03,344.23,0.823,2023,2,
Mustard,2021-22,BD2015,Chattogram,1264.48,426.34,0.833,2024,3,
Mustard,2022-23,BD2015,Chattogram,2878.19,1069.72,0.918,2025,3,
Mustard,2023-24,BD2015,Chattogram,3181.88,1271.2,0.987,2025,2,
Mustard,2024-25,BD2015,Chattogram,3181.64,1272.59,0.988,2025,1,
Mustard,2013-14,BD4018,Chuadanga,7476.0,4158.0,1.374,2017,2,
Mustard,2014-15,BD4018,Chuadanga,6833.0,4041.0,1.461,2018,3,
Mustard,2015-16,BD4018,Chuadanga,4981.0,2966.0,1.471,2019,3,
Mustard,2016-17,BD4018,Chuadanga,4566.0,2814.0,1.523,2020,3,
Mustard,2017-18,BD4018,Chuadanga,4428.0,3631.0,2.026,2021,3,
Mustard,2018-19,BD4018,Chuadanga,4283.0,2706.0,1.561,2021,2,
Mustard,2019-20,BD4018,Chuadanga,4287.0,2745.0,1.582,2022,2,
Mustard,2020-21,BD4018,Chuadanga,4295.0,2730.69,1.571,2023,2,
Mustard,2021-22,BD4018,Chuadanga,5593.0,3535.34,1.562,2024,3,
Mustard,2022-23,BD4018,Chuadanga,4291.0,2572.81,1.482,2025,3,
Mustard,2023-24,BD4018,Chuadanga,3919.0,2232.2,1.407,2025,2,
Mustard,2024-25,BD4018,Chuadanga,3639.0,2062.75,1.401,2025,1,
Mustard,2013-14,BD2022,Cox's Bazar,350.0,188.0,1.327,2017,2,
Mustard,2014-15,BD2022,Cox's Bazar,377.0,226.0,1.481,2018,3,
Mustard,2015-16,BD2022,Cox's Bazar,381.0,111.0,0.72,2019,3,
Mustard,2016-17,BD2022,Cox's Bazar,391.0,209.0,1.321,2020,3,
Mustard,2017-18,BD2022,Cox's Bazar,381.0,204.0,1.323,2021,3,
Mustard,2018-19,BD2022,Cox's Bazar,300.0,76.0,0.626,2021,2,
Mustard,2019-20,BD2022,Cox's Bazar,0.0,0.0,,2022,2,
Mustard,2020-21,BD2022,Cox's Bazar,0.0,0.0,,2023,2,
Mustard,2021-22,BD2022,Cox's Bazar,0.0,0.0,,2024,3,
Mustard,2022-23,BD2022,Cox's Bazar,0.0,0.0,,2025,3,
Mustard,2023-24,BD2022,Cox's Bazar,0.0,0.0,,2025,2,
Mustard,2024-25,BD2022,Cox's Bazar,0.0,0.0,,2025,1,
Mustard,2013-14,BD2019,Cumilla,10011.0,4805.0,1.186,2017,2,
Mustard,2014-15,BD2019,Cumilla,10248.0,4960.0,1.196,2018,3,
Mustard,2015-16,BD2019,Cumilla,10060.0,4858.0,1.193,2019,3,
Mustard,2016-17,BD2019,Cumilla,8464.0,4035.0,1.178,2020,3,
Mustard,2017-18,BD2019,Cumilla,7422.0,3592.0,1.196,2021,3,
Mustard,2018-19,BD2019,Cumilla,7016.0,3348.0,1.179,2021,2,
Mustard,2019-20,BD2019,Cumilla,7523.0,3484.0,1.144,2022,2,
Mustard,2020-21,BD2019,Cumilla,7590.85,3545.8,1.154,2023,2,
Mustard,2021-22,BD2019,Cumilla,7586.85,3537.3,1.152,2024,3,
Mustard,2022-23,BD2019,Cumilla,7633.5,4415.81,1.429,2025,3,
Mustard,2023-24,BD2019,Cumilla,7637.6,4418.13,1.429,2025,2,
Mustard,2024-25,BD2019,Cumilla,7156.35,3524.6,1.217,2025,1,
Mustard,2013-14,BD3026,Dhaka,29814.0,11508.0,0.954,2017,2,
Mustard,2014-15,BD3026,Dhaka,29455.0,11305.0,0.948,2018,3,
Mustard,2015-16,BD3026,Dhaka,22630.0,10157.0,1.109,2019,3,
Mustard,2016-17,BD3026,Dhaka,58473.0,22554.0,0.953,2020,3,
Mustard,2017-18,BD3026,Dhaka,24270.0,10025.0,1.021,2021,3,
Mustard,2018-19,BD3026,Dhaka,28890.0,13086.0,1.119,2021,2,
Mustard,2019-20,BD3026,Dhaka,18788.0,8239.0,1.084,2022,2,
Mustard,2020-21,BD3026,Dhaka,26402.45,12790.85,1.197,2023,2,
Mustard,2021-22,BD3026,Dhaka,25372.0,12439.21,1.211,2024,3,
Mustard,2022-23,BD3026,Dhaka,24882.0,12126.0,1.204,2025,3,
Mustard,2023-24,BD3026,Dhaka,24801.0,11876.0,1.183,2025,2,
Mustard,2024-25,BD3026,Dhaka,25035.35,10202.91,1.007,2025,1,
Mustard,2013-14,BD5527,Dinajpur,0.0,0.0,,2017,2,
Mustard,2014-15,BD5527,Dinajpur,22729.0,11731.0,1.275,2018,3,
Mustard,2015-16,BD5527,Dinajpur,5149.0,16395.0,7.868,2019,3,
Mustard,2016-17,BD5527,Dinajpur,27033.0,14622.0,1.337,2020,3,
Mustard,2017-18,BD5527,Dinajpur,30499.0,16379.0,1.327,2021,3,
Mustard,2018-19,BD5527,Dinajpur,29668.0,16222.0,1.351,2021,2,
Mustard,2019-20,BD5527,Dinajpur,31341.0,18149.0,1.431,2022,2,
Mustard,2020-21,BD5527,Dinajpur,28839.0,15877.0,1.36,2023,2,
Mustard,2021-22,BD5527,Dinajpur,30219.0,15980.0,1.307,2024,3,
Mustard,2022-23,BD5527,Dinajpur,35645.0,19408.0,1.345,2025,3,
Mustard,2023-24,BD5527,Dinajpur,35647.0,19396.0,1.345,2025,2,
Mustard,2024-25,BD5527,Dinajpur,34398.0,20413.0,1.466,2025,1,
Mustard,2013-14,BD3029,Faridpur,21335.0,6325.0,0.733,2017,2,
Mustard,2014-15,BD3029,Faridpur,20440.0,6568.0,0.794,2018,3,
Mustard,2015-16,BD3029,Faridpur,19719.0,6325.0,0.793,2019,3,
Mustard,2016-17,BD3029,Faridpur,18500.0,5173.0,0.691,2020,3,
Mustard,2017-18,BD3029,Faridpur,19719.0,6325.0,0.793,2021,3,
Mustard,2018-19,BD3029,Faridpur,19669.0,6325.0,0.795,2021,2,
Mustard,2019-20,BD3029,Faridpur,19977.0,6346.0,0.785,2022,2,
Mustard,2020-21,BD3029,Faridpur,19943.0,6423.0,0.796,2023,2,
Mustard,2021-22,BD3029,Faridpur,19857.0,6458.41,0.804,2024,3,
Mustard,2022-23,BD3029,Faridpur,20030.0,7309.75,0.902,2025,3,
Mustard,2023-24,BD3029,Faridpur,20150.0,7533.52,0.924,2025,2,
Mustard,2024-25,BD3029,Faridpur,20091.1,7524.68,0.925,2025,1,
Mustard,2013-14,BD2030,Feni,431.0,99.0,0.568,2017,2,
Mustard,2014-15,BD2030,Feni,503.0,115.0,0.565,2018,3,
Mustard,2015-16,BD2030,Feni,496.0,204.0,1.016,2019,3,
Mustard,2016-17,BD2030,Feni,560.0,175.0,0.772,2020,3,
Mustard,2017-18,BD2030,Feni,547.0,177.0,0.8,2021,3,
Mustard,2018-19,BD2030,Feni,671.0,239.0,0.88,2021,2,
Mustard,2019-20,BD2030,Feni,1201.0,299.0,0.615,2022,2,
Mustard,2020-21,BD2030,Feni,1207.0,303.98,0.622,2023,2,
Mustard,2021-22,BD2030,Feni,1207.56,310.79,0.636,2024,3,
Mustard,2022-23,BD2030,Feni,2880.25,1320.32,1.133,2025,3,
Mustard,2023-24,BD2030,Feni,3047.0,1537.63,1.247,2025,2,
Mustard,2024-25,BD2030,Feni,3047.7,1538.65,1.248,2025,1,
Mustard,2013-14,BD5532,Gaibandha,4367.0,1711.0,0.968,2017,2,
Mustard,2014-15,BD5532,Gaibandha,0.0,0.0,,2018,3,
Mustard,2015-16,BD5532,Gaibandha,3400.0,1600.0,1.163,2019,3,
Mustard,2016-17,BD5532,Gaibandha,6677.0,2742.0,1.015,2020,3,
Mustard,2017-18,BD5532,Gaibandha,4771.0,2040.0,1.057,2021,3,
Mustard,2018-19,BD5532,Gaibandha,3948.0,1780.0,1.114,2021,2,
Mustard,2019-20,BD5532,Gaibandha,5490.0,2451.0,1.103,2022,2,
Mustard,2020-21,BD5532,Gaibandha,4913.0,2176.0,1.094,2023,2,
Mustard,2021-22,BD5532,Gaibandha,4873.0,2191.0,1.111,2024,3,
Mustard,2022-23,BD5532,Gaibandha,4950.0,2223.0,1.11,2025,3,
Mustard,2023-24,BD5532,Gaibandha,3378.0,1529.0,1.118,2025,2,
Mustard,2024-25,BD5532,Gaibandha,3843.0,1824.0,1.173,2025,1,
Mustard,2013-14,BD3033,Gazipur,4022.0,1151.0,0.707,2017,2,
Mustard,2014-15,BD3033,Gazipur,5178.0,1425.0,0.68,2018,3,
Mustard,2015-16,BD3033,Gazipur,3964.0,1047.0,0.653,2019,3,
Mustard,2016-17,BD3033,Gazipur,3962.0,1036.0,0.646,2020,3,
Mustard,2017-18,BD3033,Gazipur,3949.0,1529.0,0.957,2021,3,
Mustard,2018-19,BD3033,Gazipur,2637.0,1231.0,1.154,2021,2,
Mustard,2019-20,BD3033,Gazipur,3400.0,907.0,0.659,2022,2,
Mustard,2020-21,BD3033,Gazipur,3474.9,928.4,0.66,2023,2,
Mustard,2021-22,BD3033,Gazipur,3963.5,1032.77,0.644,2024,3,
Mustard,2022-23,BD3033,Gazipur,3988.6,1047.88,0.649,2025,3,
Mustard,2023-24,BD3033,Gazipur,4002.17,1071.29,0.661,2025,2,
Mustard,2024-25,BD3033,Gazipur,4003.97,3877.27,2.393,2025,1,
Mustard,2013-14,BD3035,Gopalganj,12605.0,3365.0,0.66,2017,2,
Mustard,2014-15,BD3035,Gopalganj,8537.0,2824.0,0.817,2018,3,
Mustard,2015-16,BD3035,Gopalganj,8955.0,2998.0,0.827,2019,3,
Mustard,2016-17,BD3035,Gopalganj,9082.0,3188.0,0.867,2020,3,
Mustard,2017-18,BD3035,Gopalganj,9082.0,3188.0,0.867,2021,3,
Mustard,2018-19,BD3035,Gopalganj,9007.0,3181.0,0.873,2021,2,
Mustard,2019-20,BD3035,Gopalganj,8335.0,3289.0,0.975,2022,2,
Mustard,2020-21,BD3035,Gopalganj,6334.15,2842.46,1.109,2023,2,
Mustard,2021-22,BD3035,Gopalganj,8153.9,3028.66,0.918,2024,3,
Mustard,2022-23,BD3035,Gopalganj,8191.8,3080.76,0.929,2025,3,
Mustard,2023-24,BD3035,Gopalganj,8252.3,3107.69,0.931,2025,2,
Mustard,2024-25,BD3035,Gopalganj,8269.5,3137.28,0.937,2025,1,
Mustard,2013-14,BD6036,Habiganj,383.0,110.0,0.71,2017,2,
Mustard,2014-15,BD6036,Habiganj,1050.0,1015.0,2.389,2018,3,
Mustard,2015-16,BD6036,Habiganj,2080.0,834.0,0.991,2019,3,
Mustard,2016-17,BD6036,Habiganj,1929.0,769.0,0.985,2020,3,
Mustard,2017-18,BD6036,Habiganj,1972.0,805.0,1.009,2021,3,
Mustard,2018-19,BD6036,Habiganj,541.0,270.0,1.233,2021,2,
Mustard,2019-20,BD6036,Habiganj,543.0,271.0,1.233,2022,2,
Mustard,2020-21,BD6036,Habiganj,542.0,272.49,1.242,2023,2,
Mustard,2021-22,BD6036,Habiganj,930.71,514.94,1.367,2024,3,
Mustard,2022-23,BD6036,Habiganj,1193.6,694.21,1.437,2025,3,
Mustard,2023-24,BD6036,Habiganj,1279.85,793.22,1.531,2025,2,
Mustard,2024-25,BD6036,Habiganj,1343.38,863.27,1.588,2025,1,
Mustard,2013-14,BD4539,Jamalpur,2162.0,6978.0,7.975,2017,2,
Mustard,2014-15,BD4539,Jamalpur,18967.0,7574.0,0.987,2018,3,
Mustard,2015-16,BD4539,Jamalpur,19184.0,7831.0,1.009,2019,3,
Mustard,2016-17,BD4539,Jamalpur,18718.0,7728.0,1.02,2020,3,
Mustard,2017-18,BD4539,Jamalpur,23034.0,9512.0,1.02,2021,3,
Mustard,2018-19,BD4539,Jamalpur,23396.0,9620.0,1.016,2021,2,
Mustard,2019-20,BD4539,Jamalpur,20189.0,8755.0,1.072,2022,2,
Mustard,2020-21,BD4539,Jamalpur,29425.0,12946.0,1.087,2023,2,
Mustard,2021-22,BD4539,Jamalpur,13275.0,5270.0,0.981,2024,3,
Mustard,2022-23,BD4539,Jamalpur,13357.0,5369.0,0.993,2025,3,
Mustard,2023-24,BD4539,Jamalpur,13552.0,5486.0,1.0,2025,2,
Mustard,2024-25,BD4539,Jamalpur,15641.0,6392.0,1.01,2025,1,
Mustard,2013-14,BD4041,Jashore,26675.0,10376.0,0.961,2017,2,
Mustard,2014-15,BD4041,Jashore,26858.0,10966.0,1.009,2018,3,
Mustard,2015-16,BD4041,Jashore,26323.0,10230.0,0.96,2019,3,
Mustard,2016-17,BD4041,Jashore,24905.0,9836.0,0.976,2020,3,
Mustard,2017-18,BD4041,Jashore,22034.0,8578.0,0.962,2021,3,
Mustard,2018-19,BD4041,Jashore,2889.0,824.0,0.705,2021,2,yoy-jump-gt-10x
Mustard,2019-20,BD4041,Jashore,2808.0,798.0,0.702,2022,2,
Mustard,2020-21,BD4041,Jashore,25420.0,19269.0,1.873,2023,2,yoy-jump-gt-10x
Mustard,2021-22,BD4041,Jashore,23043.0,10099.99,1.083,2024,3,
Mustard,2022-23,BD4041,Jashore,24975.0,12163.04,1.203,2025,3,
Mustard,2023-24,BD4041,Jashore,29232.0,14315.0,1.21,2025,2,
Mustard,2024-25,BD4041,Jashore,31009.0,14816.0,1.181,2025,1,
Mustard,2013-14,BD1042,Jhalokati,296.0,49.0,0.409,2017,2,
Mustard,2014-15,BD1042,Jhalokati,583.0,185.0,0.784,2018,3,
Mustard,2015-16,BD1042,Jhalokati,564.0,180.0,0.789,2019,3,
Mustard,2016-17,BD1042,Jhalokati,549.0,182.0,0.819,2020,3,
Mustard,2017-18,BD1042,Jhalokati,568.0,208.0,0.905,2021,3,
Mustard,2018-19,BD1042,Jhalokati,552.0,184.0,0.824,2021,2,
Mustard,2019-20,BD1042,Jhalokati,543.0,182.0,0.828,2022,2,
Mustard,2020-21,BD1042,Jhalokati,412.0,144.0,0.864,2023,2,
Mustard,2021-22,BD1042,Jhalokati,423.0,150.0,0.876,2024,3,
Mustard,2022-23,BD1042,Jhalokati,545.0,206.0,0.934,2025,3,
Mustard,2023-24,BD1042,Jhalokati,553.0,212.0,0.947,2025,2,
Mustard,2024-25,BD1042,Jhalokati,555.0,213.0,0.948,2025,1,
Mustard,2013-14,BD4044,Jhenaidah,7754.0,3163.0,1.008,2017,2,
Mustard,2014-15,BD4044,Jhenaidah,12241.0,5256.0,1.061,2018,3,
Mustard,2015-16,BD4044,Jhenaidah,8387.0,3653.0,1.076,2019,3,
Mustard,2016-17,BD4044,Jhenaidah,7996.0,3841.0,1.187,2020,3,
Mustard,2017-18,BD4044,Jhenaidah,7568.0,3545.0,1.157,2021,3,
Mustard,2018-19,BD4044,Jhenaidah,1980.0,1147.0,1.431,2021,2,
Mustard,2019-20,BD4044,Jhenaidah,6910.0,3627.0,1.297,2022,2,
Mustard,2020-21,BD4044,Jhenaidah,6818.0,3614.56,1.31,2023,2,
Mustard,2021-22,BD4044,Jhenaidah,6133.0,3076.01,1.239,2024,3,
Mustard,2022-23,BD4044,Jhenaidah,6161.5,3215.45,1.29,2025,3,
Mustard,2023-24,BD4044,Jhenaidah,6284.2,3297.8,1.297,2025,2,
Mustard,2024-25,BD4044,Jhenaidah,6315.8,3339.38,1.307,2025,1,
Mustard,2013-14,BD5038,Joypurhat,5463.0,2616.0,1.183,2017,2,
Mustard,2014-15,BD5038,Joypurhat,2326.0,1533.0,1.629,2018,3,
Mustard,2015-16,BD5038,Joypurhat,6078.0,3999.0,1.626,2019,3,
Mustard,2016-17,BD5038,Joypurhat,5544.0,3665.0,1.634,2020,3,
Mustard,2017-18,BD5038,Joypurhat,5771.0,4793.0,2.052,2021,3,
Mustard,2018-19,BD5038,Joypurhat,5678.0,4142.0,1.803,2021,2,
Mustard,2019-20,BD5038,Joypurhat,16151.0,10400.0,1.591,2022,2,
Mustard,2020-21,BD5038,Joypurhat,15883.78,11697.0,1.82,2023,2,
Mustard,2021-22,BD5038,Joypurhat,18310.0,11882.0,1.604,2024,3,
Mustard,2022-23,BD5038,Joypurhat,20584.0,17157.0,2.06,2025,3,
Mustard,2023-24,BD5038,Joypurhat,22054.0,16343.0,1.831,2025,2,
Mustard,2024-25,BD5038,Joypurhat,18911.0,14177.0,1.852,2025,1,
Mustard,2013-14,BD2046,Khagrachhari,330.0,113.0,0.846,2017,2,
Mustard,2014-15,BD2046,Khagrachhari,341.0,117.0,0.848,2018,3,
Mustard,2015-16,BD2046,Khagrachhari,156.0,62.0,0.982,2019,3,
Mustard,2016-17,BD2046,Khagrachhari,344.0,117.0,0.84,2020,3,
Mustard,2017-18,BD2046,Khagrachhari,352.0,122.0,0.856,2021,3,
Mustard,2018-19,BD2046,Khagrachhari,365.0,136.0,0.921,2021,2,
Mustard,2019-20,BD2046,Khagrachhari,364.0,137.0,0.93,2022,2,
Mustard,2020-21,BD2046,Khagrachhari,371.0,160.87,1.071,2023,2,
Mustard,2021-22,BD2046,Khagrachhari,372.9,159.9,1.06,2024,3,
Mustard,2022-23,BD2046,Khagrachhari,405.0,189.03,1.153,2025,3,
Mustard,2023-24,BD2046,Khagrachhari,411.51,196.72,1.181,2025,2,
Mustard,2024-25,BD2046,Khagrachhari,412.0,197.16,1.183,2025,1,
Mustard,2013-14,BD4047,Khulna,572.0,163.0,0.704,2017,2,
Mustard,2014-15,BD4047,Khulna,691.0,216.0,0.772,2018,3,
Mustard,2015-16,BD4047,Khulna,712.0,254.0,0.882,2019,3,
Mustard,2016-17,BD4047,Khulna,709.0,256.0,0.892,2020,3,
Mustard,2017-18,BD4047,Khulna,703.0,251.0,0.882,2021,3,
Mustard,2018-19,BD4047,Khulna,353.0,120.0,0.84,2021,2,
Mustard,2019-20,BD4047,Khulna,350.0,118.0,0.833,2022,2,
Mustard,2020-21,BD4047,Khulna,441.9,149.59,0.836,2023,2,
Mustard,2021-22,BD4047,Khulna,459.44,153.0,0.823,2024,3,
Mustard,2022-23,BD4047,Khulna,521.35,178.76,0.847,2025,3,
Mustard,2023-24,BD4047,Khulna,1045.45,434.7,1.027,2025,2,
Mustard,2024-25,BD4047,Khulna,1016.95,431.65,1.049,2025,1,
Mustard,2013-14,BD3048,Kishoreganj,2706.0,1120.0,1.023,2017,2,
Mustard,2014-15,BD3048,Kishoreganj,2591.0,1157.0,1.103,2018,3,
Mustard,2015-16,BD3048,Kishoreganj,2657.0,1333.0,1.24,2019,3,
Mustard,2016-17,BD3048,Kishoreganj,1872.0,763.0,1.007,2020,3,
Mustard,2017-18,BD3048,Kishoreganj,1664.0,641.0,0.952,2021,3,
Mustard,2018-19,BD3048,Kishoreganj,1654.0,637.0,0.952,2021,2,
Mustard,2019-20,BD3048,Kishoreganj,1796.0,706.0,0.971,2022,2,
Mustard,2020-21,BD3048,Kishoreganj,2513.99,1108.24,1.089,2023,2,
Mustard,2021-22,BD3048,Kishoreganj,2484.93,1067.94,1.062,2024,3,
Mustard,2022-23,BD3048,Kishoreganj,2523.52,1111.17,1.088,2025,3,
Mustard,2023-24,BD3048,Kishoreganj,2488.31,1102.98,1.095,2025,2,
Mustard,2024-25,BD3048,Kishoreganj,2442.1,1090.57,1.103,2025,1,
Mustard,2013-14,BD5549,Kurigram,5537.0,1767.0,0.789,2017,2,
Mustard,2014-15,BD5549,Kurigram,12569.0,6033.0,1.186,2018,3,
Mustard,2015-16,BD5549,Kurigram,13684.0,6566.0,1.186,2019,3,
Mustard,2016-17,BD5549,Kurigram,11620.0,4711.0,1.002,2020,3,
Mustard,2017-18,BD5549,Kurigram,10262.0,5916.0,1.425,2021,3,
Mustard,2018-19,BD5549,Kurigram,10205.0,4870.0,1.179,2021,2,
Mustard,2019-20,BD5549,Kurigram,10138.0,4878.0,1.189,2022,2,
Mustard,2020-21,BD5549,Kurigram,9275.0,4200.0,1.119,2023,2,
Mustard,2021-22,BD5549,Kurigram,9560.9,4614.57,1.193,2024,3,
Mustard,2022-23,BD5549,Kurigram,9942.1,5034.08,1.251,2025,3,
Mustard,2023-24,BD5549,Kurigram,10404.0,5231.0,1.242,2025,2,
Mustard,2024-25,BD5549,Kurigram,10431.0,5298.0,1.255,2025,1,
Mustard,2013-14,BD4050,Kushtia,6720.0,4320.0,1.589,2017,2,
Mustard,2014-15,BD4050,Kushtia,6788.0,3808.0,1.386,2018,3,
Mustard,2015-16,BD4050,Kushtia,6749.0,3874.0,1.418,2019,3,
Mustard,2016-17,BD4050,Kushtia,7107.0,4248.0,1.477,2020,3,
Mustard,2017-18,BD4050,Kushtia,6575.0,3924.0,1.475,2021,3,
Mustard,2018-19,BD4050,Kushtia,5912.0,3740.0,1.563,2021,2,
Mustard,2019-20,BD4050,Kushtia,4969.0,3186.0,1.584,2022,2,
Mustard,2020-21,BD4050,Kushtia,3328.0,1921.63,1.427,2023,2,
Mustard,2021-22,BD4050,Kushtia,6541.0,3960.0,1.496,2024,3,
Mustard,2022-23,BD4050,Kushtia,8122.0,4986.0,1.517,2025,3,
Mustard,2023-24,BD4050,Kushtia,8922.0,6212.0,1.72,2025,2,
Mustard,2024-25,BD4050,Kushtia,7887.0,5545.0,1.737,2025,1,
Mustard,2013-14,BD2051,Lakshmipur,152.0,47.0,0.764,2017,2,
Mustard,2014-15,BD2051,Lakshmipur,242.0,80.0,0.817,2018,3,
Mustard,2015-16,BD2051,Lakshmipur,228.0,74.0,0.802,2019,3,
Mustard,2016-17,BD2051,Lakshmipur,221.0,75.0,0.839,2020,3,
Mustard,2017-18,BD2051,Lakshmipur,223.0,68.0,0.754,2021,3,
Mustard,2018-19,BD2051,Lakshmipur,223.0,68.0,0.754,2021,2,
Mustard,2019-20,BD2051,Lakshmipur,213.0,59.0,0.684,2022,2,
Mustard,2020-21,BD2051,Lakshmipur,236.0,74.0,0.775,2023,2,
Mustard,2021-22,BD2051,Lakshmipur,340.0,121.96,0.886,2024,3,
Mustard,2022-23,BD2051,Lakshmipur,354.8,130.67,0.91,2025,3,
Mustard,2023-24,BD2051,Lakshmipur,354.8,130.36,0.908,2025,2,
Mustard,2024-25,BD2051,Lakshmipur,356.0,131.92,0.916,2025,1,
Mustard,2013-14,BD5552,Lalmonirhat,1428.0,526.0,0.91,2017,2,
Mustard,2014-15,BD5552,Lalmonirhat,1603.0,830.0,1.279,2018,3,
Mustard,2015-16,BD5552,Lalmonirhat,1905.0,982.0,1.274,2019,3,
Mustard,2016-17,BD5552,Lalmonirhat,1926.0,1008.0,1.293,2020,3,
Mustard,2017-18,BD5552,Lalmonirhat,1925.0,1011.0,1.298,2021,3,
Mustard,2018-19,BD5552,Lalmonirhat,1153.0,741.0,1.588,2021,2,
Mustard,2019-20,BD5552,Lalmonirhat,1195.0,756.0,1.563,2022,2,
Mustard,2020-21,BD5552,Lalmonirhat,1133.0,729.0,1.59,2023,2,
Mustard,2021-22,BD5552,Lalmonirhat,1131.5,753.21,1.645,2024,3,
Mustard,2022-23,BD5552,Lalmonirhat,1132.0,752.12,1.642,2025,3,
Mustard,2023-24,BD5552,Lalmonirhat,1134.0,759.0,1.654,2025,2,
Mustard,2024-25,BD5552,Lalmonirhat,1117.0,581.0,1.285,2025,1,
Mustard,2013-14,BD3054,Madaripur,12436.0,5329.0,1.059,2017,2,
Mustard,2014-15,BD3054,Madaripur,12370.0,5430.0,1.085,2018,3,
Mustard,2015-16,BD3054,Madaripur,26750.0,11090.0,1.024,2019,3,
Mustard,2016-17,BD3054,Madaripur,14081.0,6171.0,1.083,2020,3,
Mustard,2017-18,BD3054,Madaripur,16348.0,7307.0,1.104,2021,3,
Mustard,2018-19,BD3054,Madaripur,16052.0,7461.0,1.149,2021,2,
Mustard,2019-20,BD3054,Madaripur,16072.0,7185.0,1.105,2022,2,
Mustard,2020-21,BD3054,Madaripur,16235.0,7557.78,1.15,2023,2,
Mustard,2021-22,BD3054,Madaripur,16241.48,7449.47,1.133,2024,3,
Mustard,2022-23,BD3054,Madaripur,24039.0,11603.3,1.193,2025,3,
Mustard,2023-24,BD3054,Madaripur,32561.0,15637.3,1.187,2025,2,
Mustard,2024-25,BD3054,Madaripur,26072.0,12904.23,1.223,2025,1,
Mustard,2013-14,BD4055,Magura,10863.0,3388.0,0.771,2017,2,
Mustard,2014-15,BD4055,Magura,10258.0,5982.0,1.441,2018,3,
Mustard,2015-16,BD4055,Magura,12677.0,4234.0,0.825,2019,3,
Mustard,2016-17,BD4055,Magura,11557.0,3860.0,0.825,2020,3,
Mustard,2017-18,BD4055,Magura,11566.0,4416.0,0.943,2021,3,
Mustard,2018-19,BD4055,Magura,10365.0,3946.0,0.941,2021,2,
Mustard,2019-20,BD4055,Magura,10122.0,4786.0,1.168,2022,2,
Mustard,2020-21,BD4055,Magura,9553.5,4870.37,1.26,2023,2,
Mustard,2021-22,BD4055,Magura,11422.23,4511.2,0.976,2024,3,
Mustard,2022-23,BD4055,Magura,11521.25,4624.13,0.992,2025,3,
Mustard,2023-24,BD4055,Magura,17811.0,8700.82,1.207,2025,2,
Mustard,2024-25,BD4055,Magura,15636.73,7700.65,1.217,2025,1,
Mustard,2013-14,BD3056,Manikganj,36250.0,18596.0,1.268,2017,2,
Mustard,2014-15,BD3056,Manikganj,43327.0,15557.0,0.887,2018,3,
Mustard,2015-16,BD3056,Manikganj,47448.0,20200.0,1.052,2019,3,
Mustard,2016-17,BD3056,Manikganj,48243.0,20123.0,1.031,2020,3,
Mustard,2017-18,BD3056,Manikganj,46183.0,19782.0,1.058,2021,3,
Mustard,2018-19,BD3056,Manikganj,37126.0,15216.0,1.013,2021,2,
Mustard,2019-20,BD3056,Manikganj,44922.0,20341.0,1.119,2022,2,
Mustard,2020-21,BD3056,Manikganj,45293.1,22280.94,1.216,2023,2,
Mustard,2021-22,BD3056,Manikganj,48821.3,22653.81,1.147,2024,3,
Mustard,2022-23,BD3056,Manikganj,6485.48,34072.86,12.982,2025,3,
Mustard,2023-24,BD3056,Manikganj,72699.75,40864.13,1.389,2025,2,
Mustard,2024-25,BD3056,Manikganj,72953.0,41896.13,1.419,2025,1,
Mustard,2013-14,BD4057,Meherpur,11955.0,6652.0,1.375,2017,2,
Mustard,2014-15,BD4057,Meherpur,14570.0,8104.0,1.374,2018,3,
Mustard,2015-16,BD4057,Meherpur,14325.0,7732.0,1.334,2019,3,
Mustard,2016-17,BD4057,Meherpur,15332.0,8633.0,1.391,2020,3,
Mustard,2017-18,BD4057,Meherpur,13130.0,7483.0,1.408,2021,3,
Mustard,2018-19,BD4057,Meherpur,12211.0,7304.0,1.478,2021,2,
Mustard,2019-20,BD4057,Meherpur,12467.0,7197.0,1.426,2022,2,
Mustard,2020-21,BD4057,Meherpur,11893.0,7323.61,1.522,2023,2,
Mustard,2021-22,BD4057,Meherpur,9827.0,5714.27,1.437,2024,3,
Mustard,2022-23,BD4057,Meherpur,10221.0,5571.84,1.347,2025,3,
Mustard,2023-24,BD4057,Meherpur,10508.0,5771.01,1.357,2025,2,
Mustard,2024-25,BD4057,Meherpur,10017.0,5485.26,1.353,2025,1,
Mustard,2013-14,BD6058,Moulvibazar,157.0,57.0,0.897,2017,2,
Mustard,2014-15,BD6058,Moulvibazar,447.0,1772.0,9.796,2018,3,yoy-jump-gt-10x
Mustard,2015-16,BD6058,Moulvibazar,737.0,2356.0,7.899,2019,3,
Mustard,2016-17,BD6058,Moulvibazar,736.0,2241.0,7.524,2020,3,
Mustard,2017-18,BD6058,Moulvibazar,736.0,2243.0,7.531,2021,3,
Mustard,2018-19,BD6058,Moulvibazar,736.0,2245.0,7.537,2021,2,
Mustard,2019-20,BD6058,Moulvibazar,739.0,354.0,1.184,2022,2,
Mustard,2020-21,BD6058,Moulvibazar,736.0,357.72,1.201,2023,2,
Mustard,2021-22,BD6058,Moulvibazar,621.26,300.65,1.196,2024,3,
Mustard,2022-23,BD6058,Moulvibazar,3832.98,2103.7,1.356,2025,3,
Mustard,2023-24,BD6058,Moulvibazar,4967.22,2773.67,1.38,2025,2,
Mustard,2024-25,BD6058,Moulvibazar,4972.93,2776.45,1.38,2025,1,
Mustard,2013-14,BD3059,Munshiganj,3842.0,2282.0,1.468,2017,2,
Mustard,2014-15,BD3059,Munshiganj,4085.0,847.0,0.512,2018,3,
Mustard,2015-16,BD3059,Munshiganj,3645.0,1295.0,0.878,2019,3,
Mustard,2016-17,BD3059,Munshiganj,5432.0,2474.0,1.125,2020,3,
Mustard,2017-18,BD3059,Munshiganj,5378.0,2461.0,1.131,2021,3,
Mustard,2018-19,BD3059,Munshiganj,3963.0,1842.0,1.149,2021,2,
Mustard,2019-20,BD3059,Munshiganj,4002.0,1867.0,1.153,2022,2,
Mustard,2020-21,BD3059,Munshiganj,5416.0,2551.28,1.164,2023,2,
Mustard,2021-22,BD3059,Munshiganj,5470.5,2881.93,1.302,2024,3,
Mustard,2022-23,BD3059,Munshiganj,6242.6,3236.33,1.281,2025,3,
Mustard,2023-24,BD3059,Munshiganj,6372.2,3307.68,1.283,2025,2,
Mustard,2024-25,BD3059,Munshiganj,6147.88,3315.31,1.333,2025,1,
Mustard,2013-14,BD4561,Mymensingh,4484.0,1395.0,0.769,2017,2,
Mustard,2014-15,BD4561,Mymensingh,4201.0,1662.0,0.978,2018,3,
Mustard,2015-16,BD4561,Mymensingh,4244.0,1688.0,0.983,2019,3,
Mustard,2016-17,BD4561,Mymensingh,3437.0,1413.0,1.016,2020,3,
Mustard,2017-18,BD4561,Mymensingh,5892.0,1306.0,0.548,2021,3,
Mustard,2018-19,BD4561,Mymensingh,2892.0,1306.0,1.116,2021,2,
Mustard,2019-20,BD4561,Mymensingh,2995.0,1320.0,1.089,2022,2,
Mustard,2020-21,BD4561,Mymensingh,2976.0,1315.0,1.092,2023,2,
Mustard,2021-22,BD4561,Mymensingh,2967.0,1352.0,1.126,2024,3,
Mustard,2022-23,BD4561,Mymensingh,5716.0,2786.0,1.204,2025,3,
Mustard,2023-24,BD4561,Mymensingh,7220.0,3663.0,1.254,2025,2,
Mustard,2024-25,BD4561,Mymensingh,7216.0,3665.0,1.255,2025,1,
Mustard,2013-14,BD5064,Naogaon,51287.0,25028.0,1.206,2017,2,
Mustard,2014-15,BD5064,Naogaon,49776.0,25372.0,1.26,2018,3,
Mustard,2015-16,BD5064,Naogaon,51303.0,26999.0,1.3,2019,3,
Mustard,2016-17,BD5064,Naogaon,53375.0,28359.0,1.313,2020,3,
Mustard,2017-18,BD5064,Naogaon,53833.0,28455.0,1.306,2021,3,
Mustard,2018-19,BD5064,Naogaon,53429.0,28546.0,1.32,2021,2,
Mustard,2019-20,BD5064,Naogaon,49397.0,28668.0,1.434,2022,2,
Mustard,2020-21,BD5064,Naogaon,55702.0,31919.0,1.416,2023,2,
Mustard,2021-22,BD5064,Naogaon,66666.0,42592.0,1.579,2024,3,
Mustard,2022-23,BD5064,Naogaon,116677.0,78479.0,1.662,2025,3,
Mustard,2023-24,BD5064,Naogaon,164385.0,109078.0,1.64,2025,2,
Mustard,2024-25,BD5064,Naogaon,147035.0,98958.0,1.663,2025,1,
Mustard,2013-14,BD4065,Narail,8046.0,2155.0,0.662,2017,2,
Mustard,2014-15,BD4065,Narail,7880.0,2217.0,0.695,2018,3,
Mustard,2015-16,BD4065,Narail,7898.0,2648.0,0.828,2019,3,
Mustard,2016-17,BD4065,Narail,7898.0,2688.0,0.841,2020,3,
Mustard,2017-18,BD4065,Narail,6221.0,2485.0,0.987,2021,3,
Mustard,2018-19,BD4065,Narail,8054.0,3202.0,0.982,2021,2,
Mustard,2019-20,BD4065,Narail,11106.0,4404.0,0.98,2022,2,
Mustard,2020-21,BD4065,Narail,11027.0,4372.2,0.98,2023,2,
Mustard,2021-22,BD4065,Narail,10542.0,4065.74,0.953,2024,3,
Mustard,2022-23,BD4065,Narail,11258.0,4577.7,1.005,2025,3,
Mustard,2023-24,BD4065,Narail,11269.0,4611.0,1.011,2025,2,
Mustard,2024-25,BD4065,Narail,11270.0,4674.0,1.025,2025,1,
Mustard,2013-14,BD3067,Narayanganj,2662.0,1025.0,0.951,2017,2,
Mustard,2014-15,BD3067,Narayanganj,2774.0,1060.0,0.944,2018,3,
Mustard,2015-16,BD3067,Narayanganj,1906.0,730.0,0.946,2019,3,
Mustard,2016-17,BD3067,Narayanganj,1823.0,702.0,0.952,2020,3,
Mustard,2017-18,BD3067,Narayanganj,1818.0,700.0,0.951,2021,3,
Mustard,2018-19,BD3067,Narayanganj,1816.0,695.0,0.946,2021,2,
Mustard,2019-20,BD3067,Narayanganj,1821.0,706.0,0.958,2022,2,
Mustard,2020-21,BD3067,Narayanganj,1596.5,598.17,0.926,2023,2,
Mustard,2021-22,BD3067,Narayanganj,1509.48,560.44,0.917,2024,3,
Mustard,2022-23,BD3067,Narayanganj,1510.52,561.18,0.918,2025,3,
Mustard,2023-24,BD3067,Narayanganj,1506.94,559.97,0.918,2025,2,
Mustard,2024-25,BD3067,Narayanganj,1509.4,560.97,0.918,2025,1,
Mustard,2013-14,BD3068,Narsingdi,3992.0,1430.0,0.885,2017,2,
Mustard,2014-15,BD3068,Narsingdi,3999.0,1488.0,0.919,2018,3,
Mustard,2015-16,BD3068,Narsingdi,3445.0,1475.0,1.058,2019,3,
Mustard,2016-17,BD3068,Narsingdi,4199.0,1535.0,0.903,2020,3,
Mustard,2017-18,BD3068,Narsingdi,3860.0,1425.0,0.912,2021,3,
Mustard,2018-19,BD3068,Narsingdi,2653.0,1260.0,1.174,2021,2,
Mustard,2019-20,BD3068,Narsingdi,653.0,259.0,0.98,2022,2,
Mustard,2020-21,BD3068,Narsingdi,756.99,293.73,0.959,2023,2,
Mustard,2021-22,BD3068,Narsingdi,757.64,294.49,0.96,2024,3,
Mustard,2022-23,BD3068,Narsingdi,3599.77,1542.32,1.059,2025,3,
Mustard,2023-24,BD3068,Narsingdi,3595.53,1538.97,1.058,2025,2,
Mustard,2024-25,BD3068,Narsingdi,3595.69,1549.72,1.065,2025,1,
Mustard,2013-14,BD5069,Natore,7177.0,2556.0,0.88,2017,2,
Mustard,2014-15,BD5069,Natore,8571.0,4165.0,1.201,2018,3,
Mustard,2015-16,BD5069,Natore,6016.0,358.0,0.147,2019,3,yoy-jump-gt-10x
Mustard,2016-17,BD5069,Natore,6146.0,2413.0,0.97,2020,3,
Mustard,2017-18,BD5069,Natore,5476.0,2157.0,0.973,2021,3,
Mustard,2018-19,BD5069,Natore,5927.0,2313.0,0.964,2021,2,
Mustard,2019-20,BD5069,Natore,5722.0,2302.0,0.994,2022,2,
Mustard,2020-21,BD5069,Natore,4171.0,2198.0,1.302,2023,2,
Mustard,2021-22,BD5069,Natore,4690.85,2596.39,1.368,2024,3,
Mustard,2022-23,BD5069,Natore,5451.3,3283.28,1.488,2025,3,
Mustard,2023-24,BD5069,Natore,5591.0,3393.0,1.5,2025,2,
Mustard,2024-25,BD5069,Natore,5272.0,3209.0,1.504,2025,1,
Mustard,2013-14,BD4572,Netrakona,2391.0,1033.0,1.068,2017,2,
Mustard,2014-15,BD4572,Netrakona,2745.0,1267.0,1.141,2018,3,
Mustard,2015-16,BD4572,Netrakona,2537.0,1251.0,1.218,2019,3,
Mustard,2016-17,BD4572,Netrakona,2292.0,1117.0,1.204,2020,3,
Mustard,2017-18,BD4572,Netrakona,2314.0,1146.0,1.224,2021,3,
Mustard,2018-19,BD4572,Netrakona,2369.0,1080.0,1.127,2021,2,
Mustard,2019-20,BD4572,Netrakona,2370.0,1220.0,1.272,2022,2,
Mustard,2020-21,BD4572,Netrakona,2461.0,1150.0,1.155,2023,2,
Mustard,2021-22,BD4572,Netrakona,2924.0,1584.0,1.339,2024,3,
Mustard,2022-23,BD4572,Netrakona,6499.0,2998.0,1.14,2025,3,
Mustard,2023-24,BD4572,Netrakona,6689.0,3361.0,1.242,2025,2,
Mustard,2024-25,BD4572,Netrakona,6701.0,3376.0,1.245,2025,1,
Mustard,2013-14,BD5573,Nilphamari,1251.0,613.0,1.211,2017,2,
Mustard,2014-15,BD5573,Nilphamari,1372.0,692.0,1.246,2018,3,
Mustard,2015-16,BD5573,Nilphamari,2105.0,1243.0,1.459,2019,3,
Mustard,2016-17,BD5573,Nilphamari,2315.0,1406.0,1.501,2020,3,
Mustard,2017-18,BD5573,Nilphamari,2210.0,1321.0,1.477,2021,3,
Mustard,2018-19,BD5573,Nilphamari,2442.0,1319.0,1.335,2021,2,
Mustard,2019-20,BD5573,Nilphamari,2422.0,1454.0,1.483,2022,2,
Mustard,2020-21,BD5573,Nilphamari,2327.0,1273.0,1.352,2023,2,
Mustard,2021-22,BD5573,Nilphamari,2344.6,1415.95,1.492,2024,3,
Mustard,2022-23,BD5573,Nilphamari,7875.13,4339.5,1.362,2025,3,
Mustard,2023-24,BD5573,Nilphamari,7798.0,4449.0,1.41,2025,2,
Mustard,2024-25,BD5573,Nilphamari,7897.0,4519.0,1.414,2025,1,
Mustard,2013-14,BD2075,Noakhali,46.0,9.0,0.483,2017,2,
Mustard,2014-15,BD2075,Noakhali,54.0,13.0,0.595,2018,3,
Mustard,2015-16,BD2075,Noakhali,47.0,12.0,0.631,2019,3,
Mustard,2016-17,BD2075,Noakhali,44.0,9.0,0.505,2020,3,
Mustard,2017-18,BD2075,Noakhali,41.0,8.0,0.482,2021,3,
Mustard,2018-19,BD2075,Noakhali,39.0,9.0,0.57,2021,2,
Mustard,2019-20,BD2075,Noakhali,20.0,4.0,0.494,2022,2,
Mustard,2020-21,BD2075,Noakhali,38.4,6.72,0.432,2023,2,
Mustard,2021-22,BD2075,Noakhali,210.0,79.26,0.933,2024,3,yoy-jump-gt-10x
Mustard,2022-23,BD2075,Noakhali,238.97,77.25,0.799,2025,3,
Mustard,2023-24,BD2075,Noakhali,244.53,82.86,0.837,2025,2,
Mustard,2024-25,BD2075,Noakhali,261.18,111.74,1.057,2025,1,
Mustard,2013-14,BD5076,Pabna,14810.0,5812.0,0.97,2017,2,
Mustard,2014-15,BD5076,Pabna,31449.0,16640.0,1.307,2018,3,
Mustard,2015-16,BD5076,Pabna,42336.0,15565.0,0.908,2019,3,
Mustard,2016-17,BD5076,Pabna,40296.0,14986.0,0.919,2020,3,
Mustard,2017-18,BD5076,Pabna,38815.0,14141.0,0.9,2021,3,
Mustard,2018-19,BD5076,Pabna,40157.0,14747.0,0.907,2021,2,
Mustard,2019-20,BD5076,Pabna,40383.0,15131.0,0.926,2022,2,
Mustard,2020-21,BD5076,Pabna,43686.0,18714.0,1.059,2023,2,
Mustard,2021-22,BD5076,Pabna,43535.0,20890.0,1.186,2024,3,
Mustard,2022-23,BD5076,Pabna,45366.0,25211.0,1.373,2025,3,
Mustard,2023-24,BD5076,Pabna,46039.0,28776.0,1.544,2025,2,
Mustard,2024-25,BD5076,Pabna,46208.0,30733.0,1.643,2025,1,
Mustard,2013-14,BD5577,Panchagarh,1322.0,559.0,1.045,2017,2,
Mustard,2014-15,BD5577,Panchagarh,2169.0,932.0,1.062,2018,3,
Mustard,2015-16,BD5577,Panchagarh,2743.0,1253.0,1.129,2019,3,
Mustard,2016-17,BD5577,Panchagarh,2709.0,1252.0,1.142,2020,3,
Mustard,2017-18,BD5577,Panchagarh,2686.0,1245.0,1.145,2021,3,
Mustard,2018-19,BD5577,Panchagarh,2568.0,1215.0,1.169,2021,2,
Mustard,2019-20,BD5577,Panchagarh,2855.0,1385.0,1.199,2022,2,
Mustard,2020-21,BD5577,Panchagarh,4241.0,1457.0,0.849,2023,2,
Mustard,2021-22,BD5577,Panchagarh,3204.0,1634.14,1.26,2024,3,
Mustard,2022-23,BD5577,Panchagarh,5415.0,2908.21,1.327,2025,3,
Mustard,2023-24,BD5577,Panchagarh,7213.0,3990.6,1.367,2025,2,
Mustard,2024-25,BD5577,Panchagarh,6655.0,3737.0,1.388,2025,1,
Mustard,2013-14,BD1078,Patuakhali,175.0,10.0,0.141,2017,2,
Mustard,2014-15,BD1078,Patuakhali,117.0,27.0,0.57,2018,3,
Mustard,2015-16,BD1078,Patuakhali,117.0,29.0,0.612,2019,3,
Mustard,2016-17,BD1078,Patuakhali,111.0,25.0,0.557,2020,3,
Mustard,2017-18,BD1078,Patuakhali,98.0,52.0,1.311,2021,3,
Mustard,2018-19,BD1078,Patuakhali,100.0,50.0,1.236,2021,2,
Mustard,2019-20,BD1078,Patuakhali,99.0,45.0,1.123,2022,2,
Mustard,2020-21,BD1078,Patuakhali,112.0,36.0,0.794,2023,2,
Mustard,2021-22,BD1078,Patuakhali,117.0,27.64,0.584,2024,3,
Mustard,2022-23,BD1078,Patuakhali,122.0,29.74,0.602,2025,3,
Mustard,2023-24,BD1078,Patuakhali,134.0,39.0,0.719,2025,2,
Mustard,2024-25,BD1078,Patuakhali,137.0,40.0,0.721,2025,1,
Mustard,2013-14,BD1079,Pirojpur,57.0,19.0,0.824,2017,2,
Mustard,2014-15,BD1079,Pirojpur,65.0,14.0,0.532,2018,3,
Mustard,2015-16,BD1079,Pirojpur,79.0,17.0,0.532,2019,3,
Mustard,2016-17,BD1079,Pirojpur,97.0,25.0,0.637,2020,3,
Mustard,2017-18,BD1079,Pirojpur,97.0,32.0,0.815,2021,3,
Mustard,2018-19,BD1079,Pirojpur,94.0,31.0,0.815,2021,2,
Mustard,2019-20,BD1079,Pirojpur,96.0,34.0,0.875,2022,2,
Mustard,2020-21,BD1079,Pirojpur,101.0,35.0,0.856,2023,2,
Mustard,2021-22,BD1079,Pirojpur,103.0,36.0,0.864,2024,3,
Mustard,2022-23,BD1079,Pirojpur,104.0,37.0,0.879,2025,3,
Mustard,2023-24,BD1079,Pirojpur,105.0,35.0,0.824,2025,2,
Mustard,2024-25,BD1079,Pirojpur,108.0,38.0,0.869,2025,1,
Mustard,2013-14,BD3082,Rajbari,7435.0,2509.0,0.834,2017,2,
Mustard,2014-15,BD3082,Rajbari,5992.0,2055.0,0.847,2018,3,
Mustard,2015-16,BD3082,Rajbari,5583.0,1891.0,0.837,2019,3,
Mustard,2016-17,BD3082,Rajbari,5142.0,2258.0,1.085,2020,3,
Mustard,2017-18,BD3082,Rajbari,2665.0,1146.0,1.063,2021,3,
Mustard,2018-19,BD3082,Rajbari,2689.0,1157.0,1.063,2021,2,
Mustard,2019-20,BD3082,Rajbari,3895.0,2170.0,1.377,2022,2,
Mustard,2020-21,BD3082,Rajbari,4012.0,1922.0,1.184,2023,2,
Mustard,2021-22,BD3082,Rajbari,4018.0,2287.0,1.406,2024,3,
Mustard,2022-23,BD3082,Rajbari,4216.0,2469.75,1.448,2025,3,
Mustard,2023-24,BD3082,Rajbari,4253.0,2486.06,1.444,2025,2,
Mustard,2024-25,BD3082,Rajbari,4167.0,2452.06,1.454,2025,1,
Mustard,2013-14,BD5081,Rajshahi,46549.0,21365.0,1.134,2017,2,
Mustard,2014-15,BD5081,Rajshahi,41946.0,21505.0,1.267,2018,3,
Mustard,2015-16,BD5081,Rajshahi,40701.0,19270.0,1.17,2019,3,
Mustard,2016-17,BD5081,Rajshahi,38732.0,8495.0,0.542,2020,3,
Mustard,2017-18,BD5081,Rajshahi,37535.0,19989.0,1.316,2021,3,
Mustard,2018-19,BD5081,Rajshahi,36652.0,19506.0,1.315,2021,2,
Mustard,2019-20,BD5081,Rajshahi,41064.0,22994.0,1.384,2022,2,
Mustard,2020-21,BD5081,Rajshahi,40975.0,23017.86,1.388,2023,2,
Mustard,2021-22,BD5081,Rajshahi,42736.0,24188.0,1.399,2024,3,
Mustard,2022-23,BD5081,Rajshahi,47716.0,28094.0,1.455,2025,3,
Mustard,2023-24,BD5081,Rajshahi,53606.0,33097.0,1.526,2025,2,
Mustard,2024-25,BD5081,Rajshahi,54028.0,33228.0,1.52,2025,1,
Mustard,2013-14,BD2084,Rangamati,514.0,236.0,1.135,2017,2,
Mustard,2014-15,BD2084,Rangamati,505.0,271.0,1.326,2018,3,
Mustard,2015-16,BD2084,Rangamati,519.0,284.0,1.352,2019,3,
Mustard,2016-17,BD2084,Rangamati,526.0,272.0,1.278,2020,3,
Mustard,2017-18,BD2084,Rangamati,502.0,259.0,1.275,2021,3,
Mustard,2018-19,BD2084,Rangamati,338.0,217.0,1.586,2021,2,
Mustard,2019-20,BD2084,Rangamati,447.0,200.0,1.106,2022,2,
Mustard,2020-21,BD2084,Rangamati,423.6,196.6,1.147,2023,2,
Mustard,2021-22,BD2084,Rangamati,416.89,183.74,1.089,2024,3,
Mustard,2022-23,BD2084,Rangamati,410.21,180.51,1.087,2025,3,
Mustard,2023-24,BD2084,Rangamati,403.73,177.39,1.086,2025,2,
Mustard,2024-25,BD2084,Rangamati,405.45,178.52,1.088,2025,1,
Mustard,2013-14,BD5585,Rangpur,3012.0,1031.0,0.846,2017,2,
Mustard,2014-15,BD5585,Rangpur,4152.0,1994.0,1.187,2018,3,
Mustard,2015-16,BD5585,Rangpur,4784.0,2333.0,1.205,2019,3,
Mustard,2016-17,BD5585,Rangpur,4699.0,2278.0,1.198,2020,3,
Mustard,2017-18,BD5585,Rangpur,4720.0,2258.0,1.182,2021,3,
Mustard,2018-19,BD5585,Rangpur,4687.0,2237.0,1.179,2021,2,
Mustard,2019-20,BD5585,Rangpur,4479.0,2178.0,1.202,2022,2,
Mustard,2020-21,BD5585,Rangpur,4351.0,2069.0,1.175,2023,2,
Mustard,2021-22,BD5585,Rangpur,4719.0,2371.0,1.242,2024,3,
Mustard,2022-23,BD5585,Rangpur,4770.0,2403.0,1.245,2025,3,
Mustard,2023-24,BD5585,Rangpur,4784.0,2408.0,1.244,2025,2,
Mustard,2024-25,BD5585,Rangpur,4782.0,2424.0,1.253,2025,1,
Mustard,2013-14,BD4087,Satkhira,3234.0,1049.0,0.802,2017,2,
Mustard,2014-15,BD4087,Satkhira,14309.0,6417.0,1.108,2018,3,
Mustard,2015-16,BD4087,Satkhira,0.0,0.0,,2019,3,
Mustard,2016-17,BD4087,Satkhira,12757.0,6654.0,1.289,2020,3,
Mustard,2017-18,BD4087,Satkhira,13269.0,6981.0,1.3,2021,3,
Mustard,2018-19,BD4087,Satkhira,13341.0,6748.0,1.25,2021,2,
Mustard,2019-20,BD4087,Satkhira,13709.0,6817.0,1.229,2022,2,
Mustard,2020-21,BD4087,Satkhira,11778.0,6292.4,1.32,2023,2,
Mustard,2021-22,BD4087,Satkhira,11659.91,6156.2,1.305,2024,3,
Mustard,2022-23,BD4087,Satkhira,11748.15,6909.09,1.453,2025,3,
Mustard,2023-24,BD4087,Satkhira,11742.13,7133.92,1.501,2025,2,
Mustard,2024-25,BD4087,Satkhira,11785.81,6996.52,1.467,2025,1,
Mustard,2013-14,BD3086,Shariatpur,10212.0,5198.0,1.258,2017,2,
Mustard,2014-15,BD3086,Shariatpur,12592.0,6867.0,1.348,2018,3,
Mustard,2015-16,BD3086,Shariatpur,18657.0,8370.0,1.109,2019,3,
Mustard,2016-17,BD3086,Shariatpur,13116.0,6289.0,1.185,2020,3,
Mustard,2017-18,BD3086,Shariatpur,12194.0,6156.0,1.247,2021,3,
Mustard,2018-19,BD3086,Shariatpur,10820.0,5435.0,1.241,2021,2,
Mustard,2019-20,BD3086,Shariatpur,10903.0,5481.0,1.242,2022,2,
Mustard,2020-21,BD3086,Shariatpur,10417.0,4375.0,1.038,2023,2,
Mustard,2021-22,BD3086,Shariatpur,10463.0,4634.0,1.094,2024,3,
Mustard,2022-23,BD3086,Shariatpur,10478.0,4874.0,1.149,2025,3,
Mustard,2023-24,BD3086,Shariatpur,10497.0,4943.0,1.164,2025,2,
Mustard,2024-25,BD3086,Shariatpur,10500.0,5129.0,1.207,2025,1,
Mustard,2013-14,BD4589,Sherpur,3656.0,1653.0,1.117,2017,2,
Mustard,2014-15,BD4589,Sherpur,4224.0,1719.0,1.006,2018,3,
Mustard,2015-16,BD4589,Sherpur,5187.0,2127.0,1.013,2019,3,
Mustard,2016-17,BD4589,Sherpur,5195.0,2406.0,1.144,2020,3,
Mustard,2017-18,BD4589,Sherpur,5284.0,2406.0,1.125,2021,3,
Mustard,2018-19,BD4589,Sherpur,5517.0,2567.0,1.15,2021,2,
Mustard,2019-20,BD4589,Sherpur,5251.0,2357.0,1.109,2022,2,
Mustard,2020-21,BD4589,Sherpur,4523.0,2182.0,1.192,2023,2,
Mustard,2021-22,BD4589,Sherpur,4629.0,2502.0,1.336,2024,3,
Mustard,2022-23,BD4589,Sherpur,8295.0,4433.0,1.321,2025,3,
Mustard,2023-24,BD4589,Sherpur,8297.0,4439.0,1.322,2025,2,
Mustard,2024-25,BD4589,Sherpur,8299.0,4442.0,1.323,2025,1,
Mustard,2013-14,BD5088,Sirajganj,143535.0,44293.0,0.763,2017,2,
Mustard,2014-15,BD5088,Sirajganj,140797.0,56508.0,0.992,2018,3,
Mustard,2015-16,BD5088,Sirajganj,122782.0,52504.0,1.057,2019,3,
Mustard,2016-17,BD5088,Sirajganj,122525.0,54164.0,1.092,2020,3,
Mustard,2017-18,BD5088,Sirajganj,120576.0,52726.0,1.081,2021,3,
Mustard,2018-19,BD5088,Sirajganj,122920.0,53793.0,1.081,2021,2,
Mustard,2019-20,BD5088,Sirajganj,120467.0,52700.0,1.081,2022,2,
Mustard,2020-21,BD5088,Sirajganj,127853.0,55278.0,1.068,2023,2,
Mustard,2021-22,BD5088,Sirajganj,125842.0,62567.0,1.229,2024,3,
Mustard,2022-23,BD5088,Sirajganj,131606.0,68730.75,1.29,2025,3,
Mustard,2023-24,BD5088,Sirajganj,140519.0,75371.0,1.325,2025,2,
Mustard,2024-25,BD5088,Sirajganj,149730.0,97379.0,1.607,2025,1,
Mustard,2013-14,BD6090,Sunamganj,517.0,175.0,0.836,2017,2,
Mustard,2014-15,BD6090,Sunamganj,1021.0,694.0,1.68,2018,3,
Mustard,2015-16,BD6090,Sunamganj,1305.0,513.0,0.971,2019,3,
Mustard,2016-17,BD6090,Sunamganj,1298.0,475.0,0.904,2020,3,
Mustard,2017-18,BD6090,Sunamganj,1301.0,478.0,0.908,2021,3,
Mustard,2018-19,BD6090,Sunamganj,1302.0,478.0,0.907,2021,2,
Mustard,2019-20,BD6090,Sunamganj,1305.0,497.0,0.941,2022,2,
Mustard,2020-21,BD6090,Sunamganj,1294.0,525.0,1.003,2023,2,
Mustard,2021-22,BD6090,Sunamganj,1244.0,510.0,1.013,2024,3,
Mustard,2022-23,BD6090,Sunamganj,1248.0,517.0,1.024,2025,3,
Mustard,2023-24,BD6090,Sunamganj,1247.0,516.0,1.023,2025,2,
Mustard,2024-25,BD6090,Sunamganj,1247.0,516.0,1.023,2025,1,
Mustard,2013-14,BD6091,Sylhet,1402.0,654.0,1.153,2017,2,
Mustard,2014-15,BD6091,Sylhet,2133.0,2310.0,2.676,2018,3,
Mustard,2015-16,BD6091,Sylhet,2746.0,1703.0,1.532,2019,3,
Mustard,2016-17,BD6091,Sylhet,2618.0,1763.0,1.664,2020,3,
Mustard,2017-18,BD6091,Sylhet,2475.0,1779.0,1.776,2021,3,
Mustard,2018-19,BD6091,Sylhet,1737.0,965.0,1.373,2021,2,
Mustard,2019-20,BD6091,Sylhet,1341.0,968.0,1.784,2022,2,
Mustard,2020-21,BD6091,Sylhet,1624.5,941.97,1.433,2023,2,
Mustard,2021-22,BD6091,Sylhet,1864.5,1144.21,1.516,2024,3,
Mustard,2022-23,BD6091,Sylhet,1711.5,1138.12,1.643,2025,3,
Mustard,2023-24,BD6091,Sylhet,2526.7,1352.65,1.323,2025,2,
Mustard,2024-25,BD6091,Sylhet,2695.0,1442.8,1.323,2025,1,
Mustard,2013-14,BD3093,Tangail,75250.0,21371.0,0.702,2017,2,
Mustard,2014-15,BD3093,Tangail,66426.0,24408.0,0.908,2018,3,
Mustard,2015-16,BD3093,Tangail,61365.0,25146.0,1.013,2019,3,
Mustard,2016-17,BD3093,Tangail,71992.0,29701.0,1.019,2020,3,
Mustard,2017-18,BD3093,Tangail,55961.0,23198.0,1.024,2021,3,
Mustard,2018-19,BD3093,Tangail,5410.0,2168.0,0.99,2021,2,yoy-jump-gt-10x
Mustard,2019-20,BD3093,Tangail,64919.0,28537.0,1.086,2022,2,yoy-jump-gt-10x
Mustard,2020-21,BD3093,Tangail,67761.97,31350.57,1.143,2023,2,
Mustard,2021-22,BD3093,Tangail,66804.01,28818.79,1.066,2024,3,
Mustard,2022-23,BD3093,Tangail,77876.45,34172.31,1.084,2025,3,
Mustard,2023-24,BD3093,Tangail,85842.83,38571.74,1.11,2025,2,
Mustard,2024-25,BD3093,Tangail,93706.0,42821.54,1.129,2025,1,
Mustard,2013-14,BD5594,Thakurgaon,7720.0,2825.0,0.904,2017,2,
Mustard,2014-15,BD5594,Thakurgaon,15362.0,6145.0,0.988,2018,3,
Mustard,2015-16,BD5594,Thakurgaon,15303.0,6534.0,1.055,2019,3,
Mustard,2016-17,BD5594,Thakurgaon,13011.0,5420.0,1.029,2020,3,
Mustard,2017-18,BD5594,Thakurgaon,9583.0,3900.0,1.006,2021,3,
Mustard,2018-19,BD5594,Thakurgaon,7443.0,3120.0,1.036,2021,2,
Mustard,2019-20,BD5594,Thakurgaon,14810.0,6228.0,1.039,2022,2,
Mustard,2020-21,BD5594,Thakurgaon,14774.0,6158.0,1.03,2023,2,
Mustard,2021-22,BD5594,Thakurgaon,16634.0,8294.7,1.232,2024,3,
Mustard,2022-23,BD5594,Thakurgaon,15174.0,9043.7,1.473,2025,3,
Mustard,2023-24,BD5594,Thakurgaon,15304.0,9121.0,1.473,2025,2,
Mustard,2024-25,BD5594,Thakurgaon,15295.0,9037.0,1.46,2025,1,
Onion,2013-14,BD4001,Bagerhat,318.0,602.0,4.678,2017,2,
Onion,2014-15,BD4001,Bagerhat,322.0,677.0,5.195,2018,3,
Onion,2015-16,BD4001,Bagerhat,333.0,717.0,5.321,2019,3,
Onion,2016-17,BD4001,Bagerhat,346.0,755.0,5.392,2020,3,
Onion,2017-18,BD4001,Bagerhat,345.0,752.0,5.386,2021,3,
Onion,2018-19,BD4001,Bagerhat,310.0,664.0,5.293,2021,2,
Onion,2019-20,BD4001,Bagerhat,322.0,714.0,5.479,2022,2,
Onion,2020-21,BD4001,Bagerhat,328.86,741.39,5.571,2023,2,
Onion,2021-22,BD4001,Bagerhat,341.0,769.51,5.576,2024,3,
Onion,2022-23,BD4001,Bagerhat,335.8,757.68,5.576,2025,3,
Onion,2023-24,BD4001,Bagerhat,310.5,706.01,5.619,2025,2,
Onion,2024-25,BD4001,Bagerhat,310.0,709.7,5.657,2025,1,
Onion,2013-14,BD2003,Bandarban,128.0,175.0,3.378,2017,2,
Onion,2014-15,BD2003,Bandarban,118.0,173.0,3.623,2018,3,
Onion,2015-16,BD2003,Bandarban,118.0,175.0,3.665,2019,3,
Onion,2016-17,BD2003,Bandarban,117.0,174.0,3.675,2020,3,
Onion,2017-18,BD2003,Bandarban,119.0,179.0,3.717,2021,3,
Onion,2018-19,BD2003,Bandarban,119.0,181.0,3.758,2021,2,
Onion,2019-20,BD2003,Bandarban,121.0,184.0,3.758,2022,2,
Onion,2020-21,BD2003,Bandarban,127.0,192.93,3.754,2023,2,
Onion,2021-22,BD2003,Bandarban,133.1,203.9,3.785,2024,3,
Onion,2022-23,BD2003,Bandarban,137.0,208.45,3.76,2025,3,
Onion,2023-24,BD2003,Bandarban,123.8,197.41,3.94,2025,2,
Onion,2024-25,BD2003,Bandarban,122.82,196.04,3.944,2025,1,
Onion,2013-14,BD1004,Barguna,80.0,62.0,1.915,2017,2,
Onion,2014-15,BD1004,Barguna,108.0,127.0,2.906,2018,3,
Onion,2015-16,BD1004,Barguna,108.0,124.0,2.837,2019,3,
Onion,2016-17,BD1004,Barguna,106.0,124.0,2.891,2020,3,
Onion,2017-18,BD1004,Barguna,108.0,128.0,2.929,2021,3,
Onion,2018-19,BD1004,Barguna,108.0,128.0,2.929,2021,2,
Onion,2019-20,BD1004,Barguna,109.0,158.0,3.582,2022,2,
Onion,2020-21,BD1004,Barguna,104.0,124.0,2.946,2023,2,
Onion,2021-22,BD1004,Barguna,100.0,117.0,2.891,2024,3,
Onion,2022-23,BD1004,Barguna,54.0,62.0,2.837,2025,3,
Onion,2023-24,BD1004,Barguna,51.0,51.0,2.471,2025,2,
Onion,2024-25,BD1004,Barguna,43.0,168.0,9.654,2025,1,
Onion,2013-14,BD1006,Barishal,366.0,436.0,2.944,2017,2,
Onion,2014-15,BD1006,Barishal,514.0,458.0,2.202,2018,3,
Onion,2015-16,BD1006,Barishal,553.0,541.0,2.417,2019,3,
Onion,2016-17,BD1006,Barishal,408.0,505.0,3.059,2020,3,
Onion,2017-18,BD1006,Barishal,564.0,625.0,2.738,2021,3,
Onion,2018-19,BD1006,Barishal,596.0,675.0,2.799,2021,2,
Onion,2019-20,BD1006,Barishal,550.0,850.0,3.819,2022,2,
Onion,2020-21,BD1006,Barishal,560.0,879.0,3.879,2023,2,
Onion,2021-22,BD1006,Barishal,520.0,690.0,3.279,2024,3,
Onion,2022-23,BD1006,Barishal,438.0,518.0,2.922,2025,3,
Onion,2023-24,BD1006,Barishal,397.0,503.0,3.131,2025,2,
Onion,2024-25,BD1006,Barishal,411.32,1035.9,6.223,2025,1,
Onion,2013-14,BD1009,Bhola,1555.0,2616.0,4.157,2017,2,
Onion,2014-15,BD1009,Bhola,1606.0,2855.0,4.393,2018,3,
Onion,2015-16,BD1009,Bhola,1789.0,3209.0,4.432,2019,3,
Onion,2016-17,BD1009,Bhola,1421.0,2560.0,4.452,2020,3,
Onion,2017-18,BD1009,Bhola,1372.0,2648.0,4.769,2021,3,
Onion,2018-19,BD1009,Bhola,1487.0,2806.0,4.663,2021,2,
Onion,2019-20,BD1009,Bhola,1535.0,3412.0,5.493,2022,2,
Onion,2020-21,BD1009,Bhola,1581.06,3588.0,5.608,2023,2,
Onion,2021-22,BD1009,Bhola,1608.0,3852.0,5.919,2024,3,
Onion,2022-23,BD1009,Bhola,1566.0,3816.0,6.021,2025,3,
Onion,2023-24,BD1009,Bhola,1574.0,3862.0,6.063,2025,2,
Onion,2024-25,BD1009,Bhola,1566.0,5342.1,8.43,2025,1,
Onion,2013-14,BD5010,Bogura,5934.0,15311.0,6.376,2017,2,
Onion,2014-15,BD5010,Bogura,5186.0,13023.0,6.205,2018,3,
Onion,2015-16,BD5010,Bogura,4630.0,11167.0,5.96,2019,3,
Onion,2016-17,BD5010,Bogura,4548.0,10350.0,5.623,2020,3,
Onion,2017-18,BD5010,Bogura,4721.0,10824.0,5.665,2021,3,
Onion,2018-19,BD5010,Bogura,4654.0,10686.0,5.674,2021,2,
Onion,2019-20,BD5010,Bogura,4779.0,12903.0,6.672,2022,2,
Onion,2020-21,BD5010,Bogura,4797.0,13039.74,6.717,2023,2,
Onion,2021-22,BD5010,Bogura,4774.4,13051.0,6.755,2024,3,
Onion,2022-23,BD5010,Bogura,4834.65,13499.32,6.9,2025,3,
Onion,2023-24,BD5010,Bogura,4825.0,14493.91,7.423,2025,2,
Onion,2024-25,BD5010,Bogura,4827.0,21430.56,10.971,2025,1,
Onion,2013-14,BD2012,Brahmanbaria,1305.0,2708.0,5.128,2017,2,
Onion,2014-15,BD2012,Brahmanbaria,1494.0,3122.0,5.164,2018,3,
Onion,2015-16,BD2012,Brahmanbaria,1415.0,2918.0,5.096,2019,3,
Onion,2016-17,BD2012,Brahmanbaria,1318.0,2698.0,5.058,2020,3,
Onion,2017-18,BD2012,Brahmanbaria,354.0,1012.0,7.064,2021,3,
Onion,2018-19,BD2012,Brahmanbaria,1250.0,2468.0,4.879,2021,2,
Onion,2019-20,BD2012,Brahmanbaria,1093.0,3029.0,6.848,2022,2,
Onion,2020-21,BD2012,Brahmanbaria,1097.52,2967.5,6.681,2023,2,
Onion,2021-22,BD2012,Brahmanbaria,1067.79,3075.17,7.116,2024,3,
Onion,2022-23,BD2012,Brahmanbaria,950.85,2694.57,7.003,2025,3,
Onion,2023-24,BD2012,Brahmanbaria,1052.61,3005.57,7.056,2025,2,
Onion,2024-25,BD2012,Brahmanbaria,1041.1,3110.64,7.383,2025,1,
Onion,2013-14,BD2013,Chandpur,2338.0,5005.0,5.29,2017,2,
Onion,2014-15,BD2013,Chandpur,2099.0,5216.0,6.141,2018,3,
Onion,2015-16,BD2013,Chandpur,1724.0,4318.0,6.189,2019,3,
Onion,2016-17,BD2013,Chandpur,1692.0,3609.0,5.271,2020,3,
Onion,2017-18,BD2013,Chandpur,1672.0,4336.0,6.408,2021,3,
Onion,2018-19,BD2013,Chandpur,1661.0,4308.0,6.409,2021,2,
Onion,2019-20,BD2013,Chandpur,1692.0,4388.0,6.408,2022,2,
Onion,2020-21,BD2013,Chandpur,1796.15,4605.71,6.336,2023,2,
Onion,2021-22,BD2013,Chandpur,1933.85,5047.1,6.449,2024,3,
Onion,2022-23,BD2013,Chandpur,1934.1,5135.04,6.561,2025,3,
Onion,2023-24,BD2013,Chandpur,1933.52,5144.76,6.575,2025,2,
Onion,2024-25,BD2013,Chandpur,1930.52,8891.67,11.381,2025,1,
Onion,2013-14,BD5070,Chapainababganj,6716.0,21743.0,8.0,2017,2,
Onion,2014-15,BD5070,Chapainababganj,6487.0,21210.0,8.079,2018,3,
Onion,2015-16,BD5070,Chapainababganj,6637.0,24153.0,8.993,2019,3,
Onion,2016-17,BD5070,Chapainababganj,6438.0,23558.0,9.042,2020,3,
Onion,2017-18,BD5070,Chapainababganj,6440.0,23500.0,9.017,2021,3,
Onion,2018-19,BD5070,Chapainababganj,6478.0,23015.0,8.779,2021,2,
Onion,2019-20,BD5070,Chapainababganj,7034.0,24982.0,8.776,2022,2,
Onion,2020-21,BD5070,Chapainababganj,7211.0,25980.53,8.903,2023,2,
Onion,2021-22,BD5070,Chapainababganj,7076.5,25641.02,8.954,2024,3,
Onion,2022-23,BD5070,Chapainababganj,7433.0,34604.44,11.504,2025,3,
Onion,2023-24,BD5070,Chapainababganj,7244.52,34287.31,11.695,2025,2,
Onion,2024-25,BD5070,Chapainababganj,7367.22,47244.53,15.846,2025,1,
Onion,2013-14,BD2015,Chattogram,145.0,199.0,3.391,2017,2,
Onion,2014-15,BD2015,Chattogram,154.0,216.0,3.466,2018,3,
Onion,2015-16,BD2015,Chattogram,162.0,235.0,3.585,2019,3,
Onion,2016-17,BD2015,Chattogram,167.0,241.0,3.566,2020,3,
Onion,2017-18,BD2015,Chattogram,172.0,248.0,3.563,2021,3,
Onion,2018-19,BD2015,Chattogram,166.0,241.0,3.587,2021,2,
Onion,2019-20,BD2015,Chattogram,171.0,245.0,3.54,2022,2,
Onion,2020-21,BD2015,Chattogram,173.82,248.58,3.534,2023,2,
Onion,2021-22,BD2015,Chattogram,182.36,271.85,3.684,2024,3,
Onion,2022-23,BD2015,Chattogram,177.7,355.04,4.937,2025,3,
Onion,2023-24,BD2015,Chattogram,145.85,352.65,5.975,2025,2,
Onion,2024-25,BD2015,Chattogram,149.17,360.01,5.964,2025,1,
Onion,2013-14,BD4018,Chuadanga,1576.0,7557.0,11.849,2017,2,
Onion,2014-15,BD4018,Chuadanga,1832.0,10320.0,13.92,2018,3,
Onion,2015-16,BD4018,Chuadanga,1588.0,9030.0,14.051,2019,3,
Onion,2016-17,BD4018,Chuadanga,1564.0,8765.0,13.848,2020,3,
Onion,2017-18,BD4018,Chuadanga,1603.0,9244.0,14.25,2021,3,
Onion,2018-19,BD4018,Chuadanga,1770.0,10061.0,14.046,2021,2,
Onion,2019-20,BD4018,Chuadanga,1669.0,10379.0,15.367,2022,2,
Onion,2020-21,BD4018,Chuadanga,1699.0,9860.38,14.341,2023,2,
Onion,2021-22,BD4018,Chuadanga,1809.5,10275.71,14.033,2024,3,
Onion,2022-23,BD4018,Chuadanga,1820.0,10810.2,14.677,2025,3,
Onion,2023-24,BD4018,Chuadanga,1841.0,12072.1,16.204,2025,2,
Onion,2024-25,BD4018,Chuadanga,1796.0,15044.4,20.699,2025,1,
Onion,2013-14,BD2022,Cox's Bazar,167.0,237.0,3.507,2017,2,
Onion,2014-15,BD2022,Cox's Bazar,161.0,221.0,3.392,2018,3,
Onion,2015-16,BD2022,Cox's Bazar,171.0,289.0,4.176,2019,3,
Onion,2016-17,BD2022,Cox's Bazar,87.0,141.0,4.005,2020,3,
Onion,2017-18,BD2022,Cox's Bazar,76.0,132.0,4.292,2021,3,
Onion,2018-19,BD2022,Cox's Bazar,78.0,141.0,4.467,2021,2,
Onion,2019-20,BD2022,Cox's Bazar,64.0,99.0,3.822,2022,2,
Onion,2020-21,BD2022,Cox's Bazar,61.14,84.8,3.427,2023,2,
Onion,2021-22,BD2022,Cox's Bazar,59.55,83.57,3.468,2024,3,
Onion,2022-23,BD2022,Cox's Bazar,60.26,85.57,3.509,2025,3,
Onion,2023-24,BD2022,Cox's Bazar,56.61,70.58,3.081,2025,2,
Onion,2024-25,BD2022,Cox's Bazar,56.08,70.53,3.108,2025,1,
Onion,2013-14,BD2019,Cumilla,727.0,1951.0,6.631,2017,2,
Onion,2014-15,BD2019,Cumilla,677.0,1888.0,6.891,2018,3,
Onion,2015-16,BD2019,Cumilla,616.0,1767.0,7.088,2019,3,
Onion,2016-17,BD2019,Cumilla,504.0,1465.0,7.183,2020,3,
Onion,2017-18,BD2019,Cumilla,298.0,874.0,7.247,2021,3,
Onion,2018-19,BD2019,Cumilla,323.0,880.0,6.732,2021,2,
Onion,2019-20,BD2019,Cumilla,341.0,954.0,6.913,2022,2,
Onion,2020-21,BD2019,Cumilla,349.0,982.7,6.958,2023,2,
Onion,2021-22,BD2019,Cumilla,698.8,1321.1,4.672,2024,3,
Onion,2022-23,BD2019,Cumilla,706.79,1337.4,4.676,2025,3,
Onion,2023-24,BD2019,Cumilla,351.2,1112.4,7.827,2025,2,
Onion,2024-25,BD2019,Cumilla,365.8,1147.4,7.751,2025,1,
Onion,2013-14,BD3026,Dhaka,1273.0,4519.0,8.772,2017,2,
Onion,2014-15,BD3026,Dhaka,1287.0,6355.0,12.202,2018,3,
Onion,2015-16,BD3026,Dhaka,1306.0,6446.0,12.196,2019,3,
Onion,2016-17,BD3026,Dhaka,1266.0,6405.0,12.502,2020,3,
Onion,2017-18,BD3026,Dhaka,1243.0,4168.0,8.286,2021,3,
Onion,2018-19,BD3026,Dhaka,1243.0,4168.0,8.286,2021,2,
Onion,2019-20,BD3026,Dhaka,1220.0,4367.0,8.845,2022,2,
Onion,2020-21,BD3026,Dhaka,1147.99,4112.9,8.853,2023,2,
Onion,2021-22,BD3026,Dhaka,1134.55,4201.43,9.151,2024,3,
Onion,2022-23,BD3026,Dhaka,1146.57,4005.87,8.633,2025,3,
Onion,2023-24,BD3026,Dhaka,1145.0,4000.0,8.632,2025,2,
Onion,2024-25,BD3026,Dhaka,1078.04,3779.37,8.663,2025,1,
Onion,2013-14,BD5527,Dinajpur,5739.0,12598.0,5.424,2017,2,
Onion,2014-15,BD5527,Dinajpur,5692.0,18617.0,8.082,2018,3,
Onion,2015-16,BD5527,Dinajpur,6129.0,20904.0,8.428,2019,3,
Onion,2016-17,BD5527,Dinajpur,5655.0,18931.0,8.272,2020,3,
Onion,2017-18,BD5527,Dinajpur,5480.0,17257.0,7.782,2021,3,
Onion,2018-19,BD5527,Dinajpur,5276.0,16531.0,7.742,2021,2,
Onion,2019-20,BD5527,Dinajpur,5174.0,16029.0,7.655,2022,2,
Onion,2020-21,BD5527,Dinajpur,5344.0,16778.0,7.758,2023,2,
Onion,2021-22,BD5527,Dinajpur,5360.0,18220.0,8.4,2024,3,
Onion,2022-23,BD5527,Dinajpur,5378.0,18394.0,8.452,2025,3,
Onion,2023-24,BD5527,Dinajpur,5392.0,23938.0,10.97,2025,2,
Onion,2024-25,BD5527,Dinajpur,5443.0,23648.0,10.736,2025,1,
Onion,2013-14,BD3029,Faridpur,53411.0,214508.0,9.924,2017,2,
Onion,2014-15,BD3029,Faridpur,78908.0,376651.0,11.795,2018,3,
Onion,2015-16,BD3029,Faridpur,72721.0,290417.0,9.868,2019,3,
Onion,2016-17,BD3029,Faridpur,81970.0,385669.0,11.626,2020,3,
Onion,2017-18,BD3029,Faridpur,67859.0,265501.0,9.668,2021,3,
Onion,2018-19,BD3029,Faridpur,65932.0,264025.0,9.895,2021,2,
Onion,2019-20,BD3029,Faridpur,65991.0,265150.0,9.929,2022,2,
Onion,2020-21,BD3029,Faridpur,82105.0,445503.0,13.408,2023,2,
Onion,2021-22,BD3029,Faridpur,100291.0,544492.0,13.416,2024,3,
Onion,2022-23,BD3029,Faridpur,100319.0,544979.54,13.424,2025,3,
Onion,2023-24,BD3029,Faridpur,100392.0,562465.97,13.845,2025,2,
Onion,2024-25,BD3029,Faridpur,100408.0,565845.1,13.926,2025,1,
Onion,2013-14,BD2030,Feni,29.0,27.0,2.301,2017,2,
Onion,2014-15,BD2030,Feni,31.0,25.0,1.993,2018,3,
Onion,2015-16,BD2030,Feni,32.0,25.0,1.931,2019,3,
Onion,2016-17,BD2030,Feni,29.0,22.0,1.875,2020,3,
Onion,2017-18,BD2030,Feni,33.0,26.0,1.947,2021,3,
Onion,2018-19,BD2030,Feni,30.0,29.0,2.389,2021,2,
Onion,2019-20,BD2030,Feni,25.0,41.0,4.053,2022,2,
Onion,2020-21,BD2030,Feni,25.52,43.0,4.164,2023,2,
Onion,2021-22,BD2030,Feni,25.72,41.19,3.957,2024,3,
Onion,2022-23,BD2030,Feni,27.5,93.5,8.402,2025,3,
Onion,2023-24,BD2030,Feni,28.4,99.44,8.652,2025,2,
Onion,2024-25,BD2030,Feni,28.51,100.13,8.679,2025,1,
Onion,2013-14,BD5532,Gaibandha,2561.0,2812.0,2.713,2017,2,
Onion,2014-15,BD5532,Gaibandha,2232.0,6782.0,7.508,2018,3,
Onion,2015-16,BD5532,Gaibandha,2251.0,6487.0,7.121,2019,3,
Onion,2016-17,BD5532,Gaibandha,2622.0,6292.0,5.93,2020,3,
Onion,2017-18,BD5532,Gaibandha,2310.0,5574.0,5.963,2021,3,
Onion,2018-19,BD5532,Gaibandha,2187.0,5063.0,5.721,2021,2,
Onion,2019-20,BD5532,Gaibandha,2718.0,6089.0,5.536,2022,2,
Onion,2020-21,BD5532,Gaibandha,2684.0,6528.0,6.01,2023,2,
Onion,2021-22,BD5532,Gaibandha,2947.0,9000.42,7.547,2024,3,
Onion,2022-23,BD5532,Gaibandha,2947.0,9000.42,7.547,2025,3,
Onion,2023-24,BD5532,Gaibandha,2756.0,13016.0,11.67,2025,2,
Onion,2024-25,BD5532,Gaibandha,2761.0,13061.0,11.689,2025,1,
Onion,2013-14,BD3033,Gazipur,404.0,673.0,4.116,2017,2,
Onion,2014-15,BD3033,Gazipur,400.0,734.0,4.534,2018,3,
Onion,2015-16,BD3033,Gazipur,401.0,754.0,4.646,2019,3,
Onion,2016-17,BD3033,Gazipur,409.0,782.0,4.725,2020,3,
Onion,2017-18,BD3033,Gazipur,423.0,829.0,4.843,2021,3,
Onion,2018-19,BD3033,Gazipur,424.0,840.0,4.895,2021,2,
Onion,2019-20,BD3033,Gazipur,434.0,861.0,4.902,2022,2,
Onion,2020-21,BD3033,Gazipur,495.23,971.56,4.848,2023,2,
Onion,2021-22,BD3033,Gazipur,502.59,988.92,4.862,2024,3,
Onion,2022-23,BD3033,Gazipur,502.48,1019.39,5.013,2025,3,
Onion,2023-24,BD3033,Gazipur,508.1,1033.85,5.028,2025,2,
Onion,2024-25,BD3033,Gazipur,522.79,1128.5,5.334,2025,1,
Onion,2013-14,BD3035,Gopalganj,4142.0,12461.0,7.434,2017,2,
Onion,2014-15,BD3035,Gopalganj,4472.0,14238.0,7.867,2018,3,
Onion,2015-16,BD3035,Gopalganj,5057.0,14723.0,7.194,2019,3,
Onion,2016-17,BD3035,Gopalganj,5068.0,14808.0,7.22,2020,3,
Onion,2017-18,BD3035,Gopalganj,4974.0,14478.0,7.193,2021,3,
Onion,2018-19,BD3035,Gopalganj,4974.0,14478.0,7.193,2021,2,
Onion,2019-20,BD3035,Gopalganj,4895.0,12006.0,6.061,2022,2,
Onion,2020-21,BD3035,Gopalganj,4917.27,12780.86,6.423,2023,2,
Onion,2021-22,BD3035,Gopalganj,4936.65,10613.17,5.312,2024,3,
Onion,2022-23,BD3035,Gopalganj,4974.8,12754.14,6.335,2025,3,
Onion,2023-24,BD3035,Gopalganj,5032.5,13010.57,6.388,2025,2,
Onion,2024-25,BD3035,Gopalganj,5145.85,27532.09,13.221,2025,1,
Onion,2013-14,BD6036,Habiganj,175.0,343.0,4.843,2017,2,
Onion,2014-15,BD6036,Habiganj,229.0,616.0,6.647,2018,3,
Onion,2015-16,BD6036,Habiganj,223.0,619.0,6.859,2019,3,
Onion,2016-17,BD6036,Habiganj,221.0,629.0,7.033,2020,3,
Onion,2017-18,BD6036,Habiganj,225.0,633.0,6.952,2021,3,
Onion,2018-19,BD6036,Habiganj,223.0,644.0,7.136,2021,2,
Onion,2019-20,BD6036,Habiganj,144.0,359.0,6.16,2022,2,
Onion,2020-21,BD6036,Habiganj,156.46,389.8,6.156,2023,2,
Onion,2021-22,BD6036,Habiganj,101.95,244.53,5.927,2024,3,
Onion,2022-23,BD6036,Habiganj,106.73,272.9,6.318,2025,3,
Onion,2023-24,BD6036,Habiganj,109.97,375.4,8.435,2025,2,
Onion,2024-25,BD6036,Habiganj,117.72,400.97,8.417,2025,1,
Onion,2013-14,BD4539,Jamalpur,4008.0,10871.0,6.702,2017,2,
Onion,2014-15,BD4539,Jamalpur,4008.0,10871.0,6.702,2018,3,
Onion,2015-16,BD4539,Jamalpur,3900.0,10721.0,6.793,2019,3,
Onion,2016-17,BD4539,Jamalpur,3886.0,10667.0,6.783,2020,3,
Onion,2017-18,BD4539,Jamalpur,3742.0,10891.0,7.192,2021,3,
Onion,2018-19,BD4539,Jamalpur,3791.0,11101.0,7.236,2021,2,
Onion,2019-20,BD4539,Jamalpur,3651.0,10600.0,7.174,2022,2,
Onion,2020-21,BD4539,Jamalpur,3740.0,10854.0,7.171,2023,2,
Onion,2021-22,BD4539,Jamalpur,4895.0,11362.0,5.736,2024,3,
Onion,2022-23,BD4539,Jamalpur,3248.0,11138.0,8.474,2025,3,
Onion,2023-24,BD4539,Jamalpur,3785.0,13045.0,8.516,2025,2,
Onion,2024-25,BD4539,Jamalpur,3797.0,13134.0,8.547,2025,1,
Onion,2013-14,BD4041,Jashore,3112.0,12748.0,10.122,2017,2,
Onion,2014-15,BD4041,Jashore,3160.0,13082.0,10.23,2018,3,
Onion,2015-16,BD4041,Jashore,3230.0,13307.0,10.18,2019,3,
Onion,2016-17,BD4041,Jashore,3248.0,13475.0,10.252,2020,3,
Onion,2017-18,BD4041,Jashore,3222.0,13481.0,10.339,2021,3,
Onion,2018-19,BD4041,Jashore,3159.0,13016.0,10.181,2021,2,
Onion,2019-20,BD4041,Jashore,2796.0,11549.0,10.207,2022,2,
Onion,2020-21,BD4041,Jashore,3093.0,12841.38,10.259,2023,2,
Onion,2021-22,BD4041,Jashore,3126.0,13056.16,10.321,2024,3,
Onion,2022-23,BD4041,Jashore,3023.0,12853.03,10.506,2025,3,
Onion,2023-24,BD4041,Jashore,3079.0,13085.0,10.501,2025,2,
Onion,2024-25,BD4041,Jashore,3150.0,13393.0,10.506,2025,1,
Onion,2013-14,BD1042,Jhalokati,80.0,100.0,3.089,2017,2,
Onion,2014-15,BD1042,Jhalokati,72.0,82.0,2.814,2018,3,
Onion,2015-16,BD1042,Jhalokati,70.0,96.0,3.389,2019,3,
Onion,2016-17,BD1042,Jhalokati,83.0,127.0,3.781,2020,3,
Onion,2017-18,BD1042,Jhalokati,68.0,83.0,3.016,2021,3,
Onion,2018-19,BD1042,Jhalokati,67.0,110.0,4.057,2021,2,
Onion,2019-20,BD1042,Jhalokati,84.0,128.0,3.765,2022,2,
Onion,2020-21,BD1042,Jhalokati,90.0,136.0,3.734,2023,2,
Onion,2021-22,BD1042,Jhalokati,100.0,154.0,3.805,2024,3,
Onion,2022-23,BD1042,Jhalokati,106.0,164.0,3.823,2025,3,
Onion,2023-24,BD1042,Jhalokati,97.0,157.0,4.0,2025,2,
Onion,2024-25,BD1042,Jhalokati,100.0,165.0,4.077,2025,1,
Onion,2013-14,BD4044,Jhenaidah,13115.0,50366.0,9.49,2017,2,
Onion,2014-15,BD4044,Jhenaidah,13021.0,50982.0,9.675,2018,3,
Onion,2015-16,BD4044,Jhenaidah,13021.0,53701.0,10.191,2019,3,
Onion,2016-17,BD4044,Jhenaidah,16236.0,84176.0,12.811,2020,3,
Onion,2017-18,BD4044,Jhenaidah,16078.0,83520.0,12.836,2021,3,
Onion,2018-19,BD4044,Jhenaidah,16330.0,85540.0,12.944,2021,2,
Onion,2019-20,BD4044,Jhenaidah,18043.0,95781.0,13.118,2022,2,
Onion,2020-21,BD4044,Jhenaidah,18557.0,101477.38,13.513,2023,2,
Onion,2021-22,BD4044,Jhenaidah,19100.0,128388.75,16.61,2024,3,
Onion,2022-23,BD4044,Jhenaidah,18306.0,98588.3,13.308,2025,3,
Onion,2023-24,BD4044,Jhenaidah,18400.0,100829.8,13.541,2025,2,
Onion,2024-25,BD4044,Jhenaidah,24973.0,152555.78,15.095,2025,1,
Onion,2013-14,BD5038,Joypurhat,2058.0,5880.0,7.06,2017,2,
Onion,2014-15,BD5038,Joypurhat,2066.0,5847.0,6.993,2018,3,
Onion,2015-16,BD5038,Joypurhat,1913.0,5483.0,7.082,2019,3,
Onion,2016-17,BD5038,Joypurhat,1848.0,5331.0,7.128,2020,3,
Onion,2017-18,BD5038,Joypurhat,1722.0,5362.0,7.694,2021,3,
Onion,2018-19,BD5038,Joypurhat,1718.0,5347.0,7.691,2021,2,
Onion,2019-20,BD5038,Joypurhat,1861.0,5389.0,7.156,2022,2,
Onion,2020-21,BD5038,Joypurhat,1877.84,7781.64,10.24,2023,2,
Onion,2021-22,BD5038,Joypurhat,1857.81,8421.37,11.201,2024,3,
Onion,2022-23,BD5038,Joypurhat,1919.7,9255.77,11.914,2025,3,
Onion,2023-24,BD5038,Joypurhat,1802.13,8766.38,12.02,2025,2,
Onion,2024-25,BD5038,Joypurhat,1797.0,9162.0,12.599,2025,1,
Onion,2013-14,BD2046,Khagrachhari,50.0,88.0,4.349,2017,2,
Onion,2014-15,BD2046,Khagrachhari,54.0,94.0,4.301,2018,3,
Onion,2015-16,BD2046,Khagrachhari,55.0,82.0,3.684,2019,3,
Onion,2016-17,BD2046,Khagrachhari,44.0,71.0,3.987,2020,3,
Onion,2017-18,BD2046,Khagrachhari,49.0,79.0,3.984,2021,3,
Onion,2018-19,BD2046,Khagrachhari,53.0,84.0,3.916,2021,2,
Onion,2019-20,BD2046,Khagrachhari,52.0,85.0,4.039,2022,2,
Onion,2020-21,BD2046,Khagrachhari,54.9,82.17,3.698,2023,2,
Onion,2021-22,BD2046,Khagrachhari,62.9,91.77,3.605,2024,3,
Onion,2022-23,BD2046,Khagrachhari,57.9,83.71,3.573,2025,3,
Onion,2023-24,BD2046,Khagrachhari,54.3,66.11,3.008,2025,2,
Onion,2024-25,BD2046,Khagrachhari,54.1,65.99,3.014,2025,1,
Onion,2013-14,BD4047,Khulna,333.0,816.0,6.055,2017,2,
Onion,2014-15,BD4047,Khulna,368.0,886.0,5.949,2018,3,
Onion,2015-16,BD4047,Khulna,318.0,672.0,5.222,2019,3,
Onion,2016-17,BD4047,Khulna,336.0,656.0,4.824,2020,3,
Onion,2017-18,BD4047,Khulna,336.0,656.0,4.824,2021,3,
Onion,2018-19,BD4047,Khulna,4181.0,49013.0,28.968,2021,2,yoy-jump-gt-10x
Onion,2019-20,BD4047,Khulna,3070.0,20139.0,16.21,2022,2,
Onion,2020-21,BD4047,Khulna,307.13,981.42,7.896,2023,2,yoy-jump-gt-10x
Onion,2021-22,BD4047,Khulna,289.04,888.24,7.594,2024,3,
Onion,2022-23,BD4047,Khulna,290.54,890.37,7.573,2025,3,
Onion,2023-24,BD4047,Khulna,278.78,836.97,7.419,2025,2,
Onion,2024-25,BD4047,Khulna,260.0,764.16,7.263,2025,1,
Onion,2013-14,BD3048,Kishoreganj,1281.0,3844.0,7.415,2017,2,
Onion,2014-15,BD3048,Kishoreganj,1294.0,4015.0,7.667,2018,3,
Onion,2015-16,BD3048,Kishoreganj,1278.0,3995.0,7.724,2019,3,
Onion,2016-17,BD3048,Kishoreganj,1282.0,4031.0,7.77,2020,3,
Onion,2017-18,BD3048,Kishoreganj,1299.0,4048.0,7.7,2021,3,
Onion,2018-19,BD3048,Kishoreganj,1266.0,3868.0,7.55,2021,2,
Onion,2019-20,BD3048,Kishoreganj,1265.0,3996.0,7.806,2022,2,
Onion,2020-21,BD3048,Kishoreganj,1324.66,4272.25,7.97,2023,2,
Onion,2021-22,BD3048,Kishoreganj,1354.28,4806.72,8.77,2024,3,
Onion,2022-23,BD3048,Kishoreganj,1359.32,4874.74,8.862,2025,3,
Onion,2023-24,BD3048,Kishoreganj,1362.31,4892.57,8.874,2025,2,
Onion,2024-25,BD3048,Kishoreganj,1227.24,4141.4,8.339,2025,1,
Onion,2013-14,BD5549,Kurigram,1399.0,4144.0,7.32,2017,2,
Onion,2014-15,BD5549,Kurigram,1598.0,3711.0,5.738,2018,3,
Onion,2015-16,BD5549,Kurigram,1410.0,3197.0,5.603,2019,3,
Onion,2016-17,BD5549,Kurigram,1420.0,3323.0,5.783,2020,3,
Onion,2017-18,BD5549,Kurigram,1110.0,2367.0,5.269,2021,3,
Onion,2018-19,BD5549,Kurigram,1157.0,2520.0,5.382,2021,2,
Onion,2019-20,BD5549,Kurigram,1096.0,2561.0,5.774,2022,2,
Onion,2020-21,BD5549,Kurigram,1103.0,2575.0,5.769,2023,2,
Onion,2021-22,BD5549,Kurigram,1112.61,2730.9,6.065,2024,3,
Onion,2022-23,BD5549,Kurigram,1125.0,2826.43,6.208,2025,3,
Onion,2023-24,BD5549,Kurigram,1146.0,4598.0,9.914,2025,2,
Onion,2024-25,BD5549,Kurigram,1166.0,5063.0,10.73,2025,1,
Onion,2013-14,BD4050,Kushtia,21572.0,72605.0,8.317,2017,2,
Onion,2014-15,BD4050,Kushtia,21714.0,90562.0,10.306,2018,3,
Onion,2015-16,BD4050,Kushtia,25376.0,109645.0,10.677,2019,3,
Onion,2016-17,BD4050,Kushtia,25726.0,127547.0,12.251,2020,3,
Onion,2017-18,BD4050,Kushtia,25389.0,128084.0,12.466,2021,3,
Onion,2018-19,BD4050,Kushtia,24987.0,151477.0,14.98,2021,2,
Onion,2019-20,BD4050,Kushtia,26101.0,132536.0,12.548,2022,2,
Onion,2020-21,BD4050,Kushtia,26182.0,134234.0,12.669,2023,2,
Onion,2021-22,BD4050,Kushtia,26845.0,140098.0,12.896,2024,3,
Onion,2022-23,BD4050,Kushtia,27270.0,141877.0,12.856,2025,3,
Onion,2023-24,BD4050,Kushtia,26497.0,157712.0,14.708,2025,2,
Onion,2024-25,BD4050,Kushtia,26799.0,180120.0,16.608,2025,1,
Onion,2013-14,BD2051,Lakshmipur,350.0,840.0,5.931,2017,2,
Onion,2014-15,BD2051,Lakshmipur,516.0,908.0,4.348,2018,3,
Onion,2015-16,BD2051,Lakshmipur,463.0,795.0,4.243,2019,3,
Onion,2016-17,BD2051,Lakshmipur,434.0,788.0,4.487,2020,3,
Onion,2017-18,BD2051,Lakshmipur,470.0,788.0,4.143,2021,3,
Onion,2018-19,BD2051,Lakshmipur,435.0,800.0,4.544,2021,2,
Onion,2019-20,BD2051,Lakshmipur,429.0,720.0,4.147,2022,2,
Onion,2020-21,BD2051,Lakshmipur,436.0,802.0,4.545,2023,2,
Onion,2021-22,BD2051,Lakshmipur,436.0,802.0,4.545,2024,3,
Onion,2022-23,BD2051,Lakshmipur,360.57,622.0,4.263,2025,3,
Onion,2023-24,BD2051,Lakshmipur,360.57,622.0,4.263,2025,2,
Onion,2024-25,BD2051,Lakshmipur,376.5,656.95,4.312,2025,1,
Onion,2013-14,BD5552,Lalmonirhat,1158.0,4336.0,9.253,2017,2,
Onion,2014-15,BD5552,Lalmonirhat,1206.0,3736.0,7.655,2018,3,
Onion,2015-16,BD5552,Lalmonirhat,1152.0,3642.0,7.812,2019,3,
Onion,2016-17,BD5552,Lalmonirhat,1180.0,3730.0,7.811,2020,3,
Onion,2017-18,BD5552,Lalmonirhat,1166.0,3657.0,7.75,2021,3,
Onion,2018-19,BD5552,Lalmonirhat,1164.0,3675.0,7.802,2021,2,
Onion,2019-20,BD5552,Lalmonirhat,1230.0,3904.0,7.843,2022,2,
Onion,2020-21,BD5552,Lalmonirhat,1241.0,3923.0,7.811,2023,2,
Onion,2021-22,BD5552,Lalmonirhat,1283.0,4167.53,8.027,2024,3,
Onion,2022-23,BD5552,Lalmonirhat,1288.0,4152.62,7.967,2025,3,
Onion,2023-24,BD5552,Lalmonirhat,1289.0,5573.0,10.684,2025,2,
Onion,2024-25,BD5552,Lalmonirhat,1302.0,4936.0,9.368,2025,1,
Onion,2013-14,BD3054,Madaripur,3723.0,13974.0,9.275,2017,2,
Onion,2014-15,BD3054,Madaripur,5310.0,23534.0,10.952,2018,3,
Onion,2015-16,BD3054,Madaripur,9214.0,42977.0,11.526,2019,3,
Onion,2016-17,BD3054,Madaripur,9606.0,51830.0,13.333,2020,3,
Onion,2017-18,BD3054,Madaripur,9631.0,52262.0,13.409,2021,3,
Onion,2018-19,BD3054,Madaripur,8519.0,45940.0,13.326,2021,2,
Onion,2019-20,BD3054,Madaripur,8997.0,29889.0,8.209,2022,2,
Onion,2020-21,BD3054,Madaripur,8838.3,36891.26,10.314,2023,2,
Onion,2021-22,BD3054,Madaripur,8867.5,39434.42,10.989,2024,3,
Onion,2022-23,BD3054,Madaripur,9030.0,40390.75,11.053,2025,3,
Onion,2023-24,BD3054,Madaripur,10117.0,45807.51,11.188,2025,2,
Onion,2024-25,BD3054,Madaripur,10172.0,53902.13,13.094,2025,1,
Onion,2013-14,BD4055,Magura,8618.0,28155.0,8.073,2017,2,
Onion,2014-15,BD4055,Magura,12109.0,53556.0,10.929,2018,3,
Onion,2015-16,BD4055,Magura,13656.0,54327.0,9.83,2019,3,
Onion,2016-17,BD4055,Magura,13897.0,55454.0,9.86,2020,3,
Onion,2017-18,BD4055,Magura,13939.0,55612.0,9.859,2021,3,
Onion,2018-19,BD4055,Magura,8851.0,38502.0,10.749,2021,2,
Onion,2019-20,BD4055,Magura,14416.0,59187.0,10.145,2022,2,
Onion,2020-21,BD4055,Magura,14096.0,57080.19,10.006,2023,2,
Onion,2021-22,BD4055,Magura,14565.0,58187.68,9.872,2024,3,
Onion,2022-23,BD4055,Magura,16044.0,70969.81,10.931,2025,3,
Onion,2023-24,BD4055,Magura,16076.0,75132.92,11.549,2025,2,
Onion,2024-25,BD4055,Magura,16229.0,82929.49,12.627,2025,1,
Onion,2013-14,BD3056,Manikganj,18350.0,43985.0,5.923,2017,2,
Onion,2014-15,BD3056,Manikganj,16425.0,43187.0,6.497,2018,3,
Onion,2015-16,BD3056,Manikganj,18066.0,48146.0,6.585,2019,3,
Onion,2016-17,BD3056,Manikganj,17808.0,48103.0,6.675,2020,3,
Onion,2017-18,BD3056,Manikganj,18115.0,48014.0,6.55,2021,3,
Onion,2018-19,BD3056,Manikganj,17835.0,47039.0,6.517,2021,2,
Onion,2019-20,BD3056,Manikganj,18131.0,59189.0,8.067,2022,2,
Onion,2020-21,BD3056,Manikganj,18285.55,61037.85,8.248,2023,2,
Onion,2021-22,BD3056,Manikganj,16757.95,59720.17,8.806,2024,3,
Onion,2022-23,BD3056,Manikganj,17062.5,59206.15,8.574,2025,3,
Onion,2023-24,BD3056,Manikganj,16883.51,63766.84,9.333,2025,2,
Onion,2024-25,BD3056,Manikganj,16212.2,85429.88,13.021,2025,1,
Onion,2013-14,BD4057,Meherpur,3734.0,40872.0,27.048,2017,2,
Onion,2014-15,BD4057,Meherpur,4115.0,45913.0,27.571,2018,3,
Onion,2015-16,BD4057,Meherpur,7420.0,68720.0,22.886,2019,3,
Onion,2016-17,BD4057,Meherpur,7265.0,73473.0,24.99,2020,3,
Onion,2017-18,BD4057,Meherpur,4350.0,50621.0,28.756,2021,3,
Onion,2018-19,BD4057,Meherpur,4181.0,49013.0,28.968,2021,2,
Onion,2019-20,BD4057,Meherpur,5089.0,49317.0,23.947,2022,2,
Onion,2020-21,BD4057,Meherpur,4929.0,52143.79,26.141,2023,2,
Onion,2021-22,BD4057,Meherpur,4909.0,56558.12,28.47,2024,3,
Onion,2022-23,BD4057,Meherpur,5017.0,58208.59,28.67,2025,3,
Onion,2023-24,BD4057,Meherpur,5084.0,58408.87,28.389,2025,2,
Onion,2024-25,BD4057,Meherpur,5237.0,63780.9,30.095,2025,1,
Onion,2013-14,BD6058,Moulvibazar,100.0,142.0,3.509,2017,2,
Onion,2014-15,BD6058,Moulvibazar,79.0,157.0,4.911,2018,3,
Onion,2015-16,BD6058,Moulvibazar,79.0,157.0,4.911,2019,3,
Onion,2016-17,BD6058,Moulvibazar,79.0,160.0,5.005,2020,3,
Onion,2017-18,BD6058,Moulvibazar,81.0,161.0,4.912,2021,3,
Onion,2018-19,BD6058,Moulvibazar,80.0,161.0,4.973,2021,2,
Onion,2019-20,BD6058,Moulvibazar,85.0,173.0,5.029,2022,2,
Onion,2020-21,BD6058,Moulvibazar,90.32,206.29,5.644,2023,2,
Onion,2021-22,BD6058,Moulvibazar,85.02,204.98,5.958,2024,3,
Onion,2022-23,BD6058,Moulvibazar,81.87,194.2,5.861,2025,3,
Onion,2023-24,BD6058,Moulvibazar,88.75,210.73,5.867,2025,2,
Onion,2024-25,BD6058,Moulvibazar,87.37,206.97,5.854,2025,1,
Onion,2013-14,BD3059,Munshiganj,549.0,995.0,4.478,2017,2,
Onion,2014-15,BD3059,Munshiganj,332.0,645.0,4.801,2018,3,
Onion,2015-16,BD3059,Munshiganj,507.0,938.0,4.572,2019,3,
Onion,2016-17,BD3059,Munshiganj,526.0,953.0,4.477,2020,3,
Onion,2017-18,BD3059,Munshiganj,542.0,981.0,4.473,2021,3,
Onion,2018-19,BD3059,Munshiganj,544.0,999.0,4.538,2021,2,
Onion,2019-20,BD3059,Munshiganj,561.0,992.0,4.369,2022,2,
Onion,2020-21,BD3059,Munshiganj,482.0,1415.96,7.259,2023,2,
Onion,2021-22,BD3059,Munshiganj,489.6,1513.19,7.637,2024,3,
Onion,2022-23,BD3059,Munshiganj,484.3,1643.27,8.384,2025,3,
Onion,2023-24,BD3059,Munshiganj,483.67,1611.19,8.232,2025,2,
Onion,2024-25,BD3059,Munshiganj,491.31,1642.65,8.262,2025,1,
Onion,2013-14,BD4561,Mymensingh,1741.0,3780.0,5.365,2017,2,
Onion,2014-15,BD4561,Mymensingh,1646.0,4358.0,6.542,2018,3,
Onion,2015-16,BD4561,Mymensingh,1508.0,4012.0,6.574,2019,3,
Onion,2016-17,BD4561,Mymensingh,1517.0,3963.0,6.455,2020,3,
Onion,2017-18,BD4561,Mymensingh,1437.0,3830.0,6.586,2021,3,
Onion,2018-19,BD4561,Mymensingh,1419.0,3765.0,6.556,2021,2,
Onion,2019-20,BD4561,Mymensingh,1430.0,3780.0,6.532,2022,2,
Onion,2020-21,BD4561,Mymensingh,1442.0,3855.0,6.606,2023,2,
Onion,2021-22,BD4561,Mymensingh,1398.0,4014.0,7.095,2024,3,
Onion,2022-23,BD4561,Mymensingh,1340.0,4082.0,7.527,2025,3,
Onion,2023-24,BD4561,Mymensingh,1313.0,4025.0,7.575,2025,2,
Onion,2024-25,BD4561,Mymensingh,1316.0,4033.0,7.573,2025,1,
Onion,2013-14,BD5064,Naogaon,8436.0,33060.0,9.684,2017,2,
Onion,2014-15,BD5064,Naogaon,8678.0,33404.0,9.512,2018,3,
Onion,2015-16,BD5064,Naogaon,7767.0,28647.0,9.114,2019,3,
Onion,2016-17,BD5064,Naogaon,7016.0,26430.0,9.309,2020,3,
Onion,2017-18,BD5064,Naogaon,6613.0,24775.0,9.258,2021,3,
Onion,2018-19,BD5064,Naogaon,6676.0,24947.0,9.234,2021,2,
Onion,2019-20,BD5064,Naogaon,6736.0,25331.0,9.292,2022,2,
Onion,2020-21,BD5064,Naogaon,6817.33,26473.94,9.596,2023,2,
Onion,2021-22,BD5064,Naogaon,6766.05,27312.87,9.975,2024,3,
Onion,2022-23,BD5064,Naogaon,7247.92,34066.91,11.615,2025,3,
Onion,2023-24,BD5064,Naogaon,8359.51,40536.93,11.983,2025,2,
Onion,2024-25,BD5064,Naogaon,8773.0,44946.0,12.66,2025,1,
Onion,2013-14,BD4065,Narail,1335.0,4235.0,7.839,2017,2,
Onion,2014-15,BD4065,Narail,1589.0,4765.0,7.41,2018,3,
Onion,2015-16,BD4065,Narail,1610.0,4907.0,7.531,2019,3,
Onion,2016-17,BD4065,Narail,1552.0,4680.0,7.451,2020,3,
Onion,2017-18,BD4065,Narail,1341.0,4367.0,8.047,2021,3,
Onion,2018-19,BD4065,Narail,1362.0,4164.0,7.555,2021,2,
Onion,2019-20,BD4065,Narail,1269.0,3849.0,7.495,2022,2,
Onion,2020-21,BD4065,Narail,1493.0,4785.1,7.92,2023,2,
Onion,2021-22,BD4065,Narail,1567.0,5076.21,8.005,2024,3,
Onion,2022-23,BD4065,Narail,1585.0,5155.1,8.037,2025,3,
Onion,2023-24,BD4065,Narail,1613.0,5262.0,8.061,2025,2,
Onion,2024-25,BD4065,Narail,1619.0,5291.0,8.076,2025,1,
Onion,2013-14,BD3067,Narayanganj,228.0,2987.0,32.373,2017,2,
Onion,2014-15,BD3067,Narayanganj,618.0,1413.0,5.65,2018,3,
Onion,2015-16,BD3067,Narayanganj,652.0,1373.0,5.204,2019,3,
Onion,2016-17,BD3067,Narayanganj,655.0,1410.0,5.319,2020,3,
Onion,2017-18,BD3067,Narayanganj,644.0,1387.0,5.322,2021,3,
Onion,2018-19,BD3067,Narayanganj,652.0,1407.0,5.332,2021,2,
Onion,2019-20,BD3067,Narayanganj,644.0,1389.0,5.33,2022,2,
Onion,2020-21,BD3067,Narayanganj,648.96,1404.46,5.348,2023,2,
Onion,2021-22,BD3067,Narayanganj,634.84,1374.87,5.352,2024,3,
Onion,2022-23,BD3067,Narayanganj,633.88,1378.43,5.374,2025,3,
Onion,2023-24,BD3067,Narayanganj,642.92,1398.72,5.376,2025,2,
Onion,2024-25,BD3067,Narayanganj,643.97,1414.61,5.428,2025,1,
Onion,2013-14,BD3068,Narsingdi,399.0,739.0,4.577,2017,2,
Onion,2014-15,BD3068,Narsingdi,396.0,749.0,4.674,2018,3,
Onion,2015-16,BD3068,Narsingdi,383.0,702.0,4.529,2019,3,
Onion,2016-17,BD3068,Narsingdi,375.0,661.0,4.356,2020,3,
Onion,2017-18,BD3068,Narsingdi,338.0,601.0,4.394,2021,3,
Onion,2018-19,BD3068,Narsingdi,330.0,598.0,4.478,2021,2,
Onion,2019-20,BD3068,Narsingdi,326.0,872.0,6.61,2022,2,
Onion,2020-21,BD3068,Narsingdi,317.16,854.48,6.657,2023,2,
Onion,2021-22,BD3068,Narsingdi,324.35,642.31,4.893,2024,3,
Onion,2022-23,BD3068,Narsingdi,333.31,658.8,4.884,2025,3,
Onion,2023-24,BD3068,Narsingdi,330.32,645.76,4.831,2025,2,
Onion,2024-25,BD3068,Narsingdi,330.93,846.52,6.321,2025,1,
Onion,2013-14,BD5069,Natore,6630.0,27776.0,10.352,2017,2,
Onion,2014-15,BD5069,Natore,6619.0,18560.0,6.929,2018,3,
Onion,2015-16,BD5069,Natore,6582.0,18835.0,7.071,2019,3,
Onion,2016-17,BD5069,Natore,5493.0,18192.0,8.184,2020,3,
Onion,2017-18,BD5069,Natore,7586.0,24674.0,8.037,2021,3,
Onion,2018-19,BD5069,Natore,7516.0,24814.0,8.158,2021,2,
Onion,2019-20,BD5069,Natore,11689.0,39250.0,8.297,2022,2,
Onion,2020-21,BD5069,Natore,11652.0,64204.0,13.616,2023,2,
Onion,2021-22,BD5069,Natore,12107.0,74375.56,15.18,2024,3,
Onion,2022-23,BD5069,Natore,11086.5,67776.86,15.107,2025,3,
Onion,2023-24,BD5069,Natore,11125.24,68542.1,15.224,2025,2,
Onion,2024-25,BD5069,Natore,14704.67,101738.74,17.097,2025,1,
Onion,2013-14,BD4572,Netrakona,676.0,1953.0,7.139,2017,2,
Onion,2014-15,BD4572,Netrakona,707.0,1887.0,6.595,2018,3,
Onion,2015-16,BD4572,Netrakona,770.0,2006.0,6.438,2019,3,
Onion,2016-17,BD4572,Netrakona,783.0,2074.0,6.545,2020,3,
Onion,2017-18,BD4572,Netrakona,804.0,2135.0,6.562,2021,3,
Onion,2018-19,BD4572,Netrakona,804.0,2135.0,6.562,2021,2,
Onion,2019-20,BD4572,Netrakona,780.0,2105.0,6.669,2022,2,
Onion,2020-21,BD4572,Netrakona,770.0,2353.0,7.551,2023,2,
Onion,2021-22,BD4572,Netrakona,770.0,2370.0,7.606,2024,3,
Onion,2022-23,BD4572,Netrakona,711.0,2015.0,7.003,2025,3,
Onion,2023-24,BD4572,Netrakona,756.0,2582.0,8.439,2025,2,
Onion,2024-25,BD4572,Netrakona,768.0,2384.0,7.671,2025,1,
Onion,2013-14,BD5573,Nilphamari,1979.0,6517.0,8.137,2017,2,
Onion,2014-15,BD5573,Nilphamari,2397.0,9368.0,9.657,2018,3,
Onion,2015-16,BD5573,Nilphamari,2152.0,7925.0,9.1,2019,3,
Onion,2016-17,BD5573,Nilphamari,2184.0,8024.0,9.079,2020,3,
Onion,2017-18,BD5573,Nilphamari,2260.0,7702.0,8.421,2021,3,
Onion,2018-19,BD5573,Nilphamari,2307.0,9103.0,9.75,2021,2,
Onion,2019-20,BD5573,Nilphamari,2623.0,9839.0,9.269,2022,2,
Onion,2020-21,BD5573,Nilphamari,2556.0,10027.0,9.694,2023,2,
Onion,2021-22,BD5573,Nilphamari,2747.0,11035.0,9.926,2024,3,
Onion,2022-23,BD5573,Nilphamari,2660.0,11130.0,10.339,2025,3,
Onion,2023-24,BD5573,Nilphamari,2676.0,11465.0,10.587,2025,2,
Onion,2024-25,BD5573,Nilphamari,2675.0,11560.0,10.679,2025,1,
Onion,2013-14,BD2075,Noakhali,413.0,635.0,3.799,2017,2,
Onion,2014-15,BD2075,Noakhali,403.0,610.0,3.74,2018,3,
Onion,2015-16,BD2075,Noakhali,389.0,579.0,3.678,2019,3,
Onion,2016-17,BD2075,Noakhali,398.0,593.0,3.682,2020,3,
Onion,2017-18,BD2075,Noakhali,368.0,534.0,3.586,2021,3,
Onion,2018-19,BD2075,Noakhali,309.0,432.0,3.455,2021,2,
Onion,2019-20,BD2075,Noakhali,286.0,388.0,3.352,2022,2,
Onion,2020-21,BD2075,Noakhali,483.45,1654.37,8.456,2023,2,
Onion,2021-22,BD2075,Noakhali,544.6,1956.19,8.876,2024,3,
Onion,2022-23,BD2075,Noakhali,551.3,1977.9,8.865,2025,3,
Onion,2023-24,BD2075,Noakhali,563.5,2023.79,8.875,2025,2,
Onion,2024-25,BD2075,Noakhali,568.2,2044.08,8.89,2025,1,
Onion,2013-14,BD5076,Pabna,84636.0,329955.0,9.633,2017,2,
Onion,2014-15,BD5076,Pabna,98613.0,400284.0,10.03,2018,3,
Onion,2015-16,BD5076,Pabna,105980.0,415372.0,9.685,2019,3,
Onion,2016-17,BD5076,Pabna,104916.0,431091.0,10.153,2020,3,
Onion,2017-18,BD5076,Pabna,104644.0,432046.0,10.202,2021,3,
Onion,2018-19,BD5076,Pabna,104956.0,446410.0,10.51,2021,2,
Onion,2019-20,BD5076,Pabna,105139.0,494163.0,11.614,2022,2,
Onion,2020-21,BD5076,Pabna,105918.0,509226.0,11.88,2023,2,
Onion,2021-22,BD5076,Pabna,105914.0,513533.0,11.981,2024,3,
Onion,2022-23,BD5076,Pabna,104734.5,535401.46,12.632,2025,3,
Onion,2023-24,BD5076,Pabna,107841.0,710032.5,16.27,2025,2,
Onion,2024-25,BD5076,Pabna,108590.0,758889.8,17.269,2025,1,
Onion,2013-14,BD5577,Panchagarh,2921.0,7668.0,6.487,2017,2,
Onion,2014-15,BD5577,Panchagarh,3001.0,9594.0,7.9,2018,3,
Onion,2015-16,BD5577,Panchagarh,3005.0,9816.0,8.072,2019,3,
Onion,2016-17,BD5577,Panchagarh,3018.0,9857.0,8.071,2020,3,
Onion,2017-18,BD5577,Panchagarh,3040.0,10011.0,8.137,2021,3,
Onion,2018-19,BD5577,Panchagarh,3056.0,10020.0,8.102,2021,2,
Onion,2019-20,BD5577,Panchagarh,3285.0,11188.0,8.416,2022,2,
Onion,2020-21,BD5577,Panchagarh,3521.0,12744.0,8.944,2023,2,
Onion,2021-22,BD5577,Panchagarh,4104.0,15685.51,9.444,2024,3,
Onion,2022-23,BD5577,Panchagarh,3915.0,14999.13,9.467,2025,3,
Onion,2023-24,BD5577,Panchagarh,4190.0,17852.0,10.528,2025,2,
Onion,2024-25,BD5577,Panchagarh,4504.0,19891.0,10.913,2025,1,
Onion,2013-14,BD1078,Patuakhali,95.0,71.0,1.847,2017,2,
Onion,2014-15,BD1078,Patuakhali,111.0,89.0,1.981,2018,3,
Onion,2015-16,BD1078,Patuakhali,105.0,89.0,2.095,2019,3,
Onion,2016-17,BD1078,Patuakhali,106.0,82.0,1.912,2020,3,
Onion,2017-18,BD1078,Patuakhali,102.0,118.0,2.859,2021,3,
Onion,2018-19,BD1078,Patuakhali,105.0,63.0,1.483,2021,2,
Onion,2019-20,BD1078,Patuakhali,99.0,136.0,3.395,2022,2,
Onion,2020-21,BD1078,Patuakhali,102.0,178.25,4.318,2023,2,
Onion,2021-22,BD1078,Patuakhali,120.0,90.0,1.853,2024,3,
Onion,2022-23,BD1078,Patuakhali,122.0,86.0,1.742,2025,3,
Onion,2023-24,BD1078,Patuakhali,133.0,155.0,2.88,2025,2,
Onion,2024-25,BD1078,Patuakhali,204.0,593.0,7.183,2025,1,
Onion,2013-14,BD1079,Pirojpur,35.0,38.0,2.683,2017,2,
Onion,2014-15,BD1079,Pirojpur,39.0,43.0,2.724,2018,3,
Onion,2015-16,BD1079,Pirojpur,44.0,53.0,2.976,2019,3,
Onion,2016-17,BD1079,Pirojpur,53.0,65.0,3.031,2020,3,
Onion,2017-18,BD1079,Pirojpur,53.0,67.0,3.124,2021,3,
Onion,2018-19,BD1079,Pirojpur,50.0,57.0,2.817,2021,2,
Onion,2019-20,BD1079,Pirojpur,54.0,83.0,3.798,2022,2,
Onion,2020-21,BD1079,Pirojpur,60.0,70.0,2.883,2023,2,
Onion,2021-22,BD1079,Pirojpur,79.0,96.0,3.003,2024,3,
Onion,2022-23,BD1079,Pirojpur,80.0,97.0,2.996,2025,3,
Onion,2023-24,BD1079,Pirojpur,87.0,113.0,3.21,2025,2,
Onion,2024-25,BD1079,Pirojpur,95.0,219.0,5.696,2025,1,
Onion,2013-14,BD3082,Rajbari,44100.0,158430.0,8.877,2017,2,
Onion,2014-15,BD3082,Rajbari,49625.0,184950.0,9.209,2018,3,
Onion,2015-16,BD3082,Rajbari,53325.0,227368.0,10.536,2019,3,
Onion,2016-17,BD3082,Rajbari,64638.0,169417.0,6.477,2020,3,
Onion,2017-18,BD3082,Rajbari,65800.0,221339.0,8.312,2021,3,
Onion,2018-19,BD3082,Rajbari,53976.0,182485.0,8.354,2021,2,
Onion,2019-20,BD3082,Rajbari,66816.0,251861.0,9.315,2022,2,
Onion,2020-21,BD3082,Rajbari,67515.0,277033.0,10.139,2023,2,
Onion,2021-22,BD3082,Rajbari,70757.0,330006.1,11.525,2024,3,
Onion,2022-23,BD3082,Rajbari,70120.0,366498.0,12.916,2025,3,
Onion,2023-24,BD3082,Rajbari,78012.0,453662.5,14.37,2025,2,
Onion,2024-25,BD3082,Rajbari,80513.0,471799.95,14.48,2025,1,
Onion,2013-14,BD5081,Rajshahi,27387.0,152161.0,13.729,2017,2,
Onion,2014-15,BD5081,Rajshahi,25393.0,147367.0,14.341,2018,3,
Onion,2015-16,BD5081,Rajshahi,27216.0,142095.0,12.901,2019,3,
Onion,2016-17,BD5081,Rajshahi,27571.0,160873.0,14.418,2020,3,
Onion,2017-18,BD5081,Rajshahi,26500.0,123750.0,11.539,2021,3,
Onion,2018-19,BD5081,Rajshahi,27148.0,163482.0,14.88,2021,2,
Onion,2019-20,BD5081,Rajshahi,31176.0,195452.0,15.492,2022,2,
Onion,2020-21,BD5081,Rajshahi,36170.5,249340.5,17.034,2023,2,
Onion,2021-22,BD5081,Rajshahi,38663.5,278555.45,17.803,2024,3,
Onion,2022-23,BD5081,Rajshahi,36003.0,248648.95,17.066,2025,3,
Onion,2023-24,BD5081,Rajshahi,34028.95,270933.36,19.674,2025,2,
Onion,2024-25,BD5081,Rajshahi,41549.1,298417.65,17.748,2025,1,
Onion,2013-14,BD2084,Rangamati,96.0,168.0,4.324,2017,2,
Onion,2014-15,BD2084,Rangamati,96.0,170.0,4.376,2018,3,
Onion,2015-16,BD2084,Rangamati,98.0,171.0,4.312,2019,3,
Onion,2016-17,BD2084,Rangamati,100.0,175.0,4.324,2020,3,
Onion,2017-18,BD2084,Rangamati,109.0,171.0,3.877,2021,3,
Onion,2018-19,BD2084,Rangamati,109.0,193.0,4.375,2021,2,
Onion,2019-20,BD2084,Rangamati,104.0,194.0,4.609,2022,2,
Onion,2020-21,BD2084,Rangamati,114.9,226.93,4.88,2023,2,
Onion,2021-22,BD2084,Rangamati,114.65,239.44,5.161,2024,3,
Onion,2022-23,BD2084,Rangamati,122.47,259.69,5.24,2025,3,
Onion,2023-24,BD2084,Rangamati,130.28,282.22,5.353,2025,2,
Onion,2024-25,BD2084,Rangamati,130.52,283.63,5.37,2025,1,
Onion,2013-14,BD5585,Rangpur,4330.0,11852.0,6.764,2017,2,
Onion,2014-15,BD5585,Rangpur,4385.0,14294.0,8.055,2018,3,
Onion,2015-16,BD5585,Rangpur,4489.0,14690.0,8.086,2019,3,
Onion,2016-17,BD5585,Rangpur,4529.0,14952.0,8.158,2020,3,
Onion,2017-18,BD5585,Rangpur,4783.0,15980.0,8.256,2021,3,
Onion,2018-19,BD5585,Rangpur,4865.0,16491.0,8.376,2021,2,
Onion,2019-20,BD5585,Rangpur,4945.0,16712.0,8.351,2022,2,
Onion,2020-21,BD5585,Rangpur,4980.0,16831.0,8.351,2023,2,
Onion,2021-22,BD5585,Rangpur,5019.0,17420.0,8.577,2024,3,
Onion,2022-23,BD5585,Rangpur,5040.0,16983.0,8.327,2025,3,
Onion,2023-24,BD5585,Rangpur,5060.0,23490.0,11.471,2025,2,
Onion,2024-25,BD5585,Rangpur,5124.0,24845.0,11.982,2025,1,
Onion,2013-14,BD4087,Satkhira,1170.0,3574.0,7.548,2017,2,
Onion,2014-15,BD4087,Satkhira,1014.0,3319.0,8.088,2018,3,
Onion,2015-16,BD4087,Satkhira,1078.0,3501.0,8.025,2019,3,
Onion,2016-17,BD4087,Satkhira,1036.0,3335.0,7.955,2020,3,
Onion,2017-18,BD4087,Satkhira,1015.0,3313.0,8.066,2021,3,
Onion,2018-19,BD4087,Satkhira,1004.0,3239.0,7.972,2021,2,
Onion,2019-20,BD4087,Satkhira,954.0,3079.0,7.975,2022,2,
Onion,2020-21,BD4087,Satkhira,972.49,3228.36,8.203,2023,2,
Onion,2021-22,BD4087,Satkhira,978.14,3289.88,8.311,2024,3,
Onion,2022-23,BD4087,Satkhira,984.66,3348.99,8.404,2025,3,
Onion,2023-24,BD4087,Satkhira,1034.33,3508.05,8.381,2025,2,
Onion,2024-25,BD4087,Satkhira,1061.69,3471.0,8.079,2025,1,
Onion,2013-14,BD3086,Shariatpur,6289.0,19930.0,7.831,2017,2,
Onion,2014-15,BD3086,Shariatpur,6176.0,19880.0,7.954,2018,3,
Onion,2015-16,BD3086,Shariatpur,6180.0,19488.0,7.792,2019,3,
Onion,2016-17,BD3086,Shariatpur,6141.0,23576.0,9.487,2020,3,
Onion,2017-18,BD3086,Shariatpur,6072.0,23251.0,9.462,2021,3,
Onion,2018-19,BD3086,Shariatpur,6014.0,24127.0,9.913,2021,2,
Onion,2019-20,BD3086,Shariatpur,6090.0,24500.0,9.941,2022,2,
Onion,2020-21,BD3086,Shariatpur,6555.0,27869.0,10.506,2023,2,
Onion,2021-22,BD3086,Shariatpur,6601.0,28578.0,10.698,2024,3,
Onion,2022-23,BD3086,Shariatpur,7378.0,31792.0,10.648,2025,3,
Onion,2023-24,BD3086,Shariatpur,6993.0,30620.0,10.82,2025,2,
Onion,2024-25,BD3086,Shariatpur,7144.0,32364.0,11.194,2025,1,
Onion,2013-14,BD4589,Sherpur,1106.0,3192.0,7.132,2017,2,
Onion,2014-15,BD4589,Sherpur,1106.0,3192.0,7.132,2018,3,
Onion,2015-16,BD4589,Sherpur,1173.0,3378.0,7.116,2019,3,
Onion,2016-17,BD4589,Sherpur,1197.0,3426.0,7.073,2020,3,
Onion,2017-18,BD4589,Sherpur,1210.0,3488.0,7.123,2021,3,
Onion,2018-19,BD4589,Sherpur,1250.0,3564.0,7.045,2021,2,
Onion,2019-20,BD4589,Sherpur,1279.0,3528.0,6.816,2022,2,
Onion,2020-21,BD4589,Sherpur,1278.0,3544.0,6.852,2023,2,
Onion,2021-22,BD4589,Sherpur,1292.0,3585.0,6.857,2024,3,
Onion,2022-23,BD4589,Sherpur,1280.0,4106.0,7.927,2025,3,
Onion,2023-24,BD4589,Sherpur,1322.0,4266.0,7.974,2025,2,
Onion,2024-25,BD4589,Sherpur,1323.0,4274.0,7.983,2025,1,
Onion,2013-14,BD5088,Sirajganj,2646.0,10017.0,9.355,2017,2,
Onion,2014-15,BD5088,Sirajganj,1788.0,4203.0,5.809,2018,3,
Onion,2015-16,BD5088,Sirajganj,1675.0,3975.0,5.864,2019,3,
Onion,2016-17,BD5088,Sirajganj,1492.0,4125.0,6.832,2020,3,
Onion,2017-18,BD5088,Sirajganj,1271.0,3246.0,6.311,2021,3,
Onion,2018-19,BD5088,Sirajganj,1279.0,3826.0,7.392,2021,2,
Onion,2019-20,BD5088,Sirajganj,1692.0,5520.0,8.062,2022,2,
Onion,2020-21,BD5088,Sirajganj,1585.9,5236.34,8.159,2023,2,
Onion,2021-22,BD5088,Sirajganj,1648.55,6221.66,9.326,2024,3,
Onion,2022-23,BD5088,Sirajganj,1365.98,5340.09,9.66,2025,3,
Onion,2023-24,BD5088,Sirajganj,1449.03,5836.42,9.953,2025,2,
Onion,2024-25,BD5088,Sirajganj,1453.0,6091.0,10.359,2025,1,
Onion,2013-14,BD6090,Sunamganj,123.0,266.0,5.344,2017,2,
Onion,2014-15,BD6090,Sunamganj,212.0,615.0,7.168,2018,3,
Onion,2015-16,BD6090,Sunamganj,263.0,623.0,5.853,2019,3,
Onion,2016-17,BD6090,Sunamganj,317.0,811.0,6.322,2020,3,
Onion,2017-18,BD6090,Sunamganj,320.0,816.0,6.301,2021,3,
Onion,2018-19,BD6090,Sunamganj,250.0,770.0,7.611,2021,2,
Onion,2019-20,BD6090,Sunamganj,214.0,473.0,5.462,2022,2,
Onion,2020-21,BD6090,Sunamganj,321.0,889.0,6.844,2023,2,
Onion,2021-22,BD6090,Sunamganj,324.0,899.0,6.856,2024,3,
Onion,2022-23,BD6090,Sunamganj,336.0,917.0,6.744,2025,3,
Onion,2023-24,BD6090,Sunamganj,337.0,919.0,6.739,2025,2,
Onion,2024-25,BD6090,Sunamganj,328.0,901.0,6.788,2025,1,
Onion,2013-14,BD6091,Sylhet,181.0,191.0,2.608,2017,2,
Onion,2014-15,BD6091,Sylhet,87.0,107.0,3.039,2018,3,
Onion,2015-16,BD6091,Sylhet,138.0,109.0,1.952,2019,3,
Onion,2016-17,BD6091,Sylhet,135.0,150.0,2.746,2020,3,
Onion,2017-18,BD6091,Sylhet,141.0,162.0,2.839,2021,3,
Onion,2018-19,BD6091,Sylhet,124.0,108.0,2.152,2021,2,
Onion,2019-20,BD6091,Sylhet,131.0,246.0,4.64,2022,2,
Onion,2020-21,BD6091,Sylhet,313.7,1016.96,8.011,2023,2,
Onion,2021-22,BD6091,Sylhet,299.0,988.0,8.165,2024,3,
Onion,2022-23,BD6091,Sylhet,288.0,919.0,7.885,2025,3,
Onion,2023-24,BD6091,Sylhet,298.75,1072.05,8.867,2025,2,
Onion,2024-25,BD6091,Sylhet,307.0,1102.0,8.87,2025,1,
Onion,2013-14,BD3093,Tangail,1974.0,4023.0,5.036,2017,2,
Onion,2014-15,BD3093,Tangail,1970.0,4020.0,5.042,2018,3,
Onion,2015-16,BD3093,Tangail,1852.0,4013.0,5.354,2019,3,
Onion,2016-17,BD3093,Tangail,2006.0,4177.0,5.145,2020,3,
Onion,2017-18,BD3093,Tangail,1996.0,4143.0,5.129,2021,3,
Onion,2018-19,BD3093,Tangail,2022.0,4170.0,5.096,2021,2,
Onion,2019-20,BD3093,Tangail,2032.0,4240.0,5.156,2022,2,
Onion,2020-21,BD3093,Tangail,2045.8,4265.43,5.152,2023,2,
Onion,2021-22,BD3093,Tangail,2048.55,4608.12,5.559,2024,3,
Onion,2022-23,BD3093,Tangail,2056.48,4627.44,5.56,2025,3,
Onion,2023-24,BD3093,Tangail,2060.54,4651.04,5.578,2025,2,
Onion,2024-25,BD3093,Tangail,1933.0,7144.1,9.133,2025,1,
Onion,2013-14,BD5594,Thakurgaon,1256.0,2442.0,4.804,2017,2,
Onion,2014-15,BD5594,Thakurgaon,997.0,1869.0,4.632,2018,3,
Onion,2015-16,BD5594,Thakurgaon,880.0,1988.0,5.582,2019,3,
Onion,2016-17,BD5594,Thakurgaon,881.0,1985.0,5.568,2020,3,
Onion,2017-18,BD5594,Thakurgaon,958.0,2173.0,5.605,2021,3,
Onion,2018-19,BD5594,Thakurgaon,967.0,2261.0,5.778,2021,2,
Onion,2019-20,BD5594,Thakurgaon,978.0,2288.0,5.781,2022,2,
Onion,2020-21,BD5594,Thakurgaon,984.0,2306.0,5.791,2023,2,
Onion,2021-22,BD5594,Thakurgaon,995.8,2332.0,5.787,2024,3,
Onion,2022-23,BD5594,Thakurgaon,1010.3,2387.3,5.839,2025,3,
Onion,2023-24,BD5594,Thakurgaon,1016.0,4560.0,11.091,2025,2,
Onion,2024-25,BD5594,Thakurgaon,1019.0,4591.0,11.133,2025,1,
Potato,2013-14,BD4001,Bagerhat,1294.0,6989.0,13.346,2016,1,
Potato,2014-15,BD4001,Bagerhat,1814.0,10392.0,14.156,2017,2,
Potato,2015-16,BD4001,Bagerhat,1606.0,9599.0,14.769,2018,2,
Potato,2016-17,BD4001,Bagerhat,1296.0,8182.0,15.6,2019,2,
Potato,2017-18,BD4001,Bagerhat,2445.0,15067.0,15.228,2020,2,
Potato,2018-19,BD4001,Bagerhat,1835.0,11034.0,14.859,2021,2,
Potato,2019-20,BD4001,Bagerhat,819.0,5532.0,16.691,2021,1,
Potato,2020-21,BD4001,Bagerhat,908.0,5733.0,15.602,2022,1,
Potato,2021-22,BD4001,Bagerhat,890.0,6307.0,17.511,2023,2,
Potato,2022-23,BD4001,Bagerhat,717.0,6655.0,22.936,2024,2,
Potato,2023-24,BD4001,Bagerhat,866.0,6217.0,17.74,2025,2,
Potato,2024-25,BD4001,Bagerhat,927.0,7285.0,19.419,2025,1,
Potato,2013-14,BD2003,Bandarban,658.0,2839.0,10.662,2016,1,
Potato,2014-15,BD2003,Bandarban,830.0,3299.0,9.822,2017,2,
Potato,2015-16,BD2003,Bandarban,899.0,3659.0,10.057,2018,2,
Potato,2016-17,BD2003,Bandarban,926.0,3697.0,9.866,2019,2,
Potato,2017-18,BD2003,Bandarban,1357.0,5347.0,9.737,2020,2,
Potato,2018-19,BD2003,Bandarban,1393.0,5772.0,10.239,2021,2,
Potato,2019-20,BD2003,Bandarban,1424.0,5320.0,9.232,2021,1,
Potato,2020-21,BD2003,Bandarban,1516.0,5729.0,9.338,2022,1,
Potato,2021-22,BD2003,Bandarban,1538.0,6160.0,9.897,2023,2,
Potato,2022-23,BD2003,Bandarban,1691.0,6519.0,9.526,2024,2,
Potato,2023-24,BD2003,Bandarban,1340.0,4953.0,9.134,2025,2,
Potato,2024-25,BD2003,Bandarban,1343.0,5085.0,9.356,2025,1,
Potato,2013-14,BD1004,Barguna,2238.0,15284.0,16.876,2016,1,
Potato,2014-15,BD1004,Barguna,2215.0,15681.0,17.494,2017,2,
Potato,2015-16,BD1004,Barguna,2147.0,15761.0,18.14,2018,2,
Potato,2016-17,BD1004,Barguna,1449.0,10558.0,18.005,2019,2,
Potato,2017-18,BD1004,Barguna,677.0,5041.0,18.4,2020,2,
Potato,2018-19,BD1004,Barguna,1930.0,17223.0,22.051,2021,2,
Potato,2019-20,BD1004,Barguna,1273.0,9416.0,18.278,2021,1,
Potato,2020-21,BD1004,Barguna,1544.0,11866.0,18.991,2022,1,
Potato,2021-22,BD1004,Barguna,2095.0,17380.0,20.5,2023,2,
Potato,2022-23,BD1004,Barguna,2249.0,20165.0,22.156,2024,2,
Potato,2023-24,BD1004,Barguna,2291.0,20745.0,22.375,2025,2,
Potato,2024-25,BD1004,Barguna,2213.0,21824.0,24.369,2025,1,
Potato,2013-14,BD1006,Barishal,1164.0,9599.0,20.378,2016,1,
Potato,2014-15,BD1006,Barishal,1381.0,11334.0,20.28,2017,2,
Potato,2015-16,BD1006,Barishal,1661.0,13179.0,19.606,2018,2,
Potato,2016-17,BD1006,Barishal,3948.0,32411.0,20.286,2019,2,
Potato,2017-18,BD1006,Barishal,3805.0,30539.0,19.833,2020,2,
Potato,2018-19,BD1006,Barishal,2862.0,23150.0,19.988,2021,2,
Potato,2019-20,BD1006,Barishal,1339.0,10809.0,19.947,2021,1,
Potato,2020-21,BD1006,Barishal,1530.0,12436.0,20.085,2022,1,
Potato,2021-22,BD1006,Barishal,1674.0,13418.0,19.807,2023,2,
Potato,2022-23,BD1006,Barishal,1674.0,13679.0,20.192,2024,2,
Potato,2023-24,BD1006,Barishal,929.0,9235.0,24.564,2025,2,
Potato,2024-25,BD1006,Barishal,835.0,8249.0,24.412,2025,1,
Potato,2013-14,BD1009,Bhola,12956.0,112803.0,21.515,2016,1,
Potato,2014-15,BD1009,Bhola,14415.0,125038.0,21.434,2017,2,
Potato,2015-16,BD1009,Bhola,14017.0,120664.0,21.272,2018,2,
Potato,2016-17,BD1009,Bhola,20041.0,216434.0,26.686,2019,2,
Potato,2017-18,BD1009,Bhola,18113.0,195369.0,26.653,2020,2,
Potato,2018-19,BD1009,Bhola,12968.0,97266.0,18.534,2021,2,
Potato,2019-20,BD1009,Bhola,15055.0,126032.0,20.686,2021,1,
Potato,2020-21,BD1009,Bhola,14227.0,119387.0,20.736,2022,1,
Potato,2021-22,BD1009,Bhola,133330.0,122174.0,2.264,2023,2,
Potato,2022-23,BD1009,Bhola,12796.0,110860.0,21.408,2024,2,
Potato,2023-24,BD1009,Bhola,12802.0,110444.0,21.318,2025,2,
Potato,2024-25,BD1009,Bhola,12045.0,101495.0,20.822,2025,1,
Potato,2013-14,BD5010,Bogura,141121.0,989555.0,17.327,2016,1,
Potato,2014-15,BD5010,Bogura,141578.0,990012.0,17.279,2017,2,
Potato,2015-16,BD5010,Bogura,146604.0,1095760.0,18.469,2018,2,
Potato,2016-17,BD5010,Bogura,159657.0,1219265.0,18.871,2019,2,
Potato,2017-18,BD5010,Bogura,147333.0,1134920.0,19.035,2020,2,
Potato,2018-19,BD5010,Bogura,145057.0,1184989.0,20.186,2021,2,
Potato,2019-20,BD5010,Bogura,143461.0,1169947.0,20.152,2021,1,
Potato,2020-21,BD5010,Bogura,147264.0,1230501.0,20.647,2022,1,
Potato,2021-22,BD5010,Bogura,145017.0,1177688.0,20.067,2023,2,
Potato,2022-23,BD5010,Bogura,130385.0,1146288.0,21.724,2024,2,
Potato,2023-24,BD5010,Bogura,133044.0,1187023.0,22.047,2025,2,
Potato,2024-25,BD5010,Bogura,139999.0,1178604.0,20.803,2025,1,
Potato,2013-14,BD2012,Brahmanbaria,5265.0,26585.0,12.477,2016,1,
Potato,2014-15,BD2012,Brahmanbaria,5551.0,29155.0,12.978,2017,2,
Potato,2015-16,BD2012,Brahmanbaria,5459.0,28814.0,13.043,2018,2,
Potato,2016-17,BD2012,Brahmanbaria,4410.0,23696.0,13.278,2019,2,
Potato,2017-18,BD2012,Brahmanbaria,4942.0,26106.0,13.053,2020,2,
Potato,2018-19,BD2012,Brahmanbaria,3362.0,17303.0,12.718,2021,2,
Potato,2019-20,BD2012,Brahmanbaria,4192.0,23750.0,14.0,2021,1,
Potato,2020-21,BD2012,Brahmanbaria,3554.0,20016.0,13.917,2022,1,
Potato,2021-22,BD2012,Brahmanbaria,3002.0,21348.0,17.572,2023,2,
Potato,2022-23,BD2012,Brahmanbaria,3444.0,23921.0,17.163,2024,2,
Potato,2023-24,BD2012,Brahmanbaria,3184.0,22586.0,17.529,2025,2,
Potato,2024-25,BD2012,Brahmanbaria,3114.0,26557.0,21.074,2025,1,
Potato,2013-14,BD2013,Chandpur,31434.0,268310.0,21.092,2016,1,
Potato,2014-15,BD2013,Chandpur,32215.0,275878.0,21.161,2017,2,
Potato,2015-16,BD2013,Chandpur,32041.0,292220.0,22.536,2018,2,
Potato,2016-17,BD2013,Chandpur,33987.0,298576.0,21.708,2019,2,
Potato,2017-18,BD2013,Chandpur,25353.0,176333.0,17.186,2020,2,
Potato,2018-19,BD2013,Chandpur,15254.0,117275.0,18.998,2021,2,
Potato,2019-20,BD2013,Chandpur,25501.0,203406.0,19.71,2021,1,
Potato,2020-21,BD2013,Chandpur,24872.0,209978.0,20.861,2022,1,
Potato,2021-22,BD2013,Chandpur,19602.0,164601.0,20.75,2023,2,
Potato,2022-23,BD2013,Chandpur,18005.0,204051.0,28.004,2024,2,
Potato,2023-24,BD2013,Chandpur,18584.0,205021.0,27.261,2025,2,
Potato,2024-25,BD2013,Chandpur,18722.0,191746.0,25.308,2025,1,
Potato,2013-14,BD5070,Chapainababganj,2855.0,21509.0,18.616,2016,1,
Potato,2014-15,BD5070,Chapainababganj,3337.0,25682.0,19.018,2017,2,
Potato,2015-16,BD5070,Chapainababganj,3663.0,27480.0,18.538,2018,2,
Potato,2016-17,BD5070,Chapainababganj,3786.0,28736.0,18.755,2019,2,
Potato,2017-18,BD5070,Chapainababganj,3646.0,27546.0,18.669,2020,2,
Potato,2018-19,BD5070,Chapainababganj,2839.0,19410.0,16.894,2021,2,
Potato,2019-20,BD5070,Chapainababganj,2761.0,19058.0,17.057,2021,1,
Potato,2020-21,BD5070,Chapainababganj,2868.0,19975.0,17.21,2022,1,
Potato,2021-22,BD5070,Chapainababganj,2314.0,16958.0,18.109,2023,2,
Potato,2022-23,BD5070,Chapainababganj,2784.0,21456.0,19.044,2024,2,
Potato,2023-24,BD5070,Chapainababganj,2674.0,19442.0,17.966,2025,2,
Potato,2024-25,BD5070,Chapainababganj,2815.0,21861.0,19.19,2025,1,
Potato,2013-14,BD2015,Chattogram,10467.0,57733.0,13.63,2016,1,
Potato,2014-15,BD2015,Chattogram,9274.0,51170.0,13.634,2017,2,
Potato,2015-16,BD2015,Chattogram,8783.0,46174.0,12.991,2018,2,
Potato,2016-17,BD2015,Chattogram,11327.0,64637.0,14.101,2019,2,
Potato,2017-18,BD2015,Chattogram,11873.0,69192.0,14.4,2020,2,
Potato,2018-19,BD2015,Chattogram,9740.0,50463.0,12.803,2021,2,
Potato,2019-20,BD2015,Chattogram,8784.0,40090.0,11.278,2021,1,
Potato,2020-21,BD2015,Chattogram,8356.0,47804.0,14.137,2022,1,
Potato,2021-22,BD2015,Chattogram,9028.0,53939.0,14.764,2023,2,
Potato,2022-23,BD2015,Chattogram,10168.0,62301.0,15.141,2024,2,
Potato,2023-24,BD2015,Chattogram,9534.0,55377.0,14.353,2025,2,
Potato,2024-25,BD2015,Chattogram,8936.0,58253.0,16.109,2025,1,
Potato,2013-14,BD4018,Chuadanga,3680.0,30551.0,20.514,2016,1,
Potato,2014-15,BD4018,Chuadanga,3832.0,31962.0,20.611,2017,2,
Potato,2015-16,BD4018,Chuadanga,3964.0,33803.0,21.072,2018,2,
Potato,2016-17,BD4018,Chuadanga,4606.0,40510.0,21.733,2019,2,
Potato,2017-18,BD4018,Chuadanga,3553.0,31230.0,21.72,2020,2,
Potato,2018-19,BD4018,Chuadanga,6177.0,53857.0,21.545,2021,2,
Potato,2019-20,BD4018,Chuadanga,5398.0,47361.0,21.681,2021,1,
Potato,2020-21,BD4018,Chuadanga,7061.0,61736.0,21.605,2022,1,
Potato,2021-22,BD4018,Chuadanga,6419.0,50645.0,19.496,2023,2,
Potato,2022-23,BD4018,Chuadanga,5318.0,44849.0,20.839,2024,2,
Potato,2023-24,BD4018,Chuadanga,4316.0,38206.0,21.874,2025,2,
Potato,2024-25,BD4018,Chuadanga,4984.0,45675.0,22.646,2025,1,
Potato,2013-14,BD2022,Cox's Bazar,1144.0,4467.0,9.649,2016,1,
Potato,2014-15,BD2022,Cox's Bazar,2131.0,8041.0,9.324,2017,2,
Potato,2015-16,BD2022,Cox's Bazar,2198.0,9004.0,10.123,2018,2,
Potato,2016-17,BD2022,Cox's Bazar,2205.0,9009.0,10.096,2018,1,
Potato,2018-19,BD2022,Cox's Bazar,4239.0,19038.0,11.098,2021,1,
Potato,2019-20,BD2022,Cox's Bazar,4629.0,23235.0,12.403,2021,1,
Potato,2020-21,BD2022,Cox's Bazar,3897.0,16085.0,10.199,2022,1,
Potato,2021-22,BD2022,Cox's Bazar,3946.0,25679.0,16.081,2023,2,
Potato,2022-23,BD2022,Cox's Bazar,3912.0,27804.0,17.563,2024,2,
Potato,2023-24,BD2022,Cox's Bazar,3843.0,25129.0,16.158,2025,2,
Potato,2024-25,BD2022,Cox's Bazar,3913.0,26609.0,16.804,2025,1,
Potato,2013-14,BD2019,Cumilla,35091.0,282194.0,19.872,2016,1,
Potato,2014-15,BD2019,Cumilla,35946.0,288098.0,19.805,2017,2,
Potato,2015-16,BD2019,Cumilla,35861.0,286142.0,19.717,2018,2,
Potato,2016-17,BD2019,Cumilla,32753.0,244940.0,18.48,2019,2,
Potato,2017-18,BD2019,Cumilla,28750.0,214160.0,18.407,2020,2,
Potato,2018-19,BD2019,Cumilla,26820.0,218252.0,20.109,2021,2,
Potato,2019-20,BD2019,Cumilla,26390.0,186208.0,17.436,2021,1,
Potato,2020-21,BD2019,Cumilla,25449.0,172598.0,16.759,2022,1,
Potato,2021-22,BD2019,Cumilla,25173.0,160510.0,15.756,2023,2,
Potato,2022-23,BD2019,Cumilla,23737.0,191371.0,19.922,2024,2,
Potato,2023-24,BD2019,Cumilla,23768.0,245154.0,25.488,2025,2,
Potato,2024-25,BD2019,Cumilla,24463.0,256012.0,25.86,2025,1,
Potato,2013-14,BD3026,Dhaka,5223.0,41101.0,19.445,2016,1,
Potato,2014-15,BD3026,Dhaka,6537.0,51989.0,19.652,2017,2,
Potato,2015-16,BD3026,Dhaka,5739.0,47167.0,20.309,2018,2,
Potato,2016-17,BD3026,Dhaka,4942.0,41497.0,20.749,2019,2,
Potato,2017-18,BD3026,Dhaka,4710.0,40980.0,21.5,2020,2,
Potato,2018-19,BD3026,Dhaka,4713.0,46423.0,24.34,2021,2,
Potato,2019-20,BD3026,Dhaka,3998.0,33871.0,20.935,2021,1,
Potato,2020-21,BD3026,Dhaka,3229.0,27425.0,20.987,2022,1,
Potato,2021-22,BD3026,Dhaka,2109.0,15682.0,18.374,2023,2,
Potato,2022-23,BD3026,Dhaka,2275.0,20737.0,22.524,2024,2,
Potato,2023-24,BD3026,Dhaka,2163.0,17556.0,20.056,2025,2,
Potato,2024-25,BD3026,Dhaka,2049.0,16989.0,20.488,2025,1,
Potato,2013-14,BD5527,Dinajpur,106291.0,757983.0,17.622,2016,1,
Potato,2014-15,BD5527,Dinajpur,109336.0,841979.0,19.029,2017,2,
Potato,2015-16,BD5527,Dinajpur,109415.0,841040.0,18.994,2018,2,
Potato,2016-17,BD5527,Dinajpur,120740.0,974066.0,19.935,2019,2,
Potato,2017-18,BD5527,Dinajpur,121445.0,979600.0,19.932,2020,2,
Potato,2018-19,BD5527,Dinajpur,119517.0,955699.0,19.759,2021,2,
Potato,2019-20,BD5527,Dinajpur,115732.0,939764.0,20.065,2021,1,
Potato,2020-21,BD5527,Dinajpur,108921.0,838837.0,19.03,2022,1,
Potato,2021-22,BD5527,Dinajpur,114148.0,943028.0,20.414,2023,2,
Potato,2022-23,BD5527,Dinajpur,114711.0,1128832.0,24.317,2024,2,
Potato,2023-24,BD5527,Dinajpur,115990.0,1140675.0,24.301,2025,2,
Potato,2024-25,BD5527,Dinajpur,132351.0,1308808.0,24.436,2025,1,
Potato,2013-14,BD3029,Faridpur,2141.0,9936.0,11.468,2016,1,
Potato,2014-15,BD3029,Faridpur,711.0,5287.0,18.375,2017,2,
Potato,2015-16,BD3029,Faridpur,580.0,5492.0,23.398,2018,2,
Potato,2016-17,BD3029,Faridpur,640.0,6127.0,23.656,2019,2,
Potato,2017-18,BD3029,Faridpur,736.0,6909.0,23.196,2020,2,
Potato,2018-19,BD3029,Faridpur,665.0,6364.0,23.648,2021,2,
Potato,2019-20,BD3029,Faridpur,857.0,8444.0,24.347,2021,1,
Potato,2020-21,BD3029,Faridpur,883.0,8282.0,23.177,2022,1,
Potato,2021-22,BD3029,Faridpur,532.0,4992.0,23.187,2023,2,
Potato,2022-23,BD3029,Faridpur,249.0,2555.0,25.356,2024,2,
Potato,2023-24,BD3029,Faridpur,231.0,1619.0,17.319,2025,2,
Potato,2024-25,BD3029,Faridpur,230.0,2428.0,26.086,2025,1,
Potato,2013-14,BD2030,Feni,525.0,2626.0,12.36,2016,1,
Potato,2014-15,BD2030,Feni,493.0,2526.0,12.661,2017,2,
Potato,2015-16,BD2030,Feni,480.0,2432.0,12.52,2018,2,
Potato,2016-17,BD2030,Feni,592.0,3023.0,12.618,2019,2,
Potato,2017-18,BD2030,Feni,634.0,3444.0,13.423,2020,2,
Potato,2018-19,BD2030,Feni,697.0,4280.0,15.174,2021,2,
Potato,2019-20,BD2030,Feni,704.0,4705.0,16.515,2021,1,
Potato,2020-21,BD2030,Feni,731.0,5139.0,17.372,2022,1,
Potato,2021-22,BD2030,Feni,726.0,4436.0,15.099,2023,2,
Potato,2022-23,BD2030,Feni,726.0,4786.0,16.29,2024,2,
Potato,2023-24,BD2030,Feni,858.0,6253.0,18.009,2025,2,
Potato,2024-25,BD2030,Feni,859.0,6117.0,17.597,2025,1,
Potato,2013-14,BD5532,Gaibandha,22112.0,138478.0,15.475,2016,1,
Potato,2014-15,BD5532,Gaibandha,23438.0,153908.0,16.226,2017,2,
Potato,2015-16,BD5532,Gaibandha,23640.0,155849.0,16.291,2018,2,
Potato,2016-17,BD5532,Gaibandha,21938.0,140572.0,15.834,2019,2,
Potato,2017-18,BD5532,Gaibandha,16992.0,114125.0,16.597,2020,2,
Potato,2018-19,BD5532,Gaibandha,20534.0,140338.0,16.888,2021,2,
Potato,2019-20,BD5532,Gaibandha,21622.0,157977.0,18.054,2021,1,
Potato,2020-21,BD5532,Gaibandha,21847.0,160690.0,18.175,2022,1,
Potato,2021-22,BD5532,Gaibandha,22860.0,191193.0,20.667,2023,2,
Potato,2022-23,BD5532,Gaibandha,23106.0,211330.0,22.601,2024,2,
Potato,2023-24,BD5532,Gaibandha,26083.0,243325.0,23.052,2025,2,
Potato,2024-25,BD5532,Gaibandha,35052.0,367101.0,25.879,2025,1,
Potato,2013-14,BD3033,Gazipur,675.0,3358.0,12.293,2016,1,
Potato,2014-15,BD3033,Gazipur,679.0,3335.0,12.137,2017,2,
Potato,2015-16,BD3033,Gazipur,679.0,3646.0,13.269,2018,2,
Potato,2016-17,BD3033,Gazipur,669.0,3749.0,13.847,2019,2,
Potato,2017-18,BD3033,Gazipur,340.0,1790.0,13.009,2020,2,
Potato,2018-19,BD3033,Gazipur,357.0,2062.0,14.273,2021,2,
Potato,2019-20,BD3033,Gazipur,170.0,818.0,11.89,2021,1,
Potato,2020-21,BD3033,Gazipur,631.0,3825.0,14.979,2022,1,
Potato,2021-22,BD3033,Gazipur,487.0,3667.0,18.606,2023,2,
Potato,2022-23,BD3033,Gazipur,553.0,4663.0,20.836,2024,2,
Potato,2023-24,BD3033,Gazipur,503.0,2719.0,13.357,2025,2,
Potato,2024-25,BD3033,Gazipur,509.0,2986.0,14.496,2025,1,
Potato,2013-14,BD3035,Gopalganj,420.0,3262.0,19.192,2016,1,
Potato,2014-15,BD3035,Gopalganj,480.0,3715.0,19.125,2017,2,
Potato,2015-16,BD3035,Gopalganj,505.0,4503.0,22.034,2018,2,
Potato,2016-17,BD3035,Gopalganj,505.0,4574.0,22.381,2019,2,
Potato,2017-18,BD3035,Gopalganj,751.0,6780.0,22.309,2020,2,
Potato,2018-19,BD3035,Gopalganj,847.0,8128.0,23.713,2021,2,
Potato,2019-20,BD3035,Gopalganj,675.0,6688.0,24.484,2021,1,
Potato,2020-21,BD3035,Gopalganj,748.0,7516.0,24.829,2022,1,
Potato,2021-22,BD3035,Gopalganj,681.0,7531.0,27.327,2023,2,
Potato,2022-23,BD3035,Gopalganj,547.0,6344.0,28.659,2024,2,
Potato,2023-24,BD3035,Gopalganj,521.0,5554.0,26.342,2025,2,
Potato,2024-25,BD3035,Gopalganj,520.0,5667.0,26.93,2025,1,
Potato,2013-14,BD6036,Habiganj,4305.0,17009.0,9.763,2016,1,
Potato,2014-15,BD6036,Habiganj,4996.0,21295.0,10.533,2017,2,
Potato,2015-16,BD6036,Habiganj,4553.0,20322.0,11.029,2018,2,
Potato,2016-17,BD6036,Habiganj,4841.0,21739.0,11.097,2019,2,
Potato,2017-18,BD6036,Habiganj,4649.0,22437.0,11.926,2020,2,
Potato,2018-19,BD6036,Habiganj,4187.0,22579.0,13.326,2021,2,
Potato,2019-20,BD6036,Habiganj,3813.0,21353.0,13.838,2021,1,
Potato,2020-21,BD6036,Habiganj,3951.0,22044.0,13.787,2022,1,
Potato,2021-22,BD6036,Habiganj,4104.0,17444.0,10.503,2023,2,
Potato,2022-23,BD6036,Habiganj,4806.0,27926.0,14.358,2024,2,
Potato,2023-24,BD6036,Habiganj,4356.0,25574.0,14.508,2025,2,
Potato,2024-25,BD6036,Habiganj,4395.0,27416.0,15.414,2025,1,
Potato,2013-14,BD4539,Jamalpur,11123.0,76822.0,17.067,2016,1,
Potato,2014-15,BD4539,Jamalpur,11132.0,79663.0,17.683,2017,2,
Potato,2015-16,BD4539,Jamalpur,11030.0,77998.0,17.474,2018,2,
Potato,2016-17,BD4539,Jamalpur,12487.0,88908.0,17.594,2019,2,
Potato,2017-18,BD4539,Jamalpur,12138.0,89217.0,18.163,2020,2,
Potato,2018-19,BD4539,Jamalpur,12181.0,90766.0,18.413,2021,2,
Potato,2019-20,BD4539,Jamalpur,13631.0,102213.0,18.529,2021,1,
Potato,2020-21,BD4539,Jamalpur,11896.0,91215.0,18.947,2022,1,
Potato,2021-22,BD4539,Jamalpur,12047.0,109285.0,22.416,2023,2,
Potato,2022-23,BD4539,Jamalpur,11865.0,101298.0,21.097,2024,2,
Potato,2023-24,BD4539,Jamalpur,11186.0,104277.0,23.035,2025,2,
Potato,2024-25,BD4539,Jamalpur,12489.0,102131.0,20.207,2025,1,
Potato,2013-14,BD4041,Jashore,6661.0,60874.0,22.583,2016,1,
Potato,2014-15,BD4041,Jashore,7822.0,72745.0,22.981,2017,2,
Potato,2015-16,BD4041,Jashore,7785.0,72024.0,22.861,2018,2,
Potato,2016-17,BD4041,Jashore,7762.0,73332.0,23.345,2019,2,
Potato,2017-18,BD4041,Jashore,8701.0,83615.0,23.746,2020,2,
Potato,2018-19,BD4041,Jashore,6931.0,58366.0,20.809,2021,2,
Potato,2019-20,BD4041,Jashore,5933.0,52397.0,21.823,2021,1,
Potato,2020-21,BD4041,Jashore,4893.0,46404.0,23.435,2022,1,
Potato,2021-22,BD4041,Jashore,3941.0,35940.0,22.535,2023,2,
Potato,2022-23,BD4041,Jashore,3461.0,32989.0,23.553,2024,2,
Potato,2023-24,BD4041,Jashore,3133.0,30467.0,24.03,2025,2,
Potato,2024-25,BD4041,Jashore,3285.0,31715.0,23.857,2025,1,
Potato,2013-14,BD1042,Jhalokati,465.0,2874.0,15.273,2016,1,
Potato,2014-15,BD1042,Jhalokati,554.0,3374.0,15.049,2017,2,
Potato,2015-16,BD1042,Jhalokati,627.0,4012.0,15.812,2018,2,
Potato,2016-17,BD1042,Jhalokati,688.0,4490.0,16.126,2019,2,
Potato,2017-18,BD1042,Jhalokati,1052.0,8443.0,19.832,2020,2,
Potato,2018-19,BD1042,Jhalokati,835.0,6298.0,18.638,2021,2,
Potato,2019-20,BD1042,Jhalokati,855.0,6430.0,18.583,2021,1,
Potato,2020-21,BD1042,Jhalokati,1023.0,7761.0,18.747,2022,1,
Potato,2021-22,BD1042,Jhalokati,1081.0,6669.0,15.245,2023,2,
Potato,2022-23,BD1042,Jhalokati,1041.0,7390.0,17.542,2024,2,
Potato,2023-24,BD1042,Jhalokati,971.0,6716.0,17.091,2025,2,
Potato,2024-25,BD1042,Jhalokati,972.0,7489.0,19.039,2025,1,
Potato,2013-14,BD4044,Jhenaidah,3822.0,31508.0,20.371,2016,1,
Potato,2014-15,BD4044,Jhenaidah,4210.0,34453.0,20.222,2017,2,
Potato,2015-16,BD4044,Jhenaidah,4010.0,32882.0,20.263,2018,2,
Potato,2016-17,BD4044,Jhenaidah,4162.0,34901.0,20.721,2019,2,
Potato,2017-18,BD4044,Jhenaidah,3899.0,32725.0,20.74,2020,2,
Potato,2018-19,BD4044,Jhenaidah,4100.0,33274.0,20.054,2021,2,
Potato,2019-20,BD4044,Jhenaidah,4203.0,37408.0,21.993,2021,1,
Potato,2020-21,BD4044,Jhenaidah,4358.0,38374.0,21.759,2022,1,
Potato,2021-22,BD4044,Jhenaidah,3794.0,34021.0,22.158,2023,2,
Potato,2022-23,BD4044,Jhenaidah,3559.0,34486.0,23.944,2024,2,
Potato,2023-24,BD4044,Jhenaidah,3269.0,31780.0,24.023,2025,2,
Potato,2024-25,BD4044,Jhenaidah,3192.0,31334.0,24.257,2025,1,
Potato,2013-14,BD5038,Joypurhat,83400.0,692798.0,20.527,2016,1,
Potato,2014-15,BD5038,Joypurhat,82560.0,704203.0,21.077,2017,2,
Potato,2015-16,BD5038,Joypurhat,84627.0,740204.0,21.613,2018,2,
Potato,2016-17,BD5038,Joypurhat,86683.0,677761.0,19.321,2019,2,
Potato,2017-18,BD5038,Joypurhat,94565.0,748632.0,19.562,2020,2,
Potato,2018-19,BD5038,Joypurhat,94669.0,929055.0,24.25,2021,2,
Potato,2019-20,BD5038,Joypurhat,94421.0,930380.0,24.349,2021,1,
Potato,2020-21,BD5038,Joypurhat,97370.0,953109.0,24.188,2022,1,
Potato,2021-22,BD5038,Joypurhat,98642.0,995733.0,24.944,2023,2,
Potato,2022-23,BD5038,Joypurhat,98768.0,1067560.0,26.709,2024,2,
Potato,2023-24,BD5038,Joypurhat,95673.0,993026.0,25.648,2025,2,
Potato,2024-25,BD5038,Joypurhat,105893.0,1111364.0,25.934,2025,1,
Potato,2013-14,BD2046,Khagrachhari,1214.0,4766.0,9.701,2016,1,
Potato,2014-15,BD2046,Khagrachhari,1273.0,4915.0,9.541,2017,2,
Potato,2015-16,BD2046,Khagrachhari,1226.0,4950.0,9.977,2018,2,
Potato,2016-17,BD2046,Khagrachhari,364.0,2005.0,13.611,2019,2,
Potato,2017-18,BD2046,Khagrachhari,1397.0,5953.0,10.53,2020,2,
Potato,2018-19,BD2046,Khagrachhari,1366.0,5905.0,10.682,2021,2,
Potato,2019-20,BD2046,Khagrachhari,1352.0,6258.0,11.438,2021,1,
Potato,2020-21,BD2046,Khagrachhari,1518.0,7000.0,11.395,2022,1,
Potato,2021-22,BD2046,Khagrachhari,1572.0,7800.0,12.261,2023,2,
Potato,2022-23,BD2046,Khagrachhari,1620.0,7525.0,11.478,2024,2,
Potato,2023-24,BD2046,Khagrachhari,1706.0,9899.0,14.338,2025,2,
Potato,2024-25,BD2046,Khagrachhari,1714.0,9071.0,13.078,2025,1,
Potato,2013-14,BD4047,Khulna,1190.0,6208.0,12.891,2016,1,
Potato,2014-15,BD4047,Khulna,1620.0,8512.0,12.984,2017,2,
Potato,2015-16,BD4047,Khulna,1529.0,8530.0,13.786,2018,2,
Potato,2016-17,BD4047,Khulna,1563.0,9054.0,14.314,2019,2,
Potato,2017-18,BD4047,Khulna,1169.0,7230.0,15.283,2020,2,
Potato,2018-19,BD4047,Khulna,1195.0,7538.0,15.587,2021,2,
Potato,2019-20,BD4047,Khulna,1314.0,9037.0,16.995,2021,1,
Potato,2020-21,BD4047,Khulna,1407.0,10616.0,18.644,2022,1,
Potato,2021-22,BD4047,Khulna,1500.0,11796.0,19.432,2023,2,
Potato,2022-23,BD4047,Khulna,1481.0,11858.0,19.785,2024,2,
Potato,2023-24,BD4047,Khulna,1413.0,10903.0,19.067,2025,2,
Potato,2024-25,BD4047,Khulna,1385.0,10796.0,19.262,2025,1,
Potato,2013-14,BD3048,Kishoreganj,9616.0,50551.0,12.99,2016,1,
Potato,2014-15,BD3048,Kishoreganj,10223.0,52907.0,12.788,2017,2,
Potato,2015-16,BD3048,Kishoreganj,10116.0,52557.0,12.838,2018,2,
Potato,2016-17,BD3048,Kishoreganj,10402.0,54754.0,13.007,2019,2,
Potato,2017-18,BD3048,Kishoreganj,13454.0,71488.0,13.13,2020,2,
Potato,2018-19,BD3048,Kishoreganj,13278.0,75591.0,14.068,2021,2,
Potato,2019-20,BD3048,Kishoreganj,14293.0,78021.0,13.489,2021,1,
Potato,2020-21,BD3048,Kishoreganj,13250.0,94767.0,17.674,2022,1,
Potato,2021-22,BD3048,Kishoreganj,14089.0,103902.0,18.223,2023,2,
Potato,2022-23,BD3048,Kishoreganj,14008.0,115373.0,20.352,2024,2,
Potato,2023-24,BD3048,Kishoreganj,13466.0,113706.0,20.865,2025,2,
Potato,2024-25,BD3048,Kishoreganj,13847.0,108659.0,19.391,2025,1,
Potato,2013-14,BD5549,Kurigram,16557.0,135642.0,20.244,2016,1,
Potato,2014-15,BD5549,Kurigram,18128.0,149593.0,20.391,2017,2,
Potato,2015-16,BD5549,Kurigram,18531.0,153170.0,20.425,2018,2,
Potato,2016-17,BD5549,Kurigram,17447.0,141745.0,20.076,2019,2,
Potato,2017-18,BD5549,Kurigram,16295.0,138370.0,20.983,2020,2,
Potato,2018-19,BD5549,Kurigram,13330.0,140342.0,26.016,2021,2,
Potato,2019-20,BD5549,Kurigram,13036.0,137102.0,25.989,2021,1,
Potato,2020-21,BD5549,Kurigram,28838.0,297411.0,25.484,2022,1,
Potato,2021-22,BD5549,Kurigram,22440.0,235605.0,25.944,2023,2,
Potato,2022-23,BD5549,Kurigram,18395.0,181914.0,24.437,2024,2,
Potato,2023-24,BD5549,Kurigram,17442.0,169662.0,24.036,2025,2,
Potato,2024-25,BD5549,Kurigram,16051.0,159302.0,24.525,2025,1,
Potato,2013-14,BD4050,Kushtia,4467.0,38801.0,21.464,2016,1,
Potato,2014-15,BD4050,Kushtia,5235.0,45091.0,21.284,2017,2,
Potato,2015-16,BD4050,Kushtia,4958.0,42707.0,21.285,2018,2,
Potato,2016-17,BD4050,Kushtia,5504.0,48593.0,21.816,2019,2,
Potato,2017-18,BD4050,Kushtia,6007.0,52946.0,21.78,2020,2,
Potato,2018-19,BD4050,Kushtia,5542.0,48624.0,21.68,2021,2,
Potato,2019-20,BD4050,Kushtia,6286.0,54157.0,21.289,2021,1,
Potato,2020-21,BD4050,Kushtia,5123.0,43516.0,20.99,2022,1,
Potato,2021-22,BD4050,Kushtia,4120.0,35934.0,21.552,2023,2,
Potato,2022-23,BD4050,Kushtia,3833.0,33687.0,21.717,2024,2,
Potato,2023-24,BD4050,Kushtia,2854.0,23950.0,20.736,2025,2,
Potato,2024-25,BD4050,Kushtia,2585.0,21685.0,20.729,2025,1,
Potato,2013-14,BD2051,Lakshmipur,247.0,1039.0,10.394,2016,1,
Potato,2014-15,BD2051,Lakshmipur,884.0,3876.0,10.835,2017,2,
Potato,2015-16,BD2051,Lakshmipur,821.0,3699.0,11.133,2018,2,
Potato,2016-17,BD2051,Lakshmipur,707.0,3191.0,11.153,2019,2,
Potato,2017-18,BD2051,Lakshmipur,650.0,3522.0,13.389,2020,2,
Potato,2018-19,BD2051,Lakshmipur,700.0,4293.0,15.155,2021,2,
Potato,2019-20,BD2051,Lakshmipur,609.0,4094.0,16.612,2021,1,
Potato,2020-21,BD2051,Lakshmipur,471.0,3763.0,19.742,2022,1,
Potato,2021-22,BD2051,Lakshmipur,235.0,1812.0,19.053,2023,2,
Potato,2022-23,BD2051,Lakshmipur,256.0,1874.0,18.089,2024,2,
Potato,2023-24,BD2051,Lakshmipur,208.0,1368.0,16.252,2025,2,
Potato,2024-25,BD2051,Lakshmipur,233.0,1652.0,17.52,2025,1,
Potato,2013-14,BD5552,Lalmonirhat,9522.0,60018.0,15.575,2016,1,
Potato,2014-15,BD5552,Lalmonirhat,11030.0,72682.0,16.283,2017,2,
Potato,2015-16,BD5552,Lalmonirhat,10556.0,68856.0,16.118,2018,2,
Potato,2016-17,BD5552,Lalmonirhat,13080.0,96992.0,18.324,2019,2,
Potato,2017-18,BD5552,Lalmonirhat,11688.0,91184.0,19.278,2020,2,
Potato,2018-19,BD5552,Lalmonirhat,11573.0,89216.0,19.049,2021,2,
Potato,2019-20,BD5552,Lalmonirhat,11947.0,91785.0,18.984,2021,1,
Potato,2020-21,BD5552,Lalmonirhat,11942.0,90497.0,18.726,2022,1,
Potato,2021-22,BD5552,Lalmonirhat,12082.0,108761.0,22.244,2023,2,
Potato,2022-23,BD5552,Lalmonirhat,14252.0,133835.0,23.205,2024,2,
Potato,2023-24,BD5552,Lalmonirhat,14984.0,142267.0,23.462,2025,2,
Potato,2024-25,BD5552,Lalmonirhat,17536.0,168781.0,23.783,2025,1,
Potato,2013-14,BD3054,Madaripur,1465.0,10433.0,17.598,2016,1,
Potato,2014-15,BD3054,Madaripur,1578.0,11368.0,17.802,2017,2,
Potato,2015-16,BD3054,Madaripur,1318.0,9987.0,18.724,2018,2,
Potato,2016-17,BD3054,Madaripur,1857.0,14211.0,18.91,2019,2,
Potato,2017-18,BD3054,Madaripur,1265.0,9929.0,19.395,2020,2,
Potato,2018-19,BD3054,Madaripur,1515.0,16213.0,26.444,2021,2,
Potato,2019-20,BD3054,Madaripur,1880.0,22459.0,29.52,2021,1,
Potato,2020-21,BD3054,Madaripur,1680.0,19014.0,27.967,2022,1,
Potato,2021-22,BD3054,Madaripur,830.0,8338.0,24.824,2023,2,
Potato,2022-23,BD3054,Madaripur,780.0,7992.0,25.319,2024,2,
Potato,2023-24,BD3054,Madaripur,700.0,7100.0,25.064,2025,2,
Potato,2024-25,BD3054,Madaripur,676.0,6875.0,25.131,2025,1,
Potato,2013-14,BD4055,Magura,171.0,1064.0,15.375,2016,1,
Potato,2014-15,BD4055,Magura,212.0,1310.0,15.269,2017,2,
Potato,2015-16,BD4055,Magura,180.0,1078.0,14.799,2018,2,
Potato,2016-17,BD4055,Magura,85.0,517.0,15.03,2019,2,
Potato,2017-18,BD4055,Magura,72.0,452.0,15.513,2020,2,
Potato,2018-19,BD4055,Magura,64.0,390.0,15.058,2021,2,
Potato,2019-20,BD4055,Magura,68.0,440.0,15.989,2021,1,
Potato,2020-21,BD4055,Magura,75.0,403.0,13.278,2022,1,
Potato,2021-22,BD4055,Magura,101.0,1042.0,25.493,2023,2,
Potato,2022-23,BD4055,Magura,122.0,1672.0,33.866,2024,2,
Potato,2023-24,BD4055,Magura,123.0,1377.0,27.664,2025,2,
Potato,2024-25,BD4055,Magura,121.0,1369.0,27.958,2025,1,
Potato,2013-14,BD3056,Manikganj,5187.0,43861.0,20.895,2016,1,
Potato,2014-15,BD3056,Manikganj,5460.0,45605.0,20.64,2017,2,
Potato,2015-16,BD3056,Manikganj,5776.0,47547.0,20.341,2018,2,
Potato,2016-17,BD3056,Manikganj,5511.0,44940.0,20.15,2019,2,
Potato,2017-18,BD3056,Manikganj,3788.0,30846.0,20.122,2020,2,
Potato,2018-19,BD3056,Manikganj,4372.0,34449.0,19.471,2021,2,
Potato,2019-20,BD3056,Manikganj,4617.0,39185.0,20.972,2021,1,
Potato,2020-21,BD3056,Manikganj,3903.0,29442.0,18.64,2022,1,
Potato,2021-22,BD3056,Manikganj,3817.0,31110.0,20.14,2023,2,
Potato,2022-23,BD3056,Manikganj,4280.0,34627.0,19.992,2024,2,
Potato,2023-24,BD3056,Manikganj,3936.0,31544.0,19.804,2025,2,
Potato,2024-25,BD3056,Manikganj,4250.0,35986.0,20.923,2025,1,
Potato,2013-14,BD4057,Meherpur,3289.0,31120.0,23.381,2016,1,
Potato,2014-15,BD4057,Meherpur,3328.0,31624.0,23.481,2017,2,
Potato,2015-16,BD4057,Meherpur,3155.0,29901.0,23.419,2018,2,
Potato,2016-17,BD4057,Meherpur,3480.0,32687.0,23.21,2019,2,
Potato,2017-18,BD4057,Meherpur,3203.0,29536.0,22.786,2020,2,
Potato,2018-19,BD4057,Meherpur,2977.0,27626.0,22.931,2021,2,
Potato,2019-20,BD4057,Meherpur,3056.0,28871.0,23.345,2021,1,
Potato,2020-21,BD4057,Meherpur,3221.0,31299.0,24.012,2022,1,
Potato,2021-22,BD4057,Meherpur,2964.0,28196.0,23.507,2023,2,
Potato,2022-23,BD4057,Meherpur,2677.0,25144.0,23.21,2024,2,
Potato,2023-24,BD4057,Meherpur,2361.0,21661.0,22.671,2025,2,
Potato,2024-25,BD4057,Meherpur,2400.0,22519.0,23.186,2025,1,
Potato,2013-14,BD6058,Moulvibazar,3150.0,14847.0,11.647,2016,1,
Potato,2014-15,BD6058,Moulvibazar,3167.0,14587.0,11.382,2017,2,
Potato,2015-16,BD6058,Moulvibazar,3789.0,17472.0,11.395,2018,2,
Potato,2016-17,BD6058,Moulvibazar,5033.0,23426.0,11.501,2019,2,
Potato,2017-18,BD6058,Moulvibazar,4953.0,23831.0,11.889,2020,2,
Potato,2018-19,BD6058,Moulvibazar,4913.0,23315.0,11.727,2021,2,
Potato,2019-20,BD6058,Moulvibazar,4806.0,21979.0,11.301,2021,1,
Potato,2020-21,BD6058,Moulvibazar,5135.0,24020.0,11.559,2022,1,
Potato,2021-22,BD6058,Moulvibazar,5261.0,32119.0,15.086,2023,2,
Potato,2022-23,BD6058,Moulvibazar,5455.0,33043.0,14.968,2024,2,
Potato,2023-24,BD6058,Moulvibazar,5116.0,30328.0,14.649,2025,2,
Potato,2024-25,BD6058,Moulvibazar,5697.0,40182.0,17.429,2025,1,
Potato,2013-14,BD3059,Munshiganj,90773.0,1203666.0,32.767,2016,1,
Potato,2014-15,BD3059,Munshiganj,92365.0,1223810.0,32.741,2017,2,
Potato,2015-16,BD3059,Munshiganj,94409.0,1242329.0,32.517,2018,2,
Potato,2016-17,BD3059,Munshiganj,93041.0,1231517.0,32.708,2019,2,
Potato,2017-18,BD3059,Munshiganj,89748.0,1184479.0,32.613,2020,2,
Potato,2018-19,BD3059,Munshiganj,81938.0,1089112.0,32.845,2021,2,
Potato,2019-20,BD3059,Munshiganj,88802.0,1146437.0,31.901,2021,1,
Potato,2020-21,BD3059,Munshiganj,88589.0,1140215.0,31.805,2022,1,
Potato,2021-22,BD3059,Munshiganj,85528.0,1111577.0,32.115,2023,2,
Potato,2022-23,BD3059,Munshiganj,83801.0,1000451.0,29.5,2024,2,
Potato,2023-24,BD3059,Munshiganj,84518.0,964023.0,28.185,2025,2,
Potato,2024-25,BD3059,Munshiganj,85474.0,1015095.0,29.346,2025,1,
Potato,2013-14,BD4561,Mymensingh,10876.0,41773.0,9.491,2016,1,
Potato,2014-15,BD4561,Mymensingh,11294.0,43888.0,9.602,2017,2,
Potato,2015-16,BD4561,Mymensingh,10393.0,41555.0,9.88,2018,2,
Potato,2016-17,BD4561,Mymensingh,10044.0,40865.0,10.054,2019,2,
Potato,2017-18,BD4561,Mymensingh,9746.0,39402.0,9.99,2020,2,
Potato,2018-19,BD4561,Mymensingh,9203.0,36866.0,9.899,2021,2,
Potato,2019-20,BD4561,Mymensingh,9686.0,39845.0,10.165,2021,1,
Potato,2020-21,BD4561,Mymensingh,9893.0,41217.0,10.295,2022,1,
Potato,2021-22,BD4561,Mymensingh,10098.0,42161.0,10.317,2023,2,
Potato,2022-23,BD4561,Mymensingh,9826.0,41027.0,10.318,2024,2,
Potato,2023-24,BD4561,Mymensingh,9741.0,48582.0,12.324,2025,2,
Potato,2024-25,BD4561,Mymensingh,9802.0,52229.0,13.167,2025,1,
Potato,2013-14,BD5064,Naogaon,51440.0,341689.0,16.414,2016,1,
Potato,2014-15,BD5064,Naogaon,49033.0,328686.0,16.564,2017,2,
Potato,2015-16,BD5064,Naogaon,52778.0,344883.0,16.147,2018,2,
Potato,2016-17,BD5064,Naogaon,63799.0,430207.0,16.663,2019,2,
Potato,2017-18,BD5064,Naogaon,55697.0,373450.0,16.568,2020,2,
Potato,2018-19,BD5064,Naogaon,53122.0,365669.0,17.01,2021,2,
Potato,2019-20,BD5064,Naogaon,52294.0,340861.0,16.107,2021,1,
Potato,2020-21,BD5064,Naogaon,53068.0,343093.0,15.976,2022,1,
Potato,2021-22,BD5064,Naogaon,53631.0,369599.0,17.029,2023,2,
Potato,2022-23,BD5064,Naogaon,46306.0,342389.0,18.271,2024,2,
Potato,2023-24,BD5064,Naogaon,50533.0,377187.0,18.444,2025,2,
Potato,2024-25,BD5064,Naogaon,63795.0,510607.0,19.778,2025,1,
Potato,2013-14,BD4065,Narail,99.0,534.0,13.329,2016,1,
Potato,2014-15,BD4065,Narail,102.0,587.0,14.221,2017,2,
Potato,2015-16,BD4065,Narail,54.0,302.0,13.82,2018,2,
Potato,2016-17,BD4065,Narail,63.0,341.0,13.375,2019,2,
Potato,2017-18,BD4065,Narail,79.0,467.0,14.607,2020,2,
Potato,2018-19,BD4065,Narail,61.0,483.0,19.566,2021,2,
Potato,2019-20,BD4065,Narail,125.0,1048.0,20.717,2021,1,
Potato,2020-21,BD4065,Narail,129.0,941.0,18.025,2022,1,
Potato,2021-22,BD4065,Narail,118.0,746.0,15.622,2023,2,
Potato,2022-23,BD4065,Narail,119.0,687.0,14.266,2024,2,
Potato,2023-24,BD4065,Narail,130.0,685.0,13.021,2025,2,
Potato,2024-25,BD4065,Narail,132.0,689.0,12.898,2025,1,
Potato,2013-14,BD3067,Narayanganj,7016.0,65444.0,23.05,2016,1,
Potato,2014-15,BD3067,Narayanganj,6661.0,62389.0,23.145,2017,2,
Potato,2015-16,BD3067,Narayanganj,6476.0,64900.0,24.764,2018,2,
Potato,2016-17,BD3067,Narayanganj,6082.0,70288.0,28.557,2019,2,
Potato,2017-18,BD3067,Narayanganj,7440.0,84862.0,28.185,2020,2,
Potato,2018-19,BD3067,Narayanganj,7335.0,76487.0,25.767,2021,2,
Potato,2019-20,BD3067,Narayanganj,6177.0,65966.0,26.389,2021,1,
Potato,2020-21,BD3067,Narayanganj,5947.0,62225.0,25.855,2022,1,
Potato,2021-22,BD3067,Narayanganj,4565.0,47548.0,25.738,2023,2,
Potato,2022-23,BD3067,Narayanganj,4241.0,42951.0,25.026,2024,2,
Potato,2023-24,BD3067,Narayanganj,5952.0,57729.0,23.967,2025,2,
Potato,2024-25,BD3067,Narayanganj,5948.0,62759.0,26.073,2025,1,
Potato,2013-14,BD3068,Narsingdi,3201.0,15589.0,12.034,2016,1,
Potato,2014-15,BD3068,Narsingdi,2397.0,13220.0,13.628,2017,2,
Potato,2015-16,BD3068,Narsingdi,3664.0,20759.0,14.0,2018,2,
Potato,2016-17,BD3068,Narsingdi,3833.0,19750.0,12.732,2019,2,
Potato,2017-18,BD3068,Narsingdi,3322.0,20062.0,14.923,2020,2,
Potato,2018-19,BD3068,Narsingdi,3317.0,21630.0,16.114,2021,2,
Potato,2019-20,BD3068,Narsingdi,3651.0,23029.0,15.586,2021,1,
Potato,2020-21,BD3068,Narsingdi,3994.0,18806.0,11.635,2022,1,
Potato,2021-22,BD3068,Narsingdi,3979.0,22273.0,13.832,2023,2,
Potato,2022-23,BD3068,Narsingdi,3955.0,19717.0,12.319,2024,2,
Potato,2023-24,BD3068,Narsingdi,4037.0,20766.0,12.711,2025,2,
Potato,2024-25,BD3068,Narsingdi,4041.0,24525.0,14.997,2025,1,
Potato,2013-14,BD5069,Natore,2186.0,15449.0,17.464,2016,1,
Potato,2014-15,BD5069,Natore,2430.0,17104.0,17.393,2017,2,
Potato,2015-16,BD5069,Natore,2746.0,18675.0,16.805,2018,2,
Potato,2016-17,BD5069,Natore,1472.0,9708.0,16.297,2019,2,
Potato,2017-18,BD5069,Natore,146.0,964.0,16.316,2020,2,yoy-jump-gt-10x
Potato,2018-19,BD5069,Natore,1718.0,13766.0,19.8,2021,2,yoy-jump-gt-10x
Potato,2019-20,BD5069,Natore,1095.4,9962.0,22.473,2021,1,
Potato,2020-21,BD5069,Natore,1163.0,11397.0,24.215,2022,1,
Potato,2021-22,BD5069,Natore,1797.0,15470.0,21.273,2023,2,
Potato,2022-23,BD5069,Natore,1580.0,13842.0,21.648,2024,2,
Potato,2023-24,BD5069,Natore,1765.0,15410.0,21.574,2025,2,
Potato,2024-25,BD5069,Natore,1901.0,15883.0,20.646,2025,1,
Potato,2013-14,BD4572,Netrakona,3375.0,10758.0,7.877,2016,1,
Potato,2014-15,BD4572,Netrakona,3376.0,11123.0,8.141,2017,2,
Potato,2015-16,BD4572,Netrakona,3377.0,10626.0,7.775,2018,2,
Potato,2016-17,BD4572,Netrakona,4359.0,14775.0,8.376,2019,2,
Potato,2017-18,BD4572,Netrakona,4618.0,17865.0,9.559,2020,2,
Potato,2018-19,BD4572,Netrakona,3910.0,14981.0,9.468,2021,2,
Potato,2019-20,BD4572,Netrakona,3819.0,15934.0,10.31,2021,1,
Potato,2020-21,BD4572,Netrakona,4599.0,21023.0,11.296,2022,1,
Potato,2021-22,BD4572,Netrakona,5447.0,28525.0,12.94,2023,2,
Potato,2022-23,BD4572,Netrakona,6900.0,38651.0,13.842,2024,2,
Potato,2023-24,BD4572,Netrakona,5216.0,26408.0,12.511,2025,2,
Potato,2024-25,BD4572,Netrakona,7030.0,35586.0,12.509,2025,1,
Potato,2013-14,BD5573,Nilphamari,52597.0,373857.0,17.564,2016,1,
Potato,2014-15,BD5573,Nilphamari,53856.0,398780.0,18.297,2017,2,
Potato,2015-16,BD5573,Nilphamari,53802.0,398298.0,18.293,2018,2,
Potato,2016-17,BD5573,Nilphamari,58575.0,457207.0,19.288,2019,2,
Potato,2017-18,BD5573,Nilphamari,56425.0,433573.0,18.988,2020,2,
Potato,2018-19,BD5573,Nilphamari,55301.0,440433.0,19.68,2021,2,
Potato,2019-20,BD5573,Nilphamari,54071.0,417616.0,19.085,2021,1,
Potato,2020-21,BD5573,Nilphamari,54895.0,421631.0,18.979,2022,1,
Potato,2021-22,BD5573,Nilphamari,55064.0,431319.0,19.356,2023,2,
Potato,2022-23,BD5573,Nilphamari,53606.0,396708.0,18.287,2024,2,
Potato,2023-24,BD5573,Nilphamari,54289.0,470782.0,21.428,2025,2,
Potato,2024-25,BD5573,Nilphamari,57141.0,503268.0,21.764,2025,1,
Potato,2013-14,BD2075,Noakhali,454.0,2004.0,10.907,2016,1,
Potato,2014-15,BD2075,Noakhali,456.0,2008.0,10.881,2017,2,
Potato,2015-16,BD2075,Noakhali,461.0,2016.0,10.806,2018,2,
Potato,2016-17,BD2075,Noakhali,579.0,2575.0,10.99,2019,2,
Potato,2017-18,BD2075,Noakhali,202.0,1103.0,13.493,2020,2,
Potato,2018-19,BD2075,Noakhali,447.0,3034.0,16.772,2021,2,
Potato,2019-20,BD2075,Noakhali,431.0,3656.0,20.961,2021,1,
Potato,2020-21,BD2075,Noakhali,484.0,4203.0,21.458,2022,1,
Potato,2021-22,BD2075,Noakhali,574.0,4708.0,20.268,2023,2,
Potato,2022-23,BD2075,Noakhali,593.0,5347.0,22.281,2024,2,
Potato,2023-24,BD2075,Noakhali,623.0,5490.0,21.775,2025,2,
Potato,2024-25,BD2075,Noakhali,631.0,5630.0,22.048,2025,1,
Potato,2013-14,BD5076,Pabna,2391.0,10606.0,10.961,2016,1,
Potato,2014-15,BD5076,Pabna,3002.0,13784.0,11.346,2017,2,
Potato,2015-16,BD5076,Pabna,2981.0,14646.0,12.141,2018,2,
Potato,2016-17,BD5076,Pabna,2303.0,11743.0,12.6,2019,2,
Potato,2017-18,BD5076,Pabna,2098.0,10841.0,12.769,2020,2,
Potato,2018-19,BD5076,Pabna,2063.0,12236.0,14.656,2021,2,
Potato,2019-20,BD5076,Pabna,2061.0,11539.0,13.835,2021,1,
Potato,2020-21,BD5076,Pabna,1940.0,11098.0,14.136,2022,1,
Potato,2021-22,BD5076,Pabna,1963.0,10991.0,13.836,2023,2,
Potato,2022-23,BD5076,Pabna,3614.0,17321.0,11.843,2024,2,
Potato,2023-24,BD5076,Pabna,1958.0,11384.0,14.367,2025,2,
Potato,2024-25,BD5076,Pabna,1557.0,10223.0,16.225,2025,1,
Potato,2013-14,BD5577,Panchagarh,25640.0,139408.0,13.435,2016,1,
Potato,2014-15,BD5577,Panchagarh,26199.0,146779.0,13.844,2017,2,
Potato,2015-16,BD5577,Panchagarh,26688.0,160069.0,14.821,2018,2,
Potato,2016-17,BD5577,Panchagarh,25510.0,204601.0,19.819,2019,2,
Potato,2017-18,BD5577,Panchagarh,24998.0,200389.0,19.808,2020,2,
Potato,2018-19,BD5577,Panchagarh,22982.0,188211.0,20.237,2021,2,
Potato,2019-20,BD5577,Panchagarh,24384.0,194009.0,19.661,2021,1,
Potato,2020-21,BD5577,Panchagarh,24408.0,207504.0,21.008,2022,1,
Potato,2021-22,BD5577,Panchagarh,24238.0,211716.0,21.584,2023,2,
Potato,2022-23,BD5577,Panchagarh,24136.0,211012.0,21.603,2024,2,
Potato,2023-24,BD5577,Panchagarh,24250.0,195689.0,19.941,2025,2,
Potato,2024-25,BD5577,Panchagarh,36647.0,301473.0,20.328,2025,1,
Potato,2013-14,BD1078,Patuakhali,1033.0,6287.0,15.039,2016,1,
Potato,2014-15,BD1078,Patuakhali,1212.0,7564.0,15.422,2017,2,
Potato,2015-16,BD1078,Patuakhali,1165.0,6966.0,14.775,2018,2,
Potato,2016-17,BD1078,Patuakhali,1138.0,6899.0,14.98,2019,2,
Potato,2017-18,BD1078,Patuakhali,1153.0,8603.0,18.438,2020,2,
Potato,2018-19,BD1078,Patuakhali,1414.0,11750.0,20.534,2021,2,
Potato,2019-20,BD1078,Patuakhali,1069.0,8898.0,20.568,2021,1,
Potato,2020-21,BD1078,Patuakhali,1064.0,9335.0,21.68,2022,1,
Potato,2021-22,BD1078,Patuakhali,1142.0,7491.0,16.209,2023,2,
Potato,2022-23,BD1078,Patuakhali,1367.0,11275.0,20.381,2024,2,
Potato,2023-24,BD1078,Patuakhali,1635.0,13154.0,19.88,2025,2,
Potato,2024-25,BD1078,Patuakhali,1566.0,13763.0,21.717,2025,1,
Potato,2013-14,BD1079,Pirojpur,2188.0,9470.0,10.695,2016,1,
Potato,2014-15,BD1079,Pirojpur,2696.0,12597.0,11.546,2017,2,
Potato,2015-16,BD1079,Pirojpur,2602.0,12424.0,11.799,2018,2,
Potato,2016-17,BD1079,Pirojpur,2243.0,11130.0,12.262,2019,2,
Potato,2017-18,BD1079,Pirojpur,2634.0,14279.0,13.396,2020,2,
Potato,2018-19,BD1079,Pirojpur,2290.0,17917.0,19.334,2021,2,
Potato,2019-20,BD1079,Pirojpur,2224.0,15044.0,16.715,2021,1,
Potato,2020-21,BD1079,Pirojpur,2207.0,15280.0,17.108,2022,1,
Potato,2021-22,BD1079,Pirojpur,2258.0,17717.0,19.389,2023,2,
Potato,2022-23,BD1079,Pirojpur,2171.0,18649.0,21.226,2024,2,
Potato,2023-24,BD1079,Pirojpur,2309.0,19292.0,20.646,2025,2,
Potato,2024-25,BD1079,Pirojpur,2536.0,21057.0,20.518,2025,1,
Potato,2013-14,BD3082,Rajbari,387.0,2748.0,17.546,2016,1,
Potato,2014-15,BD3082,Rajbari,363.0,2703.0,18.4,2017,2,
Potato,2015-16,BD3082,Rajbari,454.0,3396.0,18.484,2018,2,
Potato,2016-17,BD3082,Rajbari,372.0,2861.0,19.005,2019,2,
Potato,2017-18,BD3082,Rajbari,421.0,3123.0,18.33,2020,2,
Potato,2018-19,BD3082,Rajbari,525.0,3727.0,17.542,2021,2,
Potato,2019-20,BD3082,Rajbari,427.0,3274.0,18.947,2021,1,
Potato,2020-21,BD3082,Rajbari,424.0,3010.0,17.542,2022,1,
Potato,2021-22,BD3082,Rajbari,355.0,2593.0,18.049,2023,2,
Potato,2022-23,BD3082,Rajbari,304.0,2228.0,18.11,2024,2,
Potato,2023-24,BD3082,Rajbari,276.0,2273.0,20.35,2025,2,
Potato,2024-25,BD3082,Rajbari,263.0,2205.0,20.717,2025,1,
Potato,2013-14,BD5081,Rajshahi,90750.0,768946.0,20.938,2016,1,
Potato,2014-15,BD5081,Rajshahi,89884.0,765013.0,21.031,2017,2,
Potato,2015-16,BD5081,Rajshahi,89146.0,777945.0,21.564,2018,2,
Potato,2016-17,BD5081,Rajshahi,105514.0,1065688.0,24.958,2019,2,
Potato,2017-18,BD5081,Rajshahi,98720.0,1021886.0,25.579,2020,2,
Potato,2018-19,BD5081,Rajshahi,92686.0,996019.0,26.554,2021,2,
Potato,2019-20,BD5081,Rajshahi,90166.0,872871.0,23.922,2021,1,
Potato,2020-21,BD5081,Rajshahi,90209.0,919905.0,25.199,2022,1,
Potato,2021-22,BD5081,Rajshahi,91468.0,922930.0,24.933,2023,2,
Potato,2022-23,BD5081,Rajshahi,87228.0,966966.0,27.393,2024,2,
Potato,2023-24,BD5081,Rajshahi,87286.0,931926.0,26.383,2025,2,
Potato,2024-25,BD5081,Rajshahi,92380.0,984755.0,26.341,2025,1,
Potato,2013-14,BD2084,Rangamati,1018.0,4262.0,10.345,2016,1,
Potato,2014-15,BD2084,Rangamati,949.0,3685.0,9.595,2017,2,
Potato,2015-16,BD2084,Rangamati,1025.0,4000.0,9.643,2018,2,
Potato,2016-17,BD2084,Rangamati,807.0,3520.0,10.778,2019,2,
Potato,2017-18,BD2084,Rangamati,218.0,983.0,11.142,2020,2,
Potato,2018-19,BD2084,Rangamati,173.0,1016.0,14.512,2021,2,
Potato,2019-20,BD2084,Rangamati,348.0,1588.0,11.276,2021,1,
Potato,2020-21,BD2084,Rangamati,808.0,3433.0,10.499,2022,1,
Potato,2021-22,BD2084,Rangamati,804.0,3951.0,12.143,2023,2,
Potato,2022-23,BD2084,Rangamati,794.0,3753.0,11.68,2024,2,
Potato,2023-24,BD2084,Rangamati,794.0,3850.0,11.982,2025,2,
Potato,2024-25,BD2084,Rangamati,799.0,4061.0,12.559,2025,1,
Potato,2013-14,BD5585,Rangpur,124547.0,1040517.0,20.644,2016,1,
Potato,2014-15,BD5585,Rangpur,125832.0,1041781.0,20.458,2017,2,
Potato,2015-16,BD5585,Rangpur,124909.0,1046457.0,20.702,2018,2,
Potato,2016-17,BD5585,Rangpur,135599.0,1133178.0,20.65,2019,2,
Potato,2017-18,BD5585,Rangpur,126439.0,1029722.0,20.124,2020,2,
Potato,2018-19,BD5585,Rangpur,124495.0,1009426.0,20.036,2021,2,
Potato,2019-20,BD5585,Rangpur,123373.0,982022.0,19.669,2021,1,
Potato,2020-21,BD5585,Rangpur,127144.0,1018493.0,19.794,2022,1,
Potato,2021-22,BD5585,Rangpur,120781.0,1116144.0,22.835,2023,2,
Potato,2022-23,BD5585,Rangpur,125353.0,1193796.0,23.533,2024,2,
Potato,2023-24,BD5585,Rangpur,129675.0,1326345.0,25.274,2025,2,
Potato,2024-25,BD5585,Rangpur,142268.0,1475432.0,25.627,2025,1,
Potato,2013-14,BD4087,Satkhira,8645.0,55155.0,15.765,2016,1,
Potato,2014-15,BD4087,Satkhira,8686.0,61476.0,17.489,2017,2,
Potato,2015-16,BD4087,Satkhira,8451.0,58589.0,17.131,2018,2,
Potato,2016-17,BD4087,Satkhira,8238.0,57611.0,17.281,2019,2,
Potato,2017-18,BD4087,Satkhira,7537.0,52370.0,17.17,2020,2,
Potato,2018-19,BD4087,Satkhira,6099.0,36544.0,14.806,2021,2,
Potato,2019-20,BD4087,Satkhira,6571.0,44002.0,16.547,2021,1,
Potato,2020-21,BD4087,Satkhira,5672.0,40498.0,17.643,2022,1,
Potato,2021-22,BD4087,Satkhira,5197.0,46918.0,22.308,2023,2,
Potato,2022-23,BD4087,Satkhira,4790.0,36473.0,18.816,2024,2,
Potato,2023-24,BD4087,Satkhira,4802.0,36195.0,18.626,2025,2,
Potato,2024-25,BD4087,Satkhira,4400.0,31852.0,17.888,2025,1,
Potato,2013-14,BD3086,Shariatpur,3438.0,29824.0,21.436,2016,1,
Potato,2014-15,BD3086,Shariatpur,3615.0,32275.0,22.062,2017,2,
Potato,2015-16,BD3086,Shariatpur,3357.0,33574.0,24.713,2018,2,
Potato,2016-17,BD3086,Shariatpur,4552.0,45800.0,24.863,2019,2,
Potato,2017-18,BD3086,Shariatpur,4940.0,49672.0,24.847,2020,2,
Potato,2018-19,BD3086,Shariatpur,4711.0,57102.0,29.952,2021,2,
Potato,2019-20,BD3086,Shariatpur,4582.0,50984.0,27.495,2021,1,
Potato,2020-21,BD3086,Shariatpur,5677.0,63778.0,27.761,2022,1,
Potato,2021-22,BD3086,Shariatpur,5365.0,62109.0,28.607,2023,2,
Potato,2022-23,BD3086,Shariatpur,4331.0,52224.0,29.796,2024,2,
Potato,2023-24,BD3086,Shariatpur,6161.0,74852.0,30.022,2025,2,
Potato,2024-25,BD3086,Shariatpur,3408.0,42376.0,30.726,2025,1,
Potato,2013-14,BD4589,Sherpur,11041.0,78651.0,17.603,2016,1,
Potato,2014-15,BD4589,Sherpur,11952.0,86354.0,17.854,2017,2,
Potato,2015-16,BD4589,Sherpur,11985.0,86970.0,17.931,2018,2,
Potato,2016-17,BD4589,Sherpur,13205.0,97609.0,18.266,2019,2,
Potato,2017-18,BD4589,Sherpur,11093.0,76728.0,17.092,2020,2,
Potato,2018-19,BD4589,Sherpur,11547.0,78731.0,16.848,2021,2,
Potato,2019-20,BD4589,Sherpur,12287.0,81608.0,16.412,2021,1,
Potato,2020-21,BD4589,Sherpur,12575.0,83350.0,16.379,2022,1,
Potato,2021-22,BD4589,Sherpur,12784.0,83833.0,16.204,2023,2,
Potato,2022-23,BD4589,Sherpur,12720.0,79543.0,15.452,2024,2,
Potato,2023-24,BD4589,Sherpur,12622.0,84066.0,16.458,2025,2,
Potato,2024-25,BD4589,Sherpur,13597.0,93000.0,16.901,2025,1,
Potato,2013-14,BD5088,Sirajganj,6231.0,32092.0,12.727,2016,1,
Potato,2014-15,BD5088,Sirajganj,6953.0,35119.0,12.481,2017,2,
Potato,2015-16,BD5088,Sirajganj,7589.0,40252.0,13.106,2018,2,
Potato,2016-17,BD5088,Sirajganj,7810.0,41614.0,13.166,2019,2,
Potato,2017-18,BD5088,Sirajganj,6978.0,39738.0,14.072,2020,2,
Potato,2018-19,BD5088,Sirajganj,7179.0,37823.0,13.019,2021,2,
Potato,2019-20,BD5088,Sirajganj,7543.5,42735.0,13.999,2021,1,
Potato,2020-21,BD5088,Sirajganj,7065.0,37489.0,13.112,2022,1,
Potato,2021-22,BD5088,Sirajganj,6899.0,39357.0,14.097,2023,2,
Potato,2022-23,BD5088,Sirajganj,11984.0,65237.0,13.452,2024,2,
Potato,2023-24,BD5088,Sirajganj,6942.0,41498.0,14.771,2025,2,
Potato,2024-25,BD5088,Sirajganj,7193.0,42379.0,14.559,2025,1,
Potato,2013-14,BD6090,Sunamganj,1256.0,5288.0,10.404,2016,1,
Potato,2014-15,BD6090,Sunamganj,1225.0,4681.0,9.442,2017,2,
Potato,2015-16,BD6090,Sunamganj,1900.0,8594.0,11.177,2018,2,
Potato,2016-17,BD6090,Sunamganj,3846.0,17745.0,11.401,2019,2,
Potato,2017-18,BD6090,Sunamganj,4110.0,19109.0,11.489,2020,2,
Potato,2018-19,BD6090,Sunamganj,3926.0,20497.0,12.901,2021,2,
Potato,2019-20,BD6090,Sunamganj,4009.0,27036.0,16.664,2021,1,
Potato,2020-21,BD6090,Sunamganj,3927.0,26495.0,16.672,2022,1,
Potato,2021-22,BD6090,Sunamganj,4354.0,29339.0,16.651,2023,2,
Potato,2022-23,BD6090,Sunamganj,4111.0,28190.0,16.945,2024,2,
Potato,2023-24,BD6090,Sunamganj,3515.0,24109.0,16.949,2025,2,
Potato,2024-25,BD6090,Sunamganj,4158.0,27499.0,16.342,2025,1,
Potato,2013-14,BD6091,Sylhet,3302.0,12703.0,9.506,2016,1,
Potato,2014-15,BD6091,Sylhet,2735.0,10991.0,9.93,2017,2,
Potato,2015-16,BD6091,Sylhet,2768.0,12763.0,11.394,2018,2,
Potato,2016-17,BD6091,Sylhet,3252.0,13564.0,10.307,2019,2,
Potato,2017-18,BD6091,Sylhet,3252.0,14514.0,11.029,2020,2,
Potato,2018-19,BD6091,Sylhet,2372.0,11178.0,11.645,2021,2,
Potato,2019-20,BD6091,Sylhet,1939.0,10283.0,13.105,2021,1,
Potato,2020-21,BD6091,Sylhet,2131.0,10922.0,12.665,2022,1,
Potato,2021-22,BD6091,Sylhet,2634.0,19788.0,18.564,2023,2,
Potato,2022-23,BD6091,Sylhet,2877.0,15371.0,13.202,2024,2,
Potato,2023-24,BD6091,Sylhet,3230.0,18352.0,14.04,2025,2,
Potato,2024-25,BD6091,Sylhet,3064.0,19506.0,15.731,2025,1,
Potato,2013-14,BD3093,Tangail,8311.0,42416.0,12.611,2016,1,
Potato,2014-15,BD3093,Tangail,8571.0,45260.0,13.049,2017,2,
Potato,2015-16,BD3093,Tangail,8967.0,48956.0,13.491,2018,2,
Potato,2016-17,BD3093,Tangail,8934.0,49180.0,13.603,2019,2,
Potato,2017-18,BD3093,Tangail,7513.0,39943.0,13.137,2020,2,
Potato,2018-19,BD3093,Tangail,7991.0,44088.0,13.633,2021,2,
Potato,2019-20,BD3093,Tangail,8835.0,49624.0,13.879,2021,1,
Potato,2020-21,BD3093,Tangail,9172.0,53054.0,14.293,2022,1,
Potato,2021-22,BD3093,Tangail,9196.0,48167.0,12.943,2023,2,
Potato,2022-23,BD3093,Tangail,9685.0,52288.0,13.341,2024,2,
Potato,2023-24,BD3093,Tangail,9967.0,52500.0,13.016,2025,2,
Potato,2024-25,BD3093,Tangail,9602.0,58971.0,15.176,2025,1,
Potato,2013-14,BD5594,Thakurgaon,76927.0,575490.0,18.486,2016,1,
Potato,2014-15,BD5594,Thakurgaon,78472.0,596345.0,18.779,2017,2,
Potato,2015-16,BD5594,Thakurgaon,78303.0,583867.0,18.425,2018,2,
Potato,2016-17,BD5594,Thakurgaon,57628.0,428479.0,18.373,2019,2,
Potato,2017-18,BD5594,Thakurgaon,58834.0,445918.0,18.729,2020,2,
Potato,2018-19,BD5594,Thakurgaon,58434.0,454189.0,19.207,2021,2,
Potato,2019-20,BD5594,Thakurgaon,59041.0,479752.0,20.079,2021,1,
Potato,2020-21,BD5594,Thakurgaon,60881.0,522634.0,21.213,2022,1,
Potato,2021-22,BD5594,Thakurgaon,68144.0,635019.0,23.027,2023,2,
Potato,2022-23,BD5594,Thakurgaon,69500.0,656279.0,23.334,2024,2,
Potato,2023-24,BD5594,Thakurgaon,70550.0,655801.0,22.97,2025,2,
Potato,2024-25,BD5594,Thakurgaon,70997.0,661115.0,23.01,2025,1,
Sugarcane,2013-14,BD4001,Bagerhat,2205.0,2216.0,2.483,2017,2,
Sugarcane,2014-15,BD4001,Bagerhat,2216.0,27570.0,30.743,2018,1,yoy-jump-gt-10x
Sugarcane,2015-16,BD4001,Bagerhat,2248.0,26129.0,28.722,2018,1,
Sugarcane,2016-17,BD4001,Bagerhat,2181.0,24922.0,28.236,2020,2,
Sugarcane,2017-18,BD4001,Bagerhat,2181.0,24922.0,28.236,2021,2,
Sugarcane,2018-19,BD4001,Bagerhat,1538.0,7065.0,11.351,2021,2,
Sugarcane,2019-20,BD4001,Bagerhat,1367.0,14454.0,26.128,2022,2,
Sugarcane,2020-21,BD4001,Bagerhat,852.0,9133.76,26.491,2023,2,
Sugarcane,2021-22,BD4001,Bagerhat,582.0,6022.0,25.568,2024,3,
Sugarcane,2022-23,BD4001,Bagerhat,585.0,6214.47,26.25,2025,3,
Sugarcane,2023-24,BD4001,Bagerhat,597.5,6323.65,26.152,2025,2,
Sugarcane,2024-25,BD4001,Bagerhat,585.5,6199.03,26.162,2025,1,
Sugarcane,2013-14,BD2003,Bandarban,196.0,201.0,2.534,2017,2,
Sugarcane,2014-15,BD2003,Bandarban,201.0,868.0,10.671,2018,1,
Sugarcane,2015-16,BD2003,Bandarban,204.0,591.0,7.159,2018,1,
Sugarcane,2016-17,BD2003,Bandarban,206.0,854.0,10.244,2020,2,
Sugarcane,2017-18,BD2003,Bandarban,206.0,854.0,10.244,2021,2,
Sugarcane,2018-19,BD2003,Bandarban,210.0,779.0,9.166,2021,2,
Sugarcane,2019-20,BD2003,Bandarban,214.0,896.0,10.346,2022,2,
Sugarcane,2020-21,BD2003,Bandarban,217.2,902.15,10.264,2023,2,
Sugarcane,2021-22,BD2003,Bandarban,219.0,904.7,10.208,2024,3,
Sugarcane,2022-23,BD2003,Bandarban,220.8,912.76,10.215,2025,3,
Sugarcane,2023-24,BD2003,Bandarban,221.1,914.26,10.218,2025,2,
Sugarcane,2024-25,BD2003,Bandarban,222.0,918.28,10.221,2025,1,
Sugarcane,2013-14,BD1004,Barguna,157.0,111.0,1.747,2017,2,
Sugarcane,2014-15,BD1004,Barguna,111.0,178.0,3.963,2018,1,
Sugarcane,2015-16,BD1004,Barguna,100.0,103.0,2.545,2018,1,
Sugarcane,2016-17,BD1004,Barguna,124.0,207.0,4.125,2020,2,
Sugarcane,2017-18,BD1004,Barguna,124.0,207.0,4.125,2021,2,
Sugarcane,2018-19,BD1004,Barguna,119.0,498.0,10.341,2021,2,
Sugarcane,2019-20,BD1004,Barguna,114.0,365.0,7.912,2022,2,
Sugarcane,2020-21,BD1004,Barguna,120.0,382.0,7.866,2023,2,
Sugarcane,2021-22,BD1004,Barguna,120.0,1515.0,31.197,2024,3,
Sugarcane,2022-23,BD1004,Barguna,118.0,375.0,7.853,2025,3,
Sugarcane,2023-24,BD1004,Barguna,114.0,327.0,7.088,2025,2,
Sugarcane,2024-25,BD1004,Barguna,105.0,1390.0,32.712,2025,1,
Sugarcane,2013-14,BD1006,Barishal,1608.0,1385.0,2.128,2017,2,
Sugarcane,2014-15,BD1006,Barishal,1385.0,10112.0,18.041,2018,1,
Sugarcane,2015-16,BD1006,Barishal,1362.0,9838.0,17.849,2018,1,
Sugarcane,2016-17,BD1006,Barishal,1074.0,13379.0,30.782,2020,2,
Sugarcane,2017-18,BD1006,Barishal,1074.0,13379.0,30.782,2021,2,
Sugarcane,2018-19,BD1006,Barishal,1076.0,8838.0,20.297,2021,2,
Sugarcane,2019-20,BD1006,Barishal,1210.0,6500.0,13.274,2022,2,
Sugarcane,2020-21,BD1006,Barishal,1222.0,6567.0,13.279,2023,2,
Sugarcane,2021-22,BD1006,Barishal,1280.0,6730.0,12.992,2024,3,
Sugarcane,2022-23,BD1006,Barishal,1174.0,4265.0,8.977,2025,3,
Sugarcane,2023-24,BD1006,Barishal,1023.0,4057.0,9.8,2025,2,
Sugarcane,2024-25,BD1006,Barishal,996.0,7352.0,18.24,2025,1,
Sugarcane,2013-14,BD1009,Bhola,581.0,796.0,3.385,2017,2,
Sugarcane,2014-15,BD1009,Bhola,796.0,5134.0,15.938,2018,1,
Sugarcane,2015-16,BD1009,Bhola,844.0,4941.0,14.466,2018,1,
Sugarcane,2016-17,BD1009,Bhola,897.0,4964.0,13.675,2020,2,
Sugarcane,2017-18,BD1009,Bhola,897.0,4964.0,13.675,2021,2,
Sugarcane,2018-19,BD1009,Bhola,894.0,5073.0,14.022,2021,2,
Sugarcane,2019-20,BD1009,Bhola,945.0,7583.0,19.829,2022,2,
Sugarcane,2020-21,BD1009,Bhola,961.0,6070.0,15.608,2023,2,
Sugarcane,2021-22,BD1009,Bhola,963.0,7351.0,18.863,2024,3,
Sugarcane,2022-23,BD1009,Bhola,981.0,6880.0,17.33,2025,3,
Sugarcane,2023-24,BD1009,Bhola,967.0,7174.0,18.332,2025,2,
Sugarcane,2024-25,BD1009,Bhola,989.0,18190.0,45.448,2025,1,
Sugarcane,2013-14,BD5010,Bogura,1416.0,1441.0,2.515,2017,2,
Sugarcane,2014-15,BD5010,Bogura,1441.0,29521.0,50.623,2018,1,yoy-jump-gt-10x
Sugarcane,2015-16,BD5010,Bogura,1198.0,23995.0,49.493,2019,2,
Sugarcane,2016-17,BD5010,Bogura,751.0,14746.0,48.519,2020,3,
Sugarcane,2017-18,BD5010,Bogura,670.0,13233.0,48.805,2020,3,newest-edition-outlier-rejected
Sugarcane,2018-19,BD5010,Bogura,670.0,13233.0,48.805,2021,2,
Sugarcane,2019-20,BD5010,Bogura,274.41,6169.04,55.552,2022,2,
Sugarcane,2020-21,BD5010,Bogura,283.74,6455.88,56.223,2023,2,
Sugarcane,2021-22,BD5010,Bogura,283.83,6404.65,55.76,2024,3,
Sugarcane,2022-23,BD5010,Bogura,268.28,5650.26,52.043,2025,3,
Sugarcane,2023-24,BD5010,Bogura,238.28,4869.34,50.497,2025,2,
Sugarcane,2024-25,BD5010,Bogura,250.13,5375.82,53.108,2025,1,
Sugarcane,2013-14,BD2012,Brahmanbaria,57.0,46.0,1.994,2017,2,
Sugarcane,2014-15,BD2012,Brahmanbaria,46.0,71.0,3.814,2018,1,
Sugarcane,2015-16,BD2012,Brahmanbaria,36.0,61.0,4.187,2018,1,
Sugarcane,2016-17,BD2012,Brahmanbaria,28.0,45.0,3.971,2020,2,
Sugarcane,2017-18,BD2012,Brahmanbaria,28.0,45.0,3.971,2021,2,
Sugarcane,2018-19,BD2012,Brahmanbaria,39.0,51.0,3.231,2021,2,
Sugarcane,2019-20,BD2012,Brahmanbaria,40.0,154.0,9.514,2022,2,
Sugarcane,2020-21,BD2012,Brahmanbaria,43.0,168.25,9.669,2023,2,
Sugarcane,2021-22,BD2012,Brahmanbaria,44.0,196.59,11.041,2024,3,
Sugarcane,2022-23,BD2012,Brahmanbaria,44.0,263.83,14.817,2025,3,
Sugarcane,2023-24,BD2012,Brahmanbaria,42.0,250.05,14.712,2025,2,
Sugarcane,2024-25,BD2012,Brahmanbaria,43.0,255.35,14.674,2025,1,
Sugarcane,2013-14,BD2013,Chandpur,1550.0,1556.0,2.481,2017,2,
Sugarcane,2014-15,BD2013,Chandpur,1556.0,17141.0,27.221,2018,1,yoy-jump-gt-10x
Sugarcane,2015-16,BD2013,Chandpur,1529.0,13107.0,21.183,2018,1,
Sugarcane,2016-17,BD2013,Chandpur,1428.0,14130.0,24.451,2020,2,
Sugarcane,2017-18,BD2013,Chandpur,1428.0,14130.0,24.451,2021,2,
Sugarcane,2018-19,BD2013,Chandpur,1428.0,12365.0,21.397,2021,2,
Sugarcane,2019-20,BD2013,Chandpur,1319.0,10214.0,19.135,2022,2,
Sugarcane,2020-21,BD2013,Chandpur,1412.25,15535.77,27.183,2023,2,
Sugarcane,2021-22,BD2013,Chandpur,1398.55,15363.57,27.145,2024,3,
Sugarcane,2022-23,BD2013,Chandpur,1399.44,15395.39,27.184,2025,3,
Sugarcane,2023-24,BD2013,Chandpur,1337.02,13149.96,24.303,2025,2,
Sugarcane,2024-25,BD2013,Chandpur,1337.15,13168.43,24.335,2025,1,
Sugarcane,2013-14,BD5070,Chapainababganj,11830.0,11963.0,2.499,2017,2,
Sugarcane,2014-15,BD5070,Chapainababganj,11963.0,162292.0,33.523,2018,1,yoy-jump-gt-10x
Sugarcane,2015-16,BD5070,Chapainababganj,12081.0,163587.0,33.46,2019,2,
Sugarcane,2016-17,BD5070,Chapainababganj,3190.0,33123.0,25.658,2020,3,
Sugarcane,2017-18,BD5070,Chapainababganj,3664.0,62815.0,42.363,2020,3,newest-edition-outlier-rejected
Sugarcane,2018-19,BD5070,Chapainababganj,3664.0,62815.0,42.363,2021,2,
Sugarcane,2019-20,BD5070,Chapainababganj,3485.0,59997.0,42.541,2022,2,
Sugarcane,2020-21,BD5070,Chapainababganj,3456.25,59467.78,42.517,2023,2,
Sugarcane,2021-22,BD5070,Chapainababganj,3413.0,59031.61,42.74,2024,3,
Sugarcane,2022-23,BD5070,Chapainababganj,3526.0,60219.37,42.202,2025,3,
Sugarcane,2023-24,BD5070,Chapainababganj,3550.02,61042.43,42.49,2025,2,
Sugarcane,2024-25,BD5070,Chapainababganj,3561.07,66002.1,45.799,2025,1,
Sugarcane,2013-14,BD2015,Chattogram,2851.0,2819.0,2.443,2017,2,
Sugarcane,2014-15,BD2015,Chattogram,2819.0,13392.0,11.739,2018,1,
Sugarcane,2015-16,BD2015,Chattogram,2829.0,3324.0,2.903,2018,1,
Sugarcane,2016-17,BD2015,Chattogram,2834.0,13431.0,11.711,2020,2,
Sugarcane,2017-18,BD2015,Chattogram,2834.0,13431.0,11.711,2021,2,
Sugarcane,2018-19,BD2015,Chattogram,2828.0,13258.0,11.585,2021,2,
Sugarcane,2019-20,BD2015,Chattogram,1994.0,19153.0,23.735,2022,2,
Sugarcane,2020-21,BD2015,Chattogram,1927.14,18034.06,23.124,2023,2,
Sugarcane,2021-22,BD2015,Chattogram,1855.86,16782.03,22.345,2024,3,
Sugarcane,2022-23,BD2015,Chattogram,1846.44,16859.19,22.562,2025,3,
Sugarcane,2023-24,BD2015,Chattogram,1847.59,17602.29,23.542,2025,2,
Sugarcane,2024-25,BD2015,Chattogram,1753.06,17138.93,24.158,2025,1,
Sugarcane,2013-14,BD4018,Chuadanga,5293.0,8272.0,3.862,2017,2,
Sugarcane,2014-15,BD4018,Chuadanga,8272.0,124529.0,37.2,2018,1,yoy-jump-gt-10x
Sugarcane,2015-16,BD4018,Chuadanga,4940.0,113010.0,56.529,2018,1,
Sugarcane,2016-17,BD4018,Chuadanga,4968.0,119537.0,59.457,2020,2,
Sugarcane,2017-18,BD4018,Chuadanga,4968.0,119537.0,59.457,2021,2,
Sugarcane,2018-19,BD4018,Chuadanga,4883.0,118388.0,59.91,2021,2,
Sugarcane,2019-20,BD4018,Chuadanga,4820.0,117087.0,60.027,2022,2,
Sugarcane,2020-21,BD4018,Chuadanga,4826.0,117131.0,59.974,2023,2,
Sugarcane,2021-22,BD4018,Chuadanga,4800.0,109175.0,56.204,2024,3,
Sugarcane,2022-23,BD4018,Chuadanga,4796.5,117972.7,60.777,2025,3,
Sugarcane,2023-24,BD4018,Chuadanga,4783.0,121352.76,62.695,2025,2,
Sugarcane,2024-25,BD4018,Chuadanga,4744.0,122585.03,63.852,2025,1,
Sugarcane,2013-14,BD2022,Cox's Bazar,746.0,276.0,0.914,2017,2,
Sugarcane,2014-15,BD2022,Cox's Bazar,276.0,1705.0,15.265,2018,1,
Sugarcane,2015-16,BD2022,Cox's Bazar,759.0,4140.0,13.478,2018,1,
Sugarcane,2016-17,BD2022,Cox's Bazar,754.0,4100.0,13.437,2020,2,
Sugarcane,2017-18,BD2022,Cox's Bazar,754.0,4100.0,13.437,2021,2,
Sugarcane,2018-19,BD2022,Cox's Bazar,755.0,4100.0,13.419,2021,2,
Sugarcane,2019-20,BD2022,Cox's Bazar,791.0,4250.0,13.277,2022,2,
Sugarcane,2020-21,BD2022,Cox's Bazar,613.38,3731.99,15.035,2023,2,
Sugarcane,2021-22,BD2022,Cox's Bazar,492.91,2943.13,14.754,2024,3,
Sugarcane,2022-23,BD2022,Cox's Bazar,493.9,2967.56,14.847,2025,3,
Sugarcane,2023-24,BD2022,Cox's Bazar,477.72,2980.67,15.418,2025,2,
Sugarcane,2024-25,BD2022,Cox's Bazar,469.9,2955.79,15.544,2025,1,
Sugarcane,2013-14,BD2019,Cumilla,645.0,700.0,2.682,2017,2,
Sugarcane,2014-15,BD2019,Cumilla,700.0,5100.0,18.003,2018,1,
Sugarcane,2015-16,BD2019,Cumilla,926.0,5775.0,15.411,2018,1,
Sugarcane,2016-17,BD2019,Cumilla,980.0,5770.0,14.549,2020,2,
Sugarcane,2017-18,BD2019,Cumilla,980.0,5770.0,14.549,2021,2,
Sugarcane,2018-19,BD2019,Cumilla,929.0,5313.0,14.132,2021,2,
Sugarcane,2019-20,BD2019,Cumilla,897.0,5614.0,15.465,2022,2,
Sugarcane,2020-21,BD2019,Cumilla,894.31,5462.15,15.092,2023,2,
Sugarcane,2021-22,BD2019,Cumilla,882.0,5449.0,15.266,2024,3,
Sugarcane,2022-23,BD2019,Cumilla,907.9,5524.19,15.035,2025,3,
Sugarcane,2023-24,BD2019,Cumilla,908.95,5523.27,15.015,2025,2,
Sugarcane,2024-25,BD2019,Cumilla,909.54,5525.03,15.01,2025,1,
Sugarcane,2013-14,BD3026,Dhaka,300.0,221.0,1.82,2017,2,
Sugarcane,2014-15,BD3026,Dhaka,221.0,2040.0,22.81,2018,1,
Sugarcane,2015-16,BD3026,Dhaka,201.0,1055.0,12.97,2018,1,
Sugarcane,2016-17,BD3026,Dhaka,166.0,904.0,13.457,2020,2,
Sugarcane,2017-18,BD3026,Dhaka,166.0,904.0,13.457,2021,2,
Sugarcane,2018-19,BD3026,Dhaka,145.0,849.0,14.468,2021,2,
Sugarcane,2019-20,BD3026,Dhaka,135.0,899.0,16.455,2022,2,
Sugarcane,2020-21,BD3026,Dhaka,139.04,988.27,17.564,2023,2,
Sugarcane,2021-22,BD3026,Dhaka,135.13,1250.07,22.859,2024,3,
Sugarcane,2022-23,BD3026,Dhaka,124.23,1155.37,22.981,2025,3,
Sugarcane,2023-24,BD3026,Dhaka,121.23,1132.39,23.082,2025,2,
Sugarcane,2024-25,BD3026,Dhaka,120.01,1125.89,23.183,2025,1,
Sugarcane,2013-14,BD5527,Dinajpur,6482.0,6013.0,2.292,2017,2,
Sugarcane,2014-15,BD5527,Dinajpur,6013.0,87064.0,35.779,2018,1,yoy-jump-gt-10x
Sugarcane,2015-16,BD5527,Dinajpur,5842.0,84119.0,35.581,2019,2,
Sugarcane,2016-17,BD5527,Dinajpur,5626.0,80118.0,35.189,2020,3,
Sugarcane,2017-18,BD5527,Dinajpur,4640.0,67785.0,36.099,2020,3,newest-edition-outlier-rejected
Sugarcane,2018-19,BD5527,Dinajpur,4640.0,67785.0,36.099,2021,2,
Sugarcane,2019-20,BD5527,Dinajpur,4287.0,60476.0,34.859,2022,2,
Sugarcane,2020-21,BD5527,Dinajpur,3320.0,48206.0,35.879,2023,2,
Sugarcane,2021-22,BD5527,Dinajpur,3662.0,49805.0,33.608,2024,3,
Sugarcane,2022-23,BD5527,Dinajpur,3520.5,47474.23,33.322,2025,3,
Sugarcane,2023-24,BD5527,Dinajpur,2521.0,39161.0,38.385,2025,2,
Sugarcane,2024-25,BD5527,Dinajpur,2470.0,36982.0,36.998,2025,1,
Sugarcane,2013-14,BD3029,Faridpur,12090.0,11015.0,2.251,2017,2,
Sugarcane,2014-15,BD3029,Faridpur,11015.0,164395.0,36.88,2018,1,yoy-jump-gt-10x
Sugarcane,2015-16,BD3029,Faridpur,10239.0,159212.0,38.424,2018,1,
Sugarcane,2016-17,BD3029,Faridpur,9800.0,154760.0,39.022,2020,2,
Sugarcane,2017-18,BD3029,Faridpur,9800.0,154760.0,39.022,2021,2,
Sugarcane,2018-19,BD3029,Faridpur,10239.0,159212.0,38.424,2021,2,
Sugarcane,2019-20,BD3029,Faridpur,6499.0,103193.0,39.236,2022,2,
Sugarcane,2020-21,BD3029,Faridpur,6528.31,102737.51,38.888,2023,2,
Sugarcane,2021-22,BD3029,Faridpur,6273.0,89497.33,35.255,2024,3,
Sugarcane,2022-23,BD3029,Faridpur,5954.14,89084.0,36.971,2025,3,
Sugarcane,2023-24,BD3029,Faridpur,6007.3,89268.2,36.72,2025,2,
Sugarcane,2024-25,BD3029,Faridpur,5994.0,89222.23,36.782,2025,1,
Sugarcane,2013-14,BD2030,Feni,340.0,298.0,2.166,2017,2,
Sugarcane,2014-15,BD2030,Feni,298.0,3437.0,28.5,2018,1,yoy-jump-gt-10x
Sugarcane,2015-16,BD2030,Feni,291.0,3148.0,26.732,2018,1,
Sugarcane,2016-17,BD2030,Feni,256.0,3356.0,32.394,2020,2,
Sugarcane,2017-18,BD2030,Feni,256.0,3356.0,32.394,2021,2,
Sugarcane,2018-19,BD2030,Feni,258.0,3301.0,31.616,2021,2,
Sugarcane,2019-20,BD2030,Feni,203.0,2621.0,31.905,2022,2,
Sugarcane,2020-21,BD2030,Feni,208.52,2625.16,31.109,2023,2,
Sugarcane,2021-22,BD2030,Feni,210.2,2631.93,30.94,2024,3,
Sugarcane,2022-23,BD2030,Feni,210.5,3500.3,41.09,2025,3,
Sugarcane,2023-24,BD2030,Feni,186.5,2603.0,34.489,2025,2,
Sugarcane,2024-25,BD2030,Feni,187.0,2603.5,34.403,2025,1,
Sugarcane,2013-14,BD5532,Gaibandha,6106.0,5927.0,2.399,2017,2,
Sugarcane,2014-15,BD5532,Gaibandha,5927.0,152052.0,63.393,2018,1,yoy-jump-gt-10x
Sugarcane,2015-16,BD5532,Gaibandha,5974.0,153152.0,63.349,2019,2,
Sugarcane,2016-17,BD5532,Gaibandha,5968.0,152293.0,63.057,2020,3,
Sugarcane,2017-18,BD5532,Gaibandha,5968.0,152293.0,63.057,2021,3,
Sugarcane,2018-19,BD5532,Gaibandha,5964.0,153298.0,63.516,2021,2,
Sugarcane,2019-20,BD5532,Gaibandha,6128.0,154035.0,62.113,2022,2,
Sugarcane,2020-21,BD5532,Gaibandha,5821.0,143749.0,61.022,2023,2,
Sugarcane,2021-22,BD5532,Gaibandha,5454.0,115951.0,52.534,2024,3,
Sugarcane,2022-23,BD5532,Gaibandha,5407.19,115120.0,52.609,2025,3,
Sugarcane,2023-24,BD5532,Gaibandha,5360.0,114079.0,52.592,2025,2,
Sugarcane,2024-25,BD5532,Gaibandha,5364.0,114109.0,52.567,2025,1,
Sugarcane,2013-14,BD3033,Gazipur,4398.0,3034.0,1.705,2017,2,
Sugarcane,2014-15,BD3033,Gazipur,3034.0,27081.0,22.056,2018,1,
Sugarcane,2015-16,BD3033,Gazipur,3045.0,26966.0,21.883,2018,1,
Sugarcane,2016-17,BD3033,Gazipur,2999.0,26040.0,21.456,2020,2,
Sugarcane,2017-18,BD3033,Gazipur,2999.0,26040.0,21.456,2021,2,
Sugarcane,2018-19,BD3033,Gazipur,3004.0,26032.0,21.414,2021,2,
Sugarcane,2019-20,BD3033,Gazipur,2836.0,24569.0,21.407,2022,2,
Sugarcane,2020-21,BD3033,Gazipur,3135.75,26831.75,21.144,2023,2,
Sugarcane,2021-22,BD3033,Gazipur,2962.9,25390.74,21.176,2024,3,
Sugarcane,2022-23,BD3033,Gazipur,2884.41,24771.4,21.221,2025,3,
Sugarcane,2023-24,BD3033,Gazipur,2792.73,23901.09,21.148,2025,2,
Sugarcane,2024-25,BD3033,Gazipur,2785.71,23818.46,21.128,2025,1,
Sugarcane,2013-14,BD3035,Gopalganj,1877.0,1907.0,2.511,2017,2,
Sugarcane,2014-15,BD3035,Gopalganj,1907.0,25605.0,33.178,2018,1,yoy-jump-gt-10x
Sugarcane,2015-16,BD3035,Gopalganj,1766.0,23610.0,33.036,2018,1,
Sugarcane,2016-17,BD3035,Gopalganj,1746.0,23046.0,32.616,2020,2,
Sugarcane,2017-18,BD3035,Gopalganj,1746.0,23046.0,32.616,2021,2,
Sugarcane,2018-19,BD3035,Gopalganj,1746.0,23046.0,32.616,2021,2,
Sugarcane,2019-20,BD3035,Gopalganj,1105.0,14802.0,33.101,2022,2,
Sugarcane,2020-21,BD3035,Gopalganj,734.0,9679.35,32.586,2023,2,
Sugarcane,2021-22,BD3035,Gopalganj,652.4,9482.04,35.914,2024,3,
Sugarcane,2022-23,BD3035,Gopalganj,625.3,9078.09,35.875,2025,3,
Sugarcane,2023-24,BD3035,Gopalganj,618.4,8923.24,35.656,2025,2,
Sugarcane,2024-25,BD3035,Gopalganj,621.01,8887.29,35.363,2025,1,
Sugarcane,2013-14,BD6036,Habiganj,2630.0,3123.0,2.934,2017,2,
Sugarcane,2014-15,BD6036,Habiganj,3123.0,8256.0,6.533,2018,1,
Sugarcane,2015-16,BD6036,Habiganj,2647.0,7481.0,6.984,2019,2,
Sugarcane,2016-17,BD6036,Habiganj,2425.0,7185.0,7.321,2020,3,
Sugarcane,2017-18,BD6036,Habiganj,2425.0,7185.0,7.321,2021,3,
Sugarcane,2018-19,BD6036,Habiganj,2434.0,7128.0,7.237,2021,2,
Sugarcane,2019-20,BD6036,Habiganj,2559.0,7108.0,6.864,2022,2,
Sugarcane,2020-21,BD6036,Habiganj,2387.15,38088.86,39.428,2023,2,
Sugarcane,2021-22,BD6036,Habiganj,2297.5,36796.72,39.576,2024,3,
Sugarcane,2022-23,BD6036,Habiganj,2293.34,36847.13,39.702,2025,3,
Sugarcane,2023-24,BD6036,Habiganj,2073.55,33265.92,39.643,2025,2,
Sugarcane,2024-25,BD6036,Habiganj,1958.0,32969.75,41.609,2025,1,
Sugarcane,2013-14,BD4539,Jamalpur,12843.0,11941.0,2.298,2017,2,
Sugarcane,2014-15,BD4539,Jamalpur,11941.0,246306.0,50.97,2018,1,yoy-jump-gt-10x
Sugarcane,2015-16,BD4539,Jamalpur,12088.0,233498.0,47.732,2019,2,
Sugarcane,2016-17,BD4539,Jamalpur,12310.0,225997.0,45.366,2020,3,
Sugarcane,2017-18,BD4539,Jamalpur,12513.0,231028.0,45.623,2020,3,newest-edition-outlier-rejected
Sugarcane,2018-19,BD4539,Jamalpur,12513.0,231028.0,45.623,2021,2,
Sugarcane,2019-20,BD4539,Jamalpur,11251.0,232932.0,51.159,2022,2,
Sugarcane,2020-21,BD4539,Jamalpur,10398.0,214070.0,50.873,2023,2,
Sugarcane,2021-22,BD4539,Jamalpur,10187.0,213308.0,51.742,2024,3,
Sugarcane,2022-23,BD4539,Jamalpur,9913.0,204309.0,50.929,2025,3,
Sugarcane,2023-24,BD4539,Jamalpur,9764.0,202790.0,51.322,2025,2,
Sugarcane,2024-25,BD4539,Jamalpur,9715.0,200502.0,50.999,2025,1,
Sugarcane,2013-14,BD4041,Jashore,1273.0,1346.0,2.613,2017,2,
Sugarcane,2014-15,BD4041,Jashore,1346.0,20659.0,37.927,2018,1,yoy-jump-gt-10x
Sugarcane,2015-16,BD4041,Jashore,1087.0,19932.0,45.311,2018,1,
Sugarcane,2016-17,BD4041,Jashore,954.0,17168.0,44.469,2020,2,
Sugarcane,2017-18,BD4041,Jashore,954.0,17168.0,44.469,2021,2,
Sugarcane,2018-19,BD4041,Jashore,948.0,17070.0,44.495,2021,2,
Sugarcane,2019-20,BD4041,Jashore,899.0,15800.0,43.429,2022,2,
Sugarcane,2020-21,BD4041,Jashore,481.0,8531.0,43.826,2023,2,
Sugarcane,2021-22,BD4041,Jashore,882.0,16417.0,45.995,2024,3,
Sugarcane,2022-23,BD4041,Jashore,826.0,15270.37,45.683,2025,3,
Sugarcane,2023-24,BD4041,Jashore,824.54,15461.66,46.337,2025,2,
Sugarcane,2024-25,BD4041,Jashore,819.9,15379.51,46.351,2025,1,
Sugarcane,2013-14,BD1042,Jhalokati,262.0,299.0,2.82,2017,2,
Sugarcane,2014-15,BD1042,Jhalokati,299.0,1350.0,11.157,2018,1,
Sugarcane,2015-16,BD1042,Jhalokati,286.0,1363.0,11.776,2018,1,
Sugarcane,2016-17,BD1042,Jhalokati,299.0,1374.0,11.355,2020,2,
Sugarcane,2017-18,BD1042,Jhalokati,299.0,1374.0,11.355,2021,2,
Sugarcane,2018-19,BD1042,Jhalokati,300.0,1897.0,15.625,2021,2,
Sugarcane,2019-20,BD1042,Jhalokati,300.0,1893.0,15.592,2022,2,
Sugarcane,2020-21,BD1042,Jhalokati,279.0,1928.0,17.076,2023,2,
Sugarcane,2021-22,BD1042,Jhalokati,296.0,3189.0,26.622,2024,3,
Sugarcane,2022-23,BD1042,Jhalokati,304.0,3240.0,26.336,2025,3,
Sugarcane,2023-24,BD1042,Jhalokati,305.0,3243.0,26.274,2025,2,
Sugarcane,2024-25,BD1042,Jhalokati,305.0,4982.0,40.363,2025,1,
Sugarcane,2013-14,BD4044,Jhenaidah,4015.0,3728.0,2.294,2017,2,
Sugarcane,2014-15,BD4044,Jhenaidah,3728.0,85960.0,56.977,2018,1,yoy-jump-gt-10x
Sugarcane,2015-16,BD4044,Jhenaidah,4322.0,122551.0,70.067,2018,1,
Sugarcane,2016-17,BD4044,Jhenaidah,3345.0,81434.0,60.158,2020,2,
Sugarcane,2017-18,BD4044,Jhenaidah,3345.0,81434.0,60.158,2021,2,
Sugarcane,2018-19,BD4044,Jhenaidah,1980.0,40211.0,50.184,2021,2,
Sugarcane,2019-20,BD4044,Jhenaidah,2711.0,58898.0,53.685,2022,2,
Sugarcane,2020-21,BD4044,Jhenaidah,2670.0,59385.2,54.96,2023,2,
Sugarcane,2021-22,BD4044,Jhenaidah,2448.0,54215.0,54.726,2024,3,
Sugarcane,2022-23,BD4044,Jhenaidah,2515.0,58806.3,57.779,2025,3,
Sugarcane,2023-24,BD4044,Jhenaidah,2677.0,61389.3,56.666,2025,2,
Sugarcane,2024-25,BD4044,Jhenaidah,2439.0,58336.27,59.103,2025,1,
Sugarcane,2013-14,BD5038,Joypurhat,2426.0,2326.0,2.369,2017,2,
Sugarcane,2014-15,BD5038,Joypurhat,2326.0,51537.0,54.751,2018,1,yoy-jump-gt-10x
Sugarcane,2015-16,BD5038,Joypurhat,2239.0,47489.0,52.411,2019,2,
Sugarcane,2016-17,BD5038,Joypurhat,2207.0,46859.0,52.465,2020,3,
Sugarcane,2017-18,BD5038,Joypurhat,2207.0,46859.0,52.465,2021,3,
Sugarcane,2018-19,BD5038,Joypurhat,2206.0,46846.0,52.475,2021,2,
Sugarcane,2019-20,BD5038,Joypurhat,2212.0,46993.0,52.496,2022,2,
Sugarcane,2020-21,BD5038,Joypurhat,2208.8,43948.21,49.166,2023,2,
Sugarcane,2021-22,BD5038,Joypurhat,2223.13,44076.5,48.992,2024,3,
Sugarcane,2022-23,BD5038,Joypurhat,2236.4,44887.12,49.597,2025,3,
Sugarcane,2023-24,BD5038,Joypurhat,2233.56,45310.25,50.128,2025,2,
Sugarcane,2024-25,BD5038,Joypurhat,2238.6,43586.2,48.112,2025,1,
Sugarcane,2013-14,BD2046,Khagrachhari,606.0,626.0,2.553,2017,2,
Sugarcane,2014-15,BD2046,Khagrachhari,626.0,6294.0,24.845,2018,1,yoy-jump-gt-10x
Sugarcane,2015-16,BD2046,Khagrachhari,638.0,6053.0,23.444,2018,1,
Sugarcane,2016-17,BD2046,Khagrachhari,607.0,5488.0,22.341,2020,2,
Sugarcane,2017-18,BD2046,Khagrachhari,607.0,5488.0,22.341,2021,2,
Sugarcane,2018-19,BD2046,Khagrachhari,612.0,5500.0,22.207,2021,2,
Sugarcane,2019-20,BD2046,Khagrachhari,631.0,5686.0,22.267,2022,2,
Sugarcane,2020-21,BD2046,Khagrachhari,641.3,5815.67,22.409,2023,2,
Sugarcane,2021-22,BD2046,Khagrachhari,647.65,5845.93,22.305,2024,3,
Sugarcane,2022-23,BD2046,Khagrachhari,651.2,5899.46,22.386,2025,3,
Sugarcane,2023-24,BD2046,Khagrachhari,654.43,5933.46,22.404,2025,2,
Sugarcane,2024-25,BD2046,Khagrachhari,654.0,5864.3,22.157,2025,1,
Sugarcane,2013-14,BD4047,Khulna,255.0,224.0,2.171,2017,2,
Sugarcane,2014-15,BD4047,Khulna,224.0,3664.0,40.419,2018,1,yoy-jump-gt-10x
Sugarcane,2015-16,BD4047,Khulna,104.0,1474.0,35.022,2018,1,
Sugarcane,2016-17,BD4047,Khulna,101.0,7452.0,182.32,2020,2,
Sugarcane,2017-18,BD4047,Khulna,101.0,7452.0,182.32,2021,2,
Sugarcane,2018-19,BD4047,Khulna,99.0,1473.0,36.766,2021,2,
Sugarcane,2019-20,BD4047,Khulna,86.0,1490.0,42.812,2022,2,
Sugarcane,2020-21,BD4047,Khulna,105.0,1459.07,34.337,2023,2,
Sugarcane,2021-22,BD4047,Khulna,88.0,1130.0,31.731,2024,3,
Sugarcane,2022-23,BD4047,Khulna,91.75,1210.0,32.588,2025,3,
Sugarcane,2023-24,BD4047,Khulna,90.75,1216.15,33.115,2025,2,
Sugarcane,2024-25,BD4047,Khulna,91.85,1248.99,33.602,2025,1,
Sugarcane,2013-14,BD3048,Kishoreganj,142.0,140.0,2.436,2017,2,
Sugarcane,2014-15,BD3048,Kishoreganj,140.0,1056.0,18.639,2018,1,
Sugarcane,2015-16,BD3048,Kishoreganj,124.0,1019.0,20.306,2018,1,
Sugarcane,2016-17,BD3048,Kishoreganj,61.0,529.0,21.429,2020,2,
Sugarcane,2017-18,BD3048,Kishoreganj,61.0,529.0,21.429,2021,2,
Sugarcane,2018-19,BD3048,Kishoreganj,60.0,548.0,22.569,2021,2,
Sugarcane,2019-20,BD3048,Kishoreganj,148.0,1930.0,32.224,2022,2,
Sugarcane,2020-21,BD3048,Kishoreganj,49.79,594.7,29.515,2023,2,
Sugarcane,2021-22,BD3048,Kishoreganj,47.47,509.23,26.508,2024,3,
Sugarcane,2022-23,BD3048,Kishoreganj,48.6,509.19,25.89,2025,3,
Sugarcane,2023-24,BD3048,Kishoreganj,48.38,513.9,26.248,2025,2,
Sugarcane,2024-25,BD3048,Kishoreganj,48.64,520.65,26.451,2025,1,
Sugarcane,2013-14,BD5549,Kurigram,473.0,664.0,3.469,2017,2,
Sugarcane,2014-15,BD5549,Kurigram,664.0,9099.0,33.862,2018,1,yoy-jump-gt-10x
Sugarcane,2015-16,BD5549,Kurigram,712.0,10401.0,36.097,2019,2,
Sugarcane,2016-17,BD5549,Kurigram,708.0,10895.0,38.026,2020,3,
Sugarcane,2017-18,BD5549,Kurigram,711.0,10568.0,36.729,2020,3,newest-edition-outlier-rejected
Sugarcane,2018-19,BD5549,Kurigram,711.0,10568.0,36.729,2021,2,
Sugarcane,2019-20,BD5549,Kurigram,694.0,10284.0,36.617,2022,2,
Sugarcane,2020-21,BD5549,Kurigram,703.0,10363.0,36.426,2023,2,
Sugarcane,2021-22,BD5549,Kurigram,699.6,9809.21,34.647,2024,3,
Sugarcane,2022-23,BD5549,Kurigram,634.7,8518.08,33.163,2025,3,
Sugarcane,2023-24,BD5549,Kurigram,630.0,8967.0,35.171,2025,2,
Sugarcane,2024-25,BD5549,Kurigram,605.0,8664.0,35.387,2025,1,
Sugarcane,2013-14,BD4050,Kushtia,11932.0,10259.0,2.125,2017,2,
Sugarcane,2014-15,BD4050,Kushtia,10259.0,211270.0,50.888,2018,1,yoy-jump-gt-10x
Sugarcane,2015-16,BD4050,Kushtia,9820.0,200496.0,50.452,2018,1,
Sugarcane,2016-17,BD4050,Kushtia,8970.0,183162.0,50.457,2020,2,
Sugarcane,2017-18,BD4050,Kushtia,8970.0,183162.0,50.457,2021,2,
Sugarcane,2018-19,BD4050,Kushtia,8885.0,170305.0,47.364,2021,2,
Sugarcane,2019-20,BD4050,Kushtia,8667.0,168757.0,48.114,2022,2,
Sugarcane,2020-21,BD4050,Kushtia,8532.0,165376.0,47.896,2023,2,
Sugarcane,2021-22,BD4050,Kushtia,8428.0,164507.0,48.233,2024,3,
Sugarcane,2022-23,BD4050,Kushtia,7901.0,159414.0,49.857,2025,3,
Sugarcane,2023-24,BD4050,Kushtia,7080.0,163142.0,56.94,2025,2,
Sugarcane,2024-25,BD4050,Kushtia,6646.0,156668.0,58.251,2025,1,
Sugarcane,2013-14,BD2051,Lakshmipur,422.0,341.0,1.997,2017,2,
Sugarcane,2014-15,BD2051,Lakshmipur,341.0,1270.0,9.203,2018,1,
Sugarcane,2015-16,BD2051,Lakshmipur,332.0,1230.0,9.155,2018,1,
Sugarcane,2016-17,BD2051,Lakshmipur,332.0,3600.0,26.795,2020,2,
Sugarcane,2017-18,BD2051,Lakshmipur,332.0,3600.0,26.795,2021,2,
Sugarcane,2018-19,BD2051,Lakshmipur,340.0,3712.0,26.978,2021,2,
Sugarcane,2019-20,BD2051,Lakshmipur,342.0,3753.0,27.117,2022,2,
Sugarcane,2020-21,BD2051,Lakshmipur,335.0,3712.0,27.381,2023,2,
Sugarcane,2021-22,BD2051,Lakshmipur,323.4,3957.0,30.235,2024,3,
Sugarcane,2022-23,BD2051,Lakshmipur,319.1,4318.2,33.439,2025,3,
Sugarcane,2023-24,BD2051,Lakshmipur,321.0,4331.53,33.344,2025,2,
Sugarcane,2024-25,BD2051,Lakshmipur,323.5,4352.65,33.248,2025,1,
Sugarcane,2013-14,BD5552,Lalmonirhat,281.0,255.0,2.242,2017,2,
Sugarcane,2014-15,BD5552,Lalmonirhat,255.0,3537.0,34.275,2018,1,yoy-jump-gt-10x
Sugarcane,2015-16,BD5552,Lalmonirhat,264.0,3341.0,31.272,2019,2,
Sugarcane,2016-17,BD5552,Lalmonirhat,263.0,3527.0,33.138,2020,3,
Sugarcane,2017-18,BD5552,Lalmonirhat,263.0,3527.0,33.138,2021,3,
Sugarcane,2018-19,BD5552,Lalmonirhat,277.0,3541.0,31.588,2021,2,
Sugarcane,2019-20,BD5552,Lalmonirhat,298.0,3962.0,32.853,2022,2,
Sugarcane,2020-21,BD5552,Lalmonirhat,289.0,3861.0,33.013,2023,2,
Sugarcane,2021-22,BD5552,Lalmonirhat,290.5,3843.82,32.696,2024,3,
Sugarcane,2022-23,BD5552,Lalmonirhat,293.4,3856.06,32.476,2025,3,
Sugarcane,2023-24,BD5552,Lalmonirhat,295.4,4005.0,33.502,2025,2,
Sugarcane,2024-25,BD5552,Lalmonirhat,296.0,4323.0,36.089,2025,1,
Sugarcane,2013-14,BD3054,Madaripur,1407.0,1352.0,2.374,2017,2,
Sugarcane,2014-15,BD3054,Madaripur,1352.0,30555.0,55.845,2018,1,yoy-jump-gt-10x
Sugarcane,2015-16,BD3054,Madaripur,1300.0,25371.0,48.225,2018,1,
Sugarcane,2016-17,BD3054,Madaripur,1252.0,24168.0,47.7,2020,2,
Sugarcane,2017-18,BD3054,Madaripur,1252.0,24168.0,47.7,2021,2,
Sugarcane,2018-19,BD3054,Madaripur,261.0,5585.0,52.877,2021,2,
Sugarcane,2019-20,BD3054,Madaripur,904.0,17202.0,47.021,2022,2,
Sugarcane,2020-21,BD3054,Madaripur,843.0,15892.0,46.584,2023,2,
Sugarcane,2021-22,BD3054,Madaripur,1033.4,19359.42,46.292,2024,3,
Sugarcane,2022-23,BD3054,Madaripur,1009.0,18519.7,45.355,2025,3,
Sugarcane,2023-24,BD3054,Madaripur,1020.43,18096.31,43.822,2025,2,
Sugarcane,2024-25,BD3054,Madaripur,927.32,16039.77,42.742,2025,1,
Sugarcane,2013-14,BD4055,Magura,620.0,537.0,2.14,2017,2,
Sugarcane,2014-15,BD4055,Magura,537.0,7684.0,35.359,2018,1,yoy-jump-gt-10x
Sugarcane,2015-16,BD4055,Magura,507.0,7167.0,34.931,2019,2,
Sugarcane,2016-17,BD4055,Magura,343.0,4537.0,32.686,2020,3,
Sugarcane,2017-18,BD4055,Magura,294.0,3746.0,31.485,2020,3,newest-edition-outlier-rejected
Sugarcane,2018-19,BD4055,Magura,294.0,3746.0,31.485,2021,2,
Sugarcane,2019-20,BD4055,Magura,245.0,3138.0,31.65,2022,2,
Sugarcane,2020-21,BD4055,Magura,246.8,3178.03,31.82,2023,2,
Sugarcane,2021-22,BD4055,Magura,243.0,3140.0,31.93,2024,3,
Sugarcane,2022-23,BD4055,Magura,244.3,3279.43,33.171,2025,3,
Sugarcane,2023-24,BD4055,Magura,249.82,3402.37,33.654,2025,2,
Sugarcane,2024-25,BD4055,Magura,243.52,3296.43,33.45,2025,1,
Sugarcane,2013-14,BD3056,Manikganj,4725.0,4522.0,2.365,2017,2,
Sugarcane,2014-15,BD3056,Manikganj,4522.0,26075.0,14.249,2018,1,
Sugarcane,2015-16,BD3056,Manikganj,4522.0,26075.0,14.249,2018,1,
Sugarcane,2016-17,BD3056,Manikganj,4602.0,28369.0,15.233,2020,2,
Sugarcane,2017-18,BD3056,Manikganj,4602.0,28369.0,15.233,2021,2,
Sugarcane,2018-19,BD3056,Manikganj,4586.0,28167.0,15.177,2021,2,
Sugarcane,2019-20,BD3056,Manikganj,4591.0,19643.0,10.573,2022,2,
Sugarcane,2020-21,BD3056,Manikganj,4696.85,93178.46,49.022,2023,2,
Sugarcane,2021-22,BD3056,Manikganj,3798.13,76072.1,49.492,2024,3,
Sugarcane,2022-23,BD3056,Manikganj,3460.05,69211.87,49.429,2025,3,
Sugarcane,2023-24,BD3056,Manikganj,3047.0,60552.55,49.107,2025,2,
Sugarcane,2024-25,BD3056,Manikganj,2727.25,54032.16,48.956,2025,1,
Sugarcane,2013-14,BD4057,Meherpur,1021.0,1017.0,2.461,2017,2,
Sugarcane,2014-15,BD4057,Meherpur,1017.0,20353.0,49.453,2018,1,yoy-jump-gt-10x
Sugarcane,2015-16,BD4057,Meherpur,1009.0,20196.0,49.46,2019,2,
Sugarcane,2016-17,BD4057,Meherpur,927.0,16863.0,44.951,2020,3,
Sugarcane,2017-18,BD4057,Meherpur,927.0,16863.0,44.951,2021,3,
Sugarcane,2018-19,BD4057,Meherpur,930.0,16956.0,45.053,2021,2,
Sugarcane,2019-20,BD4057,Meherpur,720.0,13062.0,44.829,2022,2,
Sugarcane,2020-21,BD4057,Meherpur,745.0,13486.47,44.733,2023,2,
Sugarcane,2021-22,BD4057,Meherpur,714.0,14227.0,49.238,2024,3,
Sugarcane,2022-23,BD4057,Meherpur,428.0,8953.68,51.694,2025,3,
Sugarcane,2023-24,BD4057,Meherpur,381.0,8024.11,52.042,2025,2,
Sugarcane,2024-25,BD4057,Meherpur,384.0,8121.53,52.262,2025,1,
Sugarcane,2013-14,BD6058,Moulvibazar,301.0,197.0,1.617,2017,2,
Sugarcane,2014-15,BD6058,Moulvibazar,197.0,3885.0,48.731,2018,1,yoy-jump-gt-10x
Sugarcane,2015-16,BD6058,Moulvibazar,140.0,413.0,7.29,2019,2,
Sugarcane,2016-17,BD6058,Moulvibazar,137.0,408.0,7.359,2020,3,
Sugarcane,2017-18,BD6058,Moulvibazar,128.0,384.0,7.413,2020,3,newest-edition-outlier-rejected
Sugarcane,2018-19,BD6058,Moulvibazar,128.0,384.0,7.413,2021,2,
Sugarcane,2019-20,BD6058,Moulvibazar,49.0,90.0,4.539,2022,2,
Sugarcane,2020-21,BD6058,Moulvibazar,50.0,309.09,15.276,2023,2,
Sugarcane,2021-22,BD6058,Moulvibazar,106.75,661.03,15.302,2024,3,
Sugarcane,2022-23,BD6058,Moulvibazar,108.0,864.46,19.779,2025,3,
Sugarcane,2023-24,BD6058,Moulvibazar,91.43,713.8,19.292,2025,2,
Sugarcane,2024-25,BD6058,Moulvibazar,95.15,742.22,19.276,2025,1,
Sugarcane,2013-14,BD3059,Munshiganj,295.0,302.0,2.53,2017,2,
Sugarcane,2014-15,BD3059,Munshiganj,302.0,2412.0,19.736,2018,1,
Sugarcane,2015-16,BD3059,Munshiganj,290.0,2127.0,18.124,2018,1,
Sugarcane,2016-17,BD3059,Munshiganj,298.0,2108.0,17.48,2020,2,
Sugarcane,2017-18,BD3059,Munshiganj,298.0,2108.0,17.48,2021,2,
Sugarcane,2018-19,BD3059,Munshiganj,296.0,2237.0,18.675,2021,2,
Sugarcane,2019-20,BD3059,Munshiganj,307.0,2527.0,20.34,2022,2,
Sugarcane,2020-21,BD3059,Munshiganj,311.0,2516.49,19.995,2023,2,
Sugarcane,2021-22,BD3059,Munshiganj,487.6,6266.35,31.757,2024,3,
Sugarcane,2022-23,BD3059,Munshiganj,501.95,6265.55,30.845,2025,3,
Sugarcane,2023-24,BD3059,Munshiganj,494.5,6199.85,30.981,2025,2,
Sugarcane,2024-25,BD3059,Munshiganj,518.74,6457.63,30.761,2025,1,
Sugarcane,2013-14,BD4561,Mymensingh,5174.0,6745.0,3.221,2017,2,
Sugarcane,2014-15,BD4561,Mymensingh,6745.0,94815.0,34.736,2018,1,yoy-jump-gt-10x
Sugarcane,2015-16,BD4561,Mymensingh,5768.0,86251.0,36.951,2019,2,
Sugarcane,2016-17,BD4561,Mymensingh,5680.0,85530.0,37.209,2020,3,
Sugarcane,2017-18,BD4561,Mymensingh,5680.0,85530.0,37.209,2021,3,
Sugarcane,2018-19,BD4561,Mymensingh,5624.0,84238.0,37.012,2021,2,
Sugarcane,2019-20,BD4561,Mymensingh,5642.0,84381.0,36.957,2022,2,
Sugarcane,2020-21,BD4561,Mymensingh,5643.0,84397.0,36.957,2023,2,
Sugarcane,2021-22,BD4561,Mymensingh,5176.0,80881.0,38.613,2024,3,
Sugarcane,2022-23,BD4561,Mymensingh,5181.0,80888.0,38.579,2025,3,
Sugarcane,2023-24,BD4561,Mymensingh,5197.0,81063.0,38.544,2025,2,
Sugarcane,2024-25,BD4561,Mymensingh,5192.0,80993.0,38.547,2025,1,
Sugarcane,2013-14,BD5064,Naogaon,3679.0,1608.0,1.08,2017,2,
Sugarcane,2014-15,BD5064,Naogaon,1608.0,32537.0,50.0,2018,1,yoy-jump-gt-10x
Sugarcane,2015-16,BD5064,Naogaon,1437.0,28534.0,49.067,2019,2,
Sugarcane,2016-17,BD5064,Naogaon,1410.0,27744.0,48.622,2020,3,
Sugarcane,2017-18,BD5064,Naogaon,1242.0,24823.0,49.387,2020,3,newest-edition-outlier-rejected
Sugarcane,2018-19,BD5064,Naogaon,1242.0,24823.0,49.387,2021,2,
Sugarcane,2019-20,BD5064,Naogaon,1058.0,20799.0,48.578,2022,2,
Sugarcane,2020-21,BD5064,Naogaon,1022.0,20066.69,48.518,2023,2,
Sugarcane,2021-22,BD5064,Naogaon,818.5,16758.35,50.593,2024,3,
Sugarcane,2022-23,BD5064,Naogaon,657.97,13794.87,51.808,2025,3,
Sugarcane,2023-24,BD5064,Naogaon,581.73,12320.6,52.335,2025,2,
Sugarcane,2024-25,BD5064,Naogaon,538.3,11232.13,51.561,2025,1,
Sugarcane,2013-14,BD4065,Narail,1782.0,1706.0,2.366,2017,2,
Sugarcane,2014-15,BD4065,Narail,1706.0,26596.0,38.523,2018,1,yoy-jump-gt-10x
Sugarcane,2015-16,BD4065,Narail,1706.0,26647.0,38.597,2019,2,
Sugarcane,2016-17,BD4065,Narail,1683.0,26477.0,38.875,2020,3,
Sugarcane,2017-18,BD4065,Narail,1779.0,27541.0,38.255,2020,3,newest-edition-outlier-rejected
Sugarcane,2018-19,BD4065,Narail,1779.0,27541.0,38.255,2021,2,
Sugarcane,2019-20,BD4065,Narail,1690.0,25966.0,37.966,2022,2,
Sugarcane,2020-21,BD4065,Narail,1654.0,25776.0,38.509,2023,2,
Sugarcane,2021-22,BD4065,Narail,1705.0,26860.0,38.928,2024,3,
Sugarcane,2022-23,BD4065,Narail,1728.0,27231.64,38.941,2025,3,
Sugarcane,2023-24,BD4065,Narail,1737.0,27379.05,38.949,2025,2,
Sugarcane,2024-25,BD4065,Narail,1733.0,26254.0,37.435,2025,1,
Sugarcane,2013-14,BD3067,Narayanganj,172.0,170.0,2.442,2017,2,
Sugarcane,2014-15,BD3067,Narayanganj,137.0,1596.0,28.787,2018,1,
Sugarcane,2015-16,BD3067,Narayanganj,134.0,1612.0,29.726,2018,1,
Sugarcane,2016-17,BD3067,Narayanganj,137.0,720.0,12.987,2020,2,
Sugarcane,2017-18,BD3067,Narayanganj,137.0,720.0,12.987,2021,2,
Sugarcane,2018-19,BD3067,Narayanganj,146.0,814.0,13.777,2021,2,
Sugarcane,2019-20,BD3067,Narayanganj,127.0,664.0,12.92,2022,2,
Sugarcane,2020-21,BD3067,Narayanganj,124.31,620.62,12.337,2023,2,
Sugarcane,2021-22,BD3067,Narayanganj,119.55,634.8,13.121,2024,3,
Sugarcane,2022-23,BD3067,Narayanganj,121.88,647.58,13.129,2025,3,
Sugarcane,2023-24,BD3067,Narayanganj,121.56,640.59,13.022,2025,2,
Sugarcane,2024-25,BD3067,Narayanganj,121.6,640.95,13.025,2025,1,
Sugarcane,2013-14,BD3068,Narsingdi,116.0,137.0,2.918,2017,2,
Sugarcane,2014-15,BD3068,Narsingdi,5309.0,90436.0,42.093,2018,1,yoy-jump-gt-10x
Sugarcane,2015-16,BD3068,Narsingdi,5309.0,90436.0,42.093,2018,1,
Sugarcane,2016-17,BD3068,Narsingdi,124.0,1527.0,30.43,2020,2,yoy-jump-gt-10x
Sugarcane,2017-18,BD3068,Narsingdi,124.0,1527.0,30.43,2021,2,
Sugarcane,2018-19,BD3068,Narsingdi,129.0,1507.0,28.867,2021,2,
Sugarcane,2019-20,BD3068,Narsingdi,183.0,1596.0,21.551,2022,2,
Sugarcane,2020-21,BD3068,Narsingdi,188.6,1742.44,22.83,2023,2,
Sugarcane,2021-22,BD3068,Narsingdi,137.86,1631.15,29.237,2024,3,
Sugarcane,2022-23,BD3068,Narsingdi,198.5,2514.03,31.296,2025,3,
Sugarcane,2023-24,BD3068,Narsingdi,147.91,1744.99,29.153,2025,2,
Sugarcane,2024-25,BD3068,Narsingdi,303.72,3469.52,28.228,2025,1,
Sugarcane,2013-14,BD5069,Natore,53278.0,59269.0,2.749,2017,2,
Sugarcane,2014-15,BD5069,Natore,59269.0,1284872.0,53.569,2018,1,yoy-jump-gt-10x
Sugarcane,2015-16,BD5069,Natore,56432.0,1213101.0,53.119,2019,2,
Sugarcane,2016-17,BD5069,Natore,60685.0,1189958.0,48.454,2020,3,
Sugarcane,2017-18,BD5069,Natore,60685.0,1189958.0,48.454,2021,3,
Sugarcane,2018-19,BD5069,Natore,60480.0,1185036.0,48.417,2021,2,
Sugarcane,2019-20,BD5069,Natore,60454.0,1184233.0,48.405,2022,2,
Sugarcane,2020-21,BD5069,Natore,53100.0,968007.92,45.047,2023,2,
Sugarcane,2021-22,BD5069,Natore,52293.7,965173.35,45.608,2024,3,
Sugarcane,2022-23,BD5069,Natore,51405.3,928965.37,44.655,2025,3,
Sugarcane,2023-24,BD5069,Natore,51506.13,932006.42,44.714,2025,2,
Sugarcane,2024-25,BD5069,Natore,51302.97,946650.82,45.596,2025,1,
Sugarcane,2013-14,BD4572,Netrakona,66.0,70.0,2.621,2017,2,
Sugarcane,2014-15,BD4572,Netrakona,70.0,755.0,26.652,2018,1,yoy-jump-gt-10x
Sugarcane,2015-16,BD4572,Netrakona,54.0,662.0,30.293,2019,2,
Sugarcane,2016-17,BD4572,Netrakona,60.0,726.0,29.9,2020,3,
Sugarcane,2017-18,BD4572,Netrakona,60.0,726.0,29.9,2021,3,
Sugarcane,2018-19,BD4572,Netrakona,63.0,734.0,28.79,2021,2,
Sugarcane,2019-20,BD4572,Netrakona,69.0,851.0,30.476,2022,2,
Sugarcane,2020-21,BD4572,Netrakona,48.0,636.0,32.741,2023,2,
Sugarcane,2021-22,BD4572,Netrakona,47.0,607.0,31.913,2024,3,
Sugarcane,2022-23,BD4572,Netrakona,57.0,878.0,38.063,2025,3,
Sugarcane,2023-24,BD4572,Netrakona,60.0,926.0,38.137,2025,2,
Sugarcane,2024-25,BD4572,Netrakona,68.0,901.0,32.741,2025,1,
Sugarcane,2013-14,BD5573,Nilphamari,187.0,202.0,2.669,2017,2,
Sugarcane,2014-15,BD5573,Nilphamari,202.0,4761.0,58.241,2018,1,yoy-jump-gt-10x
Sugarcane,2015-16,BD5573,Nilphamari,190.0,4561.0,59.318,2019,2,
Sugarcane,2016-17,BD5573,Nilphamari,183.0,4420.0,59.683,2020,3,
Sugarcane,2017-18,BD5573,Nilphamari,190.0,5013.0,65.197,2020,3,newest-edition-outlier-rejected
Sugarcane,2018-19,BD5573,Nilphamari,190.0,5013.0,65.197,2021,2,
Sugarcane,2019-20,BD5573,Nilphamari,296.0,7958.0,66.435,2022,2,
Sugarcane,2020-21,BD5573,Nilphamari,289.0,6680.0,57.116,2023,2,
Sugarcane,2021-22,BD5573,Nilphamari,285.7,6022.89,52.093,2024,3,
Sugarcane,2022-23,BD5573,Nilphamari,278.1,5760.12,51.181,2025,3,
Sugarcane,2023-24,BD5573,Nilphamari,278.0,4914.96,43.687,2025,2,
Sugarcane,2024-25,BD5573,Nilphamari,295.0,5254.0,44.01,2025,1,
Sugarcane,2013-14,BD2075,Noakhali,360.0,368.0,2.526,2017,2,
Sugarcane,2014-15,BD2075,Noakhali,368.0,2055.0,13.799,2018,1,
Sugarcane,2015-16,BD2075,Noakhali,304.0,1686.0,13.705,2018,1,
Sugarcane,2016-17,BD2075,Noakhali,309.0,1502.0,12.011,2020,2,
Sugarcane,2017-18,BD2075,Noakhali,309.0,1502.0,12.011,2021,2,
Sugarcane,2018-19,BD2075,Noakhali,226.0,1443.0,15.778,2021,2,
Sugarcane,2019-20,BD2075,Noakhali,197.0,963.0,12.079,2022,2,
Sugarcane,2020-21,BD2075,Noakhali,210.23,1848.8,21.731,2023,2,
Sugarcane,2021-22,BD2075,Noakhali,212.13,2316.86,26.989,2024,3,
Sugarcane,2022-23,BD2075,Noakhali,217.41,2359.91,26.822,2025,3,
Sugarcane,2023-24,BD2075,Noakhali,218.37,2393.97,27.09,2025,2,
Sugarcane,2024-25,BD2075,Noakhali,204.0,2189.22,26.518,2025,1,
Sugarcane,2013-14,BD5076,Pabna,9462.0,9567.0,2.498,2017,2,
Sugarcane,2014-15,BD5076,Pabna,9567.0,177415.0,45.824,2018,1,yoy-jump-gt-10x
Sugarcane,2015-16,BD5076,Pabna,9529.0,180595.0,46.832,2019,2,
Sugarcane,2016-17,BD5076,Pabna,8356.0,159821.0,47.263,2020,3,
Sugarcane,2017-18,BD5076,Pabna,8355.0,24046.0,7.112,2020,3,newest-edition-outlier-rejected
Sugarcane,2018-19,BD5076,Pabna,8355.0,24046.0,7.112,2021,2,
Sugarcane,2019-20,BD5076,Pabna,8200.0,156497.0,47.16,2022,2,
Sugarcane,2020-21,BD5076,Pabna,8016.0,152795.98,47.102,2023,2,
Sugarcane,2021-22,BD5076,Pabna,7951.0,151338.0,47.034,2024,3,
Sugarcane,2022-23,BD5076,Pabna,7905.0,150627.0,47.085,2025,3,
Sugarcane,2023-24,BD5076,Pabna,7675.0,149044.08,47.986,2025,2,
Sugarcane,2024-25,BD5076,Pabna,7570.0,148087.56,48.34,2025,1,
Sugarcane,2013-14,BD5577,Panchagarh,10732.0,10920.0,2.514,2017,2,
Sugarcane,2014-15,BD5577,Panchagarh,10920.0,110017.0,24.895,2018,1,yoy-jump-gt-10x
Sugarcane,2015-16,BD5577,Panchagarh,10215.0,103915.0,25.137,2019,2,
Sugarcane,2016-17,BD5577,Panchagarh,10057.0,94924.0,23.323,2020,3,
Sugarcane,2017-18,BD5577,Panchagarh,9705.0,125130.0,31.86,2020,3,newest-edition-outlier-rejected
Sugarcane,2018-19,BD5577,Panchagarh,9705.0,125130.0,31.86,2021,2,
Sugarcane,2019-20,BD5577,Panchagarh,7497.0,76774.0,25.305,2022,2,
Sugarcane,2020-21,BD5577,Panchagarh,6516.0,74890.0,28.4,2023,2,
Sugarcane,2021-22,BD5577,Panchagarh,3614.0,40736.5,27.853,2024,3,
Sugarcane,2022-23,BD5577,Panchagarh,1619.0,17417.9,26.585,2025,3,
Sugarcane,2023-24,BD5577,Panchagarh,1342.0,14320.0,26.368,2025,2,
Sugarcane,2024-25,BD5577,Panchagarh,1102.0,11540.0,25.877,2025,1,
Sugarcane,2013-14,BD1078,Patuakhali,94.0,90.0,2.366,2017,2,
Sugarcane,2014-15,BD1078,Patuakhali,90.0,134.0,3.679,2018,1,
Sugarcane,2015-16,BD1078,Patuakhali,85.0,153.0,4.448,2018,1,
Sugarcane,2016-17,BD1078,Patuakhali,90.0,162.0,4.448,2020,2,
Sugarcane,2017-18,BD1078,Patuakhali,90.0,162.0,4.448,2021,2,
Sugarcane,2018-19,BD1078,Patuakhali,87.0,345.0,9.799,2021,2,
Sugarcane,2019-20,BD1078,Patuakhali,66.0,309.0,11.569,2022,2,
Sugarcane,2020-21,BD1078,Patuakhali,68.0,286.45,10.409,2023,2,
Sugarcane,2021-22,BD1078,Patuakhali,73.0,320.0,10.832,2024,3,
Sugarcane,2022-23,BD1078,Patuakhali,71.0,302.0,10.511,2025,3,
Sugarcane,2023-24,BD1078,Patuakhali,70.0,298.0,10.52,2025,2,
Sugarcane,2024-25,BD1078,Patuakhali,165.0,2770.0,41.484,2025,1,
Sugarcane,2013-14,BD1079,Pirojpur,396.0,394.0,2.459,2017,2,
Sugarcane,2014-15,BD1079,Pirojpur,394.0,1789.0,11.22,2018,1,
Sugarcane,2015-16,BD1079,Pirojpur,371.0,1802.0,12.002,2018,1,
Sugarcane,2016-17,BD1079,Pirojpur,380.0,1885.0,12.258,2020,2,
Sugarcane,2017-18,BD1079,Pirojpur,380.0,1885.0,12.258,2021,2,
Sugarcane,2018-19,BD1079,Pirojpur,378.0,1884.0,12.316,2021,2,
Sugarcane,2019-20,BD1079,Pirojpur,395.0,2979.0,18.636,2022,2,
Sugarcane,2020-21,BD1079,Pirojpur,361.0,2296.0,15.716,2023,2,
Sugarcane,2021-22,BD1079,Pirojpur,336.0,2361.0,17.364,2024,3,
Sugarcane,2022-23,BD1079,Pirojpur,327.0,2301.0,17.388,2025,3,
Sugarcane,2023-24,BD1079,Pirojpur,328.0,2305.0,17.365,2025,2,
Sugarcane,2024-25,BD1079,Pirojpur,343.0,3278.0,23.615,2025,1,
Sugarcane,2013-14,BD3082,Rajbari,8325.0,5309.0,1.576,2017,2,
Sugarcane,2014-15,BD3082,Rajbari,1185.0,14761.0,30.781,2018,1,
Sugarcane,2015-16,BD3082,Rajbari,1177.0,14881.0,31.242,2018,1,
Sugarcane,2016-17,BD3082,Rajbari,3139.0,55215.0,43.466,2020,2,
Sugarcane,2017-18,BD3082,Rajbari,3139.0,55215.0,43.466,2021,2,
Sugarcane,2018-19,BD3082,Rajbari,3268.0,57790.0,43.697,2021,2,
Sugarcane,2019-20,BD3082,Rajbari,2174.0,39160.0,44.511,2022,2,
Sugarcane,2020-21,BD3082,Rajbari,3301.0,58261.0,43.613,2023,2,
Sugarcane,2021-22,BD3082,Rajbari,2632.0,47600.0,44.689,2024,3,
Sugarcane,2022-23,BD3082,Rajbari,2415.0,41763.0,42.732,2025,3,
Sugarcane,2023-24,BD3082,Rajbari,2339.0,39484.0,41.713,2025,2,
Sugarcane,2024-25,BD3082,Rajbari,2351.0,39496.0,41.513,2025,1,
Sugarcane,2013-14,BD5081,Rajshahi,37325.0,32020.0,2.12,2017,2,
Sugarcane,2014-15,BD5081,Rajshahi,32020.0,592325.0,45.711,2018,1,yoy-jump-gt-10x
Sugarcane,2015-16,BD5081,Rajshahi,27579.0,503722.0,45.133,2019,2,
Sugarcane,2016-17,BD5081,Rajshahi,24731.0,463103.0,46.272,2020,3,
Sugarcane,2017-18,BD5081,Rajshahi,24649.0,448486.0,44.961,2020,3,newest-edition-outlier-rejected
Sugarcane,2018-19,BD5081,Rajshahi,24649.0,448486.0,44.961,2021,2,
Sugarcane,2019-20,BD5081,Rajshahi,25414.0,472220.0,45.915,2022,2,
Sugarcane,2020-21,BD5081,Rajshahi,17582.5,321008.13,45.115,2023,2,
Sugarcane,2021-22,BD5081,Rajshahi,13565.35,251000.62,45.722,2024,3,
Sugarcane,2022-23,BD5081,Rajshahi,12755.0,226012.39,43.786,2025,3,
Sugarcane,2023-24,BD5081,Rajshahi,12271.34,218312.99,43.961,2025,2,
Sugarcane,2024-25,BD5081,Rajshahi,12526.01,217184.0,42.845,2025,1,
Sugarcane,2013-14,BD2084,Rangamati,540.0,533.0,2.439,2017,2,
Sugarcane,2014-15,BD2084,Rangamati,533.0,8696.0,40.316,2018,1,yoy-jump-gt-10x
Sugarcane,2015-16,BD2084,Rangamati,543.0,9591.0,43.646,2018,1,
Sugarcane,2016-17,BD2084,Rangamati,561.0,9502.0,41.854,2020,2,
Sugarcane,2017-18,BD2084,Rangamati,561.0,9502.0,41.854,2021,2,
Sugarcane,2018-19,BD2084,Rangamati,570.0,8349.0,36.194,2021,2,
Sugarcane,2019-20,BD2084,Rangamati,551.0,7399.0,33.182,2022,2,
Sugarcane,2020-21,BD2084,Rangamati,534.9,7738.59,35.75,2023,2,
Sugarcane,2021-22,BD2084,Rangamati,525.3,7535.15,35.446,2024,3,
Sugarcane,2022-23,BD2084,Rangamati,518.12,7356.67,35.086,2025,3,
Sugarcane,2023-24,BD2084,Rangamati,513.62,7214.72,34.71,2025,2,
Sugarcane,2024-25,BD2084,Rangamati,513.86,7217.47,34.707,2025,1,
Sugarcane,2013-14,BD5585,Rangpur,4970.0,4769.0,2.371,2017,2,
Sugarcane,2014-15,BD5585,Rangpur,4769.0,103516.0,53.637,2018,1,yoy-jump-gt-10x
Sugarcane,2015-16,BD5585,Rangpur,4753.0,103105.0,53.604,2019,2,
Sugarcane,2016-17,BD5585,Rangpur,4739.0,103063.0,53.74,2020,3,
Sugarcane,2017-18,BD5585,Rangpur,4082.0,90700.0,54.906,2020,3,newest-edition-outlier-rejected
Sugarcane,2018-19,BD5585,Rangpur,4082.0,90700.0,54.906,2021,2,
Sugarcane,2019-20,BD5585,Rangpur,4617.0,106350.0,56.919,2022,2,
Sugarcane,2020-21,BD5585,Rangpur,3134.0,72071.0,56.826,2023,2,
Sugarcane,2021-22,BD5585,Rangpur,959.0,20914.0,53.889,2024,3,
Sugarcane,2022-23,BD5585,Rangpur,964.0,21089.0,54.058,2025,3,
Sugarcane,2023-24,BD5585,Rangpur,946.0,20647.0,53.932,2025,2,
Sugarcane,2024-25,BD5585,Rangpur,952.0,20283.0,52.647,2025,1,
Sugarcane,2013-14,BD4087,Satkhira,1492.0,314.0,0.52,2017,2,
Sugarcane,2014-15,BD4087,Satkhira,314.0,6088.0,47.91,2018,1,yoy-jump-gt-10x
Sugarcane,2015-16,BD4087,Satkhira,322.0,6315.0,48.462,2019,2,
Sugarcane,2016-17,BD4087,Satkhira,343.0,6656.0,47.951,2020,3,
Sugarcane,2017-18,BD4087,Satkhira,310.0,5907.0,47.085,2020,3,newest-edition-outlier-rejected
Sugarcane,2018-19,BD4087,Satkhira,310.0,5907.0,47.085,2021,2,
Sugarcane,2019-20,BD4087,Satkhira,256.0,4910.0,47.394,2022,2,
Sugarcane,2020-21,BD4087,Satkhira,281.35,4358.33,38.279,2023,2,
Sugarcane,2021-22,BD4087,Satkhira,278.0,5648.0,50.203,2024,3,
Sugarcane,2022-23,BD4087,Satkhira,285.21,5852.13,50.703,2025,3,
Sugarcane,2023-24,BD4087,Satkhira,275.89,5656.24,50.661,2025,2,
Sugarcane,2024-25,BD4087,Satkhira,281.7,5793.2,50.818,2025,1,
Sugarcane,2013-14,BD3086,Shariatpur,1069.0,1185.0,2.739,2017,2,
Sugarcane,2014-15,BD3086,Shariatpur,207.0,4245.0,50.674,2018,1,
Sugarcane,2015-16,BD3086,Shariatpur,206.0,4373.0,52.456,2018,1,
Sugarcane,2016-17,BD3086,Shariatpur,1080.0,13946.0,31.909,2020,2,
Sugarcane,2017-18,BD3086,Shariatpur,1080.0,13946.0,31.909,2021,2,
Sugarcane,2018-19,BD3086,Shariatpur,1069.0,13702.0,31.673,2021,2,
Sugarcane,2019-20,BD3086,Shariatpur,939.0,11612.0,30.558,2022,2,
Sugarcane,2020-21,BD3086,Shariatpur,1052.0,15977.0,37.529,2023,2,
Sugarcane,2021-22,BD3086,Shariatpur,1034.0,14965.0,35.763,2024,3,
Sugarcane,2022-23,BD3086,Shariatpur,1018.0,14754.0,35.813,2025,3,
Sugarcane,2023-24,BD3086,Shariatpur,920.0,15114.0,40.595,2025,2,
Sugarcane,2024-25,BD3086,Shariatpur,773.0,13037.0,41.675,2025,1,
Sugarcane,2013-14,BD4589,Sherpur,313.0,207.0,1.634,2017,2,
Sugarcane,2014-15,BD4589,Sherpur,207.0,4245.0,50.674,2018,1,yoy-jump-gt-10x
Sugarcane,2015-16,BD4589,Sherpur,206.0,4373.0,52.456,2019,2,
Sugarcane,2016-17,BD4589,Sherpur,205.0,4353.0,52.471,2020,3,
Sugarcane,2017-18,BD4589,Sherpur,224.0,4790.0,52.841,2020,3,newest-edition-outlier-rejected
Sugarcane,2018-19,BD4589,Sherpur,224.0,4790.0,52.841,2021,2,
Sugarcane,2019-20,BD4589,Sherpur,240.0,5079.0,52.294,2022,2,
Sugarcane,2020-21,BD4589,Sherpur,238.0,5107.0,53.024,2023,2,
Sugarcane,2021-22,BD4589,Sherpur,241.0,5215.0,53.471,2024,3,
Sugarcane,2022-23,BD4589,Sherpur,231.0,5059.0,54.117,2025,3,
Sugarcane,2023-24,BD4589,Sherpur,230.0,5034.0,54.084,2025,2,
Sugarcane,2024-25,BD4589,Sherpur,229.0,5026.0,54.234,2025,1,
Sugarcane,2013-14,BD5088,Sirajganj,3352.0,3057.0,2.254,2017,2,
Sugarcane,2014-15,BD5088,Sirajganj,3057.0,51250.0,41.427,2018,1,yoy-jump-gt-10x
Sugarcane,2015-16,BD5088,Sirajganj,3136.0,51154.0,40.307,2019,2,
Sugarcane,2016-17,BD5088,Sirajganj,2774.0,48541.0,43.24,2020,3,
Sugarcane,2017-18,BD5088,Sirajganj,2774.0,48541.0,43.24,2021,3,
Sugarcane,2018-19,BD5088,Sirajganj,2758.0,47918.0,42.933,2021,2,
Sugarcane,2019-20,BD5088,Sirajganj,2349.0,39580.0,41.637,2022,2,
Sugarcane,2020-21,BD5088,Sirajganj,2358.5,38486.49,40.323,2023,2,
Sugarcane,2021-22,BD5088,Sirajganj,2188.46,38557.88,43.537,2024,3,
Sugarcane,2022-23,BD5088,Sirajganj,2083.7,37356.51,44.301,2025,3,
Sugarcane,2023-24,BD5088,Sirajganj,1287.97,22614.91,43.388,2025,2,
Sugarcane,2024-25,BD5088,Sirajganj,1136.6,23321.93,50.704,2025,1,
Sugarcane,2013-14,BD6090,Sunamganj,155.0,290.0,4.623,2017,2,
Sugarcane,2014-15,BD6090,Sunamganj,290.0,3803.0,32.405,2018,1,yoy-jump-gt-10x
Sugarcane,2015-16,BD6090,Sunamganj,326.0,3996.0,30.289,2019,2,
Sugarcane,2016-17,BD6090,Sunamganj,327.0,2883.0,21.786,2020,3,
Sugarcane,2017-18,BD6090,Sunamganj,330.0,3011.0,22.546,2020,3,newest-edition-outlier-rejected
Sugarcane,2018-19,BD6090,Sunamganj,330.0,3011.0,22.546,2021,2,
Sugarcane,2019-20,BD6090,Sunamganj,333.0,3022.0,22.425,2022,2,
Sugarcane,2020-21,BD6090,Sunamganj,179.0,3153.0,43.526,2023,2,
Sugarcane,2021-22,BD6090,Sunamganj,181.0,3190.0,43.551,2024,3,
Sugarcane,2022-23,BD6090,Sunamganj,184.0,3190.0,42.841,2025,3,
Sugarcane,2023-24,BD6090,Sunamganj,184.0,3189.0,42.827,2025,2,
Sugarcane,2024-25,BD6090,Sunamganj,182.0,3150.0,42.768,2025,1,
Sugarcane,2013-14,BD6091,Sylhet,22.0,10.0,1.123,2017,2,
Sugarcane,2014-15,BD6091,Sylhet,10.0,14.0,3.459,2018,1,
Sugarcane,2015-16,BD6091,Sylhet,10.0,14.0,3.459,2019,2,
Sugarcane,2016-17,BD6091,Sylhet,18.0,150.0,20.592,2020,3,yoy-jump-gt-10x
Sugarcane,2017-18,BD6091,Sylhet,20.0,154.0,19.027,2020,3,newest-edition-outlier-rejected
Sugarcane,2018-19,BD6091,Sylhet,20.0,154.0,19.027,2021,2,
Sugarcane,2019-20,BD6091,Sylhet,19.0,138.0,17.948,2022,2,
Sugarcane,2020-21,BD6091,Sylhet,20.0,275.0,33.977,2023,2,
Sugarcane,2021-22,BD6091,Sylhet,22.5,141.7,15.562,2024,3,
Sugarcane,2022-23,BD6091,Sylhet,21.5,153.3,17.619,2025,3,
Sugarcane,2023-24,BD6091,Sylhet,25.2,203.5,19.955,2025,2,
Sugarcane,2024-25,BD6091,Sylhet,23.8,200.3,20.796,2025,1,
Sugarcane,2013-14,BD3093,Tangail,3934.0,3885.0,2.44,2017,2,
Sugarcane,2014-15,BD3093,Tangail,3885.0,65949.0,41.947,2018,1,yoy-jump-gt-10x
Sugarcane,2015-16,BD3093,Tangail,3684.0,62540.0,41.949,2018,1,
Sugarcane,2016-17,BD3093,Tangail,3541.0,60419.0,42.163,2020,2,
Sugarcane,2017-18,BD3093,Tangail,3541.0,60419.0,42.163,2021,2,
Sugarcane,2018-19,BD3093,Tangail,3435.0,58267.0,41.916,2021,2,
Sugarcane,2019-20,BD3093,Tangail,2927.0,51066.0,43.111,2022,2,
Sugarcane,2020-21,BD3093,Tangail,2895.45,50235.75,42.872,2023,2,
Sugarcane,2021-22,BD3093,Tangail,2869.25,48887.92,42.103,2024,3,
Sugarcane,2022-23,BD3093,Tangail,2857.71,48737.9,42.143,2025,3,
Sugarcane,2023-24,BD3093,Tangail,2830.49,48670.91,42.49,2025,2,
Sugarcane,2024-25,BD3093,Tangail,2039.99,26364.51,31.935,2025,1,
Sugarcane,2013-14,BD5594,Thakurgaon,11460.0,11311.0,2.439,2017,2,
Sugarcane,2014-15,BD5594,Thakurgaon,11311.0,154073.0,33.659,2018,1,yoy-jump-gt-10x
Sugarcane,2015-16,BD5594,Thakurgaon,10680.0,149665.0,34.628,2019,2,
Sugarcane,2016-17,BD5594,Thakurgaon,10660.0,138700.0,32.151,2020,3,
Sugarcane,2017-18,BD5594,Thakurgaon,10776.0,134902.0,30.934,2020,3,newest-edition-outlier-rejected
Sugarcane,2018-19,BD5594,Thakurgaon,10776.0,134902.0,30.934,2021,2,
Sugarcane,2019-20,BD5594,Thakurgaon,11026.0,150266.0,33.676,2022,2,
Sugarcane,2020-21,BD5594,Thakurgaon,10807.0,146279.0,33.447,2023,2,
Sugarcane,2021-22,BD5594,Thakurgaon,10371.22,138925.6,33.1,2024,3,
Sugarcane,2022-23,BD5594,Thakurgaon,10323.17,149672.8,35.827,2025,3,
Sugarcane,2023-24,BD5594,Thakurgaon,10263.0,147004.0,35.395,2025,2,
Sugarcane,2024-25,BD5594,Thakurgaon,10270.0,148244.0,35.669,2025,1,
Wheat,2013-14,BD4001,Bagerhat,481.0,495.0,2.543,2016,1,
Wheat,2014-15,BD4001,Bagerhat,729.0,810.0,2.746,2017,2,
Wheat,2015-16,BD4001,Bagerhat,726.0,746.0,2.539,2018,2,
Wheat,2016-17,BD4001,Bagerhat,719.0,770.0,2.646,2019,2,
Wheat,2017-18,BD4001,Bagerhat,411.0,440.0,2.645,2020,2,
Wheat,2018-19,BD4001,Bagerhat,416.0,416.0,2.471,2021,2,
Wheat,2019-20,BD4001,Bagerhat,2205.0,1675.0,1.877,2021,1,
Wheat,2020-21,BD4001,Bagerhat,259.0,200.0,1.908,2022,1,
Wheat,2021-22,BD4001,Bagerhat,265.0,268.0,2.499,2023,2,
Wheat,2022-23,BD4001,Bagerhat,342.0,377.0,2.724,2024,2,
Wheat,2023-24,BD4001,Bagerhat,382.5,435.0,2.81,2025,2,
Wheat,2024-25,BD4001,Bagerhat,370.0,389.0,2.598,2025,1,
Wheat,2013-14,BD2003,Bandarban,0.0,0.0,,2016,1,
Wheat,2014-15,BD2003,Bandarban,0.0,0.0,,2017,2,
Wheat,2015-16,BD2003,Bandarban,0.0,0.0,,2018,2,
Wheat,2016-17,BD2003,Bandarban,0.0,0.0,,2019,2,
Wheat,2017-18,BD2003,Bandarban,0.0,0.0,,2020,2,
Wheat,2018-19,BD2003,Bandarban,0.0,0.0,,2021,2,
Wheat,2019-20,BD2003,Bandarban,0.0,0.0,,2021,1,
Wheat,2020-21,BD2003,Bandarban,0.0,0.0,,2022,1,
Wheat,2021-22,BD2003,Bandarban,0.0,0.0,,2023,2,
Wheat,2022-23,BD2003,Bandarban,0.0,0.0,,2024,2,
Wheat,2023-24,BD2003,Bandarban,0.0,0.0,,2025,2,
Wheat,2024-25,BD2003,Bandarban,0.0,0.0,,2025,1,
Wheat,2013-14,BD1004,Barguna,8.0,3.0,0.927,2016,1,
Wheat,2014-15,BD1004,Barguna,47.0,25.0,1.314,2017,2,
Wheat,2015-16,BD1004,Barguna,0.0,0.0,,2018,2,
Wheat,2016-17,BD1004,Barguna,0.0,0.0,,2019,2,
Wheat,2017-18,BD1004,Barguna,0.0,0.0,,2020,2,
Wheat,2018-19,BD1004,Barguna,0.0,0.0,,2020,1,
Wheat,2020-21,BD1004,Barguna,0.0,0.0,,2022,1,
Wheat,2021-22,BD1004,Barguna,0.0,0.0,,2023,2,
Wheat,2022-23,BD1004,Barguna,0.0,0.0,,2024,2,
Wheat,2023-24,BD1004,Barguna,0.0,0.0,,2025,2,
Wheat,2024-25,BD1004,Barguna,0.0,0.0,,2025,1,
Wheat,2013-14,BD1006,Barishal,2539.0,1956.0,1.904,2016,1,
Wheat,2014-15,BD1006,Barishal,3498.0,3125.0,2.208,2017,2,
Wheat,2015-16,BD1006,Barishal,4658.0,4507.0,2.391,2018,2,
Wheat,2016-17,BD1006,Barishal,635.0,645.0,2.51,2019,2,
Wheat,2017-18,BD1006,Barishal,1278.0,1347.0,2.604,2020,2,
Wheat,2018-19,BD1006,Barishal,1326.0,1090.0,2.031,2021,2,
Wheat,2019-20,BD1006,Barishal,1052.0,1002.0,2.354,2021,1,
Wheat,2020-21,BD1006,Barishal,1800.0,1696.0,2.328,2022,1,
Wheat,2021-22,BD1006,Barishal,1207.0,1168.0,2.391,2023,2,
Wheat,2022-23,BD1006,Barishal,882.0,937.0,2.625,2024,2,
Wheat,2023-24,BD1006,Barishal,938.0,1136.0,2.993,2025,2,
Wheat,2024-25,BD1006,Barishal,1140.0,1036.0,2.246,2025,1,
Wheat,2013-14,BD1009,Bhola,6784.0,8159.0,2.972,2016,1,
Wheat,2014-15,BD1009,Bhola,8354.0,9951.0,2.943,2017,2,
Wheat,2015-16,BD1009,Bhola,16848.0,19005.0,2.787,2018,2,
Wheat,2016-17,BD1009,Bhola,3648.0,4763.0,3.226,2019,2,
Wheat,2017-18,BD1009,Bhola,3479.0,4558.0,3.237,2020,2,
Wheat,2018-19,BD1009,Bhola,3604.0,5092.0,3.491,2021,2,
Wheat,2019-20,BD1009,Bhola,4830.0,6157.0,3.15,2021,1,
Wheat,2020-21,BD1009,Bhola,5670.0,7005.0,3.053,2022,1,
Wheat,2021-22,BD1009,Bhola,7010.0,11327.0,3.993,2023,2,
Wheat,2022-23,BD1009,Bhola,8261.0,13984.0,4.183,2024,2,
Wheat,2023-24,BD1009,Bhola,7879.0,13285.0,4.167,2025,2,
Wheat,2024-25,BD1009,Bhola,7985.0,10410.0,3.221,2025,1,
Wheat,2013-14,BD5010,Bogura,4307.0,4283.0,2.457,2016,1,
Wheat,2014-15,BD5010,Bogura,4588.0,4525.0,2.437,2017,2,
Wheat,2015-16,BD5010,Bogura,4269.0,4145.0,2.399,2018,2,
Wheat,2016-17,BD5010,Bogura,5965.0,6079.0,2.518,2019,2,
Wheat,2017-18,BD5010,Bogura,6615.0,6753.0,2.523,2020,2,
Wheat,2018-19,BD5010,Bogura,6461.0,6871.0,2.628,2021,2,
Wheat,2019-20,BD5010,Bogura,6555.0,7627.0,2.875,2021,1,
Wheat,2020-21,BD5010,Bogura,6264.0,7424.0,2.929,2022,1,
Wheat,2021-22,BD5010,Bogura,6997.0,7581.0,2.677,2023,2,
Wheat,2022-23,BD5010,Bogura,5416.0,5760.0,2.628,2024,2,
Wheat,2023-24,BD5010,Bogura,5246.94,6141.0,2.892,2025,2,
Wheat,2024-25,BD5010,Bogura,3697.0,4700.0,3.141,2025,1,
Wheat,2013-14,BD2012,Brahmanbaria,4573.0,3984.0,2.153,2016,1,
Wheat,2014-15,BD2012,Brahmanbaria,4463.0,3788.0,2.097,2017,2,
Wheat,2015-16,BD2012,Brahmanbaria,3659.0,3195.0,2.158,2018,2,
Wheat,2016-17,BD2012,Brahmanbaria,2786.0,2316.0,2.054,2019,2,
Wheat,2017-18,BD2012,Brahmanbaria,1745.0,1647.0,2.332,2020,2,
Wheat,2018-19,BD2012,Brahmanbaria,2928.0,2603.0,2.197,2021,2,
Wheat,2019-20,BD2012,Brahmanbaria,2928.0,2707.0,2.285,2021,1,
Wheat,2020-21,BD2012,Brahmanbaria,1898.0,1378.0,1.794,2022,1,
Wheat,2021-22,BD2012,Brahmanbaria,2038.0,2011.0,2.438,2023,2,
Wheat,2022-23,BD2012,Brahmanbaria,2131.0,2242.0,2.6,2024,2,
Wheat,2023-24,BD2012,Brahmanbaria,2164.0,2514.0,2.871,2025,2,
Wheat,2024-25,BD2012,Brahmanbaria,2077.0,1960.0,2.332,2025,1,
Wheat,2013-14,BD2013,Chandpur,3088.0,3150.0,2.521,2016,1,
Wheat,2014-15,BD2013,Chandpur,2713.0,2959.0,2.695,2017,2,
Wheat,2015-16,BD2013,Chandpur,2288.0,2534.0,2.737,2018,2,
Wheat,2016-17,BD2013,Chandpur,1503.0,1435.0,2.359,2019,2,
Wheat,2017-18,BD2013,Chandpur,782.0,842.0,2.661,2020,2,
Wheat,2018-19,BD2013,Chandpur,985.0,1002.0,2.514,2021,2,
Wheat,2019-20,BD2013,Chandpur,979.0,1013.0,2.557,2021,1,
Wheat,2020-21,BD2013,Chandpur,107.0,117.0,2.702,2022,1,
Wheat,2021-22,BD2013,Chandpur,125.0,106.0,2.095,2023,2,
Wheat,2022-23,BD2013,Chandpur,275.0,368.0,3.307,2024,2,
Wheat,2023-24,BD2013,Chandpur,142.0,160.0,2.784,2025,2,
Wheat,2024-25,BD2013,Chandpur,123.0,128.0,2.572,2025,1,
Wheat,2013-14,BD5070,Chapainababganj,72637.0,93108.0,3.167,2016,1,
Wheat,2014-15,BD5070,Chapainababganj,69480.0,90176.0,3.207,2017,2,
Wheat,2015-16,BD5070,Chapainababganj,76142.0,98197.0,3.187,2018,2,
Wheat,2016-17,BD5070,Chapainababganj,74451.0,96433.0,3.201,2019,2,
Wheat,2017-18,BD5070,Chapainababganj,61590.0,84166.0,3.377,2020,2,
Wheat,2018-19,BD5070,Chapainababganj,63391.0,89490.0,3.488,2021,2,
Wheat,2019-20,BD5070,Chapainababganj,64099.0,89461.0,3.449,2021,1,
Wheat,2020-21,BD5070,Chapainababganj,60134.0,88327.0,3.63,2022,1,
Wheat,2021-22,BD5070,Chapainababganj,62082.0,102475.0,4.079,2023,2,
Wheat,2022-23,BD5070,Chapainababganj,60365.0,100608.0,4.118,2024,2,
Wheat,2023-24,BD5070,Chapainababganj,66012.0,113239.0,4.239,2025,2,
Wheat,2024-25,BD5070,Chapainababganj,75851.0,131702.0,4.291,2025,1,
Wheat,2013-14,BD2015,Chattogram,11.0,7.0,1.572,2016,1,
Wheat,2014-15,BD2015,Chattogram,10.0,5.0,1.236,2017,2,
Wheat,2015-16,BD2015,Chattogram,10.0,4.0,0.988,2018,2,
Wheat,2016-17,BD2015,Chattogram,14.0,6.0,1.059,2019,2,
Wheat,2017-18,BD2015,Chattogram,0.0,0.0,,2020,2,
Wheat,2018-19,BD2015,Chattogram,0.0,0.0,,2021,2,
Wheat,2019-20,BD2015,Chattogram,0.0,0.0,,2021,1,
Wheat,2020-21,BD2015,Chattogram,0.0,0.0,,2022,1,
Wheat,2021-22,BD2015,Chattogram,0.0,0.0,,2023,2,
Wheat,2022-23,BD2015,Chattogram,92.0,199.0,5.345,2024,2,
Wheat,2023-24,BD2015,Chattogram,124.0,193.0,3.846,2025,2,
Wheat,2024-25,BD2015,Chattogram,117.0,114.0,2.408,2025,1,
Wheat,2013-14,BD4018,Chuadanga,13920.0,18352.0,3.258,2016,1,
Wheat,2014-15,BD4018,Chuadanga,16677.0,22404.0,3.32,2017,2,
Wheat,2015-16,BD4018,Chuadanga,15506.0,17109.0,2.727,2018,2,
Wheat,2016-17,BD4018,Chuadanga,4500.0,5350.0,2.938,2019,2,
Wheat,2017-18,BD4018,Chuadanga,1659.0,1804.0,2.687,2020,2,
Wheat,2018-19,BD4018,Chuadanga,4653.0,5131.0,2.725,2021,2,
Wheat,2019-20,BD4018,Chuadanga,2824.0,3019.0,2.642,2021,1,
Wheat,2020-21,BD4018,Chuadanga,1869.0,2812.0,3.718,2022,1,
Wheat,2021-22,BD4018,Chuadanga,2221.0,3064.0,3.409,2023,2,
Wheat,2022-23,BD4018,Chuadanga,2130.0,3185.0,3.695,2024,2,
Wheat,2023-24,BD4018,Chuadanga,2145.0,3365.0,3.876,2025,2,
Wheat,2024-25,BD4018,Chuadanga,2170.0,3156.0,3.594,2025,1,
Wheat,2013-14,BD2022,Cox's Bazar,0.0,0.0,,2016,1,
Wheat,2014-15,BD2022,Cox's Bazar,0.0,0.0,,2017,2,
Wheat,2015-16,BD2022,Cox's Bazar,0.0,0.0,,2018,2,
Wheat,2016-17,BD2022,Cox's Bazar,0.0,0.0,,2018,1,
Wheat,2018-19,BD2022,Cox's Bazar,0.0,0.0,,2021,1,
Wheat,2019-20,BD2022,Cox's Bazar,0.0,0.0,,2021,1,
Wheat,2020-21,BD2022,Cox's Bazar,0.0,0.0,,2022,1,
Wheat,2021-22,BD2022,Cox's Bazar,0.0,0.0,,2023,2,
Wheat,2022-23,BD2022,Cox's Bazar,0.0,0.0,,2024,2,
Wheat,2023-24,BD2022,Cox's Bazar,0.0,0.0,,2025,2,
Wheat,2024-25,BD2022,Cox's Bazar,0.0,0.0,,2025,1,
Wheat,2013-14,BD2019,Cumilla,3475.0,3226.0,2.294,2016,1,
Wheat,2014-15,BD2019,Cumilla,3433.0,3070.0,2.21,2017,2,
Wheat,2015-16,BD2019,Cumilla,3049.0,2898.0,2.349,2018,2,
Wheat,2016-17,BD2019,Cumilla,4233.0,3879.0,2.264,2019,2,
Wheat,2017-18,BD2019,Cumilla,3575.0,3714.0,2.567,2020,2,
Wheat,2018-19,BD2019,Cumilla,3492.0,3696.0,2.615,2021,2,
Wheat,2019-20,BD2019,Cumilla,1232.0,1269.0,2.545,2021,1,
Wheat,2020-21,BD2019,Cumilla,1231.0,1259.0,2.527,2022,1,
Wheat,2021-22,BD2019,Cumilla,1119.0,1179.0,2.604,2023,2,
Wheat,2022-23,BD2019,Cumilla,1203.0,1735.0,3.564,2024,2,
Wheat,2023-24,BD2019,Cumilla,1208.0,1369.0,2.8,2025,2,
Wheat,2024-25,BD2019,Cumilla,1225.0,1340.0,2.703,2025,1,
Wheat,2013-14,BD3026,Dhaka,743.0,710.0,2.361,2016,1,
Wheat,2014-15,BD3026,Dhaka,783.0,716.0,2.26,2017,2,
Wheat,2015-16,BD3026,Dhaka,701.0,657.0,2.316,2018,2,
Wheat,2016-17,BD3026,Dhaka,688.0,742.0,2.665,2019,2,
Wheat,2017-18,BD3026,Dhaka,659.0,716.0,2.685,2020,2,
Wheat,2018-19,BD3026,Dhaka,758.0,822.0,2.68,2021,2,
Wheat,2019-20,BD3026,Dhaka,372.0,376.0,2.498,2021,1,
Wheat,2020-21,BD3026,Dhaka,372.0,455.0,3.022,2022,1,
Wheat,2021-22,BD3026,Dhaka,147.0,189.0,3.177,2023,2,
Wheat,2022-23,BD3026,Dhaka,216.0,259.0,2.963,2024,2,
Wheat,2023-24,BD3026,Dhaka,164.0,214.0,3.224,2025,2,
Wheat,2024-25,BD3026,Dhaka,148.0,146.0,2.438,2025,1,
Wheat,2013-14,BD5527,Dinajpur,47390.0,59773.0,3.117,2016,1,
Wheat,2014-15,BD5527,Dinajpur,51605.0,66399.0,3.179,2017,2,
Wheat,2015-16,BD5527,Dinajpur,55868.0,71967.0,3.183,2018,2,
Wheat,2016-17,BD5527,Dinajpur,56390.0,74639.0,3.271,2019,2,
Wheat,2017-18,BD5527,Dinajpur,23884.0,27949.0,2.892,2020,2,
Wheat,2018-19,BD5527,Dinajpur,18485.0,21107.0,2.822,2021,2,
Wheat,2019-20,BD5527,Dinajpur,16320.0,18830.0,2.851,2021,1,
Wheat,2020-21,BD5527,Dinajpur,10237.0,13095.0,3.161,2022,1,
Wheat,2021-22,BD5527,Dinajpur,8175.0,9957.0,3.01,2023,2,
Wheat,2022-23,BD5527,Dinajpur,7976.0,9768.0,3.026,2024,2,
Wheat,2023-24,BD5527,Dinajpur,6947.0,9589.0,3.411,2025,2,
Wheat,2024-25,BD5527,Dinajpur,6075.0,7457.0,3.033,2025,1,
Wheat,2013-14,BD3029,Faridpur,79946.0,102805.0,3.178,2016,1,
Wheat,2014-15,BD3029,Faridpur,81647.0,103773.0,3.141,2017,2,
Wheat,2015-16,BD3029,Faridpur,75790.0,95339.0,3.108,2018,2,
Wheat,2016-17,BD3029,Faridpur,71794.0,90392.0,3.111,2019,2,
Wheat,2017-18,BD3029,Faridpur,68818.0,87211.0,3.131,2020,2,
Wheat,2018-19,BD3029,Faridpur,63762.0,79375.0,3.076,2021,2,
Wheat,2019-20,BD3029,Faridpur,56919.0,56133.0,2.437,2021,1,
Wheat,2020-21,BD3029,Faridpur,55341.0,76226.0,3.404,2022,1,
Wheat,2021-22,BD3029,Faridpur,46223.0,68756.0,3.676,2023,2,
Wheat,2022-23,BD3029,Faridpur,46928.0,67510.0,3.555,2024,2,
Wheat,2023-24,BD3029,Faridpur,47482.0,75912.0,3.951,2025,2,
Wheat,2024-25,BD3029,Faridpur,47011.0,63615.0,3.344,2025,1,
Wheat,2013-14,BD2030,Feni,113.0,122.0,2.668,2016,1,
Wheat,2014-15,BD2030,Feni,101.0,105.0,2.569,2017,2,
Wheat,2015-16,BD2030,Feni,108.0,112.0,2.563,2018,2,
Wheat,2016-17,BD2030,Feni,39.0,30.0,1.901,2019,2,
Wheat,2017-18,BD2030,Feni,44.0,39.0,2.19,2020,2,
Wheat,2018-19,BD2030,Feni,141.0,147.0,2.576,2021,2,
Wheat,2019-20,BD2030,Feni,144.0,147.0,2.523,2021,1,
Wheat,2020-21,BD2030,Feni,150.0,161.0,2.652,2022,1,
Wheat,2021-22,BD2030,Feni,15.0,9.0,1.483,2023,2,yoy-jump-gt-10x
Wheat,2022-23,BD2030,Feni,15.0,10.0,1.647,2024,2,
Wheat,2023-24,BD2030,Feni,171.0,113.0,1.633,2025,2,yoy-jump-gt-10x
Wheat,2024-25,BD2030,Feni,128.0,141.0,2.722,2025,1,
Wheat,2013-14,BD5532,Gaibandha,8850.0,8245.0,2.302,2016,1,
Wheat,2014-15,BD5532,Gaibandha,6491.0,6113.0,2.327,2017,2,
Wheat,2015-16,BD5532,Gaibandha,8949.0,8558.0,2.363,2018,2,
Wheat,2016-17,BD5532,Gaibandha,8754.0,8718.0,2.461,2019,2,
Wheat,2017-18,BD5532,Gaibandha,7319.0,7546.0,2.548,2020,2,
Wheat,2018-19,BD5532,Gaibandha,8374.0,9030.0,2.665,2021,2,
Wheat,2019-20,BD5532,Gaibandha,7952.0,8189.0,2.545,2021,1,
Wheat,2020-21,BD5532,Gaibandha,7317.0,8743.0,2.953,2022,1,
Wheat,2021-22,BD5532,Gaibandha,7770.0,8501.0,2.704,2023,2,
Wheat,2022-23,BD5532,Gaibandha,8120.0,7803.0,2.375,2024,2,
Wheat,2023-24,BD5532,Gaibandha,8025.0,10032.0,3.089,2025,2,
Wheat,2024-25,BD5532,Gaibandha,7274.0,9691.0,3.292,2025,1,
Wheat,2013-14,BD3033,Gazipur,306.0,205.0,1.655,2016,1,
Wheat,2014-15,BD3033,Gazipur,213.0,156.0,1.81,2017,2,
Wheat,2015-16,BD3033,Gazipur,206.0,158.0,1.895,2018,2,
Wheat,2016-17,BD3033,Gazipur,163.0,125.0,1.895,2019,2,
Wheat,2017-18,BD3033,Gazipur,0.0,0.0,,2020,2,
Wheat,2018-19,BD3033,Gazipur,135.0,102.0,1.867,2021,2,
Wheat,2019-20,BD3033,Gazipur,134.0,101.0,1.863,2021,1,
Wheat,2020-21,BD3033,Gazipur,167.0,199.0,2.945,2022,1,
Wheat,2021-22,BD3033,Gazipur,139.0,106.0,1.884,2023,2,
Wheat,2022-23,BD3033,Gazipur,58.0,46.0,1.96,2024,2,
Wheat,2023-24,BD3033,Gazipur,60.17,1.978,0.081,2025,2,yoy-jump-gt-10x
Wheat,2024-25,BD3033,Gazipur,48.0,1.659,0.085,2025,1,
Wheat,2013-14,BD3035,Gopalganj,13980.0,18097.0,3.199,2016,1,
Wheat,2014-15,BD3035,Gopalganj,18469.0,23819.0,3.187,2017,2,
Wheat,2015-16,BD3035,Gopalganj,16371.0,20960.0,3.164,2018,2,
Wheat,2016-17,BD3035,Gopalganj,19884.0,25302.0,3.144,2019,2,
Wheat,2017-18,BD3035,Gopalganj,17798.0,21319.0,2.96,2020,2,
Wheat,2018-19,BD3035,Gopalganj,17982.0,19814.0,2.723,2021,2,
Wheat,2019-20,BD3035,Gopalganj,16678.0,19542.0,2.895,2021,1,
Wheat,2020-21,BD3035,Gopalganj,13291.0,15409.0,2.865,2022,1,
Wheat,2021-22,BD3035,Gopalganj,15145.0,17418.0,2.842,2023,2,
Wheat,2022-23,BD3035,Gopalganj,13739.0,16893.0,3.038,2024,2,
Wheat,2023-24,BD3035,Gopalganj,12701.0,15991.0,3.111,2025,2,
Wheat,2024-25,BD3035,Gopalganj,12001.0,13878.0,2.858,2025,1,
Wheat,2013-14,BD6036,Habiganj,1114.0,921.0,2.043,2016,1,
Wheat,2014-15,BD6036,Habiganj,1055.0,853.0,1.998,2017,2,
Wheat,2015-16,BD6036,Habiganj,1072.0,829.0,1.911,2018,2,
Wheat,2016-17,BD6036,Habiganj,1299.0,1042.0,1.982,2019,2,
Wheat,2017-18,BD6036,Habiganj,1341.0,1074.0,1.979,2020,2,
Wheat,2018-19,BD6036,Habiganj,1206.0,894.0,1.832,2021,2,
Wheat,2019-20,BD6036,Habiganj,722.0,536.0,1.834,2021,1,
Wheat,2020-21,BD6036,Habiganj,550.0,591.0,2.655,2022,1,
Wheat,2021-22,BD6036,Habiganj,506.0,516.0,2.52,2023,2,
Wheat,2022-23,BD6036,Habiganj,550.0,762.0,3.424,2024,2,
Wheat,2023-24,BD6036,Habiganj,521.0,615.0,2.917,2025,2,
Wheat,2024-25,BD6036,Habiganj,503.0,731.0,3.591,2025,1,
Wheat,2013-14,BD4539,Jamalpur,19776.0,20485.0,2.56,2016,1,
Wheat,2014-15,BD4539,Jamalpur,21090.0,22617.0,2.65,2017,2,
Wheat,2015-16,BD4539,Jamalpur,20206.0,22657.0,2.771,2018,2,
Wheat,2016-17,BD4539,Jamalpur,18888.0,20319.0,2.658,2019,2,
Wheat,2017-18,BD4539,Jamalpur,13643.0,15008.0,2.718,2020,2,
Wheat,2018-19,BD4539,Jamalpur,10167.0,12148.0,2.953,2021,2,
Wheat,2019-20,BD4539,Jamalpur,9753.0,11599.0,2.939,2021,1,
Wheat,2020-21,BD4539,Jamalpur,10623.0,12169.0,2.831,2022,1,
Wheat,2021-22,BD4539,Jamalpur,10363.0,11135.0,2.655,2023,2,
Wheat,2022-23,BD4539,Jamalpur,9325.0,10179.0,2.697,2024,2,
Wheat,2023-24,BD4539,Jamalpur,6372.0,7448.0,2.888,2025,2,
Wheat,2024-25,BD4539,Jamalpur,4126.0,4559.0,2.73,2025,1,
Wheat,2013-14,BD4041,Jashore,10112.0,12339.0,3.015,2016,1,
Wheat,2014-15,BD4041,Jashore,7531.0,9403.0,3.085,2017,2,
Wheat,2015-16,BD4041,Jashore,8369.0,10278.0,3.035,2018,2,
Wheat,2016-17,BD4041,Jashore,6655.0,7728.0,2.869,2019,2,
Wheat,2017-18,BD4041,Jashore,698.0,782.0,2.768,2020,2,
Wheat,2018-19,BD4041,Jashore,480.0,524.0,2.698,2021,2,
Wheat,2019-20,BD4041,Jashore,933.0,1066.0,2.823,2021,1,
Wheat,2020-21,BD4041,Jashore,1890.0,2320.0,3.033,2022,1,
Wheat,2021-22,BD4041,Jashore,1012.0,1269.0,3.099,2023,2,
Wheat,2022-23,BD4041,Jashore,2090.0,2581.0,3.052,2024,2,
Wheat,2023-24,BD4041,Jashore,3234.0,5004.0,3.823,2025,2,
Wheat,2024-25,BD4041,Jashore,3009.0,4630.0,3.802,2025,1,
Wheat,2013-14,BD1042,Jhalokati,126.0,113.0,2.216,2016,1,
Wheat,2014-15,BD1042,Jhalokati,185.0,167.0,2.231,2017,2,
Wheat,2015-16,BD1042,Jhalokati,229.0,208.0,2.244,2018,2,
Wheat,2016-17,BD1042,Jhalokati,254.0,312.0,3.035,2019,2,
Wheat,2017-18,BD1042,Jhalokati,259.0,319.0,3.043,2020,2,
Wheat,2018-19,BD1042,Jhalokati,191.0,227.0,2.937,2021,2,
Wheat,2019-20,BD1042,Jhalokati,40.0,50.0,3.089,2021,1,
Wheat,2020-21,BD1042,Jhalokati,160.0,199.0,3.073,2022,1,
Wheat,2021-22,BD1042,Jhalokati,292.0,338.0,2.86,2023,2,
Wheat,2022-23,BD1042,Jhalokati,366.0,438.0,2.957,2024,2,
Wheat,2023-24,BD1042,Jhalokati,371.0,424.0,2.824,2025,2,
Wheat,2024-25,BD1042,Jhalokati,379.0,416.0,2.712,2025,1,
Wheat,2013-14,BD4044,Jhenaidah,17921.0,20657.0,2.848,2016,1,
Wheat,2014-15,BD4044,Jhenaidah,17325.0,22570.0,3.219,2017,2,
Wheat,2015-16,BD4044,Jhenaidah,19312.0,24156.0,3.091,2018,2,
Wheat,2016-17,BD4044,Jhenaidah,7450.0,9380.0,3.111,2019,2,
Wheat,2017-18,BD4044,Jhenaidah,6578.0,8257.0,3.102,2020,2,
Wheat,2018-19,BD4044,Jhenaidah,8379.0,9727.0,2.869,2021,2,
Wheat,2019-20,BD4044,Jhenaidah,10310.0,14047.0,3.367,2021,1,
Wheat,2020-21,BD4044,Jhenaidah,13261.0,18652.0,3.476,2022,1,
Wheat,2021-22,BD4044,Jhenaidah,10164.0,14595.0,3.548,2023,2,
Wheat,2022-23,BD4044,Jhenaidah,12736.0,19957.0,3.872,2024,2,
Wheat,2023-24,BD4044,Jhenaidah,12910.0,20408.0,3.906,2025,2,
Wheat,2024-25,BD4044,Jhenaidah,11522.0,17108.0,3.669,2025,1,
Wheat,2013-14,BD5038,Joypurhat,3825.0,3615.0,2.335,2016,1,
Wheat,2014-15,BD5038,Joypurhat,2653.0,2670.0,2.487,2017,2,
Wheat,2015-16,BD5038,Joypurhat,2830.0,2759.0,2.409,2018,2,
Wheat,2016-17,BD5038,Joypurhat,3046.0,3197.0,2.594,2019,2,
Wheat,2017-18,BD5038,Joypurhat,2965.0,3056.0,2.547,2020,2,
Wheat,2018-19,BD5038,Joypurhat,5733.0,6003.0,2.587,2021,2,
Wheat,2019-20,BD5038,Joypurhat,5743.0,6493.0,2.794,2021,1,
Wheat,2020-21,BD5038,Joypurhat,5649.0,6197.0,2.711,2022,1,
Wheat,2021-22,BD5038,Joypurhat,5615.0,5627.0,2.476,2023,2,
Wheat,2022-23,BD5038,Joypurhat,5605.0,5956.0,2.626,2024,2,
Wheat,2023-24,BD5038,Joypurhat,5583.0,7310.0,3.235,2025,2,
Wheat,2024-25,BD5038,Joypurhat,4046.0,5390.0,3.292,2025,1,
Wheat,2013-14,BD2046,Khagrachhari,0.0,0.0,,2016,1,
Wheat,2014-15,BD2046,Khagrachhari,1.0,1.0,2.471,2017,2,
Wheat,2015-16,BD2046,Khagrachhari,0.0,0.0,,2018,2,
Wheat,2016-17,BD2046,Khagrachhari,0.0,0.0,,2019,2,
Wheat,2017-18,BD2046,Khagrachhari,0.0,0.0,,2020,2,
Wheat,2018-19,BD2046,Khagrachhari,0.0,0.0,,2021,2,
Wheat,2019-20,BD2046,Khagrachhari,0.0,0.0,,2021,1,
Wheat,2020-21,BD2046,Khagrachhari,0.0,0.0,,2022,1,
Wheat,2021-22,BD2046,Khagrachhari,0.0,0.0,,2023,2,
Wheat,2022-23,BD2046,Khagrachhari,0.0,0.0,,2024,2,
Wheat,2023-24,BD2046,Khagrachhari,0.0,0.0,,2025,2,
Wheat,2024-25,BD2046,Khagrachhari,0.0,0.0,,2025,1,
Wheat,2013-14,BD4047,Khulna,647.0,555.0,2.12,2016,1,
Wheat,2014-15,BD4047,Khulna,1267.0,1323.0,2.58,2017,2,
Wheat,2015-16,BD4047,Khulna,1271.0,1273.0,2.475,2018,2,
Wheat,2016-17,BD4047,Khulna,930.0,902.0,2.397,2019,2,
Wheat,2017-18,BD4047,Khulna,522.0,506.0,2.395,2020,2,
Wheat,2018-19,BD4047,Khulna,428.0,316.0,1.824,2021,2,
Wheat,2019-20,BD4047,Khulna,460.0,417.0,2.24,2021,1,
Wheat,2020-21,BD4047,Khulna,497.0,517.0,2.57,2022,1,
Wheat,2021-22,BD4047,Khulna,546.0,601.0,2.72,2023,2,
Wheat,2022-23,BD4047,Khulna,307.0,357.0,2.874,2024,2,
Wheat,2023-24,BD4047,Khulna,517.0,642.0,3.069,2025,2,
Wheat,2024-25,BD4047,Khulna,266.0,308.0,2.861,2025,1,
Wheat,2013-14,BD3048,Kishoreganj,4110.0,2878.0,1.73,2016,1,
Wheat,2014-15,BD3048,Kishoreganj,3523.0,2525.0,1.771,2017,2,
Wheat,2015-16,BD3048,Kishoreganj,2925.0,2469.0,2.086,2018,2,
Wheat,2016-17,BD3048,Kishoreganj,3292.0,3041.0,2.283,2019,2,
Wheat,2017-18,BD3048,Kishoreganj,1395.0,1243.0,2.202,2020,2,
Wheat,2018-19,BD3048,Kishoreganj,2628.0,2462.0,2.315,2021,2,
Wheat,2019-20,BD3048,Kishoreganj,2471.0,2220.0,2.22,2021,1,
Wheat,2020-21,BD3048,Kishoreganj,3030.0,3084.0,2.515,2022,1,
Wheat,2021-22,BD3048,Kishoreganj,2682.0,2665.0,2.455,2023,2,
Wheat,2022-23,BD3048,Kishoreganj,3137.0,3190.0,2.513,2024,2,
Wheat,2023-24,BD3048,Kishoreganj,2686.7,3021.0,2.779,2025,2,
Wheat,2024-25,BD3048,Kishoreganj,2532.0,2247.0,2.193,2025,1,
Wheat,2013-14,BD5549,Kurigram,28066.0,31188.0,2.746,2016,1,
Wheat,2014-15,BD5549,Kurigram,28749.0,36475.0,3.135,2017,2,
Wheat,2015-16,BD5549,Kurigram,30643.0,38261.0,3.085,2018,2,
Wheat,2016-17,BD5549,Kurigram,29732.0,38910.0,3.234,2019,2,
Wheat,2017-18,BD5549,Kurigram,22066.0,28911.0,3.238,2020,2,
Wheat,2018-19,BD5549,Kurigram,20133.0,24868.0,3.052,2021,2,
Wheat,2019-20,BD5549,Kurigram,20750.0,25506.0,3.037,2021,1,
Wheat,2020-21,BD5549,Kurigram,20932.0,27995.0,3.305,2022,1,
Wheat,2021-22,BD5549,Kurigram,19950.0,24015.0,2.975,2023,2,
Wheat,2022-23,BD5549,Kurigram,18945.0,23188.0,3.024,2024,2,
Wheat,2023-24,BD5549,Kurigram,17830.0,23860.0,3.307,2025,2,
Wheat,2024-25,BD5549,Kurigram,13543.0,20873.0,3.808,2025,1,
Wheat,2013-14,BD4050,Kushtia,41327.0,49811.0,2.978,2016,1,
Wheat,2014-15,BD4050,Kushtia,40030.0,51999.0,3.21,2017,2,
Wheat,2015-16,BD4050,Kushtia,39118.0,45455.0,2.871,2018,2,
Wheat,2016-17,BD4050,Kushtia,14706.0,22671.0,3.809,2019,2,
Wheat,2017-18,BD4050,Kushtia,21631.0,33508.0,3.828,2020,2,
Wheat,2018-19,BD4050,Kushtia,23079.0,33072.0,3.541,2021,2,
Wheat,2019-20,BD4050,Kushtia,28147.0,43098.0,3.784,2021,1,
Wheat,2020-21,BD4050,Kushtia,27399.0,42760.0,3.856,2022,1,
Wheat,2021-22,BD4050,Kushtia,27614.0,46961.0,4.202,2023,2,
Wheat,2022-23,BD4050,Kushtia,30866.0,48586.0,3.89,2024,2,
Wheat,2023-24,BD4050,Kushtia,30810.0,52178.0,4.185,2025,2,
Wheat,2024-25,BD4050,Kushtia,29734.0,44451.0,3.694,2025,1,
Wheat,2013-14,BD2051,Lakshmipur,58.0,26.0,1.108,2016,1,
Wheat,2014-15,BD2051,Lakshmipur,37.0,17.0,1.135,2017,2,
Wheat,2015-16,BD2051,Lakshmipur,28.0,11.0,0.971,2018,2,
Wheat,2016-17,BD2051,Lakshmipur,20.0,15.0,1.853,2019,2,
Wheat,2017-18,BD2051,Lakshmipur,8.0,0.0,0.0,2020,2,
Wheat,2018-19,BD2051,Lakshmipur,0.0,0.0,,2021,2,
Wheat,2019-20,BD2051,Lakshmipur,0.0,0.0,,2021,1,
Wheat,2020-21,BD2051,Lakshmipur,0.0,0.0,,2022,1,
Wheat,2021-22,BD2051,Lakshmipur,406.0,686.0,4.175,2023,2,
Wheat,2022-23,BD2051,Lakshmipur,338.0,584.0,4.27,2024,2,
Wheat,2023-24,BD2051,Lakshmipur,234.0,412.0,4.351,2025,2,
Wheat,2024-25,BD2051,Lakshmipur,217.0,227.0,2.585,2025,1,
Wheat,2013-14,BD5552,Lalmonirhat,3625.0,4210.0,2.87,2016,1,
Wheat,2014-15,BD5552,Lalmonirhat,3481.0,4099.0,2.91,2017,2,
Wheat,2015-16,BD5552,Lalmonirhat,3546.0,4254.0,2.964,2018,2,
Wheat,2016-17,BD5552,Lalmonirhat,3978.0,4982.0,3.095,2019,2,
Wheat,2017-18,BD5552,Lalmonirhat,3980.0,4442.0,2.758,2020,2,
Wheat,2018-19,BD5552,Lalmonirhat,3901.0,4454.0,2.821,2021,2,
Wheat,2019-20,BD5552,Lalmonirhat,3457.0,3985.0,2.848,2021,1,
Wheat,2020-21,BD5552,Lalmonirhat,3302.0,4016.0,3.005,2022,1,
Wheat,2021-22,BD5552,Lalmonirhat,3292.0,4479.0,3.362,2023,2,
Wheat,2022-23,BD5552,Lalmonirhat,2822.0,4090.0,3.581,2024,2,
Wheat,2023-24,BD5552,Lalmonirhat,2338.0,3364.0,3.555,2025,2,
Wheat,2024-25,BD5552,Lalmonirhat,1663.0,2173.0,3.229,2025,1,
Wheat,2013-14,BD3054,Madaripur,12820.0,16510.0,3.182,2016,1,
Wheat,2014-15,BD3054,Madaripur,12067.0,15427.0,3.159,2017,2,
Wheat,2015-16,BD3054,Madaripur,12760.0,16151.0,3.128,2018,2,
Wheat,2016-17,BD3054,Madaripur,14680.0,19009.0,3.2,2019,2,
Wheat,2017-18,BD3054,Madaripur,12802.0,16529.0,3.19,2020,2,
Wheat,2018-19,BD3054,Madaripur,10989.0,14750.0,3.317,2021,2,
Wheat,2019-20,BD3054,Madaripur,10658.0,12738.0,2.953,2021,1,
Wheat,2020-21,BD3054,Madaripur,11787.0,14079.0,2.952,2022,1,
Wheat,2021-22,BD3054,Madaripur,12056.0,15652.0,3.208,2023,2,
Wheat,2022-23,BD3054,Madaripur,12176.0,15957.0,3.238,2024,2,
Wheat,2023-24,BD3054,Madaripur,12661.0,3.39,0.001,2025,2,yoy-jump-gt-10x
Wheat,2024-25,BD3054,Madaripur,17368.0,2.979,0.0,2025,1,
Wheat,2013-14,BD4055,Magura,26211.0,28745.0,2.71,2016,1,
Wheat,2014-15,BD4055,Magura,23732.0,27709.0,2.885,2017,2,
Wheat,2015-16,BD4055,Magura,18369.0,21201.0,2.852,2018,2,
Wheat,2016-17,BD4055,Magura,15259.0,16575.0,2.684,2019,2,
Wheat,2017-18,BD4055,Magura,10593.0,11740.0,2.739,2020,2,
Wheat,2018-19,BD4055,Magura,9014.0,9680.0,2.654,2021,2,
Wheat,2019-20,BD4055,Magura,10574.0,11916.0,2.785,2021,1,
Wheat,2020-21,BD4055,Magura,10947.0,12394.0,2.798,2022,1,
Wheat,2021-22,BD4055,Magura,7398.0,8619.0,2.879,2023,2,
Wheat,2022-23,BD4055,Magura,12447.0,15634.0,3.104,2024,2,
Wheat,2023-24,BD4055,Magura,13312.0,18365.0,3.409,2025,2,
Wheat,2024-25,BD4055,Magura,12722.0,16909.0,3.284,2025,1,
Wheat,2013-14,BD3056,Manikganj,2191.0,2037.0,2.297,2016,1,
Wheat,2014-15,BD3056,Manikganj,2802.0,2814.0,2.482,2017,2,
Wheat,2015-16,BD3056,Manikganj,3492.0,3470.0,2.455,2018,2,
Wheat,2016-17,BD3056,Manikganj,2730.0,2606.0,2.359,2019,2,
Wheat,2017-18,BD3056,Manikganj,6532.0,6537.0,2.473,2020,2,
Wheat,2018-19,BD3056,Manikganj,1599.0,1744.0,2.695,2021,2,
Wheat,2019-20,BD3056,Manikganj,873.0,1036.0,2.932,2021,1,
Wheat,2020-21,BD3056,Manikganj,3993.0,4534.0,2.806,2022,1,
Wheat,2021-22,BD3056,Manikganj,770.0,888.0,2.85,2023,2,
Wheat,2022-23,BD3056,Manikganj,779.0,972.0,3.083,2024,2,
Wheat,2023-24,BD3056,Manikganj,752.9,964.0,3.164,2025,2,
Wheat,2024-25,BD3056,Manikganj,757.0,910.0,2.97,2025,1,
Wheat,2013-14,BD4057,Meherpur,42836.0,54524.0,3.145,2016,1,
Wheat,2014-15,BD4057,Meherpur,42830.0,57155.0,3.298,2017,2,
Wheat,2015-16,BD4057,Meherpur,40595.0,45383.0,2.763,2018,2,
Wheat,2016-17,BD4057,Meherpur,13864.0,19893.0,3.546,2019,2,
Wheat,2017-18,BD4057,Meherpur,16335.0,23902.0,3.616,2020,2,
Wheat,2018-19,BD4057,Meherpur,19659.0,29624.0,3.724,2021,2,
Wheat,2019-20,BD4057,Meherpur,28856.0,42363.0,3.628,2021,1,
Wheat,2020-21,BD4057,Meherpur,31854.0,54755.0,4.248,2022,1,
Wheat,2021-22,BD4057,Meherpur,30176.0,53819.0,4.407,2023,2,
Wheat,2022-23,BD4057,Meherpur,29820.0,50535.0,4.188,2024,2,
Wheat,2023-24,BD4057,Meherpur,32117.0,58947.0,4.535,2025,2,
Wheat,2024-25,BD4057,Meherpur,31154.0,51598.0,4.093,2025,1,
Wheat,2013-14,BD6058,Moulvibazar,238.0,214.0,2.222,2016,1,
Wheat,2014-15,BD6058,Moulvibazar,203.0,187.0,2.276,2017,2,
Wheat,2015-16,BD6058,Moulvibazar,240.0,221.0,2.275,2018,2,
Wheat,2016-17,BD6058,Moulvibazar,166.0,151.0,2.248,2019,2,
Wheat,2017-18,BD6058,Moulvibazar,190.0,166.0,2.159,2020,2,
Wheat,2018-19,BD6058,Moulvibazar,91.0,82.0,2.227,2021,2,
Wheat,2019-20,BD6058,Moulvibazar,83.0,76.0,2.263,2021,1,
Wheat,2020-21,BD6058,Moulvibazar,88.0,62.0,1.741,2022,1,
Wheat,2021-22,BD6058,Moulvibazar,72.0,50.0,1.716,2023,2,
Wheat,2022-23,BD6058,Moulvibazar,127.0,116.0,2.257,2024,2,
Wheat,2023-24,BD6058,Moulvibazar,101.0,116.0,2.838,2025,2,
Wheat,2024-25,BD6058,Moulvibazar,156.0,163.0,2.582,2025,1,
Wheat,2013-14,BD3059,Munshiganj,138.0,97.0,1.737,2016,1,
Wheat,2014-15,BD3059,Munshiganj,62.0,43.0,1.714,2017,2,
Wheat,2015-16,BD3059,Munshiganj,47.0,33.0,1.735,2018,2,
Wheat,2016-17,BD3059,Munshiganj,44.0,35.0,1.966,2019,2,
Wheat,2017-18,BD3059,Munshiganj,26.0,18.0,1.711,2020,2,
Wheat,2018-19,BD3059,Munshiganj,0.0,0.0,,2021,2,
Wheat,2019-20,BD3059,Munshiganj,0.0,0.0,,2021,1,
Wheat,2020-21,BD3059,Munshiganj,21.0,24.0,2.824,2022,1,
Wheat,2021-22,BD3059,Munshiganj,22.0,32.0,3.594,2023,2,
Wheat,2022-23,BD3059,Munshiganj,47.0,57.0,2.997,2024,2,
Wheat,2023-24,BD3059,Munshiganj,63.2,87.0,3.402,2025,2,
Wheat,2024-25,BD3059,Munshiganj,65.0,78.0,2.965,2025,1,
Wheat,2013-14,BD4561,Mymensingh,4815.0,4934.0,2.532,2016,1,
Wheat,2014-15,BD4561,Mymensingh,3736.0,3415.0,2.259,2017,2,
Wheat,2015-16,BD4561,Mymensingh,3195.0,2757.0,2.132,2018,2,
Wheat,2016-17,BD4561,Mymensingh,3251.0,3238.0,2.461,2019,2,
Wheat,2017-18,BD4561,Mymensingh,3136.0,3641.0,2.869,2020,2,
Wheat,2018-19,BD4561,Mymensingh,3226.0,2941.0,2.253,2021,2,
Wheat,2019-20,BD4561,Mymensingh,3296.0,3326.0,2.494,2021,1,
Wheat,2020-21,BD4561,Mymensingh,3247.0,3642.0,2.772,2022,1,
Wheat,2021-22,BD4561,Mymensingh,3232.0,3548.0,2.713,2023,2,
Wheat,2022-23,BD4561,Mymensingh,4130.0,4514.0,2.701,2024,2,
Wheat,2023-24,BD4561,Mymensingh,4191.0,5537.0,3.265,2025,2,
Wheat,2024-25,BD4561,Mymensingh,4390.0,5333.0,3.002,2025,1,
Wheat,2013-14,BD5064,Naogaon,46521.0,60535.0,3.215,2016,1,
Wheat,2014-15,BD5064,Naogaon,49799.0,63220.0,3.137,2017,2,
Wheat,2015-16,BD5064,Naogaon,56277.0,70352.0,3.089,2018,2,
Wheat,2016-17,BD5064,Naogaon,72819.0,92199.0,3.129,2019,2,
Wheat,2017-18,BD5064,Naogaon,69129.0,87837.0,3.14,2020,2,
Wheat,2018-19,BD5064,Naogaon,58630.0,76554.0,3.226,2021,2,
Wheat,2019-20,BD5064,Naogaon,53783.0,71530.0,3.286,2021,1,
Wheat,2020-21,BD5064,Naogaon,56124.0,79462.0,3.499,2022,1,
Wheat,2021-22,BD5064,Naogaon,49131.0,66877.0,3.364,2023,2,
Wheat,2022-23,BD5064,Naogaon,41108.0,56729.0,3.41,2024,2,
Wheat,2023-24,BD5064,Naogaon,41375.0,60340.0,3.604,2025,2,
Wheat,2024-25,BD5064,Naogaon,42761.0,68885.0,3.981,2025,1,
Wheat,2013-14,BD4065,Narail,9220.0,10528.0,2.822,2016,1,
Wheat,2014-15,BD4065,Narail,9084.0,9925.0,2.7,2017,2,
Wheat,2015-16,BD4065,Narail,10191.0,11009.0,2.669,2018,2,
Wheat,2016-17,BD4065,Narail,11192.0,12579.0,2.777,2019,2,
Wheat,2017-18,BD4065,Narail,4066.0,4555.0,2.768,2020,2,
Wheat,2018-19,BD4065,Narail,3750.0,4197.0,2.766,2021,2,
Wheat,2019-20,BD4065,Narail,3522.0,4202.0,2.948,2021,1,
Wheat,2020-21,BD4065,Narail,3717.0,4397.0,2.923,2022,1,
Wheat,2021-22,BD4065,Narail,3524.0,4165.0,2.921,2023,2,
Wheat,2022-23,BD4065,Narail,3851.0,4587.0,2.943,2024,2,
Wheat,2023-24,BD4065,Narail,4132.0,5264.0,3.148,2025,2,
Wheat,2024-25,BD4065,Narail,4277.0,5061.0,2.924,2025,1,
Wheat,2013-14,BD3067,Narayanganj,574.0,382.0,1.644,2016,1,
Wheat,2014-15,BD3067,Narayanganj,560.0,397.0,1.752,2017,2,
Wheat,2015-16,BD3067,Narayanganj,490.0,345.0,1.74,2018,2,
Wheat,2016-17,BD3067,Narayanganj,410.0,323.0,1.947,2019,2,
Wheat,2017-18,BD3067,Narayanganj,8.0,7.0,2.162,2020,2,yoy-jump-gt-10x
Wheat,2018-19,BD3067,Narayanganj,0.0,0.0,,2021,2,
Wheat,2019-20,BD3067,Narayanganj,5.0,4.0,1.977,2021,1,
Wheat,2020-21,BD3067,Narayanganj,140.0,107.0,1.889,2022,1,yoy-jump-gt-10x
Wheat,2021-22,BD3067,Narayanganj,66.0,72.0,2.696,2023,2,
Wheat,2022-23,BD3067,Narayanganj,75.0,86.0,2.833,2024,2,
Wheat,2023-24,BD3067,Narayanganj,67.31,81.0,2.974,2025,2,
Wheat,2024-25,BD3067,Narayanganj,60.0,74.0,3.048,2025,1,
Wheat,2013-14,BD3068,Narsingdi,1020.0,811.0,1.965,2016,1,
Wheat,2014-15,BD3068,Narsingdi,700.0,623.0,2.199,2017,2,
Wheat,2015-16,BD3068,Narsingdi,446.0,385.0,2.133,2018,2,
Wheat,2016-17,BD3068,Narsingdi,373.0,352.0,2.332,2019,2,
Wheat,2017-18,BD3068,Narsingdi,2329.0,2382.0,2.527,2020,2,
Wheat,2018-19,BD3068,Narsingdi,1263.0,1194.0,2.336,2021,2,
Wheat,2019-20,BD3068,Narsingdi,830.0,754.0,2.245,2021,1,
Wheat,2020-21,BD3068,Narsingdi,241.0,218.0,2.235,2022,1,
Wheat,2021-22,BD3068,Narsingdi,238.0,225.0,2.336,2023,2,
Wheat,2022-23,BD3068,Narsingdi,194.0,181.0,2.305,2024,2,
Wheat,2023-24,BD3068,Narsingdi,179.97,170.0,2.334,2025,2,
Wheat,2024-25,BD3068,Narsingdi,177.0,155.0,2.164,2025,1,
Wheat,2013-14,BD5069,Natore,63867.0,82128.0,3.178,2016,1,
Wheat,2014-15,BD5069,Natore,62370.0,81204.0,3.217,2017,2,
Wheat,2015-16,BD5069,Natore,53339.0,67953.0,3.148,2018,2,
Wheat,2016-17,BD5069,Natore,54054.0,71104.0,3.25,2019,2,
Wheat,2017-18,BD5069,Natore,46986.0,59386.0,3.123,2020,2,
Wheat,2018-19,BD5069,Natore,52861.0,61129.0,2.858,2021,2,
Wheat,2019-20,BD5069,Natore,54380.0,64489.0,2.93,2021,1,
Wheat,2020-21,BD5069,Natore,53757.0,63971.0,2.941,2022,1,
Wheat,2021-22,BD5069,Natore,57173.0,80353.0,3.473,2023,2,
Wheat,2022-23,BD5069,Natore,61982.0,100540.0,4.008,2024,2,
Wheat,2023-24,BD5069,Natore,61454.0,102552.0,4.124,2025,2,
Wheat,2024-25,BD5069,Natore,54257.0,91184.0,4.153,2025,1,
Wheat,2013-14,BD4572,Netrakona,4573.0,3115.0,1.683,2016,1,
Wheat,2014-15,BD4572,Netrakona,3165.0,2434.0,1.9,2017,2,
Wheat,2015-16,BD4572,Netrakona,1809.0,1450.0,1.981,2018,2,
Wheat,2016-17,BD4572,Netrakona,1955.0,1894.0,2.394,2019,2,
Wheat,2017-18,BD4572,Netrakona,3980.0,3794.0,2.356,2020,2,
Wheat,2018-19,BD4572,Netrakona,3810.0,3563.0,2.311,2021,2,
Wheat,2019-20,BD4572,Netrakona,3162.0,3057.0,2.389,2021,1,
Wheat,2020-21,BD4572,Netrakona,2005.0,1741.0,2.146,2022,1,
Wheat,2021-22,BD4572,Netrakona,1821.0,1911.0,2.593,2023,2,
Wheat,2022-23,BD4572,Netrakona,1746.0,2143.0,3.033,2024,2,
Wheat,2023-24,BD4572,Netrakona,1713.0,2141.0,3.088,2025,2,
Wheat,2024-25,BD4572,Netrakona,1529.0,1495.0,2.416,2025,1,
Wheat,2013-14,BD5573,Nilphamari,9734.0,10806.0,2.743,2016,1,
Wheat,2014-15,BD5573,Nilphamari,11866.0,14023.0,2.92,2017,2,
Wheat,2015-16,BD5573,Nilphamari,12037.0,14355.0,2.947,2018,2,
Wheat,2016-17,BD5573,Nilphamari,15101.0,18692.0,3.059,2019,2,
Wheat,2017-18,BD5573,Nilphamari,12204.0,15826.0,3.204,2020,2,
Wheat,2018-19,BD5573,Nilphamari,12101.0,14567.0,2.975,2021,2,
Wheat,2019-20,BD5573,Nilphamari,12843.0,16007.0,3.08,2021,1,
Wheat,2020-21,BD5573,Nilphamari,12475.0,16265.0,3.222,2022,1,
Wheat,2021-22,BD5573,Nilphamari,10827.0,13244.0,3.023,2023,2,
Wheat,2022-23,BD5573,Nilphamari,10338.0,13366.0,3.195,2024,2,
Wheat,2023-24,BD5573,Nilphamari,9862.0,12782.0,3.203,2025,2,
Wheat,2024-25,BD5573,Nilphamari,7273.0,9766.0,3.318,2025,1,
Wheat,2013-14,BD2075,Noakhali,74.0,50.0,1.67,2016,1,
Wheat,2014-15,BD2075,Noakhali,24.0,23.0,2.368,2017,2,
Wheat,2015-16,BD2075,Noakhali,27.0,24.0,2.196,2018,2,
Wheat,2016-17,BD2075,Noakhali,4.0,3.0,1.853,2019,2,
Wheat,2017-18,BD2075,Noakhali,0.0,0.0,,2020,2,
Wheat,2018-19,BD2075,Noakhali,5.0,4.0,1.977,2021,2,
Wheat,2019-20,BD2075,Noakhali,3.0,2.0,1.647,2021,1,
Wheat,2020-21,BD2075,Noakhali,21.0,20.0,2.353,2022,1,
Wheat,2021-22,BD2075,Noakhali,21.0,21.0,2.471,2023,2,
Wheat,2022-23,BD2075,Noakhali,74.0,75.0,2.504,2024,2,
Wheat,2023-24,BD2075,Noakhali,58.0,59.0,2.514,2025,2,
Wheat,2024-25,BD2075,Noakhali,139.0,111.0,1.973,2025,1,
Wheat,2013-14,BD5076,Pabna,96169.0,122338.0,3.143,2016,1,
Wheat,2014-15,BD5076,Pabna,101845.0,126403.0,3.067,2017,2,
Wheat,2015-16,BD5076,Pabna,97980.0,121058.0,3.053,2018,2,
Wheat,2016-17,BD5076,Pabna,81575.0,104138.0,3.155,2019,2,
Wheat,2017-18,BD5076,Pabna,62778.0,78502.0,3.09,2020,2,
Wheat,2018-19,BD5076,Pabna,63068.0,73591.0,2.883,2021,2,
Wheat,2019-20,BD5076,Pabna,64118.0,76683.0,2.955,2021,1,
Wheat,2020-21,BD5076,Pabna,64976.0,79528.0,3.024,2022,1,
Wheat,2021-22,BD5076,Pabna,63065.0,72532.0,2.842,2023,2,
Wheat,2022-23,BD5076,Pabna,64015.0,79400.0,3.065,2024,2,
Wheat,2023-24,BD5076,Pabna,63806.0,86741.0,3.359,2025,2,
Wheat,2024-25,BD5076,Pabna,59170.0,75348.0,3.147,2025,1,
Wheat,2013-14,BD5577,Panchagarh,41500.0,53924.0,3.211,2016,1,
Wheat,2014-15,BD5577,Panchagarh,41170.0,53433.0,3.207,2017,2,
Wheat,2015-16,BD5577,Panchagarh,49762.0,65328.0,3.244,2018,2,
Wheat,2016-17,BD5577,Panchagarh,65225.0,89304.0,3.383,2019,2,
Wheat,2017-18,BD5577,Panchagarh,54489.0,72571.0,3.291,2020,2,
Wheat,2018-19,BD5577,Panchagarh,40286.0,54391.0,3.336,2021,2,
Wheat,2019-20,BD5577,Panchagarh,43785.0,55716.0,3.144,2021,1,
Wheat,2020-21,BD5577,Panchagarh,44594.0,59492.0,3.297,2022,1,
Wheat,2021-22,BD5577,Panchagarh,52858.0,75927.0,3.55,2023,2,
Wheat,2022-23,BD5577,Panchagarh,49777.0,75090.0,3.728,2024,2,
Wheat,2023-24,BD5577,Panchagarh,47733.0,76363.0,3.953,2025,2,
Wheat,2024-25,BD5577,Panchagarh,36272.0,60453.0,4.118,2025,1,
Wheat,2013-14,BD1078,Patuakhali,93.0,39.0,1.036,2016,1,
Wheat,2014-15,BD1078,Patuakhali,300.0,124.0,1.021,2017,2,
Wheat,2015-16,BD1078,Patuakhali,310.0,150.0,1.196,2018,2,
Wheat,2016-17,BD1078,Patuakhali,74.0,40.0,1.336,2019,2,
Wheat,2017-18,BD1078,Patuakhali,148.0,75.0,1.252,2020,2,
Wheat,2018-19,BD1078,Patuakhali,0.0,0.0,,2021,2,
Wheat,2019-20,BD1078,Patuakhali,0.0,0.0,,2021,1,
Wheat,2020-21,BD1078,Patuakhali,31.0,41.0,3.268,2022,1,
Wheat,2021-22,BD1078,Patuakhali,45.0,58.0,3.185,2023,2,
Wheat,2022-23,BD1078,Patuakhali,0.0,0.0,,2024,2,
Wheat,2023-24,BD1078,Patuakhali,0.0,0.0,,2025,2,
Wheat,2024-25,BD1078,Patuakhali,100.0,81.0,2.002,2025,1,
Wheat,2013-14,BD1079,Pirojpur,176.0,173.0,2.429,2016,1,
Wheat,2014-15,BD1079,Pirojpur,267.0,262.0,2.425,2017,2,
Wheat,2015-16,BD1079,Pirojpur,470.0,443.0,2.329,2018,2,
Wheat,2016-17,BD1079,Pirojpur,198.0,209.0,2.608,2019,2,
Wheat,2017-18,BD1079,Pirojpur,87.0,89.0,2.528,2020,2,
Wheat,2018-19,BD1079,Pirojpur,32.0,32.0,2.471,2021,2,
Wheat,2019-20,BD1079,Pirojpur,46.0,29.0,1.558,2021,1,
Wheat,2020-21,BD1079,Pirojpur,57.0,42.0,1.821,2022,1,
Wheat,2021-22,BD1079,Pirojpur,49.0,68.0,3.429,2023,2,
Wheat,2022-23,BD1079,Pirojpur,52.0,88.0,4.182,2024,2,
Wheat,2023-24,BD1079,Pirojpur,59.0,85.0,3.56,2025,2,
Wheat,2024-25,BD1079,Pirojpur,61.0,59.0,2.39,2025,1,
Wheat,2013-14,BD3082,Rajbari,41863.0,49489.0,2.921,2016,1,
Wheat,2014-15,BD3082,Rajbari,41110.0,48261.0,2.901,2017,2,
Wheat,2015-16,BD3082,Rajbari,39302.0,45405.0,2.855,2018,2,
Wheat,2016-17,BD3082,Rajbari,33178.0,40411.0,3.01,2019,2,
Wheat,2017-18,BD3082,Rajbari,29616.0,34104.0,2.846,2020,2,
Wheat,2018-19,BD3082,Rajbari,31676.0,35921.0,2.802,2021,2,
Wheat,2019-20,BD3082,Rajbari,29423.0,31631.0,2.656,2021,1,
Wheat,2020-21,BD3082,Rajbari,29485.0,31246.0,2.619,2022,1,
Wheat,2021-22,BD3082,Rajbari,28525.0,36457.0,3.158,2023,2,
Wheat,2022-23,BD3082,Rajbari,33339.0,43481.0,3.223,2024,2,
Wheat,2023-24,BD3082,Rajbari,27727.0,38946.0,3.471,2025,2,
Wheat,2024-25,BD3082,Rajbari,26163.0,33836.0,3.196,2025,1,
Wheat,2013-14,BD5081,Rajshahi,72822.0,92475.0,3.138,2016,1,
Wheat,2014-15,BD5081,Rajshahi,70898.0,93684.0,3.265,2017,2,
Wheat,2015-16,BD5081,Rajshahi,68260.0,89994.0,3.258,2018,2,
Wheat,2016-17,BD5081,Rajshahi,67568.0,88779.0,3.247,2019,2,
Wheat,2017-18,BD5081,Rajshahi,54683.0,72013.0,3.254,2020,2,
Wheat,2018-19,BD5081,Rajshahi,61157.0,73507.0,2.97,2021,2,
Wheat,2019-20,BD5081,Rajshahi,65098.0,80990.0,3.074,2021,1,
Wheat,2020-21,BD5081,Rajshahi,62433.0,77184.0,3.055,2022,1,
Wheat,2021-22,BD5081,Rajshahi,58025.0,75831.0,3.229,2023,2,
Wheat,2022-23,BD5081,Rajshahi,55803.0,76270.0,3.377,2024,2,
Wheat,2023-24,BD5081,Rajshahi,57849.25,88396.0,3.776,2025,2,
Wheat,2024-25,BD5081,Rajshahi,58096.0,96220.0,4.093,2025,1,
Wheat,2013-14,BD2084,Rangamati,0.0,0.0,,2016,1,
Wheat,2014-15,BD2084,Rangamati,0.0,0.0,,2017,2,
Wheat,2015-16,BD2084,Rangamati,0.0,0.0,,2018,2,
Wheat,2016-17,BD2084,Rangamati,0.0,0.0,,2019,2,
Wheat,2017-18,BD2084,Rangamati,0.0,0.0,,2020,2,
Wheat,2018-19,BD2084,Rangamati,0.0,0.0,,2021,2,
Wheat,2019-20,BD2084,Rangamati,0.0,0.0,,2021,1,
Wheat,2020-21,BD2084,Rangamati,0.0,0.0,,2022,1,
Wheat,2021-22,BD2084,Rangamati,0.0,0.0,,2023,2,
Wheat,2022-23,BD2084,Rangamati,0.0,0.0,,2024,2,
Wheat,2023-24,BD2084,Rangamati,0.0,0.0,,2025,2,
Wheat,2024-25,BD2084,Rangamati,0.0,0.0,,2025,1,
Wheat,2013-14,BD5585,Rangpur,8150.0,9297.0,2.819,2016,1,
Wheat,2014-15,BD5585,Rangpur,8247.0,9672.0,2.898,2017,2,
Wheat,2015-16,BD5585,Rangpur,8939.0,10611.0,2.933,2018,2,
Wheat,2016-17,BD5585,Rangpur,8876.0,11155.0,3.106,2019,2,
Wheat,2017-18,BD5585,Rangpur,6684.0,8251.0,3.05,2020,2,
Wheat,2018-19,BD5585,Rangpur,4192.0,5014.0,2.956,2021,2,
Wheat,2019-20,BD5585,Rangpur,4377.0,5823.0,3.287,2021,1,
Wheat,2020-21,BD5585,Rangpur,4235.0,7112.0,4.15,2022,1,
Wheat,2021-22,BD5585,Rangpur,4038.0,4947.0,3.027,2023,2,
Wheat,2022-23,BD5585,Rangpur,4002.0,5049.0,3.118,2024,2,
Wheat,2023-24,BD5585,Rangpur,4042.0,5353.0,3.273,2025,2,
Wheat,2024-25,BD5585,Rangpur,3683.0,5548.0,3.722,2025,1,
Wheat,2013-14,BD4087,Satkhira,2672.0,2626.0,2.429,2016,1,
Wheat,2014-15,BD4087,Satkhira,3684.0,3919.0,2.629,2017,2,
Wheat,2015-16,BD4087,Satkhira,5234.0,5441.0,2.569,2018,2,
Wheat,2016-17,BD4087,Satkhira,4252.0,4709.0,2.737,2019,2,
Wheat,2017-18,BD4087,Satkhira,2473.0,2724.0,2.722,2020,2,
Wheat,2018-19,BD4087,Satkhira,2171.0,2532.0,2.882,2021,2,
Wheat,2019-20,BD4087,Satkhira,1802.0,2102.0,2.882,2021,1,
Wheat,2020-21,BD4087,Satkhira,1843.0,2165.0,2.903,2022,1,
Wheat,2021-22,BD4087,Satkhira,1531.0,1804.0,2.912,2023,2,
Wheat,2022-23,BD4087,Satkhira,1468.0,1721.0,2.897,2024,2,
Wheat,2023-24,BD4087,Satkhira,1513.0,1924.0,3.142,2025,2,
Wheat,2024-25,BD4087,Satkhira,1256.0,1405.0,2.764,2025,1,
Wheat,2013-14,BD3086,Shariatpur,11895.0,14270.0,2.964,2016,1,
Wheat,2014-15,BD3086,Shariatpur,10790.0,13774.0,3.154,2017,2,
Wheat,2015-16,BD3086,Shariatpur,10070.0,13344.0,3.274,2018,2,
Wheat,2016-17,BD3086,Shariatpur,9806.0,12753.0,3.214,2019,2,
Wheat,2017-18,BD3086,Shariatpur,9727.0,12802.0,3.252,2020,2,
Wheat,2018-19,BD3086,Shariatpur,9917.0,13001.0,3.24,2021,2,
Wheat,2019-20,BD3086,Shariatpur,10003.0,12568.0,3.105,2021,1,
Wheat,2020-21,BD3086,Shariatpur,10260.0,13473.0,3.245,2022,1,
Wheat,2021-22,BD3086,Shariatpur,10317.0,13444.0,3.22,2023,2,
Wheat,2022-23,BD3086,Shariatpur,11050.0,14374.0,3.214,2024,2,
Wheat,2023-24,BD3086,Shariatpur,10539.0,14190.0,3.327,2025,2,
Wheat,2024-25,BD3086,Shariatpur,11037.0,13678.0,3.062,2025,1,
Wheat,2013-14,BD4589,Sherpur,3137.0,3309.0,2.607,2016,1,
Wheat,2014-15,BD4589,Sherpur,2783.0,2822.0,2.506,2017,2,
Wheat,2015-16,BD4589,Sherpur,1707.0,1710.0,2.475,2018,2,
Wheat,2016-17,BD4589,Sherpur,5521.0,6069.0,2.716,2019,2,
Wheat,2017-18,BD4589,Sherpur,1579.0,1552.0,2.429,2020,2,
Wheat,2018-19,BD4589,Sherpur,2561.0,2666.0,2.572,2021,2,
Wheat,2019-20,BD4589,Sherpur,1652.0,1886.0,2.821,2021,1,
Wheat,2020-21,BD4589,Sherpur,2080.0,2440.0,2.899,2022,1,
Wheat,2021-22,BD4589,Sherpur,1898.0,2061.0,2.683,2023,2,
Wheat,2022-23,BD4589,Sherpur,1912.0,2085.0,2.695,2024,2,
Wheat,2023-24,BD4589,Sherpur,2109.0,2826.0,3.311,2025,2,
Wheat,2024-25,BD4589,Sherpur,2114.0,2392.0,2.796,2025,1,
Wheat,2013-14,BD5088,Sirajganj,14695.0,15370.0,2.585,2016,1,
Wheat,2014-15,BD5088,Sirajganj,15614.0,16383.0,2.593,2017,2,
Wheat,2015-16,BD5088,Sirajganj,17584.0,18096.0,2.543,2018,2,
Wheat,2016-17,BD5088,Sirajganj,14838.0,15586.0,2.596,2019,2,
Wheat,2017-18,BD5088,Sirajganj,14483.0,15705.0,2.68,2020,2,
Wheat,2018-19,BD5088,Sirajganj,14653.0,16469.0,2.777,2021,2,
Wheat,2019-20,BD5088,Sirajganj,14114.0,15552.0,2.723,2021,1,
Wheat,2020-21,BD5088,Sirajganj,13460.0,15470.0,2.84,2022,1,
Wheat,2021-22,BD5088,Sirajganj,12386.0,14858.0,2.964,2023,2,
Wheat,2022-23,BD5088,Sirajganj,11455.0,13067.0,2.819,2024,2,
Wheat,2023-24,BD5088,Sirajganj,11499.24,15849.0,3.406,2025,2,
Wheat,2024-25,BD5088,Sirajganj,11256.0,17470.0,3.835,2025,1,
Wheat,2013-14,BD6090,Sunamganj,181.0,134.0,1.829,2016,1,
Wheat,2014-15,BD6090,Sunamganj,598.0,455.0,1.88,2017,2,
Wheat,2015-16,BD6090,Sunamganj,1258.0,1344.0,2.64,2018,2,
Wheat,2016-17,BD6090,Sunamganj,1400.0,1556.0,2.746,2019,2,
Wheat,2017-18,BD6090,Sunamganj,1385.0,1484.0,2.648,2020,2,
Wheat,2018-19,BD6090,Sunamganj,1349.0,1421.0,2.603,2021,2,
Wheat,2019-20,BD6090,Sunamganj,854.0,942.0,2.726,2021,1,
Wheat,2020-21,BD6090,Sunamganj,1172.0,830.0,1.75,2022,1,
Wheat,2021-22,BD6090,Sunamganj,854.0,983.0,2.844,2023,2,
Wheat,2022-23,BD6090,Sunamganj,858.0,1228.0,3.537,2024,2,
Wheat,2023-24,BD6090,Sunamganj,926.0,1340.0,3.576,2025,2,
Wheat,2024-25,BD6090,Sunamganj,923.0,1244.0,3.33,2025,1,
Wheat,2013-14,BD6091,Sylhet,213.0,190.0,2.204,2016,1,
Wheat,2014-15,BD6091,Sylhet,382.0,276.0,1.785,2017,2,
Wheat,2015-16,BD6091,Sylhet,403.0,300.0,1.839,2018,2,
Wheat,2016-17,BD6091,Sylhet,611.0,462.0,1.868,2019,2,
Wheat,2017-18,BD6091,Sylhet,865.0,789.0,2.254,2020,2,
Wheat,2018-19,BD6091,Sylhet,435.0,309.0,1.755,2021,2,
Wheat,2019-20,BD6091,Sylhet,490.0,359.0,1.81,2021,1,
Wheat,2020-21,BD6091,Sylhet,590.0,437.0,1.83,2022,1,
Wheat,2021-22,BD6091,Sylhet,574.0,520.0,2.239,2023,2,
Wheat,2022-23,BD6091,Sylhet,602.0,570.0,2.34,2024,2,
Wheat,2023-24,BD6091,Sylhet,504.0,500.0,2.451,2025,2,
Wheat,2024-25,BD6091,Sylhet,645.0,647.0,2.479,2025,1,
Wheat,2013-14,BD3093,Tangail,16607.0,17153.0,2.552,2016,1,
Wheat,2014-15,BD3093,Tangail,15029.0,15893.0,2.613,2017,2,
Wheat,2015-16,BD3093,Tangail,16471.0,17338.0,2.601,2018,2,
Wheat,2016-17,BD3093,Tangail,14832.0,16703.0,2.783,2019,2,
Wheat,2017-18,BD3093,Tangail,14997.0,18350.0,3.024,2020,2,
Wheat,2018-19,BD3093,Tangail,10380.0,12169.0,2.897,2021,2,
Wheat,2019-20,BD3093,Tangail,10986.0,11642.0,2.619,2021,1,
Wheat,2020-21,BD3093,Tangail,11985.0,13613.0,2.807,2022,1,
Wheat,2021-22,BD3093,Tangail,11056.0,12039.0,2.691,2023,2,
Wheat,2022-23,BD3093,Tangail,10592.0,12505.0,2.917,2024,2,
Wheat,2023-24,BD3093,Tangail,10070.0,11826.0,2.902,2025,2,
Wheat,2024-25,BD3093,Tangail,10262.0,10434.0,2.512,2025,1,
Wheat,2013-14,BD5594,Thakurgaon,132739.0,173319.0,3.226,2016,1,
Wheat,2014-15,BD5594,Thakurgaon,143466.0,187325.0,3.226,2017,2,
Wheat,2015-16,BD5594,Thakurgaon,153397.0,199834.0,3.219,2018,2,
Wheat,2016-17,BD5594,Thakurgaon,166071.0,226821.0,3.375,2019,2,
Wheat,2017-18,BD5594,Thakurgaon,150831.0,196885.0,3.226,2020,2,
Wheat,2018-19,BD5594,Thakurgaon,124138.0,165193.0,3.288,2021,2,
Wheat,2019-20,BD5594,Thakurgaon,123457.0,175669.0,3.516,2021,1,
Wheat,2020-21,BD5594,Thakurgaon,121790.0,183617.0,3.725,2022,1,
Wheat,2021-22,BD5594,Thakurgaon,112852.0,177827.0,3.894,2023,2,
Wheat,2022-23,BD5594,Thakurgaon,113837.0,165264.0,3.587,2024,2,
Wheat,2023-24,BD5594,Thakurgaon,104226.0,164707.0,3.905,2025,2,
Wheat,2024-25,BD5594,Thakurgaon,61030.0,101929.0,4.127,2025,1,
