crop,crop_year,district,edition,area_acres,area_ha,yield_mt_per_ha,production_mt,n_tables
Aman,2023-24,Bagerhat,2025,167981.0,67981.0,2.515,170959.0,1
Aman,2023-24,Bandarban,2025,25953.0,10503.0,3.003,31546.0,1
Aman,2023-24,Barguna,2025,233055.0,94316.0,2.394,225756.0,1
Aman,2023-24,Barishal,2025,285074.0,115368.0,2.272,262079.0,1
Aman,2023-24,Bhola,2025,417441.0,168936.0,2.983,503897.0,1
Aman,2023-24,Bogura,2025,444256.0,179788.0,3.161,568321.0,1
Aman,2023-24,Brahmanbaria,2025,178007.0,72039.0,2.638,190038.0,1
Aman,2023-24,Chandpur,2025,104001.0,42089.0,2.225,93646.0,1
Aman,2023-24,Chapainababganj,2025,132965.0,53810.0,3.328,179072.0,1
Aman,2023-24,Chattogram,2025,439574.0,177893.0,2.913,518250.0,1
Aman,2023-24,Chuadanga,2025,89260.0,36123.0,3.149,113752.0,1
Aman,2023-24,Cox's Bazar,2025,185551.0,75092.0,3.108,233416.0,1
Aman,2023-24,Cumilla,2025,317209.0,128373.0,2.847,365438.0,1
Aman,2023-24,Dhaka,2025,19706.0,7975.0,1.889,15065.0,1
Aman,2023-24,Dinajpur,2025,640543.0,259224.0,3.01,780378.0,1
Aman,2023-24,Faridpur,2025,200658.0,81205.0,3.008,244276.0,1
Aman,2023-24,Feni,2025,163406.0,66130.0,3.107,205436.0,1
Aman,2023-24,Gaibandha,2025,314202.0,127156.0,2.856,363144.0,1
Aman,2023-24,Gazipur,2025,103013.0,41689.0,2.943,122702.0,1
Aman,2023-24,Gopalganj,2025,61544.0,24907.0,2.201,54812.0,1
Aman,2023-24,Habiganj,2025,223781.0,90563.0,3.01,272564.0,1
Aman,2023-24,Jamalpur,2025,275315.0,111418.0,3.134,349220.0,1
Aman,2023-24,Jashore,2025,343202.0,138892.0,3.027,420397.0,1
Aman,2023-24,Jhalokati,2025,111489.0,45119.0,2.208,99603.0,1
Aman,2023-24,Jhenaidah,2025,255165.0,103264.0,3.453,356574.0,1
Aman,2023-24,Joypurhat,2025,165358.0,66919.0,3.088,206671.0,1
Aman,2023-24,Khagrachhari,2025,67710.0,27402.0,3.315,90838.0,1
Aman,2023-24,Khulna,2025,238629.0,96572.0,2.818,272108.0,1
Aman,2023-24,Kishoreganj,2025,179444.0,72620.0,3.128,227134.0,1
Aman,2023-24,Kurigram,2025,296768.0,120100.0,3.135,376512.0,1
Aman,2023-24,Kushtia,2025,216391.0,87572.0,3.247,284346.0,1
Aman,2023-24,Lakshmipur,2025,187858.0,76025.0,2.859,217373.0,1
Aman,2023-24,Lalmonirhat,2025,213445.0,86380.0,3.198,276232.0,1
Aman,2023-24,Madaripur,2025,65714.0,26594.0,2.26,60105.0,1
Aman,2023-24,Magura,2025,152771.0,61826.0,2.994,185077.0,1
Aman,2023-24,Manikganj,2025,89942.0,36399.0,1.548,56340.0,1
Aman,2023-24,Meherpur,2025,63846.0,25838.0,3.207,82868.0,1
Aman,2023-24,Moulvibazar,2025,252060.0,102007.0,3.187,325077.0,1
Aman,2023-24,Munshiganj,2025,48509.0,19631.0,1.171,22990.0,1
Aman,2023-24,Mymensingh,2025,624410.0,252695.0,2.834,716181.0,1
Aman,2023-24,Naogaon,2025,481000.0,194666.0,2.996,583283.0,1
Aman,2023-24,Narail,2025,104343.0,42227.0,2.964,125164.0,1
Aman,2023-24,Narayanganj,2025,14009.0,5670.0,1.659,9406.0,1
Aman,2023-24,Narsingdi,2025,95854.0,38792.0,2.938,113961.0,1
Aman,2023-24,Natore,2025,217885.0,88177.0,2.942,259457.0,1
Aman,2023-24,Netrakona,2025,306223.0,123927.0,2.993,370957.0,1
Aman,2023-24,Nilphamari,2025,279503.0,113113.0,3.201,362111.0,1
Aman,2023-24,Noakhali,2025,395487.0,160051.0,2.761,441874.0,1
Aman,2023-24,Pabna,2025,221456.0,89622.0,2.362,211690.0,1
Aman,2023-24,Panchagarh,2025,246567.0,99784.0,3.312,330507.0,1
Aman,2023-24,Patuakhali,2025,465365.0,188331.0,2.307,434422.0,1
Aman,2023-24,Pirojpur,2025,148931.0,60272.0,1.827,110111.0,1
Aman,2023-24,Rajbari,2025,124202.0,50264.0,3.056,153592.0,1
Aman,2023-24,Rajshahi,2025,197835.0,80063.0,3.327,266347.0,1
Aman,2023-24,Rangamati,2025,23819.0,9639.0,2.967,28602.0,1
Aman,2023-24,Rangpur,2025,409266.0,165628.0,3.171,525225.0,1
Aman,2023-24,Satkhira,2025,214115.0,86651.0,3.185,275977.0,1
Aman,2023-24,Shariatpur,2025,36074.0,14599.0,1.839,26850.0,1
Aman,2023-24,Sherpur,2025,241422.0,97702.0,2.788,272353.0,1
Aman,2023-24,Sirajganj,2025,208971.0,84569.0,2.975,251635.0,1
Aman,2023-24,Sunamganj,2025,196288.0,79437.0,2.941,233650.0,1
Aman,2023-24,Sylhet,2025,352321.0,142582.0,2.874,409740.0,1
Aman,2023-24,Tangail,2025,294897.0,119343.0,2.496,297873.0,1
Aman,2023-24,Thakurgaon,2025,339058.0,137215.0,3.07,421282.0,1
Aman,2024-25,Bagerhat,2025,166750.0,67483.0,2.336,157668.0,1
Aman,2024-25,Bandarban,2025,26549.0,10744.0,3.048,32746.0,1
Aman,2024-25,Barguna,2025,231645.0,93745.0,2.635,247059.0,1
Aman,2024-25,Barishal,2025,293722.0,118868.0,2.131,253304.0,1
Aman,2024-25,Bhola,2025,409495.0,165720.0,2.884,477959.0,1
Aman,2024-25,Bogura,2025,441024.0,178480.0,2.929,522797.0,1
Aman,2024-25,Brahmanbaria,2025,178427.0,72208.0,2.778,200611.0,1
Aman,2024-25,Chandpur,2025,83306.0,33713.0,2.244,75659.0,1
Aman,2024-25,Chapainababganj,2025,132133.0,53473.0,3.473,185696.0,1
Aman,2024-25,Chattogram,2025,422907.0,171148.0,3.337,571045.0,1
Aman,2024-25,Chuadanga,2025,90287.0,36539.0,3.141,114768.0,1
Aman,2024-25,Cox's Bazar,2025,185189.0,74945.0,3.369,252466.0,1
Aman,2024-25,Cumilla,2025,277503.0,112304.0,2.582,289926.0,1
Aman,2024-25,Dhaka,2025,17761.0,7188.0,2.027,14571.0,1
Aman,2024-25,Dinajpur,2025,641547.0,259631.0,3.323,862742.0,1
Aman,2024-25,Faridpur,2025,205392.0,83121.0,3.1,257663.0,1
Aman,2024-25,Feni,2025,66107.0,26753.0,3.164,84659.0,1
Aman,2024-25,Gaibandha,2025,303005.0,122624.0,2.769,339508.0,1
Aman,2024-25,Gazipur,2025,102837.0,41618.0,2.774,115428.0,1
Aman,2024-25,Gopalganj,2025,58540.0,23691.0,2.225,52722.0,1
Aman,2024-25,Habiganj,2025,217988.0,88218.0,3.138,276862.0,1
Aman,2024-25,Jamalpur,2025,281624.0,113972.0,2.816,320963.0,1
Aman,2024-25,Jashore,2025,334357.0,135312.0,3.276,443333.0,1
Aman,2024-25,Jhalokati,2025,111061.0,44946.0,1.857,83442.0,1
Aman,2024-25,Jhenaidah,2025,262514.0,106238.0,3.421,363491.0,1
Aman,2024-25,Joypurhat,2025,170950.0,69183.0,2.985,206503.0,1
Aman,2024-25,Khagrachhari,2025,67602.0,27358.0,3.273,89555.0,1
Aman,2024-25,Khulna,2025,222493.0,90042.0,2.643,237959.0,1
Aman,2024-25,Kishoreganj,2025,185343.0,75007.0,3.058,229400.0,1
Aman,2024-25,Kurigram,2025,297667.0,120464.0,3.436,413925.0,1
Aman,2024-25,Kushtia,2025,214445.0,86785.0,3.209,278525.0,1
Aman,2024-25,Lakshmipur,2025,178031.0,72048.0,2.775,199953.0,1
Aman,2024-25,Lalmonirhat,2025,213494.0,86400.0,3.577,309067.0,1
Aman,2024-25,Madaripur,2025,71244.0,28832.0,2.13,61407.0,1
Aman,2024-25,Magura,2025,152647.0,61775.0,3.11,192125.0,1
Aman,2024-25,Manikganj,2025,79706.0,32257.0,1.805,58235.0,1
Aman,2024-25,Meherpur,2025,63826.0,25830.0,3.183,82210.0,1
Aman,2024-25,Moulvibazar,2025,244599.0,98988.0,3.372,333741.0,1
Aman,2024-25,Munshiganj,2025,49844.0,20171.0,1.211,24418.0,1
Aman,2024-25,Mymensingh,2025,634522.0,256788.0,2.806,720563.0,1
Aman,2024-25,Naogaon,2025,485460.0,196463.0,3.185,625784.0,1
Aman,2024-25,Narail,2025,104439.0,42266.0,2.697,114011.0,1
Aman,2024-25,Narayanganj,2025,13881.0,5618.0,1.789,10048.0,1
Aman,2024-25,Narsingdi,2025,95840.0,38786.0,2.744,106414.0,1
Aman,2024-25,Natore,2025,220949.0,89417.0,3.129,279767.0,1
Aman,2024-25,Netrakona,2025,284254.0,115036.0,3.196,367644.0,1
Aman,2024-25,Nilphamari,2025,279602.0,113153.0,3.245,367158.0,1
Aman,2024-25,Noakhali,2025,327773.0,132648.0,2.563,339920.0,1
Aman,2024-25,Pabna,2025,220423.0,89204.0,2.421,215939.0,1
Aman,2024-25,Panchagarh,2025,246623.0,99807.0,3.583,357655.0,1
Aman,2024-25,Patuakhali,2025,469385.0,189958.0,2.309,438664.0,1
Aman,2024-25,Pirojpur,2025,147077.0,59521.0,1.943,115647.0,1
Aman,2024-25,Rajbari,2025,117825.0,47683.0,3.175,151414.0,1
Aman,2024-25,Rajshahi,2025,201584.0,81580.0,2.954,241020.0,1
Aman,2024-25,Rangamati,2025,23865.0,9658.0,2.686,25945.0,1
Aman,2024-25,Rangpur,2025,409436.0,165696.0,3.475,575753.0,1
Aman,2024-25,Satkhira,2025,210326.0,85118.0,3.085,262589.0,1
Aman,2024-25,Shariatpur,2025,37139.0,15030.0,1.752,26332.0,1
Aman,2024-25,Sherpur,2025,189825.0,76821.0,2.685,206236.0,1
Aman,2024-25,Sirajganj,2025,210864.0,85335.0,2.95,251733.0,1
Aman,2024-25,Sunamganj,2025,193580.0,78341.0,3.119,244316.0,1
Aman,2024-25,Sylhet,2025,354264.0,143369.0,2.749,394124.0,1
Aman,2024-25,Tangail,2025,295746.0,119687.0,2.512,300710.0,1
Aman,2024-25,Thakurgaon,2025,339098.0,137231.0,3.359,460957.0,1
Aus,2023-24,Bagerhat,2025,8859.0,3585.0,2.903,10408.0,1
Aus,2023-24,Bandarban,2025,30231.0,12234.0,2.148,26281.0,1
Aus,2023-24,Barguna,2025,106300.0,43019.0,2.416,103919.0,1
Aus,2023-24,Barishal,2025,21266.0,8606.0,2.24,19281.0,1
Aus,2023-24,Bhola,2025,179246.0,72540.0,2.63,190784.0,1
Aus,2023-24,Bogura,2025,32157.0,13014.0,3.148,40965.0,1
Aus,2023-24,Brahmanbaria,2025,37814.0,15303.0,3.096,47383.0,1
Aus,2023-24,Chandpur,2025,28733.0,11628.0,2.807,32637.0,1
Aus,2023-24,Chapainababganj,2025,100478.0,40663.0,3.048,123942.0,1
Aus,2023-24,Chattogram,2025,85702.0,34683.0,2.99,103713.0,1
Aus,2023-24,Chuadanga,2025,105508.0,42699.0,3.046,130075.0,1
Aus,2023-24,Cox's Bazar,2025,6272.0,2538.0,3.403,8636.0,1
Aus,2023-24,Cumilla,2025,194346.0,78651.0,2.986,234839.0,1
Aus,2023-24,Dhaka,2025,1587.0,642.0,2.836,1821.0,1
Aus,2023-24,Dinajpur,2025,25733.0,10414.0,3.031,31563.0,1
Aus,2023-24,Faridpur,2025,14208.0,5750.0,2.018,11602.0,1
Aus,2023-24,Feni,2025,19580.0,7924.0,2.516,19940.0,1
Aus,2023-24,Gaibandha,2025,35021.0,14173.0,2.945,41741.0,1
Aus,2023-24,Gazipur,2025,3412.0,1381.0,3.406,4703.0,1
Aus,2023-24,Gopalganj,2025,3820.0,1546.0,2.626,4060.0,1
Aus,2023-24,Habiganj,2025,88827.0,35948.0,2.88,103522.0,1
Aus,2023-24,Jamalpur,2025,9428.0,3815.0,3.073,11727.0,1
Aus,2023-24,Jashore,2025,36390.0,14727.0,3.268,48125.0,1
Aus,2023-24,Jhalokati,2025,29444.0,11916.0,2.707,32254.0,1
Aus,2023-24,Jhenaidah,2025,104986.0,42487.0,3.252,138179.0,1
Aus,2023-24,Joypurhat,2025,548.0,222.0,2.873,637.0,1
Aus,2023-24,Khagrachhari,2025,7341.0,2971.0,2.21,6565.0,1
Aus,2023-24,Khulna,2025,11068.0,4479.0,1.907,8543.0,1
Aus,2023-24,Kishoreganj,2025,42595.0,17238.0,2.927,50455.0,1
Aus,2023-24,Kurigram,2025,17019.0,6887.0,3.095,21318.0,1
Aus,2023-24,Kushtia,2025,75377.0,30505.0,2.968,90530.0,1
Aus,2023-24,Lakshmipur,2025,41658.0,16859.0,2.527,42601.0,1
Aus,2023-24,Lalmonirhat,2025,28526.0,11544.0,3.304,38141.0,1
Aus,2023-24,Madaripur,2025,3284.0,1329.0,2.1,2792.0,1
Aus,2023-24,Magura,2025,14593.0,5906.0,2.469,14579.0,1
Aus,2023-24,Manikganj,2025,8464.0,3425.0,2.618,8969.0,1
Aus,2023-24,Meherpur,2025,48705.0,19711.0,3.14,61882.0,1
Aus,2023-24,Moulvibazar,2025,53096.0,21488.0,3.025,65001.0,1
Aus,2023-24,Munshiganj,2025,736.0,298.0,2.165,645.0,1
Aus,2023-24,Mymensingh,2025,43857.0,17749.0,2.905,51568.0,1
Aus,2023-24,Naogaon,2025,142595.0,57707.0,3.052,176146.0,1
Aus,2023-24,Narail,2025,22042.0,8920.0,2.29,20428.0,1
Aus,2023-24,Narayanganj,2025,5049.0,2043.0,2.201,4497.0,1
Aus,2023-24,Narsingdi,2025,3055.0,1236.0,2.683,3318.0,1
Aus,2023-24,Natore,2025,25391.0,10276.0,3.017,31002.0,1
Aus,2023-24,Netrakona,2025,1197.0,484.0,2.888,1399.0,1
Aus,2023-24,Nilphamari,2025,4507.0,1824.0,3.173,5787.0,1
Aus,2023-24,Noakhali,2025,85354.0,34542.0,2.489,85988.0,1
Aus,2023-24,Pabna,2025,55598.0,22500.0,2.553,57452.0,1
Aus,2023-24,Panchagarh,2025,6772.0,2741.0,3.105,8510.0,1
Aus,2023-24,Patuakhali,2025,48432.0,19600.0,2.284,44758.0,1
Aus,2023-24,Pirojpur,2025,40352.0,16330.0,2.39,39023.0,1
Aus,2023-24,Rajbari,2025,6519.0,2638.0,2.092,5520.0,1
Aus,2023-24,Rajshahi,2025,110198.0,44596.0,3.367,150171.0,1
Aus,2023-24,Rangamati,2025,12859.0,5204.0,1.732,9016.0,1
Aus,2023-24,Rangpur,2025,62022.0,25100.0,3.197,80247.0,1
Aus,2023-24,Satkhira,2025,15451.0,6253.0,3.036,18986.0,1
Aus,2023-24,Shariatpur,2025,32148.0,13010.0,2.462,32029.0,1
Aus,2023-24,Sherpur,2025,7153.0,2895.0,2.778,8043.0,1
Aus,2023-24,Sirajganj,2025,15701.0,6354.0,2.437,15487.0,1
Aus,2023-24,Sunamganj,2025,32303.0,13073.0,3.202,41856.0,1
Aus,2023-24,Sylhet,2025,61851.0,25031.0,3.135,78474.0,1
Aus,2023-24,Tangail,2025,6758.0,2735.0,2.308,6311.0,1
Aus,2023-24,Thakurgaon,2025,47376.0,19173.0,3.237,62064.0,1
Aus,2024-25,Bagerhat,2025,7832.0,3170.0,2.887,9152.0,1
Aus,2024-25,Bandarban,2025,29395.0,11896.0,2.082,24765.0,1
Aus,2024-25,Barguna,2025,85660.0,34666.0,2.341,81144.0,1
Aus,2024-25,Barishal,2025,16577.0,6709.0,2.495,16737.0,1
Aus,2024-25,Bhola,2025,148722.0,60187.0,2.636,158636.0,1
Aus,2024-25,Bogura,2025,30720.0,12432.0,3.087,38372.0,1
Aus,2024-25,Brahmanbaria,2025,42428.0,17170.0,3.05,52371.0,1
Aus,2024-25,Chandpur,2025,21387.0,8655.0,2.897,25073.0,1
Aus,2024-25,Chapainababganj,2025,85124.0,34449.0,3.204,110363.0,1
Aus,2024-25,Chattogram,2025,73275.0,29654.0,3.097,91838.0,1
Aus,2024-25,Chuadanga,2025,108003.0,43708.0,3.146,137498.0,1
Aus,2024-25,Cox's Bazar,2025,6103.0,2470.0,3.345,8261.0,1
Aus,2024-25,Cumilla,2025,195484.0,79111.0,2.987,236272.0,1
Aus,2024-25,Dhaka,2025,1548.0,626.0,2.755,1726.0,1
Aus,2024-25,Dinajpur,2025,25437.0,10294.0,2.971,30581.0,1
Aus,2024-25,Faridpur,2025,11927.0,4827.0,2.39,11537.0,1
Aus,2024-25,Feni,2025,14101.0,5707.0,2.901,16554.0,1
Aus,2024-25,Gaibandha,2025,28252.0,11433.0,2.882,32955.0,1
Aus,2024-25,Gazipur,2025,3292.0,1332.0,3.494,4655.0,1
Aus,2024-25,Gopalganj,2025,3746.0,1516.0,2.713,4113.0,1
Aus,2024-25,Habiganj,2025,99039.0,40081.0,2.866,114880.0,1
Aus,2024-25,Jamalpur,2025,12606.0,5102.0,3.002,15313.0,1
Aus,2024-25,Jashore,2025,36799.0,14892.0,3.233,48150.0,1
Aus,2024-25,Jhalokati,2025,30779.0,12456.0,2.745,34192.0,1
Aus,2024-25,Jhenaidah,2025,102751.0,41583.0,3.315,137847.0,1
Aus,2024-25,Joypurhat,2025,529.0,214.0,2.672,572.0,1
Aus,2024-25,Khagrachhari,2025,7141.0,2890.0,2.307,6667.0,1
Aus,2024-25,Khulna,2025,12207.0,4940.0,1.916,9467.0,1
Aus,2024-25,Kishoreganj,2025,41434.0,16768.0,2.95,49465.0,1
Aus,2024-25,Kurigram,2025,15872.0,6423.0,2.998,19255.0,1
Aus,2024-25,Kushtia,2025,70473.0,28520.0,2.981,85017.0,1
Aus,2024-25,Lakshmipur,2025,34303.0,13882.0,2.879,39972.0,1
Aus,2024-25,Lalmonirhat,2025,28101.0,11372.0,3.25,36964.0,1
Aus,2024-25,Madaripur,2025,2667.0,1079.0,2.154,2325.0,1
Aus,2024-25,Magura,2025,15576.0,6304.0,2.537,15989.0,1
Aus,2024-25,Manikganj,2025,8092.0,3275.0,2.599,8511.0,1
Aus,2024-25,Meherpur,2025,48531.0,19640.0,3.09,60695.0,1
Aus,2024-25,Moulvibazar,2025,73508.0,29748.0,2.969,88333.0,1
Aus,2024-25,Munshiganj,2025,749.0,303.0,2.156,653.0,1
Aus,2024-25,Mymensingh,2025,43806.0,17728.0,2.812,49856.0,1
Aus,2024-25,Naogaon,2025,143696.0,58153.0,3.076,178873.0,1
Aus,2024-25,Narail,2025,22152.0,8965.0,2.34,20973.0,1
Aus,2024-25,Narayanganj,2025,4908.0,1986.0,2.224,4417.0,1
Aus,2024-25,Narsingdi,2025,3106.0,1257.0,2.585,3249.0,1
Aus,2024-25,Natore,2025,23908.0,9675.0,3.13,30281.0,1
Aus,2024-25,Netrakona,2025,1802.0,729.0,2.794,2038.0,1
Aus,2024-25,Nilphamari,2025,2322.0,940.0,3.369,3166.0,1
Aus,2024-25,Noakhali,2025,74369.0,30097.0,2.496,75112.0,1
Aus,2024-25,Pabna,2025,54998.0,22257.0,2.524,56177.0,1
Aus,2024-25,Panchagarh,2025,7187.0,2909.0,3.103,9026.0,1
Aus,2024-25,Patuakhali,2025,46058.0,18639.0,2.692,50175.0,1
Aus,2024-25,Pirojpur,2025,34082.0,13793.0,2.43,33516.0,1
Aus,2024-25,Rajbari,2025,7626.0,3086.0,2.124,6556.0,1
Aus,2024-25,Rajshahi,2025,112360.0,45471.0,3.33,151442.0,1
Aus,2024-25,Rangamati,2025,12067.0,4883.0,1.714,8370.0,1
Aus,2024-25,Rangpur,2025,55286.0,22374.0,3.255,72830.0,1
Aus,2024-25,Satkhira,2025,16423.0,6646.0,2.988,19858.0,1
Aus,2024-25,Shariatpur,2025,27079.0,10959.0,2.56,28051.0,1
Aus,2024-25,Sherpur,2025,6011.0,2433.0,2.814,6845.0,1
Aus,2024-25,Sirajganj,2025,15320.0,6200.0,2.479,15369.0,1
Aus,2024-25,Sunamganj,2025,17864.0,7229.0,3.084,22297.0,1
Aus,2024-25,Sylhet,2025,7730.0,3128.0,2.969,9289.0,1
Aus,2024-25,Tangail,2025,6822.0,2761.0,2.447,6755.0,1
Aus,2024-25,Thakurgaon,2025,42482.0,17192.0,3.61,62056.0,1
Boro,2023-24,Bagerhat,2025,148940.0,60275.0,4.639,279618.0,1
Boro,2023-24,Bandarban,2025,14843.0,6007.0,3.945,23698.0,1
Boro,2023-24,Barguna,2025,29296.0,11856.0,3.337,39563.0,1
Boro,2023-24,Barishal,2025,141726.0,57368.0,4.204,241172.0,1
Boro,2023-24,Bhola,2025,99603.0,40309.0,4.241,170961.0,1
Boro,2023-24,Bogura,2025,460919.0,186531.0,4.179,779499.0,1
Boro,2023-24,Brahmanbaria,2025,275952.0,111676.0,4.006,447369.0,1
Boro,2023-24,Chandpur,2025,157519.0,63747.0,3.504,223400.0,1
Boro,2023-24,Chapainababganj,2025,127764.0,51705.0,4.477,231508.0,1
Boro,2023-24,Chattogram,2025,161783.0,65473.0,4.063,265986.0,1
Boro,2023-24,Chuadanga,2025,90064.0,36448.0,4.124,150322.0,1
Boro,2023-24,Cox's Bazar,2025,128946.0,52184.0,4.195,218885.0,1
Boro,2023-24,Cumilla,2025,381427.0,154415.0,4.135,638569.0,1
Boro,2023-24,Dhaka,2025,105330.0,42626.0,4.646,198058.0,1
Boro,2023-24,Dinajpur,2025,424341.0,171728.0,4.175,717013.0,1
Boro,2023-24,Faridpur,2025,55765.0,22568.0,4.66,105177.0,1
Boro,2023-24,Feni,2025,77150.0,31222.0,3.506,109461.0,1
Boro,2023-24,Gaibandha,2025,308604.0,124890.0,4.33,540718.0,1
Boro,2023-24,Gazipur,2025,145796.0,59003.0,4.378,258322.0,1
Boro,2023-24,Gopalganj,2025,207351.0,83914.0,5.375,451046.0,1
Boro,2023-24,Habiganj,2025,294028.0,118992.0,4.3,511615.0,1
Boro,2023-24,Jamalpur,2025,319191.0,129175.0,4.263,550638.0,1
Boro,2023-24,Jashore,2025,391207.0,158319.0,4.722,747657.0,1
Boro,2023-24,Jhalokati,2025,29070.0,11764.0,3.605,42410.0,1
Boro,2023-24,Jhenaidah,2025,222359.0,89987.0,4.433,398930.0,1
Boro,2023-24,Joypurhat,2025,171221.0,69292.0,3.774,261476.0,1
Boro,2023-24,Khagrachhari,2025,26934.0,10900.0,3.867,42148.0,1
Boro,2023-24,Khulna,2025,142753.0,57771.0,4.254,245768.0,1
Boro,2023-24,Kishoreganj,2025,406076.0,164337.0,4.298,706342.0,1
Boro,2023-24,Kurigram,2025,287782.0,116464.0,4.165,485046.0,1
Boro,2023-24,Kushtia,2025,87991.0,35609.0,4.375,155802.0,1
Boro,2023-24,Lakshmipur,2025,83727.0,33891.0,3.482,118026.0,1
Boro,2023-24,Lalmonirhat,2025,120047.0,48582.0,4.264,207179.0,1
Boro,2023-24,Madaripur,2025,82926.0,33560.0,4.266,143173.0,1
Boro,2023-24,Magura,2025,90708.0,36709.0,4.16,152707.0,1
Boro,2023-24,Manikganj,2025,119016.0,48165.0,5.019,241729.0,1
Boro,2023-24,Meherpur,2025,45620.0,18462.0,4.177,77123.0,1
Boro,2023-24,Moulvibazar,2025,141875.0,57416.0,4.862,279148.0,1
Boro,2023-24,Munshiganj,2025,57873.0,23421.0,4.108,96206.0,1
Boro,2023-24,Mymensingh,2025,636651.0,257649.0,4.123,1062194.0,1
Boro,2023-24,Naogaon,2025,476701.0,192918.0,4.514,870791.0,1
Boro,2023-24,Narail,2025,125153.0,50649.0,4.537,229784.0,1
Boro,2023-24,Narayanganj,2025,48594.0,19666.0,4.319,84931.0,1
Boro,2023-24,Narsingdi,2025,132260.0,53525.0,3.834,205199.0,1
Boro,2023-24,Natore,2025,147235.0,59585.0,4.564,271965.0,1
Boro,2023-24,Netrakona,2025,452071.0,182951.0,4.289,784656.0,1
Boro,2023-24,Nilphamari,2025,202175.0,81819.0,4.416,361321.0,1
Boro,2023-24,Noakhali,2025,188227.0,76174.0,4.975,378930.0,1
Boro,2023-24,Pabna,2025,138761.0,56156.0,4.548,255416.0,1
Boro,2023-24,Panchagarh,2025,80113.0,32421.0,4.446,144136.0,1
Boro,2023-24,Patuakhali,2025,13899.0,5626.0,2.384,13411.0,1
Boro,2023-24,Pirojpur,2025,71719.0,29024.0,4.185,121472.0,1
Boro,2023-24,Rajbari,2025,31649.0,12808.0,4.51,57767.0,1
Boro,2023-24,Rajshahi,2025,168252.0,68091.0,4.456,303443.0,1
Boro,2023-24,Rangamati,2025,18259.0,7389.0,4.346,32111.0,1
Boro,2023-24,Rangpur,2025,326276.0,132042.0,4.596,606820.0,1
Boro,2023-24,Satkhira,2025,194570.0,78741.0,3.983,313644.0,1
Boro,2023-24,Shariatpur,2025,58558.0,23698.0,4.579,108516.0,1
Boro,2023-24,Sherpur,2025,225830.0,91392.0,4.712,430612.0,1
Boro,2023-24,Sirajganj,2025,348459.0,141019.0,4.591,647463.0,1
Boro,2023-24,Sunamganj,2025,529593.0,214323.0,4.455,954799.0,1
Boro,2023-24,Sylhet,2025,204231.0,82651.0,3.452,285326.0,1
Boro,2023-24,Tangail,2025,417570.0,168988.0,4.376,739525.0,1
Boro,2023-24,Thakurgaon,2025,152468.0,61703.0,4.062,250668.0,1
Boro,2024-25,Bagerhat,2025,149921.0,60672.0,4.611,279790.0,1
Boro,2024-25,Bandarban,2025,14715.0,5955.0,4.609,27449.0,1
Boro,2024-25,Barguna,2025,23325.0,9439.0,3.489,32937.0,1
Boro,2024-25,Barishal,2025,141735.0,57371.0,4.22,242091.0,1
Boro,2024-25,Bhola,2025,112705.0,45611.0,4.362,198948.0,1
Boro,2024-25,Bogura,2025,462045.0,186987.0,3.902,729554.0,1
Boro,2024-25,Brahmanbaria,2025,274881.0,111243.0,4.339,482735.0,1
Boro,2024-25,Chandpur,2025,153953.0,62304.0,3.705,230842.0,1
Boro,2024-25,Chapainababganj,2025,114613.0,46383.0,4.834,224219.0,1
Boro,2024-25,Chattogram,2025,161676.0,65429.0,4.116,269313.0,1
Boro,2024-25,Chuadanga,2025,89913.0,36387.0,4.206,153030.0,1
Boro,2024-25,Cox's Bazar,2025,128935.0,52179.0,4.43,231174.0,1
Boro,2024-25,Cumilla,2025,386961.0,156654.0,4.273,669437.0,1
Boro,2024-25,Dhaka,2025,103524.0,41896.0,4.314,180735.0,1
Boro,2024-25,Dinajpur,2025,424911.0,171959.0,4.349,747918.0,1
Boro,2024-25,Faridpur,2025,57497.0,23269.0,4.69,109137.0,1
Boro,2024-25,Feni,2025,76652.0,31021.0,3.702,114839.0,1
Boro,2024-25,Gaibandha,2025,314609.0,127321.0,4.397,559850.0,1
Boro,2024-25,Gazipur,2025,141456.0,57246.0,4.357,249427.0,1
Boro,2024-25,Gopalganj,2025,205743.0,83263.0,5.284,439989.0,1
Boro,2024-25,Habiganj,2025,295995.0,119788.0,4.276,512169.0,1
Boro,2024-25,Jamalpur,2025,314709.0,127361.0,3.871,492984.0,1
Boro,2024-25,Jashore,2025,385625.0,156060.0,4.457,695497.0,1
Boro,2024-25,Jhalokati,2025,28735.0,11629.0,3.873,45041.0,1
Boro,2024-25,Jhenaidah,2025,222993.0,90244.0,4.259,384376.0,1
Boro,2024-25,Joypurhat,2025,169889.0,68753.0,4.615,317328.0,1
Boro,2024-25,Khagrachhari,2025,26864.0,10872.0,3.774,41029.0,1
Boro,2024-25,Khulna,2025,149188.0,60376.0,4.468,269728.0,1
Boro,2024-25,Kishoreganj,2025,404829.0,163832.0,4.387,718690.0,1
Boro,2024-25,Kurigram,2025,286448.0,115924.0,4.316,500297.0,1
Boro,2024-25,Kushtia,2025,85450.0,34581.0,4.487,155179.0,1
Boro,2024-25,Lakshmipur,2025,90879.0,36787.0,3.624,133299.0,1
Boro,2024-25,Lalmonirhat,2025,116719.0,47236.0,4.386,207166.0,1
Boro,2024-25,Madaripur,2025,80037.0,32391.0,4.506,145960.0,1
Boro,2024-25,Magura,2025,91104.0,36869.0,4.511,166334.0,1
Boro,2024-25,Manikganj,2025,118328.0,47887.0,4.996,239218.0,1
Boro,2024-25,Meherpur,2025,45100.0,18252.0,3.945,72002.0,1
Boro,2024-25,Moulvibazar,2025,144927.0,58651.0,4.14,242800.0,1
Boro,2024-25,Munshiganj,2025,58349.0,23613.0,4.203,99246.0,1
Boro,2024-25,Mymensingh,2025,630607.0,255203.0,4.396,1121857.0,1
Boro,2024-25,Naogaon,2025,472568.0,191246.0,4.801,918172.0,1
Boro,2024-25,Narail,2025,125661.0,50854.0,4.564,232094.0,1
Boro,2024-25,Narayanganj,2025,48411.0,19592.0,4.473,87643.0,1
Boro,2024-25,Narsingdi,2025,133130.0,53877.0,4.512,243077.0,1
Boro,2024-25,Natore,2025,145097.0,58720.0,4.414,259215.0,1
Boro,2024-25,Netrakona,2025,453682.0,183603.0,4.533,832287.0,1
Boro,2024-25,Nilphamari,2025,202183.0,81822.0,4.599,376280.0,1
Boro,2024-25,Noakhali,2025,186884.0,75631.0,4.756,359681.0,1
Boro,2024-25,Pabna,2025,138693.0,56128.0,4.521,253733.0,1
Boro,2024-25,Panchagarh,2025,83676.0,33863.0,4.409,149303.0,1
Boro,2024-25,Patuakhali,2025,37213.0,15060.0,4.359,65653.0,1
Boro,2024-25,Pirojpur,2025,63789.0,25815.0,4.405,113716.0,1
Boro,2024-25,Rajbari,2025,35288.0,14281.0,4.437,63371.0,1
Boro,2024-25,Rajshahi,2025,166279.0,67292.0,4.021,270559.0,1
Boro,2024-25,Rangamati,2025,18377.0,7437.0,4.223,31409.0,1
Boro,2024-25,Rangpur,2025,327363.0,132482.0,4.565,604817.0,1
Boro,2024-25,Satkhira,2025,194354.0,78654.0,4.159,327099.0,1
Boro,2024-25,Shariatpur,2025,58708.0,23759.0,4.647,110400.0,1
Boro,2024-25,Sherpur,2025,223401.0,90409.0,3.948,356921.0,1
Boro,2024-25,Sirajganj,2025,348156.0,140897.0,4.549,640932.0,1
Boro,2024-25,Sunamganj,2025,538868.0,218077.0,4.35,948604.0,1
Boro,2024-25,Sylhet,2025,211217.0,85478.0,3.501,299284.0,1
Boro,2024-25,Tangail,2025,428297.0,173329.0,4.433,768380.0,1
Boro,2024-25,Thakurgaon,2025,152776.0,61828.0,4.46,275744.0,1
Chili,2022-23,Bagerhat,2025,1115.25,,,767.45,2
Chili,2022-23,Bandarban,2025,876.4000000000001,,,1938.7800000000002,2
Chili,2022-23,Barguna,2025,890.0,,,1055.0,2
Chili,2022-23,Barishal,2025,3695.0,,,3524.0,2
Chili,2022-23,Bhola,2025,24983.0,,,12592.94,2
Chili,2022-23,Bogura,2025,13689.72,,,60516.92,2
Chili,2022-23,Brahmanbaria,2025,3063.33,,,10277.7,2
Chili,2022-23,Chandpur,2025,5851.67,,,18450.5,2
Chili,2022-23,Chapainababganj,2025,591.0,,,1623.79,2
Chili,2022-23,Chattogram,2025,7559.79,,,24947.55,2
Chili,2022-23,Chuadanga,2025,2744.0,,,4605.0599999999995,2
Chili,2022-23,Cox's Bazar,2025,1977.52,,,3734.7400000000002,2
Chili,2022-23,Cumilla,2025,6850.92,,,29763.780000000002,2
Chili,2022-23,Dhaka,2025,1260.06,,,2812.59,2
Chili,2022-23,Dinajpur,2025,4055.0,,,19052.0,2
Chili,2022-23,Faridpur,2025,6589.0,,,12949.68,2
Chili,2022-23,Feni,2025,548.9000000000001,,,1683.0,2
Chili,2022-23,Gaibandha,2025,1776.98,,,4178.04,2
Chili,2022-23,Gazipur,2025,1946.52,,,2502.65,2
Chili,2022-23,Gopalganj,2025,1094.67,,,2160.3500000000004,2
Chili,2022-23,Habiganj,2025,828.12,,,1153.5700000000002,2
Chili,2022-23,Jamalpur,2025,14635.0,,,50492.0,2
Chili,2022-23,Jashore,2025,2731.0,,,3433.5,2
Chili,2022-23,Jhalokati,2025,1275.0,,,1323.0,2
Chili,2022-23,Jhenaidah,2025,3894.6,,,6890.48,2
Chili,2022-23,Joypurhat,2025,729.7,,,3659.23,2
Chili,2022-23,Khagrachhari,2025,1378.48,,,4000.88,2
Chili,2022-23,Khulna,2025,681.53,,,1195.49,2
Chili,2022-23,Kishoreganj,2025,4163.99,,,7613.9800000000005,2
Chili,2022-23,Kurigram,2025,1794.51,,,4585.96,2
Chili,2022-23,Kushtia,2025,4832.0,,,16473.0,2
Chili,2022-23,Lakshmipur,2025,4258.0,,,12031.0,2
Chili,2022-23,Lalmonirhat,2025,909.25,,,3051.8500000000004,2
Chili,2022-23,Madaripur,2025,1439.6299999999999,,,3754.54,2
Chili,2022-23,Magura,2025,1210.9299999999998,,,1229.25,2
Chili,2022-23,Manikganj,2025,6686.33,,,33385.93,2
Chili,2022-23,Meherpur,2025,3458.0,,,9620.41,2
Chili,2022-23,Moulvibazar,2025,489.96,,,437.5,2
Chili,2022-23,Munshiganj,2025,1264.53,,,2948.11,2
Chili,2022-23,Mymensingh,2025,4508.0,,,16743.0,2
Chili,2022-23,Naogaon,2025,2568.9700000000003,,,9953.91,2
Chili,2022-23,Narail,2025,867.0,,,1640.8600000000001,2
Chili,2022-23,Narayanganj,2025,643.18,,,982.26,2
Chili,2022-23,Narsingdi,2025,2399.67,,,8262.47,2
Chili,2022-23,Natore,2025,1299.4,,,5049.27,2
Chili,2022-23,Netrakona,2025,1284.0,,,4372.0,2
Chili,2022-23,Nilphamari,2025,5589.73,,,20512.76,2
Chili,2022-23,Noakhali,2025,7760.26,,,24893.29,2
Chili,2022-23,Pabna,2025,9738.0,,,48038.89,2
Chili,2022-23,Panchagarh,2025,14599.0,,,52314.75,2
Chili,2022-23,Patuakhali,2025,2981.6,,,4076.27,2
Chili,2022-23,Pirojpur,2025,1025.0,,,822.0,2
Chili,2022-23,Rajbari,2025,3598.18,,,9126.82,2
Chili,2022-23,Rajshahi,2025,3687.33,,,12278.279999999999,2
Chili,2022-23,Rangamati,2025,2002.53,,,3927.41,2
Chili,2022-23,Rangpur,2025,4380.0,,,9792.0,2
Chili,2022-23,Satkhira,2025,1178.96,,,1462.29,2
Chili,2022-23,Shariatpur,2025,10514.0,,,11793.0,2
Chili,2022-23,Sherpur,2025,1750.0,,,6121.0,2
Chili,2022-23,Sirajganj,2025,2942.14,,,11966.23,2
Chili,2022-23,Sunamganj,2025,790.3,,,811.6,2
Chili,2022-23,Sylhet,2025,751.0,,,1058.52,2
Chili,2022-23,Tangail,2025,3574.2200000000003,,,5646.2,2
Chili,2022-23,Thakurgaon,2025,2136.94,,,4485.63,2
Chili,2023-24,Bagerhat,2025,1119.96,,,888.83,2
Chili,2023-24,Bandarban,2025,880.5999999999999,,,1953.88,2
Chili,2023-24,Barguna,2025,829.0,,,641.0,2
Chili,2023-24,Barishal,2025,3725.0,,,3538.0,2
Chili,2023-24,Bhola,2025,24911.0,,,49432.64,2
Chili,2023-24,Bogura,2025,16666.57,,,76407.52,2
Chili,2023-24,Brahmanbaria,2025,2965.73,,,10028.89,2
Chili,2023-24,Chandpur,2025,5769.1,,,16897.15,2
Chili,2023-24,Chapainababganj,2025,660.0,,,2401.51,2
Chili,2023-24,Chattogram,2025,7650.41,,,32312.77,2
Chili,2023-24,Chuadanga,2025,2659.0,,,5348.8,2
Chili,2023-24,Cox's Bazar,2025,1988.99,,,3444.64,2
Chili,2023-24,Cumilla,2025,6849.08,,,29766.54,2
Chili,2023-24,Dhaka,2025,1224.55,,,2761.05,2
Chili,2023-24,Dinajpur,2025,4072.7,,,15636.060000000001,2
Chili,2023-24,Faridpur,2025,6659.8,,,13123.82,2
Chili,2023-24,Feni,2025,959.26,,,2239.24,2
Chili,2023-24,Gaibandha,2025,1752.81,,,5121.83,2
Chili,2023-24,Gazipur,2025,1870.32,,,2484.88,2
Chili,2023-24,Gopalganj,2025,1089.26,,,2157.64,2
Chili,2023-24,Habiganj,2025,864.91,,,1280.92,2
Chili,2023-24,Jamalpur,2025,14927.0,,,52468.0,2
Chili,2023-24,Jashore,2025,2713.0,,,2442.0,2
Chili,2023-24,Jhalokati,2025,1283.0,,,1337.0,2
Chili,2023-24,Jhenaidah,2025,3970.0,,,5606.47,2
Chili,2023-24,Joypurhat,2025,736.24,,,3872.56,2
Chili,2023-24,Khagrachhari,2025,892.6999999999999,,,2700.15,2
Chili,2023-24,Khulna,2025,667.41,,,1136.0300000000002,2
Chili,2023-24,Kishoreganj,2025,4202.3,,,7355.650000000001,2
Chili,2023-24,Kurigram,2025,1818.6,,,4805.0,2
Chili,2023-24,Kushtia,2025,5138.0,,,18647.0,2
Chili,2023-24,Lakshmipur,2025,3516.0,,,9568.17,2
Chili,2023-24,Lalmonirhat,2025,912.75,,,2923.0,2
Chili,2023-24,Madaripur,2025,1513.5500000000002,,,3884.6499999999996,2
Chili,2023-24,Magura,2025,1210.92,,,2414.52,2
Chili,2023-24,Manikganj,2025,5997.42,,,30543.65,2
Chili,2023-24,Meherpur,2025,3469.5,,,9660.67,2
Chili,2023-24,Moulvibazar,2025,497.02,,,445.24,2
Chili,2023-24,Munshiganj,2025,1224.3600000000001,,,3047.1899999999996,2
Chili,2023-24,Mymensingh,2025,4559.0,,,16860.0,2
Chili,2023-24,Naogaon,2025,2524.15,,,10161.58,2
Chili,2023-24,Narail,2025,4543.0,,,18754.18,2
Chili,2023-24,Narayanganj,2025,549.0,,,991.96,2
Chili,2023-24,Narsingdi,2025,2133.13,,,6037.94,2
Chili,2023-24,Natore,2025,1253.81,,,4918.83,2
Chili,2023-24,Netrakona,2025,1186.0,,,3300.0,2
Chili,2023-24,Nilphamari,2025,5465.22,,,19255.25,2
Chili,2023-24,Noakhali,2025,7825.98,,,24802.64,2
Chili,2023-24,Pabna,2025,9764.5,,,60397.17,2
Chili,2023-24,Panchagarh,2025,15550.0,,,55544.48,2
Chili,2023-24,Patuakhali,2025,2966.81,,,3483.38,2
Chili,2023-24,Pirojpur,2025,1027.0,,,823.6,2
Chili,2023-24,Rajbari,2025,3584.0,,,8549.59,2
Chili,2023-24,Rajshahi,2025,3860.45,,,12698.029999999999,2
Chili,2023-24,Rangamati,2025,1999.62,,,4106.07,2
Chili,2023-24,Rangpur,2025,4390.0,,,9800.0,2
Chili,2023-24,Satkhira,2025,1197.34,,,1953.3799999999999,2
Chili,2023-24,Shariatpur,2025,10567.0,,,12106.0,2
Chili,2023-24,Sherpur,2025,1751.0,,,6128.0,2
Chili,2023-24,Sirajganj,2025,2984.3,,,12461.79,2
Chili,2023-24,Sunamganj,2025,793.0,,,811.4,2
Chili,2023-24,Sylhet,2025,802.1,,,1182.68,2
Chili,2023-24,Tangail,2025,3603.98,,,5679.78,2
Chili,2023-24,Thakurgaon,2025,1997.0,,,4605.0,2
Chili,2024-25,Bagerhat,2025,1100.05,,,784.66,2
Chili,2024-25,Bandarban,2025,742.02,,,1807.38,2
Chili,2024-25,Barguna,2025,835.0,,,550.0,2
Chili,2024-25,Barishal,2025,3754.0,,,3554.0,2
Chili,2024-25,Bhola,2025,24918.0,,,49358.0,2
Chili,2024-25,Bogura,2025,15919.05,,,73049.57,2
Chili,2024-25,Brahmanbaria,2025,2948.9700000000003,,,10054.6,2
Chili,2024-25,Chandpur,2025,5768.66,,,16910.02,2
Chili,2024-25,Chapainababganj,2025,643.36,,,2642.16,2
Chili,2024-25,Chattogram,2025,7700.84,,,32506.83,2
Chili,2024-25,Chuadanga,2025,2108.0,,,4564.7,2
Chili,2024-25,Cox's Bazar,2025,1980.79,,,3484.12,2
Chili,2024-25,Cumilla,2025,6849.37,,,29767.55,2
Chili,2024-25,Dhaka,2025,1386.9,,,3092.03,2
Chili,2024-25,Dinajpur,2025,4109.0,,,15908.0,2
Chili,2024-25,Faridpur,2025,6652.27,,,13125.26,2
Chili,2024-25,Feni,2025,455.46999999999997,,,1045.4,2
Chili,2024-25,Gaibandha,2025,1753.0,,,5235.0,2
Chili,2024-25,Gazipur,2025,1846.69,,,2272.2400000000002,2
Chili,2024-25,Gopalganj,2025,1078.6399999999999,,,2133.43,2
Chili,2024-25,Habiganj,2025,893.36,,,1420.53,2
Chili,2024-25,Jamalpur,2025,14903.0,,,52603.0,2
Chili,2024-25,Jashore,2025,2701.0,,,3387.0,2
Chili,2024-25,Jhalokati,2025,1287.0,,,1345.0,2
Chili,2024-25,Jhenaidah,2025,3972.9700000000003,,,6698.23,2
Chili,2024-25,Joypurhat,2025,743.8199999999999,,,3711.31,2
Chili,2024-25,Khagrachhari,2025,1406.0,,,4080.0,2
Chili,2024-25,Khulna,2025,675.5,,,1151.03,2
Chili,2024-25,Kishoreganj,2025,4225.32,,,8386.42,2
Chili,2024-25,Kurigram,2025,1821.0,,,4891.0,2
Chili,2024-25,Kushtia,2025,5188.0,,,17846.0,2
Chili,2024-25,Lakshmipur,2025,3446.0,,,9375.48,2
Chili,2024-25,Lalmonirhat,2025,917.0,,,2714.0,2
Chili,2024-25,Madaripur,2025,1469.0700000000002,,,3918.73,2
Chili,2024-25,Magura,2025,1193.5,,,1764.08,2
Chili,2024-25,Manikganj,2025,5926.97,,,26315.32,2
Chili,2024-25,Meherpur,2025,3419.0,,,8793.880000000001,2
Chili,2024-25,Moulvibazar,2025,497.85999999999996,,,444.52,2
Chili,2024-25,Munshiganj,2025,1186.67,,,3108.7299999999996,2
Chili,2024-25,Mymensingh,2025,4521.0,,,16751.0,2
Chili,2024-25,Naogaon,2025,2514.96,,,10239.1,2
Chili,2024-25,Narail,2025,865.0,,,1647.0,2
Chili,2024-25,Narayanganj,2025,544.16,,,982.75,2
Chili,2024-25,Narsingdi,2025,2128.32,,,7045.17,2
Chili,2024-25,Natore,2025,1237.5,,,4777.54,2
Chili,2024-25,Netrakona,2025,1201.0,,,3157.0,2
Chili,2024-25,Nilphamari,2025,5483.0,,,19217.0,2
Chili,2024-25,Noakhali,2025,7834.72,,,24878.39,2
Chili,2024-25,Pabna,2025,9746.0,,,61448.83,2
Chili,2024-25,Panchagarh,2025,15864.0,,,56627.0,2
Chili,2024-25,Patuakhali,2025,2959.0,,,3429.0,2
Chili,2024-25,Pirojpur,2025,1002.0,,,1411.0,2
Chili,2024-25,Rajbari,2025,3592.0,,,8593.0,2
Chili,2024-25,Rajshahi,2025,3874.64,,,12790.8,2
Chili,2024-25,Rangamati,2025,2001.59,,,4671.46,2
Chili,2024-25,Rangpur,2025,4084.0,,,9704.0,2
Chili,2024-25,Satkhira,2025,1201.23,,,1526.95,2
Chili,2024-25,Shariatpur,2025,10571.0,,,13671.0,2
Chili,2024-25,Sherpur,2025,1748.0,,,6107.0,2
Chili,2024-25,Sirajganj,2025,3027.01,,,12878.99,2
Chili,2024-25,Sunamganj,2025,785.0,,,800.3,2
Chili,2024-25,Sylhet,2025,774.9,,,1221.4,2
Chili,2024-25,Tangail,2025,3550.38,,,5746.540000000001,2
Chili,2024-25,Thakurgaon,2025,2000.0,,,4631.0,2
Garlic,2022-23,Bagerhat,2025,156.0,,,214.31,1
Garlic,2022-23,Bandarban,2025,76.0,,,145.7,1
Garlic,2022-23,Barguna,2025,27.0,,,29.0,1
Garlic,2022-23,Barishal,2025,366.0,,,392.0,1
Garlic,2022-23,Bhola,2025,1641.0,,,3622.0,1
Garlic,2022-23,Bogura,2025,982.48,,,1847.19,1
Garlic,2022-23,Brahmanbaria,2025,701.41,,,1464.05,1
Garlic,2022-23,Chandpur,2025,1042.22,,,2017.2,1
Garlic,2022-23,Chapainababganj,2025,6130.5,,,15005.68,1
Garlic,2022-23,Chattogram,2025,91.42,,,132.4,1
Garlic,2022-23,Chuadanga,2025,763.25,,,2273.36,1
Garlic,2022-23,Cox's Bazar,2025,10.65,,,8.25,1
Garlic,2022-23,Cumilla,2025,696.3,,,1315.0,1
Garlic,2022-23,Dhaka,2025,1560.83,,,4187.09,1
Garlic,2022-23,Dinajpur,2025,10954.0,,,30427.94,1
Garlic,2022-23,Faridpur,2025,6026.2,,,10212.52,1
Garlic,2022-23,Feni,2025,30.0,,,75.5,1
Garlic,2022-23,Gaibandha,2025,755.0,,,1277.11,1
Garlic,2022-23,Gazipur,2025,280.81,,,316.23,1
Garlic,2022-23,Gopalganj,2025,452.65,,,1218.77,1
Garlic,2022-23,Habiganj,2025,75.0,,,149.5,1
Garlic,2022-23,Jamalpur,2025,1230.0,,,2422.0,1
Garlic,2022-23,Jashore,2025,1419.0,,,4232.07,1
Garlic,2022-23,Jhalokati,2025,32.0,,,29.0,1
Garlic,2022-23,Jhenaidah,2025,3928.0,,,11288.62,1
Garlic,2022-23,Joypurhat,2025,311.85,,,839.64,1
Garlic,2022-23,Khagrachhari,2025,48.05,,,42.85,1
Garlic,2022-23,Khulna,2025,132.35,,,235.06,1
Garlic,2022-23,Kishoreganj,2025,1023.96,,,2670.37,1
Garlic,2022-23,Kurigram,2025,625.5,,,989.8,1
Garlic,2022-23,Kushtia,2025,3316.0,,,9660.0,1
Garlic,2022-23,Lakshmipur,2025,202.25,,,204.5,1
Garlic,2022-23,Lalmonirhat,2025,657.0,,,1218.08,1
Garlic,2022-23,Madaripur,2025,7762.95,,,21866.83,1
Garlic,2022-23,Magura,2025,2275.0,,,7341.81,1
Garlic,2022-23,Manikganj,2025,1577.51,,,3204.79,1
Garlic,2022-23,Meherpur,2025,1438.0,,,5659.21,1
Garlic,2022-23,Moulvibazar,2025,49.0,,,82.6,1
Garlic,2022-23,Munshiganj,2025,265.4,,,392.6,1
Garlic,2022-23,Mymensingh,2025,1015.0,,,2309.0,1
Garlic,2022-23,Naogaon,2025,2283.15,,,7217.68,1
Garlic,2022-23,Narail,2025,376.0,,,957.3,1
Garlic,2022-23,Narayanganj,2025,162.94,,,146.76,1
Garlic,2022-23,Narsingdi,2025,218.51,,,248.43,1
Garlic,2022-23,Natore,2025,48279.6,,,169489.44,1
Garlic,2022-23,Netrakona,2025,637.0,,,1556.0,1
Garlic,2022-23,Nilphamari,2025,1289.0,,,3515.0,1
Garlic,2022-23,Noakhali,2025,325.4,,,545.72,1
Garlic,2022-23,Pabna,2025,24451.0,,,94906.5,1
Garlic,2022-23,Panchagarh,2025,1844.0,,,5680.18,1
Garlic,2022-23,Patuakhali,2025,311.0,,,241.0,1
Garlic,2022-23,Pirojpur,2025,81.0,,,96.0,1
Garlic,2022-23,Rajbari,2025,12410.0,,,37181.5,1
Garlic,2022-23,Rajshahi,2025,11164.87,,,47347.06,1
Garlic,2022-23,Rangamati,2025,51.85,,,87.72,1
Garlic,2022-23,Rangpur,2025,2291.0,,,4744.0,1
Garlic,2022-23,Satkhira,2025,652.32,,,1712.26,1
Garlic,2022-23,Shariatpur,2025,5410.0,,,12568.0,1
Garlic,2022-23,Sherpur,2025,458.0,,,1005.0,1
Garlic,2022-23,Sirajganj,2025,1954.93,,,4387.92,1
Garlic,2022-23,Sunamganj,2025,212.0,,,578.0,1
Garlic,2022-23,Sylhet,2025,123.0,,,199.0,1
Garlic,2022-23,Tangail,2025,1244.58,,,1893.02,1
Garlic,2022-23,Thakurgaon,2025,755.97,,,1584.04,1
Garlic,2023-24,Bagerhat,2025,164.0,,,225.57,1
Garlic,2023-24,Bandarban,2025,75.75,,,145.1,1
Garlic,2023-24,Barguna,2025,21.0,,,23.0,1
Garlic,2023-24,Barishal,2025,339.0,,,365.0,1
Garlic,2023-24,Bhola,2025,1646.0,,,3700.0,1
Garlic,2023-24,Bogura,2025,1024.46,,,1967.62,1
Garlic,2023-24,Brahmanbaria,2025,692.2,,,1397.23,1
Garlic,2023-24,Chandpur,2025,999.75,,,2003.23,1
Garlic,2023-24,Chapainababganj,2025,6136.65,,,16017.35,1
Garlic,2023-24,Chattogram,2025,71.04,,,106.68,1
Garlic,2023-24,Chuadanga,2025,752.0,,,2477.47,1
Garlic,2023-24,Cox's Bazar,2025,10.85,,,8.33,1
Garlic,2023-24,Cumilla,2025,699.6,,,1104.0,1
Garlic,2023-24,Dhaka,2025,1429.84,,,3846.96,1
Garlic,2023-24,Dinajpur,2025,10963.0,,,31156.0,1
Garlic,2023-24,Faridpur,2025,6010.95,,,10248.1,1
Garlic,2023-24,Feni,2025,28.65,,,63.17,1
Garlic,2023-24,Gaibandha,2025,729.0,,,2249.0,1
Garlic,2023-24,Gazipur,2025,284.0,,,320.04,1
Garlic,2023-24,Gopalganj,2025,352.05,,,908.76,1
Garlic,2023-24,Habiganj,2025,80.0,,,197.8,1
Garlic,2023-24,Jamalpur,2025,1255.0,,,2468.0,1
Garlic,2023-24,Jashore,2025,1433.0,,,4269.0,1
Garlic,2023-24,Jhalokati,2025,28.0,,,25.0,1
Garlic,2023-24,Jhenaidah,2025,3805.0,,,10905.15,1
Garlic,2023-24,Joypurhat,2025,308.76,,,841.01,1
Garlic,2023-24,Khagrachhari,2025,48.3,,,42.91,1
Garlic,2023-24,Khulna,2025,126.85,,,227.2,1
Garlic,2023-24,Kishoreganj,2025,1023.69,,,2667.29,1
Garlic,2023-24,Kurigram,2025,623.0,,,1584.0,1
Garlic,2023-24,Kushtia,2025,3444.0,,,11420.0,1
Garlic,2023-24,Lakshmipur,2025,186.0,,,193.0,1
Garlic,2023-24,Lalmonirhat,2025,666.0,,,1625.0,1
Garlic,2023-24,Madaripur,2025,7202.6,,,20219.25,1
Garlic,2023-24,Magura,2025,2107.5,,,6616.95,1
Garlic,2023-24,Manikganj,2025,1333.76,,,3110.02,1
Garlic,2023-24,Meherpur,2025,1436.0,,,5739.89,1
Garlic,2023-24,Moulvibazar,2025,52.0,,,87.07,1
Garlic,2023-24,Munshiganj,2025,253.17,,,408.57,1
Garlic,2023-24,Mymensingh,2025,1016.0,,,2303.0,1
Garlic,2023-24,Naogaon,2025,2164.56,,,7354.95,1
Garlic,2023-24,Narail,2025,387.0,,,979.0,1
Garlic,2023-24,Narayanganj,2025,167.11,,,147.51,1
Garlic,2023-24,Narsingdi,2025,220.21,,,251.02,1
Garlic,2023-24,Natore,2025,48522.75,,,155127.83,1
Garlic,2023-24,Netrakona,2025,643.0,,,1607.0,1
Garlic,2023-24,Nilphamari,2025,1303.0,,,3654.0,1
Garlic,2023-24,Noakhali,2025,327.6,,,549.45,1
Garlic,2023-24,Pabna,2025,24376.0,,,84740.95,1
Garlic,2023-24,Panchagarh,2025,1915.0,,,6254.0,1
Garlic,2023-24,Patuakhali,2025,322.0,,,231.0,1
Garlic,2023-24,Pirojpur,2025,85.0,,,101.0,1
Garlic,2023-24,Rajbari,2025,11750.0,,,34994.75,1
Garlic,2023-24,Rajshahi,2025,11330.91,,,48525.01,1
Garlic,2023-24,Rangamati,2025,53.32,,,99.38,1
Garlic,2023-24,Rangpur,2025,2297.0,,,6311.0,1
Garlic,2023-24,Satkhira,2025,665.28,,,1749.43,1
Garlic,2023-24,Shariatpur,2025,4364.0,,,11184.0,1
Garlic,2023-24,Sherpur,2025,462.0,,,1014.0,1
Garlic,2023-24,Sirajganj,2025,1968.24,,,4600.21,1
Garlic,2023-24,Sunamganj,2025,213.0,,,576.0,1
Garlic,2023-24,Sylhet,2025,118.92,,,282.83,1
Garlic,2023-24,Tangail,2025,1240.13,,,1886.14,1
Garlic,2023-24,Thakurgaon,2025,761.0,,,2162.0,1
Garlic,2024-25,Bagerhat,2025,153.5,,,209.62,1
Garlic,2024-25,Bandarban,2025,74.83,,,143.3,1
Garlic,2024-25,Barguna,2025,28.0,,,70.0,1
Garlic,2024-25,Barishal,2025,341.0,,,385.0,1
Garlic,2024-25,Bhola,2025,1613.0,,,3236.0,1
Garlic,2024-25,Bogura,2025,1029.28,,,2390.14,1
Garlic,2024-25,Brahmanbaria,2025,659.0,,,1356.4,1
Garlic,2024-25,Chandpur,2025,999.77,,,2004.88,1
Garlic,2024-25,Chapainababganj,2025,4510.88,,,12467.93,1
Garlic,2024-25,Chattogram,2025,75.12,,,109.92,1
Garlic,2024-25,Chuadanga,2025,726.0,,,2431.19,1
Garlic,2024-25,Cox's Bazar,2025,10.94,,,8.55,1
Garlic,2024-25,Cumilla,2025,700.5,,,1105.2,1
Garlic,2024-25,Dhaka,2025,1273.29,,,3828.32,1
Garlic,2024-25,Dinajpur,2025,11010.0,,,31510.0,1
Garlic,2024-25,Faridpur,2025,6056.3,,,10300.1,1
Garlic,2024-25,Feni,2025,29.16,,,64.43,1
Garlic,2024-25,Gaibandha,2025,725.0,,,2229.0,1
Garlic,2024-25,Gazipur,2025,287.94,,,318.24,1
Garlic,2024-25,Gopalganj,2025,342.21,,,873.09,1
Garlic,2024-25,Habiganj,2025,88.0,,,222.31,1
Garlic,2024-25,Jamalpur,2025,1268.0,,,2514.0,1
Garlic,2024-25,Jashore,2025,1462.0,,,4356.0,1
Garlic,2024-25,Jhalokati,2025,29.0,,,27.0,1
Garlic,2024-25,Jhenaidah,2025,3839.5,,,11041.16,1
Garlic,2024-25,Joypurhat,2025,310.0,,,889.0,1
Garlic,2024-25,Khagrachhari,2025,49.3,,,43.01,1
Garlic,2024-25,Khulna,2025,126.25,,,222.47,1
Garlic,2024-25,Kishoreganj,2025,911.32,,,2069.51,1
Garlic,2024-25,Kurigram,2025,626.0,,,1593.0,1
Garlic,2024-25,Kushtia,2025,3447.0,,,11653.0,1
Garlic,2024-25,Lakshmipur,2025,189.0,,,198.0,1
Garlic,2024-25,Lalmonirhat,2025,671.0,,,1617.0,1
Garlic,2024-25,Madaripur,2025,7224.1,,,20289.39,1
Garlic,2024-25,Magura,2025,2126.8,,,6685.86,1
Garlic,2024-25,Manikganj,2025,1425.13,,,4010.22,1
Garlic,2024-25,Meherpur,2025,1453.0,,,5863.3,1
Garlic,2024-25,Moulvibazar,2025,52.0,,,89.19,1
Garlic,2024-25,Munshiganj,2025,235.36,,,399.28,1
Garlic,2024-25,Mymensingh,2025,1015.0,,,2302.0,1
Garlic,2024-25,Naogaon,2025,2086.0,,,7325.0,1
Garlic,2024-25,Narail,2025,401.0,,,1015.0,1
Garlic,2024-25,Narayanganj,2025,167.46,,,147.98,1
Garlic,2024-25,Narsingdi,2025,221.03,,,254.62,1
Garlic,2024-25,Natore,2025,48796.0,,,162659.0,1
Garlic,2024-25,Netrakona,2025,642.0,,,1598.0,1
Garlic,2024-25,Nilphamari,2025,1302.0,,,3658.0,1
Garlic,2024-25,Noakhali,2025,333.85,,,558.97,1
Garlic,2024-25,Pabna,2025,24428.0,,,105169.0,1
Garlic,2024-25,Panchagarh,2025,1928.0,,,6830.0,1
Garlic,2024-25,Patuakhali,2025,405.0,,,1019.0,1
Garlic,2024-25,Pirojpur,2025,83.0,,,176.0,1
Garlic,2024-25,Rajbari,2025,11381.0,,,34180.0,1
Garlic,2024-25,Rajshahi,2025,13274.0,,,57167.0,1
Garlic,2024-25,Rangamati,2025,53.39,,,97.49,1
Garlic,2024-25,Rangpur,2025,2313.0,,,6575.0,1
Garlic,2024-25,Satkhira,2025,676.95,,,1803.13,1
Garlic,2024-25,Shariatpur,2025,4198.0,,,13196.0,1
Garlic,2024-25,Sherpur,2025,461.0,,,1013.0,1
Garlic,2024-25,Sirajganj,2025,1901.0,,,5122.0,1
Garlic,2024-25,Sunamganj,2025,210.0,,,570.0,1
Garlic,2024-25,Sylhet,2025,127.0,,,302.0,1
Garlic,2024-25,Tangail,2025,1143.0,,,1951.0,1
Garlic,2024-25,Thakurgaon,2025,763.0,,,2169.0,1
Gram,2022-23,Bagerhat,2025,9.0,,,2.57,1
Gram,2022-23,Bandarban,2025,7.5,,,3.79,1
Gram,2022-23,Barguna,2025,27.0,,,22.0,1
Gram,2022-23,Barishal,2025,851.0,,,398.0,1
Gram,2022-23,Bhola,2025,79.8,,,42.0,1
Gram,2022-23,Bogura,2025,9.8,,,4.96,1
Gram,2022-23,Brahmanbaria,2025,0.0,,,0.0,1
Gram,2022-23,Chandpur,2025,0.0,,,0.0,1
Gram,2022-23,Chapainababganj,2025,1575.1,,,631.49,1
Gram,2022-23,Chattogram,2025,28.0,,,9.0,1
Gram,2022-23,Chuadanga,2025,129.65,,,55.66,1
Gram,2022-23,Cox's Bazar,2025,0.0,,,0.0,1
Gram,2022-23,Cumilla,2025,0.0,,,0.0,1
Gram,2022-23,Dhaka,2025,0.0,,,0.0,1
Gram,2022-23,Dinajpur,2025,6.0,,,1.94,1
Gram,2022-23,Faridpur,2025,188.7,,,77.99,1
Gram,2022-23,Feni,2025,41.0,,,18.5,1
Gram,2022-23,Gaibandha,2025,32.0,,,18.94,1
Gram,2022-23,Gazipur,2025,35.84,,,17.99,1
Gram,2022-23,Gopalganj,2025,97.91,,,38.27,1
Gram,2022-23,Habiganj,2025,0.0,,,0.0,1
Gram,2022-23,Jamalpur,2025,62.0,,,27.0,1
Gram,2022-23,Jashore,2025,194.97,,,89.11,1
Gram,2022-23,Jhalokati,2025,267.0,,,103.0,1
Gram,2022-23,Jhenaidah,2025,136.96,,,76.37,1
Gram,2022-23,Joypurhat,2025,0.0,,,0.0,1
Gram,2022-23,Khagrachhari,2025,0.0,,,0.0,1
Gram,2022-23,Khulna,2025,3.8,,,1.54,1
Gram,2022-23,Kishoreganj,2025,4.15,,,1.37,1
Gram,2022-23,Kurigram,2025,251.0,,,112.26,1
Gram,2022-23,Kushtia,2025,111.0,,,57.0,1
Gram,2022-23,Lakshmipur,2025,14.5,,,5.8,1
Gram,2022-23,Lalmonirhat,2025,13.0,,,11.47,1
Gram,2022-23,Madaripur,2025,485.27,,,218.91,1
Gram,2022-23,Magura,2025,259.95,,,78.71,1
Gram,2022-23,Manikganj,2025,7.0,,,3.08,1
Gram,2022-23,Meherpur,2025,21.0,,,10.05,1
Gram,2022-23,Moulvibazar,2025,1.25,,,1.33,1
Gram,2022-23,Munshiganj,2025,0.0,,,0.0,1
Gram,2022-23,Mymensingh,2025,16.0,,,9.0,1
Gram,2022-23,Naogaon,2025,59.67,,,27.71,1
Gram,2022-23,Narail,2025,54.0,,,19.0,1
Gram,2022-23,Narayanganj,2025,0.0,,,0.0,1
Gram,2022-23,Narsingdi,2025,4.18,,,1.42,1
Gram,2022-23,Natore,2025,45.0,,,21.45,1
Gram,2022-23,Netrakona,2025,0.0,,,0.0,1
Gram,2022-23,Nilphamari,2025,0.0,,,0.0,1
Gram,2022-23,Noakhali,2025,9.85,,,1.36,1
Gram,2022-23,Pabna,2025,168.0,,,112.0,1
Gram,2022-23,Panchagarh,2025,39.0,,,11.1,1
Gram,2022-23,Patuakhali,2025,1255.0,,,353.0,1
Gram,2022-23,Pirojpur,2025,0.0,,,0.0,1
Gram,2022-23,Rajbari,2025,59.0,,,37.35,1
Gram,2022-23,Rajshahi,2025,3058.63,,,1800.35,1
Gram,2022-23,Rangamati,2025,0.0,,,0.0,1
Gram,2022-23,Rangpur,2025,25.0,,,9.0,1
Gram,2022-23,Satkhira,2025,0.0,,,0.0,1
Gram,2022-23,Shariatpur,2025,30.0,,,16.0,1
Gram,2022-23,Sherpur,2025,53.0,,,28.0,1
Gram,2022-23,Sirajganj,2025,50.0,,,33.0,1
Gram,2022-23,Sunamganj,2025,0.0,,,0.0,1
Gram,2022-23,Sylhet,2025,2.66,,,3.96,1
Gram,2022-23,Tangail,2025,3.91,,,1.13,1
Gram,2022-23,Thakurgaon,2025,88.0,,,39.57,1
Gram,2023-24,Bagerhat,2025,9.0,,,2.56,1
Gram,2023-24,Bandarban,2025,7.4,,,3.74,1
Gram,2023-24,Barguna,2025,28.0,,,23.0,1
Gram,2023-24,Barishal,2025,698.0,,,319.0,1
Gram,2023-24,Bhola,2025,85.0,,,41.0,1
Gram,2023-24,Bogura,2025,9.8,,,4.96,1
Gram,2023-24,Brahmanbaria,2025,0.0,,,0.0,1
Gram,2023-24,Chandpur,2025,0.0,,,0.0,1
Gram,2023-24,Chapainababganj,2025,1463.57,,,674.0,1
Gram,2023-24,Chattogram,2025,23.51,,,7.02,1
Gram,2023-24,Chuadanga,2025,129.0,,,55.66,1
Gram,2023-24,Cox's Bazar,2025,0.0,,,0.0,1
Gram,2023-24,Cumilla,2025,0.0,,,0.0,1
Gram,2023-24,Dhaka,2025,0.0,,,0.0,1
Gram,2023-24,Dinajpur,2025,5.0,,,2.0,1
Gram,2023-24,Faridpur,2025,189.4,,,79.53,1
Gram,2023-24,Feni,2025,41.7,,,23.55,1
Gram,2023-24,Gaibandha,2025,35.0,,,24.0,1
Gram,2023-24,Gazipur,2025,35.49,,,17.84,1
Gram,2023-24,Gopalganj,2025,101.25,,,40.17,1
Gram,2023-24,Habiganj,2025,0.0,,,0.0,1
Gram,2023-24,Jamalpur,2025,67.0,,,30.0,1
Gram,2023-24,Jashore,2025,194.97,,,89.11,1
Gram,2023-24,Jhalokati,2025,344.0,,,133.0,1
Gram,2023-24,Jhenaidah,2025,131.56,,,76.37,1
Gram,2023-24,Joypurhat,2025,0.0,,,0.0,1
Gram,2023-24,Khagrachhari,2025,0.0,,,0.0,1
Gram,2023-24,Khulna,2025,3.9,,,1.55,1
Gram,2023-24,Kishoreganj,2025,2.84,,,0.94,1
Gram,2023-24,Kurigram,2025,243.0,,,112.0,1
Gram,2023-24,Kushtia,2025,111.0,,,57.0,1
Gram,2023-24,Lakshmipur,2025,17.5,,,7.8,1
Gram,2023-24,Lalmonirhat,2025,14.0,,,7.03,1
Gram,2023-24,Madaripur,2025,408.8,,,184.53,1
Gram,2023-24,Magura,2025,251.7,,,78.71,1
Gram,2023-24,Manikganj,2025,6.8,,,3.1,1
Gram,2023-24,Meherpur,2025,21.0,,,10.05,1
Gram,2023-24,Moulvibazar,2025,0.0,,,0.0,1
Gram,2023-24,Munshiganj,2025,0.0,,,0.0,1
Gram,2023-24,Mymensingh,2025,16.0,,,10.0,1
Gram,2023-24,Naogaon,2025,40.0,,,23.42,1
Gram,2023-24,Narail,2025,56.0,,,21.0,1
Gram,2023-24,Narayanganj,2025,0.0,,,0.0,1
Gram,2023-24,Narsingdi,2025,4.16,,,1.41,1
Gram,2023-24,Natore,2025,40.42,,,22.94,1
Gram,2023-24,Netrakona,2025,0.0,,,0.0,1
Gram,2023-24,Nilphamari,2025,0.0,,,0.0,1
Gram,2023-24,Noakhali,2025,10.45,,,1.49,1
Gram,2023-24,Pabna,2025,183.25,,,124.4,1
Gram,2023-24,Panchagarh,2025,37.0,,,11.0,1
Gram,2023-24,Patuakhali,2025,1256.0,,,354.0,1
Gram,2023-24,Pirojpur,2025,0.0,,,0.0,1
Gram,2023-24,Rajbari,2025,62.49,,,37.05,1
Gram,2023-24,Rajshahi,2025,3038.45,,,1826.65,1
Gram,2023-24,Rangamati,2025,0.0,,,0.0,1
Gram,2023-24,Rangpur,2025,28.0,,,13.0,1
Gram,2023-24,Satkhira,2025,0.0,,,0.0,1
Gram,2023-24,Shariatpur,2025,28.0,,,15.0,1
Gram,2023-24,Sherpur,2025,50.0,,,25.0,1
Gram,2023-24,Sirajganj,2025,49.62,,,34.76,1
Gram,2023-24,Sunamganj,2025,0.0,,,0.0,1
Gram,2023-24,Sylhet,2025,11.0,,,4.68,1
Gram,2023-24,Tangail,2025,3.92,,,1.41,1
Gram,2023-24,Thakurgaon,2025,93.0,,,41.0,1
Gram,2024-25,Bagerhat,2025,9.0,,,2.52,1
Gram,2024-25,Bandarban,2025,7.55,,,3.81,1
Gram,2024-25,Barguna,2025,30.0,,,22.0,1
Gram,2024-25,Barishal,2025,699.0,,,335.0,1
Gram,2024-25,Bhola,2025,88.0,,,41.0,1
Gram,2024-25,Bogura,2025,11.68,,,5.56,1
Gram,2024-25,Brahmanbaria,2025,0.0,,,0.0,1
Gram,2024-25,Chandpur,2025,0.0,,,0.0,1
Gram,2024-25,Chapainababganj,2025,1126.13,,,542.01,1
Gram,2024-25,Chattogram,2025,26.73,,,8.1,1
Gram,2024-25,Chuadanga,2025,65.9,,,38.4,1
Gram,2024-25,Cox's Bazar,2025,0.0,,,0.0,1
Gram,2024-25,Cumilla,2025,0.0,,,0.0,1
Gram,2024-25,Dhaka,2025,0.0,,,0.0,1
Gram,2024-25,Dinajpur,2025,5.0,,,2.0,1
Gram,2024-25,Faridpur,2025,184.36,,,75.77,1
Gram,2024-25,Feni,2025,41.82,,,23.66,1
Gram,2024-25,Gaibandha,2025,37.0,,,25.0,1
Gram,2024-25,Gazipur,2025,32.32,,,17.56,1
Gram,2024-25,Gopalganj,2025,100.1,,,40.15,1
Gram,2024-25,Habiganj,2025,0.0,,,0.0,1
Gram,2024-25,Jamalpur,2025,57.0,,,26.0,1
Gram,2024-25,Jashore,2025,185.0,,,85.0,1
Gram,2024-25,Jhalokati,2025,340.0,,,133.0,1
Gram,2024-25,Jhenaidah,2025,180.2,,,108.16,1
Gram,2024-25,Joypurhat,2025,0.0,,,0.0,1
Gram,2024-25,Khagrachhari,2025,0.0,,,0.0,1
Gram,2024-25,Khulna,2025,4.3,,,1.67,1
Gram,2024-25,Kishoreganj,2025,2.48,,,0.82,1
Gram,2024-25,Kurigram,2025,225.0,,,103.0,1
Gram,2024-25,Kushtia,2025,34.0,,,22.0,1
Gram,2024-25,Lakshmipur,2025,18.5,,,8.3,1
Gram,2024-25,Lalmonirhat,2025,13.0,,,7.0,1
Gram,2024-25,Madaripur,2025,374.15,,,169.31,1
Gram,2024-25,Magura,2025,257.66,,,79.56,1
Gram,2024-25,Manikganj,2025,5.07,,,2.19,1
Gram,2024-25,Meherpur,2025,20.5,,,9.3,1
Gram,2024-25,Moulvibazar,2025,0.0,,,0.0,1
Gram,2024-25,Munshiganj,2025,0.0,,,0.0,1
Gram,2024-25,Mymensingh,2025,15.0,,,9.0,1
Gram,2024-25,Naogaon,2025,29.98,,,18.39,1
Gram,2024-25,Narail,2025,60.0,,,20.0,1
Gram,2024-25,Narayanganj,2025,0.0,,,0.0,1
Gram,2024-25,Narsingdi,2025,4.14,,,1.4,1
Gram,2024-25,Natore,2025,44.5,,,21.47,1
Gram,2024-25,Netrakona,2025,0.0,,,0.0,1
Gram,2024-25,Nilphamari,2025,0.0,,,0.0,1
Gram,2024-25,Noakhali,2025,10.8,,,1.56,1
Gram,2024-25,Pabna,2025,176.0,,,90.37,1
Gram,2024-25,Panchagarh,2025,35.0,,,10.0,1
Gram,2024-25,Patuakhali,2025,728.0,,,300.0,1
Gram,2024-25,Pirojpur,2025,0.0,,,0.0,1
Gram,2024-25,Rajbari,2025,73.0,,,44.0,1
Gram,2024-25,Rajshahi,2025,3096.41,,,1871.47,1
Gram,2024-25,Rangamati,2025,0.0,,,0.0,1
Gram,2024-25,Rangpur,2025,32.0,,,15.0,1
Gram,2024-25,Satkhira,2025,0.0,,,0.0,1
Gram,2024-25,Shariatpur,2025,27.0,,,15.0,1
Gram,2024-25,Sherpur,2025,49.0,,,24.0,1
Gram,2024-25,Sirajganj,2025,37.09,,,28.37,1
Gram,2024-25,Sunamganj,2025,0.0,,,0.0,1
Gram,2024-25,Sylhet,2025,13.08,,,4.71,1
Gram,2024-25,Tangail,2025,2.57,,,0.75,1
Gram,2024-25,Thakurgaon,2025,94.0,,,42.0,1
Groundnut,2022-23,Bagerhat,2025,47.22,,,30.6,1
Groundnut,2022-23,Bandarban,2025,220.5,,,153.2,1
Groundnut,2022-23,Barguna,2025,181.0,,,253.0,1
Groundnut,2022-23,Barishal,2025,0.0,,,0.0,1
Groundnut,2022-23,Bhola,2025,4711.1,,,3670.78,1
Groundnut,2022-23,Bogura,2025,1094.2,,,636.42,1
Groundnut,2022-23,Brahmanbaria,2025,428.7,,,259.21,1
Groundnut,2022-23,Chandpur,2025,259.03,,,175.5,1
Groundnut,2022-23,Chapainababganj,2025,55.66,,,55.1,1
Groundnut,2022-23,Chattogram,2025,2214.39,,,2036.9,1
Groundnut,2022-23,Chuadanga,2025,114.0,,,63.8,1
Groundnut,2022-23,Cox's Bazar,2025,1167.44,,,1521.6,1
Groundnut,2022-23,Cumilla,2025,328.5,,,314.3,1
Groundnut,2022-23,Dhaka,2025,254.65,,,167.75,1
Groundnut,2022-23,Dinajpur,2025,159.25,,,119.93,1
Groundnut,2022-23,Faridpur,2025,5480.1,,,6155.32,1
Groundnut,2022-23,Feni,2025,1932.57,,,1389.42,1
Groundnut,2022-23,Gaibandha,2025,1522.0,,,1444.35,1
Groundnut,2022-23,Gazipur,2025,102.2,,,48.13,1
Groundnut,2022-23,Gopalganj,2025,1247.2,,,1066.83,1
Groundnut,2022-23,Habiganj,2025,71.0,,,42.43,1
Groundnut,2022-23,Jamalpur,2025,1018.0,,,661.0,1
Groundnut,2022-23,Jashore,2025,17.77,,,9.41,1
Groundnut,2022-23,Jhalokati,2025,136.0,,,87.0,1
Groundnut,2022-23,Jhenaidah,2025,723.97,,,851.84,1
Groundnut,2022-23,Joypurhat,2025,0.0,,,0.0,1
Groundnut,2022-23,Khagrachhari,2025,129.6,,,135.65,1
Groundnut,2022-23,Khulna,2025,7.2,,,9.08,1
Groundnut,2022-23,Kishoreganj,2025,2112.69,,,1604.61,1
Groundnut,2022-23,Kurigram,2025,3844.6,,,2617.79,1
Groundnut,2022-23,Kushtia,2025,682.0,,,472.0,1
Groundnut,2022-23,Lakshmipur,2025,4950.5,,,3178.99,1
Groundnut,2022-23,Lalmonirhat,2025,1155.0,,,944.08,1
Groundnut,2022-23,Madaripur,2025,335.92,,,253.15,1
Groundnut,2022-23,Magura,2025,90.0,,,197.75,1
Groundnut,2022-23,Manikganj,2025,2340.6,,,1637.44,1
Groundnut,2022-23,Meherpur,2025,37.0,,,28.46,1
Groundnut,2022-23,Moulvibazar,2025,47.5,,,30.66,1
Groundnut,2022-23,Munshiganj,2025,148.9,,,106.45,1
Groundnut,2022-23,Mymensingh,2025,625.0,,,405.0,1
Groundnut,2022-23,Naogaon,2025,713.22,,,539.6,1
Groundnut,2022-23,Narail,2025,1215.0,,,1102.04,1
Groundnut,2022-23,Narayanganj,2025,523.0,,,271.86,1
Groundnut,2022-23,Narsingdi,2025,656.38,,,338.28,1
Groundnut,2022-23,Natore,2025,1348.89,,,1206.46,1
Groundnut,2022-23,Netrakona,2025,286.0,,,306.0,1
Groundnut,2022-23,Nilphamari,2025,326.24,,,212.04,1
Groundnut,2022-23,Noakhali,2025,17893.0,,,12443.6,1
Groundnut,2022-23,Pabna,2025,1356.0,,,1172.5,1
Groundnut,2022-23,Panchagarh,2025,20336.0,,,15199.33,1
Groundnut,2022-23,Patuakhali,2025,1230.0,,,519.01,1
Groundnut,2022-23,Pirojpur,2025,15.0,,,10.0,1
Groundnut,2022-23,Rajbari,2025,864.0,,,625.85,1
Groundnut,2022-23,Rajshahi,2025,762.32,,,675.84,1
Groundnut,2022-23,Rangamati,2025,66.95,,,64.57,1
Groundnut,2022-23,Rangpur,2025,276.0,,,216.0,1
Groundnut,2022-23,Satkhira,2025,0.0,,,0.0,1
Groundnut,2022-23,Shariatpur,2025,651.0,,,714.5,1
Groundnut,2022-23,Sherpur,2025,117.0,,,120.0,1
Groundnut,2022-23,Sirajganj,2025,3372.8,,,2713.5,1
Groundnut,2022-23,Sunamganj,2025,2826.0,,,2048.0,1
Groundnut,2022-23,Sylhet,2025,31.4,,,33.02,1
Groundnut,2022-23,Tangail,2025,2864.35,,,1580.35,1
Groundnut,2022-23,Thakurgaon,2025,152.0,,,83.57,1
Groundnut,2023-24,Bagerhat,2025,51.0,,,34.76,1
Groundnut,2023-24,Bandarban,2025,222.4,,,154.49,1
Groundnut,2023-24,Barguna,2025,184.0,,,242.0,1
Groundnut,2023-24,Barishal,2025,46.0,,,191.0,1
Groundnut,2023-24,Bhola,2025,4715.0,,,3501.0,1
Groundnut,2023-24,Bogura,2025,1340.45,,,770.75,1
Groundnut,2023-24,Brahmanbaria,2025,413.2,,,243.98,1
Groundnut,2023-24,Chandpur,2025,252.71,,,167.22,1
Groundnut,2023-24,Chapainababganj,2025,59.0,,,57.86,1
Groundnut,2023-24,Chattogram,2025,2044.5,,,1727.84,1
Groundnut,2023-24,Chuadanga,2025,109.0,,,60.0,1
Groundnut,2023-24,Cox's Bazar,2025,1159.19,,,1557.57,1
Groundnut,2023-24,Cumilla,2025,328.5,,,314.3,1
Groundnut,2023-24,Dhaka,2025,243.25,,,157.36,1
Groundnut,2023-24,Dinajpur,2025,184.0,,,130.0,1
Groundnut,2023-24,Faridpur,2025,5475.0,,,6079.92,1
Groundnut,2023-24,Feni,2025,1886.1,,,1396.58,1
Groundnut,2023-24,Gaibandha,2025,1508.0,,,1439.0,1
Groundnut,2023-24,Gazipur,2025,105.41,,,44.96,1
Groundnut,2023-24,Gopalganj,2025,1331.45,,,1147.28,1
Groundnut,2023-24,Habiganj,2025,72.54,,,43.32,1
Groundnut,2023-24,Jamalpur,2025,880.0,,,654.0,1
Groundnut,2023-24,Jashore,2025,15.65,,,8.19,1
Groundnut,2023-24,Jhalokati,2025,138.0,,,89.0,1
Groundnut,2023-24,Jhenaidah,2025,717.51,,,847.13,1
Groundnut,2023-24,Joypurhat,2025,0.0,,,0.0,1
Groundnut,2023-24,Khagrachhari,2025,131.72,,,141.39,1
Groundnut,2023-24,Khulna,2025,7.6,,,9.38,1
Groundnut,2023-24,Kishoreganj,2025,2085.67,,,1581.13,1
Groundnut,2023-24,Kurigram,2025,2305.0,,,1569.0,1
Groundnut,2023-24,Kushtia,2025,1378.0,,,1047.0,1
Groundnut,2023-24,Lakshmipur,2025,4403.75,,,3115.41,1
Groundnut,2023-24,Lalmonirhat,2025,1185.0,,,961.0,1
Groundnut,2023-24,Madaripur,2025,330.66,,,246.75,1
Groundnut,2023-24,Magura,2025,91.68,,,201.39,1
Groundnut,2023-24,Manikganj,2025,1561.3,,,1151.57,1
Groundnut,2023-24,Meherpur,2025,36.5,,,28.51,1
Groundnut,2023-24,Moulvibazar,2025,50.28,,,32.21,1
Groundnut,2023-24,Munshiganj,2025,187.1,,,141.23,1
Groundnut,2023-24,Mymensingh,2025,590.0,,,376.0,1
Groundnut,2023-24,Naogaon,2025,716.59,,,550.4,1
Groundnut,2023-24,Narail,2025,1215.0,,,1104.96,1
Groundnut,2023-24,Narayanganj,2025,526.0,,,273.96,1
Groundnut,2023-24,Narsingdi,2025,645.36,,,333.62,1
Groundnut,2023-24,Natore,2025,1387.42,,,1293.49,1
Groundnut,2023-24,Netrakona,2025,358.0,,,394.0,1
Groundnut,2023-24,Nilphamari,2025,321.0,,,223.0,1
Groundnut,2023-24,Noakhali,2025,18031.5,,,13152.53,1
Groundnut,2023-24,Pabna,2025,1324.0,,,1163.5,1
Groundnut,2023-24,Panchagarh,2025,20975.0,,,15881.0,1
Groundnut,2023-24,Patuakhali,2025,1243.0,,,503.0,1
Groundnut,2023-24,Pirojpur,2025,15.0,,,10.0,1
Groundnut,2023-24,Rajbari,2025,860.0,,,653.87,1
Groundnut,2023-24,Rajshahi,2025,771.23,,,684.32,1
Groundnut,2023-24,Rangamati,2025,57.6,,,57.81,1
Groundnut,2023-24,Rangpur,2025,301.0,,,234.0,1
Groundnut,2023-24,Satkhira,2025,0.0,,,0.0,1
Groundnut,2023-24,Shariatpur,2025,656.5,,,733.0,1
Groundnut,2023-24,Sherpur,2025,92.0,,,96.0,1
Groundnut,2023-24,Sirajganj,2025,3426.6,,,2706.97,1
Groundnut,2023-24,Sunamganj,2025,2817.0,,,2040.0,1
Groundnut,2023-24,Sylhet,2025,30.25,,,22.2,1
Groundnut,2023-24,Tangail,2025,2822.25,,,1508.5,1
Groundnut,2023-24,Thakurgaon,2025,151.0,,,82.0,1
Groundnut,2024-25,Bagerhat,2025,44.0,,,28.77,1
Groundnut,2024-25,Bandarban,2025,221.7,,,154.01,1
Groundnut,2024-25,Barguna,2025,177.0,,,234.0,1
Groundnut,2024-25,Barishal,2025,49.0,,,206.0,1
Groundnut,2024-25,Bhola,2025,4709.0,,,3491.0,1
Groundnut,2024-25,Bogura,2025,1373.05,,,779.09,1
Groundnut,2024-25,Brahmanbaria,2025,377.2,,,282.53,1
Groundnut,2024-25,Chandpur,2025,252.77,,,167.7,1
Groundnut,2024-25,Chapainababganj,2025,52.0,,,52.57,1
Groundnut,2024-25,Chattogram,2025,2039.83,,,1724.59,1
Groundnut,2024-25,Chuadanga,2025,96.0,,,54.9,1
Groundnut,2024-25,Cox's Bazar,2025,1158.69,,,1590.84,1
Groundnut,2024-25,Cumilla,2025,328.8,,,314.5,1
Groundnut,2024-25,Dhaka,2025,227.3,,,153.66,1
Groundnut,2024-25,Dinajpur,2025,234.0,,,170.0,1
Groundnut,2024-25,Faridpur,2025,5493.9,,,6094.94,1
Groundnut,2024-25,Feni,2025,1886.6,,,1397.0,1
Groundnut,2024-25,Gaibandha,2025,1493.0,,,1431.0,1
Groundnut,2024-25,Gazipur,2025,106.33,,,45.0,1
Groundnut,2024-25,Gopalganj,2025,1235.97,,,1082.06,1
Groundnut,2024-25,Habiganj,2025,74.4,,,44.64,1
Groundnut,2024-25,Jamalpur,2025,827.0,,,618.0,1
Groundnut,2024-25,Jashore,2025,14.84,,,7.76,1
Groundnut,2024-25,Jhalokati,2025,139.0,,,87.0,1
Groundnut,2024-25,Jhenaidah,2025,705.45,,,834.03,1
Groundnut,2024-25,Joypurhat,2025,0.0,,,0.0,1
Groundnut,2024-25,Khagrachhari,2025,133.0,,,141.53,1
Groundnut,2024-25,Khulna,2025,8.4,,,10.92,1
Groundnut,2024-25,Kishoreganj,2025,2032.77,,,1556.49,1
Groundnut,2024-25,Kurigram,2025,2294.0,,,1682.0,1
Groundnut,2024-25,Kushtia,2025,1278.0,,,987.0,1
Groundnut,2024-25,Lakshmipur,2025,4406.0,,,3117.25,1
Groundnut,2024-25,Lalmonirhat,2025,1165.0,,,915.0,1
Groundnut,2024-25,Madaripur,2025,322.37,,,239.74,1
Groundnut,2024-25,Magura,2025,86.9,,,103.82,1
Groundnut,2024-25,Manikganj,2025,1474.25,,,1096.62,1
Groundnut,2024-25,Meherpur,2025,37.0,,,29.02,1
Groundnut,2024-25,Moulvibazar,2025,51.73,,,33.24,1
Groundnut,2024-25,Munshiganj,2025,179.2,,,135.39,1
Groundnut,2024-25,Mymensingh,2025,585.0,,,373.0,1
Groundnut,2024-25,Naogaon,2025,689.99,,,540.23,1
Groundnut,2024-25,Narail,2025,1216.0,,,1111.66,1
Groundnut,2024-25,Narayanganj,2025,526.68,,,276.38,1
Groundnut,2024-25,Narsingdi,2025,626.32,,,323.83,1
Groundnut,2024-25,Natore,2025,1315.97,,,1234.75,1
Groundnut,2024-25,Netrakona,2025,374.0,,,422.0,1
Groundnut,2024-25,Nilphamari,2025,320.0,,,223.0,1
Groundnut,2024-25,Noakhali,2025,18071.1,,,13185.93,1
Groundnut,2024-25,Pabna,2025,1283.0,,,1144.8,1
Groundnut,2024-25,Panchagarh,2025,21402.0,,,16671.0,1
Groundnut,2024-25,Patuakhali,2025,12881.0,,,7030.0,1
Groundnut,2024-25,Pirojpur,2025,16.0,,,11.0,1
Groundnut,2024-25,Rajbari,2025,710.0,,,531.4,1
Groundnut,2024-25,Rajshahi,2025,770.85,,,678.85,1
Groundnut,2024-25,Rangamati,2025,57.81,,,58.04,1
Groundnut,2024-25,Rangpur,2025,310.0,,,238.0,1
Groundnut,2024-25,Satkhira,2025,0.0,,,0.0,1
Groundnut,2024-25,Shariatpur,2025,662.12,,,730.0,1
Groundnut,2024-25,Sherpur,2025,100.0,,,110.0,1
Groundnut,2024-25,Sirajganj,2025,3432.19,,,2869.76,1
Groundnut,2024-25,Sunamganj,2025,2801.0,,,2029.0,1
Groundnut,2024-25,Sylhet,2025,31.0,,,23.75,1
Groundnut,2024-25,Tangail,2025,2796.1,,,1483.23,1
Groundnut,2024-25,Thakurgaon,2025,152.0,,,100.0,1
Jute,2023-24,Bagerhat,2025,4714.0,1908.0,2.354,4490.5,1
Jute,2023-24,Bandarban,2025,0.0,0.0,0.0,0.0,1
Jute,2023-24,Barguna,2025,0.0,0.0,0.0,0.0,1
Jute,2023-24,Barishal,2025,27589.0,11165.0,2.349,26230.1,1
Jute,2023-24,Bhola,2025,0.0,0.0,0.0,0.0,1
Jute,2023-24,Bogura,2025,26923.0,10896.0,2.412,26280.9,1
Jute,2023-24,Brahmanbaria,2025,10203.0,4129.0,2.443,10089.7,1
Jute,2023-24,Chandpur,2025,9565.0,3871.0,2.56,9909.5,1
Jute,2023-24,Chapainababganj,2025,6116.0,2475.0,2.609,6458.4,1
Jute,2023-24,Chattogram,2025,0.0,0.0,0.0,0.0,1
Jute,2023-24,Chuadanga,2025,44245.0,17906.0,2.511,44955.8,1
Jute,2023-24,Cox's Bazar,2025,0.0,0.0,0.0,0.0,1
Jute,2023-24,Cumilla,2025,706.0,286.0,2.677,764.6,1
Jute,2023-24,Dhaka,2025,7148.0,2893.0,2.399,6938.8,1
Jute,2023-24,Dinajpur,2025,9651.0,3906.0,2.197,8580.3,1
Jute,2023-24,Faridpur,2025,215561.0,87236.0,2.574,224499.3,1
Jute,2023-24,Feni,2025,0.0,0.0,0.0,0.0,1
Jute,2023-24,Gaibandha,2025,35012.0,14169.0,2.287,32398.1,1
Jute,2023-24,Gazipur,2025,2296.0,929.0,2.089,1941.4,1
Jute,2023-24,Gopalganj,2025,59528.0,24090.0,2.587,62319.9,1
Jute,2023-24,Habiganj,2025,834.0,337.0,2.354,794.0,1
Jute,2023-24,Jamalpur,2025,70215.0,28416.0,2.031,57711.3,1
Jute,2023-24,Jashore,2025,61578.0,24920.0,2.34,58321.5,1
Jute,2023-24,Jhalokati,2025,0.0,0.0,0.0,0.0,1
Jute,2023-24,Jhenaidah,2025,58528.0,23686.0,2.372,56176.2,1
Jute,2023-24,Joypurhat,2025,7275.0,2944.0,2.376,6996.1,1
Jute,2023-24,Khagrachhari,2025,0.0,0.0,0.0,0.0,1
Jute,2023-24,Khulna,2025,3271.0,1324.0,2.304,3050.6,1
Jute,2023-24,Kishoreganj,2025,36111.0,14614.0,2.376,34725.8,1
Jute,2023-24,Kurigram,2025,42995.0,17400.0,2.435,42359.5,1
Jute,2023-24,Kushtia,2025,92231.0,37325.0,2.448,91369.7,1
Jute,2023-24,Lakshmipur,2025,74.0,30.0,2.206,66.0,1
Jute,2023-24,Lalmonirhat,2025,9209.0,3727.0,2.376,8855.9,1
Jute,2023-24,Madaripur,2025,86264.0,34911.0,2.385,83267.2,1
Jute,2023-24,Magura,2025,87877.0,35563.0,2.596,92318.1,1
Jute,2023-24,Manikganj,2025,9785.0,3960.0,2.408,9533.8,1
Jute,2023-24,Meherpur,2025,52460.0,21230.0,2.304,48924.2,1
Jute,2023-24,Moulvibazar,2025,0.0,0.0,0.0,0.0,1
Jute,2023-24,Munshiganj,2025,6064.0,2454.0,2.264,5556.2,1
Jute,2023-24,Mymensingh,2025,13037.0,5276.0,2.053,10833.6,1
Jute,2023-24,Naogaon,2025,11144.0,4510.0,2.287,10312.1,1
Jute,2023-24,Narail,2025,55728.0,22553.0,2.242,50556.4,1
Jute,2023-24,Narayanganj,2025,619.0,251.0,2.331,584.1,1
Jute,2023-24,Narsingdi,2025,6026.0,2439.0,2.269,5532.5,1
Jute,2023-24,Natore,2025,73624.0,29795.0,2.354,70131.3,1
Jute,2023-24,Netrakona,2025,11140.0,4508.0,1.905,8590.3,1
Jute,2023-24,Nilphamari,2025,16318.0,6604.0,2.354,15544.0,1
Jute,2023-24,Noakhali,2025,0.0,0.0,0.0,0.0,1
Jute,2023-24,Pabna,2025,108757.0,44013.0,2.47,108728.1,1
Jute,2023-24,Panchagarh,2025,22736.0,9201.0,2.69,24751.3,1
Jute,2023-24,Pirojpur,2025,770.0,312.0,1.753,546.3,1
Jute,2023-24,Rajbari,2025,118457.0,47939.0,2.354,112837.4,1
Jute,2023-24,Rajshahi,2025,45924.0,18585.0,2.354,43745.4,1
Jute,2023-24,Rangamati,2025,0.0,0.0,0.0,0.0,1
Jute,2023-24,Rangpur,2025,21031.0,8511.0,2.677,22780.7,1
Jute,2023-24,Satkhira,2025,28881.0,11688.0,2.287,26724.5,1
Jute,2023-24,Shariatpur,2025,66116.0,26757.0,2.349,62859.5,1
Jute,2023-24,Sherpur,2025,4215.0,1706.0,2.551,4351.5,1
Jute,2023-24,Sirajganj,2025,41523.0,16804.0,2.152,36163.2,1
Jute,2023-24,Sunamganj,2025,1103.0,446.0,2.242,1000.6,1
Jute,2023-24,Sylhet,2025,0.0,0.0,0.0,0.0,1
Jute,2023-24,Tangail,2025,40739.0,16487.0,2.345,38658.5,1
Jute,2023-24,Thakurgaon,2025,16196.0,6555.0,2.65,17367.4,1
Jute,2024-25,Bagerhat,2025,4623.0,1871.0,1.834,3430.7,1
Jute,2024-25,Bandarban,2025,0.0,0.0,0.0,0.0,1
Jute,2024-25,Barguna,2025,0.0,0.0,0.0,0.0,1
Jute,2024-25,Barishal,2025,23981.0,9705.0,2.112,20493.8,1
Jute,2024-25,Bhola,2025,0.0,0.0,0.0,0.0,1
Jute,2024-25,Bogura,2025,19152.0,7751.0,2.43,18834.2,1
Jute,2024-25,Brahmanbaria,2025,9496.0,3843.0,2.322,8924.9,1
Jute,2024-25,Chandpur,2025,9549.0,3864.0,2.475,9563.7,1
Jute,2024-25,Chapainababganj,2025,5646.0,2285.0,2.287,5224.6,1
Jute,2024-25,Chattogram,2025,0.0,0.0,0.0,0.0,1
Jute,2024-25,Chuadanga,2025,38424.0,15550.0,2.408,37437.8,1
Jute,2024-25,Cox's Bazar,2025,0.0,0.0,0.0,0.0,1
Jute,2024-25,Cumilla,2025,709.0,287.0,2.479,711.4,1
Jute,2024-25,Dhaka,2025,7116.0,2880.0,2.278,6558.9,1
Jute,2024-25,Dinajpur,2025,9430.0,3816.0,2.246,8572.0,1
Jute,2024-25,Faridpur,2025,216818.0,87745.0,2.457,215580.3,1
Jute,2024-25,Feni,2025,0.0,0.0,0.0,0.0,1
Jute,2024-25,Gaibandha,2025,31812.0,12874.0,2.134,27474.6,1
Jute,2024-25,Gazipur,2025,2246.0,909.0,1.726,1568.9,1
Jute,2024-25,Gopalganj,2025,62171.0,25160.0,2.497,62831.2,1
Jute,2024-25,Habiganj,2025,898.0,363.0,2.372,861.8,1
Jute,2024-25,Jamalpur,2025,62189.0,25168.0,2.058,51791.7,1
Jute,2024-25,Jashore,2025,58799.0,23796.0,2.3,54729.4,1
Jute,2024-25,Jhalokati,2025,0.0,0.0,0.0,0.0,1
Jute,2024-25,Jhenaidah,2025,54627.0,22107.0,2.367,52332.9,1
Jute,2024-25,Joypurhat,2025,7055.0,2855.0,2.385,6810.0,1
Jute,2024-25,Khagrachhari,2025,0.0,0.0,0.0,0.0,1
Jute,2024-25,Khulna,2025,3236.0,1310.0,2.125,2783.1,1
Jute,2024-25,Kishoreganj,2025,35644.5,14425.0,2.363,34083.0,1
Jute,2024-25,Kurigram,2025,36211.0,14654.0,2.412,35347.2,1
Jute,2024-25,Kushtia,2025,91475.0,37019.0,2.372,87799.4,1
Jute,2024-25,Lakshmipur,2025,30.0,12.0,1.82,22.1,1
Jute,2024-25,Lalmonirhat,2025,8977.0,3633.0,2.381,8648.9,1
Jute,2024-25,Madaripur,2025,85174.0,34469.0,2.381,82060.6,1
Jute,2024-25,Magura,2025,86109.0,34848.0,2.506,87336.0,1
Jute,2024-25,Manikganj,2025,9459.0,3828.0,2.412,9233.3,1
Jute,2024-25,Meherpur,2025,46781.0,18932.0,2.318,43882.7,1
Jute,2024-25,Moulvibazar,2025,0.0,0.0,0.0,0.0,1
Jute,2024-25,Munshiganj,2025,6203.7,2511.0,1.982,4975.1,1
Jute,2024-25,Mymensingh,2025,12585.0,5093.0,1.883,9590.4,1
Jute,2024-25,Naogaon,2025,10996.0,4450.0,2.304,10254.8,1
Jute,2024-25,Narail,2025,55771.0,22570.0,1.968,44422.9,1
Jute,2024-25,Narayanganj,2025,615.0,249.0,2.367,589.1,1
Jute,2024-25,Narsingdi,2025,5812.19,2352.0,2.21,5199.0,1
Jute,2024-25,Natore,2025,70661.0,28596.0,2.345,67052.4,1
Jute,2024-25,Netrakona,2025,10616.0,4296.0,1.78,7647.0,1
Jute,2024-25,Nilphamari,2025,15709.0,6357.0,2.255,14336.7,1
Jute,2024-25,Noakhali,2025,0.0,0.0,0.0,0.0,1
Jute,2024-25,Pabna,2025,106944.0,43280.0,2.412,104393.1,1
Jute,2024-25,Panchagarh,2025,22755.0,9209.0,2.56,23574.7,1
Jute,2024-25,Pirojpur,2025,575.0,233.0,1.376,320.2,1
Jute,2024-25,Rajbari,2025,115222.0,46630.0,2.358,109965.0,1
Jute,2024-25,Rajshahi,2025,41176.0,16664.0,2.372,39521.4,1
Jute,2024-25,Rangamati,2025,0.0,0.0,0.0,0.0,1
Jute,2024-25,Rangpur,2025,19382.0,7844.0,2.538,19904.3,1
Jute,2024-25,Satkhira,2025,28898.0,11695.0,2.322,27160.1,1
Jute,2024-25,Shariatpur,2025,67179.0,27187.0,2.345,63748.2,1
Jute,2024-25,Sherpur,2025,3518.0,1424.0,2.358,3357.5,1
Jute,2024-25,Sirajganj,2025,35898.0,14528.0,2.116,30743.0,1
Jute,2024-25,Sunamganj,2025,759.0,307.0,1.888,579.7,1
Jute,2024-25,Sylhet,2025,0.0,0.0,0.0,0.0,1
Jute,2024-25,Tangail,2025,40066.01,16214.0,2.251,36493.2,1
Jute,2024-25,Thakurgaon,2025,16196.0,6554.0,2.403,15751.0,1
Lentil,2022-23,Bagerhat,2025,1397.0,,,494.8,1
Lentil,2022-23,Bandarban,2025,30.1,,,11.2,1
Lentil,2022-23,Barguna,2025,56.0,,,45.0,1
Lentil,2022-23,Barishal,2025,3269.0,,,13567.0,1
Lentil,2022-23,Bhola,2025,1483.0,,,781.0,1
Lentil,2022-23,Bogura,2025,543.1,,,226.6,1
Lentil,2022-23,Brahmanbaria,2025,1356.75,,,431.92,1
Lentil,2022-23,Chandpur,2025,572.0,,,284.57,1
Lentil,2022-23,Chapainababganj,2025,4628.0,,,2154.94,1
Lentil,2022-23,Chattogram,2025,228.69,,,61.3,1
Lentil,2022-23,Chuadanga,2025,4419.5,,,2209.36,1
Lentil,2022-23,Cox's Bazar,2025,0.0,,,0.0,1
Lentil,2022-23,Cumilla,2025,693.5,,,262.3,1
Lentil,2022-23,Dhaka,2025,578.21,,,278.17,1
Lentil,2022-23,Dinajpur,2025,99.2,,,43.86,1
Lentil,2022-23,Faridpur,2025,39889.0,,,27503.23,1
Lentil,2022-23,Feni,2025,1126.0,,,587.6,1
Lentil,2022-23,Gaibandha,2025,1380.0,,,925.0,1
Lentil,2022-23,Gazipur,2025,160.26,,,64.63,1
Lentil,2022-23,Gopalganj,2025,9875.6,,,4142.84,1
Lentil,2022-23,Habiganj,2025,42.0,,,16.59,1
Lentil,2022-23,Jamalpur,2025,742.0,,,255.0,1
Lentil,2022-23,Jashore,2025,18254.5,,,8361.17,1
Lentil,2022-23,Jhalokati,2025,717.0,,,350.0,1
Lentil,2022-23,Jhenaidah,2025,28886.0,,,16742.54,1
Lentil,2022-23,Joypurhat,2025,318.35,,,155.64,1
Lentil,2022-23,Khagrachhari,2025,68.8,,,17.75,1
Lentil,2022-23,Khulna,2025,218.16,,,72.1,1
Lentil,2022-23,Kishoreganj,2025,248.7,,,95.12,1
Lentil,2022-23,Kurigram,2025,1389.71,,,547.48,1
Lentil,2022-23,Kushtia,2025,24650.0,,,14517.0,1
Lentil,2022-23,Lakshmipur,2025,67.7,,,23.22,1
Lentil,2022-23,Lalmonirhat,2025,127.25,,,50.36,1
Lentil,2022-23,Madaripur,2025,11715.0,,,5471.8,1
Lentil,2022-23,Magura,2025,29441.0,,,11062.07,1
Lentil,2022-23,Manikganj,2025,1847.97,,,861.03,1
Lentil,2022-23,Meherpur,2025,10067.0,,,5482.84,1
Lentil,2022-23,Moulvibazar,2025,74.53,,,33.37,1
Lentil,2022-23,Munshiganj,2025,31.3,,,11.34,1
Lentil,2022-23,Mymensingh,2025,722.0,,,389.0,1
Lentil,2022-23,Naogaon,2025,407.53,,,225.72,1
Lentil,2022-23,Narail,2025,13810.0,,,6764.0,1
Lentil,2022-23,Narayanganj,2025,241.54,,,98.08,1
Lentil,2022-23,Narsingdi,2025,48.35,,,14.66,1
Lentil,2022-23,Natore,2025,29914.1,,,15458.97,1
Lentil,2022-23,Netrakona,2025,29.0,,,12.0,1
Lentil,2022-23,Nilphamari,2025,21.72,,,10.47,1
Lentil,2022-23,Noakhali,2025,96.8,,,38.22,1
Lentil,2022-23,Pabna,2025,25919.5,,,16009.35,1
Lentil,2022-23,Panchagarh,2025,150.0,,,51.86,1
Lentil,2022-23,Patuakhali,2025,612.0,,,219.0,1
Lentil,2022-23,Pirojpur,2025,89.0,,,47.0,1
Lentil,2022-23,Rajbari,2025,16764.0,,,15028.46,1
Lentil,2022-23,Rajshahi,2025,29212.98,,,16977.26,1
Lentil,2022-23,Rangamati,2025,68.82,,,23.9,1
Lentil,2022-23,Rangpur,2025,214.0,,,113.0,1
Lentil,2022-23,Satkhira,2025,640.68,,,261.53,1
Lentil,2022-23,Shariatpur,2025,5551.0,,,2931.0,1
Lentil,2022-23,Sherpur,2025,132.0,,,52.0,1
Lentil,2022-23,Sirajganj,2025,6020.35,,,2922.29,1
Lentil,2022-23,Sunamganj,2025,0.0,,,0.0,1
Lentil,2022-23,Sylhet,2025,48.25,,,24.98,1
Lentil,2022-23,Tangail,2025,2732.0,,,848.0,1
Lentil,2022-23,Thakurgaon,2025,292.1,,,106.75,1
Lentil,2023-24,Bagerhat,2025,1211.0,,,429.31,1
Lentil,2023-24,Bandarban,2025,30.5,,,11.3,1
Lentil,2023-24,Barguna,2025,65.0,,,58.0,1
Lentil,2023-24,Barishal,2025,2820.0,,,13382.0,1
Lentil,2023-24,Bhola,2025,1426.0,,,749.0,1
Lentil,2023-24,Bogura,2025,536.2,,,229.05,1
Lentil,2023-24,Brahmanbaria,2025,1273.55,,,391.21,1
Lentil,2023-24,Chandpur,2025,568.65,,,287.9,1
Lentil,2023-24,Chapainababganj,2025,4536.72,,,2573.51,1
Lentil,2023-24,Chattogram,2025,199.68,,,49.32,1
Lentil,2023-24,Chuadanga,2025,4002.0,,,2348.08,1
Lentil,2023-24,Cox's Bazar,2025,0.0,,,0.0,1
Lentil,2023-24,Cumilla,2025,699.0,,,266.0,1
Lentil,2023-24,Dhaka,2025,521.75,,,241.65,1
Lentil,2023-24,Dinajpur,2025,96.0,,,50.0,1
Lentil,2023-24,Faridpur,2025,40170.0,,,27401.45,1
Lentil,2023-24,Feni,2025,1142.0,,,611.4,1
Lentil,2023-24,Gaibandha,2025,1189.0,,,834.0,1
Lentil,2023-24,Gazipur,2025,158.8,,,64.19,1
Lentil,2023-24,Gopalganj,2025,9659.8,,,4090.02,1
Lentil,2023-24,Habiganj,2025,44.75,,,17.81,1
Lentil,2023-24,Jamalpur,2025,771.0,,,273.0,1
Lentil,2023-24,Jashore,2025,13616.0,,,6126.0,1
Lentil,2023-24,Jhalokati,2025,781.0,,,388.0,1
Lentil,2023-24,Jhenaidah,2025,28594.0,,,16603.02,1
Lentil,2023-24,Joypurhat,2025,309.34,,,170.84,1
Lentil,2023-24,Khagrachhari,2025,68.0,,,17.0,1
Lentil,2023-24,Khulna,2025,220.76,,,72.85,1
Lentil,2023-24,Kishoreganj,2025,240.51,,,93.75,1
Lentil,2023-24,Kurigram,2025,1245.0,,,545.0,1
Lentil,2023-24,Kushtia,2025,18897.0,,,11813.0,1
Lentil,2023-24,Lakshmipur,2025,63.7,,,21.84,1
Lentil,2023-24,Lalmonirhat,2025,125.5,,,54.0,1
Lentil,2023-24,Madaripur,2025,10003.0,,,5160.17,1
Lentil,2023-24,Magura,2025,29205.0,,,11458.4,1
Lentil,2023-24,Manikganj,2025,1483.47,,,644.25,1
Lentil,2023-24,Meherpur,2025,11269.0,,,6094.46,1
Lentil,2023-24,Moulvibazar,2025,77.53,,,36.41,1
Lentil,2023-24,Munshiganj,2025,29.7,,,10.72,1
Lentil,2023-24,Mymensingh,2025,701.0,,,374.0,1
Lentil,2023-24,Naogaon,2025,375.81,,,209.42,1
Lentil,2023-24,Narail,2025,13853.0,,,6812.0,1
Lentil,2023-24,Narayanganj,2025,204.99,,,80.19,1
Lentil,2023-24,Narsingdi,2025,50.58,,,14.33,1
Lentil,2023-24,Natore,2025,29581.85,,,15445.63,1
Lentil,2023-24,Netrakona,2025,26.0,,,11.0,1
Lentil,2023-24,Nilphamari,2025,22.0,,,11.0,1
Lentil,2023-24,Noakhali,2025,107.05,,,44.47,1
Lentil,2023-24,Pabna,2025,20653.0,,,11757.76,1
Lentil,2023-24,Panchagarh,2025,138.0,,,49.0,1
Lentil,2023-24,Patuakhali,2025,587.0,,,210.0,1
Lentil,2023-24,Pirojpur,2025,77.0,,,47.0,1
Lentil,2023-24,Rajbari,2025,16175.0,,,14764.7,1
Lentil,2023-24,Rajshahi,2025,26164.33,,,15404.9,1
Lentil,2023-24,Rangamati,2025,68.65,,,24.0,1
Lentil,2023-24,Rangpur,2025,214.0,,,116.0,1
Lentil,2023-24,Satkhira,2025,703.54,,,316.06,1
Lentil,2023-24,Shariatpur,2025,5060.0,,,2732.0,1
Lentil,2023-24,Sherpur,2025,123.0,,,48.0,1
Lentil,2023-24,Sirajganj,2025,3303.81,,,1682.63,1
Lentil,2023-24,Sunamganj,2025,0.0,,,0.0,1
Lentil,2023-24,Sylhet,2025,49.25,,,23.35,1
Lentil,2023-24,Tangail,2025,2726.08,,,865.47,1
Lentil,2023-24,Thakurgaon,2025,294.0,,,108.0,1
Lentil,2024-25,Bagerhat,2025,1163.5,,,414.49,1
Lentil,2024-25,Bandarban,2025,30.2,,,11.24,1
Lentil,2024-25,Barguna,2025,67.0,,,56.0,1
Lentil,2024-25,Barishal,2025,2766.0,,,1403.0,1
Lentil,2024-25,Bhola,2025,1411.0,,,747.0,1
Lentil,2024-25,Bogura,2025,520.05,,,251.72,1
Lentil,2024-25,Brahmanbaria,2025,1220.4,,,374.99,1
Lentil,2024-25,Chandpur,2025,569.2,,,289.6,1
Lentil,2024-25,Chapainababganj,2025,4395.45,,,2516.59,1
Lentil,2024-25,Chattogram,2025,191.63,,,47.53,1
Lentil,2024-25,Chuadanga,2025,2243.5,,,1629.56,1
Lentil,2024-25,Cox's Bazar,2025,0.0,,,0.0,1
Lentil,2024-25,Cumilla,2025,700.7,,,267.9,1
Lentil,2024-25,Dhaka,2025,503.35,,,238.13,1
Lentil,2024-25,Dinajpur,2025,93.0,,,47.0,1
Lentil,2024-25,Faridpur,2025,40060.6,,,27299.59,1
Lentil,2024-25,Feni,2025,1143.2,,,612.09,1
Lentil,2024-25,Gaibandha,2025,1194.0,,,839.0,1
Lentil,2024-25,Gazipur,2025,154.24,,,64.33,1
Lentil,2024-25,Gopalganj,2025,9818.7,,,4164.12,1
Lentil,2024-25,Habiganj,2025,46.05,,,18.51,1
Lentil,2024-25,Jamalpur,2025,764.0,,,272.0,1
Lentil,2024-25,Jashore,2025,12831.0,,,5723.0,1
Lentil,2024-25,Jhalokati,2025,771.0,,,379.0,1
Lentil,2024-25,Jhenaidah,2025,28598.0,,,16812.62,1
Lentil,2024-25,Joypurhat,2025,311.24,,,187.73,1
Lentil,2024-25,Khagrachhari,2025,69.0,,,17.7,1
Lentil,2024-25,Khulna,2025,220.79,,,73.83,1
Lentil,2024-25,Kishoreganj,2025,236.53,,,95.12,1
Lentil,2024-25,Kurigram,2025,1166.0,,,502.0,1
Lentil,2024-25,Kushtia,2025,18822.0,,,11823.0,1
Lentil,2024-25,Lakshmipur,2025,64.5,,,21.35,1
Lentil,2024-25,Lalmonirhat,2025,131.0,,,61.0,1
Lentil,2024-25,Madaripur,2025,9691.0,,,4914.84,1
Lentil,2024-25,Magura,2025,29303.5,,,11513.9,1
Lentil,2024-25,Manikganj,2025,1053.43,,,465.65,1
Lentil,2024-25,Meherpur,2025,10520.0,,,5727.15,1
Lentil,2024-25,Moulvibazar,2025,75.55,,,35.08,1
Lentil,2024-25,Munshiganj,2025,28.1,,,10.49,1
Lentil,2024-25,Mymensingh,2025,681.0,,,364.0,1
Lentil,2024-25,Naogaon,2025,412.87,,,243.55,1
Lentil,2024-25,Narail,2025,13843.0,,,6805.0,1
Lentil,2024-25,Narayanganj,2025,203.67,,,78.43,1
Lentil,2024-25,Narsingdi,2025,51.66,,,14.7,1
Lentil,2024-25,Natore,2025,28260.98,,,14993.16,1
Lentil,2024-25,Netrakona,2025,27.0,,,8.0,1
Lentil,2024-25,Nilphamari,2025,21.0,,,10.0,1
Lentil,2024-25,Noakhali,2025,106.65,,,43.96,1
Lentil,2024-25,Pabna,2025,20411.0,,,11162.0,1
Lentil,2024-25,Panchagarh,2025,128.0,,,45.0,1
Lentil,2024-25,Patuakhali,2025,360.0,,,192.0,1
Lentil,2024-25,Pirojpur,2025,59.0,,,31.0,1
Lentil,2024-25,Rajbari,2025,15363.0,,,13494.44,1
Lentil,2024-25,Rajshahi,2025,24254.1,,,14852.9,1
Lentil,2024-25,Rangamati,2025,68.69,,,24.01,1
Lentil,2024-25,Rangpur,2025,217.0,,,117.0,1
Lentil,2024-25,Satkhira,2025,710.0,,,292.34,1
Lentil,2024-25,Shariatpur,2025,5061.0,,,2796.0,1
Lentil,2024-25,Sherpur,2025,125.0,,,50.0,1
Lentil,2024-25,Sirajganj,2025,3164.09,,,1663.23,1
Lentil,2024-25,Sunamganj,2025,0.0,,,0.0,1
Lentil,2024-25,Sylhet,2025,49.55,,,23.88,1
Lentil,2024-25,Tangail,2025,2044.79,,,786.94,1
Lentil,2024-25,Thakurgaon,2025,286.0,,,105.0,1
Maize,2022-23,Bagerhat,2025,404.0,,,915.45,1
Maize,2022-23,Bandarban,2025,790.5,,,896.0,1
Maize,2022-23,Barguna,2025,127.0,,,180.0,1
Maize,2022-23,Barishal,2025,1094.0,,,2459.0,1
Maize,2022-23,Bhola,2025,1940.0,,,4966.0,1
Maize,2022-23,Bogura,2025,17303.97,,,57541.06,1
Maize,2022-23,Brahmanbaria,2025,282.3,,,496.09,1
Maize,2022-23,Chandpur,2025,14229.15,,,39309.58,1
Maize,2022-23,Chapainababganj,2025,17433.02,,,47600.25,1
Maize,2022-23,Chattogram,2025,110.0,,,248.0,1
Maize,2022-23,Chuadanga,2025,115476.0,,,488723.0,1
Maize,2022-23,Cox's Bazar,2025,200.0,,,425.0,1
Maize,2022-23,Cumilla,2025,23309.0,,,57116.0,1
Maize,2022-23,Dhaka,2025,13258.0,,,37938.93,1
Maize,2022-23,Dinajpur,2025,172578.0,,,630047.0,1
Maize,2022-23,Faridpur,2025,800.0,,,1856.35,1
Maize,2022-23,Feni,2025,355.13,,,1021.99,1
Maize,2022-23,Gaibandha,2025,27327.0,,,89609.2,1
Maize,2022-23,Gazipur,2025,227.57,,,675.27,1
Maize,2022-23,Gopalganj,2025,108.37,,,303.11,1
Maize,2022-23,Habiganj,2025,55.5,,,105.32,1
Maize,2022-23,Jamalpur,2025,28583.0,,,121457.0,1
Maize,2022-23,Jashore,2025,1229.0,,,4157.0,1
Maize,2022-23,Jhalokati,2025,1078.0,,,1874.0,1
Maize,2022-23,Jhenaidah,2025,46036.0,,,179301.0,1
Maize,2022-23,Joypurhat,2025,862.74,,,3229.0,1
Maize,2022-23,Khagrachhari,2025,1524.06,,,2880.37,1
Maize,2022-23,Khulna,2025,207.17,,,624.7,1
Maize,2022-23,Kishoreganj,2025,15318.29,,,51557.96,1
Maize,2022-23,Kurigram,2025,22435.0,,,79414.25,1
Maize,2022-23,Kushtia,2025,23802.0,,,95423.0,1
Maize,2022-23,Lakshmipur,2025,292.0,,,599.0,1
Maize,2022-23,Lalmonirhat,2025,83662.25,,,308095.6,1
Maize,2022-23,Madaripur,2025,584.0,,,2205.75,1
Maize,2022-23,Magura,2025,175.19,,,519.42,1
Maize,2022-23,Manikganj,2025,53512.73,,,164449.2,1
Maize,2022-23,Meherpur,2025,27321.0,,,125421.2,1
Maize,2022-23,Moulvibazar,2025,2.96,,,8.88,1
Maize,2022-23,Munshiganj,2025,10318.01,,,24361.7,1
Maize,2022-23,Mymensingh,2025,333.0,,,1164.0,1
Maize,2022-23,Naogaon,2025,17123.68,,,70374.92,1
Maize,2022-23,Narail,2025,258.0,,,912.0,1
Maize,2022-23,Narayanganj,2025,145.07,,,461.92,1
Maize,2022-23,Narsingdi,2025,41.7,,,106.67,1
Maize,2022-23,Natore,2025,29392.64,,,95659.45,1
Maize,2022-23,Netrakona,2025,91.0,,,241.0,1
Maize,2022-23,Nilphamari,2025,64587.0,,,274655.2,1
Maize,2022-23,Noakhali,2025,387.0,,,1203.0,1
Maize,2022-23,Pabna,2025,1783.25,,,4983.3,1
Maize,2022-23,Panchagarh,2025,74407.0,,,314901.5,1
Maize,2022-23,Patuakhali,2025,0.0,,,0.0,1
Maize,2022-23,Pirojpur,2025,642.0,,,1186.0,1
Maize,2022-23,Rajbari,2025,311.0,,,895.0,1
Maize,2022-23,Rajshahi,2025,39810.63,,,117917.9,1
Maize,2022-23,Rangamati,2025,1013.85,,,1886.51,1
Maize,2022-23,Rangpur,2025,65164.0,,,210176.0,1
Maize,2022-23,Satkhira,2025,145.08,,,414.59,1
Maize,2022-23,Shariatpur,2025,67.7,,,185.0,1
Maize,2022-23,Sherpur,2025,2157.0,,,5454.0,1
Maize,2022-23,Sirajganj,2025,31222.46,,,118228.8,1
Maize,2022-23,Sunamganj,2025,16.0,,,14.0,1
Maize,2022-23,Sylhet,2025,29.0,,,25.43,1
Maize,2022-23,Tangail,2025,8630.94,,,22300.82,1
Maize,2022-23,Thakurgaon,2025,119588.0,,,390486.1,1
Maize,2023-24,Bagerhat,2025,530.0,,,1240.0,1
Maize,2023-24,Bandarban,2025,803.0,,,907.75,1
Maize,2023-24,Barguna,2025,110.0,,,156.0,1
Maize,2023-24,Barishal,2025,1114.0,,,2242.0,1
Maize,2023-24,Bhola,2025,1871.0,,,4917.0,1
Maize,2023-24,Bogura,2025,31067.61,,,116666.28,1
Maize,2023-24,Brahmanbaria,2025,1287.8,,,2720.5,1
Maize,2023-24,Chandpur,2025,11319.9,,,32517.3,1
Maize,2023-24,Chapainababganj,2025,17667.0,,,51467.93,1
Maize,2023-24,Chattogram,2025,137.74,,,351.36,1
Maize,2023-24,Chuadanga,2025,118239.5,,,555116.0,1
Maize,2023-24,Cox's Bazar,2025,200.35,,,424.94,1
Maize,2023-24,Cumilla,2025,24054.0,,,54813.1,1
Maize,2023-24,Dhaka,2025,13093.5,,,36892.02,1
Maize,2023-24,Dinajpur,2025,172498.0,,,641406.89,1
Maize,2023-24,Faridpur,2025,944.6,,,3155.5,1
Maize,2023-24,Feni,2025,186.5,,,675.0,1
Maize,2023-24,Gaibandha,2025,31353.0,,,99423.54,1
Maize,2023-24,Gazipur,2025,66.96,,,286.93,1
Maize,2023-24,Gopalganj,2025,114.5,,,327.55,1
Maize,2023-24,Habiganj,2025,57.25,,,39.73,1
Maize,2023-24,Jamalpur,2025,34621.0,,,148869.0,1
Maize,2023-24,Jashore,2025,1396.0,,,4758.0,1
Maize,2023-24,Jhalokati,2025,1080.0,,,2216.0,1
Maize,2023-24,Jhenaidah,2025,43991.0,,,183514.4,1
Maize,2023-24,Joypurhat,2025,908.56,,,3228.0,1
Maize,2023-24,Khagrachhari,2025,1546.41,,,2783.67,1
Maize,2023-24,Khulna,2025,315.96,,,923.07,1
Maize,2023-24,Kishoreganj,2025,18205.37,,,63560.32,1
Maize,2023-24,Kurigram,2025,22779.0,,,81129.35,1
Maize,2023-24,Kushtia,2025,26152.0,,,64682.0,1
Maize,2023-24,Lakshmipur,2025,144.0,,,326.0,1
Maize,2023-24,Lalmonirhat,2025,85747.0,,,316764.79,1
Maize,2023-24,Madaripur,2025,693.17,,,2622.19,1
Maize,2023-24,Magura,2025,185.95,,,570.6,1
Maize,2023-24,Manikganj,2025,54892.7,,,175357.5,1
Maize,2023-24,Meherpur,2025,28193.0,,,12987.08,1
Maize,2023-24,Moulvibazar,2025,6.2,,,39.73,1
Maize,2023-24,Munshiganj,2025,10763.5,,,26130.14,1
Maize,2023-24,Mymensingh,2025,416.0,,,1397.0,1
Maize,2023-24,Naogaon,2025,18483.31,,,77210.62,1
Maize,2023-24,Narail,2025,267.0,,,943.0,1
Maize,2023-24,Narayanganj,2025,284.97,,,924.19,1
Maize,2023-24,Narsingdi,2025,57.79,,,157.1,1
Maize,2023-24,Natore,2025,32938.38,,,111167.17,1
Maize,2023-24,Netrakona,2025,130.0,,,387.0,1
Maize,2023-24,Nilphamari,2025,65867.0,,,282253.13,1
Maize,2023-24,Noakhali,2025,396.02,,,1297.12,1
Maize,2023-24,Pabna,2025,1863.5,,,7246.37,1
Maize,2023-24,Panchagarh,2025,74504.0,,,325433.35,1
Maize,2023-24,Patuakhali,2025,144.15,,,367.0,1
Maize,2023-24,Pirojpur,2025,645.0,,,1196.0,1
Maize,2023-24,Rajbari,2025,559.0,,,1704.4,1
Maize,2023-24,Rajshahi,2025,37244.84,,,114641.44,1
Maize,2023-24,Rangamati,2025,1018.06,,,1843.58,1
Maize,2023-24,Rangpur,2025,65181.0,,,210861.0,1
Maize,2023-24,Satkhira,2025,205.55,,,637.49,1
Maize,2023-24,Shariatpur,2025,71.2,,,195.4,1
Maize,2023-24,Sherpur,2025,3249.0,,,8149.0,1
Maize,2023-24,Sirajganj,2025,34452.76,,,136984.76,1
Maize,2023-24,Sunamganj,2025,300.0,,,39.73,1
Maize,2023-24,Sylhet,2025,33.0,,,39.73,1
Maize,2023-24,Tangail,2025,10227.81,,,33715.24,1
Maize,2023-24,Thakurgaon,2025,120432.0,,,429654.87,1
Maize,2024-25,Bagerhat,2025,515.5,,,1256.71,1
Maize,2024-25,Bandarban,2025,784.51,,,1439.47,1
Maize,2024-25,Barguna,2025,80.0,,,182.0,1
Maize,2024-25,Barishal,2025,1494.0,,,3157.0,1
Maize,2024-25,Bhola,2025,1921.0,,,5058.0,1
Maize,2024-25,Bogura,2025,36657.84,,,150066.46,1
Maize,2024-25,Brahmanbaria,2025,1329.4,,,5101.04,1
Maize,2024-25,Chandpur,2025,11323.27,,,40854.43,1
Maize,2024-25,Chapainababganj,2025,17375.29,,,60594.98,1
Maize,2024-25,Chattogram,2025,268.51,,,1151.18,1
Maize,2024-25,Chuadanga,2025,120665.75,,,569874.6,1
Maize,2024-25,Cox's Bazar,2025,206.44,,,865.98,1
Maize,2024-25,Cumilla,2025,28329.0,,,98994.0,1
Maize,2024-25,Dhaka,2025,10638.05,,,33799.06,1
Maize,2024-25,Dinajpur,2025,178216.0,,,720808.0,1
Maize,2024-25,Faridpur,2025,1548.88,,,4769.1,1
Maize,2024-25,Feni,2025,183.9,,,660.6,1
Maize,2024-25,Gaibandha,2025,32001.0,,,158849.0,1
Maize,2024-25,Gazipur,2025,73.97,,,227.8,1
Maize,2024-25,Gopalganj,2025,144.08,,,482.01,1
Maize,2024-25,Habiganj,2025,148.05,,,392.78,1
Maize,2024-25,Jamalpur,2025,40478.0,,,174059.0,1
Maize,2024-25,Jashore,2025,1954.0,,,6833.0,1
Maize,2024-25,Jhalokati,2025,1110.0,,,3170.0,1
Maize,2024-25,Jhenaidah,2025,47351.3,,,227096.19,1
Maize,2024-25,Joypurhat,2025,1879.29,,,7895.02,1
Maize,2024-25,Khagrachhari,2025,1618.61,,,5135.59,1
Maize,2024-25,Khulna,2025,280.55,,,829.65,1
Maize,2024-25,Kishoreganj,2025,19317.53,,,68154.25,1
Maize,2024-25,Kurigram,2025,25627.0,,,105657.0,1
Maize,2024-25,Kushtia,2025,28502.0,,,134192.0,1
Maize,2024-25,Lakshmipur,2025,149.2,,,764.94,1
Maize,2024-25,Lalmonirhat,2025,98165.0,,,397252.0,1
Maize,2024-25,Madaripur,2025,861.21,,,3234.76,1
Maize,2024-25,Magura,2025,247.95,,,1081.24,1
Maize,2024-25,Manikganj,2025,57014.5,,,189862.32,1
Maize,2024-25,Meherpur,2025,27068.0,,,122561.49,1
Maize,2024-25,Moulvibazar,2025,36.35,,,131.0,1
Maize,2024-25,Munshiganj,2025,10898.02,,,30007.02,1
Maize,2024-25,Mymensingh,2025,638.0,,,2368.0,1
Maize,2024-25,Naogaon,2025,20615.71,,,91327.97,1
Maize,2024-25,Narail,2025,294.0,,,1039.0,1
Maize,2024-25,Narayanganj,2025,320.08,,,985.69,1
Maize,2024-25,Narsingdi,2025,65.5,,,196.84,1
Maize,2024-25,Natore,2025,39787.0,,,143921.17,1
Maize,2024-25,Netrakona,2025,209.0,,,676.0,1
Maize,2024-25,Nilphamari,2025,79108.0,,,367351.0,1
Maize,2024-25,Noakhali,2025,394.64,,,1266.93,1
Maize,2024-25,Pabna,2025,2391.0,,,10238.79,1
Maize,2024-25,Panchagarh,2025,79484.0,,,373278.0,1
Maize,2024-25,Patuakhali,2025,1410.0,,,3281.0,1
Maize,2024-25,Pirojpur,2025,761.0,,,1622.0,1
Maize,2024-25,Rajbari,2025,875.0,,,3060.8,1
Maize,2024-25,Rajshahi,2025,44353.73,,,147574.18,1
Maize,2024-25,Rangamati,2025,1019.58,,,3054.66,1
Maize,2024-25,Rangpur,2025,65975.0,,,256629.0,1
Maize,2024-25,Satkhira,2025,235.1,,,733.25,1
Maize,2024-25,Shariatpur,2025,646.0,,,2156.92,1
Maize,2024-25,Sherpur,2025,3070.0,,,10111.0,1
Maize,2024-25,Sirajganj,2025,36061.8,,,155960.31,1
Maize,2024-25,Sunamganj,2025,374.07,,,1086.1,1
Maize,2024-25,Sylhet,2025,82.0,,,241.74,1
Maize,2024-25,Tangail,2025,13207.31,,,46233.57,1
Maize,2024-25,Thakurgaon,2025,134935.0,,,544643.78,1
Mung,2022-23,Bagerhat,2025,483.5,,,144.38,1
Mung,2022-23,Bandarban,2025,51.7,,,19.5,1
Mung,2022-23,Barguna,2025,13614.0,,,4832.0,1
Mung,2022-23,Barishal,2025,13828.0,,,10199.0,1
Mung,2022-23,Bhola,2025,25991.0,,,10291.0,1
Mung,2022-23,Bogura,2025,7.25,,,5.22,1
Mung,2022-23,Brahmanbaria,2025,15.25,,,4.18,1
Mung,2022-23,Chandpur,2025,178.2,,,88.18,1
Mung,2022-23,Chapainababganj,2025,20.0,,,5.95,1
Mung,2022-23,Chattogram,2025,2231.03,,,720.6,1
Mung,2022-23,Chuadanga,2025,1388.0,,,787.44,1
Mung,2022-23,Cox's Bazar,2025,0.0,,,0.0,1
Mung,2022-23,Cumilla,2025,9.0,,,5.0,1
Mung,2022-23,Dhaka,2025,149.8,,,88.64,1
Mung,2022-23,Dinajpur,2025,24.45,,,6.45,1
Mung,2022-23,Faridpur,2025,1042.69,,,395.12,1
Mung,2022-23,Feni,2025,1232.3,,,512.5,1
Mung,2022-23,Gaibandha,2025,134.4,,,52.0,1
Mung,2022-23,Gazipur,2025,48.96,,,14.64,1
Mung,2022-23,Gopalganj,2025,197.1,,,78.3,1
Mung,2022-23,Habiganj,2025,0.0,,,0.0,1
Mung,2022-23,Jamalpur,2025,91.0,,,38.0,1
Mung,2022-23,Jashore,2025,1642.0,,,635.32,1
Mung,2022-23,Jhalokati,2025,2348.0,,,734.0,1
Mung,2022-23,Jhenaidah,2025,1645.0,,,714.0,1
Mung,2022-23,Joypurhat,2025,0.0,,,0.0,1
Mung,2022-23,Khagrachhari,2025,0.0,,,0.0,1
Mung,2022-23,Khulna,2025,206.05,,,57.96,1
Mung,2022-23,Kishoreganj,2025,186.23,,,66.98,1
Mung,2022-23,Kurigram,2025,147.9,,,83.37,1
Mung,2022-23,Kushtia,2025,153.0,,,83.0,1
Mung,2022-23,Lakshmipur,2025,1466.75,,,465.0,1
Mung,2022-23,Lalmonirhat,2025,73.7,,,41.33,1
Mung,2022-23,Madaripur,2025,273.77,,,88.47,1
Mung,2022-23,Magura,2025,132.6,,,44.58,1
Mung,2022-23,Manikganj,2025,268.4,,,80.52,1
Mung,2022-23,Meherpur,2025,77.0,,,30.8,1
Mung,2022-23,Moulvibazar,2025,0.0,,,0.0,1
Mung,2022-23,Munshiganj,2025,0.0,,,0.0,1
Mung,2022-23,Mymensingh,2025,113.0,,,48.0,1
Mung,2022-23,Naogaon,2025,137.28,,,79.16,1
Mung,2022-23,Narail,2025,357.0,,,145.46,1
Mung,2022-23,Narayanganj,2025,27.0,,,11.56,1
Mung,2022-23,Narsingdi,2025,22.79,,,6.94,1
Mung,2022-23,Natore,2025,9143.47,,,3574.49,1
Mung,2022-23,Netrakona,2025,2.0,,,1.0,1
Mung,2022-23,Nilphamari,2025,10.96,,,3.86,1
Mung,2022-23,Noakhali,2025,12914.04,,,4240.76,1
Mung,2022-23,Pabna,2025,454.75,,,217.7,1
Mung,2022-23,Panchagarh,2025,206.0,,,110.45,1
Mung,2022-23,Patuakhali,2025,12566.0,,,2613.0,1
Mung,2022-23,Pirojpur,2025,632.0,,,203.0,1
Mung,2022-23,Rajbari,2025,148.0,,,65.33,1
Mung,2022-23,Rajshahi,2025,6250.23,,,2692.15,1
Mung,2022-23,Rangamati,2025,0.0,,,0.0,1
Mung,2022-23,Rangpur,2025,43.0,,,18.0,1
Mung,2022-23,Satkhira,2025,22.81,,,6.91,1
Mung,2022-23,Shariatpur,2025,174.0,,,75.0,1
Mung,2022-23,Sherpur,2025,8.0,,,3.0,1
Mung,2022-23,Sirajganj,2025,8.25,,,2.64,1
Mung,2022-23,Sunamganj,2025,0.0,,,0.0,1
Mung,2022-23,Sylhet,2025,8.0,,,1.92,1
Mung,2022-23,Tangail,2025,2.49,,,1.52,1
Mung,2022-23,Thakurgaon,2025,100.5,,,30.52,1
Mung,2023-24,Bagerhat,2025,464.0,,,602.28,1
Mung,2023-24,Bandarban,2025,51.8,,,19.5,1
Mung,2023-24,Barguna,2025,13704.0,,,4849.0,1
Mung,2023-24,Barishal,2025,26849.0,,,10355.0,1
Mung,2023-24,Bhola,2025,26006.0,,,10301.0,1
Mung,2023-24,Bogura,2025,0.95,,,0.64,1
Mung,2023-24,Brahmanbaria,2025,5.05,,,4.98,1
Mung,2023-24,Chandpur,2025,178.19,,,88.28,1
Mung,2023-24,Chapainababganj,2025,18.5,,,5.4,1
Mung,2023-24,Chattogram,2025,2178.96,,,694.4,1
Mung,2023-24,Chuadanga,2025,1163.0,,,666.84,1
Mung,2023-24,Cox's Bazar,2025,0.0,,,0.0,1
Mung,2023-24,Cumilla,2025,9.0,,,5.0,1
Mung,2023-24,Dhaka,2025,125.5,,,45.45,1
Mung,2023-24,Dinajpur,2025,31.0,,,13.0,1
Mung,2023-24,Faridpur,2025,1143.8,,,395.1,1
Mung,2023-24,Feni,2025,1202.0,,,660.6,1
Mung,2023-24,Gaibandha,2025,135.0,,,55.0,1
Mung,2023-24,Gazipur,2025,50.99,,,15.54,1
Mung,2023-24,Gopalganj,2025,183.5,,,77.13,1
Mung,2023-24,Habiganj,2025,0.0,,,0.0,1
Mung,2023-24,Jamalpur,2025,93.0,,,37.0,1
Mung,2023-24,Jashore,2025,391.0,,,161.0,1
Mung,2023-24,Jhalokati,2025,3633.0,,,1176.0,1
Mung,2023-24,Jhenaidah,2025,1654.5,,,746.71,1
Mung,2023-24,Joypurhat,2025,0.0,,,0.0,1
Mung,2023-24,Khagrachhari,2025,0.0,,,0.0,1
Mung,2023-24,Khulna,2025,202.9,,,57.48,1
Mung,2023-24,Kishoreganj,2025,167.92,,,61.2,1
Mung,2023-24,Kurigram,2025,139.0,,,60.0,1
Mung,2023-24,Kushtia,2025,100.0,,,62.0,1
Mung,2023-24,Lakshmipur,2025,1393.5,,,432.0,1
Mung,2023-24,Lalmonirhat,2025,73.5,,,32.0,1
Mung,2023-24,Madaripur,2025,210.87,,,77.79,1
Mung,2023-24,Magura,2025,230.22,,,81.62,1
Mung,2023-24,Manikganj,2025,220.3,,,68.29,1
Mung,2023-24,Meherpur,2025,79.0,,,31.55,1
Mung,2023-24,Moulvibazar,2025,0.0,,,0.0,1
Mung,2023-24,Munshiganj,2025,0.0,,,0.0,1
Mung,2023-24,Mymensingh,2025,95.0,,,41.0,1
Mung,2023-24,Naogaon,2025,155.02,,,81.35,1
Mung,2023-24,Narail,2025,378.0,,,155.0,1
Mung,2023-24,Narayanganj,2025,23.92,,,10.06,1
Mung,2023-24,Narsingdi,2025,23.54,,,7.22,1
Mung,2023-24,Natore,2025,9111.11,,,3658.61,1
Mung,2023-24,Netrakona,2025,3.0,,,1.0,1
Mung,2023-24,Nilphamari,2025,10.96,,,4.68,1
Mung,2023-24,Noakhali,2025,12981.95,,,4395.4,1
Mung,2023-24,Pabna,2025,460.0,,,252.72,1
Mung,2023-24,Panchagarh,2025,190.0,,,100.0,1
Mung,2023-24,Patuakhali,2025,12581.0,,,2654.0,1
Mung,2023-24,Pirojpur,2025,642.0,,,209.0,1
Mung,2023-24,Rajbari,2025,150.0,,,65.41,1
Mung,2023-24,Rajshahi,2025,2074.18,,,953.66,1
Mung,2023-24,Rangamati,2025,0.0,,,0.0,1
Mung,2023-24,Rangpur,2025,41.0,,,16.0,1
Mung,2023-24,Satkhira,2025,23.93,,,7.39,1
Mung,2023-24,Shariatpur,2025,116.24,,,50.0,1
Mung,2023-24,Sherpur,2025,8.0,,,3.0,1
Mung,2023-24,Sirajganj,2025,8.0,,,2.56,1
Mung,2023-24,Sunamganj,2025,0.0,,,0.0,1
Mung,2023-24,Sylhet,2025,8.5,,,2.55,1
Mung,2023-24,Tangail,2025,2.53,,,1.54,1
Mung,2023-24,Thakurgaon,2025,100.0,,,30.0,1
Mung,2024-25,Bagerhat,2025,545.0,,,167.37,1
Mung,2024-25,Bandarban,2025,50.85,,,19.1,1
Mung,2024-25,Barguna,2025,62275.0,,,32637.0,1
Mung,2024-25,Barishal,2025,26862.0,,,10705.0,1
Mung,2024-25,Bhola,2025,49463.0,,,26925.0,1
Mung,2024-25,Bogura,2025,0.0,,,0.0,1
Mung,2024-25,Brahmanbaria,2025,4.9,,,4.95,1
Mung,2024-25,Chandpur,2025,178.26,,,88.44,1
Mung,2024-25,Chapainababganj,2025,6.85,,,2.26,1
Mung,2024-25,Chattogram,2025,2233.21,,,713.78,1
Mung,2024-25,Chuadanga,2025,497.0,,,267.66,1
Mung,2024-25,Cox's Bazar,2025,0.0,,,0.0,1
Mung,2024-25,Cumilla,2025,10.0,,,5.0,1
Mung,2024-25,Dhaka,2025,122.25,,,43.2,1
Mung,2024-25,Dinajpur,2025,32.0,,,12.0,1
Mung,2024-25,Faridpur,2025,1062.2,,,425.13,1
Mung,2024-25,Feni,2025,1222.3,,,677.8,1
Mung,2024-25,Gaibandha,2025,127.5,,,52.99,1
Mung,2024-25,Gazipur,2025,76.43,,,30.79,1
Mung,2024-25,Gopalganj,2025,171.82,,,74.95,1
Mung,2024-25,Habiganj,2025,0.0,,,0.0,1
Mung,2024-25,Jamalpur,2025,87.0,,,36.0,1
Mung,2024-25,Jashore,2025,382.0,,,158.0,1
Mung,2024-25,Jhalokati,2025,3815.0,,,1587.0,1
Mung,2024-25,Jhenaidah,2025,1629.3,,,732.81,1
Mung,2024-25,Joypurhat,2025,0.0,,,0.0,1
Mung,2024-25,Khagrachhari,2025,0.0,,,0.0,1
Mung,2024-25,Khulna,2025,205.45,,,60.31,1
Mung,2024-25,Kishoreganj,2025,154.09,,,56.72,1
Mung,2024-25,Kurigram,2025,120.0,,,52.0,1
Mung,2024-25,Kushtia,2025,94.0,,,63.0,1
Mung,2024-25,Lakshmipur,2025,1397.25,,,434.0,1
Mung,2024-25,Lalmonirhat,2025,58.0,,,25.0,1
Mung,2024-25,Madaripur,2025,202.03,,,76.65,1
Mung,2024-25,Magura,2025,232.87,,,82.76,1
Mung,2024-25,Manikganj,2025,118.85,,,38.03,1
Mung,2024-25,Meherpur,2025,79.0,,,32.03,1
Mung,2024-25,Moulvibazar,2025,0.0,,,0.0,1
Mung,2024-25,Munshiganj,2025,0.0,,,0.0,1
Mung,2024-25,Mymensingh,2025,101.0,,,49.0,1
Mung,2024-25,Naogaon,2025,177.58,,,97.12,1
Mung,2024-25,Narail,2025,379.0,,,158.0,1
Mung,2024-25,Narayanganj,2025,23.45,,,9.85,1
Mung,2024-25,Narsingdi,2025,23.97,,,7.38,1
Mung,2024-25,Natore,2025,8930.11,,,3677.83,1
Mung,2024-25,Netrakona,2025,4.0,,,2.0,1
Mung,2024-25,Nilphamari,2025,11.98,,,5.67,1
Mung,2024-25,Noakhali,2025,13011.2,,,4406.89,1
Mung,2024-25,Pabna,2025,359.5,,,179.63,1
Mung,2024-25,Panchagarh,2025,181.0,,,95.0,1
Mung,2024-25,Patuakhali,2025,131359.0,,,51844.0,1
Mung,2024-25,Pirojpur,2025,1008.0,,,438.0,1
Mung,2024-25,Rajbari,2025,158.0,,,67.61,1
Mung,2024-25,Rajshahi,2025,1491.61,,,713.49,1
Mung,2024-25,Rangamati,2025,0.0,,,0.0,1
Mung,2024-25,Rangpur,2025,41.45,,,15.79,1
Mung,2024-25,Satkhira,2025,26.18,,,8.42,1
Mung,2024-25,Shariatpur,2025,118.0,,,56.0,1
Mung,2024-25,Sherpur,2025,7.0,,,2.0,1
Mung,2024-25,Sirajganj,2025,0.0,,,0.0,1
Mung,2024-25,Sunamganj,2025,0.0,,,0.0,1
Mung,2024-25,Sylhet,2025,9.76,,,3.17,1
Mung,2024-25,Tangail,2025,2.3,,,1.21,1
Mung,2024-25,Thakurgaon,2025,92.0,,,28.18,1
Mustard,2022-23,Bagerhat,2025,1446.5,,,598.37,1
Mustard,2022-23,Bandarban,2025,336.5,,,88.56,1
Mustard,2022-23,Barguna,2025,64.0,,,35.0,1
Mustard,2022-23,Barishal,2025,7589.0,,,3455.0,1
Mustard,2022-23,Bhola,2025,2220.6,,,1150.8,1
Mustard,2022-23,Bogura,2025,53324.0,,,35328.0,1
Mustard,2022-23,Brahmanbaria,2025,31289.4,,,15400.48,1
Mustard,2022-23,Chandpur,2025,3848.55,,,3863.3,1
Mustard,2022-23,Chapainababganj,2025,53902.0,,,30737.66,1
Mustard,2022-23,Chattogram,2025,2878.19,,,1069.72,1
Mustard,2022-23,Chuadanga,2025,4291.0,,,2572.81,1
Mustard,2022-23,Cox's Bazar,2025,0.0,,,0.0,1
Mustard,2022-23,Cumilla,2025,7633.5,,,4415.81,1
Mustard,2022-23,Dhaka,2025,24882.0,,,12126.0,1
Mustard,2022-23,Dinajpur,2025,35645.0,,,19408.0,1
Mustard,2022-23,Faridpur,2025,20030.0,,,7309.75,1
Mustard,2022-23,Feni,2025,2880.25,,,1320.32,1
Mustard,2022-23,Gaibandha,2025,4950.0,,,2223.0,1
Mustard,2022-23,Gazipur,2025,3988.6,,,1047.88,1
Mustard,2022-23,Gopalganj,2025,8191.8,,,3080.76,1
Mustard,2022-23,Habiganj,2025,1193.6,,,694.21,1
Mustard,2022-23,Jamalpur,2025,13357.0,,,5369.0,1
Mustard,2022-23,Jashore,2025,24975.0,,,12163.04,1
Mustard,2022-23,Jhalokati,2025,545.0,,,206.0,1
Mustard,2022-23,Jhenaidah,2025,6161.5,,,3215.45,1
Mustard,2022-23,Joypurhat,2025,20584.0,,,17157.0,1
Mustard,2022-23,Khagrachhari,2025,405.0,,,189.03,1
Mustard,2022-23,Khulna,2025,521.35,,,178.76,1
Mustard,2022-23,Kishoreganj,2025,2523.52,,,1111.17,1
Mustard,2022-23,Kurigram,2025,9942.1,,,5034.08,1
Mustard,2022-23,Kushtia,2025,8122.0,,,4986.0,1
Mustard,2022-23,Lakshmipur,2025,354.8,,,130.67,1
Mustard,2022-23,Lalmonirhat,2025,1132.0,,,752.12,1
Mustard,2022-23,Madaripur,2025,24039.0,,,11603.3,1
Mustard,2022-23,Magura,2025,11521.25,,,4624.13,1
Mustard,2022-23,Manikganj,2025,6485.48,,,34072.86,1
Mustard,2022-23,Meherpur,2025,10221.0,,,5571.84,1
Mustard,2022-23,Moulvibazar,2025,3832.98,,,2103.7,1
Mustard,2022-23,Munshiganj,2025,6242.6,,,3236.33,1
Mustard,2022-23,Mymensingh,2025,5716.0,,,2786.0,1
Mustard,2022-23,Naogaon,2025,116677.0,,,78479.0,1
Mustard,2022-23,Narail,2025,11258.0,,,4577.7,1
Mustard,2022-23,Narayanganj,2025,1510.52,,,561.18,1
Mustard,2022-23,Narsingdi,2025,3599.77,,,1542.32,1
Mustard,2022-23,Natore,2025,5451.3,,,3283.28,1
Mustard,2022-23,Netrakona,2025,6499.0,,,2998.0,1
Mustard,2022-23,Nilphamari,2025,7875.13,,,4339.5,1
Mustard,2022-23,Noakhali,2025,238.97,,,77.25,1
Mustard,2022-23,Pabna,2025,45366.0,,,25211.0,1
Mustard,2022-23,Panchagarh,2025,5415.0,,,2908.21,1
Mustard,2022-23,Patuakhali,2025,122.0,,,29.74,1
Mustard,2022-23,Pirojpur,2025,104.0,,,37.0,1
Mustard,2022-23,Rajbari,2025,4216.0,,,2469.75,1
Mustard,2022-23,Rajshahi,2025,47716.0,,,28094.0,1
Mustard,2022-23,Rangamati,2025,410.21,,,180.51,1
Mustard,2022-23,Rangpur,2025,4770.0,,,2403.0,1
Mustard,2022-23,Satkhira,2025,11748.15,,,6909.09,1
Mustard,2022-23,Shariatpur,2025,10478.0,,,4874.0,1
Mustard,2022-23,Sherpur,2025,8295.0,,,4433.0,1
Mustard,2022-23,Sirajganj,2025,131606.0,,,68730.75,1
Mustard,2022-23,Sunamganj,2025,1248.0,,,517.0,1
Mustard,2022-23,Sylhet,2025,1711.5,,,1138.12,1
Mustard,2022-23,Tangail,2025,77876.45,,,34172.31,1
Mustard,2022-23,Thakurgaon,2025,15174.0,,,9043.7,1
Mustard,2023-24,Bagerhat,2025,1450.5,,,605.0,1
Mustard,2023-24,Bandarban,2025,342.0,,,90.02,1
Mustard,2023-24,Barguna,2025,86.0,,,36.0,1
Mustard,2023-24,Barishal,2025,7634.0,,,3552.0,1
Mustard,2023-24,Bhola,2025,2221.0,,,1087.0,1
Mustard,2023-24,Bogura,2025,82750.0,,,53759.0,1
Mustard,2023-24,Brahmanbaria,2025,31864.1,,,15240.6,1
Mustard,2023-24,Chandpur,2025,3851.95,,,3873.3,1
Mustard,2023-24,Chapainababganj,2025,56401.0,,,30767.0,1
Mustard,2023-24,Chattogram,2025,3181.88,,,1271.2,1
Mustard,2023-24,Chuadanga,2025,3919.0,,,2232.2,1
Mustard,2023-24,Cox's Bazar,2025,0.0,,,0.0,1
Mustard,2023-24,Cumilla,2025,7637.6,,,4418.13,1
Mustard,2023-24,Dhaka,2025,24801.0,,,11876.0,1
Mustard,2023-24,Dinajpur,2025,35647.0,,,19396.0,1
Mustard,2023-24,Faridpur,2025,20150.0,,,7533.52,1
Mustard,2023-24,Feni,2025,3047.0,,,1537.63,1
Mustard,2023-24,Gaibandha,2025,3378.0,,,1529.0,1
Mustard,2023-24,Gazipur,2025,4002.17,,,1071.29,1
Mustard,2023-24,Gopalganj,2025,8252.3,,,3107.69,1
Mustard,2023-24,Habiganj,2025,1279.85,,,793.22,1
Mustard,2023-24,Jamalpur,2025,13552.0,,,5486.0,1
Mustard,2023-24,Jashore,2025,29232.0,,,14315.0,1
Mustard,2023-24,Jhalokati,2025,553.0,,,212.0,1
Mustard,2023-24,Jhenaidah,2025,6284.2,,,3297.8,1
Mustard,2023-24,Joypurhat,2025,22054.0,,,16343.0,1
Mustard,2023-24,Khagrachhari,2025,411.51,,,196.72,1
Mustard,2023-24,Khulna,2025,1045.45,,,434.7,1
Mustard,2023-24,Kishoreganj,2025,2488.31,,,1102.98,1
Mustard,2023-24,Kurigram,2025,10404.0,,,5231.0,1
Mustard,2023-24,Kushtia,2025,8922.0,,,6212.0,1
Mustard,2023-24,Lakshmipur,2025,354.8,,,130.36,1
Mustard,2023-24,Lalmonirhat,2025,1134.0,,,759.0,1
Mustard,2023-24,Madaripur,2025,32561.0,,,15637.3,1
Mustard,2023-24,Magura,2025,17811.0,,,8700.82,1
Mustard,2023-24,Manikganj,2025,72699.75,,,40864.13,1
Mustard,2023-24,Meherpur,2025,10508.0,,,5771.01,1
Mustard,2023-24,Moulvibazar,2025,4967.22,,,2773.67,1
Mustard,2023-24,Munshiganj,2025,6372.2,,,3307.68,1
Mustard,2023-24,Mymensingh,2025,7220.0,,,3663.0,1
Mustard,2023-24,Naogaon,2025,164385.0,,,109078.0,1
Mustard,2023-24,Narail,2025,11269.0,,,4611.0,1
Mustard,2023-24,Narayanganj,2025,1506.94,,,559.97,1
Mustard,2023-24,Narsingdi,2025,3595.53,,,1538.97,1
Mustard,2023-24,Natore,2025,5591.0,,,3393.0,1
Mustard,2023-24,Netrakona,2025,6689.0,,,3361.0,1
Mustard,2023-24,Nilphamari,2025,7798.0,,,4449.0,1
Mustard,2023-24,Noakhali,2025,244.53,,,82.86,1
Mustard,2023-24,Pabna,2025,46039.0,,,28776.0,1
Mustard,2023-24,Panchagarh,2025,7213.0,,,3990.6,1
Mustard,2023-24,Patuakhali,2025,134.0,,,39.0,1
Mustard,2023-24,Pirojpur,2025,105.0,,,35.0,1
Mustard,2023-24,Rajbari,2025,4253.0,,,2486.06,1
Mustard,2023-24,Rajshahi,2025,53606.0,,,33097.0,1
Mustard,2023-24,Rangamati,2025,403.73,,,177.39,1
Mustard,2023-24,Rangpur,2025,4784.0,,,2408.0,1
Mustard,2023-24,Satkhira,2025,11742.13,,,7133.92,1
Mustard,2023-24,Shariatpur,2025,10497.0,,,4943.0,1
Mustard,2023-24,Sherpur,2025,8297.0,,,4439.0,1
Mustard,2023-24,Sirajganj,2025,140519.0,,,75371.0,1
Mustard,2023-24,Sunamganj,2025,1247.0,,,516.0,1
Mustard,2023-24,Sylhet,2025,2526.7,,,1352.65,1
Mustard,2023-24,Tangail,2025,85842.83,,,38571.74,1
Mustard,2023-24,Thakurgaon,2025,15304.0,,,9121.0,1
Mustard,2024-25,Bagerhat,2025,1448.0,,,607.84,1
Mustard,2024-25,Bandarban,2025,341.4,,,89.87,1
Mustard,2024-25,Barguna,2025,91.0,,,41.0,1
Mustard,2024-25,Barishal,2025,7747.0,,,3658.0,1
Mustard,2024-25,Bhola,2025,2216.0,,,1097.0,1
Mustard,2024-25,Bogura,2025,79751.0,,,50090.0,1
Mustard,2024-25,Brahmanbaria,2025,30875.5,,,13505.63,1
Mustard,2024-25,Chandpur,2025,3849.15,,,3875.3,1
Mustard,2024-25,Chapainababganj,2025,53038.0,,,27361.0,1
Mustard,2024-25,Chattogram,2025,3181.64,,,1272.59,1
Mustard,2024-25,Chuadanga,2025,3639.0,,,2062.75,1
Mustard,2024-25,Cox's Bazar,2025,0.0,,,0.0,1
Mustard,2024-25,Cumilla,2025,7156.35,,,3524.6,1
Mustard,2024-25,Dhaka,2025,25035.35,,,10202.91,1
Mustard,2024-25,Dinajpur,2025,34398.0,,,20413.0,1
Mustard,2024-25,Faridpur,2025,20091.1,,,7524.68,1
Mustard,2024-25,Feni,2025,3047.7,,,1538.65,1
Mustard,2024-25,Gaibandha,2025,3843.0,,,1824.0,1
Mustard,2024-25,Gazipur,2025,4003.97,,,3877.27,1
Mustard,2024-25,Gopalganj,2025,8269.5,,,3137.28,1
Mustard,2024-25,Habiganj,2025,1343.38,,,863.27,1
Mustard,2024-25,Jamalpur,2025,15641.0,,,6392.0,1
Mustard,2024-25,Jashore,2025,31009.0,,,14816.0,1
Mustard,2024-25,Jhalokati,2025,555.0,,,213.0,1
Mustard,2024-25,Jhenaidah,2025,6315.8,,,3339.38,1
Mustard,2024-25,Joypurhat,2025,18911.0,,,14177.0,1
Mustard,2024-25,Khagrachhari,2025,412.0,,,197.16,1
Mustard,2024-25,Khulna,2025,1016.95,,,431.65,1
Mustard,2024-25,Kishoreganj,2025,2442.1,,,1090.57,1
Mustard,2024-25,Kurigram,2025,10431.0,,,5298.0,1
Mustard,2024-25,Kushtia,2025,7887.0,,,5545.0,1
Mustard,2024-25,Lakshmipur,2025,356.0,,,131.92,1
Mustard,2024-25,Lalmonirhat,2025,1117.0,,,581.0,1
Mustard,2024-25,Madaripur,2025,26072.0,,,12904.23,1
Mustard,2024-25,Magura,2025,15636.73,,,7700.65,1
Mustard,2024-25,Manikganj,2025,72953.0,,,41896.13,1
Mustard,2024-25,Meherpur,2025,10017.0,,,5485.26,1
Mustard,2024-25,Moulvibazar,2025,4972.93,,,2776.45,1
Mustard,2024-25,Munshiganj,2025,6147.88,,,3315.31,1
Mustard,2024-25,Mymensingh,2025,7216.0,,,3665.0,1
Mustard,2024-25,Naogaon,2025,147035.0,,,98958.0,1
Mustard,2024-25,Narail,2025,11270.0,,,4674.0,1
Mustard,2024-25,Narayanganj,2025,1509.4,,,560.97,1
Mustard,2024-25,Narsingdi,2025,3595.69,,,1549.72,1
Mustard,2024-25,Natore,2025,5272.0,,,3209.0,1
Mustard,2024-25,Netrakona,2025,6701.0,,,3376.0,1
Mustard,2024-25,Nilphamari,2025,7897.0,,,4519.0,1
Mustard,2024-25,Noakhali,2025,261.18,,,111.74,1
Mustard,2024-25,Pabna,2025,46208.0,,,30733.0,1
Mustard,2024-25,Panchagarh,2025,6655.0,,,3737.0,1
Mustard,2024-25,Patuakhali,2025,137.0,,,40.0,1
Mustard,2024-25,Pirojpur,2025,108.0,,,38.0,1
Mustard,2024-25,Rajbari,2025,4167.0,,,2452.06,1
Mustard,2024-25,Rajshahi,2025,54028.0,,,33228.0,1
Mustard,2024-25,Rangamati,2025,405.45,,,178.52,1
Mustard,2024-25,Rangpur,2025,4782.0,,,2424.0,1
Mustard,2024-25,Satkhira,2025,11785.81,,,6996.52,1
Mustard,2024-25,Shariatpur,2025,10500.0,,,5129.0,1
Mustard,2024-25,Sherpur,2025,8299.0,,,4442.0,1
Mustard,2024-25,Sirajganj,2025,149730.0,,,97379.0,1
Mustard,2024-25,Sunamganj,2025,1247.0,,,516.0,1
Mustard,2024-25,Sylhet,2025,2695.0,,,1442.8,1
Mustard,2024-25,Tangail,2025,93706.0,,,42821.54,1
Mustard,2024-25,Thakurgaon,2025,15295.0,,,9037.0,1
Onion,2022-23,Bagerhat,2025,335.8,,,757.68,1
Onion,2022-23,Bandarban,2025,137.0,,,208.45,1
Onion,2022-23,Barguna,2025,54.0,,,62.0,1
Onion,2022-23,Barishal,2025,438.0,,,518.0,1
Onion,2022-23,Bhola,2025,1566.0,,,3816.0,1
Onion,2022-23,Bogura,2025,4834.65,,,13499.32,1
Onion,2022-23,Brahmanbaria,2025,950.85,,,2694.57,1
Onion,2022-23,Chandpur,2025,1934.1,,,5135.04,1
Onion,2022-23,Chapainababganj,2025,7433.0,,,34604.44,1
Onion,2022-23,Chattogram,2025,177.7,,,355.04,1
Onion,2022-23,Chuadanga,2025,1820.0,,,10810.2,1
Onion,2022-23,Cox's Bazar,2025,60.26,,,85.57,1
Onion,2022-23,Cumilla,2025,706.79,,,1337.4,1
Onion,2022-23,Dhaka,2025,1146.57,,,4005.87,1
Onion,2022-23,Dinajpur,2025,5378.0,,,18394.0,1
Onion,2022-23,Faridpur,2025,100319.0,,,544979.54,1
Onion,2022-23,Feni,2025,27.5,,,93.5,1
Onion,2022-23,Gaibandha,2025,2947.0,,,9000.42,1
Onion,2022-23,Gazipur,2025,502.48,,,1019.39,1
Onion,2022-23,Gopalganj,2025,4974.8,,,12754.14,1
Onion,2022-23,Habiganj,2025,106.73,,,272.9,1
Onion,2022-23,Jamalpur,2025,3248.0,,,11138.0,1
Onion,2022-23,Jashore,2025,3023.0,,,12853.03,1
Onion,2022-23,Jhalokati,2025,106.0,,,164.0,1
Onion,2022-23,Jhenaidah,2025,18306.0,,,98588.3,1
Onion,2022-23,Joypurhat,2025,1919.7,,,9255.77,1
Onion,2022-23,Khagrachhari,2025,57.9,,,83.71,1
Onion,2022-23,Khulna,2025,290.54,,,890.37,1
Onion,2022-23,Kishoreganj,2025,1359.32,,,4874.74,1
Onion,2022-23,Kurigram,2025,1125.0,,,2826.43,1
Onion,2022-23,Kushtia,2025,27270.0,,,141877.0,1
Onion,2022-23,Lakshmipur,2025,360.57,,,622.0,1
Onion,2022-23,Lalmonirhat,2025,1288.0,,,4152.62,1
Onion,2022-23,Madaripur,2025,9030.0,,,40390.75,1
Onion,2022-23,Magura,2025,16044.0,,,70969.81,1
Onion,2022-23,Manikganj,2025,17062.5,,,59206.15,1
Onion,2022-23,Meherpur,2025,5017.0,,,58208.59,1
Onion,2022-23,Moulvibazar,2025,81.87,,,194.2,1
Onion,2022-23,Munshiganj,2025,484.3,,,1643.27,1
Onion,2022-23,Mymensingh,2025,1340.0,,,4082.0,1
Onion,2022-23,Naogaon,2025,7247.92,,,34066.91,1
Onion,2022-23,Narail,2025,1585.0,,,5155.1,1
Onion,2022-23,Narayanganj,2025,633.88,,,1378.43,1
Onion,2022-23,Narsingdi,2025,333.31,,,658.8,1
Onion,2022-23,Natore,2025,11086.5,,,67776.86,1
Onion,2022-23,Netrakona,2025,711.0,,,2015.0,1
Onion,2022-23,Nilphamari,2025,2660.0,,,11130.0,1
Onion,2022-23,Noakhali,2025,551.3,,,1977.9,1
Onion,2022-23,Pabna,2025,104734.5,,,535401.46,1
Onion,2022-23,Panchagarh,2025,3915.0,,,14999.13,1
Onion,2022-23,Patuakhali,2025,122.0,,,86.0,1
Onion,2022-23,Pirojpur,2025,80.0,,,97.0,1
Onion,2022-23,Rajbari,2025,70120.0,,,366498.0,1
Onion,2022-23,Rajshahi,2025,36003.0,,,248648.95,1
Onion,2022-23,Rangamati,2025,122.47,,,259.69,1
Onion,2022-23,Rangpur,2025,5040.0,,,16983.0,1
Onion,2022-23,Satkhira,2025,984.66,,,3348.99,1
Onion,2022-23,Shariatpur,2025,7378.0,,,31792.0,1
Onion,2022-23,Sherpur,2025,1280.0,,,4106.0,1
Onion,2022-23,Sirajganj,2025,1365.98,,,5340.09,1
Onion,2022-23,Sunamganj,2025,336.0,,,917.0,1
Onion,2022-23,Sylhet,2025,288.0,,,919.0,1
Onion,2022-23,Tangail,2025,2056.48,,,4627.44,1
Onion,2022-23,Thakurgaon,2025,1010.3,,,2387.3,1
Onion,2023-24,Bagerhat,2025,310.5,,,706.01,1
Onion,2023-24,Bandarban,2025,123.8,,,197.41,1
Onion,2023-24,Barguna,2025,51.0,,,51.0,1
Onion,2023-24,Barishal,2025,397.0,,,503.0,1
Onion,2023-24,Bhola,2025,1574.0,,,3862.0,1
Onion,2023-24,Bogura,2025,4825.0,,,14493.91,1
Onion,2023-24,Brahmanbaria,2025,1052.61,,,3005.57,1
Onion,2023-24,Chandpur,2025,1933.52,,,5144.76,1
Onion,2023-24,Chapainababganj,2025,7244.52,,,34287.31,1
Onion,2023-24,Chattogram,2025,145.85,,,352.65,1
Onion,2023-24,Chuadanga,2025,1841.0,,,12072.1,1
Onion,2023-24,Cox's Bazar,2025,56.61,,,70.58,1
Onion,2023-24,Cumilla,2025,351.2,,,1112.4,1
Onion,2023-24,Dhaka,2025,1145.0,,,4000.0,1
Onion,2023-24,Dinajpur,2025,5392.0,,,23938.0,1
Onion,2023-24,Faridpur,2025,100392.0,,,562465.97,1
Onion,2023-24,Feni,2025,28.4,,,99.44,1
Onion,2023-24,Gaibandha,2025,2756.0,,,13016.0,1
Onion,2023-24,Gazipur,2025,508.1,,,1033.85,1
Onion,2023-24,Gopalganj,2025,5032.5,,,13010.57,1
Onion,2023-24,Habiganj,2025,109.97,,,375.4,1
Onion,2023-24,Jamalpur,2025,3785.0,,,13045.0,1
Onion,2023-24,Jashore,2025,3079.0,,,13085.0,1
Onion,2023-24,Jhalokati,2025,97.0,,,157.0,1
Onion,2023-24,Jhenaidah,2025,18400.0,,,100829.8,1
Onion,2023-24,Joypurhat,2025,1802.13,,,8766.38,1
Onion,2023-24,Khagrachhari,2025,54.3,,,66.11,1
Onion,2023-24,Khulna,2025,278.78,,,836.97,1
Onion,2023-24,Kishoreganj,2025,1362.31,,,4892.57,1
Onion,2023-24,Kurigram,2025,1146.0,,,4598.0,1
Onion,2023-24,Kushtia,2025,26497.0,,,157712.0,1
Onion,2023-24,Lakshmipur,2025,360.57,,,622.0,1
Onion,2023-24,Lalmonirhat,2025,1289.0,,,5573.0,1
Onion,2023-24,Madaripur,2025,10117.0,,,45807.51,1
Onion,2023-24,Magura,2025,16076.0,,,75132.92,1
Onion,2023-24,Manikganj,2025,16883.51,,,63766.84,1
Onion,2023-24,Meherpur,2025,5084.0,,,58408.87,1
Onion,2023-24,Moulvibazar,2025,88.75,,,210.73,1
Onion,2023-24,Munshiganj,2025,483.67,,,1611.19,1
Onion,2023-24,Mymensingh,2025,1313.0,,,4025.0,1
Onion,2023-24,Naogaon,2025,8359.51,,,40536.93,1
Onion,2023-24,Narail,2025,1613.0,,,5262.0,1
Onion,2023-24,Narayanganj,2025,642.92,,,1398.72,1
Onion,2023-24,Narsingdi,2025,330.32,,,645.76,1
Onion,2023-24,Natore,2025,11125.24,,,68542.1,1
Onion,2023-24,Netrakona,2025,756.0,,,2582.0,1
Onion,2023-24,Nilphamari,2025,2676.0,,,11465.0,1
Onion,2023-24,Noakhali,2025,563.5,,,2023.79,1
Onion,2023-24,Pabna,2025,107841.0,,,710032.5,1
Onion,2023-24,Panchagarh,2025,4190.0,,,17852.0,1
Onion,2023-24,Patuakhali,2025,133.0,,,155.0,1
Onion,2023-24,Pirojpur,2025,87.0,,,113.0,1
Onion,2023-24,Rajbari,2025,78012.0,,,453662.5,1
Onion,2023-24,Rajshahi,2025,34028.95,,,270933.36,1
Onion,2023-24,Rangamati,2025,130.28,,,282.22,1
Onion,2023-24,Rangpur,2025,5060.0,,,23490.0,1
Onion,2023-24,Satkhira,2025,1034.33,,,3508.05,1
Onion,2023-24,Shariatpur,2025,6993.0,,,30620.0,1
Onion,2023-24,Sherpur,2025,1322.0,,,4266.0,1
Onion,2023-24,Sirajganj,2025,1449.03,,,5836.42,1
Onion,2023-24,Sunamganj,2025,337.0,,,919.0,1
Onion,2023-24,Sylhet,2025,298.75,,,1072.05,1
Onion,2023-24,Tangail,2025,2060.54,,,4651.04,1
Onion,2023-24,Thakurgaon,2025,1016.0,,,4560.0,1
Onion,2024-25,Bagerhat,2025,310.0,,,709.7,1
Onion,2024-25,Bandarban,2025,122.82,,,196.04,1
Onion,2024-25,Barguna,2025,43.0,,,168.0,1
Onion,2024-25,Barishal,2025,411.32,,,1035.9,1
Onion,2024-25,Bhola,2025,1566.0,,,5342.1,1
Onion,2024-25,Bogura,2025,4827.0,,,21430.56,1
Onion,2024-25,Brahmanbaria,2025,1041.1,,,3110.64,1
Onion,2024-25,Chandpur,2025,1930.52,,,8891.67,1
Onion,2024-25,Chapainababganj,2025,7367.22,,,47244.53,1
Onion,2024-25,Chattogram,2025,149.17,,,360.01,1
Onion,2024-25,Chuadanga,2025,1796.0,,,15044.4,1
Onion,2024-25,Cox's Bazar,2025,56.08,,,70.53,1
Onion,2024-25,Cumilla,2025,365.8,,,1147.4,1
Onion,2024-25,Dhaka,2025,1078.04,,,3779.37,1
Onion,2024-25,Dinajpur,2025,5443.0,,,23648.0,1
Onion,2024-25,Faridpur,2025,100408.0,,,565845.1,1
Onion,2024-25,Feni,2025,28.51,,,100.13,1
Onion,2024-25,Gaibandha,2025,2761.0,,,13061.0,1
Onion,2024-25,Gazipur,2025,522.79,,,1128.5,1
Onion,2024-25,Gopalganj,2025,5145.85,,,27532.09,1
Onion,2024-25,Habiganj,2025,117.72,,,400.97,1
Onion,2024-25,Jamalpur,2025,3797.0,,,13134.0,1
Onion,2024-25,Jashore,2025,3150.0,,,13393.0,1
Onion,2024-25,Jhalokati,2025,100.0,,,165.0,1
Onion,2024-25,Jhenaidah,2025,24973.0,,,152555.78,1
Onion,2024-25,Joypurhat,2025,1797.0,,,9162.0,1
Onion,2024-25,Khagrachhari,2025,54.1,,,65.99,1
Onion,2024-25,Khulna,2025,260.0,,,764.16,1
Onion,2024-25,Kishoreganj,2025,1227.24,,,4141.4,1
Onion,2024-25,Kurigram,2025,1166.0,,,5063.0,1
Onion,2024-25,Kushtia,2025,26799.0,,,180120.0,1
Onion,2024-25,Lakshmipur,2025,376.5,,,656.95,1
Onion,2024-25,Lalmonirhat,2025,1302.0,,,4936.0,1
Onion,2024-25,Madaripur,2025,10172.0,,,53902.13,1
Onion,2024-25,Magura,2025,16229.0,,,82929.49,1
Onion,2024-25,Manikganj,2025,16212.2,,,85429.88,1
Onion,2024-25,Meherpur,2025,5237.0,,,63780.9,1
Onion,2024-25,Moulvibazar,2025,87.37,,,206.97,1
Onion,2024-25,Munshiganj,2025,491.31,,,1642.65,1
Onion,2024-25,Mymensingh,2025,1316.0,,,4033.0,1
Onion,2024-25,Naogaon,2025,8773.0,,,44946.0,1
Onion,2024-25,Narail,2025,1619.0,,,5291.0,1
Onion,2024-25,Narayanganj,2025,643.97,,,1414.61,1
Onion,2024-25,Narsingdi,2025,330.93,,,846.52,1
Onion,2024-25,Natore,2025,14704.67,,,101738.74,1
Onion,2024-25,Netrakona,2025,768.0,,,2384.0,1
Onion,2024-25,Nilphamari,2025,2675.0,,,11560.0,1
Onion,2024-25,Noakhali,2025,568.2,,,2044.08,1
Onion,2024-25,Pabna,2025,108590.0,,,758889.8,1
Onion,2024-25,Panchagarh,2025,4504.0,,,19891.0,1
Onion,2024-25,Patuakhali,2025,204.0,,,593.0,1
Onion,2024-25,Pirojpur,2025,95.0,,,219.0,1
Onion,2024-25,Rajbari,2025,80513.0,,,471799.95,1
Onion,2024-25,Rajshahi,2025,41549.1,,,298417.65,1
Onion,2024-25,Rangamati,2025,130.52,,,283.63,1
Onion,2024-25,Rangpur,2025,5124.0,,,24845.0,1
Onion,2024-25,Satkhira,2025,1061.69,,,3471.0,1
Onion,2024-25,Shariatpur,2025,7144.0,,,32364.0,1
Onion,2024-25,Sherpur,2025,1323.0,,,4274.0,1
Onion,2024-25,Sirajganj,2025,1453.0,,,6091.0,1
Onion,2024-25,Sunamganj,2025,328.0,,,901.0,1
Onion,2024-25,Sylhet,2025,307.0,,,1102.0,1
Onion,2024-25,Tangail,2025,1933.0,,,7144.1,1
Onion,2024-25,Thakurgaon,2025,1019.0,,,4591.0,1
Potato,2023-24,Bagerhat,2025,866.0,350.0,17.74,6217.0,1
Potato,2023-24,Bandarban,2025,1340.0,542.0,9.13,4953.0,1
Potato,2023-24,Barguna,2025,2291.0,927.0,22.37,20745.0,1
Potato,2023-24,Barishal,2025,929.0,376.0,24.56,9235.0,1
Potato,2023-24,Bhola,2025,12802.0,5181.0,21.32,110444.0,1
Potato,2023-24,Bogura,2025,133044.0,53842.0,22.046,1187023.0,1
Potato,2023-24,Brahmanbaria,2025,3184.0,1288.0,17.53,22586.0,1
Potato,2023-24,Chandpur,2025,18584.0,7521.0,27.26,205021.0,1
Potato,2023-24,Chapainababganj,2025,2674.0,1082.0,17.966,19442.0,1
Potato,2023-24,Chattogram,2025,9534.0,3858.0,14.35,55377.0,1
Potato,2023-24,Chuadanga,2025,4316.0,1747.0,21.87,38206.0,1
Potato,2023-24,Cox's Bazar,2025,3843.0,1555.0,16.16,25129.0,1
Potato,2023-24,Cumilla,2025,23768.0,9619.0,25.49,245154.0,1
Potato,2023-24,Dhaka,2025,2163.0,875.0,20.06,17556.0,1
Potato,2023-24,Dinajpur,2025,115990.0,46941.0,24.3,1140675.0,1
Potato,2023-24,Faridpur,2025,231.0,93.0,17.35,1619.0,1
Potato,2023-24,Feni,2025,858.0,347.0,18.01,6253.0,1
Potato,2023-24,Gaibandha,2025,26083.0,10556.0,23.052,243325.0,1
Potato,2023-24,Gazipur,2025,503.0,203.0,13.37,2719.0,1
Potato,2023-24,Gopalganj,2025,521.0,211.0,26.36,5554.0,1
Potato,2023-24,Habiganj,2025,4356.0,1763.0,14.506,25574.0,1
Potato,2023-24,Jamalpur,2025,11186.0,4527.0,23.035,104277.0,1
Potato,2023-24,Jashore,2025,3133.0,1268.0,24.03,30467.0,1
Potato,2023-24,Jhalokati,2025,971.0,393.0,17.09,6716.0,1
Potato,2023-24,Jhenaidah,2025,3269.0,1323.0,24.02,31780.0,1
Potato,2023-24,Joypurhat,2025,95673.0,38718.0,25.647,993026.0,1
Potato,2023-24,Khagrachhari,2025,1706.0,690.0,14.34,9899.0,1
Potato,2023-24,Khulna,2025,1413.0,572.0,19.06,10903.0,1
Potato,2023-24,Kishoreganj,2025,13466.0,5450.0,20.86,113706.0,1
Potato,2023-24,Kurigram,2025,17442.0,7059.0,24.036,169662.0,1
Potato,2023-24,Kushtia,2025,2854.0,1155.0,20.74,23950.0,1
Potato,2023-24,Lakshmipur,2025,208.0,84.0,16.25,1368.0,1
Potato,2023-24,Lalmonirhat,2025,14984.0,6064.0,23.461,142267.0,1
Potato,2023-24,Madaripur,2025,700.0,283.0,25.07,7100.0,1
Potato,2023-24,Magura,2025,123.0,50.0,27.7,1377.0,1
Potato,2023-24,Manikganj,2025,3936.0,1593.0,19.8,31544.0,1
Potato,2023-24,Meherpur,2025,2361.0,955.0,22.67,21661.0,1
Potato,2023-24,Moulvibazar,2025,5116.0,2070.0,14.648,30328.0,1
Potato,2023-24,Munshiganj,2025,84518.0,34204.0,28.18,964023.0,1
Potato,2023-24,Mymensingh,2025,9741.0,3942.0,12.324,48582.0,1
Potato,2023-24,Naogaon,2025,50533.0,20450.0,18.444,377187.0,1
Potato,2023-24,Narail,2025,130.0,52.0,13.07,685.0,1
Potato,2023-24,Narayanganj,2025,5952.0,2409.0,23.97,57729.0,1
Potato,2023-24,Narsingdi,2025,4037.0,1634.0,12.71,20766.0,1
Potato,2023-24,Natore,2025,1765.0,714.0,21.574,15410.0,1
Potato,2023-24,Netrakona,2025,5216.0,2111.0,12.51,26408.0,1
Potato,2023-24,Nilphamari,2025,54289.0,21970.0,21.428,470782.0,1
Potato,2023-24,Noakhali,2025,623.0,252.0,21.77,5490.0,1
Potato,2023-24,Pabna,2025,1958.0,792.0,14.367,11384.0,1
Potato,2023-24,Panchagarh,2025,24250.0,9814.0,19.94,195689.0,1
Potato,2023-24,Patuakhali,2025,1635.0,662.0,19.88,13154.0,1
Potato,2023-24,Pirojpur,2025,2309.0,934.0,20.65,19292.0,1
Potato,2023-24,Rajbari,2025,276.0,112.0,20.35,2273.0,1
Potato,2023-24,Rajshahi,2025,87286.0,35324.0,26.382,931926.0,1
Potato,2023-24,Rangamati,2025,794.0,321.0,11.98,3850.0,1
Potato,2023-24,Rangpur,2025,129675.0,52479.0,25.274,1326345.0,1
Potato,2023-24,Satkhira,2025,4802.0,1943.0,18.63,36195.0,1
Potato,2023-24,Shariatpur,2025,6161.0,2493.0,30.02,74852.0,1
Potato,2023-24,Sherpur,2025,12622.0,5108.0,16.457,84066.0,1
Potato,2023-24,Sirajganj,2025,6942.0,2809.0,14.772,41498.0,1
Potato,2023-24,Sunamganj,2025,3515.0,1423.0,16.948,24109.0,1
Potato,2023-24,Sylhet,2025,3230.0,1307.0,14.039,18352.0,1
Potato,2023-24,Tangail,2025,9967.0,4034.0,13.02,52500.0,1
Potato,2023-24,Thakurgaon,2025,70550.0,28551.0,22.969,655801.0,1
Potato,2024-25,Bagerhat,2025,927.0,375.0,19.428,7285.0,1
Potato,2024-25,Bandarban,2025,1343.0,543.0,9.357,5085.0,1
Potato,2024-25,Barguna,2025,2213.0,896.0,24.369,21824.0,1
Potato,2024-25,Barishal,2025,835.0,338.0,24.414,8249.0,1
Potato,2024-25,Bhola,2025,12045.0,4875.0,20.821,101495.0,1
Potato,2024-25,Bogura,2025,139999.0,56657.0,20.803,1178604.0,1
Potato,2024-25,Brahmanbaria,2025,3114.0,1260.0,21.074,26557.0,1
Potato,2024-25,Chandpur,2025,18722.0,7577.0,25.307,191746.0,1
Potato,2024-25,Chapainababganj,2025,2815.0,1139.0,19.193,21861.0,1
Potato,2024-25,Chattogram,2025,8936.0,3616.0,16.108,58253.0,1
Potato,2024-25,Chuadanga,2025,4984.0,2017.0,22.645,45675.0,1
Potato,2024-25,Cox's Bazar,2025,3913.0,1584.0,16.803,26609.0,1
Potato,2024-25,Cumilla,2025,24463.0,9900.0,25.86,256012.0,1
Potato,2024-25,Dhaka,2025,2049.0,829.0,20.488,16989.0,1
Potato,2024-25,Dinajpur,2025,132351.0,53562.0,24.436,1308808.0,1
Potato,2024-25,Faridpur,2025,230.0,93.0,26.126,2428.0,1
Potato,2024-25,Feni,2025,859.0,348.0,17.599,6117.0,1
Potato,2024-25,Gaibandha,2025,35052.0,14185.0,25.879,367101.0,1
Potato,2024-25,Gazipur,2025,509.0,206.0,14.496,2986.0,1
Potato,2024-25,Gopalganj,2025,520.0,210.0,26.932,5667.0,1
Potato,2024-25,Habiganj,2025,4395.0,1779.0,15.414,27416.0,1
Potato,2024-25,Jamalpur,2025,12489.0,5054.0,20.207,102131.0,1
Potato,2024-25,Jashore,2025,3285.0,1329.0,23.856,31715.0,1
Potato,2024-25,Jhalokati,2025,972.0,393.0,19.038,7489.0,1
Potato,2024-25,Jhenaidah,2025,3192.0,1292.0,24.256,31334.0,1
Potato,2024-25,Joypurhat,2025,105893.0,42854.0,25.934,1111364.0,1
Potato,2024-25,Khagrachhari,2025,1714.0,694.0,13.077,9071.0,1
Potato,2024-25,Khulna,2025,1385.0,560.0,19.266,10796.0,1
Potato,2024-25,Kishoreganj,2025,13847.0,5604.0,19.391,108659.0,1
Potato,2024-25,Kurigram,2025,16051.0,6496.0,24.524,159302.0,1
Potato,2024-25,Kushtia,2025,2585.0,1046.0,20.729,21685.0,1
Potato,2024-25,Lakshmipur,2025,233.0,94.0,17.525,1652.0,1
Potato,2024-25,Lalmonirhat,2025,17536.0,7097.0,23.783,168781.0,1
Potato,2024-25,Madaripur,2025,676.0,274.0,25.13,6875.0,1
Potato,2024-25,Magura,2025,121.0,49.0,28.006,1369.0,1
Potato,2024-25,Manikganj,2025,4250.0,1720.0,20.923,35986.0,1
Potato,2024-25,Meherpur,2025,2400.0,971.0,23.185,22519.0,1
Potato,2024-25,Moulvibazar,2025,5697.0,2306.0,17.428,40182.0,1
Potato,2024-25,Munshiganj,2025,85474.0,34591.0,29.346,1015095.0,1
Potato,2024-25,Mymensingh,2025,9802.0,3967.0,13.166,52229.0,1
Potato,2024-25,Naogaon,2025,63795.0,25817.0,19.778,510607.0,1
Potato,2024-25,Narail,2025,132.0,53.0,12.903,689.0,1
Potato,2024-25,Narayanganj,2025,5948.0,2407.0,26.072,62759.0,1
Potato,2024-25,Narsingdi,2025,4041.0,1636.0,14.995,24525.0,1
Potato,2024-25,Natore,2025,1901.0,769.0,20.643,15883.0,1
Potato,2024-25,Netrakona,2025,7030.0,2845.0,12.508,35586.0,1
Potato,2024-25,Nilphamari,2025,57141.0,23125.0,21.763,503268.0,1
Potato,2024-25,Noakhali,2025,631.0,256.0,22.034,5630.0,1
Potato,2024-25,Pabna,2025,1557.0,630.0,16.224,10223.0,1
Potato,2024-25,Panchagarh,2025,36647.0,14831.0,20.327,301473.0,1
Potato,2024-25,Patuakhali,2025,1566.0,634.0,21.717,13763.0,1
Potato,2024-25,Pirojpur,2025,2536.0,1026.0,20.517,21057.0,1
Potato,2024-25,Rajbari,2025,263.0,106.0,20.721,2205.0,1
Potato,2024-25,Rajshahi,2025,92380.0,37386.0,26.34,984755.0,1
Potato,2024-25,Rangamati,2025,799.0,323.0,12.554,4061.0,1
Potato,2024-25,Rangpur,2025,142268.0,57575.0,25.626,1475432.0,1
Potato,2024-25,Satkhira,2025,4400.0,1780.0,17.89,31852.0,1
Potato,2024-25,Shariatpur,2025,3408.0,1379.0,30.727,42376.0,1
Potato,2024-25,Sherpur,2025,13597.0,5503.0,16.901,93000.0,1
Potato,2024-25,Sirajganj,2025,7193.0,2911.0,14.558,42379.0,1
Potato,2024-25,Sunamganj,2025,4158.0,1683.0,16.342,27499.0,1
Potato,2024-25,Sylhet,2025,3064.0,1240.0,15.733,19506.0,1
Potato,2024-25,Tangail,2025,9602.0,3886.0,15.176,58971.0,1
Potato,2024-25,Thakurgaon,2025,70997.0,28732.0,23.01,661115.0,1
Sugarcane,2022-23,Bagerhat,2025,585.0,,,6214.47,1
Sugarcane,2022-23,Bandarban,2025,220.8,,,912.76,1
Sugarcane,2022-23,Barguna,2025,118.0,,,375.0,1
Sugarcane,2022-23,Barishal,2025,1174.0,,,4265.0,1
Sugarcane,2022-23,Bhola,2025,981.0,,,6880.0,1
Sugarcane,2022-23,Bogura,2025,268.28,,,5650.26,1
Sugarcane,2022-23,Brahmanbaria,2025,44.0,,,263.83,1
Sugarcane,2022-23,Chandpur,2025,1399.44,,,15395.39,1
Sugarcane,2022-23,Chapainababganj,2025,3526.0,,,60219.37,1
Sugarcane,2022-23,Chattogram,2025,1846.44,,,16859.19,1
Sugarcane,2022-23,Chuadanga,2025,4796.5,,,117972.7,1
Sugarcane,2022-23,Cox's Bazar,2025,493.9,,,2967.56,1
Sugarcane,2022-23,Cumilla,2025,907.9,,,5524.19,1
Sugarcane,2022-23,Dhaka,2025,124.23,,,1155.37,1
Sugarcane,2022-23,Dinajpur,2025,3520.5,,,47474.23,1
Sugarcane,2022-23,Faridpur,2025,5954.14,,,89084.0,1
Sugarcane,2022-23,Feni,2025,210.5,,,3500.3,1
Sugarcane,2022-23,Gaibandha,2025,5407.19,,,115120.0,1
Sugarcane,2022-23,Gazipur,2025,2884.41,,,24771.4,1
Sugarcane,2022-23,Gopalganj,2025,625.3,,,9078.09,1
Sugarcane,2022-23,Habiganj,2025,2293.34,,,36847.13,1
Sugarcane,2022-23,Jamalpur,2025,9913.0,,,204309.0,1
Sugarcane,2022-23,Jashore,2025,826.0,,,15270.37,1
Sugarcane,2022-23,Jhalokati,2025,304.0,,,3240.0,1
Sugarcane,2022-23,Jhenaidah,2025,2515.0,,,58806.3,1
Sugarcane,2022-23,Joypurhat,2025,2236.4,,,44887.12,1
Sugarcane,2022-23,Khagrachhari,2025,651.2,,,5899.46,1
Sugarcane,2022-23,Khulna,2025,91.75,,,1210.0,1
Sugarcane,2022-23,Kishoreganj,2025,48.6,,,509.19,1
Sugarcane,2022-23,Kurigram,2025,634.7,,,8518.08,1
Sugarcane,2022-23,Kushtia,2025,7901.0,,,159414.0,1
Sugarcane,2022-23,Lakshmipur,2025,319.1,,,4318.2,1
Sugarcane,2022-23,Lalmonirhat,2025,293.4,,,3856.06,1
Sugarcane,2022-23,Madaripur,2025,1009.0,,,18519.7,1
Sugarcane,2022-23,Magura,2025,244.3,,,3279.43,1
Sugarcane,2022-23,Manikganj,2025,3460.05,,,69211.87,1
Sugarcane,2022-23,Meherpur,2025,428.0,,,8953.68,1
Sugarcane,2022-23,Moulvibazar,2025,108.0,,,864.46,1
Sugarcane,2022-23,Munshiganj,2025,501.95,,,6265.55,1
Sugarcane,2022-23,Mymensingh,2025,5181.0,,,80888.0,1
Sugarcane,2022-23,Naogaon,2025,657.97,,,13794.87,1
Sugarcane,2022-23,Narail,2025,1728.0,,,27231.64,1
Sugarcane,2022-23,Narayanganj,2025,121.88,,,647.58,1
Sugarcane,2022-23,Narsingdi,2025,198.5,,,2514.03,1
Sugarcane,2022-23,Natore,2025,51405.3,,,928965.37,1
Sugarcane,2022-23,Netrakona,2025,57.0,,,878.0,1
Sugarcane,2022-23,Nilphamari,2025,278.1,,,5760.12,1
Sugarcane,2022-23,Noakhali,2025,217.41,,,2359.91,1
Sugarcane,2022-23,Pabna,2025,7905.0,,,150627.0,1
Sugarcane,2022-23,Panchagarh,2025,1619.0,,,17417.9,1
Sugarcane,2022-23,Patuakhali,2025,71.0,,,302.0,1
Sugarcane,2022-23,Pirojpur,2025,327.0,,,2301.0,1
Sugarcane,2022-23,Rajbari,2025,2415.0,,,41763.0,1
Sugarcane,2022-23,Rajshahi,2025,12755.0,,,226012.39,1
Sugarcane,2022-23,Rangamati,2025,518.12,,,7356.67,1
Sugarcane,2022-23,Rangpur,2025,964.0,,,21089.0,1
Sugarcane,2022-23,Satkhira,2025,285.21,,,5852.13,1
Sugarcane,2022-23,Shariatpur,2025,1018.0,,,14754.0,1
Sugarcane,2022-23,Sherpur,2025,231.0,,,5059.0,1
Sugarcane,2022-23,Sirajganj,2025,2083.7,,,37356.51,1
Sugarcane,2022-23,Sunamganj,2025,184.0,,,3190.0,1
Sugarcane,2022-23,Sylhet,2025,21.5,,,153.3,1
Sugarcane,2022-23,Tangail,2025,2857.71,,,48737.9,1
Sugarcane,2022-23,Thakurgaon,2025,10323.17,,,149672.8,1
Sugarcane,2023-24,Bagerhat,2025,597.5,,,6323.65,1
Sugarcane,2023-24,Bandarban,2025,221.1,,,914.26,1
Sugarcane,2023-24,Barguna,2025,114.0,,,327.0,1
Sugarcane,2023-24,Barishal,2025,1023.0,,,4057.0,1
Sugarcane,2023-24,Bhola,2025,967.0,,,7174.0,1
Sugarcane,2023-24,Bogura,2025,238.28,,,4869.34,1
Sugarcane,2023-24,Brahmanbaria,2025,42.0,,,250.05,1
Sugarcane,2023-24,Chandpur,2025,1337.02,,,13149.96,1
Sugarcane,2023-24,Chapainababganj,2025,3550.02,,,61042.43,1
Sugarcane,2023-24,Chattogram,2025,1847.59,,,17602.29,1
Sugarcane,2023-24,Chuadanga,2025,4783.0,,,121352.76,1
Sugarcane,2023-24,Cox's Bazar,2025,477.72,,,2980.67,1
Sugarcane,2023-24,Cumilla,2025,908.95,,,5523.27,1
Sugarcane,2023-24,Dhaka,2025,121.23,,,1132.39,1
Sugarcane,2023-24,Dinajpur,2025,2521.0,,,39161.0,1
Sugarcane,2023-24,Faridpur,2025,6007.3,,,89268.2,1
Sugarcane,2023-24,Feni,2025,186.5,,,2603.0,1
Sugarcane,2023-24,Gaibandha,2025,5360.0,,,114079.0,1
Sugarcane,2023-24,Gazipur,2025,2792.73,,,23901.09,1
Sugarcane,2023-24,Gopalganj,2025,618.4,,,8923.24,1
Sugarcane,2023-24,Habiganj,2025,2073.55,,,33265.92,1
Sugarcane,2023-24,Jamalpur,2025,9764.0,,,202790.0,1
Sugarcane,2023-24,Jashore,2025,824.54,,,15461.66,1
Sugarcane,2023-24,Jhalokati,2025,305.0,,,3243.0,1
Sugarcane,2023-24,Jhenaidah,2025,2677.0,,,61389.3,1
Sugarcane,2023-24,Joypurhat,2025,2233.56,,,45310.25,1
Sugarcane,2023-24,Khagrachhari,2025,654.43,,,5933.46,1
Sugarcane,2023-24,Khulna,2025,90.75,,,1216.15,1
Sugarcane,2023-24,Kishoreganj,2025,48.38,,,513.9,1
Sugarcane,2023-24,Kurigram,2025,630.0,,,8967.0,1
Sugarcane,2023-24,Kushtia,2025,7080.0,,,163142.0,1
Sugarcane,2023-24,Lakshmipur,2025,321.0,,,4331.53,1
Sugarcane,2023-24,Lalmonirhat,2025,295.4,,,4005.0,1
Sugarcane,2023-24,Madaripur,2025,1020.43,,,18096.31,1
Sugarcane,2023-24,Magura,2025,249.82,,,3402.37,1
Sugarcane,2023-24,Manikganj,2025,3047.0,,,60552.55,1
Sugarcane,2023-24,Meherpur,2025,381.0,,,8024.11,1
Sugarcane,2023-24,Moulvibazar,2025,91.43,,,713.8,1
Sugarcane,2023-24,Munshiganj,2025,494.5,,,6199.85,1
Sugarcane,2023-24,Mymensingh,2025,5197.0,,,81063.0,1
Sugarcane,2023-24,Naogaon,2025,581.73,,,12320.6,1
Sugarcane,2023-24,Narail,2025,1737.0,,,27379.05,1
Sugarcane,2023-24,Narayanganj,2025,121.56,,,640.59,1
Sugarcane,2023-24,Narsingdi,2025,147.91,,,1744.99,1
Sugarcane,2023-24,Natore,2025,51506.13,,,932006.42,1
Sugarcane,2023-24,Netrakona,2025,60.0,,,926.0,1
Sugarcane,2023-24,Nilphamari,2025,278.0,,,4914.96,1
Sugarcane,2023-24,Noakhali,2025,218.37,,,2393.97,1
Sugarcane,2023-24,Pabna,2025,7675.0,,,149044.08,1
Sugarcane,2023-24,Panchagarh,2025,1342.0,,,14320.0,1
Sugarcane,2023-24,Patuakhali,2025,70.0,,,298.0,1
Sugarcane,2023-24,Pirojpur,2025,328.0,,,2305.0,1
Sugarcane,2023-24,Rajbari,2025,2339.0,,,39484.0,1
Sugarcane,2023-24,Rajshahi,2025,12271.34,,,218312.99,1
Sugarcane,2023-24,Rangamati,2025,513.62,,,7214.72,1
Sugarcane,2023-24,Rangpur,2025,946.0,,,20647.0,1
Sugarcane,2023-24,Satkhira,2025,275.89,,,5656.24,1
Sugarcane,2023-24,Shariatpur,2025,920.0,,,15114.0,1
Sugarcane,2023-24,Sherpur,2025,230.0,,,5034.0,1
Sugarcane,2023-24,Sirajganj,2025,1287.97,,,22614.91,1
Sugarcane,2023-24,Sunamganj,2025,184.0,,,3189.0,1
Sugarcane,2023-24,Sylhet,2025,25.2,,,203.5,1
Sugarcane,2023-24,Tangail,2025,2830.49,,,48670.91,1
Sugarcane,2023-24,Thakurgaon,2025,10263.0,,,147004.0,1
Sugarcane,2024-25,Bagerhat,2025,585.5,,,6199.03,1
Sugarcane,2024-25,Bandarban,2025,222.0,,,918.28,1
Sugarcane,2024-25,Barguna,2025,105.0,,,1390.0,1
Sugarcane,2024-25,Barishal,2025,996.0,,,7352.0,1
Sugarcane,2024-25,Bhola,2025,989.0,,,18190.0,1
Sugarcane,2024-25,Bogura,2025,250.13,,,5375.82,1
Sugarcane,2024-25,Brahmanbaria,2025,43.0,,,255.35,1
Sugarcane,2024-25,Chandpur,2025,1337.15,,,13168.43,1
Sugarcane,2024-25,Chapainababganj,2025,3561.07,,,66002.1,1
Sugarcane,2024-25,Chattogram,2025,1753.06,,,17138.93,1
Sugarcane,2024-25,Chuadanga,2025,4744.0,,,122585.03,1
Sugarcane,2024-25,Cox's Bazar,2025,469.9,,,2955.79,1
Sugarcane,2024-25,Cumilla,2025,909.54,,,5525.03,1
Sugarcane,2024-25,Dhaka,2025,120.01,,,1125.89,1
Sugarcane,2024-25,Dinajpur,2025,2470.0,,,36982.0,1
Sugarcane,2024-25,Faridpur,2025,5994.0,,,89222.23,1
Sugarcane,2024-25,Feni,2025,187.0,,,2603.5,1
Sugarcane,2024-25,Gaibandha,2025,5364.0,,,114109.0,1
Sugarcane,2024-25,Gazipur,2025,2785.71,,,23818.46,1
Sugarcane,2024-25,Gopalganj,2025,621.01,,,8887.29,1
Sugarcane,2024-25,Habiganj,2025,1958.0,,,32969.75,1
Sugarcane,2024-25,Jamalpur,2025,9715.0,,,200502.0,1
Sugarcane,2024-25,Jashore,2025,819.9,,,15379.51,1
Sugarcane,2024-25,Jhalokati,2025,305.0,,,4982.0,1
Sugarcane,2024-25,Jhenaidah,2025,2439.0,,,58336.27,1
Sugarcane,2024-25,Joypurhat,2025,2238.6,,,43586.2,1
Sugarcane,2024-25,Khagrachhari,2025,654.0,,,5864.3,1
Sugarcane,2024-25,Khulna,2025,91.85,,,1248.99,1
Sugarcane,2024-25,Kishoreganj,2025,48.64,,,520.65,1
Sugarcane,2024-25,Kurigram,2025,605.0,,,8664.0,1
Sugarcane,2024-25,Kushtia,2025,6646.0,,,156668.0,1
Sugarcane,2024-25,Lakshmipur,2025,323.5,,,4352.65,1
Sugarcane,2024-25,Lalmonirhat,2025,296.0,,,4323.0,1
Sugarcane,2024-25,Madaripur,2025,927.32,,,16039.77,1
Sugarcane,2024-25,Magura,2025,243.52,,,3296.43,1
Sugarcane,2024-25,Manikganj,2025,2727.25,,,54032.16,1
Sugarcane,2024-25,Meherpur,2025,384.0,,,8121.53,1
Sugarcane,2024-25,Moulvibazar,2025,95.15,,,742.22,1
Sugarcane,2024-25,Munshiganj,2025,518.74,,,6457.63,1
Sugarcane,2024-25,Mymensingh,2025,5192.0,,,80993.0,1
Sugarcane,2024-25,Naogaon,2025,538.3,,,11232.13,1
Sugarcane,2024-25,Narail,2025,1733.0,,,26254.0,1
Sugarcane,2024-25,Narayanganj,2025,121.6,,,640.95,1
Sugarcane,2024-25,Narsingdi,2025,303.72,,,3469.52,1
Sugarcane,2024-25,Natore,2025,51302.97,,,946650.82,1
Sugarcane,2024-25,Netrakona,2025,68.0,,,901.0,1
Sugarcane,2024-25,Nilphamari,2025,295.0,,,5254.0,1
Sugarcane,2024-25,Noakhali,2025,204.0,,,2189.22,1
Sugarcane,2024-25,Pabna,2025,7570.0,,,148087.56,1
Sugarcane,2024-25,Panchagarh,2025,1102.0,,,11540.0,1
Sugarcane,2024-25,Patuakhali,2025,165.0,,,2770.0,1
Sugarcane,2024-25,Pirojpur,2025,343.0,,,3278.0,1
Sugarcane,2024-25,Rajbari,2025,2351.0,,,39496.0,1
Sugarcane,2024-25,Rajshahi,2025,12526.01,,,217184.0,1
Sugarcane,2024-25,Rangamati,2025,513.86,,,7217.47,1
Sugarcane,2024-25,Rangpur,2025,952.0,,,20283.0,1
Sugarcane,2024-25,Satkhira,2025,281.7,,,5793.2,1
Sugarcane,2024-25,Shariatpur,2025,773.0,,,13037.0,1
Sugarcane,2024-25,Sherpur,2025,229.0,,,5026.0,1
Sugarcane,2024-25,Sirajganj,2025,1136.6,,,23321.93,1
Sugarcane,2024-25,Sunamganj,2025,182.0,,,3150.0,1
Sugarcane,2024-25,Sylhet,2025,23.8,,,200.3,1
Sugarcane,2024-25,Tangail,2025,2039.99,,,26364.51,1
Sugarcane,2024-25,Thakurgaon,2025,10270.0,,,148244.0,1
Wheat,2023-24,Bagerhat,2025,382.5,155.0,2.81,435.0,1
Wheat,2023-24,Bandarban,2025,0.0,0.0,0.0,0.0,1
Wheat,2023-24,Barguna,2025,0.0,0.0,0.0,0.0,1
Wheat,2023-24,Barishal,2025,938.0,380.0,2.992,1136.0,1
Wheat,2023-24,Bhola,2025,7879.0,3189.0,4.166,13285.0,1
Wheat,2023-24,Bogura,2025,5246.94,2123.0,2.892,6141.0,1
Wheat,2023-24,Brahmanbaria,2025,2164.0,876.0,2.87,2514.0,1
Wheat,2023-24,Chandpur,2025,142.0,57.0,2.799,160.0,1
Wheat,2023-24,Chapainababganj,2025,66012.0,26715.0,4.239,113239.0,1
Wheat,2023-24,Chattogram,2025,124.0,50.0,3.838,193.0,1
Wheat,2023-24,Chuadanga,2025,2145.0,868.0,3.877,3365.0,1
Wheat,2023-24,Cox's Bazar,2025,0.0,0.0,0.0,0.0,1
Wheat,2023-24,Cumilla,2025,1208.0,489.0,2.8,1369.0,1
Wheat,2023-24,Dhaka,2025,164.0,66.0,3.229,214.0,1
Wheat,2023-24,Dinajpur,2025,6947.0,2811.0,3.411,9589.0,1
Wheat,2023-24,Faridpur,2025,47482.0,19216.0,3.95,75912.0,1
Wheat,2023-24,Feni,2025,171.0,69.0,1.626,113.0,1
Wheat,2023-24,Gaibandha,2025,8025.0,3248.0,3.089,10032.0,1
Wheat,2023-24,Gazipur,2025,60.17,60.17,21.45,1.978,1
Wheat,2023-24,Gopalganj,2025,12701.0,5140.0,3.111,15991.0,1
Wheat,2023-24,Habiganj,2025,521.0,211.0,2.918,615.0,1
Wheat,2023-24,Jamalpur,2025,6372.0,2579.0,2.888,7448.0,1
Wheat,2023-24,Jashore,2025,3234.0,1309.0,3.823,5004.0,1
Wheat,2023-24,Jhalokati,2025,371.0,150.0,2.826,424.0,1
Wheat,2023-24,Jhenaidah,2025,12910.0,5225.0,3.906,20408.0,1
Wheat,2023-24,Joypurhat,2025,5583.0,2259.0,3.235,7310.0,1
Wheat,2023-24,Khagrachhari,2025,0.0,0.0,0.0,0.0,1
Wheat,2023-24,Khulna,2025,517.0,209.0,3.071,642.0,1
Wheat,2023-24,Kishoreganj,2025,2686.7,1087.0,2.778,3021.0,1
Wheat,2023-24,Kurigram,2025,17830.0,7216.0,3.307,23860.0,1
Wheat,2023-24,Kushtia,2025,30810.0,12469.0,4.185,52178.0,1
Wheat,2023-24,Lakshmipur,2025,234.0,95.0,4.353,412.0,1
Wheat,2023-24,Lalmonirhat,2025,2338.0,946.0,3.555,3364.0,1
Wheat,2023-24,Madaripur,2025,12661.0,12661.0,36.75,3.39,1
Wheat,2023-24,Magura,2025,13312.0,5387.0,3.409,18365.0,1
Wheat,2023-24,Manikganj,2025,752.9,305.0,3.164,964.0,1
Wheat,2023-24,Meherpur,2025,32117.0,12998.0,4.535,58947.0,1
Wheat,2023-24,Moulvibazar,2025,101.0,41.0,2.83,116.0,1
Wheat,2023-24,Munshiganj,2025,63.2,26.0,3.413,87.0,1
Wheat,2023-24,Mymensingh,2025,4191.0,1696.0,3.265,5537.0,1
Wheat,2023-24,Naogaon,2025,41375.0,16744.0,3.604,60340.0,1
Wheat,2023-24,Narail,2025,4132.0,1672.0,3.148,5264.0,1
Wheat,2023-24,Narayanganj,2025,67.31,27.0,2.963,81.0,1
Wheat,2023-24,Narsingdi,2025,179.97,73.0,2.332,170.0,1
Wheat,2023-24,Natore,2025,61454.0,24870.0,4.123,102552.0,1
Wheat,2023-24,Netrakona,2025,1713.0,693.0,3.088,2141.0,1
Wheat,2023-24,Nilphamari,2025,9862.0,3991.0,3.203,12782.0,1
Wheat,2023-24,Noakhali,2025,58.0,24.0,2.521,59.0,1
Wheat,2023-24,Pabna,2025,63806.0,25822.0,3.359,86741.0,1
Wheat,2023-24,Panchagarh,2025,47733.0,19317.0,3.953,76363.0,1
Wheat,2023-24,Patuakhali,2025,0.0,0.0,0.0,0.0,1
Wheat,2023-24,Pirojpur,2025,59.0,24.0,3.567,85.0,1
Wheat,2023-24,Rajbari,2025,27727.0,11221.0,3.471,38946.0,1
Wheat,2023-24,Rajshahi,2025,57849.25,23411.0,3.776,88396.0,1
Wheat,2023-24,Rangamati,2025,0.0,0.0,0.0,0.0,1
Wheat,2023-24,Rangpur,2025,4042.0,1636.0,3.272,5353.0,1
Wheat,2023-24,Satkhira,2025,1513.0,613.0,3.141,1924.0,1
Wheat,2023-24,Shariatpur,2025,10539.0,4265.0,3.327,14190.0,1
Wheat,2023-24,Sherpur,2025,2109.0,853.0,3.312,2826.0,1
Wheat,2023-24,Sirajganj,2025,11499.24,4654.0,3.406,15849.0,1
Wheat,2023-24,Sunamganj,2025,926.0,375.0,3.575,1340.0,1
Wheat,2023-24,Sylhet,2025,504.0,204.0,2.454,500.0,1
Wheat,2023-24,Tangail,2025,10070.0,4076.0,2.902,11826.0,1
Wheat,2023-24,Thakurgaon,2025,104226.0,42180.0,3.905,164707.0,1
Wheat,2024-25,Bagerhat,2025,370.0,150.0,2.599,389.0,1
Wheat,2024-25,Bandarban,2025,0.0,0.0,0.0,0.0,1
Wheat,2024-25,Barguna,2025,0.0,0.0,0.0,0.0,1
Wheat,2024-25,Barishal,2025,1140.0,461.0,2.246,1036.0,1
Wheat,2024-25,Bhola,2025,7985.0,3231.0,3.222,10410.0,1
Wheat,2024-25,Bogura,2025,3697.0,1496.0,3.141,4700.0,1
Wheat,2024-25,Brahmanbaria,2025,2077.0,841.0,2.332,1960.0,1
Wheat,2024-25,Chandpur,2025,123.0,50.0,2.575,128.0,1
Wheat,2024-25,Chapainababganj,2025,75851.0,30696.0,4.29,131702.0,1
Wheat,2024-25,Chattogram,2025,117.0,47.0,2.418,114.0,1
Wheat,2024-25,Chuadanga,2025,2170.0,878.0,3.593,3156.0,1
Wheat,2024-25,Cox's Bazar,2025,0.0,0.0,0.0,0.0,1
Wheat,2024-25,Cumilla,2025,1225.0,496.0,2.703,1340.0,1
Wheat,2024-25,Dhaka,2025,148.0,60.0,2.444,146.0,1
Wheat,2024-25,Dinajpur,2025,6075.0,2459.0,3.033,7457.0,1
Wheat,2024-25,Faridpur,2025,47011.0,19025.0,3.344,63615.0,1
Wheat,2024-25,Feni,2025,128.0,52.0,2.727,141.0,1
Wheat,2024-25,Gaibandha,2025,7274.0,2944.0,3.292,9691.0,1
Wheat,2024-25,Gazipur,2025,48.0,55.0,19.27,1.659,1
Wheat,2024-25,Gopalganj,2025,12001.0,4857.0,2.857,13878.0,1
Wheat,2024-25,Habiganj,2025,503.0,204.0,3.592,731.0,1
Wheat,2024-25,Jamalpur,2025,4126.0,1670.0,2.73,4559.0,1
Wheat,2024-25,Jashore,2025,3009.0,1218.0,3.802,4630.0,1
Wheat,2024-25,Jhalokati,2025,379.0,153.0,2.712,416.0,1
Wheat,2024-25,Jhenaidah,2025,11522.0,4663.0,3.669,17108.0,1
Wheat,2024-25,Joypurhat,2025,4046.0,1637.0,3.292,5390.0,1
Wheat,2024-25,Khagrachhari,2025,0.0,0.0,0.0,0.0,1
Wheat,2024-25,Khulna,2025,266.0,108.0,2.865,308.0,1
Wheat,2024-25,Kishoreganj,2025,2532.0,1025.0,2.193,2247.0,1
Wheat,2024-25,Kurigram,2025,13543.0,5481.0,3.808,20873.0,1
Wheat,2024-25,Kushtia,2025,29734.0,12033.0,3.694,44451.0,1
Wheat,2024-25,Lakshmipur,2025,217.0,88.0,2.589,227.0,1
Wheat,2024-25,Lalmonirhat,2025,1663.0,673.0,3.229,2173.0,1
Wheat,2024-25,Madaripur,2025,17368.0,12952.0,34.61,2.979,1
Wheat,2024-25,Magura,2025,12722.0,5149.0,3.284,16909.0,1
Wheat,2024-25,Manikganj,2025,757.0,306.0,2.971,910.0,1
Wheat,2024-25,Meherpur,2025,31154.0,12608.0,4.093,51598.0,1
Wheat,2024-25,Moulvibazar,2025,156.0,63.0,2.59,163.0,1
Wheat,2024-25,Munshiganj,2025,65.0,26.0,2.963,78.0,1
Wheat,2024-25,Mymensingh,2025,4390.0,1777.0,3.002,5333.0,1
Wheat,2024-25,Naogaon,2025,42761.0,17305.0,3.981,68885.0,1
Wheat,2024-25,Narail,2025,4277.0,1731.0,2.924,5061.0,1
Wheat,2024-25,Narayanganj,2025,60.0,24.0,3.046,74.0,1
Wheat,2024-25,Narsingdi,2025,177.0,72.0,2.16,155.0,1
Wheat,2024-25,Natore,2025,54257.0,21958.0,4.153,91184.0,1
Wheat,2024-25,Netrakona,2025,1529.0,619.0,2.416,1495.0,1
Wheat,2024-25,Nilphamari,2025,7273.0,2943.0,3.318,9766.0,1
Wheat,2024-25,Noakhali,2025,139.0,56.0,1.968,111.0,1
Wheat,2024-25,Pabna,2025,59170.0,23946.0,3.147,75348.0,1
Wheat,2024-25,Panchagarh,2025,36272.0,14679.0,4.118,60453.0,1
Wheat,2024-25,Patuakhali,2025,100.0,40.0,2.005,81.0,1
Wheat,2024-25,Pirojpur,2025,61.0,25.0,2.381,59.0,1
Wheat,2024-25,Rajbari,2025,26163.0,10588.0,3.196,33836.0,1
Wheat,2024-25,Rajshahi,2025,58096.0,23511.0,4.093,96220.0,1
Wheat,2024-25,Rangamati,2025,0.0,0.0,0.0,0.0,1
Wheat,2024-25,Rangpur,2025,3683.0,1490.0,3.722,5548.0,1
Wheat,2024-25,Satkhira,2025,1256.0,508.0,2.764,1405.0,1
Wheat,2024-25,Shariatpur,2025,11037.0,4467.0,3.062,13678.0,1
Wheat,2024-25,Sherpur,2025,2114.0,856.0,2.796,2392.0,1
Wheat,2024-25,Sirajganj,2025,11256.0,4555.0,3.835,17470.0,1
Wheat,2024-25,Sunamganj,2025,923.0,374.0,3.33,1244.0,1
Wheat,2024-25,Sylhet,2025,645.0,261.0,2.479,647.0,1
Wheat,2024-25,Tangail,2025,10262.0,4153.0,2.512,10434.0,1
Wheat,2024-25,Thakurgaon,2025,61030.0,24699.0,4.127,101929.0,1
