crop,crop_year,district,edition,area_acres,area_ha,yield_mt_per_ha,production_mt,n_tables
Aman,2022-23,Bagerhat,2024,151514.0,61330.0,2.33,142871.0,1
Aman,2022-23,Bandarban,2024,25564.0,10350.0,2.843,29428.0,1
Aman,2022-23,Barguna,2024,237570.0,96164.0,2.254,216769.0,1
Aman,2022-23,Barishal,2024,289636.0,117234.0,2.05,240372.0,1
Aman,2022-23,Bhola,2024,400988.0,162335.0,2.829,459308.0,1
Aman,2022-23,Bogura,2024,446251.0,180595.0,3.078,555785.0,1
Aman,2022-23,Brahmanbaria,2024,156514.0,63360.0,2.704,171344.0,1
Aman,2022-23,Chandpur,2024,104179.0,42161.0,1.752,73872.0,1
Aman,2022-23,Chapainababganj,2024,131146.0,53074.0,3.23,171431.0,1
Aman,2022-23,Chattogram,2024,438057.0,177341.0,2.563,454439.0,1
Aman,2022-23,Chuadanga,2024,82299.0,33319.0,2.967,98857.0,1
Aman,2022-23,Cox's Bazar,2024,183778.0,74403.0,2.906,216224.0,1
Aman,2022-23,Cumilla,2024,322108.0,130401.0,2.485,324040.0,1
Aman,2022-23,Dhaka,2024,19716.0,7980.0,1.763,14072.0,1
Aman,2022-23,Dinajpur,2024,641304.0,259532.0,2.82,731951.0,1
Aman,2022-23,Faridpur,2024,199851.0,80906.0,2.826,228663.0,1
Aman,2022-23,Feni,2024,163014.0,65995.0,3.037,200407.0,1
Aman,2022-23,Gaibandha,2024,314879.0,127430.0,2.548,324723.0,1
Aman,2022-23,Gazipur,2024,108581.0,43958.0,2.512,110417.0,1
Aman,2022-23,Gopalganj,2024,54636.0,22115.0,1.786,39488.0,1
Aman,2022-23,Habiganj,2024,218068.0,88251.0,2.655,234315.0,1
Aman,2022-23,Jamalpur,2024,273420.0,110652.0,2.55,282125.0,1
Aman,2022-23,Jashore,2024,346394.0,140240.0,2.896,406070.0,1
Aman,2022-23,Jhalokati,2024,114470.0,46330.0,2.133,98815.0,1
Aman,2022-23,Jhenaidah,2024,255067.0,103266.0,3.351,346087.0,1
Aman,2022-23,Joypurhat,2024,165021.0,66783.0,2.915,194686.0,1
Aman,2022-23,Khagrachhari,2024,67706.0,27411.0,3.279,89872.0,1
Aman,2022-23,Khulna,2024,241281.0,97674.0,2.606,254569.0,1
Aman,2022-23,Kishoreganj,2024,191379.0,77480.0,2.954,228851.0,1
Aman,2022-23,Kurigram,2024,296358.0,119934.0,2.913,349358.0,1
Aman,2022-23,Kushtia,2024,216289.0,87566.0,3.095,271055.0,1
Aman,2022-23,Lakshmipur,2024,187771.0,76018.0,2.706,205715.0,1
Aman,2022-23,Lalmonirhat,2024,211057.0,85448.0,3.116,266260.0,1
Aman,2022-23,Madaripur,2024,61800.0,25014.0,2.088,52219.0,1
Aman,2022-23,Magura,2024,151884.0,61491.0,2.747,168913.0,1
Aman,2022-23,Manikganj,2024,89077.0,36053.0,1.456,52506.0,1
Aman,2022-23,Meherpur,2024,63448.0,25687.0,3.06,78605.0,1
Aman,2022-23,Moulvibazar,2024,250602.0,101417.0,3.048,309089.0,1
Aman,2022-23,Munshiganj,2024,47943.0,19402.0,1.048,20341.0,1
Aman,2022-23,Mymensingh,2024,644049.0,260643.0,2.656,692344.0,1
Aman,2022-23,Naogaon,2024,486779.0,197076.0,2.77,545877.0,1
Aman,2022-23,Narail,2024,101308.0,41013.0,2.7,110718.0,1
Aman,2022-23,Narayanganj,2024,15278.0,6184.0,1.569,9700.0,1
Aman,2022-23,Narsingdi,2024,94209.0,38139.0,2.691,102648.0,1
Aman,2022-23,Natore,2024,215033.0,87058.0,2.774,241485.0,1
Aman,2022-23,Netrakona,2024,323714.0,131005.0,2.788,365289.0,1
Aman,2022-23,Nilphamari,2024,279346.0,113050.0,2.792,315608.0,1
Aman,2022-23,Noakhali,2024,394742.0,159801.0,2.714,433644.0,1
Aman,2022-23,Pabna,2024,217338.0,87955.0,2.22,195233.0,1
Aman,2022-23,Panchagarh,2024,246800.0,99879.0,3.17,316596.0,1
Aman,2022-23,Patuakhali,2024,463738.0,187714.0,2.076,389671.0,1
Aman,2022-23,Pirojpur,2024,151716.0,61402.0,1.59,97603.0,1
Aman,2022-23,Rajbari,2024,114711.0,46440.0,2.608,121113.0,1
Aman,2022-23,Rajshahi,2024,192334.0,77837.0,3.282,255478.0,1
Aman,2022-23,Rangamati,2024,24096.0,9755.0,2.907,28356.0,1
Aman,2022-23,Rangpur,2024,407781.0,165027.0,2.791,460590.0,1
Aman,2022-23,Satkhira,2024,213415.0,86403.0,3.093,267282.0,1
Aman,2022-23,Shariatpur,2024,33178.0,13428.0,1.608,21590.0,1
Aman,2022-23,Sherpur,2024,225853.0,91401.0,2.536,231791.0,1
Aman,2022-23,Sirajganj,2024,207590.0,84045.0,2.797,235034.0,1
Aman,2022-23,Sunamganj,2024,200865.0,81289.0,2.793,227024.0,1
Aman,2022-23,Sylhet,2024,350212.0,141729.0,2.73,386865.0,1
Aman,2022-23,Tangail,2024,280262.0,113452.0,2.303,261291.0,1
Aman,2022-23,Thakurgaon,2024,338380.0,136996.0,2.917,399653.0,1
Aman,2023-24,Bagerhat,2024,167981.0,67981.0,2.515,170959.0,1
Aman,2023-24,Bandarban,2024,25953.0,10503.0,3.003,31546.0,1
Aman,2023-24,Barguna,2024,233055.0,94316.0,2.394,225756.0,1
Aman,2023-24,Barishal,2024,285074.0,115368.0,2.272,262079.0,1
Aman,2023-24,Bhola,2024,417441.0,168936.0,2.983,503897.0,1
Aman,2023-24,Bogura,2024,444256.0,179788.0,3.161,568321.0,1
Aman,2023-24,Brahmanbaria,2024,178007.0,72039.0,2.638,190038.0,1
Aman,2023-24,Chandpur,2024,104001.0,42089.0,2.225,93646.0,1
Aman,2023-24,Chapainababganj,2024,132965.0,53810.0,3.328,179072.0,1
Aman,2023-24,Chattogram,2024,439574.0,177893.0,2.913,518250.0,1
Aman,2023-24,Chuadanga,2024,89260.0,36123.0,3.149,113752.0,1
Aman,2023-24,Cox's Bazar,2024,185551.0,75092.0,3.108,233416.0,1
Aman,2023-24,Cumilla,2024,317209.0,128373.0,2.847,365438.0,1
Aman,2023-24,Dhaka,2024,19706.0,7975.0,1.889,15065.0,1
Aman,2023-24,Dinajpur,2024,640543.0,259224.0,3.01,780378.0,1
Aman,2023-24,Faridpur,2024,200658.0,81205.0,3.008,244276.0,1
Aman,2023-24,Feni,2024,163406.0,66130.0,3.107,205436.0,1
Aman,2023-24,Gaibandha,2024,314202.0,127156.0,2.856,363144.0,1
Aman,2023-24,Gazipur,2024,103013.0,41689.0,2.943,122702.0,1
Aman,2023-24,Gopalganj,2024,61544.0,24907.0,2.201,54812.0,1
Aman,2023-24,Habiganj,2024,223781.0,90563.0,3.01,272564.0,1
Aman,2023-24,Jamalpur,2024,275315.0,111418.0,3.134,349220.0,1
Aman,2023-24,Jashore,2024,343202.0,138892.0,3.027,420397.0,1
Aman,2023-24,Jhalokati,2024,111489.0,45119.0,2.208,99603.0,1
Aman,2023-24,Jhenaidah,2024,255165.0,103264.0,3.453,356574.0,1
Aman,2023-24,Joypurhat,2024,165358.0,66919.0,3.088,206671.0,1
Aman,2023-24,Khagrachhari,2024,67710.0,27402.0,3.315,90838.0,1
Aman,2023-24,Khulna,2024,238629.0,96572.0,2.818,272108.0,1
Aman,2023-24,Kishoreganj,2024,179444.0,72620.0,3.128,227134.0,1
Aman,2023-24,Kurigram,2024,296768.0,120100.0,3.135,376512.0,1
Aman,2023-24,Kushtia,2024,216391.0,87572.0,3.247,284346.0,1
Aman,2023-24,Lakshmipur,2024,187858.0,76025.0,2.859,217373.0,1
Aman,2023-24,Lalmonirhat,2024,213445.0,86380.0,3.198,276232.0,1
Aman,2023-24,Madaripur,2024,65714.0,26594.0,2.26,60105.0,1
Aman,2023-24,Magura,2024,152771.0,61826.0,2.994,185077.0,1
Aman,2023-24,Manikganj,2024,89942.0,36399.0,1.548,56340.0,1
Aman,2023-24,Meherpur,2024,63846.0,25838.0,3.207,82868.0,1
Aman,2023-24,Moulvibazar,2024,252060.0,102007.0,3.187,325077.0,1
Aman,2023-24,Munshiganj,2024,48509.0,19631.0,1.171,22990.0,1
Aman,2023-24,Mymensingh,2024,624410.0,252695.0,2.834,716181.0,1
Aman,2023-24,Naogaon,2024,481000.0,194666.0,2.996,583283.0,1
Aman,2023-24,Narail,2024,104343.0,42227.0,2.964,125164.0,1
Aman,2023-24,Narayanganj,2024,14009.0,5670.0,1.659,9406.0,1
Aman,2023-24,Narsingdi,2024,95854.0,38792.0,2.938,113961.0,1
Aman,2023-24,Natore,2024,217885.0,88177.0,2.942,259457.0,1
Aman,2023-24,Netrakona,2024,306223.0,123927.0,2.993,370957.0,1
Aman,2023-24,Nilphamari,2024,279503.0,113113.0,3.201,362111.0,1
Aman,2023-24,Noakhali,2024,395487.0,160051.0,2.761,441874.0,1
Aman,2023-24,Pabna,2024,221456.0,89622.0,2.362,211690.0,1
Aman,2023-24,Panchagarh,2024,246567.0,99784.0,3.312,330507.0,1
Aman,2023-24,Patuakhali,2024,465365.0,188331.0,2.307,434422.0,1
Aman,2023-24,Pirojpur,2024,148931.0,60272.0,1.827,110111.0,1
Aman,2023-24,Rajbari,2024,124202.0,50264.0,3.056,153592.0,1
Aman,2023-24,Rajshahi,2024,197835.0,80063.0,3.327,266347.0,1
Aman,2023-24,Rangamati,2024,23819.0,9639.0,2.967,28602.0,1
Aman,2023-24,Rangpur,2024,409266.0,165628.0,3.171,525225.0,1
Aman,2023-24,Satkhira,2024,214115.0,86651.0,3.185,275977.0,1
Aman,2023-24,Shariatpur,2024,36074.0,14599.0,1.839,26850.0,1
Aman,2023-24,Sherpur,2024,241422.0,97702.0,2.788,272353.0,1
Aman,2023-24,Sirajganj,2024,208971.0,84569.0,2.975,251635.0,1
Aman,2023-24,Sunamganj,2024,196288.0,79437.0,2.941,233650.0,1
Aman,2023-24,Sylhet,2024,352321.0,142582.0,2.874,409740.0,1
Aman,2023-24,Tangail,2024,294897.0,119343.0,2.496,297873.0,1
Aman,2023-24,Thakurgaon,2024,339058.0,137215.0,3.07,421282.0,1
Aus,2022-23,Bagerhat,2024,8818.0,3569.0,2.506,8944.0,1
Aus,2022-23,Bandarban,2024,29969.0,12128.0,2.015,24434.0,1
Aus,2022-23,Barguna,2024,121081.0,49001.0,2.315,113461.0,1
Aus,2022-23,Barishal,2024,30186.0,12216.0,2.023,24711.0,1
Aus,2022-23,Bhola,2024,202984.0,82146.0,2.552,209628.0,1
Aus,2022-23,Bogura,2024,38964.0,15769.0,2.786,43924.0,1
Aus,2022-23,Brahmanbaria,2024,24301.0,9834.0,3.061,30106.0,1
Aus,2022-23,Chandpur,2024,25930.0,10494.0,2.373,24902.0,1
Aus,2022-23,Chapainababganj,2024,103068.0,41711.0,3.111,129767.0,1
Aus,2022-23,Chattogram,2024,89909.0,36386.0,2.894,105284.0,1
Aus,2022-23,Chuadanga,2024,94846.0,38384.0,2.8,107485.0,1
Aus,2022-23,Cox's Bazar,2024,5989.0,2424.0,3.407,8257.0,1
Aus,2022-23,Cumilla,2024,184517.0,74673.0,2.821,210647.0,1
Aus,2022-23,Dhaka,2024,1785.0,723.0,2.661,1923.0,1
Aus,2022-23,Dinajpur,2024,25595.0,10358.0,2.767,28662.0,1
Aus,2022-23,Faridpur,2024,15024.0,6080.0,1.985,12072.0,1
Aus,2022-23,Feni,2024,25886.0,10476.0,2.222,23277.0,1
Aus,2022-23,Gaibandha,2024,32769.0,13261.0,2.776,36814.0,1
Aus,2022-23,Gazipur,2024,3485.0,1410.0,3.246,4578.0,1
Aus,2022-23,Gopalganj,2024,5243.0,2122.0,2.361,5009.0,1
Aus,2022-23,Habiganj,2024,107676.0,43576.0,2.682,116877.0,1
Aus,2022-23,Jamalpur,2024,9032.0,3655.0,2.245,8207.0,1
Aus,2022-23,Jashore,2024,36404.0,14732.0,3.247,47832.0,1
Aus,2022-23,Jhalokati,2024,27012.0,10932.0,2.731,29857.0,1
Aus,2022-23,Jhenaidah,2024,89379.0,36171.0,3.271,118305.0,1
Aus,2022-23,Joypurhat,2024,540.0,219.0,2.73,597.0,1
Aus,2022-23,Khagrachhari,2024,7880.0,3189.0,2.129,6789.0,1
Aus,2022-23,Khulna,2024,8558.0,3463.0,1.825,6322.0,1
Aus,2022-23,Kishoreganj,2024,58507.0,23677.0,2.774,65691.0,1
Aus,2022-23,Kurigram,2024,14391.0,5824.0,2.758,16064.0,1
Aus,2022-23,Kushtia,2024,64602.0,26144.0,2.913,76160.0,1
Aus,2022-23,Lakshmipur,2024,51486.0,20836.0,2.594,54045.0,1
Aus,2022-23,Lalmonirhat,2024,28162.0,11397.0,2.952,33639.0,1
Aus,2022-23,Madaripur,2024,3112.0,1259.0,2.015,2537.0,1
Aus,2022-23,Magura,2024,13043.0,5278.0,2.077,10961.0,1
Aus,2022-23,Manikganj,2024,7198.0,2913.0,2.584,7527.0,1
Aus,2022-23,Meherpur,2024,49866.0,20180.0,2.558,51616.0,1
Aus,2022-23,Moulvibazar,2024,103726.0,41977.0,2.968,124606.0,1
Aus,2022-23,Munshiganj,2024,435.0,176.0,2.389,420.0,1
Aus,2022-23,Mymensingh,2024,46783.0,18933.0,2.776,52563.0,1
Aus,2022-23,Naogaon,2024,136971.0,55431.0,3.062,169744.0,1
Aus,2022-23,Narail,2024,19789.0,8008.0,2.094,16772.0,1
Aus,2022-23,Narayanganj,2024,4662.0,1887.0,2.112,3985.0,1
Aus,2022-23,Narsingdi,2024,2760.0,1117.0,2.654,2964.0,1
Aus,2022-23,Natore,2024,23025.0,9318.0,2.774,25852.0,1
Aus,2022-23,Netrakona,2024,696.0,282.0,2.599,732.0,1
Aus,2022-23,Nilphamari,2024,3916.0,1585.0,2.878,4561.0,1
Aus,2022-23,Noakhali,2024,89402.0,36180.0,2.561,92642.0,1
Aus,2022-23,Pabna,2024,50582.0,20470.0,2.228,45611.0,1
Aus,2022-23,Panchagarh,2024,6084.0,2462.0,2.768,6816.0,1
Aus,2022-23,Patuakhali,2024,47602.0,19264.0,2.069,39859.0,1
Aus,2022-23,Pirojpur,2024,33206.0,13438.0,2.371,31864.0,1
Aus,2022-23,Rajbari,2024,6862.0,2777.0,2.054,5703.0,1
Aus,2022-23,Rajshahi,2024,112671.0,45597.0,3.259,148600.0,1
Aus,2022-23,Rangamati,2024,13630.0,5516.0,1.682,9277.0,1
Aus,2022-23,Rangpur,2024,57276.0,23179.0,2.935,68030.0,1
Aus,2022-23,Satkhira,2024,15588.0,6308.0,2.915,18387.0,1
Aus,2022-23,Shariatpur,2024,20855.0,8440.0,2.486,20980.0,1
Aus,2022-23,Sherpur,2024,8852.0,3582.0,2.614,9366.0,1
Aus,2022-23,Sirajganj,2024,15046.0,6089.0,2.327,14170.0,1
Aus,2022-23,Sunamganj,2024,35250.0,14265.0,2.937,41899.0,1
Aus,2022-23,Sylhet,2024,64006.0,25903.0,2.916,75533.0,1
Aus,2022-23,Tangail,2024,5258.0,2128.0,2.087,4441.0,1
Aus,2022-23,Thakurgaon,2024,50276.0,20346.0,2.893,58871.0,1
Aus,2023-24,Bagerhat,2024,8859.0,3585.0,2.903,10408.0,1
Aus,2023-24,Bandarban,2024,30231.0,12234.0,2.148,26281.0,1
Aus,2023-24,Barguna,2024,106300.0,43019.0,2.416,103919.0,1
Aus,2023-24,Barishal,2024,21266.0,8606.0,2.24,19281.0,1
Aus,2023-24,Bhola,2024,179246.0,72540.0,2.63,190784.0,1
Aus,2023-24,Bogura,2024,32157.0,13014.0,3.148,40965.0,1
Aus,2023-24,Brahmanbaria,2024,37814.0,15303.0,3.096,47383.0,1
Aus,2023-24,Chandpur,2024,28733.0,11628.0,2.807,32637.0,1
Aus,2023-24,Chapainababganj,2024,100478.0,40663.0,3.048,123942.0,1
Aus,2023-24,Chattogram,2024,85702.0,34683.0,2.99,103713.0,1
Aus,2023-24,Chuadanga,2024,105508.0,42699.0,3.046,130075.0,1
Aus,2023-24,Cox's Bazar,2024,6272.0,2538.0,3.403,8636.0,1
Aus,2023-24,Cumilla,2024,194346.0,78651.0,2.986,234839.0,1
Aus,2023-24,Dhaka,2024,1587.0,642.0,2.836,1821.0,1
Aus,2023-24,Dinajpur,2024,25733.0,10414.0,3.031,31563.0,1
Aus,2023-24,Faridpur,2024,14208.0,5750.0,2.018,11602.0,1
Aus,2023-24,Feni,2024,19580.0,7924.0,2.516,19940.0,1
Aus,2023-24,Gaibandha,2024,35021.0,14173.0,2.945,41741.0,1
Aus,2023-24,Gazipur,2024,3412.0,1381.0,3.406,4703.0,1
Aus,2023-24,Gopalganj,2024,3820.0,1546.0,2.626,4060.0,1
Aus,2023-24,Habiganj,2024,88827.0,35948.0,2.88,103522.0,1
Aus,2023-24,Jamalpur,2024,9428.0,3815.0,3.073,11727.0,1
Aus,2023-24,Jashore,2024,36390.0,14727.0,3.268,48125.0,1
Aus,2023-24,Jhalokati,2024,29444.0,11916.0,2.707,32254.0,1
Aus,2023-24,Jhenaidah,2024,104986.0,42487.0,3.252,138179.0,1
Aus,2023-24,Joypurhat,2024,548.0,222.0,2.873,637.0,1
Aus,2023-24,Khagrachhari,2024,7341.0,2971.0,2.21,6565.0,1
Aus,2023-24,Khulna,2024,11068.0,4479.0,1.907,8543.0,1
Aus,2023-24,Kishoreganj,2024,42595.0,17238.0,2.927,50455.0,1
Aus,2023-24,Kurigram,2024,17019.0,6887.0,3.095,21318.0,1
Aus,2023-24,Kushtia,2024,75377.0,30505.0,2.968,90530.0,1
Aus,2023-24,Lakshmipur,2024,41658.0,16859.0,2.527,42601.0,1
Aus,2023-24,Lalmonirhat,2024,28526.0,11544.0,3.304,38141.0,1
Aus,2023-24,Madaripur,2024,3284.0,1329.0,2.1,2792.0,1
Aus,2023-24,Magura,2024,14593.0,5906.0,2.469,14579.0,1
Aus,2023-24,Manikganj,2024,8464.0,3425.0,2.618,8969.0,1
Aus,2023-24,Meherpur,2024,48705.0,19711.0,3.14,61882.0,1
Aus,2023-24,Moulvibazar,2024,53096.0,21488.0,3.025,65001.0,1
Aus,2023-24,Munshiganj,2024,736.0,298.0,2.165,645.0,1
Aus,2023-24,Mymensingh,2024,43857.0,17749.0,2.905,51568.0,1
Aus,2023-24,Naogaon,2024,142595.0,57707.0,3.052,176146.0,1
Aus,2023-24,Narail,2024,22042.0,8920.0,2.29,20428.0,1
Aus,2023-24,Narayanganj,2024,5049.0,2043.0,2.201,4497.0,1
Aus,2023-24,Narsingdi,2024,3055.0,1236.0,2.683,3318.0,1
Aus,2023-24,Natore,2024,25391.0,10276.0,3.017,31002.0,1
Aus,2023-24,Netrakona,2024,1197.0,484.0,2.888,1399.0,1
Aus,2023-24,Nilphamari,2024,4507.0,1824.0,3.173,5787.0,1
Aus,2023-24,Noakhali,2024,85354.0,34542.0,2.489,85988.0,1
Aus,2023-24,Pabna,2024,55598.0,22500.0,2.553,57452.0,1
Aus,2023-24,Panchagarh,2024,6772.0,2741.0,3.105,8510.0,1
Aus,2023-24,Patuakhali,2024,48432.0,19600.0,2.284,44758.0,1
Aus,2023-24,Pirojpur,2024,40352.0,16330.0,2.39,39023.0,1
Aus,2023-24,Rajbari,2024,6519.0,2638.0,2.092,5520.0,1
Aus,2023-24,Rajshahi,2024,110198.0,44596.0,3.367,150171.0,1
Aus,2023-24,Rangamati,2024,12859.0,5204.0,1.732,9016.0,1
Aus,2023-24,Rangpur,2024,62022.0,25100.0,3.197,80247.0,1
Aus,2023-24,Satkhira,2024,15451.0,6253.0,3.036,18986.0,1
Aus,2023-24,Shariatpur,2024,32148.0,13010.0,2.462,32029.0,1
Aus,2023-24,Sherpur,2024,7153.0,2895.0,2.778,8043.0,1
Aus,2023-24,Sirajganj,2024,15701.0,6354.0,2.437,15487.0,1
Aus,2023-24,Sunamganj,2024,32303.0,13073.0,3.202,41856.0,1
Aus,2023-24,Sylhet,2024,61851.0,25031.0,3.135,78474.0,1
Aus,2023-24,Tangail,2024,6758.0,2735.0,2.308,6311.0,1
Aus,2023-24,Thakurgaon,2024,47376.0,19173.0,3.237,62064.0,1
Boro,2022-23,Bagerhat,2024,146660.0,59352.0,4.647,275830.0,1
Boro,2022-23,Bandarban,2024,15137.0,6126.0,3.909,23948.0,1
Boro,2022-23,Barguna,2024,19790.0,8009.0,3.161,25317.0,1
Boro,2022-23,Barishal,2024,127353.0,51560.0,4.16,214468.0,1
Boro,2022-23,Bhola,2024,98567.0,39890.0,4.196,167366.0,1
Boro,2022-23,Bogura,2024,462608.0,187215.0,4.129,773052.0,1
Boro,2022-23,Brahmanbaria,2024,274737.0,111184.0,3.95,439170.0,1
Boro,2022-23,Chandpur,2024,155580.0,62962.0,3.372,212331.0,1
Boro,2022-23,Chapainababganj,2024,127018.0,51424.0,4.617,237451.0,1
Boro,2022-23,Chattogram,2024,158763.0,64250.0,4.058,260741.0,1
Boro,2022-23,Chuadanga,2024,91518.0,37037.0,4.144,153494.0,1
Boro,2022-23,Cox's Bazar,2024,126053.0,51013.0,4.223,215446.0,1
Boro,2022-23,Cumilla,2024,371353.0,150345.0,4.168,626711.0,1
Boro,2022-23,Dhaka,2024,106094.0,42936.0,4.596,197343.0,1
Boro,2022-23,Dinajpur,2024,426815.0,172730.0,4.209,726949.0,1
Boro,2022-23,Faridpur,2024,56708.0,22949.0,4.532,104006.0,1
Boro,2022-23,Feni,2024,73082.0,29576.0,3.466,102511.0,1
Boro,2022-23,Gaibandha,2024,309341.0,125189.0,4.196,525296.0,1
Boro,2022-23,Gazipur,2024,145802.0,59029.0,4.317,254806.0,1
Boro,2022-23,Gopalganj,2024,198871.0,80514.0,5.338,429796.0,1
Boro,2022-23,Habiganj,2024,302203.0,122300.0,4.103,501786.0,1
Boro,2022-23,Jamalpur,2024,317126.0,128339.0,4.135,530669.0,1
Boro,2022-23,Jashore,2024,394256.0,159553.0,4.708,751125.0,1
Boro,2022-23,Jhalokati,2024,30597.0,12382.0,3.555,44013.0,1
Boro,2022-23,Jhenaidah,2024,221650.0,89737.0,4.36,391242.0,1
Boro,2022-23,Joypurhat,2024,169542.0,68613.0,3.694,253454.0,1
Boro,2022-23,Khagrachhari,2024,26833.0,10859.0,3.85,41804.0,1
Boro,2022-23,Khulna,2024,147631.0,59770.0,4.158,248551.0,1
Boro,2022-23,Kishoreganj,2024,406293.0,164424.0,4.236,696448.0,1
Boro,2022-23,Kurigram,2024,278828.0,112886.0,4.281,483310.0,1
Boro,2022-23,Kushtia,2024,88639.0,35872.0,4.226,151597.0,1
Boro,2022-23,Lakshmipur,2024,82319.0,33328.0,3.439,114598.0,1
Boro,2022-23,Lalmonirhat,2024,118624.0,48006.0,4.266,204819.0,1
Boro,2022-23,Madaripur,2024,80360.0,32521.0,4.338,141088.0,1
Boro,2022-23,Magura,2024,88539.0,35846.0,4.085,146432.0,1
Boro,2022-23,Manikganj,2024,120546.0,48784.0,5.013,244577.0,1
Boro,2022-23,Meherpur,2024,45179.0,18284.0,4.016,73431.0,1
Boro,2022-23,Moulvibazar,2024,147640.0,59749.0,4.842,289317.0,1
Boro,2022-23,Munshiganj,2024,57451.0,23250.0,4.158,96682.0,1
Boro,2022-23,Mymensingh,2024,644109.0,260667.0,4.059,1057952.0,1
Boro,2022-23,Naogaon,2024,470519.0,190416.0,4.527,861924.0,1
Boro,2022-23,Narail,2024,122978.0,49769.0,4.49,223439.0,1
Boro,2022-23,Narayanganj,2024,48899.0,19789.0,4.164,82400.0,1
Boro,2022-23,Narsingdi,2024,132668.0,53712.0,3.817,205033.0,1
Boro,2022-23,Natore,2024,149421.0,60470.0,4.541,274616.0,1
Boro,2022-23,Netrakona,2024,446541.0,180713.0,4.254,768778.0,1
Boro,2022-23,Nilphamari,2024,201791.0,81664.0,4.422,361116.0,1
Boro,2022-23,Noakhali,2024,176400.0,71412.0,4.948,353364.0,1
Boro,2022-23,Pabna,2024,136566.0,55268.0,4.253,235041.0,1
Boro,2022-23,Panchagarh,2024,81232.0,32874.0,4.337,142578.0,1
Boro,2022-23,Patuakhali,2024,13784.0,5578.0,2.397,13369.0,1
Boro,2022-23,Pirojpur,2024,63570.0,25726.0,4.085,105080.0,1
Boro,2022-23,Rajbari,2024,31499.0,12747.0,4.567,58218.0,1
Boro,2022-23,Rajshahi,2024,162350.0,65702.0,4.532,297737.0,1
Boro,2022-23,Rangamati,2024,18047.0,7304.0,4.252,31053.0,1
Boro,2022-23,Rangpur,2024,324278.0,131234.0,4.538,595565.0,1
Boro,2022-23,Satkhira,2024,194355.0,78654.0,3.96,311434.0,1
Boro,2022-23,Shariatpur,2024,60794.0,24603.0,4.474,110066.0,1
Boro,2022-23,Sherpur,2024,224236.0,90747.0,4.733,429548.0,1
Boro,2022-23,Sirajganj,2024,347586.0,140666.0,4.491,631759.0,1
Boro,2022-23,Sunamganj,2024,548050.0,221793.0,4.453,987656.0,1
Boro,2022-23,Sylhet,2024,203285.0,82268.0,3.318,272987.0,1
Boro,2022-23,Tangail,2024,417979.0,169154.0,4.356,736806.0,1
Boro,2022-23,Thakurgaon,2024,152133.0,61567.0,4.046,249129.0,1
Boro,2023-24,Bagerhat,2024,148940.0,60275.0,4.639,279618.0,1
Boro,2023-24,Bandarban,2024,14843.0,6007.0,3.945,23698.0,1
Boro,2023-24,Barguna,2024,29296.0,11856.0,3.337,39563.0,1
Boro,2023-24,Barishal,2024,141726.0,57368.0,4.204,241172.0,1
Boro,2023-24,Bhola,2024,99603.0,40309.0,4.241,170961.0,1
Boro,2023-24,Bogura,2024,460919.0,186531.0,4.179,779499.0,1
Boro,2023-24,Brahmanbaria,2024,275952.0,111676.0,4.006,447369.0,1
Boro,2023-24,Chandpur,2024,157519.0,63747.0,3.504,223400.0,1
Boro,2023-24,Chapainababganj,2024,127764.0,51705.0,4.477,231508.0,1
Boro,2023-24,Chattogram,2024,161783.0,65473.0,4.063,265986.0,1
Boro,2023-24,Chuadanga,2024,90064.0,36448.0,4.124,150322.0,1
Boro,2023-24,Cox's Bazar,2024,128946.0,52184.0,4.195,218885.0,1
Boro,2023-24,Cumilla,2024,381427.0,154415.0,4.135,638569.0,1
Boro,2023-24,Dhaka,2024,105330.0,42626.0,4.646,198058.0,1
Boro,2023-24,Dinajpur,2024,424341.0,171728.0,4.175,717013.0,1
Boro,2023-24,Faridpur,2024,55765.0,22568.0,4.66,105177.0,1
Boro,2023-24,Feni,2024,77150.0,31222.0,3.506,109461.0,1
Boro,2023-24,Gaibandha,2024,308604.0,124890.0,4.33,540718.0,1
Boro,2023-24,Gazipur,2024,145796.0,59003.0,4.378,258322.0,1
Boro,2023-24,Gopalganj,2024,207351.0,83914.0,5.375,451046.0,1
Boro,2023-24,Habiganj,2024,294028.0,118992.0,4.3,511615.0,1
Boro,2023-24,Jamalpur,2024,319191.0,129175.0,4.263,550638.0,1
Boro,2023-24,Jashore,2024,391207.0,158319.0,4.722,747657.0,1
Boro,2023-24,Jhalokati,2024,29070.0,11764.0,3.605,42410.0,1
Boro,2023-24,Jhenaidah,2024,222359.0,89987.0,4.433,398930.0,1
Boro,2023-24,Joypurhat,2024,171221.0,69292.0,3.774,261476.0,1
Boro,2023-24,Khagrachhari,2024,26934.0,10900.0,3.867,42148.0,1
Boro,2023-24,Khulna,2024,142753.0,57771.0,4.254,245768.0,1
Boro,2023-24,Kishoreganj,2024,406076.0,164337.0,4.298,706342.0,1
Boro,2023-24,Kurigram,2024,287782.0,116464.0,4.165,485046.0,1
Boro,2023-24,Kushtia,2024,87991.0,35609.0,4.375,155802.0,1
Boro,2023-24,Lakshmipur,2024,83727.0,33891.0,3.482,118026.0,1
Boro,2023-24,Lalmonirhat,2024,120047.0,48582.0,4.264,207179.0,1
Boro,2023-24,Madaripur,2024,82926.0,33560.0,4.266,143173.0,1
Boro,2023-24,Magura,2024,90708.0,36709.0,4.16,152707.0,1
Boro,2023-24,Manikganj,2024,119016.0,48165.0,5.019,241729.0,1
Boro,2023-24,Meherpur,2024,45620.0,18462.0,4.177,77123.0,1
Boro,2023-24,Moulvibazar,2024,141875.0,57416.0,4.862,279148.0,1
Boro,2023-24,Munshiganj,2024,57873.0,23421.0,4.108,96206.0,1
Boro,2023-24,Mymensingh,2024,636651.0,257649.0,4.123,1062194.0,1
Boro,2023-24,Naogaon,2024,476701.0,192918.0,4.514,870791.0,1
Boro,2023-24,Narail,2024,125153.0,50649.0,4.537,229784.0,1
Boro,2023-24,Narayanganj,2024,48594.0,19666.0,4.319,84931.0,1
Boro,2023-24,Narsingdi,2024,132260.0,53525.0,3.834,205199.0,1
Boro,2023-24,Natore,2024,147235.0,59585.0,4.564,271965.0,1
Boro,2023-24,Netrakona,2024,452071.0,182951.0,4.289,784656.0,1
Boro,2023-24,Nilphamari,2024,202175.0,81819.0,4.416,361321.0,1
Boro,2023-24,Noakhali,2024,188227.0,76174.0,4.975,378930.0,1
Boro,2023-24,Pabna,2024,138761.0,56156.0,4.548,255416.0,1
Boro,2023-24,Panchagarh,2024,80113.0,32421.0,4.446,144136.0,1
Boro,2023-24,Patuakhali,2024,13899.0,5626.0,2.384,13411.0,1
Boro,2023-24,Pirojpur,2024,71719.0,29024.0,4.185,121472.0,1
Boro,2023-24,Rajbari,2024,31649.0,12808.0,4.51,57767.0,1
Boro,2023-24,Rajshahi,2024,168252.0,68091.0,4.456,303443.0,1
Boro,2023-24,Rangamati,2024,18259.0,7389.0,4.346,32111.0,1
Boro,2023-24,Rangpur,2024,326276.0,132042.0,4.596,606820.0,1
Boro,2023-24,Satkhira,2024,194570.0,78741.0,3.983,313644.0,1
Boro,2023-24,Shariatpur,2024,58558.0,23698.0,4.579,108516.0,1
Boro,2023-24,Sherpur,2024,225830.0,91392.0,4.712,430612.0,1
Boro,2023-24,Sirajganj,2024,348459.0,141019.0,4.591,647463.0,1
Boro,2023-24,Sunamganj,2024,529593.0,214323.0,4.455,954799.0,1
Boro,2023-24,Sylhet,2024,204231.0,82651.0,3.452,285326.0,1
Boro,2023-24,Tangail,2024,417570.0,168988.0,4.376,739525.0,1
Boro,2023-24,Thakurgaon,2024,152468.0,61703.0,4.062,250668.0,1
Chili,2021-22,Bagerhat,2024,1161.0500000000002,,,1023.6600000000001,2
Chili,2021-22,Bandarban,2024,867.0,,,2749.25,2
Chili,2021-22,Barguna,2024,893.0,,,1053.0,2
Chili,2021-22,Barishal,2024,6240.0,,,3270.0,2
Chili,2021-22,Bhola,2024,24925.0,,,11610.66,2
Chili,2021-22,Bogura,2024,15658.29,,,65593.0,2
Chili,2021-22,Brahmanbaria,2024,3119.7999999999997,,,10889.119999999999,2
Chili,2021-22,Chandpur,2024,5824.0,,,18871.88,2
Chili,2021-22,Chapainababganj,2024,574.8,,,1537.22,2
Chili,2021-22,Chattogram,2024,6196.2,,,20484.89,2
Chili,2021-22,Chuadanga,2024,2755.0,,,4189.1,2
Chili,2021-22,Cox's Bazar,2024,1957.3799999999999,,,5900.589999999999,2
Chili,2021-22,Cumilla,2024,6769.81,,,28825.28,2
Chili,2021-22,Dhaka,2024,1582.2,,,3056.88,2
Chili,2021-22,Dinajpur,2024,4025.0,,,19160.0,2
Chili,2021-22,Faridpur,2024,6623.23,,,7359.889999999999,2
Chili,2021-22,Feni,2024,543.98,,,1726.6599999999999,2
Chili,2021-22,Gaibandha,2024,1895.0,,,4867.0,2
Chili,2021-22,Gazipur,2024,1845.6200000000001,,,1949.98,2
Chili,2021-22,Gopalganj,2024,1112.12,,,2471.76,2
Chili,2021-22,Habiganj,2024,818.75,,,1160.73,2
Chili,2021-22,Jamalpur,2024,14908.0,,,49604.0,2
Chili,2021-22,Jashore,2024,3054.0,,,3383.6,2
Chili,2021-22,Jhalokati,2024,1259.0,,,758.0,2
Chili,2021-22,Jhenaidah,2024,3862.0,,,6830.0,2
Chili,2021-22,Joypurhat,2024,718.71,,,3743.5,2
Chili,2021-22,Khagrachhari,2024,1295.2,,,3726.2799999999997,2
Chili,2021-22,Khulna,2024,690.6,,,1192.6,2
Chili,2021-22,Kishoreganj,2024,4275.42,,,7696.16,2
Chili,2021-22,Kurigram,2024,1779.51,,,4479.48,2
Chili,2021-22,Kushtia,2024,4487.0,,,13426.0,2
Chili,2021-22,Lakshmipur,2024,4087.3,,,11515.39,2
Chili,2021-22,Lalmonirhat,2024,890.25,,,2987.9700000000003,2
Chili,2021-22,Madaripur,2024,1446.84,,,3856.54,2
Chili,2021-22,Magura,2024,981.5,,,752.76,2
Chili,2021-22,Manikganj,2024,6114.55,,,30115.850000000002,2
Chili,2021-22,Meherpur,2024,3450.0,,,8849.57,2
Chili,2021-22,Moulvibazar,2024,431.89,,,386.09,2
Chili,2021-22,Munshiganj,2024,1270.6,,,2251.68,2
Chili,2021-22,Mymensingh,2024,4505.0,,,16656.0,2
Chili,2021-22,Naogaon,2024,2722.6099999999997,,,8913.29,2
Chili,2021-22,Narail,2024,872.0,,,1654.7,2
Chili,2021-22,Narayanganj,2024,547.35,,,649.86,2
Chili,2021-22,Narsingdi,2024,2091.19,,,6734.25,2
Chili,2021-22,Natore,2024,1319.0,,,4256.0,2
Chili,2021-22,Netrakona,2024,1341.0,,,2561.0,2
Chili,2021-22,Nilphamari,2024,5545.49,,,21267.77,2
Chili,2021-22,Noakhali,2024,7760.26,,,24662.11,2
Chili,2021-22,Pabna,2024,9777.0,,,34888.1,2
Chili,2021-22,Panchagarh,2024,14602.0,,,51781.57,2
Chili,2021-22,Patuakhali,2024,2960.0,,,1050.0,2
Chili,2021-22,Pirojpur,2024,1006.0,,,420.0,2
Chili,2021-22,Rajbari,2024,3359.0,,,7509.2,2
Chili,2021-22,Rajshahi,2024,3779.97,,,12233.83,2
Chili,2021-22,Rangamati,2024,2114.9,,,6602.93,2
Chili,2021-22,Rangpur,2024,4378.0,,,9830.0,2
Chili,2021-22,Satkhira,2024,1157.0,,,1454.0,2
Chili,2021-22,Shariatpur,2024,10470.0,,,11270.0,2
Chili,2021-22,Sherpur,2024,1764.0,,,2957.0,2
Chili,2021-22,Sirajganj,2024,3262.25,,,13365.34,2
Chili,2021-22,Sunamganj,2024,799.0,,,817.2,2
Chili,2021-22,Sylhet,2024,729.1,,,949.48,2
Chili,2021-22,Tangail,2024,3542.6499999999996,,,4966.200000000001,2
Chili,2021-22,Thakurgaon,2024,2206.5,,,4069.92,2
Chili,2022-23,Bagerhat,2024,1115.25,,,767.45,2
Chili,2022-23,Bandarban,2024,876.4000000000001,,,1938.7800000000002,2
Chili,2022-23,Barguna,2024,890.0,,,1055.0,2
Chili,2022-23,Barishal,2024,3695.0,,,3524.0,2
Chili,2022-23,Bhola,2024,24983.0,,,12592.94,2
Chili,2022-23,Bogura,2024,13689.72,,,60516.92,2
Chili,2022-23,Brahmanbaria,2024,3063.33,,,10277.7,2
Chili,2022-23,Chandpur,2024,5851.67,,,18450.5,2
Chili,2022-23,Chapainababganj,2024,591.0,,,1623.79,2
Chili,2022-23,Chattogram,2024,7559.79,,,24947.55,2
Chili,2022-23,Chuadanga,2024,2744.0,,,4605.0599999999995,2
Chili,2022-23,Cox's Bazar,2024,1977.52,,,3734.7400000000002,2
Chili,2022-23,Cumilla,2024,6850.92,,,29763.780000000002,2
Chili,2022-23,Dhaka,2024,1260.06,,,2812.59,2
Chili,2022-23,Dinajpur,2024,4055.0,,,19052.0,2
Chili,2022-23,Faridpur,2024,6589.0,,,12949.68,2
Chili,2022-23,Feni,2024,548.9000000000001,,,1683.0,2
Chili,2022-23,Gaibandha,2024,1776.98,,,4178.04,2
Chili,2022-23,Gazipur,2024,1946.52,,,2502.65,2
Chili,2022-23,Gopalganj,2024,1094.67,,,2160.3500000000004,2
Chili,2022-23,Habiganj,2024,828.12,,,1153.5700000000002,2
Chili,2022-23,Jamalpur,2024,14635.0,,,50492.0,2
Chili,2022-23,Jashore,2024,2731.0,,,3433.5,2
Chili,2022-23,Jhalokati,2024,1275.0,,,1323.0,2
Chili,2022-23,Jhenaidah,2024,3894.6,,,6890.48,2
Chili,2022-23,Joypurhat,2024,729.7,,,3659.23,2
Chili,2022-23,Khagrachhari,2024,1378.48,,,4000.88,2
Chili,2022-23,Khulna,2024,681.53,,,1195.49,2
Chili,2022-23,Kishoreganj,2024,4163.99,,,7613.9800000000005,2
Chili,2022-23,Kurigram,2024,1794.51,,,4585.96,2
Chili,2022-23,Kushtia,2024,4832.0,,,16473.0,2
Chili,2022-23,Lakshmipur,2024,4258.0,,,12031.0,2
Chili,2022-23,Lalmonirhat,2024,909.25,,,3051.8500000000004,2
Chili,2022-23,Madaripur,2024,1439.6299999999999,,,3754.54,2
Chili,2022-23,Magura,2024,1210.9299999999998,,,1229.25,2
Chili,2022-23,Manikganj,2024,6686.33,,,33385.93,2
Chili,2022-23,Meherpur,2024,3458.0,,,9620.41,2
Chili,2022-23,Moulvibazar,2024,489.96,,,437.5,2
Chili,2022-23,Munshiganj,2024,1264.53,,,2948.11,2
Chili,2022-23,Mymensingh,2024,4508.0,,,16743.0,2
Chili,2022-23,Naogaon,2024,2568.9700000000003,,,9953.91,2
Chili,2022-23,Narail,2024,867.0,,,1640.8600000000001,2
Chili,2022-23,Narayanganj,2024,643.18,,,982.26,2
Chili,2022-23,Narsingdi,2024,2399.67,,,8262.47,2
Chili,2022-23,Natore,2024,1299.4,,,5049.27,2
Chili,2022-23,Netrakona,2024,1284.0,,,4372.0,2
Chili,2022-23,Nilphamari,2024,5589.73,,,20512.76,2
Chili,2022-23,Noakhali,2024,7760.26,,,24893.29,2
Chili,2022-23,Pabna,2024,9738.0,,,48038.89,2
Chili,2022-23,Panchagarh,2024,14599.0,,,52314.75,2
Chili,2022-23,Patuakhali,2024,2981.6,,,4076.27,2
Chili,2022-23,Pirojpur,2024,1025.0,,,822.0,2
Chili,2022-23,Rajbari,2024,3598.18,,,9126.82,2
Chili,2022-23,Rajshahi,2024,3687.33,,,12278.279999999999,2
Chili,2022-23,Rangamati,2024,2002.53,,,3927.41,2
Chili,2022-23,Rangpur,2024,4380.0,,,9792.0,2
Chili,2022-23,Satkhira,2024,1178.96,,,1462.29,2
Chili,2022-23,Shariatpur,2024,10514.0,,,11793.0,2
Chili,2022-23,Sherpur,2024,1750.0,,,6121.0,2
Chili,2022-23,Sirajganj,2024,2942.14,,,11966.23,2
Chili,2022-23,Sunamganj,2024,790.3,,,811.6,2
Chili,2022-23,Sylhet,2024,751.0,,,1058.52,2
Chili,2022-23,Tangail,2024,3574.2200000000003,,,5646.2,2
Chili,2022-23,Thakurgaon,2024,2136.94,,,4485.63,2
Chili,2023-24,Bagerhat,2024,1119.96,,,888.83,2
Chili,2023-24,Bandarban,2024,880.5999999999999,,,1953.88,2
Chili,2023-24,Barguna,2024,829.0,,,641.0,2
Chili,2023-24,Barishal,2024,3725.0,,,3538.0,2
Chili,2023-24,Bhola,2024,24911.0,,,49432.64,2
Chili,2023-24,Bogura,2024,16666.57,,,76407.52,2
Chili,2023-24,Brahmanbaria,2024,2965.73,,,10028.89,2
Chili,2023-24,Chandpur,2024,5769.1,,,16897.15,2
Chili,2023-24,Chapainababganj,2024,660.0,,,2401.51,2
Chili,2023-24,Chattogram,2024,7650.41,,,32312.77,2
Chili,2023-24,Chuadanga,2024,2659.0,,,5348.8,2
Chili,2023-24,Cox's Bazar,2024,1988.99,,,3444.64,2
Chili,2023-24,Cumilla,2024,6849.08,,,29766.54,2
Chili,2023-24,Dhaka,2024,1224.55,,,2761.05,2
Chili,2023-24,Dinajpur,2024,4072.7,,,15636.060000000001,2
Chili,2023-24,Faridpur,2024,6659.8,,,13123.82,2
Chili,2023-24,Feni,2024,959.26,,,2239.24,2
Chili,2023-24,Gaibandha,2024,1752.81,,,5121.83,2
Chili,2023-24,Gazipur,2024,1870.32,,,2484.88,2
Chili,2023-24,Gopalganj,2024,1089.26,,,2157.64,2
Chili,2023-24,Habiganj,2024,864.91,,,1280.92,2
Chili,2023-24,Jamalpur,2024,14927.0,,,52468.0,2
Chili,2023-24,Jashore,2024,2713.0,,,2442.0,2
Chili,2023-24,Jhalokati,2024,1283.0,,,1337.0,2
Chili,2023-24,Jhenaidah,2024,3970.0,,,5606.47,2
Chili,2023-24,Joypurhat,2024,736.24,,,3872.56,2
Chili,2023-24,Khagrachhari,2024,892.6999999999999,,,2700.15,2
Chili,2023-24,Khulna,2024,667.41,,,1136.0300000000002,2
Chili,2023-24,Kishoreganj,2024,4202.3,,,7355.650000000001,2
Chili,2023-24,Kurigram,2024,1818.6,,,4805.0,2
Chili,2023-24,Kushtia,2024,5138.0,,,18647.0,2
Chili,2023-24,Lakshmipur,2024,3516.0,,,9568.17,2
Chili,2023-24,Lalmonirhat,2024,912.75,,,2923.0,2
Chili,2023-24,Madaripur,2024,1513.5500000000002,,,3884.6499999999996,2
Chili,2023-24,Magura,2024,1210.92,,,2414.52,2
Chili,2023-24,Manikganj,2024,5997.42,,,30543.65,2
Chili,2023-24,Meherpur,2024,3469.5,,,9660.67,2
Chili,2023-24,Moulvibazar,2024,497.02,,,431.41999999999996,2
Chili,2023-24,Munshiganj,2024,1224.3600000000001,,,3047.1899999999996,2
Chili,2023-24,Mymensingh,2024,4559.0,,,16860.0,2
Chili,2023-24,Naogaon,2024,2524.15,,,10161.58,2
Chili,2023-24,Narail,2024,4543.0,,,18754.18,2
Chili,2023-24,Narayanganj,2024,549.0,,,991.96,2
Chili,2023-24,Narsingdi,2024,2133.13,,,6037.94,2
Chili,2023-24,Natore,2024,1253.81,,,4918.83,2
Chili,2023-24,Netrakona,2024,1186.0,,,3300.0,2
Chili,2023-24,Nilphamari,2024,5465.22,,,19255.25,2
Chili,2023-24,Noakhali,2024,7825.98,,,24802.64,2
Chili,2023-24,Pabna,2024,9764.5,,,60397.17,2
Chili,2023-24,Panchagarh,2024,15550.0,,,55544.48,2
Chili,2023-24,Patuakhali,2024,2966.81,,,3483.38,2
Chili,2023-24,Pirojpur,2024,1027.0,,,823.6,2
Chili,2023-24,Rajbari,2024,3584.0,,,8549.59,2
Chili,2023-24,Rajshahi,2024,3860.45,,,12698.029999999999,2
Chili,2023-24,Rangamati,2024,1999.62,,,4106.07,2
Chili,2023-24,Rangpur,2024,4390.0,,,9800.0,2
Chili,2023-24,Satkhira,2024,1197.34,,,1953.3799999999999,2
Chili,2023-24,Shariatpur,2024,10567.0,,,12106.0,2
Chili,2023-24,Sherpur,2024,1751.0,,,6128.0,2
Chili,2023-24,Sirajganj,2024,2984.3,,,12461.79,2
Chili,2023-24,Sunamganj,2024,793.0,,,811.4,2
Chili,2023-24,Sylhet,2024,802.1,,,1182.68,2
Chili,2023-24,Tangail,2024,3603.98,,,5679.78,2
Chili,2023-24,Thakurgaon,2024,1997.0,,,4605.0,2
Garlic,2021-22,Bagerhat,2024,157.0,,,212.51,1
Garlic,2021-22,Bandarban,2024,72.85,,,139.0,1
Garlic,2021-22,Barguna,2024,32.0,,,31.0,1
Garlic,2021-22,Barishal,2024,395.0,,,258.0,1
Garlic,2021-22,Bhola,2024,1608.0,,,3852.0,1
Garlic,2021-22,Bogura,2024,978.13,,,1703.53,1
Garlic,2021-22,Brahmanbaria,2024,805.27,,,1651.74,1
Garlic,2021-22,Chandpur,2024,1042.2,,,1999.43,1
Garlic,2021-22,Chapainababganj,2024,6095.9,,,11190.14,1
Garlic,2021-22,Chattogram,2024,101.28,,,112.99,1
Garlic,2021-22,Chuadanga,2024,770.5,,,2290.21,1
Garlic,2021-22,Cox's Bazar,2024,11.61,,,8.76,1
Garlic,2021-22,Cumilla,2024,698.8,,,1321.1,1
Garlic,2021-22,Dhaka,2024,1614.08,,,4333.96,1
Garlic,2021-22,Dinajpur,2024,11120.0,,,29361.0,1
Garlic,2021-22,Faridpur,2024,6006.3,,,10142.75,1
Garlic,2021-22,Feni,2024,29.0,,,64.11,1
Garlic,2021-22,Gaibandha,2024,755.0,,,1277.11,1
Garlic,2021-22,Gazipur,2024,274.69,,,286.38,1
Garlic,2021-22,Gopalganj,2024,450.75,,,1336.58,1
Garlic,2021-22,Habiganj,2024,70.0,,,136.64,1
Garlic,2021-22,Jamalpur,2024,1205.0,,,2368.0,1
Garlic,2021-22,Jashore,2024,1394.0,,,4105.93,1
Garlic,2021-22,Jhalokati,2024,31.0,,,27.0,1
Garlic,2021-22,Jhenaidah,2024,3898.0,,,11130.36,1
Garlic,2021-22,Joypurhat,2024,306.24,,,814.16,1
Garlic,2021-22,Khagrachhari,2024,55.9,,,51.13,1
Garlic,2021-22,Khulna,2024,128.0,,,220.36,1
Garlic,2021-22,Kishoreganj,2024,1035.97,,,2674.38,1
Garlic,2021-22,Kurigram,2024,622.5,,,950.72,1
Garlic,2021-22,Kushtia,2024,3570.0,,,9903.0,1
Garlic,2021-22,Lakshmipur,2024,215.0,,,228.0,1
Garlic,2021-22,Lalmonirhat,2024,657.25,,,1222.27,1
Garlic,2021-22,Madaripur,2024,7541.2,,,21780.85,1
Garlic,2021-22,Magura,2024,2524.0,,,8017.12,1
Garlic,2021-22,Manikganj,2024,1602.5,,,3085.61,1
Garlic,2021-22,Meherpur,2024,1456.0,,,5531.76,1
Garlic,2021-22,Moulvibazar,2024,51.0,,,86.94,1
Garlic,2021-22,Munshiganj,2024,283.65,,,366.5,1
Garlic,2021-22,Mymensingh,2024,1027.0,,,2268.0,1
Garlic,2021-22,Naogaon,2024,2596.09,,,7756.65,1
Garlic,2021-22,Narail,2024,370.0,,,938.1,1
Garlic,2021-22,Narayanganj,2024,169.14,,,143.77,1
Garlic,2021-22,Narsingdi,2024,213.21,,,241.42,1
Garlic,2021-22,Natore,2024,48686.75,,,167382.32,1
Garlic,2021-22,Netrakona,2024,675.0,,,1690.0,1
Garlic,2021-22,Nilphamari,2024,1297.0,,,3498.0,1
Garlic,2021-22,Noakhali,2024,318.2,,,541.61,1
Garlic,2021-22,Pabna,2024,24458.5,,,72037.0,1
Garlic,2021-22,Panchagarh,2024,1892.0,,,5801.9,1
Garlic,2021-22,Patuakhali,2024,299.0,,,236.0,1
Garlic,2021-22,Pirojpur,2024,83.0,,,99.0,1
Garlic,2021-22,Rajbari,2024,12466.0,,,37326.7,1
Garlic,2021-22,Rajshahi,2024,13613.7,,,59367.15,1
Garlic,2021-22,Rangamati,2024,52.08,,,85.43,1
Garlic,2021-22,Rangpur,2024,2269.0,,,4796.0,1
Garlic,2021-22,Satkhira,2024,645.21,,,1674.07,1
Garlic,2021-22,Shariatpur,2024,2846.0,,,7287.0,1
Garlic,2021-22,Sherpur,2024,454.0,,,846.0,1
Garlic,2021-22,Sirajganj,2024,2053.44,,,4433.4,1
Garlic,2021-22,Sunamganj,2024,199.0,,,544.0,1
Garlic,2021-22,Sylhet,2024,115.0,,,181.0,1
Garlic,2021-22,Tangail,2024,1231.05,,,1824.35,1
Garlic,2021-22,Thakurgaon,2024,740.62,,,1547.26,1
Garlic,2022-23,Bagerhat,2024,156.0,,,214.31,1
Garlic,2022-23,Bandarban,2024,76.0,,,145.7,1
Garlic,2022-23,Barguna,2024,27.0,,,29.0,1
Garlic,2022-23,Barishal,2024,366.0,,,392.0,1
Garlic,2022-23,Bhola,2024,1641.0,,,3622.0,1
Garlic,2022-23,Bogura,2024,982.48,,,1847.19,1
Garlic,2022-23,Brahmanbaria,2024,701.41,,,1464.05,1
Garlic,2022-23,Chandpur,2024,1042.22,,,2017.2,1
Garlic,2022-23,Chapainababganj,2024,6130.5,,,15005.68,1
Garlic,2022-23,Chattogram,2024,91.42,,,132.4,1
Garlic,2022-23,Chuadanga,2024,763.25,,,2273.36,1
Garlic,2022-23,Cox's Bazar,2024,10.65,,,8.25,1
Garlic,2022-23,Cumilla,2024,696.3,,,1315.0,1
Garlic,2022-23,Dhaka,2024,1560.83,,,4187.09,1
Garlic,2022-23,Dinajpur,2024,10954.0,,,30427.94,1
Garlic,2022-23,Faridpur,2024,6026.2,,,10212.52,1
Garlic,2022-23,Feni,2024,30.0,,,75.5,1
Garlic,2022-23,Gaibandha,2024,755.0,,,1277.11,1
Garlic,2022-23,Gazipur,2024,280.81,,,316.23,1
Garlic,2022-23,Gopalganj,2024,452.65,,,1218.77,1
Garlic,2022-23,Habiganj,2024,75.0,,,149.5,1
Garlic,2022-23,Jamalpur,2024,1230.0,,,2422.0,1
Garlic,2022-23,Jashore,2024,1419.0,,,4232.07,1
Garlic,2022-23,Jhalokati,2024,32.0,,,29.0,1
Garlic,2022-23,Jhenaidah,2024,3928.0,,,11288.62,1
Garlic,2022-23,Joypurhat,2024,311.85,,,839.64,1
Garlic,2022-23,Khagrachhari,2024,48.05,,,42.85,1
Garlic,2022-23,Khulna,2024,132.35,,,235.06,1
Garlic,2022-23,Kishoreganj,2024,1023.96,,,2670.37,1
Garlic,2022-23,Kurigram,2024,625.5,,,989.8,1
Garlic,2022-23,Kushtia,2024,3316.0,,,9660.0,1
Garlic,2022-23,Lakshmipur,2024,202.25,,,204.5,1
Garlic,2022-23,Lalmonirhat,2024,657.0,,,1218.08,1
Garlic,2022-23,Madaripur,2024,7762.95,,,21866.83,1
Garlic,2022-23,Magura,2024,2275.0,,,7341.81,1
Garlic,2022-23,Manikganj,2024,1577.51,,,3204.79,1
Garlic,2022-23,Meherpur,2024,1438.0,,,5659.21,1
Garlic,2022-23,Moulvibazar,2024,49.0,,,82.6,1
Garlic,2022-23,Munshiganj,2024,265.4,,,392.6,1
Garlic,2022-23,Mymensingh,2024,1015.0,,,2309.0,1
Garlic,2022-23,Naogaon,2024,2283.15,,,7217.68,1
Garlic,2022-23,Narail,2024,376.0,,,957.3,1
Garlic,2022-23,Narayanganj,2024,162.94,,,146.76,1
Garlic,2022-23,Narsingdi,2024,218.51,,,248.43,1
Garlic,2022-23,Natore,2024,48279.6,,,169489.44,1
Garlic,2022-23,Netrakona,2024,637.0,,,1556.0,1
Garlic,2022-23,Nilphamari,2024,1289.0,,,3515.0,1
Garlic,2022-23,Noakhali,2024,325.4,,,545.72,1
Garlic,2022-23,Pabna,2024,24451.0,,,94906.5,1
Garlic,2022-23,Panchagarh,2024,1844.0,,,5680.18,1
Garlic,2022-23,Patuakhali,2024,311.0,,,241.0,1
Garlic,2022-23,Pirojpur,2024,81.0,,,96.0,1
Garlic,2022-23,Rajbari,2024,12410.0,,,37181.5,1
Garlic,2022-23,Rajshahi,2024,11164.87,,,47347.06,1
Garlic,2022-23,Rangamati,2024,51.85,,,87.72,1
Garlic,2022-23,Rangpur,2024,2291.0,,,4744.0,1
Garlic,2022-23,Satkhira,2024,652.32,,,1712.26,1
Garlic,2022-23,Shariatpur,2024,5410.0,,,12568.0,1
Garlic,2022-23,Sherpur,2024,458.0,,,1005.0,1
Garlic,2022-23,Sirajganj,2024,1954.93,,,4387.92,1
Garlic,2022-23,Sunamganj,2024,212.0,,,578.0,1
Garlic,2022-23,Sylhet,2024,123.0,,,199.0,1
Garlic,2022-23,Tangail,2024,1244.58,,,1893.02,1
Garlic,2022-23,Thakurgaon,2024,755.97,,,1584.04,1
Garlic,2023-24,Bagerhat,2024,164.0,,,225.57,1
Garlic,2023-24,Bandarban,2024,75.75,,,145.1,1
Garlic,2023-24,Barguna,2024,21.0,,,23.0,1
Garlic,2023-24,Barishal,2024,339.0,,,365.0,1
Garlic,2023-24,Bhola,2024,1646.0,,,3700.0,1
Garlic,2023-24,Bogura,2024,1024.46,,,1967.62,1
Garlic,2023-24,Brahmanbaria,2024,692.2,,,1397.23,1
Garlic,2023-24,Chandpur,2024,999.75,,,2003.23,1
Garlic,2023-24,Chapainababganj,2024,6136.65,,,16017.35,1
Garlic,2023-24,Chattogram,2024,71.04,,,106.68,1
Garlic,2023-24,Chuadanga,2024,752.0,,,2477.47,1
Garlic,2023-24,Cox's Bazar,2024,10.85,,,8.33,1
Garlic,2023-24,Cumilla,2024,699.6,,,1104.0,1
Garlic,2023-24,Dhaka,2024,1429.84,,,3846.96,1
Garlic,2023-24,Dinajpur,2024,10963.0,,,31156.0,1
Garlic,2023-24,Faridpur,2024,6010.95,,,10248.1,1
Garlic,2023-24,Feni,2024,28.65,,,63.17,1
Garlic,2023-24,Gaibandha,2024,729.0,,,2249.0,1
Garlic,2023-24,Gazipur,2024,284.0,,,320.04,1
Garlic,2023-24,Gopalganj,2024,352.05,,,908.76,1
Garlic,2023-24,Habiganj,2024,80.0,,,197.8,1
Garlic,2023-24,Jamalpur,2024,1255.0,,,2468.0,1
Garlic,2023-24,Jashore,2024,1433.0,,,4269.0,1
Garlic,2023-24,Jhalokati,2024,28.0,,,25.0,1
Garlic,2023-24,Jhenaidah,2024,3805.0,,,10905.15,1
Garlic,2023-24,Joypurhat,2024,308.76,,,841.01,1
Garlic,2023-24,Khagrachhari,2024,48.3,,,42.91,1
Garlic,2023-24,Khulna,2024,126.85,,,227.2,1
Garlic,2023-24,Kishoreganj,2024,1023.69,,,2667.29,1
Garlic,2023-24,Kurigram,2024,623.0,,,1584.0,1
Garlic,2023-24,Kushtia,2024,3444.0,,,11420.0,1
Garlic,2023-24,Lakshmipur,2024,186.0,,,193.0,1
Garlic,2023-24,Lalmonirhat,2024,666.0,,,1625.0,1
Garlic,2023-24,Madaripur,2024,7202.6,,,20219.25,1
Garlic,2023-24,Magura,2024,2107.5,,,6616.95,1
Garlic,2023-24,Manikganj,2024,1333.76,,,3110.02,1
Garlic,2023-24,Meherpur,2024,1436.0,,,5739.89,1
Garlic,2023-24,Moulvibazar,2024,52.0,,,87.07,1
Garlic,2023-24,Munshiganj,2024,253.17,,,408.57,1
Garlic,2023-24,Mymensingh,2024,1016.0,,,2303.0,1
Garlic,2023-24,Naogaon,2024,2164.56,,,7354.95,1
Garlic,2023-24,Narail,2024,387.0,,,979.0,1
Garlic,2023-24,Narayanganj,2024,167.11,,,147.51,1
Garlic,2023-24,Narsingdi,2024,220.21,,,251.02,1
Garlic,2023-24,Natore,2024,48522.75,,,155127.83,1
Garlic,2023-24,Netrakona,2024,643.0,,,1607.0,1
Garlic,2023-24,Nilphamari,2024,1303.0,,,3654.0,1
Garlic,2023-24,Noakhali,2024,327.6,,,549.45,1
Garlic,2023-24,Pabna,2024,24376.0,,,84740.95,1
Garlic,2023-24,Panchagarh,2024,1915.0,,,6254.0,1
Garlic,2023-24,Patuakhali,2024,322.0,,,231.0,1
Garlic,2023-24,Pirojpur,2024,85.0,,,101.0,1
Garlic,2023-24,Rajbari,2024,11750.0,,,34994.75,1
Garlic,2023-24,Rajshahi,2024,11330.91,,,48525.01,1
Garlic,2023-24,Rangamati,2024,53.32,,,99.38,1
Garlic,2023-24,Rangpur,2024,2297.0,,,6311.0,1
Garlic,2023-24,Satkhira,2024,665.28,,,1749.43,1
Garlic,2023-24,Shariatpur,2024,4364.0,,,11184.0,1
Garlic,2023-24,Sherpur,2024,462.0,,,1014.0,1
Garlic,2023-24,Sirajganj,2024,1968.24,,,4600.21,1
Garlic,2023-24,Sunamganj,2024,213.0,,,576.0,1
Garlic,2023-24,Sylhet,2024,118.92,,,282.83,1
Garlic,2023-24,Tangail,2024,1240.13,,,1886.14,1
Garlic,2023-24,Thakurgaon,2024,761.0,,,2162.0,1
Gram,2021-22,Bagerhat,2024,6.7,,,2.14,1
Gram,2021-22,Bandarban,2024,7.0,,,4.0,1
Gram,2021-22,Barguna,2024,42.0,,,14.0,1
Gram,2021-22,Barishal,2024,850.0,,,370.0,1
Gram,2021-22,Bhola,2024,81.0,,,53.0,1
Gram,2021-22,Bogura,2024,13.52,,,5.41,1
Gram,2021-22,Brahmanbaria,2024,0.0,,,0.0,1
Gram,2021-22,Chandpur,2024,0.0,,,0.0,1
Gram,2021-22,Chapainababganj,2024,1788.05,,,729.13,1
Gram,2021-22,Chattogram,2024,27.0,,,9.0,1
Gram,2021-22,Chuadanga,2024,137.0,,,51.94,1
Gram,2021-22,Cox's Bazar,2024,0.0,,,0.0,1
Gram,2021-22,Cumilla,2024,0.0,,,0.0,1
Gram,2021-22,Dhaka,2024,0.0,,,0.0,1
Gram,2021-22,Dinajpur,2024,7.2,,,2.3,1
Gram,2021-22,Faridpur,2024,199.3,,,79.38,1
Gram,2021-22,Feni,2024,40.0,,,18.0,1
Gram,2021-22,Gaibandha,2024,32.0,,,18.94,1
Gram,2021-22,Gazipur,2024,37.34,,,18.82,1
Gram,2021-22,Gopalganj,2024,104.05,,,41.04,1
Gram,2021-22,Habiganj,2024,0.0,,,0.0,1
Gram,2021-22,Jamalpur,2024,63.0,,,27.0,1
Gram,2021-22,Jashore,2024,222.8,,,99.56,1
Gram,2021-22,Jhalokati,2024,270.0,,,102.0,1
Gram,2021-22,Jhenaidah,2024,81.91,,,41.92,1
Gram,2021-22,Joypurhat,2024,0.0,,,0.0,1
Gram,2021-22,Khagrachhari,2024,0.0,,,0.0,1
Gram,2021-22,Khulna,2024,3.3,,,1.34,1
Gram,2021-22,Kishoreganj,2024,4.13,,,1.37,1
Gram,2021-22,Kurigram,2024,248.45,,,110.81,1
Gram,2021-22,Kushtia,2024,140.0,,,68.0,1
Gram,2021-22,Lakshmipur,2024,13.0,,,5.0,1
Gram,2021-22,Lalmonirhat,2024,12.0,,,10.49,1
Gram,2021-22,Madaripur,2024,890.47,,,345.57,1
Gram,2021-22,Magura,2024,251.7,,,73.39,1
Gram,2021-22,Manikganj,2024,5.6,,,2.29,1
Gram,2021-22,Meherpur,2024,19.0,,,7.83,1
Gram,2021-22,Moulvibazar,2024,2.0,,,1.25,1
Gram,2021-22,Munshiganj,2024,0.0,,,0.0,1
Gram,2021-22,Mymensingh,2024,19.0,,,10.0,1
Gram,2021-22,Naogaon,2024,136.25,,,52.62,1
Gram,2021-22,Narail,2024,39.0,,,17.38,1
Gram,2021-22,Narayanganj,2024,0.0,,,0.0,1
Gram,2021-22,Narsingdi,2024,4.21,,,1.43,1
Gram,2021-22,Natore,2024,45.0,,,21.23,1
Gram,2021-22,Netrakona,2024,0.0,,,0.0,1
Gram,2021-22,Nilphamari,2024,0.0,,,0.0,1
Gram,2021-22,Noakhali,2024,9.0,,,1.0,1
Gram,2021-22,Pabna,2024,165.6,,,108.0,1
Gram,2021-22,Panchagarh,2024,40.0,,,11.5,1
Gram,2021-22,Patuakhali,2024,1248.0,,,348.0,1
Gram,2021-22,Pirojpur,2024,0.0,,,0.0,1
Gram,2021-22,Rajbari,2024,47.0,,,30.0,1
Gram,2021-22,Rajshahi,2024,3084.2,,,1788.74,1
Gram,2021-22,Rangamati,2024,27.0,,,9.0,1
Gram,2021-22,Rangpur,2024,24.0,,,9.0,1
Gram,2021-22,Satkhira,2024,0.0,,,0.0,1
Gram,2021-22,Shariatpur,2024,26.0,,,13.0,1
Gram,2021-22,Sherpur,2024,58.0,,,40.0,1
Gram,2021-22,Sirajganj,2024,45.82,,,29.34,1
Gram,2021-22,Sunamganj,2024,0.0,,,0.0,1
Gram,2021-22,Sylhet,2024,6.0,,,2.56,1
Gram,2021-22,Tangail,2024,3.56,,,1.02,1
Gram,2021-22,Thakurgaon,2024,85.5,,,37.88,1
Gram,2022-23,Bagerhat,2024,9.0,,,2.57,1
Gram,2022-23,Bandarban,2024,7.5,,,3.79,1
Gram,2022-23,Barguna,2024,27.0,,,22.0,1
Gram,2022-23,Barishal,2024,851.0,,,398.0,1
Gram,2022-23,Bhola,2024,79.8,,,42.0,1
Gram,2022-23,Bogura,2024,9.8,,,4.96,1
Gram,2022-23,Brahmanbaria,2024,0.0,,,0.0,1
Gram,2022-23,Chandpur,2024,0.0,,,0.0,1
Gram,2022-23,Chapainababganj,2024,1575.1,,,631.49,1
Gram,2022-23,Chattogram,2024,28.0,,,9.0,1
Gram,2022-23,Chuadanga,2024,129.65,,,55.66,1
Gram,2022-23,Cox's Bazar,2024,0.0,,,0.0,1
Gram,2022-23,Cumilla,2024,0.0,,,0.0,1
Gram,2022-23,Dhaka,2024,0.0,,,0.0,1
Gram,2022-23,Dinajpur,2024,6.0,,,1.94,1
Gram,2022-23,Faridpur,2024,188.7,,,77.99,1
Gram,2022-23,Feni,2024,41.0,,,18.5,1
Gram,2022-23,Gaibandha,2024,32.0,,,18.94,1
Gram,2022-23,Gazipur,2024,35.84,,,17.99,1
Gram,2022-23,Gopalganj,2024,97.91,,,38.27,1
Gram,2022-23,Habiganj,2024,0.0,,,0.0,1
Gram,2022-23,Jamalpur,2024,62.0,,,27.0,1
Gram,2022-23,Jashore,2024,194.97,,,89.11,1
Gram,2022-23,Jhalokati,2024,267.0,,,103.0,1
Gram,2022-23,Jhenaidah,2024,136.96,,,76.37,1
Gram,2022-23,Joypurhat,2024,0.0,,,0.0,1
Gram,2022-23,Khagrachhari,2024,0.0,,,0.0,1
Gram,2022-23,Khulna,2024,3.8,,,1.54,1
Gram,2022-23,Kishoreganj,2024,4.15,,,1.37,1
Gram,2022-23,Kurigram,2024,251.0,,,112.26,1
Gram,2022-23,Kushtia,2024,111.0,,,57.0,1
Gram,2022-23,Lakshmipur,2024,14.5,,,5.8,1
Gram,2022-23,Lalmonirhat,2024,13.0,,,11.47,1
Gram,2022-23,Madaripur,2024,485.27,,,218.91,1
Gram,2022-23,Magura,2024,259.95,,,78.71,1
Gram,2022-23,Manikganj,2024,7.0,,,3.08,1
Gram,2022-23,Meherpur,2024,21.0,,,10.05,1
Gram,2022-23,Moulvibazar,2024,1.25,,,1.33,1
Gram,2022-23,Munshiganj,2024,0.0,,,0.0,1
Gram,2022-23,Mymensingh,2024,16.0,,,9.0,1
Gram,2022-23,Naogaon,2024,59.67,,,27.71,1
Gram,2022-23,Narail,2024,54.0,,,19.0,1
Gram,2022-23,Narayanganj,2024,0.0,,,0.0,1
Gram,2022-23,Narsingdi,2024,4.18,,,1.42,1
Gram,2022-23,Natore,2024,45.0,,,21.45,1
Gram,2022-23,Netrakona,2024,0.0,,,0.0,1
Gram,2022-23,Nilphamari,2024,0.0,,,0.0,1
Gram,2022-23,Noakhali,2024,9.85,,,1.36,1
Gram,2022-23,Pabna,2024,168.0,,,112.0,1
Gram,2022-23,Panchagarh,2024,39.0,,,11.1,1
Gram,2022-23,Patuakhali,2024,1255.0,,,353.0,1
Gram,2022-23,Pirojpur,2024,0.0,,,0.0,1
Gram,2022-23,Rajbari,2024,59.0,,,37.35,1
Gram,2022-23,Rajshahi,2024,3058.63,,,1800.35,1
Gram,2022-23,Rangamati,2024,0.0,,,0.0,1
Gram,2022-23,Rangpur,2024,25.0,,,9.0,1
Gram,2022-23,Satkhira,2024,0.0,,,0.0,1
Gram,2022-23,Shariatpur,2024,30.0,,,16.0,1
Gram,2022-23,Sherpur,2024,53.0,,,28.0,1
Gram,2022-23,Sirajganj,2024,50.0,,,33.0,1
Gram,2022-23,Sunamganj,2024,0.0,,,0.0,1
Gram,2022-23,Sylhet,2024,2.66,,,3.96,1
Gram,2022-23,Tangail,2024,3.91,,,1.13,1
Gram,2022-23,Thakurgaon,2024,88.0,,,39.57,1
Gram,2023-24,Bagerhat,2024,9.0,,,2.56,1
Gram,2023-24,Bandarban,2024,7.4,,,3.74,1
Gram,2023-24,Barguna,2024,28.0,,,23.0,1
Gram,2023-24,Barishal,2024,698.0,,,319.0,1
Gram,2023-24,Bhola,2024,85.0,,,41.0,1
Gram,2023-24,Bogura,2024,9.8,,,4.96,1
Gram,2023-24,Brahmanbaria,2024,0.0,,,0.0,1
Gram,2023-24,Chandpur,2024,0.0,,,0.0,1
Gram,2023-24,Chapainababganj,2024,1463.57,,,674.0,1
Gram,2023-24,Chattogram,2024,23.51,,,7.02,1
Gram,2023-24,Chuadanga,2024,129.0,,,55.66,1
Gram,2023-24,Cox's Bazar,2024,0.0,,,0.0,1
Gram,2023-24,Cumilla,2024,0.0,,,0.0,1
Gram,2023-24,Dhaka,2024,0.0,,,0.0,1
Gram,2023-24,Dinajpur,2024,5.0,,,2.0,1
Gram,2023-24,Faridpur,2024,189.4,,,79.53,1
Gram,2023-24,Feni,2024,41.7,,,23.55,1
Gram,2023-24,Gaibandha,2024,35.0,,,24.0,1
Gram,2023-24,Gazipur,2024,35.49,,,17.84,1
Gram,2023-24,Gopalganj,2024,101.25,,,40.17,1
Gram,2023-24,Habiganj,2024,0.0,,,0.0,1
Gram,2023-24,Jamalpur,2024,67.0,,,30.0,1
Gram,2023-24,Jashore,2024,194.97,,,89.11,1
Gram,2023-24,Jhalokati,2024,344.0,,,133.0,1
Gram,2023-24,Jhenaidah,2024,131.56,,,76.37,1
Gram,2023-24,Joypurhat,2024,0.0,,,0.0,1
Gram,2023-24,Khagrachhari,2024,0.0,,,0.0,1
Gram,2023-24,Khulna,2024,3.9,,,1.55,1
Gram,2023-24,Kishoreganj,2024,2.84,,,0.94,1
Gram,2023-24,Kurigram,2024,243.0,,,112.0,1
Gram,2023-24,Kushtia,2024,111.0,,,57.0,1
Gram,2023-24,Lakshmipur,2024,17.5,,,7.8,1
Gram,2023-24,Lalmonirhat,2024,14.0,,,7.03,1
Gram,2023-24,Madaripur,2024,408.8,,,184.53,1
Gram,2023-24,Magura,2024,251.7,,,78.71,1
Gram,2023-24,Manikganj,2024,6.8,,,3.1,1
Gram,2023-24,Meherpur,2024,21.0,,,10.05,1
Gram,2023-24,Moulvibazar,2024,0.0,,,0.0,1
Gram,2023-24,Munshiganj,2024,0.0,,,0.0,1
Gram,2023-24,Mymensingh,2024,16.0,,,10.0,1
Gram,2023-24,Naogaon,2024,40.0,,,23.42,1
Gram,2023-24,Narail,2024,56.0,,,21.0,1
Gram,2023-24,Narayanganj,2024,0.0,,,0.0,1
Gram,2023-24,Narsingdi,2024,4.16,,,1.41,1
Gram,2023-24,Natore,2024,40.42,,,22.94,1
Gram,2023-24,Netrakona,2024,0.0,,,0.0,1
Gram,2023-24,Nilphamari,2024,0.0,,,0.0,1
Gram,2023-24,Noakhali,2024,10.45,,,1.49,1
Gram,2023-24,Pabna,2024,183.25,,,124.4,1
Gram,2023-24,Panchagarh,2024,37.0,,,11.0,1
Gram,2023-24,Patuakhali,2024,1256.0,,,354.0,1
Gram,2023-24,Pirojpur,2024,0.0,,,0.0,1
Gram,2023-24,Rajbari,2024,62.49,,,37.05,1
Gram,2023-24,Rajshahi,2024,3038.45,,,1826.65,1
Gram,2023-24,Rangamati,2024,0.0,,,0.0,1
Gram,2023-24,Rangpur,2024,28.0,,,13.0,1
Gram,2023-24,Satkhira,2024,0.0,,,0.0,1
Gram,2023-24,Shariatpur,2024,28.0,,,15.0,1
Gram,2023-24,Sherpur,2024,50.0,,,25.0,1
Gram,2023-24,Sirajganj,2024,49.62,,,34.76,1
Gram,2023-24,Sunamganj,2024,0.0,,,0.0,1
Gram,2023-24,Sylhet,2024,11.0,,,4.68,1
Gram,2023-24,Tangail,2024,3.92,,,1.41,1
Gram,2023-24,Thakurgaon,2024,93.0,,,41.0,1
Groundnut,2021-22,Bagerhat,2024,54.5,,,35.56,1
Groundnut,2021-22,Bandarban,2024,216.0,,,150.05,1
Groundnut,2021-22,Barguna,2024,183.0,,,245.0,1
Groundnut,2021-22,Barishal,2024,83.0,,,62.0,1
Groundnut,2021-22,Bhola,2024,4698.0,,,3655.39,1
Groundnut,2021-22,Bogura,2024,1194.5,,,645.42,1
Groundnut,2021-22,Brahmanbaria,2024,459.6,,,274.71,1
Groundnut,2021-22,Chandpur,2024,258.74,,,170.85,1
Groundnut,2021-22,Chapainababganj,2024,0.0,,,0.0,1
Groundnut,2021-22,Chattogram,2024,2192.88,,,2031.82,1
Groundnut,2021-22,Chuadanga,2024,121.1,,,69.77,1
Groundnut,2021-22,Cox's Bazar,2024,1051.51,,,1363.44,1
Groundnut,2021-22,Cumilla,2024,319.4,,,306.93,1
Groundnut,2021-22,Dhaka,2024,265.0,,,178.65,1
Groundnut,2021-22,Dinajpur,2024,148.2,,,107.75,1
Groundnut,2021-22,Faridpur,2024,5676.55,,,6309.67,1
Groundnut,2021-22,Feni,2024,1932.52,,,1386.9,1
Groundnut,2021-22,Gaibandha,2024,1602.0,,,1492.09,1
Groundnut,2021-22,Gazipur,2024,103.47,,,49.21,1
Groundnut,2021-22,Gopalganj,2024,1304.45,,,1111.05,1
Groundnut,2021-22,Habiganj,2024,72.0,,,41.16,1
Groundnut,2021-22,Jamalpur,2024,989.0,,,680.0,1
Groundnut,2021-22,Jashore,2024,17.0,,,9.0,1
Groundnut,2021-22,Jhalokati,2024,135.0,,,90.0,1
Groundnut,2021-22,Jhenaidah,2024,739.0,,,869.4,1
Groundnut,2021-22,Joypurhat,2024,0.0,,,0.0,1
Groundnut,2021-22,Khagrachhari,2024,131.2,,,140.21,1
Groundnut,2021-22,Khulna,2024,5.0,,,3.6,1
Groundnut,2021-22,Kishoreganj,2024,2115.41,,,1604.22,1
Groundnut,2021-22,Kurigram,2024,3941.0,,,2613.47,1
Groundnut,2021-22,Kushtia,2024,653.0,,,418.0,1
Groundnut,2021-22,Lakshmipur,2024,5767.0,,,2765.05,1
Groundnut,2021-22,Lalmonirhat,2024,1134.0,,,926.76,1
Groundnut,2021-22,Madaripur,2024,339.98,,,258.1,1
Groundnut,2021-22,Magura,2024,85.5,,,173.25,1
Groundnut,2021-22,Manikganj,2024,2713.0,,,1469.32,1
Groundnut,2021-22,Meherpur,2024,33.0,,,26.0,1
Groundnut,2021-22,Moulvibazar,2024,44.0,,,28.22,1
Groundnut,2021-22,Munshiganj,2024,183.1,,,126.89,1
Groundnut,2021-22,Mymensingh,2024,671.0,,,447.0,1
Groundnut,2021-22,Naogaon,2024,568.4,,,414.06,1
Groundnut,2021-22,Narail,2024,1218.0,,,1082.35,1
Groundnut,2021-22,Narayanganj,2024,530.46,,,276.99,1
Groundnut,2021-22,Narsingdi,2024,646.83,,,337.7,1
Groundnut,2021-22,Natore,2024,1360.5,,,1232.85,1
Groundnut,2021-22,Netrakona,2024,295.0,,,308.0,1
Groundnut,2021-22,Nilphamari,2024,347.45,,,216.6,1
Groundnut,2021-22,Noakhali,2024,17701.0,,,12121.51,1
Groundnut,2021-22,Pabna,2024,1368.5,,,1162.89,1
Groundnut,2021-22,Panchagarh,2024,20400.0,,,15312.84,1
Groundnut,2021-22,Patuakhali,2024,1213.0,,,608.0,1
Groundnut,2021-22,Pirojpur,2024,12.0,,,7.0,1
Groundnut,2021-22,Rajbari,2024,813.0,,,882.0,1
Groundnut,2021-22,Rajshahi,2024,745.37,,,655.5,1
Groundnut,2021-22,Rangamati,2024,82.4,,,64.01,1
Groundnut,2021-22,Rangpur,2024,270.0,,,207.0,1
Groundnut,2021-22,Satkhira,2024,0.0,,,0.0,1
Groundnut,2021-22,Shariatpur,2024,656.5,,,707.0,1
Groundnut,2021-22,Sherpur,2024,158.0,,,224.0,1
Groundnut,2021-22,Sirajganj,2024,3500.98,,,2685.59,1
Groundnut,2021-22,Sunamganj,2024,2899.0,,,2169.0,1
Groundnut,2021-22,Sylhet,2024,27.2,,,29.0,1
Groundnut,2021-22,Tangail,2024,2912.8,,,1630.47,1
Groundnut,2021-22,Thakurgaon,2024,145.0,,,78.4,1
Groundnut,2022-23,Bagerhat,2024,47.22,,,30.6,1
Groundnut,2022-23,Bandarban,2024,220.5,,,153.2,1
Groundnut,2022-23,Barguna,2024,181.0,,,253.0,1
Groundnut,2022-23,Barishal,2024,0.0,,,0.0,1
Groundnut,2022-23,Bhola,2024,4711.1,,,3670.78,1
Groundnut,2022-23,Bogura,2024,1094.2,,,636.42,1
Groundnut,2022-23,Brahmanbaria,2024,428.7,,,259.21,1
Groundnut,2022-23,Chandpur,2024,259.03,,,175.5,1
Groundnut,2022-23,Chapainababganj,2024,55.66,,,55.1,1
Groundnut,2022-23,Chattogram,2024,2214.39,,,2036.9,1
Groundnut,2022-23,Chuadanga,2024,114.0,,,63.8,1
Groundnut,2022-23,Cox's Bazar,2024,1167.44,,,1521.6,1
Groundnut,2022-23,Cumilla,2024,328.5,,,314.3,1
Groundnut,2022-23,Dhaka,2024,254.65,,,167.75,1
Groundnut,2022-23,Dinajpur,2024,159.25,,,119.93,1
Groundnut,2022-23,Faridpur,2024,5480.1,,,6155.32,1
Groundnut,2022-23,Feni,2024,1932.57,,,1389.42,1
Groundnut,2022-23,Gaibandha,2024,1522.0,,,1444.35,1
Groundnut,2022-23,Gazipur,2024,102.2,,,48.13,1
Groundnut,2022-23,Gopalganj,2024,1247.2,,,1066.83,1
Groundnut,2022-23,Habiganj,2024,71.0,,,42.43,1
Groundnut,2022-23,Jamalpur,2024,1018.0,,,661.0,1
Groundnut,2022-23,Jashore,2024,17.77,,,9.41,1
Groundnut,2022-23,Jhalokati,2024,136.0,,,87.0,1
Groundnut,2022-23,Jhenaidah,2024,723.97,,,851.84,1
Groundnut,2022-23,Joypurhat,2024,0.0,,,0.0,1
Groundnut,2022-23,Khagrachhari,2024,129.6,,,135.65,1
Groundnut,2022-23,Khulna,2024,7.2,,,9.08,1
Groundnut,2022-23,Kishoreganj,2024,2112.69,,,1604.61,1
Groundnut,2022-23,Kurigram,2024,3844.6,,,2617.79,1
Groundnut,2022-23,Kushtia,2024,682.0,,,472.0,1
Groundnut,2022-23,Lakshmipur,2024,4950.5,,,3178.99,1
Groundnut,2022-23,Lalmonirhat,2024,1155.0,,,944.08,1
Groundnut,2022-23,Madaripur,2024,335.92,,,253.15,1
Groundnut,2022-23,Magura,2024,90.0,,,197.75,1
Groundnut,2022-23,Manikganj,2024,2340.6,,,1637.44,1
Groundnut,2022-23,Meherpur,2024,37.0,,,28.46,1
Groundnut,2022-23,Moulvibazar,2024,47.5,,,30.66,1
Groundnut,2022-23,Munshiganj,2024,148.9,,,106.45,1
Groundnut,2022-23,Mymensingh,2024,625.0,,,405.0,1
Groundnut,2022-23,Naogaon,2024,713.22,,,539.6,1
Groundnut,2022-23,Narail,2024,1215.0,,,1102.04,1
Groundnut,2022-23,Narayanganj,2024,523.0,,,271.86,1
Groundnut,2022-23,Narsingdi,2024,656.38,,,338.28,1
Groundnut,2022-23,Natore,2024,1348.89,,,1206.46,1
Groundnut,2022-23,Netrakona,2024,286.0,,,306.0,1
Groundnut,2022-23,Nilphamari,2024,326.24,,,212.04,1
Groundnut,2022-23,Noakhali,2024,17893.0,,,12443.6,1
Groundnut,2022-23,Pabna,2024,1356.0,,,1172.5,1
Groundnut,2022-23,Panchagarh,2024,20336.0,,,15199.33,1
Groundnut,2022-23,Patuakhali,2024,1230.0,,,519.01,1
Groundnut,2022-23,Pirojpur,2024,15.0,,,10.0,1
Groundnut,2022-23,Rajbari,2024,864.0,,,625.85,1
Groundnut,2022-23,Rajshahi,2024,762.32,,,675.84,1
Groundnut,2022-23,Rangamati,2024,66.95,,,64.57,1
Groundnut,2022-23,Rangpur,2024,276.0,,,216.0,1
Groundnut,2022-23,Satkhira,2024,0.0,,,0.0,1
Groundnut,2022-23,Shariatpur,2024,651.0,,,714.5,1
Groundnut,2022-23,Sherpur,2024,117.0,,,120.0,1
Groundnut,2022-23,Sirajganj,2024,3372.8,,,2713.5,1
Groundnut,2022-23,Sunamganj,2024,2826.0,,,2048.0,1
Groundnut,2022-23,Sylhet,2024,31.4,,,33.02,1
Groundnut,2022-23,Tangail,2024,2864.35,,,1580.35,1
Groundnut,2022-23,Thakurgaon,2024,152.0,,,83.57,1
Groundnut,2023-24,Bagerhat,2024,51.0,,,34.76,1
Groundnut,2023-24,Bandarban,2024,222.4,,,154.49,1
Groundnut,2023-24,Barguna,2024,184.0,,,242.0,1
Groundnut,2023-24,Barishal,2024,46.0,,,191.0,1
Groundnut,2023-24,Bhola,2024,4715.0,,,3501.0,1
Groundnut,2023-24,Bogura,2024,1340.45,,,770.75,1
Groundnut,2023-24,Brahmanbaria,2024,413.2,,,243.98,1
Groundnut,2023-24,Chandpur,2024,252.71,,,167.22,1
Groundnut,2023-24,Chapainababganj,2024,59.0,,,57.86,1
Groundnut,2023-24,Chattogram,2024,2044.5,,,1727.84,1
Groundnut,2023-24,Chuadanga,2024,109.0,,,60.0,1
Groundnut,2023-24,Cox's Bazar,2024,1159.19,,,1557.57,1
Groundnut,2023-24,Cumilla,2024,328.5,,,314.3,1
Groundnut,2023-24,Dhaka,2024,243.25,,,157.36,1
Groundnut,2023-24,Dinajpur,2024,184.0,,,130.0,1
Groundnut,2023-24,Faridpur,2024,5475.0,,,6079.92,1
Groundnut,2023-24,Feni,2024,1886.1,,,1396.58,1
Groundnut,2023-24,Gaibandha,2024,1508.0,,,1439.0,1
Groundnut,2023-24,Gazipur,2024,105.41,,,44.96,1
Groundnut,2023-24,Gopalganj,2024,1331.45,,,1147.28,1
Groundnut,2023-24,Habiganj,2024,72.54,,,43.32,1
Groundnut,2023-24,Jamalpur,2024,880.0,,,654.0,1
Groundnut,2023-24,Jashore,2024,15.65,,,8.19,1
Groundnut,2023-24,Jhalokati,2024,138.0,,,89.0,1
Groundnut,2023-24,Jhenaidah,2024,717.51,,,847.13,1
Groundnut,2023-24,Joypurhat,2024,0.0,,,0.0,1
Groundnut,2023-24,Khagrachhari,2024,131.72,,,141.39,1
Groundnut,2023-24,Khulna,2024,7.6,,,9.38,1
Groundnut,2023-24,Kishoreganj,2024,2085.67,,,1581.13,1
Groundnut,2023-24,Kurigram,2024,2305.0,,,1569.0,1
Groundnut,2023-24,Kushtia,2024,1378.0,,,1047.0,1
Groundnut,2023-24,Lakshmipur,2024,4403.75,,,3115.41,1
Groundnut,2023-24,Lalmonirhat,2024,1185.0,,,961.0,1
Groundnut,2023-24,Madaripur,2024,330.66,,,246.75,1
Groundnut,2023-24,Magura,2024,91.68,,,201.39,1
Groundnut,2023-24,Manikganj,2024,1561.3,,,1151.57,1
Groundnut,2023-24,Meherpur,2024,36.5,,,28.51,1
Groundnut,2023-24,Moulvibazar,2024,50.28,,,32.21,1
Groundnut,2023-24,Munshiganj,2024,187.1,,,141.23,1
Groundnut,2023-24,Mymensingh,2024,590.0,,,376.0,1
Groundnut,2023-24,Naogaon,2024,716.59,,,550.4,1
Groundnut,2023-24,Narail,2024,1215.0,,,1104.96,1
Groundnut,2023-24,Narayanganj,2024,526.0,,,273.96,1
Groundnut,2023-24,Narsingdi,2024,645.36,,,333.62,1
Groundnut,2023-24,Natore,2024,1387.42,,,1293.49,1
Groundnut,2023-24,Netrakona,2024,358.0,,,394.0,1
Groundnut,2023-24,Nilphamari,2024,321.0,,,223.0,1
Groundnut,2023-24,Noakhali,2024,18031.5,,,13152.53,1
Groundnut,2023-24,Pabna,2024,1324.0,,,1163.5,1
Groundnut,2023-24,Panchagarh,2024,20975.0,,,15881.0,1
Groundnut,2023-24,Patuakhali,2024,1243.0,,,503.0,1
Groundnut,2023-24,Pirojpur,2024,15.0,,,10.0,1
Groundnut,2023-24,Rajbari,2024,860.0,,,653.87,1
Groundnut,2023-24,Rajshahi,2024,771.23,,,684.32,1
Groundnut,2023-24,Rangamati,2024,57.6,,,57.81,1
Groundnut,2023-24,Rangpur,2024,301.0,,,234.0,1
Groundnut,2023-24,Satkhira,2024,0.0,,,0.0,1
Groundnut,2023-24,Shariatpur,2024,656.5,,,733.0,1
Groundnut,2023-24,Sherpur,2024,92.0,,,96.0,1
Groundnut,2023-24,Sirajganj,2024,3426.6,,,2706.97,1
Groundnut,2023-24,Sunamganj,2024,2817.0,,,2040.0,1
Groundnut,2023-24,Sylhet,2024,30.25,,,22.2,1
Groundnut,2023-24,Tangail,2024,2822.25,,,1508.5,1
Groundnut,2023-24,Thakurgaon,2024,151.0,,,82.0,1
Jute,2022-23,Bagerhat,2024,4656.0,1884.0,1.982,3734.0,1
Jute,2022-23,Bandarban,2024,0.0,0.0,0.0,0.0,1
Jute,2022-23,Barguna,2024,0.0,0.0,0.0,0.0,1
Jute,2022-23,Barishal,2024,27600.0,11169.0,1.883,21032.5,1
Jute,2022-23,Bhola,2024,0.0,0.0,0.0,0.0,1
Jute,2022-23,Bogura,2024,29825.0,12070.0,2.152,25975.0,1
Jute,2022-23,Brahmanbaria,2024,6977.0,2823.0,2.193,6190.4,1
Jute,2022-23,Chandpur,2024,10046.0,4065.0,2.062,8384.7,1
Jute,2022-23,Chapainababganj,2024,5248.0,2124.0,2.461,5227.6,1
Jute,2022-23,Chattogram,2024,0.0,0.0,0.0,0.0,1
Jute,2022-23,Chuadanga,2024,46970.0,19008.0,1.95,37071.8,1
Jute,2022-23,Cox's Bazar,2024,0.0,0.0,0.0,0.0,1
Jute,2022-23,Cumilla,2024,718.0,291.0,2.34,680.0,1
Jute,2022-23,Dhaka,2024,7399.0,2994.0,1.991,5960.7,1
Jute,2022-23,Dinajpur,2024,9905.0,4008.0,2.085,8356.8,1
Jute,2022-23,Faridpur,2024,215625.0,87259.0,2.062,179965.8,1
Jute,2022-23,Feni,2024,0.0,0.0,0.0,0.0,1
Jute,2022-23,Gaibandha,2024,37227.0,15065.0,2.058,31003.0,1
Jute,2022-23,Gazipur,2024,2234.0,904.0,1.722,1556.6,1
Jute,2022-23,Gopalganj,2024,58249.0,23572.0,2.152,50729.7,1
Jute,2022-23,Habiganj,2024,856.0,346.0,2.43,841.9,1
Jute,2022-23,Jamalpur,2024,72360.0,29283.0,1.793,52516.0,1
Jute,2022-23,Jashore,2024,58781.0,23787.0,2.085,49593.4,1
Jute,2022-23,Jhalokati,2024,0.0,0.0,0.0,0.0,1
Jute,2022-23,Jhenaidah,2024,57636.0,23324.0,2.13,49673.0,1
Jute,2022-23,Joypurhat,2024,5008.0,2027.0,2.165,4388.9,1
Jute,2022-23,Khagrachhari,2024,0.0,0.0,0.0,0.0,1
Jute,2022-23,Khulna,2024,3161.0,1279.0,2.152,2753.0,1
Jute,2022-23,Kishoreganj,2024,36404.0,14732.0,2.085,30714.0,1
Jute,2022-23,Kurigram,2024,46388.0,18772.0,2.345,44019.0,1
Jute,2022-23,Kushtia,2024,101408.0,41038.0,2.152,88317.4,1
Jute,2022-23,Lakshmipur,2024,62.0,25.0,1.802,45.2,1
Jute,2022-23,Lalmonirhat,2024,9519.0,3852.0,2.287,8808.4,1
Jute,2022-23,Madaripur,2024,84529.0,34207.0,2.152,73617.3,1
Jute,2022-23,Magura,2024,89686.0,36294.0,2.197,79735.8,1
Jute,2022-23,Manikganj,2024,9543.0,3862.0,1.883,7272.3,1
Jute,2022-23,Meherpur,2024,50288.0,20350.0,2.152,43796.4,1
Jute,2022-23,Moulvibazar,2024,0.0,0.0,0.0,0.0,1
Jute,2022-23,Munshiganj,2024,6077.0,2459.0,1.982,4873.5,1
Jute,2022-23,Mymensingh,2024,13023.0,5270.0,1.964,10349.5,1
Jute,2022-23,Naogaon,2024,14705.0,5951.0,2.175,12940.1,1
Jute,2022-23,Narail,2024,54657.0,22118.0,1.946,43039.6,1
Jute,2022-23,Narayanganj,2024,593.0,240.0,2.009,482.1,1
Jute,2022-23,Narsingdi,2024,6920.0,2800.0,2.183,6114.5,1
Jute,2022-23,Natore,2024,76517.0,30965.0,2.143,66361.9,1
Jute,2022-23,Netrakona,2024,12823.0,5189.0,1.749,9073.8,1
Jute,2022-23,Nilphamari,2024,18560.0,7511.0,2.332,17511.1,1
Jute,2022-23,Noakhali,2024,0.0,0.0,0.0,0.0,1
Jute,2022-23,Pabna,2024,108407.0,43870.0,2.354,103264.2,1
Jute,2022-23,Panchagarh,2024,21769.0,8809.0,2.65,23343.2,1
Jute,2022-23,Patuakhali,2024,0.0,0.0,0.0,0.0,1
Jute,2022-23,Pirojpur,2024,524.0,212.0,1.081,229.2,1
Jute,2022-23,Rajbari,2024,118705.0,48037.0,1.941,93258.9,1
Jute,2022-23,Rajshahi,2024,45364.0,18358.0,2.197,40331.2,1
Jute,2022-23,Rangamati,2024,0.0,0.0,0.0,0.0,1
Jute,2022-23,Rangpur,2024,21319.0,8627.0,2.636,22744.6,1
Jute,2022-23,Satkhira,2024,28444.0,11511.0,1.838,21159.5,1
Jute,2022-23,Shariatpur,2024,64675.0,26173.0,1.883,49285.5,1
Jute,2022-23,Sherpur,2024,5815.0,2353.0,2.542,5982.3,1
Jute,2022-23,Sirajganj,2024,39602.0,16026.0,2.094,33555.7,1
Jute,2022-23,Sunamganj,2024,1933.0,782.0,2.215,1732.6,1
Jute,2022-23,Sylhet,2024,0.0,0.0,0.0,0.0,1
Jute,2022-23,Tangail,2024,38731.0,15674.0,1.964,30779.8,1
Jute,2022-23,Thakurgaon,2024,16163.0,6541.0,2.475,16188.1,1
Jute,2023-24,Bagerhat,2024,4714.0,1908.0,2.354,4490.5,1
Jute,2023-24,Bandarban,2024,0.0,0.0,0.0,0.0,1
Jute,2023-24,Barguna,2024,0.0,0.0,0.0,0.0,1
Jute,2023-24,Barishal,2024,27589.0,11165.0,2.349,26230.1,1
Jute,2023-24,Bhola,2024,0.0,0.0,0.0,0.0,1
Jute,2023-24,Bogura,2024,26923.0,10896.0,2.412,26280.9,1
Jute,2023-24,Brahmanbaria,2024,10203.0,4129.0,2.443,10089.7,1
Jute,2023-24,Chandpur,2024,9565.0,3871.0,2.56,9909.5,1
Jute,2023-24,Chapainababganj,2024,6116.0,2475.0,2.609,6458.4,1
Jute,2023-24,Chattogram,2024,0.0,0.0,0.0,0.0,1
Jute,2023-24,Chuadanga,2024,44245.0,17906.0,2.511,44955.8,1
Jute,2023-24,Cox's Bazar,2024,0.0,0.0,0.0,0.0,1
Jute,2023-24,Cumilla,2024,706.0,286.0,2.677,764.6,1
Jute,2023-24,Dhaka,2024,7148.0,2893.0,2.399,6938.8,1
Jute,2023-24,Dinajpur,2024,9651.0,3906.0,2.197,8580.3,1
Jute,2023-24,Faridpur,2024,215561.0,87236.0,2.574,224499.3,1
Jute,2023-24,Feni,2024,0.0,0.0,0.0,0.0,1
Jute,2023-24,Gaibandha,2024,35012.0,14169.0,2.287,32398.1,1
Jute,2023-24,Gazipur,2024,2296.0,929.0,2.089,1941.4,1
Jute,2023-24,Gopalganj,2024,59528.0,24090.0,2.587,62319.9,1
Jute,2023-24,Habiganj,2024,834.0,337.0,2.354,794.0,1
Jute,2023-24,Jamalpur,2024,70215.0,28416.0,2.031,57711.3,1
Jute,2023-24,Jashore,2024,61578.0,24920.0,2.34,58321.5,1
Jute,2023-24,Jhalokati,2024,0.0,0.0,0.0,0.0,1
Jute,2023-24,Jhenaidah,2024,58528.0,23686.0,2.372,56176.2,1
Jute,2023-24,Joypurhat,2024,7275.0,2944.0,2.376,6996.1,1
Jute,2023-24,Khagrachhari,2024,0.0,0.0,0.0,0.0,1
Jute,2023-24,Khulna,2024,3271.0,1324.0,2.304,3050.6,1
Jute,2023-24,Kishoreganj,2024,36111.0,14614.0,2.376,34725.8,1
Jute,2023-24,Kurigram,2024,42995.0,17400.0,2.435,42359.5,1
Jute,2023-24,Kushtia,2024,92231.0,37325.0,2.448,91369.7,1
Jute,2023-24,Lakshmipur,2024,74.0,30.0,2.206,66.0,1
Jute,2023-24,Lalmonirhat,2024,9209.0,3727.0,2.376,8855.9,1
Jute,2023-24,Madaripur,2024,86264.0,34911.0,2.385,83267.2,1
Jute,2023-24,Magura,2024,87877.0,35563.0,2.596,92318.1,1
Jute,2023-24,Manikganj,2024,9785.0,3960.0,2.408,9533.8,1
Jute,2023-24,Meherpur,2024,52460.0,21230.0,2.304,48924.2,1
Jute,2023-24,Moulvibazar,2024,0.0,0.0,0.0,0.0,1
Jute,2023-24,Munshiganj,2024,6064.0,2454.0,2.264,5556.2,1
Jute,2023-24,Mymensingh,2024,13037.0,5276.0,2.053,10833.6,1
Jute,2023-24,Naogaon,2024,11144.0,4510.0,2.287,10312.1,1
Jute,2023-24,Narail,2024,55728.0,22553.0,2.242,50556.4,1
Jute,2023-24,Narayanganj,2024,619.0,251.0,2.331,584.1,1
Jute,2023-24,Narsingdi,2024,6026.0,2439.0,2.269,5532.5,1
Jute,2023-24,Natore,2024,73624.0,29795.0,2.354,70131.3,1
Jute,2023-24,Netrakona,2024,11140.0,4508.0,1.905,8590.3,1
Jute,2023-24,Nilphamari,2024,16318.0,6604.0,2.354,15544.0,1
Jute,2023-24,Noakhali,2024,0.0,0.0,0.0,0.0,1
Jute,2023-24,Pabna,2024,108757.0,44013.0,2.47,108728.1,1
Jute,2023-24,Panchagarh,2024,22736.0,9201.0,2.69,24751.3,1
Jute,2023-24,Patuakhali,2024,0.0,0.0,0.0,0.0,1
Jute,2023-24,Pirojpur,2024,770.0,312.0,1.753,546.3,1
Jute,2023-24,Rajbari,2024,118457.0,47939.0,2.354,112837.4,1
Jute,2023-24,Rajshahi,2024,45924.0,18585.0,2.354,43745.4,1
Jute,2023-24,Rangamati,2024,0.0,0.0,0.0,0.0,1
Jute,2023-24,Rangpur,2024,21031.0,8511.0,2.677,22780.7,1
Jute,2023-24,Satkhira,2024,28881.0,11688.0,2.287,26724.5,1
Jute,2023-24,Shariatpur,2024,66116.0,26757.0,2.349,62859.5,1
Jute,2023-24,Sherpur,2024,4215.0,1706.0,2.551,4351.5,1
Jute,2023-24,Sirajganj,2024,41523.0,16804.0,2.152,36163.2,1
Jute,2023-24,Sunamganj,2024,1103.0,446.0,2.242,1000.6,1
Jute,2023-24,Sylhet,2024,0.0,0.0,0.0,0.0,1
Jute,2023-24,Tangail,2024,40739.0,16487.0,2.345,38658.5,1
Jute,2023-24,Thakurgaon,2024,16196.0,6555.0,2.65,17367.4,1
Lentil,2021-22,Bagerhat,2024,1504.0,,,490.55,1
Lentil,2021-22,Bandarban,2024,27.6,,,10.27,1
Lentil,2021-22,Barguna,2024,177.0,,,63.0,1
Lentil,2021-22,Barishal,2024,3316.0,,,1802.0,1
Lentil,2021-22,Bhola,2024,1478.0,,,671.0,1
Lentil,2021-22,Bogura,2024,615.34,,,250.15,1
Lentil,2021-22,Brahmanbaria,2024,2834.34,,,879.54,1
Lentil,2021-22,Chandpur,2024,570.75,,,281.78,1
Lentil,2021-22,Chapainababganj,2024,5335.0,,,2462.32,1
Lentil,2021-22,Chattogram,2024,263.13,,,82.47,1
Lentil,2021-22,Chuadanga,2024,4464.0,,,1850.88,1
Lentil,2021-22,Cox's Bazar,2024,0.0,,,0.0,1
Lentil,2021-22,Cumilla,2024,692.3,,,261.06,1
Lentil,2021-22,Dhaka,2024,591.94,,,269.55,1
Lentil,2021-22,Dinajpur,2024,108.15,,,49.74,1
Lentil,2021-22,Faridpur,2024,38893.0,,,27077.7,1
Lentil,2021-22,Feni,2024,1124.25,,,515.45,1
Lentil,2021-22,Gaibandha,2024,1376.0,,,922.84,1
Lentil,2021-22,Gazipur,2024,164.6,,,64.53,1
Lentil,2021-22,Gopalganj,2024,9902.4,,,4244.18,1
Lentil,2021-22,Habiganj,2024,38.0,,,14.8,1
Lentil,2021-22,Jamalpur,2024,744.0,,,258.0,1
Lentil,2021-22,Jashore,2024,24815.0,,,11509.64,1
Lentil,2021-22,Jhalokati,2024,689.0,,,335.0,1
Lentil,2021-22,Jhenaidah,2024,28380.0,,,15970.0,1
Lentil,2021-22,Joypurhat,2024,330.69,,,160.94,1
Lentil,2021-22,Khagrachhari,2024,79.0,,,25.0,1
Lentil,2021-22,Khulna,2024,218.77,,,72.05,1
Lentil,2021-22,Kishoreganj,2024,253.36,,,103.39,1
Lentil,2021-22,Kurigram,2024,1398.71,,,555.53,1
Lentil,2021-22,Kushtia,2024,25958.0,,,15254.0,1
Lentil,2021-22,Lakshmipur,2024,65.8,,,23.0,1
Lentil,2021-22,Lalmonirhat,2024,122.0,,,51.35,1
Lentil,2021-22,Madaripur,2024,12072.0,,,5668.11,1
Lentil,2021-22,Magura,2024,31799.0,,,11362.4,1
Lentil,2021-22,Manikganj,2024,1978.77,,,895.07,1
Lentil,2021-22,Meherpur,2024,12646.0,,,6468.35,1
Lentil,2021-22,Moulvibazar,2024,71.49,,,30.08,1
Lentil,2021-22,Munshiganj,2024,34.5,,,12.87,1
Lentil,2021-22,Mymensingh,2024,722.0,,,389.0,1
Lentil,2021-22,Naogaon,2024,445.21,,,225.17,1
Lentil,2021-22,Narail,2024,13744.0,,,6596.17,1
Lentil,2021-22,Narayanganj,2024,238.12,,,67.7,1
Lentil,2021-22,Narsingdi,2024,48.12,,,14.5,1
Lentil,2021-22,Natore,2024,31026.0,,,15859.01,1
Lentil,2021-22,Netrakona,2024,59.0,,,24.0,1
Lentil,2021-22,Nilphamari,2024,21.44,,,8.66,1
Lentil,2021-22,Noakhali,2024,86.6,,,31.98,1
Lentil,2021-22,Pabna,2024,26602.0,,,13342.0,1
Lentil,2021-22,Panchagarh,2024,168.0,,,58.73,1
Lentil,2021-22,Patuakhali,2024,588.0,,,209.84,1
Lentil,2021-22,Pirojpur,2024,79.0,,,43.0,1
Lentil,2021-22,Rajbari,2024,15900.0,,,15420.0,1
Lentil,2021-22,Rajshahi,2024,35388.3,,,20041.9,1
Lentil,2021-22,Rangamati,2024,74.35,,,27.63,1
Lentil,2021-22,Rangpur,2024,211.0,,,111.0,1
Lentil,2021-22,Satkhira,2024,767.08,,,272.91,1
Lentil,2021-22,Shariatpur,2024,5514.0,,,2852.0,1
Lentil,2021-22,Sherpur,2024,138.0,,,49.0,1
Lentil,2021-22,Sirajganj,2024,6929.98,,,3169.14,1
Lentil,2021-22,Sunamganj,2024,0.0,,,0.0,1
Lentil,2021-22,Sylhet,2024,50.0,,,29.5,1
Lentil,2021-22,Tangail,2024,2718.01,,,773.79,1
Lentil,2021-22,Thakurgaon,2024,296.0,,,108.39,1
Lentil,2022-23,Bagerhat,2024,1397.0,,,494.8,1
Lentil,2022-23,Bandarban,2024,30.1,,,11.2,1
Lentil,2022-23,Barguna,2024,56.0,,,45.0,1
Lentil,2022-23,Barishal,2024,3269.0,,,13567.0,1
Lentil,2022-23,Bhola,2024,1483.0,,,781.0,1
Lentil,2022-23,Bogura,2024,543.1,,,226.6,1
Lentil,2022-23,Brahmanbaria,2024,1356.75,,,431.92,1
Lentil,2022-23,Chandpur,2024,572.0,,,284.57,1
Lentil,2022-23,Chapainababganj,2024,4628.0,,,2154.94,1
Lentil,2022-23,Chattogram,2024,228.69,,,61.3,1
Lentil,2022-23,Chuadanga,2024,4419.5,,,2209.36,1
Lentil,2022-23,Cox's Bazar,2024,0.0,,,0.0,1
Lentil,2022-23,Cumilla,2024,693.5,,,262.3,1
Lentil,2022-23,Dhaka,2024,578.21,,,278.17,1
Lentil,2022-23,Dinajpur,2024,99.2,,,43.86,1
Lentil,2022-23,Faridpur,2024,39889.0,,,27503.23,1
Lentil,2022-23,Feni,2024,1126.0,,,587.6,1
Lentil,2022-23,Gaibandha,2024,1380.0,,,925.0,1
Lentil,2022-23,Gazipur,2024,160.26,,,64.63,1
Lentil,2022-23,Gopalganj,2024,9875.6,,,4142.84,1
Lentil,2022-23,Habiganj,2024,42.0,,,16.59,1
Lentil,2022-23,Jamalpur,2024,742.0,,,255.0,1
Lentil,2022-23,Jashore,2024,18254.5,,,8361.17,1
Lentil,2022-23,Jhalokati,2024,717.0,,,350.0,1
Lentil,2022-23,Jhenaidah,2024,28886.0,,,16742.54,1
Lentil,2022-23,Joypurhat,2024,318.35,,,155.64,1
Lentil,2022-23,Khagrachhari,2024,68.8,,,17.75,1
Lentil,2022-23,Khulna,2024,218.16,,,72.1,1
Lentil,2022-23,Kishoreganj,2024,248.7,,,95.12,1
Lentil,2022-23,Kurigram,2024,1389.71,,,547.48,1
Lentil,2022-23,Kushtia,2024,24650.0,,,14517.0,1
Lentil,2022-23,Lakshmipur,2024,67.7,,,23.22,1
Lentil,2022-23,Lalmonirhat,2024,127.25,,,50.36,1
Lentil,2022-23,Madaripur,2024,11715.0,,,5471.8,1
Lentil,2022-23,Magura,2024,29441.0,,,11062.07,1
Lentil,2022-23,Manikganj,2024,1847.97,,,861.03,1
Lentil,2022-23,Meherpur,2024,10067.0,,,5482.84,1
Lentil,2022-23,Moulvibazar,2024,74.53,,,33.37,1
Lentil,2022-23,Munshiganj,2024,31.3,,,11.34,1
Lentil,2022-23,Mymensingh,2024,722.0,,,389.0,1
Lentil,2022-23,Naogaon,2024,407.53,,,225.72,1
Lentil,2022-23,Narail,2024,13810.0,,,6764.0,1
Lentil,2022-23,Narayanganj,2024,241.54,,,98.08,1
Lentil,2022-23,Narsingdi,2024,48.35,,,14.66,1
Lentil,2022-23,Natore,2024,29914.1,,,15458.97,1
Lentil,2022-23,Netrakona,2024,29.0,,,12.0,1
Lentil,2022-23,Nilphamari,2024,21.72,,,10.47,1
Lentil,2022-23,Noakhali,2024,96.8,,,38.22,1
Lentil,2022-23,Pabna,2024,25919.5,,,16009.35,1
Lentil,2022-23,Panchagarh,2024,150.0,,,51.86,1
Lentil,2022-23,Patuakhali,2024,612.0,,,219.0,1
Lentil,2022-23,Pirojpur,2024,89.0,,,47.0,1
Lentil,2022-23,Rajbari,2024,16764.0,,,15028.46,1
Lentil,2022-23,Rajshahi,2024,29212.98,,,16977.26,1
Lentil,2022-23,Rangamati,2024,68.82,,,23.9,1
Lentil,2022-23,Rangpur,2024,214.0,,,113.0,1
Lentil,2022-23,Satkhira,2024,640.68,,,261.53,1
Lentil,2022-23,Shariatpur,2024,5551.0,,,2931.0,1
Lentil,2022-23,Sherpur,2024,132.0,,,52.0,1
Lentil,2022-23,Sirajganj,2024,6020.35,,,2922.29,1
Lentil,2022-23,Sunamganj,2024,0.0,,,0.0,1
Lentil,2022-23,Sylhet,2024,48.25,,,24.98,1
Lentil,2022-23,Tangail,2024,2732.0,,,848.0,1
Lentil,2022-23,Thakurgaon,2024,292.1,,,106.75,1
Lentil,2023-24,Bagerhat,2024,1211.0,,,429.31,1
Lentil,2023-24,Bandarban,2024,30.5,,,11.3,1
Lentil,2023-24,Barguna,2024,65.0,,,58.0,1
Lentil,2023-24,Barishal,2024,2820.0,,,13382.0,1
Lentil,2023-24,Bhola,2024,1426.0,,,749.0,1
Lentil,2023-24,Bogura,2024,536.2,,,229.05,1
Lentil,2023-24,Brahmanbaria,2024,1273.55,,,391.21,1
Lentil,2023-24,Chandpur,2024,568.65,,,287.9,1
Lentil,2023-24,Chapainababganj,2024,4536.72,,,2573.51,1
Lentil,2023-24,Chattogram,2024,199.68,,,49.32,1
Lentil,2023-24,Chuadanga,2024,4002.0,,,2348.08,1
Lentil,2023-24,Cox's Bazar,2024,0.0,,,0.0,1
Lentil,2023-24,Cumilla,2024,699.0,,,266.0,1
Lentil,2023-24,Dhaka,2024,521.75,,,241.65,1
Lentil,2023-24,Dinajpur,2024,96.0,,,50.0,1
Lentil,2023-24,Faridpur,2024,40170.0,,,27401.45,1
Lentil,2023-24,Feni,2024,1142.0,,,611.4,1
Lentil,2023-24,Gaibandha,2024,1189.0,,,834.0,1
Lentil,2023-24,Gazipur,2024,158.8,,,64.19,1
Lentil,2023-24,Gopalganj,2024,9659.8,,,4090.02,1
Lentil,2023-24,Habiganj,2024,44.75,,,17.81,1
Lentil,2023-24,Jamalpur,2024,771.0,,,273.0,1
Lentil,2023-24,Jashore,2024,13616.0,,,6126.0,1
Lentil,2023-24,Jhalokati,2024,781.0,,,388.0,1
Lentil,2023-24,Jhenaidah,2024,28594.0,,,16603.02,1
Lentil,2023-24,Joypurhat,2024,309.34,,,170.84,1
Lentil,2023-24,Khagrachhari,2024,68.0,,,17.0,1
Lentil,2023-24,Khulna,2024,220.76,,,72.85,1
Lentil,2023-24,Kishoreganj,2024,240.51,,,93.75,1
Lentil,2023-24,Kurigram,2024,1245.0,,,545.0,1
Lentil,2023-24,Kushtia,2024,18897.0,,,11813.0,1
Lentil,2023-24,Lakshmipur,2024,63.7,,,21.84,1
Lentil,2023-24,Lalmonirhat,2024,125.5,,,54.0,1
Lentil,2023-24,Madaripur,2024,10003.0,,,5160.17,1
Lentil,2023-24,Magura,2024,29205.0,,,11458.4,1
Lentil,2023-24,Manikganj,2024,1483.47,,,644.25,1
Lentil,2023-24,Meherpur,2024,11269.0,,,6094.46,1
Lentil,2023-24,Moulvibazar,2024,77.53,,,36.41,1
Lentil,2023-24,Munshiganj,2024,29.7,,,10.72,1
Lentil,2023-24,Mymensingh,2024,701.0,,,374.0,1
Lentil,2023-24,Naogaon,2024,375.81,,,209.42,1
Lentil,2023-24,Narail,2024,13853.0,,,6812.0,1
Lentil,2023-24,Narayanganj,2024,204.99,,,80.19,1
Lentil,2023-24,Narsingdi,2024,50.58,,,14.33,1
Lentil,2023-24,Natore,2024,29581.85,,,15445.63,1
Lentil,2023-24,Netrakona,2024,26.0,,,11.0,1
Lentil,2023-24,Nilphamari,2024,22.0,,,11.0,1
Lentil,2023-24,Noakhali,2024,107.05,,,44.47,1
Lentil,2023-24,Pabna,2024,20653.0,,,11757.76,1
Lentil,2023-24,Panchagarh,2024,138.0,,,49.0,1
Lentil,2023-24,Patuakhali,2024,587.0,,,210.0,1
Lentil,2023-24,Pirojpur,2024,77.0,,,47.0,1
Lentil,2023-24,Rajbari,2024,16175.0,,,14764.7,1
Lentil,2023-24,Rajshahi,2024,26164.33,,,15404.9,1
Lentil,2023-24,Rangamati,2024,68.65,,,24.0,1
Lentil,2023-24,Rangpur,2024,214.0,,,116.0,1
Lentil,2023-24,Satkhira,2024,703.54,,,316.06,1
Lentil,2023-24,Shariatpur,2024,5060.0,,,2732.0,1
Lentil,2023-24,Sherpur,2024,123.0,,,48.0,1
Lentil,2023-24,Sirajganj,2024,3303.81,,,1682.63,1
Lentil,2023-24,Sunamganj,2024,0.0,,,0.0,1
Lentil,2023-24,Sylhet,2024,49.25,,,23.35,1
Lentil,2023-24,Tangail,2024,2726.08,,,865.47,1
Lentil,2023-24,Thakurgaon,2024,294.0,,,108.0,1
Maize,2021-22,Bagerhat,2024,421.5,,,946.17,1
Maize,2021-22,Bandarban,2024,785.0,,,942.1,1
Maize,2021-22,Barguna,2024,126.0,,,181.0,1
Maize,2021-22,Barishal,2024,660.0,,,1320.0,1
Maize,2021-22,Bhola,2024,1954.0,,,5254.0,1
Maize,2021-22,Bogura,2024,18583.94,,,56351.71,1
Maize,2021-22,Brahmanbaria,2024,266.9,,,406.04,1
Maize,2021-22,Chandpur,2024,13729.0,,,38511.69,1
Maize,2021-22,Chapainababganj,2024,16946.89,,,46085.11,1
Maize,2021-22,Chattogram,2024,66.0,,,171.87,1
Maize,2021-22,Chuadanga,2024,117936.0,,,517263.0,1
Maize,2021-22,Cox's Bazar,2024,200.35,,,424.94,1
Maize,2021-22,Cumilla,2024,23305.0,,,57115.5,1
Maize,2021-22,Dhaka,2024,16502.0,,,44431.9,1
Maize,2021-22,Dinajpur,2024,166533.0,,,584980.0,1
Maize,2021-22,Faridpur,2024,1550.5,,,3495.0,1
Maize,2021-22,Feni,2024,350.92,,,1017.24,1
Maize,2021-22,Gaibandha,2024,34201.0,,,109955.0,1
Maize,2021-22,Gazipur,2024,346.12,,,790.72,1
Maize,2021-22,Gopalganj,2024,115.6,,,328.79,1
Maize,2021-22,Habiganj,2024,27.8,,,39.1,1
Maize,2021-22,Jamalpur,2024,27695.0,,,113758.0,1
Maize,2021-22,Jashore,2024,1470.0,,,4790.0,1
Maize,2021-22,Jhalokati,2024,1095.0,,,2404.0,1
Maize,2021-22,Jhenaidah,2024,43241.0,,,172060.5,1
Maize,2021-22,Joypurhat,2024,817.58,,,2828.0,1
Maize,2021-22,Khagrachhari,2024,1474.75,,,2626.0,1
Maize,2021-22,Khulna,2024,213.4,,,602.37,1
Maize,2021-22,Kishoreganj,2024,13926.74,,,43161.0,1
Maize,2021-22,Kurigram,2024,22775.0,,,74910.97,1
Maize,2021-22,Kushtia,2024,24560.0,,,97640.0,1
Maize,2021-22,Lakshmipur,2024,0.0,,,0.0,1
Maize,2021-22,Lalmonirhat,2024,88661.0,,,309114.0,1
Maize,2021-22,Madaripur,2024,568.6,,,2153.58,1
Maize,2021-22,Magura,2024,155.97,,,512.39,1
Maize,2021-22,Manikganj,2024,53305.0,,,161477.8,1
Maize,2021-22,Meherpur,2024,28300.0,,,124916.2,1
Maize,2021-22,Moulvibazar,2024,2.61,,,7.83,1
Maize,2021-22,Munshiganj,2024,11305.01,,,25151.79,1
Maize,2021-22,Mymensingh,2024,290.0,,,1015.0,1
Maize,2021-22,Naogaon,2024,17238.18,,,61452.66,1
Maize,2021-22,Narail,2024,301.0,,,1061.0,1
Maize,2021-22,Narayanganj,2024,65.72,,,209.47,1
Maize,2021-22,Narsingdi,2024,39.14,,,101.12,1
Maize,2021-22,Natore,2024,32698.0,,,91676.73,1
Maize,2021-22,Netrakona,2024,0.0,,,0.0,1
Maize,2021-22,Nilphamari,2024,59987.0,,,251708.0,1
Maize,2021-22,Noakhali,2024,256.85,,,798.11,1
Maize,2021-22,Pabna,2024,1800.0,,,5069.24,1
Maize,2021-22,Panchagarh,2024,67218.0,,,280577.8,1
Maize,2021-22,Patuakhali,2024,112.0,,,167.0,1
Maize,2021-22,Pirojpur,2024,533.0,,,995.0,1
Maize,2021-22,Rajbari,2024,729.0,,,2164.0,1
Maize,2021-22,Rajshahi,2024,39921.5,,,117973.9,1
Maize,2021-22,Rangamati,2024,1054.05,,,1846.6,1
Maize,2021-22,Rangpur,2024,67401.0,,,215831.0,1
Maize,2021-22,Satkhira,2024,156.07,,,445.16,1
Maize,2021-22,Shariatpur,2024,32.5,,,99.15,1
Maize,2021-22,Sherpur,2024,2058.0,,,5235.0,1
Maize,2021-22,Sirajganj,2024,30542.06,,,105040.2,1
Maize,2021-22,Sunamganj,2024,15.0,,,31.5,1
Maize,2021-22,Sylhet,2024,29.0,,,53.99,1
Maize,2021-22,Tangail,2024,7685.25,,,22529.5,1
Maize,2021-22,Thakurgaon,2024,121315.0,,,342232.0,1
Maize,2022-23,Bagerhat,2024,404.0,,,915.45,1
Maize,2022-23,Bandarban,2024,790.5,,,896.0,1
Maize,2022-23,Barguna,2024,127.0,,,180.0,1
Maize,2022-23,Barishal,2024,1094.0,,,2459.0,1
Maize,2022-23,Bhola,2024,1940.0,,,4966.0,1
Maize,2022-23,Bogura,2024,17303.97,,,57541.06,1
Maize,2022-23,Brahmanbaria,2024,282.3,,,496.09,1
Maize,2022-23,Chandpur,2024,14229.15,,,39309.58,1
Maize,2022-23,Chapainababganj,2024,17433.02,,,47600.25,1
Maize,2022-23,Chattogram,2024,110.0,,,248.0,1
Maize,2022-23,Chuadanga,2024,115476.0,,,488723.0,1
Maize,2022-23,Cox's Bazar,2024,200.0,,,425.0,1
Maize,2022-23,Cumilla,2024,23309.0,,,57116.0,1
Maize,2022-23,Dhaka,2024,13258.0,,,37938.93,1
Maize,2022-23,Dinajpur,2024,172578.0,,,630047.0,1
Maize,2022-23,Faridpur,2024,800.0,,,1856.35,1
Maize,2022-23,Feni,2024,355.13,,,1021.99,1
Maize,2022-23,Gaibandha,2024,27327.0,,,89609.2,1
Maize,2022-23,Gazipur,2024,227.57,,,675.27,1
Maize,2022-23,Gopalganj,2024,108.37,,,303.11,1
Maize,2022-23,Habiganj,2024,55.5,,,105.32,1
Maize,2022-23,Jamalpur,2024,28583.0,,,121457.0,1
Maize,2022-23,Jashore,2024,1229.0,,,4157.0,1
Maize,2022-23,Jhalokati,2024,1078.0,,,1874.0,1
Maize,2022-23,Jhenaidah,2024,46036.0,,,179301.0,1
Maize,2022-23,Joypurhat,2024,862.74,,,3229.0,1
Maize,2022-23,Khagrachhari,2024,1524.06,,,2880.37,1
Maize,2022-23,Khulna,2024,207.17,,,624.7,1
Maize,2022-23,Kishoreganj,2024,15318.29,,,51557.96,1
Maize,2022-23,Kurigram,2024,22435.0,,,79414.25,1
Maize,2022-23,Kushtia,2024,23802.0,,,95423.0,1
Maize,2022-23,Lakshmipur,2024,292.0,,,599.0,1
Maize,2022-23,Lalmonirhat,2024,83662.25,,,308095.6,1
Maize,2022-23,Madaripur,2024,584.0,,,2205.75,1
Maize,2022-23,Magura,2024,175.19,,,519.42,1
Maize,2022-23,Manikganj,2024,53512.73,,,164449.2,1
Maize,2022-23,Meherpur,2024,27321.0,,,125421.2,1
Maize,2022-23,Moulvibazar,2024,2.96,,,8.88,1
Maize,2022-23,Munshiganj,2024,10318.01,,,24361.7,1
Maize,2022-23,Mymensingh,2024,333.0,,,1164.0,1
Maize,2022-23,Naogaon,2024,17123.68,,,70374.92,1
Maize,2022-23,Narail,2024,258.0,,,912.0,1
Maize,2022-23,Narayanganj,2024,145.07,,,461.92,1
Maize,2022-23,Narsingdi,2024,41.7,,,106.67,1
Maize,2022-23,Natore,2024,29392.64,,,95659.45,1
Maize,2022-23,Netrakona,2024,91.0,,,241.0,1
Maize,2022-23,Nilphamari,2024,64587.0,,,274655.2,1
Maize,2022-23,Noakhali,2024,387.0,,,1203.0,1
Maize,2022-23,Pabna,2024,1783.25,,,4983.3,1
Maize,2022-23,Panchagarh,2024,74407.0,,,314901.5,1
Maize,2022-23,Patuakhali,2024,0.0,,,0.0,1
Maize,2022-23,Pirojpur,2024,642.0,,,1186.0,1
Maize,2022-23,Rajbari,2024,311.0,,,895.0,1
Maize,2022-23,Rajshahi,2024,39810.63,,,117917.9,1
Maize,2022-23,Rangamati,2024,1013.85,,,1886.51,1
Maize,2022-23,Rangpur,2024,65164.0,,,210176.0,1
Maize,2022-23,Satkhira,2024,145.08,,,414.59,1
Maize,2022-23,Shariatpur,2024,67.7,,,185.0,1
Maize,2022-23,Sherpur,2024,2157.0,,,5454.0,1
Maize,2022-23,Sirajganj,2024,31222.46,,,118228.8,1
Maize,2022-23,Sunamganj,2024,16.0,,,14.0,1
Maize,2022-23,Sylhet,2024,29.0,,,25.43,1
Maize,2022-23,Tangail,2024,8630.94,,,22300.82,1
Maize,2022-23,Thakurgaon,2024,119588.0,,,390486.1,1
Maize,2023-24,Bagerhat,2024,530.0,,,1240.0,1
Maize,2023-24,Bandarban,2024,803.0,,,907.75,1
Maize,2023-24,Barguna,2024,110.0,,,156.0,1
Maize,2023-24,Barishal,2024,1114.0,,,2242.0,1
Maize,2023-24,Bhola,2024,1871.0,,,4917.0,1
Maize,2023-24,Bogura,2024,31067.61,,,116666.28,1
Maize,2023-24,Brahmanbaria,2024,1287.8,,,2720.5,1
Maize,2023-24,Chandpur,2024,11319.9,,,32517.3,1
Maize,2023-24,Chapainababganj,2024,17667.0,,,51467.93,1
Maize,2023-24,Chattogram,2024,137.74,,,351.36,1
Maize,2023-24,Chuadanga,2024,118239.5,,,555116.0,1
Maize,2023-24,Cox's Bazar,2024,200.35,,,424.94,1
Maize,2023-24,Cumilla,2024,24054.0,,,54813.1,1
Maize,2023-24,Dhaka,2024,13093.5,,,36892.02,1
Maize,2023-24,Dinajpur,2024,172498.0,,,641406.89,1
Maize,2023-24,Faridpur,2024,944.6,,,3155.5,1
Maize,2023-24,Feni,2024,186.5,,,675.0,1
Maize,2023-24,Gaibandha,2024,31353.0,,,99423.54,1
Maize,2023-24,Gazipur,2024,66.96,,,286.93,1
Maize,2023-24,Gopalganj,2024,114.5,,,327.55,1
Maize,2023-24,Habiganj,2024,57.25,,,105.66,1
Maize,2023-24,Jamalpur,2024,34621.0,,,148869.0,1
Maize,2023-24,Jashore,2024,1396.0,,,4758.0,1
Maize,2023-24,Jhalokati,2024,1080.0,,,2216.0,1
Maize,2023-24,Jhenaidah,2024,43991.0,,,183514.4,1
Maize,2023-24,Joypurhat,2024,908.56,,,3228.0,1
Maize,2023-24,Khagrachhari,2024,1546.41,,,2783.67,1
Maize,2023-24,Khulna,2024,315.96,,,923.07,1
Maize,2023-24,Kishoreganj,2024,18205.37,,,63560.32,1
Maize,2023-24,Kurigram,2024,22779.0,,,81129.35,1
Maize,2023-24,Kushtia,2024,26152.0,,,64682.0,1
Maize,2023-24,Lakshmipur,2024,144.0,,,326.0,1
Maize,2023-24,Lalmonirhat,2024,85747.0,,,316764.79,1
Maize,2023-24,Madaripur,2024,693.17,,,2622.19,1
Maize,2023-24,Magura,2024,185.95,,,570.6,1
Maize,2023-24,Manikganj,2024,54892.7,,,175357.5,1
Maize,2023-24,Meherpur,2024,28193.0,,,12987.08,1
Maize,2023-24,Moulvibazar,2024,6.2,,,18.6,1
Maize,2023-24,Munshiganj,2024,10763.5,,,26130.14,1
Maize,2023-24,Mymensingh,2024,416.0,,,1397.0,1
Maize,2023-24,Naogaon,2024,18483.31,,,77210.62,1
Maize,2023-24,Narail,2024,267.0,,,943.0,1
Maize,2023-24,Narayanganj,2024,284.97,,,924.19,1
Maize,2023-24,Narsingdi,2024,57.79,,,157.1,1
Maize,2023-24,Natore,2024,32938.38,,,111167.17,1
Maize,2023-24,Netrakona,2024,130.0,,,387.0,1
Maize,2023-24,Nilphamari,2024,65867.0,,,282253.13,1
Maize,2023-24,Noakhali,2024,396.02,,,1297.12,1
Maize,2023-24,Pabna,2024,1863.5,,,7246.37,1
Maize,2023-24,Panchagarh,2024,74504.0,,,325433.35,1
Maize,2023-24,Patuakhali,2024,144.15,,,367.0,1
Maize,2023-24,Pirojpur,2024,645.0,,,1196.0,1
Maize,2023-24,Rajbari,2024,559.0,,,1704.4,1
Maize,2023-24,Rajshahi,2024,37244.84,,,114641.44,1
Maize,2023-24,Rangamati,2024,1018.06,,,1843.58,1
Maize,2023-24,Rangpur,2024,65181.0,,,210861.0,1
Maize,2023-24,Satkhira,2024,205.55,,,637.49,1
Maize,2023-24,Shariatpur,2024,71.2,,,195.4,1
Maize,2023-24,Sherpur,2024,3249.0,,,8149.0,1
Maize,2023-24,Sirajganj,2024,34452.76,,,136984.76,1
Maize,2023-24,Sunamganj,2024,300.0,,,911.94,1
Maize,2023-24,Sylhet,2024,33.0,,,53.0,1
Maize,2023-24,Tangail,2024,10227.81,,,33715.24,1
Maize,2023-24,Thakurgaon,2024,120432.0,,,429654.87,1
Mung,2021-22,Bagerhat,2024,483.5,,,144.38,1
Mung,2021-22,Bandarban,2024,51.55,,,19.4,1
Mung,2021-22,Barguna,2024,13627.0,,,4781.0,1
Mung,2021-22,Barishal,2024,13105.0,,,5590.0,1
Mung,2021-22,Bhola,2024,25653.0,,,10117.0,1
Mung,2021-22,Bogura,2024,7.3,,,5.26,1
Mung,2021-22,Brahmanbaria,2024,15.25,,,4.18,1
Mung,2021-22,Chandpur,2024,175.98,,,76.55,1
Mung,2021-22,Chapainababganj,2024,28.0,,,8.28,1
Mung,2021-22,Chattogram,2024,1665.34,,,504.0,1
Mung,2021-22,Chuadanga,2024,1388.0,,,787.44,1
Mung,2021-22,Cox's Bazar,2024,0.0,,,0.0,1
Mung,2021-22,Cumilla,2024,3.3,,,1.9,1
Mung,2021-22,Dhaka,2024,74.0,,,51.33,1
Mung,2021-22,Dinajpur,2024,32.0,,,10.0,1
Mung,2021-22,Faridpur,2024,988.5,,,353.25,1
Mung,2021-22,Feni,2024,1382.31,,,724.42,1
Mung,2021-22,Gaibandha,2024,126.0,,,50.25,1
Mung,2021-22,Gazipur,2024,48.06,,,14.36,1
Mung,2021-22,Gopalganj,2024,193.65,,,76.41,1
Mung,2021-22,Habiganj,2024,0.0,,,0.0,1
Mung,2021-22,Jamalpur,2024,90.0,,,36.0,1
Mung,2021-22,Jashore,2024,1642.0,,,635.32,1
Mung,2021-22,Jhalokati,2024,2295.0,,,703.0,1
Mung,2021-22,Jhenaidah,2024,1645.0,,,714.0,1
Mung,2021-22,Joypurhat,2024,23.05,,,7.24,1
Mung,2021-22,Khagrachhari,2024,0.0,,,0.0,1
Mung,2021-22,Khulna,2024,206.05,,,57.96,1
Mung,2021-22,Kishoreganj,2024,195.64,,,71.56,1
Mung,2021-22,Kurigram,2024,148.4,,,96.22,1
Mung,2021-22,Kushtia,2024,153.0,,,83.0,1
Mung,2021-22,Lakshmipur,2024,1503.0,,,382.0,1
Mung,2021-22,Lalmonirhat,2024,72.95,,,41.32,1
Mung,2021-22,Madaripur,2024,408.61,,,132.76,1
Mung,2021-22,Magura,2024,132.6,,,44.58,1
Mung,2021-22,Manikganj,2024,271.5,,,82.07,1
Mung,2021-22,Meherpur,2024,77.0,,,30.8,1
Mung,2021-22,Moulvibazar,2024,13.2,,,4.1,1
Mung,2021-22,Munshiganj,2024,0.0,,,0.0,1
Mung,2021-22,Mymensingh,2024,155.0,,,62.0,1
Mung,2021-22,Naogaon,2024,132.94,,,74.81,1
Mung,2021-22,Narail,2024,357.0,,,145.46,1
Mung,2021-22,Narayanganj,2024,27.5,,,11.45,1
Mung,2021-22,Narsingdi,2024,23.14,,,7.08,1
Mung,2021-22,Natore,2024,10599.4,,,4032.87,1
Mung,2021-22,Netrakona,2024,0.0,,,0.0,1
Mung,2021-22,Nilphamari,2024,10.75,,,3.72,1
Mung,2021-22,Noakhali,2024,12730.0,,,4172.23,1
Mung,2021-22,Pabna,2024,466.5,,,196.85,1
Mung,2021-22,Panchagarh,2024,231.0,,,127.16,1
Mung,2021-22,Patuakhali,2024,12575.0,,,2617.0,1
Mung,2021-22,Pirojpur,2024,624.0,,,196.0,1
Mung,2021-22,Rajbari,2024,134.0,,,60.0,1
Mung,2021-22,Rajshahi,2024,7520.1,,,3237.71,1
Mung,2021-22,Rangamati,2024,0.0,,,0.0,1
Mung,2021-22,Rangpur,2024,45.0,,,19.0,1
Mung,2021-22,Satkhira,2024,22.81,,,6.91,1
Mung,2021-22,Shariatpur,2024,192.0,,,94.0,1
Mung,2021-22,Sherpur,2024,11.0,,,4.0,1
Mung,2021-22,Sirajganj,2024,8.75,,,2.8,1
Mung,2021-22,Sunamganj,2024,0.0,,,0.0,1
Mung,2021-22,Sylhet,2024,12.0,,,3.25,1
Mung,2021-22,Tangail,2024,2.51,,,1.53,1
Mung,2021-22,Thakurgaon,2024,104.0,,,31.31,1
Mung,2022-23,Bagerhat,2024,483.5,,,144.38,1
Mung,2022-23,Bandarban,2024,51.7,,,19.5,1
Mung,2022-23,Barguna,2024,13614.0,,,4832.0,1
Mung,2022-23,Barishal,2024,13828.0,,,10199.0,1
Mung,2022-23,Bhola,2024,25991.0,,,10291.0,1
Mung,2022-23,Bogura,2024,7.25,,,5.22,1
Mung,2022-23,Brahmanbaria,2024,15.25,,,4.18,1
Mung,2022-23,Chandpur,2024,178.2,,,88.18,1
Mung,2022-23,Chapainababganj,2024,20.0,,,5.95,1
Mung,2022-23,Chattogram,2024,2231.03,,,720.6,1
Mung,2022-23,Chuadanga,2024,1388.0,,,787.44,1
Mung,2022-23,Cox's Bazar,2024,0.0,,,0.0,1
Mung,2022-23,Cumilla,2024,9.0,,,5.0,1
Mung,2022-23,Dhaka,2024,149.8,,,88.64,1
Mung,2022-23,Dinajpur,2024,24.45,,,6.45,1
Mung,2022-23,Faridpur,2024,1042.69,,,395.12,1
Mung,2022-23,Feni,2024,1232.3,,,512.5,1
Mung,2022-23,Gaibandha,2024,134.4,,,52.0,1
Mung,2022-23,Gazipur,2024,48.96,,,14.64,1
Mung,2022-23,Gopalganj,2024,197.1,,,78.3,1
Mung,2022-23,Habiganj,2024,0.0,,,0.0,1
Mung,2022-23,Jamalpur,2024,91.0,,,38.0,1
Mung,2022-23,Jashore,2024,1642.0,,,635.32,1
Mung,2022-23,Jhalokati,2024,2348.0,,,734.0,1
Mung,2022-23,Jhenaidah,2024,1645.0,,,714.0,1
Mung,2022-23,Joypurhat,2024,0.0,,,0.0,1
Mung,2022-23,Khagrachhari,2024,0.0,,,0.0,1
Mung,2022-23,Khulna,2024,206.05,,,57.96,1
Mung,2022-23,Kishoreganj,2024,186.23,,,66.98,1
Mung,2022-23,Kurigram,2024,147.9,,,83.37,1
Mung,2022-23,Kushtia,2024,153.0,,,83.0,1
Mung,2022-23,Lakshmipur,2024,1466.75,,,465.0,1
Mung,2022-23,Lalmonirhat,2024,73.7,,,41.33,1
Mung,2022-23,Madaripur,2024,273.77,,,88.47,1
Mung,2022-23,Magura,2024,132.6,,,44.58,1
Mung,2022-23,Manikganj,2024,268.4,,,80.52,1
Mung,2022-23,Meherpur,2024,77.0,,,30.8,1
Mung,2022-23,Moulvibazar,2024,0.0,,,0.0,1
Mung,2022-23,Munshiganj,2024,0.0,,,0.0,1
Mung,2022-23,Mymensingh,2024,113.0,,,48.0,1
Mung,2022-23,Naogaon,2024,137.28,,,79.16,1
Mung,2022-23,Narail,2024,357.0,,,145.46,1
Mung,2022-23,Narayanganj,2024,27.0,,,11.56,1
Mung,2022-23,Narsingdi,2024,22.79,,,6.94,1
Mung,2022-23,Natore,2024,9143.47,,,3574.49,1
Mung,2022-23,Netrakona,2024,2.0,,,1.0,1
Mung,2022-23,Nilphamari,2024,10.96,,,3.86,1
Mung,2022-23,Noakhali,2024,12914.04,,,4240.76,1
Mung,2022-23,Pabna,2024,454.75,,,217.7,1
Mung,2022-23,Panchagarh,2024,206.0,,,110.45,1
Mung,2022-23,Patuakhali,2024,12566.0,,,2613.0,1
Mung,2022-23,Pirojpur,2024,632.0,,,203.0,1
Mung,2022-23,Rajbari,2024,148.0,,,65.33,1
Mung,2022-23,Rajshahi,2024,6250.23,,,2692.15,1
Mung,2022-23,Rangamati,2024,0.0,,,0.0,1
Mung,2022-23,Rangpur,2024,43.0,,,18.0,1
Mung,2022-23,Satkhira,2024,22.81,,,6.91,1
Mung,2022-23,Shariatpur,2024,174.0,,,75.0,1
Mung,2022-23,Sherpur,2024,8.0,,,3.0,1
Mung,2022-23,Sirajganj,2024,8.25,,,2.64,1
Mung,2022-23,Sunamganj,2024,0.0,,,0.0,1
Mung,2022-23,Sylhet,2024,8.0,,,1.92,1
Mung,2022-23,Tangail,2024,2.49,,,1.52,1
Mung,2022-23,Thakurgaon,2024,100.5,,,30.52,1
Mung,2023-24,Bagerhat,2024,464.0,,,602.28,1
Mung,2023-24,Bandarban,2024,51.8,,,19.5,1
Mung,2023-24,Barguna,2024,13704.0,,,4849.0,1
Mung,2023-24,Barishal,2024,26849.0,,,10355.0,1
Mung,2023-24,Bhola,2024,26006.0,,,10301.0,1
Mung,2023-24,Bogura,2024,0.95,,,0.64,1
Mung,2023-24,Brahmanbaria,2024,5.05,,,4.98,1
Mung,2023-24,Chandpur,2024,178.19,,,88.28,1
Mung,2023-24,Chapainababganj,2024,18.5,,,5.4,1
Mung,2023-24,Chattogram,2024,2178.96,,,694.4,1
Mung,2023-24,Chuadanga,2024,1163.0,,,666.84,1
Mung,2023-24,Cox's Bazar,2024,0.0,,,0.0,1
Mung,2023-24,Cumilla,2024,9.0,,,5.0,1
Mung,2023-24,Dhaka,2024,125.5,,,45.45,1
Mung,2023-24,Dinajpur,2024,31.0,,,13.0,1
Mung,2023-24,Faridpur,2024,1143.8,,,395.1,1
Mung,2023-24,Feni,2024,1202.0,,,660.6,1
Mung,2023-24,Gaibandha,2024,135.0,,,55.0,1
Mung,2023-24,Gazipur,2024,50.99,,,15.54,1
Mung,2023-24,Gopalganj,2024,183.5,,,77.13,1
Mung,2023-24,Habiganj,2024,0.0,,,0.0,1
Mung,2023-24,Jamalpur,2024,93.0,,,37.0,1
Mung,2023-24,Jashore,2024,391.0,,,161.0,1
Mung,2023-24,Jhalokati,2024,3633.0,,,1176.0,1
Mung,2023-24,Jhenaidah,2024,1654.5,,,746.71,1
Mung,2023-24,Joypurhat,2024,0.0,,,0.0,1
Mung,2023-24,Khagrachhari,2024,0.0,,,0.0,1
Mung,2023-24,Khulna,2024,202.9,,,57.48,1
Mung,2023-24,Kishoreganj,2024,167.92,,,61.2,1
Mung,2023-24,Kurigram,2024,139.0,,,60.0,1
Mung,2023-24,Kushtia,2024,100.0,,,62.0,1
Mung,2023-24,Lakshmipur,2024,1393.5,,,432.0,1
Mung,2023-24,Lalmonirhat,2024,73.5,,,32.0,1
Mung,2023-24,Madaripur,2024,210.87,,,77.79,1
Mung,2023-24,Magura,2024,230.22,,,81.62,1
Mung,2023-24,Manikganj,2024,220.3,,,68.29,1
Mung,2023-24,Meherpur,2024,79.0,,,31.55,1
Mung,2023-24,Moulvibazar,2024,0.0,,,0.0,1
Mung,2023-24,Munshiganj,2024,0.0,,,0.0,1
Mung,2023-24,Mymensingh,2024,95.0,,,41.0,1
Mung,2023-24,Naogaon,2024,155.02,,,81.35,1
Mung,2023-24,Narail,2024,378.0,,,155.0,1
Mung,2023-24,Narayanganj,2024,23.92,,,10.06,1
Mung,2023-24,Narsingdi,2024,23.54,,,7.22,1
Mung,2023-24,Natore,2024,9111.11,,,3658.61,1
Mung,2023-24,Netrakona,2024,3.0,,,1.0,1
Mung,2023-24,Nilphamari,2024,10.96,,,4.68,1
Mung,2023-24,Noakhali,2024,12981.95,,,4395.4,1
Mung,2023-24,Pabna,2024,460.0,,,252.72,1
Mung,2023-24,Panchagarh,2024,190.0,,,100.0,1
Mung,2023-24,Patuakhali,2024,12581.0,,,2654.0,1
Mung,2023-24,Pirojpur,2024,642.0,,,209.0,1
Mung,2023-24,Rajbari,2024,150.0,,,65.41,1
Mung,2023-24,Rajshahi,2024,2074.18,,,953.66,1
Mung,2023-24,Rangamati,2024,0.0,,,0.0,1
Mung,2023-24,Rangpur,2024,41.0,,,16.0,1
Mung,2023-24,Satkhira,2024,23.93,,,7.39,1
Mung,2023-24,Shariatpur,2024,116.24,,,50.0,1
Mung,2023-24,Sherpur,2024,8.0,,,3.0,1
Mung,2023-24,Sirajganj,2024,8.0,,,2.56,1
Mung,2023-24,Sunamganj,2024,0.0,,,0.0,1
Mung,2023-24,Sylhet,2024,8.5,,,2.55,1
Mung,2023-24,Tangail,2024,2.53,,,1.54,1
Mung,2023-24,Thakurgaon,2024,100.0,,,30.0,1
Mustard,2021-22,Bagerhat,2024,1391.6,,,558.16,1
Mustard,2021-22,Bandarban,2024,331.0,,,87.04,1
Mustard,2021-22,Barguna,2024,92.0,,,50.0,1
Mustard,2021-22,Barishal,2024,1960.0,,,790.0,1
Mustard,2021-22,Bhola,2024,2206.0,,,1023.13,1
Mustard,2021-22,Bogura,2024,37312.0,,,22540.0,1
Mustard,2021-22,Brahmanbaria,2024,29429.9,,,13922.27,1
Mustard,2021-22,Chandpur,2024,3844.23,,,2480.34,1
Mustard,2021-22,Chapainababganj,2024,26568.0,,,13148.76,1
Mustard,2021-22,Chattogram,2024,1264.48,,,426.34,1
Mustard,2021-22,Chuadanga,2024,5593.0,,,3535.34,1
Mustard,2021-22,Cox's Bazar,2024,0.0,,,0.0,1
Mustard,2021-22,Cumilla,2024,7586.85,,,3537.3,1
Mustard,2021-22,Dhaka,2024,25372.0,,,12439.21,1
Mustard,2021-22,Dinajpur,2024,30219.0,,,15980.0,1
Mustard,2021-22,Faridpur,2024,19857.0,,,6458.41,1
Mustard,2021-22,Feni,2024,1207.56,,,310.79,1
Mustard,2021-22,Gaibandha,2024,4873.0,,,2191.0,1
Mustard,2021-22,Gazipur,2024,3963.5,,,1032.77,1
Mustard,2021-22,Gopalganj,2024,8153.9,,,3028.66,1
Mustard,2021-22,Habiganj,2024,930.71,,,514.94,1
Mustard,2021-22,Jamalpur,2024,13275.0,,,5270.0,1
Mustard,2021-22,Jashore,2024,23043.0,,,10099.99,1
Mustard,2021-22,Jhalokati,2024,423.0,,,150.0,1
Mustard,2021-22,Jhenaidah,2024,6133.0,,,3076.01,1
Mustard,2021-22,Joypurhat,2024,18310.0,,,11882.0,1
Mustard,2021-22,Khagrachhari,2024,372.9,,,159.9,1
Mustard,2021-22,Khulna,2024,459.44,,,153.0,1
Mustard,2021-22,Kishoreganj,2024,2484.93,,,1067.94,1
Mustard,2021-22,Kurigram,2024,9560.9,,,4614.57,1
Mustard,2021-22,Kushtia,2024,6541.0,,,3960.0,1
Mustard,2021-22,Lakshmipur,2024,340.0,,,121.96,1
Mustard,2021-22,Lalmonirhat,2024,1131.5,,,753.21,1
Mustard,2021-22,Madaripur,2024,16241.48,,,7449.47,1
Mustard,2021-22,Magura,2024,11422.23,,,4511.2,1
Mustard,2021-22,Manikganj,2024,48821.3,,,22653.81,1
Mustard,2021-22,Meherpur,2024,9827.0,,,5714.27,1
Mustard,2021-22,Moulvibazar,2024,621.26,,,300.65,1
Mustard,2021-22,Munshiganj,2024,5470.5,,,2881.93,1
Mustard,2021-22,Mymensingh,2024,2967.0,,,1352.0,1
Mustard,2021-22,Naogaon,2024,66666.0,,,42592.0,1
Mustard,2021-22,Narail,2024,10542.0,,,4065.74,1
Mustard,2021-22,Narayanganj,2024,1509.48,,,560.44,1
Mustard,2021-22,Narsingdi,2024,757.64,,,294.49,1
Mustard,2021-22,Natore,2024,4690.85,,,2596.39,1
Mustard,2021-22,Netrakona,2024,2924.0,,,1584.0,1
Mustard,2021-22,Nilphamari,2024,2344.6,,,1415.95,1
Mustard,2021-22,Noakhali,2024,210.0,,,79.26,1
Mustard,2021-22,Pabna,2024,43535.0,,,20890.0,1
Mustard,2021-22,Panchagarh,2024,3204.0,,,1634.14,1
Mustard,2021-22,Patuakhali,2024,117.0,,,27.64,1
Mustard,2021-22,Pirojpur,2024,103.0,,,36.0,1
Mustard,2021-22,Rajbari,2024,4018.0,,,2287.0,1
Mustard,2021-22,Rajshahi,2024,42736.0,,,24188.0,1
Mustard,2021-22,Rangamati,2024,416.89,,,183.74,1
Mustard,2021-22,Rangpur,2024,4719.0,,,2371.0,1
Mustard,2021-22,Satkhira,2024,11659.91,,,6156.2,1
Mustard,2021-22,Shariatpur,2024,10463.0,,,4634.0,1
Mustard,2021-22,Sherpur,2024,4629.0,,,2502.0,1
Mustard,2021-22,Sirajganj,2024,125842.0,,,62567.0,1
Mustard,2021-22,Sunamganj,2024,1244.0,,,510.0,1
Mustard,2021-22,Sylhet,2024,1864.5,,,1144.21,1
Mustard,2021-22,Tangail,2024,66804.01,,,28818.79,1
Mustard,2021-22,Thakurgaon,2024,16634.0,,,8294.7,1
Mustard,2022-23,Bagerhat,2024,1446.5,,,598.37,1
Mustard,2022-23,Bandarban,2024,336.5,,,88.56,1
Mustard,2022-23,Barguna,2024,64.0,,,35.0,1
Mustard,2022-23,Barishal,2024,7589.0,,,3455.0,1
Mustard,2022-23,Bhola,2024,2220.6,,,1150.8,1
Mustard,2022-23,Bogura,2024,53324.0,,,35328.0,1
Mustard,2022-23,Brahmanbaria,2024,31289.4,,,15400.48,1
Mustard,2022-23,Chandpur,2024,3848.55,,,3863.3,1
Mustard,2022-23,Chapainababganj,2024,53902.0,,,30737.66,1
Mustard,2022-23,Chattogram,2024,2878.19,,,1069.72,1
Mustard,2022-23,Chuadanga,2024,4291.0,,,2572.81,1
Mustard,2022-23,Cox's Bazar,2024,0.0,,,0.0,1
Mustard,2022-23,Cumilla,2024,7633.5,,,4415.81,1
Mustard,2022-23,Dhaka,2024,24882.0,,,12126.0,1
Mustard,2022-23,Dinajpur,2024,35645.0,,,19408.0,1
Mustard,2022-23,Faridpur,2024,20030.0,,,7309.75,1
Mustard,2022-23,Feni,2024,2880.25,,,1320.32,1
Mustard,2022-23,Gaibandha,2024,4950.0,,,2223.0,1
Mustard,2022-23,Gazipur,2024,3988.6,,,1047.88,1
Mustard,2022-23,Gopalganj,2024,8191.8,,,3080.76,1
Mustard,2022-23,Habiganj,2024,1193.6,,,694.21,1
Mustard,2022-23,Jamalpur,2024,13357.0,,,5369.0,1
Mustard,2022-23,Jashore,2024,24975.0,,,12163.04,1
Mustard,2022-23,Jhalokati,2024,545.0,,,206.0,1
Mustard,2022-23,Jhenaidah,2024,6161.5,,,3215.45,1
Mustard,2022-23,Joypurhat,2024,20584.0,,,17157.0,1
Mustard,2022-23,Khagrachhari,2024,405.0,,,189.03,1
Mustard,2022-23,Khulna,2024,521.35,,,178.76,1
Mustard,2022-23,Kishoreganj,2024,2523.52,,,1111.17,1
Mustard,2022-23,Kurigram,2024,9942.1,,,5034.08,1
Mustard,2022-23,Kushtia,2024,8122.0,,,4986.0,1
Mustard,2022-23,Lakshmipur,2024,354.8,,,130.67,1
Mustard,2022-23,Lalmonirhat,2024,1132.0,,,752.12,1
Mustard,2022-23,Madaripur,2024,24039.0,,,11603.3,1
Mustard,2022-23,Magura,2024,11521.25,,,4624.13,1
Mustard,2022-23,Manikganj,2024,6485.48,,,34072.86,1
Mustard,2022-23,Meherpur,2024,10221.0,,,5571.84,1
Mustard,2022-23,Moulvibazar,2024,3832.98,,,2103.7,1
Mustard,2022-23,Munshiganj,2024,6242.6,,,3236.33,1
Mustard,2022-23,Mymensingh,2024,5716.0,,,2786.0,1
Mustard,2022-23,Naogaon,2024,116677.0,,,78479.0,1
Mustard,2022-23,Narail,2024,11258.0,,,4577.7,1
Mustard,2022-23,Narayanganj,2024,1510.52,,,561.18,1
Mustard,2022-23,Narsingdi,2024,3599.77,,,1542.32,1
Mustard,2022-23,Natore,2024,5451.3,,,3283.28,1
Mustard,2022-23,Netrakona,2024,6499.0,,,2998.0,1
Mustard,2022-23,Nilphamari,2024,7875.13,,,4339.5,1
Mustard,2022-23,Noakhali,2024,238.97,,,77.25,1
Mustard,2022-23,Pabna,2024,45366.0,,,25211.0,1
Mustard,2022-23,Panchagarh,2024,5415.0,,,2908.21,1
Mustard,2022-23,Patuakhali,2024,122.0,,,29.74,1
Mustard,2022-23,Pirojpur,2024,104.0,,,37.0,1
Mustard,2022-23,Rajbari,2024,4216.0,,,2469.75,1
Mustard,2022-23,Rajshahi,2024,47716.0,,,28094.0,1
Mustard,2022-23,Rangamati,2024,410.21,,,180.51,1
Mustard,2022-23,Rangpur,2024,4770.0,,,2403.0,1
Mustard,2022-23,Satkhira,2024,11748.15,,,6909.09,1
Mustard,2022-23,Shariatpur,2024,10478.0,,,4874.0,1
Mustard,2022-23,Sherpur,2024,8295.0,,,4433.0,1
Mustard,2022-23,Sirajganj,2024,131606.0,,,68730.75,1
Mustard,2022-23,Sunamganj,2024,1248.0,,,517.0,1
Mustard,2022-23,Sylhet,2024,1711.5,,,1138.12,1
Mustard,2022-23,Tangail,2024,77876.45,,,34172.31,1
Mustard,2022-23,Thakurgaon,2024,15174.0,,,9043.7,1
Mustard,2023-24,Bagerhat,2024,1450.5,,,605.0,1
Mustard,2023-24,Bandarban,2024,342.0,,,90.02,1
Mustard,2023-24,Barguna,2024,86.0,,,36.0,1
Mustard,2023-24,Barishal,2024,7634.0,,,3552.0,1
Mustard,2023-24,Bhola,2024,2221.0,,,1087.0,1
Mustard,2023-24,Bogura,2024,82750.0,,,53759.0,1
Mustard,2023-24,Brahmanbaria,2024,31864.1,,,15240.6,1
Mustard,2023-24,Chandpur,2024,3851.95,,,3873.3,1
Mustard,2023-24,Chapainababganj,2024,56401.0,,,30767.0,1
Mustard,2023-24,Chattogram,2024,3181.88,,,1271.2,1
Mustard,2023-24,Chuadanga,2024,3919.0,,,2232.2,1
Mustard,2023-24,Cox's Bazar,2024,0.0,,,0.0,1
Mustard,2023-24,Cumilla,2024,7637.6,,,4418.13,1
Mustard,2023-24,Dhaka,2024,24801.0,,,11876.0,1
Mustard,2023-24,Dinajpur,2024,35647.0,,,19396.0,1
Mustard,2023-24,Faridpur,2024,20150.0,,,7533.52,1
Mustard,2023-24,Feni,2024,3047.0,,,1537.63,1
Mustard,2023-24,Gaibandha,2024,3378.0,,,1529.0,1
Mustard,2023-24,Gazipur,2024,4002.17,,,1071.29,1
Mustard,2023-24,Gopalganj,2024,8252.3,,,3107.69,1
Mustard,2023-24,Habiganj,2024,1279.85,,,793.22,1
Mustard,2023-24,Jamalpur,2024,13552.0,,,5486.0,1
Mustard,2023-24,Jashore,2024,29232.0,,,14315.0,1
Mustard,2023-24,Jhalokati,2024,553.0,,,212.0,1
Mustard,2023-24,Jhenaidah,2024,6284.2,,,3297.8,1
Mustard,2023-24,Joypurhat,2024,22054.0,,,16343.0,1
Mustard,2023-24,Khagrachhari,2024,411.51,,,196.72,1
Mustard,2023-24,Khulna,2024,1045.45,,,434.7,1
Mustard,2023-24,Kishoreganj,2024,2488.31,,,1102.98,1
Mustard,2023-24,Kurigram,2024,10404.0,,,5231.0,1
Mustard,2023-24,Kushtia,2024,8922.0,,,6212.0,1
Mustard,2023-24,Lakshmipur,2024,354.8,,,130.36,1
Mustard,2023-24,Lalmonirhat,2024,1134.0,,,759.0,1
Mustard,2023-24,Madaripur,2024,32561.0,,,15637.3,1
Mustard,2023-24,Magura,2024,17811.0,,,8700.82,1
Mustard,2023-24,Manikganj,2024,72699.75,,,40864.13,1
Mustard,2023-24,Meherpur,2024,10508.0,,,5771.01,1
Mustard,2023-24,Moulvibazar,2024,4967.22,,,2773.67,1
Mustard,2023-24,Munshiganj,2024,6372.2,,,3307.68,1
Mustard,2023-24,Mymensingh,2024,7220.0,,,3663.0,1
Mustard,2023-24,Naogaon,2024,164385.0,,,109078.0,1
Mustard,2023-24,Narail,2024,11269.0,,,4611.0,1
Mustard,2023-24,Narayanganj,2024,1506.94,,,559.97,1
Mustard,2023-24,Narsingdi,2024,3595.53,,,1538.97,1
Mustard,2023-24,Natore,2024,5591.0,,,3393.0,1
Mustard,2023-24,Netrakona,2024,6689.0,,,3361.0,1
Mustard,2023-24,Nilphamari,2024,7798.0,,,4449.0,1
Mustard,2023-24,Noakhali,2024,244.53,,,82.86,1
Mustard,2023-24,Pabna,2024,46039.0,,,28776.0,1
Mustard,2023-24,Panchagarh,2024,7213.0,,,3990.6,1
Mustard,2023-24,Patuakhali,2024,134.0,,,39.0,1
Mustard,2023-24,Pirojpur,2024,105.0,,,35.0,1
Mustard,2023-24,Rajbari,2024,4253.0,,,2486.06,1
Mustard,2023-24,Rajshahi,2024,53606.0,,,33097.0,1
Mustard,2023-24,Rangamati,2024,403.73,,,177.39,1
Mustard,2023-24,Rangpur,2024,4784.0,,,2408.0,1
Mustard,2023-24,Satkhira,2024,11742.13,,,7133.92,1
Mustard,2023-24,Shariatpur,2024,10497.0,,,4943.0,1
Mustard,2023-24,Sherpur,2024,8297.0,,,4439.0,1
Mustard,2023-24,Sirajganj,2024,140519.0,,,75371.0,1
Mustard,2023-24,Sunamganj,2024,1247.0,,,516.0,1
Mustard,2023-24,Sylhet,2024,2526.7,,,1352.65,1
Mustard,2023-24,Tangail,2024,85842.83,,,38571.74,1
Mustard,2023-24,Thakurgaon,2024,15304.0,,,9121.0,1
Onion,2021-22,Bagerhat,2024,341.0,,,769.51,1
Onion,2021-22,Bandarban,2024,133.1,,,203.9,1
Onion,2021-22,Barguna,2024,100.0,,,117.0,1
Onion,2021-22,Barishal,2024,520.0,,,690.0,1
Onion,2021-22,Bhola,2024,1608.0,,,3852.0,1
Onion,2021-22,Bogura,2024,4774.4,,,13051.0,1
Onion,2021-22,Brahmanbaria,2024,1067.79,,,3075.17,1
Onion,2021-22,Chandpur,2024,1933.85,,,5047.1,1
Onion,2021-22,Chapainababganj,2024,7076.5,,,25641.02,1
Onion,2021-22,Chattogram,2024,182.36,,,271.85,1
Onion,2021-22,Chuadanga,2024,1809.5,,,10275.71,1
Onion,2021-22,Cox's Bazar,2024,59.55,,,83.57,1
Onion,2021-22,Cumilla,2024,698.8,,,1321.1,1
Onion,2021-22,Dhaka,2024,1134.55,,,4201.43,1
Onion,2021-22,Dinajpur,2024,5360.0,,,18220.0,1
Onion,2021-22,Faridpur,2024,100291.0,,,544492.0,1
Onion,2021-22,Feni,2024,25.72,,,41.19,1
Onion,2021-22,Gaibandha,2024,2947.0,,,9000.42,1
Onion,2021-22,Gazipur,2024,502.59,,,988.92,1
Onion,2021-22,Gopalganj,2024,4936.65,,,10613.17,1
Onion,2021-22,Habiganj,2024,101.95,,,244.53,1
Onion,2021-22,Jamalpur,2024,4895.0,,,11362.0,1
Onion,2021-22,Jashore,2024,3126.0,,,13056.16,1
Onion,2021-22,Jhalokati,2024,100.0,,,154.0,1
Onion,2021-22,Jhenaidah,2024,19100.0,,,128388.75,1
Onion,2021-22,Joypurhat,2024,1857.81,,,8421.37,1
Onion,2021-22,Khagrachhari,2024,62.9,,,91.77,1
Onion,2021-22,Khulna,2024,289.04,,,888.24,1
Onion,2021-22,Kishoreganj,2024,1354.28,,,4806.72,1
Onion,2021-22,Kurigram,2024,1112.61,,,2730.9,1
Onion,2021-22,Kushtia,2024,26845.0,,,140098.0,1
Onion,2021-22,Lakshmipur,2024,436.0,,,802.0,1
Onion,2021-22,Lalmonirhat,2024,1283.0,,,4167.53,1
Onion,2021-22,Madaripur,2024,8867.5,,,39434.42,1
Onion,2021-22,Magura,2024,14565.0,,,58187.68,1
Onion,2021-22,Manikganj,2024,16757.95,,,59720.17,1
Onion,2021-22,Meherpur,2024,4909.0,,,56558.12,1
Onion,2021-22,Moulvibazar,2024,85.02,,,204.98,1
Onion,2021-22,Munshiganj,2024,489.6,,,1513.19,1
Onion,2021-22,Mymensingh,2024,1398.0,,,4014.0,1
Onion,2021-22,Naogaon,2024,6766.05,,,27312.87,1
Onion,2021-22,Narail,2024,1567.0,,,5076.21,1
Onion,2021-22,Narayanganj,2024,634.84,,,1374.87,1
Onion,2021-22,Narsingdi,2024,324.35,,,642.31,1
Onion,2021-22,Natore,2024,12107.0,,,74375.56,1
Onion,2021-22,Netrakona,2024,770.0,,,2370.0,1
Onion,2021-22,Nilphamari,2024,2747.0,,,11035.0,1
Onion,2021-22,Noakhali,2024,544.6,,,1956.19,1
Onion,2021-22,Pabna,2024,105914.0,,,513533.0,1
Onion,2021-22,Panchagarh,2024,4104.0,,,15685.51,1
Onion,2021-22,Patuakhali,2024,120.0,,,90.0,1
Onion,2021-22,Pirojpur,2024,79.0,,,96.0,1
Onion,2021-22,Rajbari,2024,70757.0,,,330006.1,1
Onion,2021-22,Rajshahi,2024,38663.5,,,278555.45,1
Onion,2021-22,Rangamati,2024,114.65,,,239.44,1
Onion,2021-22,Rangpur,2024,5019.0,,,17420.0,1
Onion,2021-22,Satkhira,2024,978.14,,,3289.88,1
Onion,2021-22,Shariatpur,2024,6601.0,,,28578.0,1
Onion,2021-22,Sherpur,2024,1292.0,,,3585.0,1
Onion,2021-22,Sirajganj,2024,1648.55,,,6221.66,1
Onion,2021-22,Sunamganj,2024,324.0,,,899.0,1
Onion,2021-22,Sylhet,2024,299.0,,,988.0,1
Onion,2021-22,Tangail,2024,2048.55,,,4608.12,1
Onion,2021-22,Thakurgaon,2024,995.8,,,2332.0,1
Onion,2022-23,Bagerhat,2024,335.8,,,757.68,1
Onion,2022-23,Bandarban,2024,137.0,,,208.45,1
Onion,2022-23,Barguna,2024,54.0,,,62.0,1
Onion,2022-23,Barishal,2024,438.0,,,518.0,1
Onion,2022-23,Bhola,2024,1566.0,,,3816.0,1
Onion,2022-23,Bogura,2024,4834.65,,,13499.32,1
Onion,2022-23,Brahmanbaria,2024,950.85,,,2694.57,1
Onion,2022-23,Chandpur,2024,1934.1,,,5135.04,1
Onion,2022-23,Chapainababganj,2024,7433.0,,,34604.44,1
Onion,2022-23,Chattogram,2024,177.7,,,355.04,1
Onion,2022-23,Chuadanga,2024,1820.0,,,10810.2,1
Onion,2022-23,Cox's Bazar,2024,60.26,,,85.57,1
Onion,2022-23,Cumilla,2024,706.79,,,1337.4,1
Onion,2022-23,Dhaka,2024,1146.57,,,4005.87,1
Onion,2022-23,Dinajpur,2024,5378.0,,,18394.0,1
Onion,2022-23,Faridpur,2024,100319.0,,,544979.54,1
Onion,2022-23,Feni,2024,27.5,,,93.5,1
Onion,2022-23,Gaibandha,2024,2947.0,,,9000.42,1
Onion,2022-23,Gazipur,2024,502.48,,,1019.39,1
Onion,2022-23,Gopalganj,2024,4974.8,,,12754.14,1
Onion,2022-23,Habiganj,2024,106.73,,,272.9,1
Onion,2022-23,Jamalpur,2024,3248.0,,,11138.0,1
Onion,2022-23,Jashore,2024,3023.0,,,12853.03,1
Onion,2022-23,Jhalokati,2024,106.0,,,164.0,1
Onion,2022-23,Jhenaidah,2024,18306.0,,,98588.3,1
Onion,2022-23,Joypurhat,2024,1919.7,,,9255.77,1
Onion,2022-23,Khagrachhari,2024,57.9,,,83.71,1
Onion,2022-23,Khulna,2024,290.54,,,890.37,1
Onion,2022-23,Kishoreganj,2024,1359.32,,,4874.74,1
Onion,2022-23,Kurigram,2024,1125.0,,,2826.43,1
Onion,2022-23,Kushtia,2024,27270.0,,,141877.0,1
Onion,2022-23,Lakshmipur,2024,360.57,,,622.0,1
Onion,2022-23,Lalmonirhat,2024,1288.0,,,4152.62,1
Onion,2022-23,Madaripur,2024,9030.0,,,40390.75,1
Onion,2022-23,Magura,2024,16044.0,,,70969.81,1
Onion,2022-23,Manikganj,2024,17062.5,,,59206.15,1
Onion,2022-23,Meherpur,2024,5017.0,,,58208.59,1
Onion,2022-23,Moulvibazar,2024,81.87,,,194.2,1
Onion,2022-23,Munshiganj,2024,484.3,,,1643.27,1
Onion,2022-23,Mymensingh,2024,1340.0,,,4082.0,1
Onion,2022-23,Naogaon,2024,7247.92,,,34066.91,1
Onion,2022-23,Narail,2024,1585.0,,,5155.1,1
Onion,2022-23,Narayanganj,2024,633.88,,,1378.43,1
Onion,2022-23,Narsingdi,2024,333.31,,,658.8,1
Onion,2022-23,Natore,2024,11086.5,,,67776.86,1
Onion,2022-23,Netrakona,2024,711.0,,,2015.0,1
Onion,2022-23,Nilphamari,2024,2660.0,,,11130.0,1
Onion,2022-23,Noakhali,2024,551.3,,,1977.9,1
Onion,2022-23,Pabna,2024,104734.5,,,535401.46,1
Onion,2022-23,Panchagarh,2024,3915.0,,,14999.13,1
Onion,2022-23,Patuakhali,2024,122.0,,,86.0,1
Onion,2022-23,Pirojpur,2024,80.0,,,97.0,1
Onion,2022-23,Rajbari,2024,70120.0,,,366498.0,1
Onion,2022-23,Rajshahi,2024,36003.0,,,248648.95,1
Onion,2022-23,Rangamati,2024,122.47,,,259.69,1
Onion,2022-23,Rangpur,2024,5040.0,,,16983.0,1
Onion,2022-23,Satkhira,2024,984.66,,,3348.99,1
Onion,2022-23,Shariatpur,2024,7378.0,,,31792.0,1
Onion,2022-23,Sherpur,2024,1280.0,,,4106.0,1
Onion,2022-23,Sirajganj,2024,1365.98,,,5340.09,1
Onion,2022-23,Sunamganj,2024,336.0,,,917.0,1
Onion,2022-23,Sylhet,2024,288.0,,,919.0,1
Onion,2022-23,Tangail,2024,2056.48,,,4627.44,1
Onion,2022-23,Thakurgaon,2024,1010.3,,,2387.3,1
Onion,2023-24,Bagerhat,2024,310.5,,,706.01,1
Onion,2023-24,Bandarban,2024,123.8,,,197.41,1
Onion,2023-24,Barguna,2024,51.0,,,51.0,1
Onion,2023-24,Barishal,2024,397.0,,,503.0,1
Onion,2023-24,Bhola,2024,1574.0,,,3862.0,1
Onion,2023-24,Bogura,2024,4825.0,,,14493.91,1
Onion,2023-24,Brahmanbaria,2024,1052.61,,,3005.57,1
Onion,2023-24,Chandpur,2024,1933.52,,,5144.76,1
Onion,2023-24,Chapainababganj,2024,7244.52,,,34287.31,1
Onion,2023-24,Chattogram,2024,145.85,,,352.65,1
Onion,2023-24,Chuadanga,2024,1841.0,,,12072.1,1
Onion,2023-24,Cox's Bazar,2024,56.61,,,70.58,1
Onion,2023-24,Cumilla,2024,351.2,,,1112.4,1
Onion,2023-24,Dhaka,2024,1145.0,,,4000.0,1
Onion,2023-24,Dinajpur,2024,5392.0,,,23938.0,1
Onion,2023-24,Faridpur,2024,100392.0,,,562465.97,1
Onion,2023-24,Feni,2024,28.4,,,99.44,1
Onion,2023-24,Gaibandha,2024,2756.0,,,13016.0,1
Onion,2023-24,Gazipur,2024,508.1,,,1033.85,1
Onion,2023-24,Gopalganj,2024,5032.5,,,13010.57,1
Onion,2023-24,Habiganj,2024,109.97,,,375.4,1
Onion,2023-24,Jamalpur,2024,3785.0,,,13045.0,1
Onion,2023-24,Jashore,2024,3079.0,,,13085.0,1
Onion,2023-24,Jhalokati,2024,97.0,,,157.0,1
Onion,2023-24,Jhenaidah,2024,18400.0,,,100829.8,1
Onion,2023-24,Joypurhat,2024,1802.13,,,8766.38,1
Onion,2023-24,Khagrachhari,2024,54.3,,,66.11,1
Onion,2023-24,Khulna,2024,278.78,,,836.97,1
Onion,2023-24,Kishoreganj,2024,1362.31,,,4892.57,1
Onion,2023-24,Kurigram,2024,1146.0,,,4598.0,1
Onion,2023-24,Kushtia,2024,26497.0,,,157712.0,1
Onion,2023-24,Lakshmipur,2024,360.57,,,622.0,1
Onion,2023-24,Lalmonirhat,2024,1289.0,,,5573.0,1
Onion,2023-24,Madaripur,2024,10117.0,,,45807.51,1
Onion,2023-24,Magura,2024,16076.0,,,75132.92,1
Onion,2023-24,Manikganj,2024,16883.51,,,63766.84,1
Onion,2023-24,Meherpur,2024,5084.0,,,58408.87,1
Onion,2023-24,Moulvibazar,2024,88.75,,,210.73,1
Onion,2023-24,Munshiganj,2024,483.67,,,1611.19,1
Onion,2023-24,Mymensingh,2024,1313.0,,,4025.0,1
Onion,2023-24,Naogaon,2024,8359.51,,,40536.93,1
Onion,2023-24,Narail,2024,1613.0,,,5262.0,1
Onion,2023-24,Narayanganj,2024,642.92,,,1398.72,1
Onion,2023-24,Narsingdi,2024,330.32,,,645.76,1
Onion,2023-24,Natore,2024,11125.24,,,68542.1,1
Onion,2023-24,Netrakona,2024,756.0,,,2582.0,1
Onion,2023-24,Nilphamari,2024,2676.0,,,11465.0,1
Onion,2023-24,Noakhali,2024,563.5,,,2023.79,1
Onion,2023-24,Pabna,2024,107841.0,,,710032.5,1
Onion,2023-24,Panchagarh,2024,4190.0,,,17852.0,1
Onion,2023-24,Patuakhali,2024,133.0,,,155.0,1
Onion,2023-24,Pirojpur,2024,87.0,,,113.0,1
Onion,2023-24,Rajbari,2024,78012.0,,,453662.5,1
Onion,2023-24,Rajshahi,2024,34028.95,,,270933.36,1
Onion,2023-24,Rangamati,2024,130.28,,,282.22,1
Onion,2023-24,Rangpur,2024,5060.0,,,23490.0,1
Onion,2023-24,Satkhira,2024,1034.33,,,3508.05,1
Onion,2023-24,Shariatpur,2024,6993.0,,,30620.0,1
Onion,2023-24,Sherpur,2024,1322.0,,,4266.0,1
Onion,2023-24,Sirajganj,2024,1449.03,,,5836.42,1
Onion,2023-24,Sunamganj,2024,337.0,,,919.0,1
Onion,2023-24,Sylhet,2024,298.75,,,1072.05,1
Onion,2023-24,Tangail,2024,2060.54,,,4651.04,1
Onion,2023-24,Thakurgaon,2024,1016.0,,,4560.0,1
Potato,2022-23,Bagerhat,2024,717.0,290.0,22.95,6655.0,1
Potato,2022-23,Bandarban,2024,1691.0,684.0,9.53,6519.0,1
Potato,2022-23,Barguna,2024,2249.0,910.0,22.16,20165.0,1
Potato,2022-23,Barishal,2024,1674.0,677.0,20.19,13679.0,1
Potato,2022-23,Bhola,2024,12796.0,5178.0,21.41,110860.0,1
Potato,2022-23,Bogura,2024,130385.0,52766.0,21.724,1146288.0,1
Potato,2022-23,Brahmanbaria,2024,3444.0,1394.0,17.16,23921.0,1
Potato,2022-23,Chandpur,2024,18005.0,7287.0,28.0,204051.0,1
Potato,2022-23,Chapainababganj,2024,2784.0,1127.0,19.044,21456.0,1
Potato,2022-23,Chattogram,2024,10168.0,4115.0,15.14,62301.0,1
Potato,2022-23,Chuadanga,2024,5318.0,2152.0,20.84,44849.0,1
Potato,2022-23,Cox's Bazar,2024,3912.0,1583.0,17.56,27804.0,1
Potato,2022-23,Cumilla,2024,23737.0,9606.0,19.92,191371.0,1
Potato,2022-23,Dhaka,2024,2275.0,921.0,22.52,20737.0,1
Potato,2022-23,Dinajpur,2024,114711.0,46423.0,24.316,1128832.0,1
Potato,2022-23,Faridpur,2024,249.0,101.0,25.37,2555.0,1
Potato,2022-23,Feni,2024,726.0,294.0,16.29,4786.0,1
Potato,2022-23,Gaibandha,2024,23106.0,9351.0,22.6,211330.0,1
Potato,2022-23,Gazipur,2024,553.0,224.0,20.85,4663.0,1
Potato,2022-23,Gopalganj,2024,547.0,221.0,28.68,6344.0,1
Potato,2022-23,Habiganj,2024,4806.0,1945.0,14.359,27926.0,1
Potato,2022-23,Jamalpur,2024,11865.0,4802.0,21.096,101298.0,1
Potato,2022-23,Jashore,2024,3461.0,1401.0,23.55,32989.0,1
Potato,2022-23,Jhalokati,2024,1041.0,421.0,17.54,7390.0,1
Potato,2022-23,Jhenaidah,2024,3559.0,1440.0,23.94,34486.0,1
Potato,2022-23,Joypurhat,2024,98768.0,39971.0,26.709,1067560.0,1
Potato,2022-23,Khagrachhari,2024,1620.0,656.0,11.48,7525.0,1
Potato,2022-23,Khulna,2024,1481.0,599.0,19.79,11858.0,1
Potato,2022-23,Kishoreganj,2024,14008.0,5669.0,20.35,115373.0,1
Potato,2022-23,Kurigram,2024,18395.0,7444.0,24.436,181914.0,1
Potato,2022-23,Kushtia,2024,3833.0,1551.0,21.72,33687.0,1
Potato,2022-23,Lakshmipur,2024,256.0,104.0,18.09,1874.0,1
Potato,2022-23,Lalmonirhat,2024,14252.0,5768.0,23.204,133835.0,1
Potato,2022-23,Madaripur,2024,780.0,316.0,25.32,7992.0,1
Potato,2022-23,Magura,2024,122.0,49.0,33.99,1672.0,1
Potato,2022-23,Manikganj,2024,4280.0,1732.0,19.99,34627.0,1
Potato,2022-23,Meherpur,2024,2677.0,1083.0,23.21,25144.0,1
Potato,2022-23,Moulvibazar,2024,5455.0,2208.0,14.967,33043.0,1
Potato,2022-23,Munshiganj,2024,83801.0,33914.0,29.5,1000451.0,1
Potato,2022-23,Mymensingh,2024,9826.0,3977.0,10.317,41027.0,1
Potato,2022-23,Naogaon,2024,46306.0,18740.0,18.271,342389.0,1
Potato,2022-23,Narail,2024,119.0,48.0,14.27,687.0,1
Potato,2022-23,Narayanganj,2024,4241.0,1716.0,25.03,42951.0,1
Potato,2022-23,Narsingdi,2024,3955.0,1601.0,12.32,19717.0,1
Potato,2022-23,Natore,2024,1580.0,639.0,21.647,13842.0,1
Potato,2022-23,Netrakona,2024,6900.0,2792.0,13.841,38651.0,1
Potato,2022-23,Nilphamari,2024,53606.0,21694.0,18.286,396708.0,1
Potato,2022-23,Noakhali,2024,593.0,240.0,22.28,5347.0,1
Potato,2022-23,Pabna,2024,3614.0,1463.0,11.843,17321.0,1
Potato,2022-23,Panchagarh,2024,24136.0,9768.0,21.603,211012.0,1
Potato,2022-23,Patuakhali,2024,1367.0,553.0,20.38,11275.0,1
Potato,2022-23,Pirojpur,2024,2171.0,879.0,21.23,18649.0,1
Potato,2022-23,Rajbari,2024,304.0,123.0,18.11,2228.0,1
Potato,2022-23,Rajshahi,2024,87228.0,35301.0,27.392,966966.0,1
Potato,2022-23,Rangamati,2024,794.0,322.0,11.67,3753.0,1
Potato,2022-23,Rangpur,2024,125353.0,50730.0,23.533,1193796.0,1
Potato,2022-23,Satkhira,2024,4790.0,1938.0,18.82,36473.0,1
Potato,2022-23,Shariatpur,2024,4331.0,1753.0,29.8,52224.0,1
Potato,2022-23,Sherpur,2024,12720.0,5148.0,15.452,79543.0,1
Potato,2022-23,Sirajganj,2024,11984.0,4850.0,13.451,65237.0,1
Potato,2022-23,Sunamganj,2024,4111.0,1664.0,16.944,28190.0,1
Potato,2022-23,Sylhet,2024,2877.0,1164.0,13.203,15371.0,1
Potato,2022-23,Tangail,2024,9685.0,3920.0,13.34,52288.0,1
Potato,2022-23,Thakurgaon,2024,69500.0,28126.0,23.333,656279.0,1
Potato,2023-24,Bagerhat,2024,866.0,350.0,17.74,6217.0,1
Potato,2023-24,Bandarban,2024,1340.0,542.0,9.13,4953.0,1
Potato,2023-24,Barguna,2024,2291.0,927.0,22.37,20745.0,1
Potato,2023-24,Barishal,2024,929.0,376.0,24.56,9235.0,1
Potato,2023-24,Bhola,2024,12802.0,5181.0,21.32,110444.0,1
Potato,2023-24,Bogura,2024,133044.0,53842.0,22.046,1187023.0,1
Potato,2023-24,Brahmanbaria,2024,3184.0,1288.0,17.53,22586.0,1
Potato,2023-24,Chandpur,2024,18584.0,7521.0,27.26,205021.0,1
Potato,2023-24,Chapainababganj,2024,2674.0,1082.0,17.966,19442.0,1
Potato,2023-24,Chattogram,2024,9534.0,3858.0,14.35,55377.0,1
Potato,2023-24,Chuadanga,2024,4316.0,1747.0,21.87,38206.0,1
Potato,2023-24,Cox's Bazar,2024,3843.0,1555.0,16.16,25129.0,1
Potato,2023-24,Cumilla,2024,23768.0,9619.0,25.49,245154.0,1
Potato,2023-24,Dhaka,2024,2163.0,875.0,20.06,17556.0,1
Potato,2023-24,Dinajpur,2024,115990.0,46941.0,24.3,1140675.0,1
Potato,2023-24,Faridpur,2024,231.0,93.0,17.35,1619.0,1
Potato,2023-24,Feni,2024,858.0,347.0,18.01,6253.0,1
Potato,2023-24,Gaibandha,2024,26083.0,10556.0,23.052,243325.0,1
Potato,2023-24,Gazipur,2024,503.0,203.0,13.37,2719.0,1
Potato,2023-24,Gopalganj,2024,521.0,211.0,26.36,5554.0,1
Potato,2023-24,Habiganj,2024,4356.0,1763.0,14.506,25574.0,1
Potato,2023-24,Jamalpur,2024,11186.0,4527.0,23.035,104277.0,1
Potato,2023-24,Jashore,2024,3133.0,1268.0,24.03,30467.0,1
Potato,2023-24,Jhalokati,2024,971.0,393.0,17.09,6716.0,1
Potato,2023-24,Jhenaidah,2024,3269.0,1323.0,24.02,31780.0,1
Potato,2023-24,Joypurhat,2024,95673.0,38718.0,25.647,993026.0,1
Potato,2023-24,Khagrachhari,2024,1706.0,690.0,14.34,9899.0,1
Potato,2023-24,Khulna,2024,1413.0,572.0,19.06,10903.0,1
Potato,2023-24,Kishoreganj,2024,13466.0,5450.0,20.86,113706.0,1
Potato,2023-24,Kurigram,2024,17442.0,7059.0,24.036,169662.0,1
Potato,2023-24,Kushtia,2024,2854.0,1155.0,20.74,23950.0,1
Potato,2023-24,Lakshmipur,2024,208.0,84.0,16.25,1368.0,1
Potato,2023-24,Lalmonirhat,2024,14984.0,6064.0,23.461,142267.0,1
Potato,2023-24,Madaripur,2024,700.0,283.0,25.07,7100.0,1
Potato,2023-24,Magura,2024,123.0,50.0,27.7,1377.0,1
Potato,2023-24,Manikganj,2024,3936.0,1593.0,19.8,31544.0,1
Potato,2023-24,Meherpur,2024,2361.0,955.0,22.67,21661.0,1
Potato,2023-24,Moulvibazar,2024,5116.0,2070.0,14.648,30328.0,1
Potato,2023-24,Munshiganj,2024,84518.0,34204.0,28.18,964023.0,1
Potato,2023-24,Mymensingh,2024,9741.0,3942.0,12.324,48582.0,1
Potato,2023-24,Naogaon,2024,50533.0,20450.0,18.444,377187.0,1
Potato,2023-24,Narail,2024,130.0,52.0,13.07,685.0,1
Potato,2023-24,Narayanganj,2024,5952.0,2409.0,23.97,57729.0,1
Potato,2023-24,Narsingdi,2024,4037.0,1634.0,12.71,20766.0,1
Potato,2023-24,Natore,2024,1765.0,714.0,21.574,15410.0,1
Potato,2023-24,Netrakona,2024,5216.0,2111.0,12.51,26408.0,1
Potato,2023-24,Nilphamari,2024,54289.0,21970.0,21.428,470782.0,1
Potato,2023-24,Noakhali,2024,623.0,252.0,21.77,5490.0,1
Potato,2023-24,Pabna,2024,1958.0,792.0,14.367,11384.0,1
Potato,2023-24,Panchagarh,2024,24250.0,9814.0,19.94,195689.0,1
Potato,2023-24,Patuakhali,2024,1635.0,662.0,19.88,13154.0,1
Potato,2023-24,Pirojpur,2024,2309.0,934.0,20.65,19292.0,1
Potato,2023-24,Rajbari,2024,276.0,112.0,20.35,2273.0,1
Potato,2023-24,Rajshahi,2024,87286.0,35324.0,26.382,931926.0,1
Potato,2023-24,Rangamati,2024,794.0,321.0,11.98,3850.0,1
Potato,2023-24,Rangpur,2024,129675.0,52479.0,25.274,1326345.0,1
Potato,2023-24,Satkhira,2024,4802.0,1943.0,18.63,36195.0,1
Potato,2023-24,Shariatpur,2024,6161.0,2493.0,30.02,74852.0,1
Potato,2023-24,Sherpur,2024,12622.0,5108.0,16.457,84066.0,1
Potato,2023-24,Sirajganj,2024,6942.0,2809.0,14.772,41498.0,1
Potato,2023-24,Sunamganj,2024,3515.0,1423.0,16.948,24109.0,1
Potato,2023-24,Sylhet,2024,3230.0,1307.0,14.039,18352.0,1
Potato,2023-24,Tangail,2024,9967.0,4034.0,13.02,52500.0,1
Potato,2023-24,Thakurgaon,2024,70550.0,28551.0,22.969,655801.0,1
Sugarcane,2021-22,Bagerhat,2024,582.0,,,6022.0,1
Sugarcane,2021-22,Bandarban,2024,219.0,,,904.7,1
Sugarcane,2021-22,Barguna,2024,120.0,,,1515.0,1
Sugarcane,2021-22,Barishal,2024,1280.0,,,6730.0,1
Sugarcane,2021-22,Bhola,2024,963.0,,,7351.0,1
Sugarcane,2021-22,Bogura,2024,283.83,,,6404.65,1
Sugarcane,2021-22,Brahmanbaria,2024,44.0,,,196.59,1
Sugarcane,2021-22,Chandpur,2024,1398.55,,,15363.57,1
Sugarcane,2021-22,Chapainababganj,2024,3413.0,,,59031.61,1
Sugarcane,2021-22,Chattogram,2024,1855.86,,,16782.03,1
Sugarcane,2021-22,Chuadanga,2024,4800.0,,,109175.0,1
Sugarcane,2021-22,Cox's Bazar,2024,492.91,,,2943.13,1
Sugarcane,2021-22,Cumilla,2024,882.0,,,5449.0,1
Sugarcane,2021-22,Dhaka,2024,135.13,,,1250.07,1
Sugarcane,2021-22,Dinajpur,2024,3662.0,,,49805.0,1
Sugarcane,2021-22,Faridpur,2024,6273.0,,,89497.33,1
Sugarcane,2021-22,Feni,2024,210.2,,,2631.93,1
Sugarcane,2021-22,Gaibandha,2024,5454.0,,,115951.0,1
Sugarcane,2021-22,Gazipur,2024,2962.9,,,25390.74,1
Sugarcane,2021-22,Gopalganj,2024,652.4,,,9482.04,1
Sugarcane,2021-22,Habiganj,2024,2297.5,,,36796.72,1
Sugarcane,2021-22,Jamalpur,2024,10187.0,,,213308.0,1
Sugarcane,2021-22,Jashore,2024,882.0,,,16417.0,1
Sugarcane,2021-22,Jhalokati,2024,296.0,,,3189.0,1
Sugarcane,2021-22,Jhenaidah,2024,2448.0,,,54215.0,1
Sugarcane,2021-22,Joypurhat,2024,2223.13,,,44076.5,1
Sugarcane,2021-22,Khagrachhari,2024,647.65,,,5845.93,1
Sugarcane,2021-22,Khulna,2024,88.0,,,1130.0,1
Sugarcane,2021-22,Kishoreganj,2024,47.47,,,509.23,1
Sugarcane,2021-22,Kurigram,2024,699.6,,,9809.21,1
Sugarcane,2021-22,Kushtia,2024,8428.0,,,164507.0,1
Sugarcane,2021-22,Lakshmipur,2024,323.4,,,3957.0,1
Sugarcane,2021-22,Lalmonirhat,2024,290.5,,,3843.82,1
Sugarcane,2021-22,Madaripur,2024,1033.4,,,19359.42,1
Sugarcane,2021-22,Magura,2024,243.0,,,3140.0,1
Sugarcane,2021-22,Manikganj,2024,3798.13,,,76072.1,1
Sugarcane,2021-22,Meherpur,2024,714.0,,,14227.0,1
Sugarcane,2021-22,Moulvibazar,2024,106.75,,,661.03,1
Sugarcane,2021-22,Munshiganj,2024,487.6,,,6266.35,1
Sugarcane,2021-22,Mymensingh,2024,5176.0,,,80881.0,1
Sugarcane,2021-22,Naogaon,2024,818.5,,,16758.35,1
Sugarcane,2021-22,Narail,2024,1705.0,,,26860.0,1
Sugarcane,2021-22,Narayanganj,2024,119.55,,,634.8,1
Sugarcane,2021-22,Narsingdi,2024,137.86,,,1631.15,1
Sugarcane,2021-22,Natore,2024,52293.7,,,965173.35,1
Sugarcane,2021-22,Netrakona,2024,47.0,,,607.0,1
Sugarcane,2021-22,Nilphamari,2024,285.7,,,6022.89,1
Sugarcane,2021-22,Noakhali,2024,212.13,,,2316.86,1
Sugarcane,2021-22,Pabna,2024,7951.0,,,151338.0,1
Sugarcane,2021-22,Panchagarh,2024,3614.0,,,40736.5,1
Sugarcane,2021-22,Patuakhali,2024,73.0,,,320.0,1
Sugarcane,2021-22,Pirojpur,2024,336.0,,,2361.0,1
Sugarcane,2021-22,Rajbari,2024,2632.0,,,47600.0,1
Sugarcane,2021-22,Rajshahi,2024,13565.35,,,251000.62,1
Sugarcane,2021-22,Rangamati,2024,525.3,,,7535.15,1
Sugarcane,2021-22,Rangpur,2024,959.0,,,20914.0,1
Sugarcane,2021-22,Satkhira,2024,278.0,,,5648.0,1
Sugarcane,2021-22,Shariatpur,2024,1034.0,,,14965.0,1
Sugarcane,2021-22,Sherpur,2024,241.0,,,5215.0,1
Sugarcane,2021-22,Sirajganj,2024,2188.46,,,38557.88,1
Sugarcane,2021-22,Sunamganj,2024,181.0,,,3190.0,1
Sugarcane,2021-22,Sylhet,2024,22.5,,,141.7,1
Sugarcane,2021-22,Tangail,2024,2869.25,,,48887.92,1
Sugarcane,2021-22,Thakurgaon,2024,10371.22,,,138925.6,1
Sugarcane,2022-23,Bagerhat,2024,585.0,,,6214.47,1
Sugarcane,2022-23,Bandarban,2024,220.8,,,912.76,1
Sugarcane,2022-23,Barguna,2024,118.0,,,375.0,1
Sugarcane,2022-23,Barishal,2024,1174.0,,,4265.0,1
Sugarcane,2022-23,Bhola,2024,981.0,,,6880.0,1
Sugarcane,2022-23,Bogura,2024,268.28,,,5650.26,1
Sugarcane,2022-23,Brahmanbaria,2024,44.0,,,263.83,1
Sugarcane,2022-23,Chandpur,2024,1399.44,,,15395.39,1
Sugarcane,2022-23,Chapainababganj,2024,3526.0,,,60219.37,1
Sugarcane,2022-23,Chattogram,2024,1846.44,,,16859.19,1
Sugarcane,2022-23,Chuadanga,2024,4796.5,,,117972.7,1
Sugarcane,2022-23,Cox's Bazar,2024,493.9,,,2967.56,1
Sugarcane,2022-23,Cumilla,2024,907.9,,,5524.19,1
Sugarcane,2022-23,Dhaka,2024,124.23,,,1155.37,1
Sugarcane,2022-23,Dinajpur,2024,3520.5,,,47474.23,1
Sugarcane,2022-23,Faridpur,2024,5954.14,,,89084.0,1
Sugarcane,2022-23,Feni,2024,210.5,,,3500.3,1
Sugarcane,2022-23,Gaibandha,2024,5407.19,,,115120.0,1
Sugarcane,2022-23,Gazipur,2024,2884.41,,,24771.4,1
Sugarcane,2022-23,Gopalganj,2024,625.3,,,9078.09,1
Sugarcane,2022-23,Habiganj,2024,2293.34,,,36847.13,1
Sugarcane,2022-23,Jamalpur,2024,9913.0,,,204309.0,1
Sugarcane,2022-23,Jashore,2024,826.0,,,15270.37,1
Sugarcane,2022-23,Jhalokati,2024,304.0,,,3240.0,1
Sugarcane,2022-23,Jhenaidah,2024,2515.0,,,58806.3,1
Sugarcane,2022-23,Joypurhat,2024,2236.4,,,44887.12,1
Sugarcane,2022-23,Khagrachhari,2024,651.2,,,5899.46,1
Sugarcane,2022-23,Khulna,2024,91.75,,,1210.0,1
Sugarcane,2022-23,Kishoreganj,2024,48.6,,,509.19,1
Sugarcane,2022-23,Kurigram,2024,634.7,,,8518.08,1
Sugarcane,2022-23,Kushtia,2024,7901.0,,,159414.0,1
Sugarcane,2022-23,Lakshmipur,2024,319.1,,,4318.2,1
Sugarcane,2022-23,Lalmonirhat,2024,293.4,,,3856.06,1
Sugarcane,2022-23,Madaripur,2024,1009.0,,,18519.7,1
Sugarcane,2022-23,Magura,2024,244.3,,,3279.43,1
Sugarcane,2022-23,Manikganj,2024,3460.05,,,69211.87,1
Sugarcane,2022-23,Meherpur,2024,428.0,,,8953.68,1
Sugarcane,2022-23,Moulvibazar,2024,108.0,,,864.46,1
Sugarcane,2022-23,Munshiganj,2024,501.95,,,6265.55,1
Sugarcane,2022-23,Mymensingh,2024,5181.0,,,80888.0,1
Sugarcane,2022-23,Naogaon,2024,657.97,,,13794.87,1
Sugarcane,2022-23,Narail,2024,1728.0,,,27231.64,1
Sugarcane,2022-23,Narayanganj,2024,121.88,,,647.58,1
Sugarcane,2022-23,Narsingdi,2024,198.5,,,2514.03,1
Sugarcane,2022-23,Natore,2024,51405.3,,,928965.37,1
Sugarcane,2022-23,Netrakona,2024,57.0,,,878.0,1
Sugarcane,2022-23,Nilphamari,2024,278.1,,,5760.12,1
Sugarcane,2022-23,Noakhali,2024,217.41,,,2359.91,1
Sugarcane,2022-23,Pabna,2024,7905.0,,,150627.0,1
Sugarcane,2022-23,Panchagarh,2024,1619.0,,,17417.9,1
Sugarcane,2022-23,Patuakhali,2024,71.0,,,302.0,1
Sugarcane,2022-23,Pirojpur,2024,327.0,,,2301.0,1
Sugarcane,2022-23,Rajbari,2024,2415.0,,,41763.0,1
Sugarcane,2022-23,Rajshahi,2024,12755.0,,,226012.39,1
Sugarcane,2022-23,Rangamati,2024,518.12,,,7356.67,1
Sugarcane,2022-23,Rangpur,2024,964.0,,,21089.0,1
Sugarcane,2022-23,Satkhira,2024,285.21,,,5852.13,1
Sugarcane,2022-23,Shariatpur,2024,1018.0,,,14754.0,1
Sugarcane,2022-23,Sherpur,2024,231.0,,,5059.0,1
Sugarcane,2022-23,Sirajganj,2024,2083.7,,,37356.51,1
Sugarcane,2022-23,Sunamganj,2024,184.0,,,3190.0,1
Sugarcane,2022-23,Sylhet,2024,21.5,,,153.3,1
Sugarcane,2022-23,Tangail,2024,2857.71,,,48737.9,1
Sugarcane,2022-23,Thakurgaon,2024,10323.17,,,149672.8,1
Sugarcane,2023-24,Bagerhat,2024,597.5,,,6323.65,1
Sugarcane,2023-24,Bandarban,2024,221.1,,,914.26,1
Sugarcane,2023-24,Barguna,2024,114.0,,,327.0,1
Sugarcane,2023-24,Barishal,2024,1023.0,,,4057.0,1
Sugarcane,2023-24,Bhola,2024,967.0,,,7174.0,1
Sugarcane,2023-24,Bogura,2024,238.28,,,4869.34,1
Sugarcane,2023-24,Brahmanbaria,2024,42.0,,,250.05,1
Sugarcane,2023-24,Chandpur,2024,1337.02,,,13149.96,1
Sugarcane,2023-24,Chapainababganj,2024,3550.02,,,61042.43,1
Sugarcane,2023-24,Chattogram,2024,1847.59,,,17602.29,1
Sugarcane,2023-24,Chuadanga,2024,4783.0,,,121352.76,1
Sugarcane,2023-24,Cox's Bazar,2024,477.72,,,2980.67,1
Sugarcane,2023-24,Cumilla,2024,908.95,,,5523.27,1
Sugarcane,2023-24,Dhaka,2024,121.23,,,1132.39,1
Sugarcane,2023-24,Dinajpur,2024,2521.0,,,39161.0,1
Sugarcane,2023-24,Faridpur,2024,6007.3,,,89268.2,1
Sugarcane,2023-24,Feni,2024,186.5,,,2603.0,1
Sugarcane,2023-24,Gaibandha,2024,5360.0,,,114079.0,1
Sugarcane,2023-24,Gazipur,2024,2792.73,,,23901.09,1
Sugarcane,2023-24,Gopalganj,2024,618.4,,,8923.24,1
Sugarcane,2023-24,Habiganj,2024,2073.55,,,33265.92,1
Sugarcane,2023-24,Jamalpur,2024,9764.0,,,202790.0,1
Sugarcane,2023-24,Jashore,2024,824.54,,,15461.66,1
Sugarcane,2023-24,Jhalokati,2024,305.0,,,3243.0,1
Sugarcane,2023-24,Jhenaidah,2024,2677.0,,,61389.3,1
Sugarcane,2023-24,Joypurhat,2024,2233.56,,,45310.25,1
Sugarcane,2023-24,Khagrachhari,2024,654.43,,,5933.46,1
Sugarcane,2023-24,Khulna,2024,90.75,,,1216.15,1
Sugarcane,2023-24,Kishoreganj,2024,48.38,,,513.9,1
Sugarcane,2023-24,Kurigram,2024,630.0,,,8967.0,1
Sugarcane,2023-24,Kushtia,2024,7080.0,,,163142.0,1
Sugarcane,2023-24,Lakshmipur,2024,321.0,,,4331.53,1
Sugarcane,2023-24,Lalmonirhat,2024,295.4,,,4005.0,1
Sugarcane,2023-24,Madaripur,2024,1020.43,,,18096.31,1
Sugarcane,2023-24,Magura,2024,249.82,,,3402.37,1
Sugarcane,2023-24,Manikganj,2024,3047.0,,,60552.55,1
Sugarcane,2023-24,Meherpur,2024,381.0,,,8024.11,1
Sugarcane,2023-24,Moulvibazar,2024,91.43,,,713.8,1
Sugarcane,2023-24,Munshiganj,2024,494.5,,,6199.85,1
Sugarcane,2023-24,Mymensingh,2024,5197.0,,,81063.0,1
Sugarcane,2023-24,Naogaon,2024,581.73,,,12320.6,1
Sugarcane,2023-24,Narail,2024,1737.0,,,27379.05,1
Sugarcane,2023-24,Narayanganj,2024,121.56,,,640.59,1
Sugarcane,2023-24,Narsingdi,2024,147.91,,,1744.99,1
Sugarcane,2023-24,Natore,2024,51506.13,,,932006.42,1
Sugarcane,2023-24,Netrakona,2024,60.0,,,926.0,1
Sugarcane,2023-24,Nilphamari,2024,278.0,,,4914.96,1
Sugarcane,2023-24,Noakhali,2024,218.37,,,2393.97,1
Sugarcane,2023-24,Pabna,2024,7675.0,,,149044.08,1
Sugarcane,2023-24,Panchagarh,2024,1342.0,,,14320.0,1
Sugarcane,2023-24,Patuakhali,2024,70.0,,,298.0,1
Sugarcane,2023-24,Pirojpur,2024,328.0,,,2305.0,1
Sugarcane,2023-24,Rajbari,2024,2339.0,,,39484.0,1
Sugarcane,2023-24,Rajshahi,2024,12271.34,,,218312.99,1
Sugarcane,2023-24,Rangamati,2024,513.62,,,7214.72,1
Sugarcane,2023-24,Rangpur,2024,946.0,,,20647.0,1
Sugarcane,2023-24,Satkhira,2024,275.89,,,5656.24,1
Sugarcane,2023-24,Shariatpur,2024,920.0,,,15114.0,1
Sugarcane,2023-24,Sherpur,2024,230.0,,,5034.0,1
Sugarcane,2023-24,Sirajganj,2024,1287.97,,,22614.91,1
Sugarcane,2023-24,Sunamganj,2024,184.0,,,3189.0,1
Sugarcane,2023-24,Sylhet,2024,25.2,,,203.5,1
Sugarcane,2023-24,Tangail,2024,2830.49,,,48670.91,1
Sugarcane,2023-24,Thakurgaon,2024,10263.0,,,147004.0,1
Wheat,2022-23,Bagerhat,2024,342.0,139.0,2.725,377.0,1
Wheat,2022-23,Bandarban,2024,0.0,0.0,0.0,0.0,1
Wheat,2022-23,Barguna,2024,0.0,0.0,0.0,0.0,1
Wheat,2022-23,Barishal,2024,882.0,357.0,2.624,937.0,1
Wheat,2022-23,Bhola,2024,8261.0,3343.0,4.183,13984.0,1
Wheat,2022-23,Bogura,2024,5416.0,2192.0,2.628,5760.0,1
Wheat,2022-23,Brahmanbaria,2024,2131.0,862.0,2.6,2242.0,1
Wheat,2022-23,Chandpur,2024,275.0,111.0,3.304,368.0,1
Wheat,2022-23,Chapainababganj,2024,60365.0,24429.0,4.118,100608.0,1
Wheat,2022-23,Chattogram,2024,92.0,37.0,0.0,199.0,1
Wheat,2022-23,Chuadanga,2024,2130.0,862.0,3.695,3185.0,1
Wheat,2022-23,Cox's Bazar,2024,0.0,0.0,0.0,0.0,1
Wheat,2022-23,Cumilla,2024,1203.0,487.0,3.564,1735.0,1
Wheat,2022-23,Dhaka,2024,216.0,87.0,2.973,259.0,1
Wheat,2022-23,Dinajpur,2024,7976.0,3228.0,3.026,9768.0,1
Wheat,2022-23,Faridpur,2024,46928.0,18992.0,3.555,67510.0,1
Wheat,2022-23,Feni,2024,15.0,6.0,1.62,10.0,1
Wheat,2022-23,Gaibandha,2024,8120.0,3286.0,2.375,7803.0,1
Wheat,2022-23,Gazipur,2024,58.0,23.0,1.942,46.0,1
Wheat,2022-23,Gopalganj,2024,13739.0,5560.0,3.038,16893.0,1
Wheat,2022-23,Habiganj,2024,550.0,223.0,3.422,762.0,1
Wheat,2022-23,Jamalpur,2024,9325.0,3774.0,2.697,10179.0,1
Wheat,2022-23,Jashore,2024,2090.0,846.0,3.052,2581.0,1
Wheat,2022-23,Jhalokati,2024,366.0,148.0,2.96,438.0,1
Wheat,2022-23,Jhenaidah,2024,12736.0,5154.0,3.872,19957.0,1
Wheat,2022-23,Joypurhat,2024,5605.0,2268.0,2.626,5956.0,1
Wheat,2022-23,Khagrachhari,2024,0.0,0.0,0.0,0.0,1
Wheat,2022-23,Khulna,2024,307.0,124.0,2.87,357.0,1
Wheat,2022-23,Kishoreganj,2024,3137.0,1270.0,2.513,3190.0,1
Wheat,2022-23,Kurigram,2024,18945.0,7667.0,3.024,23188.0,1
Wheat,2022-23,Kushtia,2024,30866.0,12491.0,3.89,48586.0,1
Wheat,2022-23,Lakshmipur,2024,338.0,137.0,4.269,584.0,1
Wheat,2022-23,Lalmonirhat,2024,2822.0,1142.0,3.581,4090.0,1
Wheat,2022-23,Madaripur,2024,12176.0,4928.0,3.238,15957.0,1
Wheat,2022-23,Magura,2024,12447.0,5037.0,3.104,15634.0,1
Wheat,2022-23,Manikganj,2024,779.0,315.0,3.082,972.0,1
Wheat,2022-23,Meherpur,2024,29820.0,12068.0,4.188,50535.0,1
Wheat,2022-23,Moulvibazar,2024,127.0,51.0,2.252,116.0,1
Wheat,2022-23,Munshiganj,2024,47.0,19.0,2.982,57.0,1
Wheat,2022-23,Mymensingh,2024,4130.0,1671.0,2.701,4514.0,1
Wheat,2022-23,Naogaon,2024,41108.0,16636.0,3.41,56729.0,1
Wheat,2022-23,Narail,2024,3851.0,1558.0,2.943,4587.0,1
Wheat,2022-23,Narayanganj,2024,75.0,30.0,2.863,86.0,1
Wheat,2022-23,Narsingdi,2024,194.0,79.0,2.301,181.0,1
Wheat,2022-23,Natore,2024,61982.0,25084.0,4.008,100540.0,1
Wheat,2022-23,Netrakona,2024,1746.0,707.0,3.033,2143.0,1
Wheat,2022-23,Nilphamari,2024,10338.0,4184.0,3.195,13366.0,1
Wheat,2022-23,Noakhali,2024,74.0,30.0,2.516,75.0,1
Wheat,2022-23,Pabna,2024,64015.0,25907.0,3.065,79400.0,1
Wheat,2022-23,Panchagarh,2024,49777.0,20144.0,3.728,75090.0,1
Wheat,2022-23,Patuakhali,2024,0.0,0.0,0.0,0.0,1
Wheat,2022-23,Pirojpur,2024,52.0,21.0,4.173,88.0,1
Wheat,2022-23,Rajbari,2024,33339.0,13492.0,3.223,43481.0,1
Wheat,2022-23,Rajshahi,2024,55803.0,22583.0,3.377,76270.0,1
Wheat,2022-23,Rangamati,2024,0.0,0.0,0.0,0.0,1
Wheat,2022-23,Rangpur,2024,4002.0,1620.0,3.117,5049.0,1
Wheat,2022-23,Satkhira,2024,1468.0,594.0,2.898,1721.0,1
Wheat,2022-23,Shariatpur,2024,11050.0,4472.0,3.214,14374.0,1
Wheat,2022-23,Sherpur,2024,1912.0,774.0,2.695,2085.0,1
Wheat,2022-23,Sirajganj,2024,11455.0,4636.0,2.819,13067.0,1
Wheat,2022-23,Sunamganj,2024,858.0,347.0,3.537,1228.0,1
Wheat,2022-23,Sylhet,2024,602.0,244.0,2.339,570.0,1
Wheat,2022-23,Tangail,2024,10592.0,4286.0,2.917,12505.0,1
Wheat,2022-23,Thakurgaon,2024,113837.0,46069.0,3.587,165264.0,1
Wheat,2023-24,Bagerhat,2024,382.5,155.0,2.81,435.0,1
Wheat,2023-24,Bandarban,2024,0.0,0.0,0.0,0.0,1
Wheat,2023-24,Barguna,2024,0.0,0.0,0.0,0.0,1
Wheat,2023-24,Barishal,2024,938.0,380.0,2.992,1136.0,1
Wheat,2023-24,Bhola,2024,7879.0,3189.0,4.166,13285.0,1
Wheat,2023-24,Bogura,2024,5246.94,2123.0,2.892,6141.0,1
Wheat,2023-24,Brahmanbaria,2024,2164.0,876.0,2.87,2514.0,1
Wheat,2023-24,Chandpur,2024,142.0,57.0,2.799,160.0,1
Wheat,2023-24,Chapainababganj,2024,66012.0,26715.0,4.239,113239.0,1
Wheat,2023-24,Chattogram,2024,124.0,50.0,3.838,193.0,1
Wheat,2023-24,Chuadanga,2024,2145.0,868.0,3.877,3365.0,1
Wheat,2023-24,Cox's Bazar,2024,0.0,0.0,0.0,0.0,1
Wheat,2023-24,Cumilla,2024,1208.0,489.0,2.8,1369.0,1
Wheat,2023-24,Dhaka,2024,164.0,66.0,3.229,214.0,1
Wheat,2023-24,Dinajpur,2024,6947.0,2811.0,3.411,9589.0,1
Wheat,2023-24,Faridpur,2024,47482.5,19216.0,3.95,75912.0,1
Wheat,2023-24,Feni,2024,171.0,69.0,1.626,113.0,1
Wheat,2023-24,Gaibandha,2024,8025.0,3248.0,3.089,10032.0,1
Wheat,2023-24,Gazipur,2024,60.17,24.0,1.978,48.0,1
Wheat,2023-24,Gopalganj,2024,12701.0,5140.0,3.111,15991.0,1
Wheat,2023-24,Habiganj,2024,521.0,211.0,2.918,615.0,1
Wheat,2023-24,Jamalpur,2024,6372.0,2579.0,2.888,7448.0,1
Wheat,2023-24,Jashore,2024,3234.0,1309.0,3.823,5004.0,1
Wheat,2023-24,Jhalokati,2024,371.0,150.0,2.826,424.0,1
Wheat,2023-24,Jhenaidah,2024,12910.0,5225.0,3.906,20408.0,1
Wheat,2023-24,Joypurhat,2024,5583.0,2259.0,3.235,7310.0,1
Wheat,2023-24,Khagrachhari,2024,0.0,0.0,0.0,0.0,1
Wheat,2023-24,Khulna,2024,517.0,209.0,3.071,642.0,1
Wheat,2023-24,Kishoreganj,2024,2686.75,1087.0,2.778,3021.0,1
Wheat,2023-24,Kurigram,2024,17830.0,7216.0,3.307,23860.0,1
Wheat,2023-24,Kushtia,2024,30810.0,12469.0,4.185,52178.0,1
Wheat,2023-24,Lakshmipur,2024,234.0,95.0,4.353,412.0,1
Wheat,2023-24,Lalmonirhat,2024,2338.0,946.0,3.555,3364.0,1
Wheat,2023-24,Madaripur,2024,12661.0,5124.0,3.39,17368.0,1
Wheat,2023-24,Magura,2024,13312.0,5387.0,3.409,18365.0,1
Wheat,2023-24,Manikganj,2024,752.9,305.0,3.164,964.0,1
Wheat,2023-24,Meherpur,2024,32117.0,12998.0,4.535,58947.0,1
Wheat,2023-24,Moulvibazar,2024,101.0,41.0,2.83,116.0,1
Wheat,2023-24,Munshiganj,2024,63.2,26.0,3.413,87.0,1
Wheat,2023-24,Mymensingh,2024,4191.0,1696.0,3.265,5537.0,1
Wheat,2023-24,Naogaon,2024,41375.0,16744.0,3.604,60340.0,1
Wheat,2023-24,Narail,2024,4132.0,1672.0,3.148,5264.0,1
Wheat,2023-24,Narayanganj,2024,67.31,27.0,2.963,81.0,1
Wheat,2023-24,Narsingdi,2024,179.97,73.0,2.332,170.0,1
Wheat,2023-24,Natore,2024,61454.0,24870.0,4.123,102552.0,1
Wheat,2023-24,Netrakona,2024,1713.0,693.0,3.088,2141.0,1
Wheat,2023-24,Nilphamari,2024,9862.0,3991.0,3.203,12782.0,1
Wheat,2023-24,Noakhali,2024,58.0,24.0,2.521,59.0,1
Wheat,2023-24,Pabna,2024,63806.0,25822.0,3.359,86741.0,1
Wheat,2023-24,Panchagarh,2024,47733.0,19317.0,3.953,76363.0,1
Wheat,2023-24,Patuakhali,2024,0.0,0.0,0.0,0.0,1
Wheat,2023-24,Pirojpur,2024,59.0,24.0,3.567,85.0,1
Wheat,2023-24,Rajbari,2024,27727.0,11221.0,3.471,38946.0,1
Wheat,2023-24,Rajshahi,2024,57849.25,23411.0,3.776,88396.0,1
Wheat,2023-24,Rangamati,2024,0.0,0.0,0.0,0.0,1
Wheat,2023-24,Rangpur,2024,4042.0,1636.0,3.272,5353.0,1
Wheat,2023-24,Satkhira,2024,1513.51,613.0,3.141,1924.0,1
Wheat,2023-24,Shariatpur,2024,10539.0,4265.0,3.327,14190.0,1
Wheat,2023-24,Sherpur,2024,2109.0,853.0,3.312,2826.0,1
Wheat,2023-24,Sirajganj,2024,11499.24,4654.0,3.406,15849.0,1
Wheat,2023-24,Sunamganj,2024,926.0,375.0,3.575,1340.0,1
Wheat,2023-24,Sylhet,2024,504.0,204.0,2.454,500.0,1
Wheat,2023-24,Tangail,2024,10070.6,4076.0,2.902,11826.0,1
Wheat,2023-24,Thakurgaon,2024,104226.0,42180.0,3.905,164707.0,1
