crop,crop_year,district,edition,area_acres,area_ha,yield_mt_per_ha,production_mt,n_tables
Aman,2014-15,Bagerhat,2017,204315.0,82682.0,2.184,180613.0,1
Aman,2014-15,Bandarban,2017,23294.0,9427.0,2.519,23749.0,1
Aman,2014-15,Barguna,2017,229281.0,92785.0,1.763,163600.0,1
Aman,2014-15,Barishal,2017,293618.0,118821.0,1.942,230758.0,1
Aman,2014-15,Bhola,2017,425541.0,172207.0,1.942,334501.0,1
Aman,2014-15,Bogura,2017,448004.0,181297.0,2.65,480483.0,1
Aman,2014-15,Brahmanbaria,2017,154885.0,62679.0,2.339,146601.0,1
Aman,2014-15,Chandpur,2017,105836.0,42830.0,1.661,71142.0,1
Aman,2014-15,Chapainababganj,2017,129945.0,52586.0,2.618,137678.0,1
Aman,2014-15,Chattogram,2017,437253.0,176947.0,2.799,495198.0,1
Aman,2014-15,Chuadanga,2017,90259.0,36526.0,2.738,99997.0,1
Aman,2014-15,Cox's Bazar,2017,179172.0,72507.0,2.416,175192.0,1
Aman,2014-15,Cumilla,2017,343998.0,139208.0,2.103,292803.0,1
Aman,2014-15,Dhaka,2017,31759.0,12852.0,1.214,15604.0,1
Aman,2014-15,Dinajpur,2017,616823.0,249615.0,2.461,614367.0,1
Aman,2014-15,Faridpur,2017,128015.0,51805.0,2.318,120064.0,1
Aman,2014-15,Feni,2017,163459.0,66148.0,2.83,187203.0,1
Aman,2014-15,Gaibandha,2017,310915.0,125820.0,2.561,322175.0,1
Aman,2014-15,Gazipur,2017,103869.0,42034.0,2.416,101542.0,1
Aman,2014-15,Gopalganj,2017,54197.0,21932.0,1.335,29274.0,1
Aman,2014-15,Habiganj,2017,227794.0,92183.0,2.068,190599.0,1
Aman,2014-15,Jamalpur,2017,207753.0,84073.0,2.546,214042.0,1
Aman,2014-15,Jashore,2017,322696.0,130588.0,2.596,338975.0,1
Aman,2014-15,Jhalokati,2017,110082.0,44548.0,1.749,77925.0,1
Aman,2014-15,Jhenaidah,2017,211994.0,85789.0,2.812,241220.0,1
Aman,2014-15,Joypurhat,2017,166204.0,67259.0,2.796,188077.0,1
Aman,2014-15,Khagrachhari,2017,68359.0,27663.0,2.833,78366.0,1
Aman,2014-15,Khulna,2017,247129.0,100008.0,2.551,255133.0,1
Aman,2014-15,Kishoreganj,2017,184012.0,74466.0,2.527,188211.0,1
Aman,2014-15,Kurigram,2017,256283.0,103712.0,2.358,244592.0,1
Aman,2014-15,Kushtia,2017,196630.0,79572.0,2.608,207546.0,1
Aman,2014-15,Lakshmipur,2017,204593.0,82794.0,2.443,202248.0,1
Aman,2014-15,Lalmonirhat,2017,191750.0,77597.0,2.726,211545.0,1
Aman,2014-15,Madaripur,2017,60917.0,24652.0,1.49,36743.0,1
Aman,2014-15,Magura,2017,140570.0,56886.0,2.554,145287.0,1
Aman,2014-15,Manikganj,2017,98733.0,39955.0,1.303,52046.0,1
Aman,2014-15,Meherpur,2017,58717.0,23761.0,2.973,70650.0,1
Aman,2014-15,Moulvibazar,2017,227241.0,91959.0,2.477,227829.0,1
Aman,2014-15,Munshiganj,2017,47162.0,19085.0,1.199,22886.0,1
Aman,2014-15,Mymensingh,2017,638900.0,258549.0,2.463,636761.0,1
Aman,2014-15,Naogaon,2017,527641.0,213525.0,2.836,605457.0,1
Aman,2014-15,Narail,2017,87207.0,35291.0,2.034,71785.0,1
Aman,2014-15,Narayanganj,2017,23098.0,9347.0,1.339,12516.0,1
Aman,2014-15,Narsingdi,2017,97029.0,39266.0,2.331,91527.0,1
Aman,2014-15,Natore,2017,180457.0,73027.0,2.388,174355.0,1
Aman,2014-15,Netrakona,2017,304282.0,123136.0,2.338,287835.0,1
Aman,2014-15,Nilphamari,2017,263626.0,106684.0,2.839,302918.0,1
Aman,2014-15,Noakhali,2017,313536.0,126881.0,1.957,248264.0,1
Aman,2014-15,Pabna,2017,220886.0,89388.0,2.126,190075.0,1
Aman,2014-15,Panchagarh,2017,228474.0,92458.0,2.707,250306.0,1
Aman,2014-15,Patuakhali,2017,502777.0,203463.0,1.76,358070.0,1
Aman,2014-15,Pirojpur,2017,151121.0,61155.0,1.884,115192.0,1
Aman,2014-15,Rajbari,2017,91523.0,37037.0,2.518,93275.0,1
Aman,2014-15,Rajshahi,2017,170323.0,68926.0,2.897,199696.0,1
Aman,2014-15,Rangamati,2017,24900.0,10076.0,2.76,27810.0,1
Aman,2014-15,Rangpur,2017,388989.0,157415.0,2.767,435563.0,1
Aman,2014-15,Satkhira,2017,230416.0,93244.0,2.994,279166.0,1
Aman,2014-15,Shariatpur,2017,36215.0,14655.0,1.488,21802.0,1
Aman,2014-15,Sherpur,2017,205805.0,83285.0,2.069,172290.0,1
Aman,2014-15,Sirajganj,2017,218728.0,88514.0,2.376,210269.0,1
Aman,2014-15,Sunamganj,2017,129819.0,52535.0,2.102,110452.0,1
Aman,2014-15,Sylhet,2017,319540.0,129311.0,2.13,275476.0,1
Aman,2014-15,Tangail,2017,306072.0,123861.0,2.124,263074.0,1
Aman,2014-15,Thakurgaon,2017,300796.0,121726.0,2.791,339766.0,1
Aman,2015-16,Bagerhat,2017,203572.0,82381.0,2.077,171133.0,1
Aman,2015-16,Bandarban,2017,23895.0,9670.0,2.458,23766.0,1
Aman,2015-16,Barguna,2017,236799.0,95827.0,1.748,167538.0,1
Aman,2015-16,Barishal,2017,291351.0,117903.0,1.958,230832.0,1
Aman,2015-16,Bhola,2017,449494.0,181900.4,2.163,393399.0,1
Aman,2015-16,Bogura,2017,444221.0,179767.0,2.671,480227.0,1
Aman,2015-16,Brahmanbaria,2017,161705.0,65438.0,2.298,150378.0,1
Aman,2015-16,Chandpur,2017,94500.0,38242.0,1.783,68192.0,1
Aman,2015-16,Chapainababganj,2017,130991.0,53009.0,2.649,140403.0,1
Aman,2015-16,Chattogram,2017,428676.0,173476.0,2.795,484869.0,1
Aman,2015-16,Chuadanga,2017,91190.0,36903.0,2.759,101810.0,1
Aman,2015-16,Cox's Bazar,2017,188604.0,76324.0,2.473,188716.0,1
Aman,2015-16,Cumilla,2017,340195.0,137669.0,2.14,294604.0,1
Aman,2015-16,Dhaka,2017,43132.0,17455.0,1.571,27419.0,1
Aman,2015-16,Dinajpur,2017,629293.0,254661.0,2.501,636936.0,1
Aman,2015-16,Faridpur,2017,149900.0,60661.0,2.386,144737.0,1
Aman,2015-16,Feni,2017,163763.0,66271.0,2.68,177615.0,1
Aman,2015-16,Gaibandha,2017,281389.0,113872.0,2.589,294836.0,1
Aman,2015-16,Gazipur,2017,103163.0,41748.0,2.287,95483.0,1
Aman,2015-16,Gopalganj,2017,54772.0,22165.0,1.301,28836.0,1
Aman,2015-16,Habiganj,2017,235916.0,95470.0,2.089,199483.0,1
Aman,2015-16,Jamalpur,2017,229371.0,92821.0,2.508,232817.0,1
Aman,2015-16,Jashore,2017,316657.0,128144.1,2.62,335780.0,1
Aman,2015-16,Jhalokati,2017,110928.0,44890.0,1.742,78186.0,1
Aman,2015-16,Jhenaidah,2017,212414.0,85959.0,2.863,246120.0,1
Aman,2015-16,Joypurhat,2017,174044.0,70432.0,2.842,200202.0,1
Aman,2015-16,Khagrachhari,2017,68613.0,27766.0,2.837,78770.0,1
Aman,2015-16,Khulna,2017,242928.0,98308.0,2.549,250580.0,1
Aman,2015-16,Kishoreganj,2017,193708.0,78389.0,2.586,202701.0,1
Aman,2015-16,Kurigram,2017,252103.0,102021.0,2.39,243803.0,1
Aman,2015-16,Kushtia,2017,200364.0,81083.0,2.656,215344.0,1
Aman,2015-16,Lakshmipur,2017,210508.0,85188.0,2.41,205261.0,1
Aman,2015-16,Lalmonirhat,2017,197889.0,80081.0,2.745,219862.0,1
Aman,2015-16,Madaripur,2017,63860.0,25843.0,1.518,39225.0,1
Aman,2015-16,Magura,2017,134591.0,54466.0,2.604,141809.0,1
Aman,2015-16,Manikganj,2017,97709.0,39541.0,1.344,53141.0,1
Aman,2015-16,Meherpur,2017,60597.0,24522.0,3.01,73810.0,1
Aman,2015-16,Moulvibazar,2017,238563.0,96541.0,2.557,246845.0,1
Aman,2015-16,Munshiganj,2017,48966.0,19815.0,1.101,21822.0,1
Aman,2015-16,Mymensingh,2017,641305.0,259522.0,2.496,647789.0,1
Aman,2015-16,Naogaon,2017,513702.0,207884.0,2.825,587366.0,1
Aman,2015-16,Narail,2017,79935.0,32348.0,2.057,66544.0,1
Aman,2015-16,Narayanganj,2017,17192.0,6957.0,1.43,9945.0,1
Aman,2015-16,Narsingdi,2017,89038.0,36032.0,2.207,79512.0,1
Aman,2015-16,Natore,2017,187909.0,76043.0,2.452,186447.0,1
Aman,2015-16,Netrakona,2017,340452.0,137773.0,2.382,328128.0,1
Aman,2015-16,Nilphamari,2017,267200.0,108130.0,2.751,297497.0,1
Aman,2015-16,Noakhali,2017,312013.0,126265.0,1.89,238614.0,1
Aman,2015-16,Pabna,2017,227524.0,92074.0,2.111,194335.0,1
Aman,2015-16,Panchagarh,2017,225727.0,91347.0,2.758,251912.0,1
Aman,2015-16,Patuakhali,2017,501477.0,202937.0,1.887,383024.0,1
Aman,2015-16,Pirojpur,2017,152797.0,61833.6,1.863,115184.0,1
Aman,2015-16,Rajbari,2017,102469.0,41467.0,2.605,108004.0,1
Aman,2015-16,Rajshahi,2017,177495.0,71828.0,2.913,209258.0,1
Aman,2015-16,Rangamati,2017,24598.0,9954.0,2.836,28235.0,1
Aman,2015-16,Rangpur,2017,386491.0,156404.0,2.786,435771.0,1
Aman,2015-16,Satkhira,2017,230831.0,93412.0,3.022,282279.0,1
Aman,2015-16,Shariatpur,2017,37198.0,15053.0,1.446,21763.0,1
Aman,2015-16,Sherpur,2017,218028.0,88231.0,2.159,190452.0,1
Aman,2015-16,Sirajganj,2017,211881.0,85744.0,2.434,208716.0,1
Aman,2015-16,Sunamganj,2017,126194.0,51068.0,2.15,109804.0,1
Aman,2015-16,Sylhet,2017,315855.0,127820.0,2.19,279939.0,1
Aman,2015-16,Tangail,2017,313141.0,126721.0,2.191,277697.0,1
Aman,2015-16,Thakurgaon,2017,313504.0,126868.0,2.821,357934.0,1
Aus,2014-15,Bagerhat,2017,20258.0,8198.0,2.404,19709.0,1
Aus,2014-15,Bandarban,2017,19013.0,7694.0,1.803,13871.0,1
Aus,2014-15,Barguna,2017,97047.0,39273.0,2.41,94652.0,1
Aus,2014-15,Barishal,2017,83188.0,33664.0,1.458,49084.0,1
Aus,2014-15,Bhola,2017,184434.0,74636.0,1.351,100811.0,1
Aus,2014-15,Bogura,2017,56081.0,22695.0,2.297,52125.0,1
Aus,2014-15,Brahmanbaria,2017,11714.0,4740.0,2.131,10100.0,1
Aus,2014-15,Chandpur,2017,29308.0,11860.0,2.19,25969.0,1
Aus,2014-15,Chapainababganj,2017,111406.0,45084.0,2.403,108316.0,1
Aus,2014-15,Chattogram,2017,108575.0,43938.0,2.459,108026.0,1
Aus,2014-15,Chuadanga,2017,63034.0,25508.0,2.755,70287.0,1
Aus,2014-15,Cox's Bazar,2017,4405.0,1783.0,2.305,4109.0,1
Aus,2014-15,Cumilla,2017,169961.0,68779.0,2.505,172305.0,1
Aus,2014-15,Dhaka,2017,1711.0,692.0,2.041,1413.0,1
Aus,2014-15,Dinajpur,2017,12067.0,4883.0,2.297,11216.0,1
Aus,2014-15,Faridpur,2017,16626.0,6728.0,1.575,10599.0,1
Aus,2014-15,Feni,2017,29269.0,11845.0,2.224,26338.0,1
Aus,2014-15,Gaibandha,2017,804.0,325.0,1.845,600.0,1
Aus,2014-15,Gazipur,2017,4131.0,1672.0,2.435,4071.0,1
Aus,2014-15,Gopalganj,2017,6598.0,2670.0,1.48,3952.0,1
Aus,2014-15,Habiganj,2017,86028.0,34814.0,2.397,83459.0,1
Aus,2014-15,Jamalpur,2017,3562.0,1441.0,1.755,2530.0,1
Aus,2014-15,Jashore,2017,84690.0,34272.0,2.813,96397.0,1
Aus,2014-15,Jhalokati,2017,46135.0,18670.0,1.951,36433.0,1
Aus,2014-15,Jhenaidah,2017,52867.0,21394.0,2.797,59845.0,1
Aus,2014-15,Joypurhat,2017,0.0,0.0,0.0,0.0,1
Aus,2014-15,Khagrachhari,2017,6406.0,2592.0,1.808,4688.0,1
Aus,2014-15,Khulna,2017,8392.0,3396.0,1.332,4525.0,1
Aus,2014-15,Kishoreganj,2017,47331.0,19154.0,2.383,45640.0,1
Aus,2014-15,Kurigram,2017,2057.0,832.0,1.947,1621.0,1
Aus,2014-15,Kushtia,2017,87950.0,35591.0,2.47,87904.0,1
Aus,2014-15,Lakshmipur,2017,80036.0,32389.0,1.785,57798.0,1
Aus,2014-15,Lalmonirhat,2017,0.0,0.0,0.0,0.0,1
Aus,2014-15,Madaripur,2017,3755.0,1520.0,1.337,2031.0,1
Aus,2014-15,Magura,2017,18244.0,7383.0,2.026,14961.0,1
Aus,2014-15,Manikganj,2017,1977.0,800.0,2.027,1622.0,1
Aus,2014-15,Meherpur,2017,20979.0,8490.0,3.0,25465.0,1
Aus,2014-15,Moulvibazar,2017,76890.0,31116.0,2.629,81801.0,1
Aus,2014-15,Munshiganj,2017,865.0,350.0,2.345,821.0,1
Aus,2014-15,Mymensingh,2017,65658.0,26570.0,2.368,62927.0,1
Aus,2014-15,Naogaon,2017,127603.0,51638.0,2.795,144322.0,1
Aus,2014-15,Narail,2017,11430.0,4625.0,1.488,6880.0,1
Aus,2014-15,Narayanganj,2017,51.0,21.0,2.352,49.0,1
Aus,2014-15,Narsingdi,2017,739.0,299.0,1.584,474.0,1
Aus,2014-15,Natore,2017,19096.0,7728.0,2.086,16122.0,1
Aus,2014-15,Netrakona,2017,532.0,215.0,1.534,330.0,1
Aus,2014-15,Nilphamari,2017,0.0,0.0,0.0,0.0,1
Aus,2014-15,Noakhali,2017,132752.0,53722.0,1.739,93409.0,1
Aus,2014-15,Pabna,2017,50573.0,20466.0,1.651,33782.0,1
Aus,2014-15,Panchagarh,2017,0.0,0.0,0.0,0.0,1
Aus,2014-15,Patuakhali,2017,144419.0,58443.0,1.97,115113.0,1
Aus,2014-15,Pirojpur,2017,65031.0,26317.0,2.077,54668.0,1
Aus,2014-15,Rajbari,2017,5265.0,2131.0,1.157,2465.0,1
Aus,2014-15,Rajshahi,2017,96094.0,38887.0,2.866,111467.0,1
Aus,2014-15,Rangamati,2017,17241.0,6977.0,1.636,11414.0,1
Aus,2014-15,Rangpur,2017,3275.0,1325.0,0.0,3438.0,1
Aus,2014-15,Satkhira,2017,20051.0,8114.0,2.481,20133.0,1
Aus,2014-15,Shariatpur,2017,22532.0,9118.0,1.321,12043.0,1
Aus,2014-15,Sherpur,2017,13338.0,5398.0,2.026,10937.0,1
Aus,2014-15,Sirajganj,2017,16600.0,6718.0,2.293,15405.0,1
Aus,2014-15,Sunamganj,2017,11180.0,4524.0,2.563,11595.0,1
Aus,2014-15,Sylhet,2017,93589.0,37873.0,2.603,98593.0,1
Aus,2014-15,Tangail,2017,902.0,365.0,1.496,546.0,1
Aus,2014-15,Thakurgaon,2017,7558.0,3059.0,2.251,6884.0,1
Aus,2015-16,Bagerhat,2017,16931.0,6852.0,2.216,15186.0,1
Aus,2015-16,Bandarban,2017,20742.0,8394.0,1.92,16116.0,1
Aus,2015-16,Barguna,2017,104679.0,42361.0,2.098,88875.0,1
Aus,2015-16,Barishal,2017,67235.0,27209.0,1.5,40801.0,1
Aus,2015-16,Bhola,2017,188122.0,76129.0,1.468,111741.0,1
Aus,2015-16,Bogura,2017,53227.0,21540.0,2.481,53446.0,1
Aus,2015-16,Brahmanbaria,2017,17034.0,6893.0,1.924,13264.0,1
Aus,2015-16,Chandpur,2017,25199.0,10197.0,2.388,24351.0,1
Aus,2015-16,Chapainababganj,2017,121368.0,49115.0,2.351,115474.0,1
Aus,2015-16,Chattogram,2017,76969.0,31148.0,2.475,77092.0,1
Aus,2015-16,Chuadanga,2017,67871.0,27466.0,2.721,74737.0,1
Aus,2015-16,Cox's Bazar,2017,1582.0,640.0,2.432,1557.0,1
Aus,2015-16,Cumilla,2017,160887.0,65107.0,2.456,159886.0,1
Aus,2015-16,Dhaka,2017,1617.0,654.0,2.187,1431.0,1
Aus,2015-16,Dinajpur,2017,16742.0,6775.0,2.324,15748.0,1
Aus,2015-16,Faridpur,2017,12558.0,5082.0,1.301,6609.0,1
Aus,2015-16,Feni,2017,23780.0,9623.0,2.163,20818.0,1
Aus,2015-16,Gaibandha,2017,2595.0,1050.0,1.679,1763.0,1
Aus,2015-16,Gazipur,2017,2921.0,1182.0,2.122,2508.0,1
Aus,2015-16,Gopalganj,2017,3435.0,1390.0,0.859,1194.0,1
Aus,2015-16,Habiganj,2017,103803.0,42007.0,2.294,96347.0,1
Aus,2015-16,Jamalpur,2017,4988.0,2019.0,1.681,3392.0,1
Aus,2015-16,Jashore,2017,69092.0,27960.0,2.795,78144.0,1
Aus,2015-16,Jhalokati,2017,39716.0,16072.0,1.946,31272.0,1
Aus,2015-16,Jhenaidah,2017,53172.0,21518.0,2.937,63191.0,1
Aus,2015-16,Joypurhat,2017,116.0,47.0,2.158,101.0,1
Aus,2015-16,Khagrachhari,2017,5996.0,2426.0,1.879,4559.0,1
Aus,2015-16,Khulna,2017,6833.0,2765.0,1.285,3552.0,1
Aus,2015-16,Kishoreganj,2017,58911.0,23840.0,2.038,48583.0,1
Aus,2015-16,Kurigram,2017,4129.0,1671.0,1.815,3033.0,1
Aus,2015-16,Kushtia,2017,72535.0,29353.0,2.398,70397.0,1
Aus,2015-16,Lakshmipur,2017,69639.0,28181.0,1.662,46849.0,1
Aus,2015-16,Lalmonirhat,2017,11664.0,4720.0,2.444,11538.0,1
Aus,2015-16,Madaripur,2017,3486.0,1411.0,1.36,1918.0,1
Aus,2015-16,Magura,2017,15692.0,6350.0,2.105,13370.0,1
Aus,2015-16,Manikganj,2017,2039.0,825.0,2.076,1713.0,1
Aus,2015-16,Meherpur,2017,22180.0,8976.0,2.994,26875.0,1
Aus,2015-16,Moulvibazar,2017,92268.0,37339.0,2.748,102602.0,1
Aus,2015-16,Munshiganj,2017,949.0,384.0,2.486,955.0,1
Aus,2015-16,Mymensingh,2017,57548.0,23288.0,2.454,57140.0,1
Aus,2015-16,Naogaon,2017,127185.0,51469.0,2.693,138626.0,1
Aus,2015-16,Narail,2017,14315.0,5793.0,1.421,8229.0,1
Aus,2015-16,Narayanganj,2017,378.0,153.0,2.14,327.0,1
Aus,2015-16,Narsingdi,2017,342.0,138.0,1.485,206.0,1
Aus,2015-16,Natore,2017,12561.0,5083.0,2.137,10861.0,1
Aus,2015-16,Netrakona,2017,661.0,267.0,1.642,439.0,1
Aus,2015-16,Nilphamari,2017,922.0,373.0,1.476,551.0,1
Aus,2015-16,Noakhali,2017,113854.0,46074.0,1.793,82632.0,1
Aus,2015-16,Pabna,2017,35083.0,14197.0,1.825,25904.0,1
Aus,2015-16,Panchagarh,2017,470.0,190.0,2.171,413.0,1
Aus,2015-16,Patuakhali,2017,106453.0,43079.0,2.06,88749.0,1
Aus,2015-16,Pirojpur,2017,56384.0,22817.0,2.135,48710.0,1
Aus,2015-16,Rajbari,2017,393.0,159.0,2.704,430.0,1
Aus,2015-16,Rajshahi,2017,98483.0,39854.0,2.829,112737.0,1
Aus,2015-16,Rangamati,2017,16494.0,6675.0,1.507,10059.0,1
Aus,2015-16,Rangpur,2017,33187.0,13430.0,2.786,37411.0,1
Aus,2015-16,Satkhira,2017,20237.0,8189.0,2.5,20471.0,1
Aus,2015-16,Shariatpur,2017,21721.0,8790.0,1.328,11676.0,1
Aus,2015-16,Sherpur,2017,5951.0,2408.0,1.975,4756.0,1
Aus,2015-16,Sirajganj,2017,13775.0,5574.0,2.196,12242.0,1
Aus,2015-16,Sunamganj,2017,12399.0,5018.0,2.531,12700.0,1
Aus,2015-16,Sylhet,2017,116049.0,46962.0,2.675,125637.0,1
Aus,2015-16,Tangail,2017,2993.0,1211.0,1.059,1282.0,1
Aus,2015-16,Thakurgaon,2017,24963.0,10102.0,2.521,25466.0,1
Boro,2014-15,Bagerhat,2017,121130.0,49018.0,3.3206666666666664,190876.0,3
Boro,2014-15,Bandarban,2017,10978.0,4443.0,2.404333333333333,14829.0,3
Boro,2014-15,Barguna,2017,726.0,294.0,0.9653333333333333,851.0,3
Boro,2014-15,Barishal,2017,140027.0,56666.0,3.2246666666666663,203562.0,3
Boro,2014-15,Bhola,2017,139313.0,56377.0,3.3253333333333335,173804.0,3
Boro,2014-15,Bogura,2017,469850.0,190138.0,3.672,688437.0,3
Boro,2014-15,Brahmanbaria,2017,268431.0,108629.0,3.4160000000000004,417044.0,3
Boro,2014-15,Chandpur,2017,159197.0,64423.0,3.267666666666667,221831.0,3
Boro,2014-15,Chapainababganj,2017,120452.0,48745.0,2.687,182010.0,3
Boro,2014-15,Chattogram,2017,163493.0,66162.0,2.582666666666667,229999.0,3
Boro,2014-15,Chuadanga,2017,96880.0,39205.0,2.696333333333333,147070.0,3
Boro,2014-15,Cox's Bazar,2017,122336.0,49506.0,3.328666666666667,168003.0,3
Boro,2014-15,Cumilla,2017,391810.0,158557.0,3.288,576496.0,3
Boro,2014-15,Dhaka,2017,115814.0,46868.0,4.030666666666666,205638.0,3
Boro,2014-15,Dinajpur,2017,442342.0,179006.0,2.9116666666666666,735364.0,3
Boro,2014-15,Faridpur,2017,72886.0,29496.0,3.770666666666667,120612.0,3
Boro,2014-15,Feni,2017,77898.0,31524.0,2.5656666666666665,111634.0,3
Boro,2014-15,Gaibandha,2017,307024.0,124247.0,3.4136666666666664,480520.0,3
Boro,2014-15,Gazipur,2017,149509.0,60503.0,3.5140000000000007,231718.0,3
Boro,2014-15,Gopalganj,2017,199907.0,80899.0,3.7423333333333333,369964.0,3
Boro,2014-15,Habiganj,2017,278283.0,112615.0,3.0760000000000005,405436.0,3
Boro,2014-15,Jamalpur,2017,322547.0,130528.0,3.3890000000000007,503034.0,3
Boro,2014-15,Jashore,2017,388458.0,157200.0,3.8646666666666665,661229.0,3
Boro,2014-15,Jhalokati,2017,23398.0,9469.0,3.5493333333333332,36356.0,3
Boro,2014-15,Jhenaidah,2017,214866.0,86951.0,3.2099999999999995,368315.0,3
Boro,2014-15,Joypurhat,2017,170996.0,69198.0,2.6809999999999996,283055.0,3
Boro,2014-15,Khagrachhari,2017,25537.0,10335.0,2.3673333333333333,35101.0,3
Boro,2014-15,Khulna,2017,118687.0,48029.0,3.262,178972.0,3
Boro,2014-15,Kishoreganj,2017,420234.0,170059.0,3.6776666666666666,713696.0,3
Boro,2014-15,Kurigram,2017,249683.0,101042.0,3.483333333333333,416497.0,3
Boro,2014-15,Kushtia,2017,90214.0,36508.0,2.6809999999999996,141938.0,3
Boro,2014-15,Lakshmipur,2017,65474.0,26496.0,2.6466666666666665,100316.0,3
Boro,2014-15,Lalmonirhat,2017,125607.0,50831.0,3.356,204704.0,3
Boro,2014-15,Madaripur,2017,96993.0,39250.0,3.8023333333333333,166068.0,3
Boro,2014-15,Magura,2017,94172.0,38109.0,2.8223333333333334,148980.0,3
Boro,2014-15,Manikganj,2017,144337.0,58410.0,3.78,265448.0,3
Boro,2014-15,Meherpur,2017,53706.0,21734.0,3.2159999999999997,92927.0,3
Boro,2014-15,Moulvibazar,2017,124905.0,50547.0,3.3213333333333335,165083.0,3
Boro,2014-15,Munshiganj,2017,61265.0,24792.0,3.5863333333333336,104440.0,3
Boro,2014-15,Mymensingh,2017,654973.0,265054.0,3.610333333333333,1080151.0,3
Boro,2014-15,Naogaon,2017,500960.0,202727.0,3.1176666666666666,844183.0,3
Boro,2014-15,Narail,2017,92021.0,37240.0,3.578333333333333,148926.0,3
Boro,2014-15,Narayanganj,2017,66127.0,26760.0,3.317,101839.0,3
Boro,2014-15,Narsingdi,2017,125561.0,50812.0,3.7736666666666667,196927.0,3
Boro,2014-15,Natore,2017,136334.0,55171.0,4.198666666666667,253141.0,3
Boro,2014-15,Netrakona,2017,439222.0,177743.0,3.5080000000000005,702750.0,3
Boro,2014-15,Nilphamari,2017,203087.0,82184.0,3.001,359308.0,3
Boro,2014-15,Noakhali,2017,147811.0,59816.0,2.847,262472.0,3
Boro,2014-15,Pabna,2017,171494.0,69401.0,3.4773333333333336,277632.0,3
Boro,2014-15,Panchagarh,2017,101897.0,41236.0,2.9303333333333335,168532.0,3
Boro,2014-15,Patuakhali,2017,5327.0,2156.0,1.413,4842.0,3
Boro,2014-15,Pirojpur,2017,52295.0,21162.0,3.3629999999999995,79711.0,3
Boro,2014-15,Rajbari,2017,43161.0,17467.0,3.6649999999999996,74343.0,3
Boro,2014-15,Rajshahi,2017,179050.0,72457.0,3.1176666666666666,298819.0,3
Boro,2014-15,Rangamati,2017,18786.0,7602.0,2.659333333333333,29896.0,3
Boro,2014-15,Rangpur,2017,333970.0,135151.0,3.099,605244.0,3
Boro,2014-15,Satkhira,2017,185172.0,74936.0,2.789,293943.0,3
Boro,2014-15,Shariatpur,2017,67611.0,27361.0,3.828666666666667,118593.0,3
Boro,2014-15,Sherpur,2017,220475.0,89221.0,3.3770000000000002,349133.0,3
Boro,2014-15,Sirajganj,2017,343735.0,139102.0,3.736333333333333,591063.0,3
Boro,2014-15,Sunamganj,2017,476190.0,192704.0,3.268333333333333,695855.0,3
Boro,2014-15,Sylhet,2017,179747.0,72740.0,3.0210000000000004,212738.0,3
Boro,2014-15,Tangail,2017,418797.0,169478.0,3.7543333333333333,729911.0,3
Boro,2014-15,Thakurgaon,2017,157505.0,63739.0,2.853333333333333,250353.0,3
Boro,2015-16,Bagerhat,2017,122414.0,49538.0,3.2836666666666665,196045.0,3
Boro,2015-16,Bandarban,2017,11132.0,4505.0,2.4290000000000003,15312.0,3
Boro,2015-16,Barguna,2017,568.0,230.0,0.9963333333333333,687.0,3
Boro,2015-16,Barishal,2017,139819.0,56582.0,3.2876666666666665,209043.0,3
Boro,2015-16,Bhola,2017,135547.0,54853.0,3.4523333333333333,176768.0,3
Boro,2015-16,Bogura,2017,463912.0,187734.0,3.594,702778.0,3
Boro,2015-16,Brahmanbaria,2017,260121.0,105266.0,3.363666666666667,410660.0,3
Boro,2015-16,Chandpur,2017,154052.0,62342.0,3.159333333333333,212794.0,3
Boro,2015-16,Chapainababganj,2017,118724.0,48045.0,2.704333333333333,177641.0,3
Boro,2015-16,Chattogram,2017,160608.0,64994.0,2.5396666666666667,222500.0,3
Boro,2015-16,Chuadanga,2017,94216.0,38127.0,2.6933333333333334,144653.0,3
Boro,2015-16,Cox's Bazar,2017,119797.0,48479.0,3.3296666666666668,168673.0,3
Boro,2015-16,Cumilla,2017,392640.0,158893.0,3.047,581778.0,3
Boro,2015-16,Dhaka,2017,117848.0,47690.0,3.907666666666666,211933.0,3
Boro,2015-16,Dinajpur,2017,438674.0,177521.0,3.0286666666666666,726107.0,3
Boro,2015-16,Faridpur,2017,70717.0,28618.0,3.6743333333333332,116346.0,3
Boro,2015-16,Feni,2017,78573.0,31797.0,2.7516666666666665,113281.0,3
Boro,2015-16,Gaibandha,2017,301991.0,122209.0,3.304,467757.0,3
Boro,2015-16,Gazipur,2017,146056.0,59105.0,3.6743333333333332,234186.0,3
Boro,2015-16,Gopalganj,2017,195773.0,79225.0,3.7616666666666667,365589.0,3
Boro,2015-16,Habiganj,2017,277685.0,112373.0,3.157666666666666,401138.0,3
Boro,2015-16,Jamalpur,2017,317395.0,128443.0,3.452666666666667,524431.0,3
Boro,2015-16,Jashore,2017,385778.0,156116.0,3.081,652053.0,3
Boro,2015-16,Jhalokati,2017,20793.0,8414.0,3.444333333333333,32379.0,3
Boro,2015-16,Jhenaidah,2017,212646.0,86053.0,3.145666666666667,359742.0,3
Boro,2015-16,Joypurhat,2017,166936.0,67555.0,2.9516666666666667,290368.0,3
Boro,2015-16,Khagrachhari,2017,24437.0,9889.0,2.235333333333333,31887.0,3
Boro,2015-16,Khulna,2017,121788.0,49285.0,3.0796666666666668,176698.0,3
Boro,2015-16,Kishoreganj,2017,416714.0,168635.0,3.4730000000000003,699047.0,3
Boro,2015-16,Kurigram,2017,250551.0,101392.0,3.489666666666667,419821.0,3
Boro,2015-16,Kushtia,2017,89276.0,36128.0,2.643333333333333,133117.0,3
Boro,2015-16,Lakshmipur,2017,58515.0,23680.0,2.733333333333333,91176.0,3
Boro,2015-16,Lalmonirhat,2017,117915.0,47718.0,2.7303333333333337,188861.0,3
Boro,2015-16,Madaripur,2017,95444.0,38624.0,3.7729999999999997,166198.0,3
Boro,2015-16,Magura,2017,91241.0,36923.0,2.7733333333333334,135459.0,3
Boro,2015-16,Manikganj,2017,135439.0,54809.0,3.699,239964.0,3
Boro,2015-16,Meherpur,2017,49275.0,19940.0,3.074666666666667,80086.0,3
Boro,2015-16,Moulvibazar,2017,121840.0,49306.0,3.201333333333333,172134.0,3
Boro,2015-16,Munshiganj,2017,60958.0,24669.0,3.5256666666666665,103049.0,3
Boro,2015-16,Mymensingh,2017,652496.0,264051.0,3.548,1074189.0,3
Boro,2015-16,Naogaon,2017,495864.0,200665.0,3.111666666666667,826198.0,3
Boro,2015-16,Narail,2017,90833.0,36758.0,3.5366666666666666,143207.0,3
Boro,2015-16,Narayanganj,2017,63835.0,25832.0,3.2099999999999995,95581.0,3
Boro,2015-16,Narsingdi,2017,131181.0,53086.0,3.4403333333333332,197940.0,3
Boro,2015-16,Natore,2017,132150.0,53478.0,4.137,242312.0,3
Boro,2015-16,Netrakona,2017,444073.0,179706.0,3.638,722996.0,3
Boro,2015-16,Nilphamari,2017,200352.0,81078.0,2.988666666666667,352182.0,3
Boro,2015-16,Noakhali,2017,142974.0,57859.0,2.9086666666666665,262818.0,3
Boro,2015-16,Pabna,2017,169677.0,68665.0,3.3843333333333336,272865.0,3
Boro,2015-16,Panchagarh,2017,98092.0,39695.0,2.917666666666667,158779.0,3
Boro,2015-16,Patuakhali,2017,3910.0,1582.0,1.344,3296.0,3
Boro,2015-16,Pirojpur,2017,50359.0,20379.0,3.2526666666666664,73206.0,3
Boro,2015-16,Rajbari,2017,41527.0,16805.0,3.6566666666666663,70984.0,3
Boro,2015-16,Rajshahi,2017,173156.0,70072.0,3.084,284455.0,3
Boro,2015-16,Rangamati,2017,19071.0,7717.0,2.6183333333333336,29993.0,3
Boro,2015-16,Rangpur,2017,325678.0,131795.0,3.041,581456.0,3
Boro,2015-16,Satkhira,2017,181101.0,73287.0,2.748666666666667,283771.0,3
Boro,2015-16,Shariatpur,2017,66239.0,26805.0,3.792,111665.0,3
Boro,2015-16,Sherpur,2017,221812.0,89763.0,3.456,358303.0,3
Boro,2015-16,Sirajganj,2017,341322.0,138125.0,3.762333333333333,582925.0,3
Boro,2015-16,Sunamganj,2017,467945.0,189367.0,3.4589999999999996,685226.0,3
Boro,2015-16,Sylhet,2017,172802.0,69929.0,2.927,201490.0,3
Boro,2015-16,Tangail,2017,415172.0,168011.0,3.642333333333333,725633.0,3
Boro,2015-16,Thakurgaon,2017,154083.0,62354.0,2.887,243972.0,3
Chili,2013-14,Bagerhat,2017,1063.0,,,495.0,2
Chili,2013-14,Bandarban,2017,1356.0,,,1656.0,2
Chili,2013-14,Barguna,2017,715.0,,,172.0,2
Chili,2013-14,Barishal,2017,2890.0,,,832.0,2
Chili,2013-14,Bhola,2017,36042.0,,,9587.0,2
Chili,2013-14,Bogura,2017,9474.0,,,4848.0,2
Chili,2013-14,Brahmanbaria,2017,2336.0,,,1076.0,2
Chili,2013-14,Chandpur,2017,5736.0,,,2316.0,2
Chili,2013-14,Chapainababganj,2017,405.0,,,241.0,2
Chili,2013-14,Chattogram,2017,7282.0,,,2697.0,2
Chili,2013-14,Chuadanga,2017,2860.0,,,1603.0,2
Chili,2013-14,Cox's Bazar,2017,1855.0,,,901.0,2
Chili,2013-14,Cumilla,2017,8634.0,,,4548.0,2
Chili,2013-14,Dhaka,2017,1704.0,,,682.0,2
Chili,2013-14,Dinajpur,2017,2802.0,,,1686.0,2
Chili,2013-14,Faridpur,2017,7037.0,,,4311.0,2
Chili,2013-14,Feni,2017,1102.0,,,329.0,2
Chili,2013-14,Gaibandha,2017,1252.0,,,570.0,2
Chili,2013-14,Gazipur,2017,281.0,,,102.0,2
Chili,2013-14,Gopalganj,2017,826.0,,,667.0,2
Chili,2013-14,Habiganj,2017,701.0,,,401.0,2
Chili,2013-14,Jamalpur,2017,14303.0,,,4783.0,2
Chili,2013-14,Jashore,2017,3511.0,,,1637.0,2
Chili,2013-14,Jhalokati,2017,1220.0,,,314.0,2
Chili,2013-14,Jhenaidah,2017,3649.0,,,1703.0,2
Chili,2013-14,Joypurhat,2017,743.0,,,351.0,2
Chili,2013-14,Khagrachhari,2017,1092.0,,,364.0,2
Chili,2013-14,Khulna,2017,717.0,,,1098.0,2
Chili,2013-14,Kishoreganj,2017,4183.0,,,2059.0,2
Chili,2013-14,Kurigram,2017,1592.0,,,863.0,2
Chili,2013-14,Kushtia,2017,1825.0,,,1151.0,2
Chili,2013-14,Lakshmipur,2017,5583.0,,,1956.0,2
Chili,2013-14,Lalmonirhat,2017,1143.0,,,859.0,2
Chili,2013-14,Madaripur,2017,1714.0,,,559.0,2
Chili,2013-14,Magura,2017,760.0,,,488.0,2
Chili,2013-14,Manikganj,2017,2545.0,,,1209.0,2
Chili,2013-14,Meherpur,2017,2216.0,,,1042.0,2
Chili,2013-14,Moulvibazar,2017,475.0,,,332.0,2
Chili,2013-14,Munshiganj,2017,1180.0,,,665.0,2
Chili,2013-14,Mymensingh,2017,4172.0,,,2238.0,2
Chili,2013-14,Naogaon,2017,1277.0,,,764.0,2
Chili,2013-14,Narail,2017,925.0,,,2065.0,2
Chili,2013-14,Narayanganj,2017,794.0,,,359.0,2
Chili,2013-14,Narsingdi,2017,2205.0,,,792.0,2
Chili,2013-14,Natore,2017,1640.0,,,659.0,2
Chili,2013-14,Netrakona,2017,1042.0,,,598.0,2
Chili,2013-14,Nilphamari,2017,4376.0,,,11578.0,2
Chili,2013-14,Noakhali,2017,10474.0,,,3047.0,2
Chili,2013-14,Pabna,2017,8380.0,,,4927.0,2
Chili,2013-14,Panchagarh,2017,8251.0,,,4221.0,2
Chili,2013-14,Patuakhali,2017,1642.0,,,323.0,2
Chili,2013-14,Pirojpur,2017,1160.0,,,365.0,2
Chili,2013-14,Rajbari,2017,2275.0,,,1055.0,2
Chili,2013-14,Rajshahi,2017,2633.0,,,2172.0,2
Chili,2013-14,Rangamati,2017,2143.0,,,1103.0,2
Chili,2013-14,Rangpur,2017,2425.0,,,1117.0,2
Chili,2013-14,Satkhira,2017,1242.0,,,1811.0,2
Chili,2013-14,Shariatpur,2017,1211.0,,,678.0,2
Chili,2013-14,Sherpur,2017,2958.0,,,1171.0,2
Chili,2013-14,Sirajganj,2017,8639.0,,,5438.0,2
Chili,2013-14,Sunamganj,2017,295.0,,,152.0,2
Chili,2013-14,Sylhet,2017,854.0,,,418.0,2
Chili,2013-14,Tangail,2017,3562.0,,,1113.0,2
Chili,2013-14,Thakurgaon,2017,2535.0,,,729.0,2
Chili,2014-15,Bagerhat,2017,1121.0,,,521.0,2
Chili,2014-15,Bandarban,2017,1282.0,,,1436.0,2
Chili,2014-15,Barguna,2017,803.0,,,213.0,2
Chili,2014-15,Barishal,2017,2864.0,,,902.0,2
Chili,2014-15,Bhola,2017,36054.0,,,11177.0,2
Chili,2014-15,Bogura,2017,9500.0,,,4977.0,2
Chili,2014-15,Brahmanbaria,2017,2372.0,,,1177.0,2
Chili,2014-15,Chandpur,2017,5807.0,,,2340.0,2
Chili,2014-15,Chapainababganj,2017,402.0,,,254.0,2
Chili,2014-15,Chattogram,2017,7328.0,,,2752.0,2
Chili,2014-15,Chuadanga,2017,2835.0,,,2235.0,2
Chili,2014-15,Cox's Bazar,2017,1879.0,,,949.0,2
Chili,2014-15,Cumilla,2017,8638.0,,,5183.0,2
Chili,2014-15,Dhaka,2017,1771.0,,,937.0,2
Chili,2014-15,Dinajpur,2017,3196.0,,,1900.0,2
Chili,2014-15,Faridpur,2017,7343.0,,,8041.0,2
Chili,2014-15,Feni,2017,1128.0,,,351.0,2
Chili,2014-15,Gaibandha,2017,1282.0,,,798.0,2
Chili,2014-15,Gazipur,2017,308.0,,,130.0,2
Chili,2014-15,Gopalganj,2017,941.0,,,917.0,2
Chili,2014-15,Habiganj,2017,767.0,,,440.0,2
Chili,2014-15,Jamalpur,2017,14194.0,,,4803.0,2
Chili,2014-15,Jashore,2017,3636.0,,,1543.0,2
Chili,2014-15,Jhalokati,2017,1298.0,,,320.0,2
Chili,2014-15,Jhenaidah,2017,4117.0,,,1825.0,2
Chili,2014-15,Joypurhat,2017,721.0,,,360.0,2
Chili,2014-15,Khagrachhari,2017,1138.0,,,378.0,2
Chili,2014-15,Khulna,2017,702.0,,,1049.0,2
Chili,2014-15,Kishoreganj,2017,4125.0,,,1870.0,2
Chili,2014-15,Kurigram,2017,1628.0,,,1009.0,2
Chili,2014-15,Kushtia,2017,1953.0,,,1364.0,2
Chili,2014-15,Lakshmipur,2017,5558.0,,,2023.0,2
Chili,2014-15,Lalmonirhat,2017,923.0,,,850.0,2
Chili,2014-15,Madaripur,2017,1588.0,,,475.0,2
Chili,2014-15,Magura,2017,729.0,,,502.0,2
Chili,2014-15,Manikganj,2017,2654.0,,,1258.0,2
Chili,2014-15,Meherpur,2017,2393.0,,,1158.0,2
Chili,2014-15,Moulvibazar,2017,704.0,,,528.0,2
Chili,2014-15,Munshiganj,2017,1284.0,,,719.0,2
Chili,2014-15,Mymensingh,2017,4129.0,,,2443.0,2
Chili,2014-15,Naogaon,2017,1288.0,,,836.0,2
Chili,2014-15,Narail,2017,917.0,,,2038.0,2
Chili,2014-15,Narayanganj,2017,804.0,,,395.0,2
Chili,2014-15,Narsingdi,2017,2241.0,,,853.0,2
Chili,2014-15,Natore,2017,1654.0,,,715.0,2
Chili,2014-15,Netrakona,2017,1095.0,,,649.0,2
Chili,2014-15,Nilphamari,2017,5238.0,,,12328.0,2
Chili,2014-15,Noakhali,2017,10470.0,,,3052.0,2
Chili,2014-15,Pabna,2017,8907.0,,,5337.0,2
Chili,2014-15,Panchagarh,2017,7039.0,,,3955.0,2
Chili,2014-15,Patuakhali,2017,1640.0,,,367.0,2
Chili,2014-15,Pirojpur,2017,1198.0,,,400.0,2
Chili,2014-15,Rajbari,2017,4844.0,,,1973.0,2
Chili,2014-15,Rajshahi,2017,3025.0,,,3227.0,2
Chili,2014-15,Rangamati,2017,2250.0,,,1186.0,2
Chili,2014-15,Rangpur,2017,2597.0,,,1366.0,2
Chili,2014-15,Satkhira,2017,1214.0,,,1783.0,2
Chili,2014-15,Shariatpur,2017,1210.0,,,638.0,2
Chili,2014-15,Sherpur,2017,2959.0,,,1169.0,2
Chili,2014-15,Sirajganj,2017,8593.0,,,5697.0,2
Chili,2014-15,Sunamganj,2017,310.0,,,162.0,2
Chili,2014-15,Sylhet,2017,865.0,,,477.0,2
Chili,2014-15,Tangail,2017,3559.0,,,1162.0,2
Chili,2014-15,Thakurgaon,2017,2742.0,,,976.0,2
Chili,2015-16,Bagerhat,2017,1131.0,,,467.0,2
Chili,2015-16,Bandarban,2017,552.0,,,693.0,2
Chili,2015-16,Barguna,2017,988.0,,,303.0,2
Chili,2015-16,Barishal,2017,2863.0,,,976.26,2
Chili,2015-16,Bhola,2017,35455.0,,,14401.0,2
Chili,2015-16,Bogura,2017,9496.0,,,5461.0,2
Chili,2015-16,Brahmanbaria,2017,3154.0,,,2082.0,2
Chili,2015-16,Chandpur,2017,5619.0,,,2334.0,2
Chili,2015-16,Chapainababganj,2017,481.0,,,387.0,2
Chili,2015-16,Chattogram,2017,7324.0,,,2740.0,2
Chili,2015-16,Chuadanga,2017,3030.0,,,2858.0,2
Chili,2015-16,Cox's Bazar,2017,1927.0,,,1219.0,2
Chili,2015-16,Cumilla,2017,8304.0,,,680.0,2
Chili,2015-16,Dhaka,2017,1737.0,,,960.0,2
Chili,2015-16,Dinajpur,2017,3790.0,,,2178.0,2
Chili,2015-16,Faridpur,2017,6885.0,,,7600.0,2
Chili,2015-16,Feni,2017,1183.0,,,321.0,2
Chili,2015-16,Gaibandha,2017,1356.0,,,1083.0,2
Chili,2015-16,Gazipur,2017,1612.0,,,630.0,2
Chili,2015-16,Gopalganj,2017,938.0,,,956.0,2
Chili,2015-16,Habiganj,2017,673.0,,,420.0,2
Chili,2015-16,Jamalpur,2017,16980.0,,,6174.0,2
Chili,2015-16,Jashore,2017,3509.0,,,1506.0,2
Chili,2015-16,Jhalokati,2017,1307.0,,,332.0,2
Chili,2015-16,Jhenaidah,2017,4187.0,,,1796.0,2
Chili,2015-16,Joypurhat,2017,754.0,,,317.0,2
Chili,2015-16,Khagrachhari,2017,1159.0,,,382.0,2
Chili,2015-16,Khulna,2017,709.0,,,1046.0,2
Chili,2015-16,Kishoreganj,2017,3841.0,,,2534.0,2
Chili,2015-16,Kurigram,2017,2000.0,,,1399.0,2
Chili,2015-16,Kushtia,2017,1920.0,,,1531.0,2
Chili,2015-16,Lakshmipur,2017,4877.0,,,1807.0,2
Chili,2015-16,Lalmonirhat,2017,733.0,,,818.0,2
Chili,2015-16,Madaripur,2017,1576.0,,,489.0,2
Chili,2015-16,Magura,2017,918.0,,,711.0,2
Chili,2015-16,Manikganj,2017,7632.0,,,3441.0,2
Chili,2015-16,Meherpur,2017,2323.0,,,1131.0,2
Chili,2015-16,Moulvibazar,2017,415.0,,,175.0,2
Chili,2015-16,Munshiganj,2017,1293.0,,,718.0,2
Chili,2015-16,Mymensingh,2017,4265.0,,,3252.0,2
Chili,2015-16,Naogaon,2017,2231.0,,,1441.0,2
Chili,2015-16,Narail,2017,939.0,,,2160.0,2
Chili,2015-16,Narayanganj,2017,739.0,,,305.0,2
Chili,2015-16,Narsingdi,2017,2178.0,,,870.0,2
Chili,2015-16,Natore,2017,1421.0,,,640.0,2
Chili,2015-16,Netrakona,2017,1087.0,,,639.0,2
Chili,2015-16,Nilphamari,2017,4956.0,,,3897.0,2
Chili,2015-16,Noakhali,2017,10418.0,,,2861.0,2
Chili,2015-16,Pabna,2017,8804.0,,,5388.0,2
Chili,2015-16,Panchagarh,2017,14770.0,,,8543.0,2
Chili,2015-16,Patuakhali,2017,2934.0,,,887.0,2
Chili,2015-16,Pirojpur,2017,1013.0,,,346.0,2
Chili,2015-16,Rajbari,2017,4049.0,,,3256.0,2
Chili,2015-16,Rajshahi,2017,3336.0,,,3169.0,2
Chili,2015-16,Rangamati,2017,2164.0,,,1127.0,2
Chili,2015-16,Rangpur,2017,2673.0,,,1434.0,2
Chili,2015-16,Satkhira,2017,1285.0,,,962.0,2
Chili,2015-16,Shariatpur,2017,11546.0,,,6439.0,2
Chili,2015-16,Sherpur,2017,3038.0,,,1225.0,2
Chili,2015-16,Sirajganj,2017,6468.0,,,3599.0,2
Chili,2015-16,Sunamganj,2017,820.0,,,513.0,2
Chili,2015-16,Sylhet,2017,647.0,,,338.0,2
Chili,2015-16,Tangail,2017,3616.0,,,1103.0,2
Chili,2015-16,Thakurgaon,2017,1844.0,,,810.0,2
Garlic,2013-14,Bagerhat,2017,124.0,,,133.0,1
Garlic,2013-14,Bandarban,2017,81.0,,,69.0,1
Garlic,2013-14,Barguna,2017,53.0,,,38.0,1
Garlic,2013-14,Barishal,2017,314.0,,,263.0,1
Garlic,2013-14,Bhola,2017,1834.0,,,2827.0,1
Garlic,2013-14,Bogura,2017,849.0,,,1744.0,1
Garlic,2013-14,Brahmanbaria,2017,754.0,,,1073.0,1
Garlic,2013-14,Chandpur,2017,1422.0,,,6741.0,1
Garlic,2013-14,Chapainababganj,2017,5502.0,,,9679.0,1
Garlic,2013-14,Chattogram,2017,141.0,,,83.0,1
Garlic,2013-14,Chuadanga,2017,1070.0,,,3444.0,1
Garlic,2013-14,Cox's Bazar,2017,74.0,,,74.0,1
Garlic,2013-14,Cumilla,2017,1129.0,,,2157.0,1
Garlic,2013-14,Dhaka,2017,1836.0,,,5599.0,1
Garlic,2013-14,Dinajpur,2017,3609.0,,,9353.0,1
Garlic,2013-14,Faridpur,2017,4500.0,,,6600.0,1
Garlic,2013-14,Feni,2017,38.0,,,26.0,1
Garlic,2013-14,Gaibandha,2017,717.0,,,981.0,1
Garlic,2013-14,Gazipur,2017,146.0,,,254.0,1
Garlic,2013-14,Gopalganj,2017,327.0,,,823.0,1
Garlic,2013-14,Habiganj,2017,92.0,,,124.0,1
Garlic,2013-14,Jamalpur,2017,1216.0,,,2404.0,1
Garlic,2013-14,Jashore,2017,1183.0,,,3368.0,1
Garlic,2013-14,Jhalokati,2017,18.0,,,19.0,1
Garlic,2013-14,Jhenaidah,2017,2764.0,,,8070.0,1
Garlic,2013-14,Joypurhat,2017,293.0,,,607.0,1
Garlic,2013-14,Khagrachhari,2017,43.0,,,43.0,1
Garlic,2013-14,Khulna,2017,115.0,,,196.0,1
Garlic,2013-14,Kishoreganj,2017,1190.0,,,2826.0,1
Garlic,2013-14,Kurigram,2017,525.0,,,724.0,1
Garlic,2013-14,Kushtia,2017,2735.0,,,6077.0,1
Garlic,2013-14,Lakshmipur,2017,394.0,,,274.0,1
Garlic,2013-14,Lalmonirhat,2017,596.0,,,1693.0,1
Garlic,2013-14,Madaripur,2017,327.0,,,825.0,1
Garlic,2013-14,Magura,2017,1982.0,,,6225.0,1
Garlic,2013-14,Manikganj,2017,1542.0,,,2097.0,1
Garlic,2013-14,Meherpur,2017,904.0,,,2943.0,1
Garlic,2013-14,Moulvibazar,2017,93.0,,,70.0,1
Garlic,2013-14,Munshiganj,2017,311.0,,,383.0,1
Garlic,2013-14,Mymensingh,2017,993.0,,,1738.0,1
Garlic,2013-14,Naogaon,2017,2961.0,,,7172.0,1
Garlic,2013-14,Narail,2017,492.0,,,1387.0,1
Garlic,2013-14,Narayanganj,2017,175.0,,,114.0,1
Garlic,2013-14,Narsingdi,2017,250.0,,,290.0,1
Garlic,2013-14,Natore,2017,41182.0,,,112277.0,1
Garlic,2013-14,Netrakona,2017,545.0,,,914.0,1
Garlic,2013-14,Nilphamari,2017,893.0,,,1809.0,1
Garlic,2013-14,Noakhali,2017,687.0,,,604.0,1
Garlic,2013-14,Pabna,2017,13666.0,,,30491.0,1
Garlic,2013-14,Panchagarh,2017,1237.0,,,2262.0,1
Garlic,2013-14,Patuakhali,2017,383.0,,,316.0,1
Garlic,2013-14,Pirojpur,2017,45.0,,,43.0,1
Garlic,2013-14,Rajbari,2017,8290.0,,,19150.0,1
Garlic,2013-14,Rajshahi,2017,7492.0,,,21731.0,1
Garlic,2013-14,Rangamati,2017,59.0,,,89.0,1
Garlic,2013-14,Rangpur,2017,2085.0,,,3602.0,1
Garlic,2013-14,Satkhira,2017,684.0,,,1441.0,1
Garlic,2013-14,Shariatpur,2017,2716.0,,,5694.0,1
Garlic,2013-14,Sherpur,2017,350.0,,,684.0,1
Garlic,2013-14,Sirajganj,2017,2369.0,,,6251.0,1
Garlic,2013-14,Sunamganj,2017,99.0,,,102.0,1
Garlic,2013-14,Sylhet,2017,22.0,,,22.0,1
Garlic,2013-14,Tangail,2017,1299.0,,,1791.0,1
Garlic,2013-14,Thakurgaon,2017,721.0,,,1146.0,1
Garlic,2014-15,Bagerhat,2017,141.0,,,158.0,1
Garlic,2014-15,Bandarban,2017,66.0,,,123.0,1
Garlic,2014-15,Barguna,2017,60.0,,,50.0,1
Garlic,2014-15,Barishal,2017,361.0,,,207.0,1
Garlic,2014-15,Bhola,2017,1747.0,,,2524.0,1
Garlic,2014-15,Bogura,2017,855.0,,,1505.0,1
Garlic,2014-15,Brahmanbaria,2017,896.0,,,1181.0,1
Garlic,2014-15,Chandpur,2017,1134.0,,,2474.0,1
Garlic,2014-15,Chapainababganj,2017,5407.0,,,9399.0,1
Garlic,2014-15,Chattogram,2017,138.0,,,130.0,1
Garlic,2014-15,Chuadanga,2017,971.0,,,2897.0,1
Garlic,2014-15,Cox's Bazar,2017,76.0,,,74.0,1
Garlic,2014-15,Cumilla,2017,1024.0,,,1868.0,1
Garlic,2014-15,Dhaka,2017,2329.0,,,5205.0,1
Garlic,2014-15,Dinajpur,2017,4723.0,,,12193.0,1
Garlic,2014-15,Faridpur,2017,5910.0,,,7828.0,1
Garlic,2014-15,Feni,2017,42.0,,,29.0,1
Garlic,2014-15,Gaibandha,2017,760.0,,,1066.0,1
Garlic,2014-15,Gazipur,2017,158.0,,,282.0,1
Garlic,2014-15,Gopalganj,2017,392.0,,,935.0,1
Garlic,2014-15,Habiganj,2017,126.0,,,292.0,1
Garlic,2014-15,Jamalpur,2017,1284.0,,,2556.0,1
Garlic,2014-15,Jashore,2017,1229.0,,,3599.0,1
Garlic,2014-15,Jhalokati,2017,18.0,,,17.0,1
Garlic,2014-15,Jhenaidah,2017,2809.0,,,8575.0,1
Garlic,2014-15,Joypurhat,2017,303.0,,,727.0,1
Garlic,2014-15,Khagrachhari,2017,40.0,,,38.0,1
Garlic,2014-15,Khulna,2017,134.0,,,226.0,1
Garlic,2014-15,Kishoreganj,2017,1216.0,,,2912.0,1
Garlic,2014-15,Kurigram,2017,557.0,,,844.0,1
Garlic,2014-15,Kushtia,2017,2879.0,,,6849.0,1
Garlic,2014-15,Lakshmipur,2017,252.0,,,212.0,1
Garlic,2014-15,Lalmonirhat,2017,584.0,,,724.0,1
Garlic,2014-15,Madaripur,2017,1368.0,,,2315.0,1
Garlic,2014-15,Magura,2017,2186.0,,,6983.0,1
Garlic,2014-15,Manikganj,2017,1453.0,,,2072.0,1
Garlic,2014-15,Meherpur,2017,901.0,,,3023.0,1
Garlic,2014-15,Moulvibazar,2017,63.0,,,100.0,1
Garlic,2014-15,Munshiganj,2017,237.0,,,277.0,1
Garlic,2014-15,Mymensingh,2017,1062.0,,,2192.0,1
Garlic,2014-15,Naogaon,2017,2964.0,,,7427.0,1
Garlic,2014-15,Narail,2017,334.0,,,819.0,1
Garlic,2014-15,Narayanganj,2017,172.0,,,154.0,1
Garlic,2014-15,Narsingdi,2017,242.0,,,266.0,1
Garlic,2014-15,Natore,2017,44400.0,,,131818.0,1
Garlic,2014-15,Netrakona,2017,596.0,,,955.0,1
Garlic,2014-15,Nilphamari,2017,1102.0,,,3151.0,1
Garlic,2014-15,Noakhali,2017,677.0,,,597.0,1
Garlic,2014-15,Pabna,2017,15088.0,,,37274.0,1
Garlic,2014-15,Panchagarh,2017,1369.0,,,3463.0,1
Garlic,2014-15,Patuakhali,2017,391.0,,,293.0,1
Garlic,2014-15,Pirojpur,2017,47.0,,,47.0,1
Garlic,2014-15,Rajbari,2017,11271.0,,,25579.0,1
Garlic,2014-15,Rajshahi,2017,7064.0,,,20102.0,1
Garlic,2014-15,Rangamati,2017,51.0,,,70.0,1
Garlic,2014-15,Rangpur,2017,2129.0,,,4163.0,1
Garlic,2014-15,Satkhira,2017,654.0,,,1596.0,1
Garlic,2014-15,Shariatpur,2017,2548.0,,,5518.0,1
Garlic,2014-15,Sherpur,2017,365.0,,,698.0,1
Garlic,2014-15,Sirajganj,2017,1403.0,,,3674.0,1
Garlic,2014-15,Sunamganj,2017,142.0,,,234.0,1
Garlic,2014-15,Sylhet,2017,6.0,,,22.0,1
Garlic,2014-15,Tangail,2017,1294.0,,,1807.0,1
Garlic,2014-15,Thakurgaon,2017,775.0,,,1337.0,1
Garlic,2015-16,Bagerhat,2017,142.0,,,158.0,1
Garlic,2015-16,Bandarban,2017,69.0,,,128.0,1
Garlic,2015-16,Barguna,2017,55.0,,,46.0,1
Garlic,2015-16,Barishal,2017,349.0,,,190.0,1
Garlic,2015-16,Bhola,2017,1324.0,,,1570.0,1
Garlic,2015-16,Bogura,2017,759.0,,,1334.0,1
Garlic,2015-16,Brahmanbaria,2017,916.0,,,1192.0,1
Garlic,2015-16,Chandpur,2017,1092.0,,,1793.0,1
Garlic,2015-16,Chapainababganj,2017,6228.0,,,11293.0,1
Garlic,2015-16,Chattogram,2017,120.0,,,139.0,1
Garlic,2015-16,Chuadanga,2017,655.0,,,1553.0,1
Garlic,2015-16,Cox's Bazar,2017,72.0,,,73.0,1
Garlic,2015-16,Cumilla,2017,1042.0,,,1931.0,1
Garlic,2015-16,Dhaka,2017,1849.0,,,5780.0,1
Garlic,2015-16,Dinajpur,2017,6512.0,,,19345.0,1
Garlic,2015-16,Faridpur,2017,5954.0,,,8200.0,1
Garlic,2015-16,Feni,2017,47.0,,,33.0,1
Garlic,2015-16,Gaibandha,2017,768.0,,,1075.0,1
Garlic,2015-16,Gazipur,2017,152.0,,,273.0,1
Garlic,2015-16,Gopalganj,2017,453.0,,,1121.0,1
Garlic,2015-16,Habiganj,2017,116.0,,,265.0,1
Garlic,2015-16,Jamalpur,2017,1310.0,,,2643.0,1
Garlic,2015-16,Jashore,2017,1176.0,,,3265.0,1
Garlic,2015-16,Jhalokati,2017,19.0,,,15.0,1
Garlic,2015-16,Jhenaidah,2017,3015.0,,,9032.0,1
Garlic,2015-16,Joypurhat,2017,299.0,,,723.0,1
Garlic,2015-16,Khagrachhari,2017,38.0,,,34.0,1
Garlic,2015-16,Khulna,2017,137.0,,,233.0,1
Garlic,2015-16,Kishoreganj,2017,1147.0,,,2741.0,1
Garlic,2015-16,Kurigram,2017,555.0,,,844.0,1
Garlic,2015-16,Kushtia,2017,3176.0,,,8207.0,1
Garlic,2015-16,Lakshmipur,2017,373.0,,,194.0,1
Garlic,2015-16,Lalmonirhat,2017,561.0,,,724.0,1
Garlic,2015-16,Madaripur,2017,1387.0,,,2388.0,1
Garlic,2015-16,Magura,2017,2452.0,,,7449.0,1
Garlic,2015-16,Manikganj,2017,1436.0,,,2042.0,1
Garlic,2015-16,Meherpur,2017,902.0,,,3095.0,1
Garlic,2015-16,Moulvibazar,2017,63.0,,,201.0,1
Garlic,2015-16,Munshiganj,2017,240.0,,,289.0,1
Garlic,2015-16,Mymensingh,2017,1048.0,,,2210.0,1
Garlic,2015-16,Naogaon,2017,2712.0,,,6485.0,1
Garlic,2015-16,Narail,2017,354.0,,,875.0,1
Garlic,2015-16,Narayanganj,2017,174.0,,,157.0,1
Garlic,2015-16,Narsingdi,2017,235.0,,,254.0,1
Garlic,2015-16,Natore,2017,45009.0,,,131529.0,1
Garlic,2015-16,Netrakona,2017,572.0,,,959.0,1
Garlic,2015-16,Nilphamari,2017,889.0,,,2528.0,1
Garlic,2015-16,Noakhali,2017,633.0,,,584.0,1
Garlic,2015-16,Pabna,2017,22860.0,,,63099.0,1
Garlic,2015-16,Panchagarh,2017,1379.0,,,3610.0,1
Garlic,2015-16,Patuakhali,2017,384.0,,,288.0,1
Garlic,2015-16,Pirojpur,2017,50.0,,,50.0,1
Garlic,2015-16,Rajbari,2017,10629.0,,,25290.0,1
Garlic,2015-16,Rajshahi,2017,7929.0,,,23767.0,1
Garlic,2015-16,Rangamati,2017,51.0,,,72.0,1
Garlic,2015-16,Rangpur,2017,2153.0,,,4236.0,1
Garlic,2015-16,Satkhira,2017,684.0,,,1638.0,1
Garlic,2015-16,Shariatpur,2017,2559.0,,,5485.0,1
Garlic,2015-16,Sherpur,2017,388.0,,,729.0,1
Garlic,2015-16,Sirajganj,2017,1440.0,,,2774.0,1
Garlic,2015-16,Sunamganj,2017,158.0,,,305.0,1
Garlic,2015-16,Sylhet,2017,40.0,,,43.0,1
Garlic,2015-16,Tangail,2017,132.0,,,1844.0,1
Garlic,2015-16,Thakurgaon,2017,695.0,,,1429.0,1
Gram,2013-14,Bagerhat,2017,6.0,,,1.0,1
Gram,2013-14,Bandarban,2017,0.0,,,0.0,1
Gram,2013-14,Barguna,2017,280.0,,,59.0,1
Gram,2013-14,Barishal,2017,1051.0,,,345.0,1
Gram,2013-14,Bhola,2017,280.0,,,219.0,1
Gram,2013-14,Bogura,2017,26.0,,,10.0,1
Gram,2013-14,Brahmanbaria,2017,0.0,,,0.0,1
Gram,2013-14,Chandpur,2017,0.0,,,0.0,1
Gram,2013-14,Chapainababganj,2017,2836.0,,,695.0,1
Gram,2013-14,Chattogram,2017,80.0,,,26.0,1
Gram,2013-14,Chuadanga,2017,106.0,,,39.0,1
Gram,2013-14,Cox's Bazar,2017,0.0,,,0.0,1
Gram,2013-14,Cumilla,2017,0.0,,,0.0,1
Gram,2013-14,Dhaka,2017,4.0,,,1.0,1
Gram,2013-14,Dinajpur,2017,25.0,,,8.0,1
Gram,2013-14,Faridpur,2017,427.0,,,156.0,1
Gram,2013-14,Feni,2017,57.0,,,24.0,1
Gram,2013-14,Gaibandha,2017,0.0,,,0.0,1
Gram,2013-14,Gazipur,2017,41.0,,,15.0,1
Gram,2013-14,Gopalganj,2017,99.0,,,41.0,1
Gram,2013-14,Habiganj,2017,0.0,,,0.0,1
Gram,2013-14,Jamalpur,2017,70.0,,,21.0,1
Gram,2013-14,Jashore,2017,356.0,,,145.0,1
Gram,2013-14,Jhalokati,2017,260.0,,,87.0,1
Gram,2013-14,Jhenaidah,2017,748.0,,,288.0,1
Gram,2013-14,Joypurhat,2017,28.0,,,10.0,1
Gram,2013-14,Khagrachhari,2017,0.0,,,0.0,1
Gram,2013-14,Khulna,2017,66.0,,,23.0,1
Gram,2013-14,Kishoreganj,2017,7.0,,,2.0,1
Gram,2013-14,Kurigram,2017,245.0,,,88.0,1
Gram,2013-14,Kushtia,2017,187.0,,,90.0,1
Gram,2013-14,Lakshmipur,2017,31.0,,,5.0,1
Gram,2013-14,Lalmonirhat,2017,11.0,,,6.0,1
Gram,2013-14,Madaripur,2017,1532.0,,,512.0,1
Gram,2013-14,Magura,2017,204.0,,,77.0,1
Gram,2013-14,Manikganj,2017,7.0,,,3.0,1
Gram,2013-14,Meherpur,2017,24.0,,,9.0,1
Gram,2013-14,Moulvibazar,2017,0.0,,,0.0,1
Gram,2013-14,Munshiganj,2017,0.0,,,0.0,1
Gram,2013-14,Mymensingh,2017,215.0,,,111.0,1
Gram,2013-14,Naogaon,2017,357.0,,,144.0,1
Gram,2013-14,Narail,2017,985.0,,,355.0,1
Gram,2013-14,Narayanganj,2017,27.0,,,11.0,1
Gram,2013-14,Narsingdi,2017,9.0,,,2.0,1
Gram,2013-14,Natore,2017,105.0,,,36.0,1
Gram,2013-14,Netrakona,2017,0.0,,,0.0,1
Gram,2013-14,Nilphamari,2017,22.0,,,9.0,1
Gram,2013-14,Noakhali,2017,145.0,,,52.0,1
Gram,2013-14,Pabna,2017,111.0,,,47.0,1
Gram,2013-14,Panchagarh,2017,67.0,,,18.0,1
Gram,2013-14,Patuakhali,2017,1150.0,,,265.0,1
Gram,2013-14,Pirojpur,2017,0.0,,,0.0,1
Gram,2013-14,Rajbari,2017,320.0,,,112.0,1
Gram,2013-14,Rajshahi,2017,3984.0,,,1604.0,1
Gram,2013-14,Rangamati,2017,0.0,,,0.0,1
Gram,2013-14,Rangpur,2017,26.0,,,14.0,1
Gram,2013-14,Satkhira,2017,29.0,,,10.0,1
Gram,2013-14,Shariatpur,2017,0.0,,,0.0,1
Gram,2013-14,Sherpur,2017,21.0,,,8.0,1
Gram,2013-14,Sirajganj,2017,229.0,,,99.0,1
Gram,2013-14,Sunamganj,2017,0.0,,,0.0,1
Gram,2013-14,Sylhet,2017,0.0,,,0.0,1
Gram,2013-14,Tangail,2017,9.0,,,3.0,1
Gram,2013-14,Thakurgaon,2017,112.0,,,42.0,1
Gram,2014-15,Bagerhat,2017,9.0,,,3.0,1
Gram,2014-15,Bandarban,2017,6.0,,,4.0,1
Gram,2014-15,Barguna,2017,335.0,,,115.0,1
Gram,2014-15,Barishal,2017,1014.0,,,325.0,1
Gram,2014-15,Bhola,2017,364.0,,,222.0,1
Gram,2014-15,Bogura,2017,26.0,,,10.0,1
Gram,2014-15,Brahmanbaria,2017,0.0,,,0.0,1
Gram,2014-15,Chandpur,2017,0.0,,,0.0,1
Gram,2014-15,Chapainababganj,2017,2710.0,,,662.0,1
Gram,2014-15,Chattogram,2017,73.0,,,25.0,1
Gram,2014-15,Chuadanga,2017,102.0,,,38.0,1
Gram,2014-15,Cox's Bazar,2017,0.0,,,0.0,1
Gram,2014-15,Cumilla,2017,0.0,,,0.0,1
Gram,2014-15,Dhaka,2017,5.0,,,1.0,1
Gram,2014-15,Dinajpur,2017,24.0,,,11.0,1
Gram,2014-15,Faridpur,2017,253.0,,,102.0,1
Gram,2014-15,Feni,2017,48.0,,,20.0,1
Gram,2014-15,Gaibandha,2017,60.0,,,35.0,1
Gram,2014-15,Gazipur,2017,42.0,,,16.0,1
Gram,2014-15,Gopalganj,2017,65.0,,,25.0,1
Gram,2014-15,Habiganj,2017,0.0,,,0.0,1
Gram,2014-15,Jamalpur,2017,81.0,,,28.0,1
Gram,2014-15,Jashore,2017,317.0,,,144.0,1
Gram,2014-15,Jhalokati,2017,288.0,,,100.0,1
Gram,2014-15,Jhenaidah,2017,642.0,,,262.0,1
Gram,2014-15,Joypurhat,2017,22.0,,,6.0,1
Gram,2014-15,Khagrachhari,2017,0.0,,,0.0,1
Gram,2014-15,Khulna,2017,7.0,,,2.0,1
Gram,2014-15,Kishoreganj,2017,8.0,,,2.0,1
Gram,2014-15,Kurigram,2017,250.0,,,101.0,1
Gram,2014-15,Kushtia,2017,178.0,,,87.0,1
Gram,2014-15,Lakshmipur,2017,30.0,,,5.0,1
Gram,2014-15,Lalmonirhat,2017,13.0,,,8.0,1
Gram,2014-15,Madaripur,2017,1554.0,,,531.0,1
Gram,2014-15,Magura,2017,283.0,,,99.0,1
Gram,2014-15,Manikganj,2017,5.0,,,2.0,1
Gram,2014-15,Meherpur,2017,22.0,,,8.0,1
Gram,2014-15,Moulvibazar,2017,0.0,,,1.0,1
Gram,2014-15,Munshiganj,2017,0.0,,,0.0,1
Gram,2014-15,Mymensingh,2017,214.0,,,129.0,1
Gram,2014-15,Naogaon,2017,292.0,,,112.0,1
Gram,2014-15,Narail,2017,485.0,,,277.0,1
Gram,2014-15,Narayanganj,2017,23.0,,,11.0,1
Gram,2014-15,Narsingdi,2017,6.0,,,2.0,1
Gram,2014-15,Natore,2017,61.0,,,23.0,1
Gram,2014-15,Netrakona,2017,0.0,,,0.0,1
Gram,2014-15,Nilphamari,2017,20.0,,,10.0,1
Gram,2014-15,Noakhali,2017,148.0,,,56.0,1
Gram,2014-15,Pabna,2017,117.0,,,62.0,1
Gram,2014-15,Panchagarh,2017,45.0,,,12.0,1
Gram,2014-15,Patuakhali,2017,1455.0,,,364.0,1
Gram,2014-15,Pirojpur,2017,0.0,,,0.0,1
Gram,2014-15,Rajbari,2017,473.0,,,172.0,1
Gram,2014-15,Rajshahi,2017,4730.0,,,2182.0,1
Gram,2014-15,Rangamati,2017,0.0,,,0.0,1
Gram,2014-15,Rangpur,2017,22.0,,,12.0,1
Gram,2014-15,Satkhira,2017,4.0,,,1.0,1
Gram,2014-15,Shariatpur,2017,348.0,,,171.0,1
Gram,2014-15,Sherpur,2017,20.0,,,7.0,1
Gram,2014-15,Sirajganj,2017,61.0,,,24.0,1
Gram,2014-15,Sunamganj,2017,0.0,,,0.0,1
Gram,2014-15,Sylhet,2017,0.0,,,0.0,1
Gram,2014-15,Tangail,2017,5.0,,,1.0,1
Gram,2014-15,Thakurgaon,2017,101.0,,,44.0,1
Gram,2015-16,Bagerhat,2017,10.0,,,4.0,1
Gram,2015-16,Bandarban,2017,6.0,,,3.0,1
Gram,2015-16,Barguna,2017,147.0,,,47.0,1
Gram,2015-16,Barishal,2017,970.0,,,479.0,1
Gram,2015-16,Bhola,2017,256.0,,,215.0,1
Gram,2015-16,Bogura,2017,2.0,,,1.0,1
Gram,2015-16,Brahmanbaria,2017,0.0,,,0.0,1
Gram,2015-16,Chandpur,2017,0.0,,,0.0,1
Gram,2015-16,Chapainababganj,2017,1917.0,,,660.0,1
Gram,2015-16,Chattogram,2017,0.0,,,0.0,1
Gram,2015-16,Chuadanga,2017,105.0,,,38.0,1
Gram,2015-16,Cox's Bazar,2017,0.0,,,0.0,1
Gram,2015-16,Cumilla,2017,0.0,,,0.0,1
Gram,2015-16,Dhaka,2017,5.0,,,1.0,1
Gram,2015-16,Dinajpur,2017,12.0,,,4.0,1
Gram,2015-16,Faridpur,2017,223.0,,,90.0,1
Gram,2015-16,Feni,2017,51.0,,,23.0,1
Gram,2015-16,Gaibandha,2017,60.0,,,35.0,1
Gram,2015-16,Gazipur,2017,48.0,,,19.0,1
Gram,2015-16,Gopalganj,2017,85.0,,,30.0,1
Gram,2015-16,Habiganj,2017,0.0,,,0.0,1
Gram,2015-16,Jamalpur,2017,87.0,,,28.0,1
Gram,2015-16,Jashore,2017,289.0,,,131.0,1
Gram,2015-16,Jhalokati,2017,292.0,,,102.0,1
Gram,2015-16,Jhenaidah,2017,74.0,,,30.0,1
Gram,2015-16,Joypurhat,2017,18.0,,,5.0,1
Gram,2015-16,Khagrachhari,2017,0.0,,,0.0,1
Gram,2015-16,Khulna,2017,3.0,,,1.0,1
Gram,2015-16,Kishoreganj,2017,11.0,,,3.0,1
Gram,2015-16,Kurigram,2017,248.0,,,103.0,1
Gram,2015-16,Kushtia,2017,154.0,,,77.0,1
Gram,2015-16,Lakshmipur,2017,27.0,,,4.0,1
Gram,2015-16,Lalmonirhat,2017,12.0,,,7.0,1
Gram,2015-16,Madaripur,2017,1471.0,,,540.0,1
Gram,2015-16,Magura,2017,367.0,,,112.0,1
Gram,2015-16,Manikganj,2017,5.0,,,2.0,1
Gram,2015-16,Meherpur,2017,20.0,,,7.0,1
Gram,2015-16,Moulvibazar,2017,0.0,,,0.0,1
Gram,2015-16,Munshiganj,2017,0.0,,,0.0,1
Gram,2015-16,Mymensingh,2017,220.0,,,137.0,1
Gram,2015-16,Naogaon,2017,252.0,,,97.0,1
Gram,2015-16,Narail,2017,535.0,,,248.0,1
Gram,2015-16,Narayanganj,2017,19.0,,,9.0,1
Gram,2015-16,Narsingdi,2017,5.0,,,2.0,1
Gram,2015-16,Natore,2017,61.0,,,23.0,1
Gram,2015-16,Netrakona,2017,0.0,,,0.0,1
Gram,2015-16,Nilphamari,2017,18.0,,,9.0,1
Gram,2015-16,Noakhali,2017,127.0,,,49.0,1
Gram,2015-16,Pabna,2017,127.0,,,78.0,1
Gram,2015-16,Panchagarh,2017,39.0,,,12.0,1
Gram,2015-16,Patuakhali,2017,1197.0,,,359.0,1
Gram,2015-16,Pirojpur,2017,0.0,,,0.0,1
Gram,2015-16,Rajbari,2017,479.0,,,154.0,1
Gram,2015-16,Rajshahi,2017,4395.0,,,2133.0,1
Gram,2015-16,Rangamati,2017,0.0,,,0.0,1
Gram,2015-16,Rangpur,2017,28.0,,,16.0,1
Gram,2015-16,Satkhira,2017,4.0,,,1.0,1
Gram,2015-16,Shariatpur,2017,350.0,,,172.0,1
Gram,2015-16,Sherpur,2017,29.0,,,13.0,1
Gram,2015-16,Sirajganj,2017,64.0,,,26.0,1
Gram,2015-16,Sunamganj,2017,0.0,,,0.0,1
Gram,2015-16,Sylhet,2017,0.0,,,0.0,1
Gram,2015-16,Tangail,2017,3.0,,,1.0,1
Gram,2015-16,Thakurgaon,2017,99.0,,,42.0,1
Groundnut,2013-14,Bagerhat,2017,30.0,,,19.0,1
Groundnut,2013-14,Bandarban,2017,308.0,,,237.0,1
Groundnut,2013-14,Barguna,2017,120.0,,,56.0,1
Groundnut,2013-14,Barishal,2017,42.0,,,30.0,1
Groundnut,2013-14,Bhola,2017,3305.0,,,2644.0,1
Groundnut,2013-14,Bogura,2017,1718.0,,,988.0,1
Groundnut,2013-14,Brahmanbaria,2017,1127.0,,,1970.0,1
Groundnut,2013-14,Chandpur,2017,255.0,,,135.0,1
Groundnut,2013-14,Chapainababganj,2017,0.0,,,0.0,1
Groundnut,2013-14,Chattogram,2017,2165.0,,,1925.0,1
Groundnut,2013-14,Chuadanga,2017,49.0,,,35.0,1
Groundnut,2013-14,Cox's Bazar,2017,1061.0,,,1847.0,1
Groundnut,2013-14,Cumilla,2017,603.0,,,591.0,1
Groundnut,2013-14,Dhaka,2017,634.0,,,378.0,1
Groundnut,2013-14,Dinajpur,2017,191.0,,,87.0,1
Groundnut,2013-14,Faridpur,2017,6743.0,,,705.0,1
Groundnut,2013-14,Feni,2017,833.0,,,565.0,1
Groundnut,2013-14,Gaibandha,2017,1264.0,,,1032.0,1
Groundnut,2013-14,Gazipur,2017,343.0,,,150.0,1
Groundnut,2013-14,Gopalganj,2017,2599.0,,,2839.0,1
Groundnut,2013-14,Habiganj,2017,234.0,,,159.0,1
Groundnut,2013-14,Jamalpur,2017,1332.0,,,1228.0,1
Groundnut,2013-14,Jashore,2017,14.0,,,7.0,1
Groundnut,2013-14,Jhalokati,2017,16.0,,,9.0,1
Groundnut,2013-14,Jhenaidah,2017,695.0,,,907.0,1
Groundnut,2013-14,Joypurhat,2017,0.0,,,0.0,1
Groundnut,2013-14,Khagrachhari,2017,91.0,,,104.0,1
Groundnut,2013-14,Khulna,2017,16.0,,,9.0,1
Groundnut,2013-14,Kishoreganj,2017,1850.0,,,1370.0,1
Groundnut,2013-14,Kurigram,2017,2110.0,,,2078.0,1
Groundnut,2013-14,Kushtia,2017,625.0,,,421.0,1
Groundnut,2013-14,Lakshmipur,2017,6104.0,,,2939.0,1
Groundnut,2013-14,Lalmonirhat,2017,1108.0,,,872.0,1
Groundnut,2013-14,Madaripur,2017,503.0,,,342.0,1
Groundnut,2013-14,Magura,2017,67.0,,,117.0,1
Groundnut,2013-14,Manikganj,2017,950.0,,,697.0,1
Groundnut,2013-14,Meherpur,2017,14.0,,,6.0,1
Groundnut,2013-14,Moulvibazar,2017,0.0,,,0.0,1
Groundnut,2013-14,Munshiganj,2017,184.0,,,135.0,1
Groundnut,2013-14,Mymensingh,2017,885.0,,,581.0,1
Groundnut,2013-14,Naogaon,2017,37.0,,,19.0,1
Groundnut,2013-14,Narail,2017,1039.0,,,605.0,1
Groundnut,2013-14,Narayanganj,2017,641.0,,,555.0,1
Groundnut,2013-14,Narsingdi,2017,694.0,,,370.0,1
Groundnut,2013-14,Natore,2017,224.0,,,91.0,1
Groundnut,2013-14,Netrakona,2017,181.0,,,176.0,1
Groundnut,2013-14,Nilphamari,2017,203.0,,,103.0,1
Groundnut,2013-14,Noakhali,2017,6748.0,,,3297.0,1
Groundnut,2013-14,Pabna,2017,798.0,,,640.0,1
Groundnut,2013-14,Panchagarh,2017,13399.0,,,8171.0,1
Groundnut,2013-14,Patuakhali,2017,654.0,,,229.0,1
Groundnut,2013-14,Pirojpur,2017,38.0,,,20.0,1
Groundnut,2013-14,Rajbari,2017,676.0,,,909.0,1
Groundnut,2013-14,Rajshahi,2017,231.0,,,184.0,1
Groundnut,2013-14,Rangamati,2017,67.0,,,34.0,1
Groundnut,2013-14,Rangpur,2017,186.0,,,123.0,1
Groundnut,2013-14,Satkhira,2017,0.0,,,0.0,1
Groundnut,2013-14,Shariatpur,2017,561.0,,,2494.0,1
Groundnut,2013-14,Sherpur,2017,117.0,,,107.0,1
Groundnut,2013-14,Sirajganj,2017,1579.0,,,972.0,1
Groundnut,2013-14,Sunamganj,2017,1097.0,,,666.0,1
Groundnut,2013-14,Sylhet,2017,57.0,,,26.0,1
Groundnut,2013-14,Tangail,2017,3098.0,,,1654.0,1
Groundnut,2013-14,Thakurgaon,2017,57.0,,,34.0,1
Groundnut,2014-15,Bagerhat,2017,31.0,,,15.0,1
Groundnut,2014-15,Bandarban,2017,171.0,,,114.0,1
Groundnut,2014-15,Barguna,2017,177.0,,,227.0,1
Groundnut,2014-15,Barishal,2017,42.0,,,30.0,1
Groundnut,2014-15,Bhola,2017,3334.0,,,3158.0,1
Groundnut,2014-15,Bogura,2017,1600.0,,,919.0,1
Groundnut,2014-15,Brahmanbaria,2017,171.0,,,115.0,1
Groundnut,2014-15,Chandpur,2017,264.0,,,526.0,1
Groundnut,2014-15,Chapainababganj,2017,0.0,,,0.0,1
Groundnut,2014-15,Chattogram,2017,1589.0,,,1369.0,1
Groundnut,2014-15,Chuadanga,2017,65.0,,,47.0,1
Groundnut,2014-15,Cox's Bazar,2017,1004.0,,,1129.0,1
Groundnut,2014-15,Cumilla,2017,624.0,,,630.0,1
Groundnut,2014-15,Dhaka,2017,660.0,,,396.0,1
Groundnut,2014-15,Dinajpur,2017,37.0,,,18.0,1
Groundnut,2014-15,Faridpur,2017,5566.0,,,6262.0,1
Groundnut,2014-15,Feni,2017,782.0,,,533.0,1
Groundnut,2014-15,Gaibandha,2017,1201.0,,,990.0,1
Groundnut,2014-15,Gazipur,2017,305.0,,,130.0,1
Groundnut,2014-15,Gopalganj,2017,2032.0,,,1857.0,1
Groundnut,2014-15,Habiganj,2017,216.0,,,79.0,1
Groundnut,2014-15,Jamalpur,2017,1362.0,,,1305.0,1
Groundnut,2014-15,Jashore,2017,16.0,,,8.0,1
Groundnut,2014-15,Jhalokati,2017,17.0,,,5.0,1
Groundnut,2014-15,Jhenaidah,2017,705.0,,,845.0,1
Groundnut,2014-15,Joypurhat,2017,0.0,,,0.0,1
Groundnut,2014-15,Khagrachhari,2017,96.0,,,112.0,1
Groundnut,2014-15,Khulna,2017,28.0,,,14.0,1
Groundnut,2014-15,Kishoreganj,2017,2141.0,,,1470.0,1
Groundnut,2014-15,Kurigram,2017,2997.0,,,1559.0,1
Groundnut,2014-15,Kushtia,2017,594.0,,,358.0,1
Groundnut,2014-15,Lakshmipur,2017,6414.0,,,3047.0,1
Groundnut,2014-15,Lalmonirhat,2017,1679.0,,,1249.0,1
Groundnut,2014-15,Madaripur,2017,492.0,,,332.0,1
Groundnut,2014-15,Magura,2017,21.0,,,24.0,1
Groundnut,2014-15,Manikganj,2017,1562.0,,,965.0,1
Groundnut,2014-15,Meherpur,2017,26.0,,,27.0,1
Groundnut,2014-15,Moulvibazar,2017,23.0,,,11.0,1
Groundnut,2014-15,Munshiganj,2017,199.0,,,148.0,1
Groundnut,2014-15,Mymensingh,2017,923.0,,,571.0,1
Groundnut,2014-15,Naogaon,2017,27.0,,,15.0,1
Groundnut,2014-15,Narail,2017,1081.0,,,1074.0,1
Groundnut,2014-15,Narayanganj,2017,571.0,,,351.0,1
Groundnut,2014-15,Narsingdi,2017,689.0,,,348.0,1
Groundnut,2014-15,Natore,2017,1192.0,,,613.0,1
Groundnut,2014-15,Netrakona,2017,193.0,,,188.0,1
Groundnut,2014-15,Nilphamari,2017,202.0,,,101.0,1
Groundnut,2014-15,Noakhali,2017,6753.0,,,3304.0,1
Groundnut,2014-15,Pabna,2017,1198.0,,,883.0,1
Groundnut,2014-15,Panchagarh,2017,17451.0,,,11809.0,1
Groundnut,2014-15,Patuakhali,2017,890.0,,,249.0,1
Groundnut,2014-15,Pirojpur,2017,9.0,,,5.0,1
Groundnut,2014-15,Rajbari,2017,437.0,,,561.0,1
Groundnut,2014-15,Rajshahi,2017,210.0,,,186.0,1
Groundnut,2014-15,Rangamati,2017,64.0,,,31.0,1
Groundnut,2014-15,Rangpur,2017,174.0,,,126.0,1
Groundnut,2014-15,Satkhira,2017,0.0,,,0.0,1
Groundnut,2014-15,Shariatpur,2017,745.0,,,2418.0,1
Groundnut,2014-15,Sherpur,2017,109.0,,,99.0,1
Groundnut,2014-15,Sirajganj,2017,1550.0,,,1061.0,1
Groundnut,2014-15,Sunamganj,2017,2434.0,,,1757.0,1
Groundnut,2014-15,Sylhet,2017,36.0,,,31.0,1
Groundnut,2014-15,Tangail,2017,3145.0,,,1741.0,1
Groundnut,2014-15,Thakurgaon,2017,138.0,,,87.0,1
Groundnut,2015-16,Bagerhat,2017,39.0,,,25.0,1
Groundnut,2015-16,Bandarban,2017,177.0,,,118.0,1
Groundnut,2015-16,Barguna,2017,175.0,,,168.0,1
Groundnut,2015-16,Barishal,2017,29.0,,,22.0,1
Groundnut,2015-16,Bhola,2017,3467.0,,,2689.0,1
Groundnut,2015-16,Bogura,2017,1596.0,,,851.0,1
Groundnut,2015-16,Brahmanbaria,2017,336.0,,,204.0,1
Groundnut,2015-16,Chandpur,2017,278.0,,,154.0,1
Groundnut,2015-16,Chapainababganj,2017,0.0,,,0.0,1
Groundnut,2015-16,Chattogram,2017,1608.0,,,1386.0,1
Groundnut,2015-16,Chuadanga,2017,132.0,,,95.0,1
Groundnut,2015-16,Cox's Bazar,2017,1054.0,,,1213.0,1
Groundnut,2015-16,Cumilla,2017,576.0,,,560.0,1
Groundnut,2015-16,Dhaka,2017,726.0,,,441.0,1
Groundnut,2015-16,Dinajpur,2017,98.0,,,52.0,1
Groundnut,2015-16,Faridpur,2017,5509.0,,,6182.0,1
Groundnut,2015-16,Feni,2017,798.0,,,545.0,1
Groundnut,2015-16,Gaibandha,2017,1273.0,,,1085.0,1
Groundnut,2015-16,Gazipur,2017,263.0,,,124.0,1
Groundnut,2015-16,Gopalganj,2017,1811.0,,,1708.0,1
Groundnut,2015-16,Habiganj,2017,216.0,,,80.0,1
Groundnut,2015-16,Jamalpur,2017,1387.0,,,1314.0,1
Groundnut,2015-16,Jashore,2017,17.0,,,8.0,1
Groundnut,2015-16,Jhalokati,2017,17.0,,,5.0,1
Groundnut,2015-16,Jhenaidah,2017,714.0,,,846.0,1
Groundnut,2015-16,Joypurhat,2017,0.0,,,0.0,1
Groundnut,2015-16,Khagrachhari,2017,101.0,,,117.0,1
Groundnut,2015-16,Khulna,2017,0.0,,,0.0,1
Groundnut,2015-16,Kishoreganj,2017,2099.0,,,1807.0,1
Groundnut,2015-16,Kurigram,2017,3335.0,,,1847.0,1
Groundnut,2015-16,Kushtia,2017,610.0,,,363.0,1
Groundnut,2015-16,Lakshmipur,2017,6416.0,,,3111.0,1
Groundnut,2015-16,Lalmonirhat,2017,2891.0,,,2383.0,1
Groundnut,2015-16,Madaripur,2017,466.0,,,294.0,1
Groundnut,2015-16,Magura,2017,73.0,,,144.0,1
Groundnut,2015-16,Manikganj,2017,3557.0,,,2088.0,1
Groundnut,2015-16,Meherpur,2017,0.0,,,0.0,1
Groundnut,2015-16,Moulvibazar,2017,25.0,,,12.0,1
Groundnut,2015-16,Munshiganj,2017,199.0,,,153.0,1
Groundnut,2015-16,Mymensingh,2017,833.0,,,474.0,1
Groundnut,2015-16,Naogaon,2017,49.0,,,29.0,1
Groundnut,2015-16,Narail,2017,1125.0,,,1085.0,1
Groundnut,2015-16,Narayanganj,2017,542.0,,,328.0,1
Groundnut,2015-16,Narsingdi,2017,690.0,,,355.0,1
Groundnut,2015-16,Natore,2017,1199.0,,,626.0,1
Groundnut,2015-16,Netrakona,2017,161.0,,,166.0,1
Groundnut,2015-16,Nilphamari,2017,294.0,,,155.0,1
Groundnut,2015-16,Noakhali,2017,6778.0,,,3284.0,1
Groundnut,2015-16,Pabna,2017,1207.0,,,988.0,1
Groundnut,2015-16,Panchagarh,2017,22403.0,,,15172.0,1
Groundnut,2015-16,Patuakhali,2017,1187.0,,,474.0,1
Groundnut,2015-16,Pirojpur,2017,10.0,,,6.0,1
Groundnut,2015-16,Rajbari,2017,910.0,,,916.0,1
Groundnut,2015-16,Rajshahi,2017,188.0,,,152.0,1
Groundnut,2015-16,Rangamati,2017,67.0,,,34.0,1
Groundnut,2015-16,Rangpur,2017,229.0,,,150.0,1
Groundnut,2015-16,Satkhira,2017,0.0,,,0.0,1
Groundnut,2015-16,Shariatpur,2017,741.0,,,905.0,1
Groundnut,2015-16,Sherpur,2017,116.0,,,106.0,1
Groundnut,2015-16,Sirajganj,2017,1558.0,,,983.0,1
Groundnut,2015-16,Sunamganj,2017,2524.0,,,1774.0,1
Groundnut,2015-16,Sylhet,2017,31.0,,,25.0,1
Groundnut,2015-16,Tangail,2017,3203.0,,,1799.0,1
Groundnut,2015-16,Thakurgaon,2017,132.0,,,84.0,1
Jute,2014-15,Bagerhat,2017,3157.0,1278.0,1.937,2474.5,1
Jute,2014-15,Bandarban,2017,0.0,0.0,0.0,0.0,1
Jute,2014-15,Barguna,2017,0.0,0.0,0.0,0.0,1
Jute,2014-15,Barishal,2017,12885.0,5214.0,1.65,8603.3,1
Jute,2014-15,Bhola,2017,0.0,0.0,0.0,0.0,1
Jute,2014-15,Bogura,2017,40639.0,16446.0,2.107,34655.6,1
Jute,2014-15,Brahmanbaria,2017,8982.0,3635.0,1.995,7252.2,1
Jute,2014-15,Chandpur,2017,11075.0,4482.0,1.843,8258.8,1
Jute,2014-15,Chapainababganj,2017,1236.0,500.0,1.731,865.8,1
Jute,2014-15,Chuadanga,2017,46012.0,18620.0,2.336,43495.3,1
Jute,2014-15,Cumilla,2017,2817.0,1140.0,1.829,2085.3,1
Jute,2014-15,Dhaka,2017,13670.0,5532.0,1.91,10566.0,1
Jute,2014-15,Dinajpur,2017,21668.0,8769.0,2.04,17888.0,1
Jute,2014-15,Faridpur,2017,178731.0,72329.0,1.843,133282.9,1
Jute,2014-15,Feni,2017,0.0,0.0,0.0,0.0,1
Jute,2014-15,Gaibandha,2017,30181.0,12214.0,2.183,26668.2,1
Jute,2014-15,Gazipur,2017,3292.0,1332.0,1.686,2245.9,1
Jute,2014-15,Gopalganj,2017,54237.0,21949.0,1.919,42118.4,1
Jute,2014-15,Habiganj,2017,1057.0,428.0,1.699,726.8,1
Jute,2014-15,Jamalpur,2017,95552.0,38668.0,1.919,74202.2,1
Jute,2014-15,Jashore,2017,56809.0,22989.0,2.34,53804.8,1
Jute,2014-15,Jhalokati,2017,0.0,0.0,0.0,0.0,1
Jute,2014-15,Jhenaidah,2017,49502.0,20032.0,2.009,40237.8,1
Jute,2014-15,Joypurhat,2017,4042.0,1636.0,2.318,3791.6,1
Jute,2014-15,Khagrachhari,2017,0.0,0.0,0.0,0.0,1
Jute,2014-15,Khulna,2017,4427.0,1792.0,2.013,3606.5,1
Jute,2014-15,Kishoreganj,2017,15698.0,6353.0,1.865,11848.8,1
Jute,2014-15,Kurigram,2017,47864.0,19370.0,2.179,42206.4,1
Jute,2014-15,Kushtia,2017,86084.0,34836.0,2.049,71379.2,1
Jute,2014-15,Lakshmipur,2017,101.0,41.0,1.291,52.8,1
Jute,2014-15,Lalmonirhat,2017,12189.0,4933.0,2.251,11102.1,1
Jute,2014-15,Madaripur,2017,61552.0,24909.0,1.82,45342.0,1
Jute,2014-15,Magura,2017,80287.0,32490.0,1.991,64678.6,1
Jute,2014-15,Manikganj,2017,11266.0,4559.0,1.641,7481.5,1
Jute,2014-15,Meherpur,2017,57685.0,23344.0,2.439,56937.0,1
Jute,2014-15,Moulvibazar,2017,0.0,0.0,0.0,0.0,1
Jute,2014-15,Munshiganj,2017,7766.0,3143.0,1.439,4523.1,1
Jute,2014-15,Mymensingh,2017,20149.0,8154.0,1.491,12156.7,1
Jute,2014-15,Naogaon,2017,16398.0,6636.0,2.475,16423.4,1
Jute,2014-15,Narail,2017,43884.0,17759.0,2.044,36308.1,1
Jute,2014-15,Narayanganj,2017,1061.0,429.0,1.596,685.3,1
Jute,2014-15,Narsingdi,2017,8911.0,3606.0,1.874,6758.3,1
Jute,2014-15,Natore,2017,40037.0,16202.0,2.17,35159.3,1
Jute,2014-15,Netrakona,2017,14848.0,6009.0,1.578,9483.0,1
Jute,2014-15,Nilphamari,2017,21331.0,8632.0,2.112,18229.1,1
Jute,2014-15,Noakhali,2017,0.0,0.0,0.0,0.0,1
Jute,2014-15,Pabna,2017,85569.0,34628.0,2.3,79646.5,1
Jute,2014-15,Panchagarh,2017,20882.0,8450.0,1.829,15458.5,1
Jute,2014-15,Patuakhali,2017,0.0,0.0,0.0,0.0,1
Jute,2014-15,Pirojpur,2017,915.0,370.0,1.255,464.8,1
Jute,2014-15,Rajbari,2017,94647.0,38302.0,1.964,75216.7,1
Jute,2014-15,Rajshahi,2017,27229.0,11019.0,2.26,24899.7,1
Jute,2014-15,Rangamati,2017,0.0,0.0,0.0,0.0,1
Jute,2014-15,Rangpur,2017,27455.0,11110.0,2.282,25355.5,1
Jute,2014-15,Satkhira,2017,26008.0,10525.0,2.237,23547.3,1
Jute,2014-15,Shariatpur,2017,56292.0,22780.0,1.897,43203.6,1
Jute,2014-15,Sherpur,2017,14774.0,5979.0,1.892,11312.1,1
Jute,2014-15,Sirajganj,2017,47614.0,19268.0,1.856,35765.8,1
Jute,2014-15,Sunamganj,2017,173.0,70.0,1.444,101.1,1
Jute,2014-15,Sylhet,2017,0.0,0.0,0.0,0.0,1
Jute,2014-15,Tangail,2017,51212.0,20724.0,1.937,40141.1,1
Jute,2014-15,Thakurgaon,2017,22248.0,9003.0,2.031,18286.1,1
Jute,2015-16,Bagerhat,2017,2921.0,1182.0,1.955,2310.8,1
Jute,2015-16,Bandarban,2017,0.0,0.0,0.0,0.0,1
Jute,2015-16,Barguna,2017,0.0,0.0,0.0,0.0,1
Jute,2015-16,Barishal,2017,12972.0,5249.0,2.076,10897.3,1
Jute,2015-16,Bhola,2017,0.0,0.0,0.0,0.0,1
Jute,2015-16,Bogura,2017,36969.0,14961.0,2.318,34678.6,1
Jute,2015-16,Brahmanbaria,2017,7582.0,3068.0,2.183,6699.5,1
Jute,2015-16,Chandpur,2017,10496.0,4248.0,1.852,7865.1,1
Jute,2015-16,Chapainababganj,2017,1048.0,424.0,1.789,758.8,1
Jute,2015-16,Chuadanga,2017,47439.0,19198.0,2.34,44930.4,1
Jute,2015-16,Cumilla,2017,2321.0,939.0,1.865,1751.8,1
Jute,2015-16,Dhaka,2017,13214.0,5347.0,1.838,9829.9,1
Jute,2015-16,Dinajpur,2017,21986.0,8897.0,2.13,18948.5,1
Jute,2015-16,Faridpur,2017,181960.0,73635.0,1.793,132059.3,1
Jute,2015-16,Feni,2017,0.0,0.0,0.0,0.0,1
Jute,2015-16,Gaibandha,2017,32360.0,13095.0,2.242,29357.0,1
Jute,2015-16,Gazipur,2017,3938.0,1594.0,1.623,2586.6,1
Jute,2015-16,Gopalganj,2017,57308.0,23191.0,1.686,39096.3,1
Jute,2015-16,Habiganj,2017,914.0,370.0,1.789,661.7,1
Jute,2015-16,Jamalpur,2017,97076.0,39285.0,1.905,74857.2,1
Jute,2015-16,Jashore,2017,58135.0,23526.0,2.282,53689.4,1
Jute,2015-16,Jhalokati,2017,0.0,0.0,0.0,0.0,1
Jute,2015-16,Jhenaidah,2017,48533.0,19640.0,2.327,45702.2,1
Jute,2015-16,Joypurhat,2017,3155.0,1277.0,2.322,2965.3,1
Jute,2015-16,Khagrachhari,2017,0.0,0.0,0.0,0.0,1
Jute,2015-16,Khulna,2017,5217.0,2111.0,2.089,4411.0,1
Jute,2015-16,Kishoreganj,2017,16091.0,6512.0,1.704,11094.3,1
Jute,2015-16,Kurigram,2017,42532.0,17212.0,2.049,35266.7,1
Jute,2015-16,Kushtia,2017,91375.0,36977.0,2.143,79248.1,1
Jute,2015-16,Lakshmipur,2017,100.0,40.0,1.237,50.1,1
Jute,2015-16,Lalmonirhat,2017,10150.0,4107.0,2.354,9668.6,1
Jute,2015-16,Madaripur,2017,75763.0,30660.0,1.973,60484.3,1
Jute,2015-16,Magura,2017,82403.0,33347.0,1.928,64290.2,1
Jute,2015-16,Manikganj,2017,10624.0,4299.0,1.65,7093.6,1
Jute,2015-16,Meherpur,2017,58530.0,23686.0,2.304,54585.1,1
Jute,2015-16,Moulvibazar,2017,0.0,0.0,0.0,0.0,1
Jute,2015-16,Munshiganj,2017,7974.0,3227.0,1.435,4629.8,1
Jute,2015-16,Mymensingh,2017,18960.0,7673.0,1.659,12728.4,1
Jute,2015-16,Naogaon,2017,16570.0,6706.0,2.251,15092.4,1
Jute,2015-16,Narail,2017,48495.0,19625.0,2.125,41706.9,1
Jute,2015-16,Narayanganj,2017,1141.0,462.0,1.632,753.5,1
Jute,2015-16,Narsingdi,2017,8195.0,3316.0,1.888,6259.9,1
Jute,2015-16,Natore,2017,34629.0,14014.0,2.08,29153.6,1
Jute,2015-16,Netrakona,2017,12110.0,4901.0,1.69,8283.6,1
Jute,2015-16,Nilphamari,2017,18675.0,7557.0,1.937,14637.9,1
Jute,2015-16,Noakhali,2017,0.0,0.0,0.0,0.0,1
Jute,2015-16,Pabna,2017,86627.0,35056.0,2.314,81102.8,1
Jute,2015-16,Panchagarh,2017,21140.0,8555.0,1.901,16263.2,1
Jute,2015-16,Patuakhali,2017,0.0,0.0,0.0,0.0,1
Jute,2015-16,Pirojpur,2017,921.0,373.0,1.237,461.2,1
Jute,2015-16,Rajbari,2017,100276.0,40579.0,2.062,83692.8,1
Jute,2015-16,Rajshahi,2017,27535.0,11143.0,2.264,25229.6,1
Jute,2015-16,Rangamati,2017,0.0,0.0,0.0,0.0,1
Jute,2015-16,Rangpur,2017,27690.0,11206.0,2.233,25019.9,1
Jute,2015-16,Satkhira,2017,26199.0,10602.0,1.883,19964.9,1
Jute,2015-16,Shariatpur,2017,56522.0,22873.0,1.856,42457.1,1
Jute,2015-16,Sherpur,2017,10274.0,4158.0,1.923,7997.0,1
Jute,2015-16,Sirajganj,2017,45710.0,18498.0,1.888,34916.1,1
Jute,2015-16,Sunamganj,2017,1983.0,802.0,1.82,1460.8,1
Jute,2015-16,Sylhet,2017,0.0,0.0,0.0,0.0,1
Jute,2015-16,Tangail,2017,49313.0,19956.0,1.816,36236.8,1
Jute,2015-16,Thakurgaon,2017,20560.0,8320.0,2.116,17607.5,1
Lentil,2013-14,Bagerhat,2017,1438.0,,,467.0,1
Lentil,2013-14,Bandarban,2017,40.0,,,13.0,1
Lentil,2013-14,Barguna,2017,230.0,,,35.0,1
Lentil,2013-14,Barishal,2017,3215.0,,,973.0,1
Lentil,2013-14,Bhola,2017,1308.0,,,773.0,1
Lentil,2013-14,Bogura,2017,2350.0,,,938.0,1
Lentil,2013-14,Brahmanbaria,2017,1418.0,,,337.0,1
Lentil,2013-14,Chandpur,2017,876.0,,,603.0,1
Lentil,2013-14,Chapainababganj,2017,647.0,,,172.0,1
Lentil,2013-14,Chattogram,2017,221.0,,,46.0,1
Lentil,2013-14,Chuadanga,2017,4390.0,,,1641.0,1
Lentil,2013-14,Cox's Bazar,2017,0.0,,,0.0,1
Lentil,2013-14,Cumilla,2017,1935.0,,,757.0,1
Lentil,2013-14,Dhaka,2017,879.0,,,266.0,1
Lentil,2013-14,Dinajpur,2017,333.0,,,110.0,1
Lentil,2013-14,Faridpur,2017,33121.0,,,14680.0,1
Lentil,2013-14,Feni,2017,814.0,,,311.0,1
Lentil,2013-14,Gaibandha,2017,1488.0,,,1263.0,1
Lentil,2013-14,Gazipur,2017,155.0,,,44.0,1
Lentil,2013-14,Gopalganj,2017,7364.0,,,3459.0,1
Lentil,2013-14,Habiganj,2017,50.0,,,23.0,1
Lentil,2013-14,Jamalpur,2017,1007.0,,,284.0,1
Lentil,2013-14,Jashore,2017,22154.0,,,9253.0,1
Lentil,2013-14,Jhalokati,2017,686.0,,,242.0,1
Lentil,2013-14,Jhenaidah,2017,27281.0,,,14642.0,1
Lentil,2013-14,Joypurhat,2017,351.0,,,104.0,1
Lentil,2013-14,Khagrachhari,2017,66.0,,,11.0,1
Lentil,2013-14,Khulna,2017,259.0,,,83.0,1
Lentil,2013-14,Kishoreganj,2017,407.0,,,139.0,1
Lentil,2013-14,Kurigram,2017,1473.0,,,534.0,1
Lentil,2013-14,Kushtia,2017,14575.0,,,8417.0,1
Lentil,2013-14,Lakshmipur,2017,117.0,,,28.0,1
Lentil,2013-14,Lalmonirhat,2017,129.0,,,50.0,1
Lentil,2013-14,Madaripur,2017,10457.0,,,4525.0,1
Lentil,2013-14,Magura,2017,30514.0,,,13703.0,1
Lentil,2013-14,Manikganj,2017,2383.0,,,969.0,1
Lentil,2013-14,Meherpur,2017,10963.0,,,6317.0,1
Lentil,2013-14,Moulvibazar,2017,18.0,,,9.0,1
Lentil,2013-14,Munshiganj,2017,100.0,,,33.0,1
Lentil,2013-14,Mymensingh,2017,880.0,,,372.0,1
Lentil,2013-14,Naogaon,2017,668.0,,,308.0,1
Lentil,2013-14,Narail,2017,13017.0,,,5592.0,1
Lentil,2013-14,Narayanganj,2017,471.0,,,131.0,1
Lentil,2013-14,Narsingdi,2017,74.0,,,21.0,1
Lentil,2013-14,Natore,2017,39065.0,,,18684.0,1
Lentil,2013-14,Netrakona,2017,132.0,,,40.0,1
Lentil,2013-14,Nilphamari,2017,38.0,,,14.0,1
Lentil,2013-14,Noakhali,2017,250.0,,,63.0,1
Lentil,2013-14,Pabna,2017,24998.0,,,10701.0,1
Lentil,2013-14,Panchagarh,2017,160.0,,,56.0,1
Lentil,2013-14,Patuakhali,2017,727.0,,,119.0,1
Lentil,2013-14,Pirojpur,2017,50.0,,,12.0,1
Lentil,2013-14,Rajbari,2017,15000.0,,,6500.0,1
Lentil,2013-14,Rajshahi,2017,35069.0,,,19463.0,1
Lentil,2013-14,Rangamati,2017,65.0,,,24.0,1
Lentil,2013-14,Rangpur,2017,250.0,,,111.0,1
Lentil,2013-14,Satkhira,2017,755.0,,,252.0,1
Lentil,2013-14,Shariatpur,2017,6944.0,,,3486.0,1
Lentil,2013-14,Sherpur,2017,120.0,,,40.0,1
Lentil,2013-14,Sirajganj,2017,10312.0,,,4304.0,1
Lentil,2013-14,Sunamganj,2017,5.0,,,6.0,1
Lentil,2013-14,Sylhet,2017,10.0,,,6.0,1
Lentil,2013-14,Tangail,2017,3058.0,,,777.0,1
Lentil,2013-14,Thakurgaon,2017,307.0,,,86.0,1
Lentil,2014-15,Bagerhat,2017,1505.0,,,479.0,1
Lentil,2014-15,Bandarban,2017,30.0,,,8.0,1
Lentil,2014-15,Barguna,2017,296.0,,,65.0,1
Lentil,2014-15,Barishal,2017,4082.0,,,1607.0,1
Lentil,2014-15,Bhola,2017,1549.0,,,850.0,1
Lentil,2014-15,Bogura,2017,1152.0,,,461.0,1
Lentil,2014-15,Brahmanbaria,2017,3096.0,,,644.0,1
Lentil,2014-15,Chandpur,2017,690.0,,,392.0,1
Lentil,2014-15,Chapainababganj,2017,656.0,,,175.0,1
Lentil,2014-15,Chattogram,2017,204.0,,,44.0,1
Lentil,2014-15,Chuadanga,2017,4379.0,,,1683.0,1
Lentil,2014-15,Cox's Bazar,2017,0.0,,,0.0,1
Lentil,2014-15,Cumilla,2017,1921.0,,,751.0,1
Lentil,2014-15,Dhaka,2017,601.0,,,167.0,1
Lentil,2014-15,Dinajpur,2017,264.0,,,87.0,1
Lentil,2014-15,Faridpur,2017,33171.0,,,14861.0,1
Lentil,2014-15,Feni,2017,3117.0,,,1069.0,1
Lentil,2014-15,Gaibandha,2017,1446.0,,,1223.0,1
Lentil,2014-15,Gazipur,2017,210.0,,,75.0,1
Lentil,2014-15,Gopalganj,2017,9707.0,,,3949.0,1
Lentil,2014-15,Habiganj,2017,219.0,,,84.0,1
Lentil,2014-15,Jamalpur,2017,1137.0,,,348.0,1
Lentil,2014-15,Jashore,2017,26058.0,,,12564.0,1
Lentil,2014-15,Jhalokati,2017,723.0,,,262.0,1
Lentil,2014-15,Jhenaidah,2017,30057.0,,,17050.0,1
Lentil,2014-15,Joypurhat,2017,362.0,,,163.0,1
Lentil,2014-15,Khagrachhari,2017,68.0,,,11.0,1
Lentil,2014-15,Khulna,2017,264.0,,,87.0,1
Lentil,2014-15,Kishoreganj,2017,349.0,,,123.0,1
Lentil,2014-15,Kurigram,2017,1861.0,,,697.0,1
Lentil,2014-15,Kushtia,2017,14662.0,,,8784.0,1
Lentil,2014-15,Lakshmipur,2017,78.0,,,14.0,1
Lentil,2014-15,Lalmonirhat,2017,120.0,,,52.0,1
Lentil,2014-15,Madaripur,2017,10360.0,,,4961.0,1
Lentil,2014-15,Magura,2017,34350.0,,,15143.0,1
Lentil,2014-15,Manikganj,2017,2365.0,,,916.0,1
Lentil,2014-15,Meherpur,2017,11500.0,,,5802.0,1
Lentil,2014-15,Moulvibazar,2017,52.0,,,29.0,1
Lentil,2014-15,Munshiganj,2017,98.0,,,32.0,1
Lentil,2014-15,Mymensingh,2017,855.0,,,407.0,1
Lentil,2014-15,Naogaon,2017,529.0,,,228.0,1
Lentil,2014-15,Narail,2017,13982.0,,,6233.0,1
Lentil,2014-15,Narayanganj,2017,445.0,,,146.0,1
Lentil,2014-15,Narsingdi,2017,64.0,,,18.0,1
Lentil,2014-15,Natore,2017,41186.0,,,18901.0,1
Lentil,2014-15,Netrakona,2017,145.0,,,49.0,1
Lentil,2014-15,Nilphamari,2017,43.0,,,21.0,1
Lentil,2014-15,Noakhali,2017,252.0,,,70.0,1
Lentil,2014-15,Pabna,2017,26058.0,,,11730.0,1
Lentil,2014-15,Panchagarh,2017,168.0,,,64.0,1
Lentil,2014-15,Patuakhali,2017,770.0,,,139.0,1
Lentil,2014-15,Pirojpur,2017,57.0,,,16.0,1
Lentil,2014-15,Rajbari,2017,16708.0,,,7351.0,1
Lentil,2014-15,Rajshahi,2017,39125.0,,,19718.0,1
Lentil,2014-15,Rangamati,2017,58.0,,,24.0,1
Lentil,2014-15,Rangpur,2017,244.0,,,123.0,1
Lentil,2014-15,Satkhira,2017,989.0,,,380.0,1
Lentil,2014-15,Shariatpur,2017,6255.0,,,3081.0,1
Lentil,2014-15,Sherpur,2017,98.0,,,32.0,1
Lentil,2014-15,Sirajganj,2017,5283.0,,,1970.0,1
Lentil,2014-15,Sunamganj,2017,0.0,,,0.0,1
Lentil,2014-15,Sylhet,2017,0.0,,,0.0,1
Lentil,2014-15,Tangail,2017,3000.0,,,765.0,1
Lentil,2014-15,Thakurgaon,2017,294.0,,,83.0,1
Lentil,2015-16,Bagerhat,2017,1545.0,,,507.0,1
Lentil,2015-16,Bandarban,2017,28.0,,,10.0,1
Lentil,2015-16,Barguna,2017,152.0,,,97.0,1
Lentil,2015-16,Barishal,2017,4044.0,,,1568.0,1
Lentil,2015-16,Bhola,2017,1924.0,,,1134.0,1
Lentil,2015-16,Bogura,2017,1168.0,,,468.0,1
Lentil,2015-16,Brahmanbaria,2017,3037.0,,,624.0,1
Lentil,2015-16,Chandpur,2017,668.0,,,318.0,1
Lentil,2015-16,Chapainababganj,2017,666.0,,,414.0,1
Lentil,2015-16,Chattogram,2017,198.0,,,43.0,1
Lentil,2015-16,Chuadanga,2017,4350.0,,,1686.0,1
Lentil,2015-16,Cox's Bazar,2017,0.0,,,0.0,1
Lentil,2015-16,Cumilla,2017,1580.0,,,608.0,1
Lentil,2015-16,Dhaka,2017,810.0,,,250.0,1
Lentil,2015-16,Dinajpur,2017,245.0,,,82.0,1
Lentil,2015-16,Faridpur,2017,33145.0,,,14745.0,1
Lentil,2015-16,Feni,2017,3108.0,,,968.0,1
Lentil,2015-16,Gaibandha,2017,1462.0,,,1223.0,1
Lentil,2015-16,Gazipur,2017,206.0,,,74.0,1
Lentil,2015-16,Gopalganj,2017,10694.0,,,4294.0,1
Lentil,2015-16,Habiganj,2017,219.0,,,86.0,1
Lentil,2015-16,Jamalpur,2017,1153.0,,,355.0,1
Lentil,2015-16,Jashore,2017,28003.0,,,11455.0,1
Lentil,2015-16,Jhalokati,2017,718.0,,,262.0,1
Lentil,2015-16,Jhenaidah,2017,31145.0,,,12826.0,1
Lentil,2015-16,Joypurhat,2017,341.0,,,154.0,1
Lentil,2015-16,Khagrachhari,2017,70.0,,,13.0,1
Lentil,2015-16,Khulna,2017,265.0,,,87.0,1
Lentil,2015-16,Kishoreganj,2017,318.0,,,108.0,1
Lentil,2015-16,Kurigram,2017,1599.0,,,616.0,1
Lentil,2015-16,Kushtia,2017,17557.0,,,9696.0,1
Lentil,2015-16,Lakshmipur,2017,82.0,,,15.0,1
Lentil,2015-16,Lalmonirhat,2017,109.0,,,46.0,1
Lentil,2015-16,Madaripur,2017,12375.0,,,5039.0,1
Lentil,2015-16,Magura,2017,44022.0,,,15964.0,1
Lentil,2015-16,Manikganj,2017,2287.0,,,875.0,1
Lentil,2015-16,Meherpur,2017,13012.0,,,5508.0,1
Lentil,2015-16,Moulvibazar,2017,75.0,,,36.0,1
Lentil,2015-16,Munshiganj,2017,99.0,,,35.0,1
Lentil,2015-16,Mymensingh,2017,845.0,,,415.0,1
Lentil,2015-16,Naogaon,2017,468.0,,,227.0,1
Lentil,2015-16,Narail,2017,14162.0,,,6483.0,1
Lentil,2015-16,Narayanganj,2017,423.0,,,139.0,1
Lentil,2015-16,Narsingdi,2017,55.0,,,16.0,1
Lentil,2015-16,Natore,2017,40102.0,,,16301.0,1
Lentil,2015-16,Netrakona,2017,143.0,,,49.0,1
Lentil,2015-16,Nilphamari,2017,36.0,,,17.0,1
Lentil,2015-16,Noakhali,2017,240.0,,,62.0,1
Lentil,2015-16,Pabna,2017,27775.0,,,12005.0,1
Lentil,2015-16,Panchagarh,2017,173.0,,,68.0,1
Lentil,2015-16,Patuakhali,2017,740.0,,,148.0,1
Lentil,2015-16,Pirojpur,2017,62.0,,,26.0,1
Lentil,2015-16,Rajbari,2017,14857.0,,,6992.0,1
Lentil,2015-16,Rajshahi,2017,42704.0,,,16665.0,1
Lentil,2015-16,Rangamati,2017,114.0,,,55.0,1
Lentil,2015-16,Rangpur,2017,248.0,,,126.0,1
Lentil,2015-16,Satkhira,2017,997.0,,,342.0,1
Lentil,2015-16,Shariatpur,2017,6240.0,,,2860.0,1
Lentil,2015-16,Sherpur,2017,107.0,,,36.0,1
Lentil,2015-16,Sirajganj,2017,5441.0,,,2047.0,1
Lentil,2015-16,Sunamganj,2017,0.0,,,0.0,1
Lentil,2015-16,Sylhet,2017,14.0,,,4.0,1
Lentil,2015-16,Tangail,2017,2939.0,,,768.0,1
Lentil,2015-16,Thakurgaon,2017,289.0,,,88.0,1
Maize,2013-14,Bagerhat,2017,530.0,,,1131.0,1
Maize,2013-14,Bandarban,2017,663.0,,,1013.0,1
Maize,2013-14,Barguna,2017,127.0,,,187.0,1
Maize,2013-14,Barishal,2017,186.0,,,329.0,1
Maize,2013-14,Bhola,2017,535.0,,,858.0,1
Maize,2013-14,Bogura,2017,23844.0,,,58053.0,1
Maize,2013-14,Brahmanbaria,2017,0.0,,,0.0,1
Maize,2013-14,Chandpur,2017,693.0,,,1045.0,1
Maize,2013-14,Chapainababganj,2017,15075.0,,,33947.0,1
Maize,2013-14,Chattogram,2017,11.0,,,8.0,1
Maize,2013-14,Chuadanga,2017,117975.0,,,398907.0,1
Maize,2013-14,Cox's Bazar,2017,172.0,,,209.0,1
Maize,2013-14,Cumilla,2017,17496.0,,,34045.0,1
Maize,2013-14,Dhaka,2017,9802.0,,,26287.0,1
Maize,2013-14,Dinajpur,2017,142585.0,,,445731.0,1
Maize,2013-14,Faridpur,2017,718.0,,,2136.0,1
Maize,2013-14,Feni,2017,1.0,,,1.0,1
Maize,2013-14,Gaibandha,2017,19784.0,,,53896.0,1
Maize,2013-14,Gazipur,2017,303.0,,,495.0,1
Maize,2013-14,Gopalganj,2017,1.0,,,3.0,1
Maize,2013-14,Habiganj,2017,0.0,,,0.0,1
Maize,2013-14,Jamalpur,2017,10012.0,,,33137.0,1
Maize,2013-14,Jashore,2017,606.0,,,1312.0,1
Maize,2013-14,Jhalokati,2017,116.0,,,372.0,1
Maize,2013-14,Jhenaidah,2017,35022.0,,,110993.0,1
Maize,2013-14,Joypurhat,2017,819.0,,,1705.0,1
Maize,2013-14,Khagrachhari,2017,1442.0,,,1798.0,1
Maize,2013-14,Khulna,2017,70.0,,,139.0,1
Maize,2013-14,Kishoreganj,2017,4951.0,,,12005.0,1
Maize,2013-14,Kurigram,2017,2855.0,,,8151.0,1
Maize,2013-14,Kushtia,2017,15228.0,,,36552.0,1
Maize,2013-14,Lakshmipur,2017,0.0,,,0.0,1
Maize,2013-14,Lalmonirhat,2017,60655.0,,,179111.0,1
Maize,2013-14,Madaripur,2017,60.0,,,125.0,1
Maize,2013-14,Magura,2017,9.0,,,22.0,1
Maize,2013-14,Manikganj,2017,25716.0,,,75474.0,1
Maize,2013-14,Meherpur,2017,10120.0,,,34504.0,1
Maize,2013-14,Moulvibazar,2017,0.0,,,0.0,1
Maize,2013-14,Munshiganj,2017,2134.0,,,2991.0,1
Maize,2013-14,Mymensingh,2017,880.0,,,2523.0,1
Maize,2013-14,Naogaon,2017,10526.0,,,20703.0,1
Maize,2013-14,Narail,2017,0.0,,,0.0,1
Maize,2013-14,Narayanganj,2017,264.0,,,347.0,1
Maize,2013-14,Narsingdi,2017,46.0,,,63.0,1
Maize,2013-14,Natore,2017,2774.0,,,4791.0,1
Maize,2013-14,Netrakona,2017,22.0,,,43.0,1
Maize,2013-14,Nilphamari,2017,37127.0,,,83200.0,1
Maize,2013-14,Noakhali,2017,3.0,,,3.0,1
Maize,2013-14,Pabna,2017,893.0,,,1146.0,1
Maize,2013-14,Panchagarh,2017,24646.0,,,61137.0,1
Maize,2013-14,Patuakhali,2017,123.0,,,183.0,1
Maize,2013-14,Pirojpur,2017,443.0,,,826.0,1
Maize,2013-14,Rajbari,2017,335.0,,,864.0,1
Maize,2013-14,Rajshahi,2017,30358.0,,,70243.0,1
Maize,2013-14,Rangamati,2017,1479.0,,,1662.0,1
Maize,2013-14,Rangpur,2017,41461.0,,,114674.0,1
Maize,2013-14,Satkhira,2017,41.0,,,88.0,1
Maize,2013-14,Shariatpur,2017,22.0,,,2.0,1
Maize,2013-14,Sherpur,2017,1519.0,,,3536.0,1
Maize,2013-14,Sirajganj,2017,17537.0,,,50370.0,1
Maize,2013-14,Sunamganj,2017,0.0,,,0.0,1
Maize,2013-14,Sylhet,2017,0.0,,,0.0,1
Maize,2013-14,Tangail,2017,1709.0,,,3791.0,1
Maize,2013-14,Thakurgaon,2017,66115.0,,,146705.0,1
Maize,2014-15,Bagerhat,2017,442.0,,,782.0,1
Maize,2014-15,Bandarban,2017,737.0,,,1536.0,1
Maize,2014-15,Barguna,2017,103.0,,,142.0,1
Maize,2014-15,Barishal,2017,223.0,,,398.0,1
Maize,2014-15,Bhola,2017,483.0,,,789.0,1
Maize,2014-15,Bogura,2017,21063.0,,,51280.0,1
Maize,2014-15,Brahmanbaria,2017,0.0,,,0.0,1
Maize,2014-15,Chandpur,2017,2070.0,,,3536.0,1
Maize,2014-15,Chapainababganj,2017,13721.0,,,29541.0,1
Maize,2014-15,Chattogram,2017,15.0,,,12.0,1
Maize,2014-15,Chuadanga,2017,108734.0,,,423380.0,1
Maize,2014-15,Cox's Bazar,2017,200.0,,,250.0,1
Maize,2014-15,Cumilla,2017,32927.0,,,68247.0,1
Maize,2014-15,Dhaka,2017,9093.0,,,26320.0,1
Maize,2014-15,Dinajpur,2017,146335.0,,,460759.0,1
Maize,2014-15,Faridpur,2017,497.0,,,1582.0,1
Maize,2014-15,Feni,2017,5.0,,,6.0,1
Maize,2014-15,Gaibandha,2017,21578.0,,,60394.0,1
Maize,2014-15,Gazipur,2017,153.0,,,239.0,1
Maize,2014-15,Gopalganj,2017,36.0,,,103.0,1
Maize,2014-15,Habiganj,2017,0.0,,,0.0,1
Maize,2014-15,Jamalpur,2017,12136.0,,,37148.0,1
Maize,2014-15,Jashore,2017,739.0,,,1906.0,1
Maize,2014-15,Jhalokati,2017,138.0,,,304.0,1
Maize,2014-15,Jhenaidah,2017,35515.0,,,94769.0,1
Maize,2014-15,Joypurhat,2017,896.0,,,2310.0,1
Maize,2014-15,Khagrachhari,2017,1255.0,,,1369.0,1
Maize,2014-15,Khulna,2017,145.0,,,287.0,1
Maize,2014-15,Kishoreganj,2017,5042.0,,,12929.0,1
Maize,2014-15,Kurigram,2017,4472.0,,,11647.0,1
Maize,2014-15,Kushtia,2017,15030.0,,,37540.0,1
Maize,2014-15,Lakshmipur,2017,0.0,,,0.0,1
Maize,2014-15,Lalmonirhat,2017,61471.0,,,179883.0,1
Maize,2014-15,Madaripur,2017,68.0,,,170.0,1
Maize,2014-15,Magura,2017,35.0,,,86.0,1
Maize,2014-15,Manikganj,2017,41427.0,,,102967.0,1
Maize,2014-15,Meherpur,2017,7355.0,,,23440.0,1
Maize,2014-15,Moulvibazar,2017,0.0,,,0.0,1
Maize,2014-15,Munshiganj,2017,1065.0,,,1576.0,1
Maize,2014-15,Mymensingh,2017,627.0,,,1476.0,1
Maize,2014-15,Naogaon,2017,11425.0,,,23304.0,1
Maize,2014-15,Narail,2017,0.0,,,0.0,1
Maize,2014-15,Narayanganj,2017,86.0,,,114.0,1
Maize,2014-15,Narsingdi,2017,31.0,,,39.0,1
Maize,2014-15,Natore,2017,2879.0,,,5004.0,1
Maize,2014-15,Netrakona,2017,22.0,,,45.0,1
Maize,2014-15,Nilphamari,2017,36945.0,,,103241.0,1
Maize,2014-15,Noakhali,2017,5.0,,,6.0,1
Maize,2014-15,Pabna,2017,1243.0,,,1850.0,1
Maize,2014-15,Panchagarh,2017,24485.0,,,59128.0,1
Maize,2014-15,Patuakhali,2017,101.0,,,172.0,1
Maize,2014-15,Pirojpur,2017,608.0,,,1128.0,1
Maize,2014-15,Rajbari,2017,275.0,,,671.0,1
Maize,2014-15,Rajshahi,2017,36058.0,,,82054.0,1
Maize,2014-15,Rangamati,2017,1490.0,,,1916.0,1
Maize,2014-15,Rangpur,2017,49436.0,,,126356.0,1
Maize,2014-15,Satkhira,2017,141.0,,,317.0,1
Maize,2014-15,Shariatpur,2017,8.0,,,6.0,1
Maize,2014-15,Sherpur,2017,1502.0,,,3422.0,1
Maize,2014-15,Sirajganj,2017,19160.0,,,48251.0,1
Maize,2014-15,Sunamganj,2017,30.0,,,75.0,1
Maize,2014-15,Sylhet,2017,0.0,,,0.0,1
Maize,2014-15,Tangail,2017,2113.0,,,5472.0,1
Maize,2014-15,Thakurgaon,2017,69995.0,,,170324.0,1
Maize,2015-16,Bagerhat,2017,383.0,,,787.0,1
Maize,2015-16,Bandarban,2017,736.0,,,1557.0,1
Maize,2015-16,Barguna,2017,114.0,,,156.0,1
Maize,2015-16,Barishal,2017,274.0,,,422.0,1
Maize,2015-16,Bhola,2017,481.0,,,795.0,1
Maize,2015-16,Bogura,2017,19524.0,,,47769.0,1
Maize,2015-16,Brahmanbaria,2017,1.0,,,1.0,1
Maize,2015-16,Chandpur,2017,2240.0,,,3873.0,1
Maize,2015-16,Chapainababganj,2017,14396.0,,,36519.0,1
Maize,2015-16,Chattogram,2017,95.0,,,211.0,1
Maize,2015-16,Chuadanga,2017,117113.0,,,453774.0,1
Maize,2015-16,Cox's Bazar,2017,186.0,,,387.0,1
Maize,2015-16,Cumilla,2017,19086.0,,,40229.0,1
Maize,2015-16,Dhaka,2017,11201.0,,,28006.0,1
Maize,2015-16,Dinajpur,2017,160233.0,,,497838.0,1
Maize,2015-16,Faridpur,2017,416.0,,,1350.0,1
Maize,2015-16,Feni,2017,6.0,,,3.0,1
Maize,2015-16,Gaibandha,2017,24386.0,,,69121.0,1
Maize,2015-16,Gazipur,2017,146.0,,,210.0,1
Maize,2015-16,Gopalganj,2017,5.0,,,10.0,1
Maize,2015-16,Habiganj,2017,0.0,,,0.0,1
Maize,2015-16,Jamalpur,2017,17439.0,,,66007.0,1
Maize,2015-16,Jashore,2017,655.0,,,1689.0,1
Maize,2015-16,Jhalokati,2017,140.0,,,312.0,1
Maize,2015-16,Jhenaidah,2017,23102.0,,,73788.0,1
Maize,2015-16,Joypurhat,2017,656.0,,,1595.0,1
Maize,2015-16,Khagrachhari,2017,1295.0,,,1459.0,1
Maize,2015-16,Khulna,2017,123.0,,,201.0,1
Maize,2015-16,Kishoreganj,2017,5731.0,,,14342.0,1
Maize,2015-16,Kurigram,2017,5977.0,,,18394.0,1
Maize,2015-16,Kushtia,2017,14552.0,,,37161.0,1
Maize,2015-16,Lakshmipur,2017,0.0,,,0.0,1
Maize,2015-16,Lalmonirhat,2017,63514.0,,,189163.0,1
Maize,2015-16,Madaripur,2017,60.0,,,125.0,1
Maize,2015-16,Magura,2017,32.0,,,82.0,1
Maize,2015-16,Manikganj,2017,46385.0,,,119943.0,1
Maize,2015-16,Meherpur,2017,9043.0,,,35024.0,1
Maize,2015-16,Moulvibazar,2017,0.0,,,0.0,1
Maize,2015-16,Munshiganj,2017,711.0,,,982.0,1
Maize,2015-16,Mymensingh,2017,525.0,,,1270.0,1
Maize,2015-16,Naogaon,2017,5063.0,,,13568.0,1
Maize,2015-16,Narail,2017,0.0,,,0.0,1
Maize,2015-16,Narayanganj,2017,95.0,,,119.0,1
Maize,2015-16,Narsingdi,2017,9.0,,,7.0,1
Maize,2015-16,Natore,2017,3480.0,,,5671.0,1
Maize,2015-16,Netrakona,2017,51.0,,,111.0,1
Maize,2015-16,Nilphamari,2017,40617.0,,,116749.0,1
Maize,2015-16,Noakhali,2017,2.0,,,2.0,1
Maize,2015-16,Pabna,2017,1393.0,,,4280.0,1
Maize,2015-16,Panchagarh,2017,31057.0,,,92692.0,1
Maize,2015-16,Patuakhali,2017,133.0,,,235.0,1
Maize,2015-16,Pirojpur,2017,572.0,,,1017.0,1
Maize,2015-16,Rajbari,2017,133.0,,,354.0,1
Maize,2015-16,Rajshahi,2017,33852.0,,,72708.0,1
Maize,2015-16,Rangamati,2017,1564.0,,,3233.0,1
Maize,2015-16,Rangpur,2017,50635.0,,,132386.0,1
Maize,2015-16,Satkhira,2017,354.0,,,997.0,1
Maize,2015-16,Shariatpur,2017,6.0,,,14.0,1
Maize,2015-16,Sherpur,2017,1488.0,,,3332.0,1
Maize,2015-16,Sirajganj,2017,18930.0,,,50601.0,1
Maize,2015-16,Sunamganj,2017,39.0,,,101.0,1
Maize,2015-16,Sylhet,2017,0.0,,,0.0,1
Maize,2015-16,Tangail,2017,2300.0,,,5688.0,1
Maize,2015-16,Thakurgaon,2017,74652.0,,,197158.0,1
Mung,2013-14,Bagerhat,2017,795.0,,,174.0,1
Mung,2013-14,Bandarban,2017,62.0,,,28.0,1
Mung,2013-14,Barguna,2017,2183.0,,,413.0,1
Mung,2013-14,Barishal,2017,9521.0,,,2575.0,1
Mung,2013-14,Bhola,2017,24082.0,,,7692.0,1
Mung,2013-14,Bogura,2017,12.0,,,4.0,1
Mung,2013-14,Brahmanbaria,2017,18.0,,,5.0,1
Mung,2013-14,Chandpur,2017,611.0,,,357.0,1
Mung,2013-14,Chapainababganj,2017,35.0,,,10.0,1
Mung,2013-14,Chattogram,2017,1650.0,,,558.0,1
Mung,2013-14,Chuadanga,2017,586.0,,,375.0,1
Mung,2013-14,Cox's Bazar,2017,14.0,,,5.0,1
Mung,2013-14,Cumilla,2017,4.0,,,3.0,1
Mung,2013-14,Dhaka,2017,76.0,,,25.0,1
Mung,2013-14,Dinajpur,2017,69.0,,,75.0,1
Mung,2013-14,Faridpur,2017,1000.0,,,340.0,1
Mung,2013-14,Feni,2017,161.0,,,75.0,1
Mung,2013-14,Gaibandha,2017,91.0,,,57.0,1
Mung,2013-14,Gazipur,2017,94.0,,,25.0,1
Mung,2013-14,Gopalganj,2017,191.0,,,68.0,1
Mung,2013-14,Habiganj,2017,0.0,,,0.0,1
Mung,2013-14,Jamalpur,2017,93.0,,,27.0,1
Mung,2013-14,Jashore,2017,2148.0,,,787.0,1
Mung,2013-14,Jhalokati,2017,1092.0,,,397.0,1
Mung,2013-14,Jhenaidah,2017,2009.0,,,613.0,1
Mung,2013-14,Joypurhat,2017,27.0,,,8.0,1
Mung,2013-14,Khagrachhari,2017,0.0,,,0.0,1
Mung,2013-14,Khulna,2017,220.0,,,66.0,1
Mung,2013-14,Kishoreganj,2017,257.0,,,85.0,1
Mung,2013-14,Kurigram,2017,132.0,,,47.0,1
Mung,2013-14,Kushtia,2017,256.0,,,121.0,1
Mung,2013-14,Lakshmipur,2017,2023.0,,,379.0,1
Mung,2013-14,Lalmonirhat,2017,53.0,,,30.0,1
Mung,2013-14,Madaripur,2017,537.0,,,171.0,1
Mung,2013-14,Magura,2017,120.0,,,39.0,1
Mung,2013-14,Manikganj,2017,267.0,,,87.0,1
Mung,2013-14,Meherpur,2017,74.0,,,27.0,1
Mung,2013-14,Moulvibazar,2017,26.0,,,11.0,1
Mung,2013-14,Munshiganj,2017,5.0,,,2.0,1
Mung,2013-14,Mymensingh,2017,210.0,,,84.0,1
Mung,2013-14,Naogaon,2017,237.0,,,86.0,1
Mung,2013-14,Narail,2017,253.0,,,69.0,1
Mung,2013-14,Narayanganj,2017,41.0,,,16.0,1
Mung,2013-14,Narsingdi,2017,47.0,,,14.0,1
Mung,2013-14,Natore,2017,18959.0,,,5394.0,1
Mung,2013-14,Netrakona,2017,13.0,,,3.0,1
Mung,2013-14,Nilphamari,2017,8.0,,,5.0,1
Mung,2013-14,Noakhali,2017,3608.0,,,887.0,1
Mung,2013-14,Pabna,2017,294.0,,,111.0,1
Mung,2013-14,Panchagarh,2017,838.0,,,319.0,1
Mung,2013-14,Patuakhali,2017,8560.0,,,1661.0,1
Mung,2013-14,Pirojpur,2017,523.0,,,123.0,1
Mung,2013-14,Rajbari,2017,170.0,,,65.0,1
Mung,2013-14,Rajshahi,2017,11423.0,,,6639.0,1
Mung,2013-14,Rangamati,2017,0.0,,,0.0,1
Mung,2013-14,Rangpur,2017,38.0,,,19.0,1
Mung,2013-14,Satkhira,2017,54.0,,,14.0,1
Mung,2013-14,Shariatpur,2017,174.0,,,77.0,1
Mung,2013-14,Sherpur,2017,11.0,,,3.0,1
Mung,2013-14,Sirajganj,2017,5.0,,,2.0,1
Mung,2013-14,Sunamganj,2017,7.0,,,4.0,1
Mung,2013-14,Sylhet,2017,0.0,,,0.0,1
Mung,2013-14,Tangail,2017,0.0,,,0.0,1
Mung,2013-14,Thakurgaon,2017,1011.0,,,254.0,1
Mung,2014-15,Bagerhat,2017,588.0,,,118.0,1
Mung,2014-15,Bandarban,2017,48.0,,,18.0,1
Mung,2014-15,Barguna,2017,2315.0,,,502.0,1
Mung,2014-15,Barishal,2017,9432.0,,,3313.0,1
Mung,2014-15,Bhola,2017,23935.0,,,7968.0,1
Mung,2014-15,Bogura,2017,15.0,,,5.0,1
Mung,2014-15,Brahmanbaria,2017,18.0,,,5.0,1
Mung,2014-15,Chandpur,2017,575.0,,,331.0,1
Mung,2014-15,Chapainababganj,2017,35.0,,,10.0,1
Mung,2014-15,Chattogram,2017,1650.0,,,490.0,1
Mung,2014-15,Chuadanga,2017,600.0,,,407.0,1
Mung,2014-15,Cox's Bazar,2017,14.0,,,5.0,1
Mung,2014-15,Cumilla,2017,4.0,,,3.0,1
Mung,2014-15,Dhaka,2017,75.0,,,25.0,1
Mung,2014-15,Dinajpur,2017,141.0,,,49.0,1
Mung,2014-15,Faridpur,2017,1003.0,,,360.0,1
Mung,2014-15,Feni,2017,261.0,,,105.0,1
Mung,2014-15,Gaibandha,2017,103.0,,,53.0,1
Mung,2014-15,Gazipur,2017,96.0,,,26.0,1
Mung,2014-15,Gopalganj,2017,199.0,,,72.0,1
Mung,2014-15,Habiganj,2017,0.0,,,0.0,1
Mung,2014-15,Jamalpur,2017,82.0,,,25.0,1
Mung,2014-15,Jashore,2017,2187.0,,,739.0,1
Mung,2014-15,Jhalokati,2017,1305.0,,,493.0,1
Mung,2014-15,Jhenaidah,2017,1653.0,,,640.0,1
Mung,2014-15,Joypurhat,2017,25.0,,,7.0,1
Mung,2014-15,Khagrachhari,2017,0.0,,,0.0,1
Mung,2014-15,Khulna,2017,157.0,,,47.0,1
Mung,2014-15,Kishoreganj,2017,219.0,,,70.0,1
Mung,2014-15,Kurigram,2017,138.0,,,50.0,1
Mung,2014-15,Kushtia,2017,232.0,,,116.0,1
Mung,2014-15,Lakshmipur,2017,1703.0,,,411.0,1
Mung,2014-15,Lalmonirhat,2017,59.0,,,33.0,1
Mung,2014-15,Madaripur,2017,521.0,,,164.0,1
Mung,2014-15,Magura,2017,134.0,,,42.0,1
Mung,2014-15,Manikganj,2017,267.0,,,80.0,1
Mung,2014-15,Meherpur,2017,70.0,,,27.0,1
Mung,2014-15,Moulvibazar,2017,20.0,,,7.0,1
Mung,2014-15,Munshiganj,2017,5.0,,,2.0,1
Mung,2014-15,Mymensingh,2017,187.0,,,74.0,1
Mung,2014-15,Naogaon,2017,184.0,,,73.0,1
Mung,2014-15,Narail,2017,206.0,,,59.0,1
Mung,2014-15,Narayanganj,2017,36.0,,,14.0,1
Mung,2014-15,Narsingdi,2017,39.0,,,11.0,1
Mung,2014-15,Natore,2017,19229.0,,,5689.0,1
Mung,2014-15,Netrakona,2017,14.0,,,3.0,1
Mung,2014-15,Nilphamari,2017,9.0,,,6.0,1
Mung,2014-15,Noakhali,2017,3619.0,,,897.0,1
Mung,2014-15,Pabna,2017,327.0,,,131.0,1
Mung,2014-15,Panchagarh,2017,665.0,,,349.0,1
Mung,2014-15,Patuakhali,2017,8075.0,,,1615.0,1
Mung,2014-15,Pirojpur,2017,520.0,,,133.0,1
Mung,2014-15,Rajbari,2017,214.0,,,84.0,1
Mung,2014-15,Rajshahi,2017,11537.0,,,6278.0,1
Mung,2014-15,Rangamati,2017,0.0,,,0.0,1
Mung,2014-15,Rangpur,2017,60.0,,,30.0,1
Mung,2014-15,Satkhira,2017,33.0,,,9.0,1
Mung,2014-15,Shariatpur,2017,254.0,,,112.0,1
Mung,2014-15,Sherpur,2017,8.0,,,2.0,1
Mung,2014-15,Sirajganj,2017,0.0,,,0.0,1
Mung,2014-15,Sunamganj,2017,0.0,,,0.0,1
Mung,2014-15,Sylhet,2017,0.0,,,0.0,1
Mung,2014-15,Tangail,2017,0.0,,,0.0,1
Mung,2014-15,Thakurgaon,2017,976.0,,,350.0,1
Mung,2015-16,Bagerhat,2017,487.0,,,113.0,1
Mung,2015-16,Bandarban,2017,48.0,,,18.0,1
Mung,2015-16,Barguna,2017,2680.0,,,807.0,1
Mung,2015-16,Barishal,2017,9062.0,,,4266.0,1
Mung,2015-16,Bhola,2017,26836.0,,,9602.0,1
Mung,2015-16,Bogura,2017,7.0,,,2.0,1
Mung,2015-16,Brahmanbaria,2017,29.0,,,7.0,1
Mung,2015-16,Chandpur,2017,474.0,,,187.0,1
Mung,2015-16,Chapainababganj,2017,0.0,,,0.0,1
Mung,2015-16,Chattogram,2017,1638.0,,,487.0,1
Mung,2015-16,Chuadanga,2017,602.0,,,407.0,1
Mung,2015-16,Cox's Bazar,2017,14.0,,,5.0,1
Mung,2015-16,Cumilla,2017,4.0,,,3.0,1
Mung,2015-16,Dhaka,2017,69.0,,,24.0,1
Mung,2015-16,Dinajpur,2017,114.0,,,38.0,1
Mung,2015-16,Faridpur,2017,950.0,,,328.0,1
Mung,2015-16,Feni,2017,368.0,,,103.0,1
Mung,2015-16,Gaibandha,2017,104.0,,,52.0,1
Mung,2015-16,Gazipur,2017,97.0,,,26.0,1
Mung,2015-16,Gopalganj,2017,213.0,,,89.0,1
Mung,2015-16,Habiganj,2017,0.0,,,0.0,1
Mung,2015-16,Jamalpur,2017,83.0,,,27.0,1
Mung,2015-16,Jashore,2017,1833.0,,,692.0,1
Mung,2015-16,Jhalokati,2017,1421.0,,,534.0,1
Mung,2015-16,Jhenaidah,2017,1650.0,,,701.0,1
Mung,2015-16,Joypurhat,2017,21.0,,,6.0,1
Mung,2015-16,Khagrachhari,2017,0.0,,,0.0,1
Mung,2015-16,Khulna,2017,153.0,,,46.0,1
Mung,2015-16,Kishoreganj,2017,230.0,,,76.0,1
Mung,2015-16,Kurigram,2017,148.0,,,55.0,1
Mung,2015-16,Kushtia,2017,209.0,,,109.0,1
Mung,2015-16,Lakshmipur,2017,1660.0,,,403.0,1
Mung,2015-16,Lalmonirhat,2017,57.0,,,31.0,1
Mung,2015-16,Madaripur,2017,514.0,,,167.0,1
Mung,2015-16,Magura,2017,132.0,,,43.0,1
Mung,2015-16,Manikganj,2017,271.0,,,87.0,1
Mung,2015-16,Meherpur,2017,71.0,,,25.0,1
Mung,2015-16,Moulvibazar,2017,0.0,,,0.0,1
Mung,2015-16,Munshiganj,2017,0.0,,,0.0,1
Mung,2015-16,Mymensingh,2017,202.0,,,85.0,1
Mung,2015-16,Naogaon,2017,185.0,,,76.0,1
Mung,2015-16,Narail,2017,211.0,,,63.0,1
Mung,2015-16,Narayanganj,2017,34.0,,,13.0,1
Mung,2015-16,Narsingdi,2017,41.0,,,13.0,1
Mung,2015-16,Natore,2017,22650.0,,,7742.0,1
Mung,2015-16,Netrakona,2017,14.0,,,3.0,1
Mung,2015-16,Nilphamari,2017,9.0,,,7.0,1
Mung,2015-16,Noakhali,2017,2651.0,,,912.0,1
Mung,2015-16,Pabna,2017,456.0,,,164.0,1
Mung,2015-16,Panchagarh,2017,221.0,,,93.0,1
Mung,2015-16,Patuakhali,2017,13917.0,,,2232.0,1
Mung,2015-16,Pirojpur,2017,582.0,,,176.0,1
Mung,2015-16,Rajbari,2017,195.0,,,76.0,1
Mung,2015-16,Rajshahi,2017,10966.0,,,5511.0,1
Mung,2015-16,Rangamati,2017,0.0,,,0.0,1
Mung,2015-16,Rangpur,2017,89.0,,,45.0,1
Mung,2015-16,Satkhira,2017,26.0,,,7.0,1
Mung,2015-16,Shariatpur,2017,279.0,,,113.0,1
Mung,2015-16,Sherpur,2017,9.0,,,3.0,1
Mung,2015-16,Sirajganj,2017,0.0,,,0.0,1
Mung,2015-16,Sunamganj,2017,0.0,,,0.0,1
Mung,2015-16,Sylhet,2017,0.0,,,0.0,1
Mung,2015-16,Tangail,2017,0.0,,,0.0,1
Mung,2015-16,Thakurgaon,2017,180.0,,,54.0,1
Mustard,2013-14,Bagerhat,2017,1508.0,,,536.0,1
Mustard,2013-14,Bandarban,2017,287.0,,,85.0,1
Mustard,2013-14,Barguna,2017,68.0,,,10.0,1
Mustard,2013-14,Barishal,2017,1735.0,,,482.0,1
Mustard,2013-14,Bhola,2017,985.0,,,409.0,1
Mustard,2013-14,Bogura,2017,48581.0,,,23610.0,1
Mustard,2013-14,Brahmanbaria,2017,13987.0,,,4784.0,1
Mustard,2013-14,Chandpur,2017,3348.0,,,1390.0,1
Mustard,2013-14,Chapainababganj,2017,13195.0,,,4302.0,1
Mustard,2013-14,Chattogram,2017,340.0,,,197.0,1
Mustard,2013-14,Chuadanga,2017,7476.0,,,4158.0,1
Mustard,2013-14,Cox's Bazar,2017,350.0,,,188.0,1
Mustard,2013-14,Cumilla,2017,10011.0,,,4805.0,1
Mustard,2013-14,Dhaka,2017,29814.0,,,11508.0,1
Mustard,2013-14,Dinajpur,2017,0.0,,,0.0,1
Mustard,2013-14,Faridpur,2017,21335.0,,,6325.0,1
Mustard,2013-14,Feni,2017,431.0,,,99.0,1
Mustard,2013-14,Gaibandha,2017,4367.0,,,1711.0,1
Mustard,2013-14,Gazipur,2017,4022.0,,,1151.0,1
Mustard,2013-14,Gopalganj,2017,12605.0,,,3365.0,1
Mustard,2013-14,Habiganj,2017,383.0,,,110.0,1
Mustard,2013-14,Jamalpur,2017,2162.0,,,6978.0,1
Mustard,2013-14,Jashore,2017,26675.0,,,10376.0,1
Mustard,2013-14,Jhalokati,2017,296.0,,,49.0,1
Mustard,2013-14,Jhenaidah,2017,7754.0,,,3163.0,1
Mustard,2013-14,Joypurhat,2017,5463.0,,,2616.0,1
Mustard,2013-14,Khagrachhari,2017,330.0,,,113.0,1
Mustard,2013-14,Khulna,2017,572.0,,,163.0,1
Mustard,2013-14,Kishoreganj,2017,2706.0,,,1120.0,1
Mustard,2013-14,Kurigram,2017,5537.0,,,1767.0,1
Mustard,2013-14,Kushtia,2017,6720.0,,,4320.0,1
Mustard,2013-14,Lakshmipur,2017,152.0,,,47.0,1
Mustard,2013-14,Lalmonirhat,2017,1428.0,,,526.0,1
Mustard,2013-14,Madaripur,2017,12436.0,,,5329.0,1
Mustard,2013-14,Magura,2017,10863.0,,,3388.0,1
Mustard,2013-14,Manikganj,2017,36250.0,,,18596.0,1
Mustard,2013-14,Meherpur,2017,11955.0,,,6652.0,1
Mustard,2013-14,Moulvibazar,2017,157.0,,,57.0,1
Mustard,2013-14,Munshiganj,2017,3842.0,,,2282.0,1
Mustard,2013-14,Mymensingh,2017,4484.0,,,1395.0,1
Mustard,2013-14,Naogaon,2017,51287.0,,,25028.0,1
Mustard,2013-14,Narail,2017,8046.0,,,2155.0,1
Mustard,2013-14,Narayanganj,2017,2662.0,,,1025.0,1
Mustard,2013-14,Narsingdi,2017,3992.0,,,1430.0,1
Mustard,2013-14,Natore,2017,7177.0,,,2556.0,1
Mustard,2013-14,Netrakona,2017,2391.0,,,1033.0,1
Mustard,2013-14,Nilphamari,2017,1251.0,,,613.0,1
Mustard,2013-14,Noakhali,2017,46.0,,,9.0,1
Mustard,2013-14,Pabna,2017,14810.0,,,5812.0,1
Mustard,2013-14,Panchagarh,2017,1322.0,,,559.0,1
Mustard,2013-14,Patuakhali,2017,175.0,,,10.0,1
Mustard,2013-14,Pirojpur,2017,57.0,,,19.0,1
Mustard,2013-14,Rajbari,2017,7435.0,,,2509.0,1
Mustard,2013-14,Rajshahi,2017,46549.0,,,21365.0,1
Mustard,2013-14,Rangamati,2017,514.0,,,236.0,1
Mustard,2013-14,Rangpur,2017,3012.0,,,1031.0,1
Mustard,2013-14,Satkhira,2017,3234.0,,,1049.0,1
Mustard,2013-14,Shariatpur,2017,10212.0,,,5198.0,1
Mustard,2013-14,Sherpur,2017,3656.0,,,1653.0,1
Mustard,2013-14,Sirajganj,2017,143535.0,,,44293.0,1
Mustard,2013-14,Sunamganj,2017,517.0,,,175.0,1
Mustard,2013-14,Sylhet,2017,1402.0,,,654.0,1
Mustard,2013-14,Tangail,2017,75250.0,,,21371.0,1
Mustard,2013-14,Thakurgaon,2017,7720.0,,,2825.0,1
Mustard,2014-15,Bagerhat,2017,1708.0,,,613.0,1
Mustard,2014-15,Bandarban,2017,332.0,,,85.0,1
Mustard,2014-15,Barguna,2017,0.0,,,0.0,1
Mustard,2014-15,Barishal,2017,1251.0,,,477.0,1
Mustard,2014-15,Bhola,2017,1046.0,,,445.0,1
Mustard,2014-15,Bogura,2017,52023.0,,,25283.0,1
Mustard,2014-15,Brahmanbaria,2017,27974.0,,,19975.0,1
Mustard,2014-15,Chandpur,2017,2008.0,,,1114.0,1
Mustard,2014-15,Chapainababganj,2017,14913.0,,,5151.0,1
Mustard,2014-15,Chattogram,2017,789.0,,,206.0,1
Mustard,2014-15,Chuadanga,2017,6833.0,,,4041.0,1
Mustard,2014-15,Cox's Bazar,2017,377.0,,,226.0,1
Mustard,2014-15,Cumilla,2017,10248.0,,,4960.0,1
Mustard,2014-15,Dhaka,2017,29455.0,,,11305.0,1
Mustard,2014-15,Dinajpur,2017,22729.0,,,11731.0,1
Mustard,2014-15,Faridpur,2017,20440.0,,,6568.0,1
Mustard,2014-15,Feni,2017,503.0,,,115.0,1
Mustard,2014-15,Gaibandha,2017,0.0,,,0.0,1
Mustard,2014-15,Gazipur,2017,5178.0,,,1425.0,1
Mustard,2014-15,Gopalganj,2017,8537.0,,,2824.0,1
Mustard,2014-15,Habiganj,2017,1050.0,,,1015.0,1
Mustard,2014-15,Jamalpur,2017,18967.0,,,7574.0,1
Mustard,2014-15,Jashore,2017,26858.0,,,10966.0,1
Mustard,2014-15,Jhalokati,2017,583.0,,,185.0,1
Mustard,2014-15,Jhenaidah,2017,12241.0,,,5256.0,1
Mustard,2014-15,Joypurhat,2017,2326.0,,,1533.0,1
Mustard,2014-15,Khagrachhari,2017,341.0,,,117.0,1
Mustard,2014-15,Khulna,2017,691.0,,,216.0,1
Mustard,2014-15,Kishoreganj,2017,2591.0,,,1157.0,1
Mustard,2014-15,Kurigram,2017,12569.0,,,6033.0,1
Mustard,2014-15,Kushtia,2017,6788.0,,,3808.0,1
Mustard,2014-15,Lakshmipur,2017,242.0,,,80.0,1
Mustard,2014-15,Lalmonirhat,2017,1603.0,,,830.0,1
Mustard,2014-15,Madaripur,2017,12370.0,,,5430.0,1
Mustard,2014-15,Magura,2017,10258.0,,,5982.0,1
Mustard,2014-15,Manikganj,2017,43327.0,,,15557.0,1
Mustard,2014-15,Meherpur,2017,14570.0,,,8104.0,1
Mustard,2014-15,Moulvibazar,2017,447.0,,,1772.0,1
Mustard,2014-15,Munshiganj,2017,4085.0,,,847.0,1
Mustard,2014-15,Mymensingh,2017,4201.0,,,1662.0,1
Mustard,2014-15,Naogaon,2017,49776.0,,,25372.0,1
Mustard,2014-15,Narail,2017,7880.0,,,2217.0,1
Mustard,2014-15,Narayanganj,2017,2774.0,,,1060.0,1
Mustard,2014-15,Narsingdi,2017,3999.0,,,1488.0,1
Mustard,2014-15,Natore,2017,8571.0,,,4165.0,1
Mustard,2014-15,Netrakona,2017,2745.0,,,1267.0,1
Mustard,2014-15,Nilphamari,2017,1372.0,,,692.0,1
Mustard,2014-15,Noakhali,2017,54.0,,,13.0,1
Mustard,2014-15,Pabna,2017,31449.0,,,16640.0,1
Mustard,2014-15,Panchagarh,2017,2169.0,,,932.0,1
Mustard,2014-15,Patuakhali,2017,117.0,,,27.0,1
Mustard,2014-15,Pirojpur,2017,65.0,,,14.0,1
Mustard,2014-15,Rajbari,2017,5992.0,,,2055.0,1
Mustard,2014-15,Rajshahi,2017,41946.0,,,21505.0,1
Mustard,2014-15,Rangamati,2017,505.0,,,271.0,1
Mustard,2014-15,Rangpur,2017,4152.0,,,1994.0,1
Mustard,2014-15,Satkhira,2017,14309.0,,,6417.0,1
Mustard,2014-15,Shariatpur,2017,12592.0,,,6867.0,1
Mustard,2014-15,Sherpur,2017,4224.0,,,1719.0,1
Mustard,2014-15,Sirajganj,2017,140797.0,,,56508.0,1
Mustard,2014-15,Sunamganj,2017,1021.0,,,694.0,1
Mustard,2014-15,Sylhet,2017,2133.0,,,2310.0,1
Mustard,2014-15,Tangail,2017,66426.0,,,24408.0,1
Mustard,2014-15,Thakurgaon,2017,15362.0,,,6145.0,1
Mustard,2015-16,Bagerhat,2017,1702.0,,,641.0,1
Mustard,2015-16,Bandarban,2017,316.0,,,80.0,1
Mustard,2015-16,Barguna,2017,97.0,,,60.0,1
Mustard,2015-16,Barishal,2017,2126.0,,,826.0,1
Mustard,2015-16,Bhola,2017,1779.0,,,735.0,1
Mustard,2015-16,Bogura,2017,53281.0,,,26072.0,1
Mustard,2015-16,Brahmanbaria,2017,26423.0,,,17780.0,1
Mustard,2015-16,Chandpur,2017,3664.0,,,1603.0,1
Mustard,2015-16,Chapainababganj,2017,19111.0,,,6519.0,1
Mustard,2015-16,Chattogram,2017,794.0,,,210.0,1
Mustard,2015-16,Chuadanga,2017,4981.0,,,2966.0,1
Mustard,2015-16,Cox's Bazar,2017,381.0,,,111.0,1
Mustard,2015-16,Cumilla,2017,10060.0,,,4858.0,1
Mustard,2015-16,Dhaka,2017,22630.0,,,10157.0,1
Mustard,2015-16,Dinajpur,2017,5149.0,,,16395.0,1
Mustard,2015-16,Faridpur,2017,19719.0,,,6325.0,1
Mustard,2015-16,Feni,2017,496.0,,,204.0,1
Mustard,2015-16,Gaibandha,2017,3400.0,,,1600.0,1
Mustard,2015-16,Gazipur,2017,3964.0,,,1047.0,1
Mustard,2015-16,Gopalganj,2017,8955.0,,,2998.0,1
Mustard,2015-16,Habiganj,2017,2080.0,,,834.0,1
Mustard,2015-16,Jamalpur,2017,19184.0,,,7831.0,1
Mustard,2015-16,Jashore,2017,26323.0,,,10230.0,1
Mustard,2015-16,Jhalokati,2017,564.0,,,180.0,1
Mustard,2015-16,Jhenaidah,2017,8387.0,,,3653.0,1
Mustard,2015-16,Joypurhat,2017,6078.0,,,3999.0,1
Mustard,2015-16,Khagrachhari,2017,156.0,,,62.0,1
Mustard,2015-16,Khulna,2017,712.0,,,254.0,1
Mustard,2015-16,Kishoreganj,2017,2657.0,,,1333.0,1
Mustard,2015-16,Kurigram,2017,13684.0,,,6566.0,1
Mustard,2015-16,Kushtia,2017,6749.0,,,3874.0,1
Mustard,2015-16,Lakshmipur,2017,228.0,,,74.0,1
Mustard,2015-16,Lalmonirhat,2017,1905.0,,,982.0,1
Mustard,2015-16,Madaripur,2017,26750.0,,,11090.0,1
Mustard,2015-16,Magura,2017,12677.0,,,4234.0,1
Mustard,2015-16,Manikganj,2017,47448.0,,,20200.0,1
Mustard,2015-16,Meherpur,2017,14325.0,,,7732.0,1
Mustard,2015-16,Moulvibazar,2017,737.0,,,2356.0,1
Mustard,2015-16,Munshiganj,2017,3645.0,,,1295.0,1
Mustard,2015-16,Mymensingh,2017,4244.0,,,1688.0,1
Mustard,2015-16,Naogaon,2017,51303.0,,,26999.0,1
Mustard,2015-16,Narail,2017,7898.0,,,2648.0,1
Mustard,2015-16,Narayanganj,2017,1906.0,,,730.0,1
Mustard,2015-16,Narsingdi,2017,3445.0,,,1475.0,1
Mustard,2015-16,Natore,2017,6016.0,,,358.0,1
Mustard,2015-16,Netrakona,2017,2537.0,,,1251.0,1
Mustard,2015-16,Nilphamari,2017,2105.0,,,1243.0,1
Mustard,2015-16,Noakhali,2017,47.0,,,12.0,1
Mustard,2015-16,Pabna,2017,42336.0,,,15565.0,1
Mustard,2015-16,Panchagarh,2017,2743.0,,,1253.0,1
Mustard,2015-16,Patuakhali,2017,117.0,,,29.0,1
Mustard,2015-16,Pirojpur,2017,79.0,,,17.0,1
Mustard,2015-16,Rajbari,2017,5583.0,,,1891.0,1
Mustard,2015-16,Rajshahi,2017,40701.0,,,19270.0,1
Mustard,2015-16,Rangamati,2017,519.0,,,284.0,1
Mustard,2015-16,Rangpur,2017,4784.0,,,2333.0,1
Mustard,2015-16,Satkhira,2017,0.0,,,0.0,1
Mustard,2015-16,Shariatpur,2017,18657.0,,,8370.0,1
Mustard,2015-16,Sherpur,2017,5187.0,,,2127.0,1
Mustard,2015-16,Sirajganj,2017,122782.0,,,52504.0,1
Mustard,2015-16,Sunamganj,2017,1305.0,,,513.0,1
Mustard,2015-16,Sylhet,2017,2746.0,,,1703.0,1
Mustard,2015-16,Tangail,2017,61365.0,,,25146.0,1
Mustard,2015-16,Thakurgaon,2017,15303.0,,,6534.0,1
Onion,2013-14,Bagerhat,2017,318.0,,,602.0,1
Onion,2013-14,Bandarban,2017,128.0,,,175.0,1
Onion,2013-14,Barguna,2017,80.0,,,62.0,1
Onion,2013-14,Barishal,2017,366.0,,,436.0,1
Onion,2013-14,Bhola,2017,1555.0,,,2616.0,1
Onion,2013-14,Bogura,2017,5934.0,,,15311.0,1
Onion,2013-14,Brahmanbaria,2017,1305.0,,,2708.0,1
Onion,2013-14,Chandpur,2017,2338.0,,,5005.0,1
Onion,2013-14,Chapainababganj,2017,6716.0,,,21743.0,1
Onion,2013-14,Chattogram,2017,145.0,,,199.0,1
Onion,2013-14,Chuadanga,2017,1576.0,,,7557.0,1
Onion,2013-14,Cox's Bazar,2017,167.0,,,237.0,1
Onion,2013-14,Cumilla,2017,727.0,,,1951.0,1
Onion,2013-14,Dhaka,2017,1273.0,,,4519.0,1
Onion,2013-14,Dinajpur,2017,5739.0,,,12598.0,1
Onion,2013-14,Faridpur,2017,53411.0,,,214508.0,1
Onion,2013-14,Feni,2017,29.0,,,27.0,1
Onion,2013-14,Gaibandha,2017,2561.0,,,2812.0,1
Onion,2013-14,Gazipur,2017,404.0,,,673.0,1
Onion,2013-14,Gopalganj,2017,4142.0,,,12461.0,1
Onion,2013-14,Habiganj,2017,175.0,,,343.0,1
Onion,2013-14,Jamalpur,2017,4008.0,,,10871.0,1
Onion,2013-14,Jashore,2017,3112.0,,,12748.0,1
Onion,2013-14,Jhalokati,2017,80.0,,,100.0,1
Onion,2013-14,Jhenaidah,2017,13115.0,,,50366.0,1
Onion,2013-14,Joypurhat,2017,2058.0,,,5880.0,1
Onion,2013-14,Khagrachhari,2017,50.0,,,88.0,1
Onion,2013-14,Khulna,2017,333.0,,,816.0,1
Onion,2013-14,Kishoreganj,2017,1281.0,,,3844.0,1
Onion,2013-14,Kurigram,2017,1399.0,,,4144.0,1
Onion,2013-14,Kushtia,2017,21572.0,,,72605.0,1
Onion,2013-14,Lakshmipur,2017,350.0,,,840.0,1
Onion,2013-14,Lalmonirhat,2017,1158.0,,,4336.0,1
Onion,2013-14,Madaripur,2017,3723.0,,,13974.0,1
Onion,2013-14,Magura,2017,8618.0,,,28155.0,1
Onion,2013-14,Manikganj,2017,18350.0,,,43985.0,1
Onion,2013-14,Meherpur,2017,3734.0,,,40872.0,1
Onion,2013-14,Moulvibazar,2017,100.0,,,142.0,1
Onion,2013-14,Munshiganj,2017,549.0,,,995.0,1
Onion,2013-14,Mymensingh,2017,1741.0,,,3780.0,1
Onion,2013-14,Naogaon,2017,8436.0,,,33060.0,1
Onion,2013-14,Narail,2017,1335.0,,,4235.0,1
Onion,2013-14,Narayanganj,2017,228.0,,,2987.0,1
Onion,2013-14,Narsingdi,2017,399.0,,,739.0,1
Onion,2013-14,Natore,2017,6630.0,,,27776.0,1
Onion,2013-14,Netrakona,2017,676.0,,,1953.0,1
Onion,2013-14,Nilphamari,2017,1979.0,,,6517.0,1
Onion,2013-14,Noakhali,2017,413.0,,,635.0,1
Onion,2013-14,Pabna,2017,84636.0,,,329955.0,1
Onion,2013-14,Panchagarh,2017,2921.0,,,7668.0,1
Onion,2013-14,Patuakhali,2017,95.0,,,71.0,1
Onion,2013-14,Pirojpur,2017,35.0,,,38.0,1
Onion,2013-14,Rajbari,2017,44100.0,,,158430.0,1
Onion,2013-14,Rajshahi,2017,27387.0,,,152161.0,1
Onion,2013-14,Rangamati,2017,96.0,,,168.0,1
Onion,2013-14,Rangpur,2017,4330.0,,,11852.0,1
Onion,2013-14,Satkhira,2017,1170.0,,,3574.0,1
Onion,2013-14,Shariatpur,2017,6289.0,,,19930.0,1
Onion,2013-14,Sherpur,2017,1106.0,,,3192.0,1
Onion,2013-14,Sirajganj,2017,2646.0,,,10017.0,1
Onion,2013-14,Sunamganj,2017,123.0,,,266.0,1
Onion,2013-14,Sylhet,2017,181.0,,,191.0,1
Onion,2013-14,Tangail,2017,1974.0,,,4023.0,1
Onion,2013-14,Thakurgaon,2017,1256.0,,,2442.0,1
Onion,2014-15,Bagerhat,2017,322.0,,,677.0,1
Onion,2014-15,Bandarban,2017,118.0,,,173.0,1
Onion,2014-15,Barguna,2017,108.0,,,127.0,1
Onion,2014-15,Barishal,2017,514.0,,,458.0,1
Onion,2014-15,Bhola,2017,1606.0,,,2855.0,1
Onion,2014-15,Bogura,2017,5186.0,,,13023.0,1
Onion,2014-15,Brahmanbaria,2017,1494.0,,,3122.0,1
Onion,2014-15,Chandpur,2017,2099.0,,,5216.0,1
Onion,2014-15,Chapainababganj,2017,6487.0,,,21210.0,1
Onion,2014-15,Chattogram,2017,154.0,,,216.0,1
Onion,2014-15,Chuadanga,2017,1832.0,,,10320.0,1
Onion,2014-15,Cox's Bazar,2017,161.0,,,221.0,1
Onion,2014-15,Cumilla,2017,677.0,,,1888.0,1
Onion,2014-15,Dhaka,2017,1287.0,,,6355.0,1
Onion,2014-15,Dinajpur,2017,5692.0,,,18617.0,1
Onion,2014-15,Faridpur,2017,78908.0,,,376651.0,1
Onion,2014-15,Feni,2017,31.0,,,25.0,1
Onion,2014-15,Gaibandha,2017,2232.0,,,6782.0,1
Onion,2014-15,Gazipur,2017,400.0,,,734.0,1
Onion,2014-15,Gopalganj,2017,4472.0,,,14238.0,1
Onion,2014-15,Habiganj,2017,229.0,,,616.0,1
Onion,2014-15,Jamalpur,2017,4008.0,,,10871.0,1
Onion,2014-15,Jashore,2017,3160.0,,,13082.0,1
Onion,2014-15,Jhalokati,2017,72.0,,,82.0,1
Onion,2014-15,Jhenaidah,2017,13021.0,,,50982.0,1
Onion,2014-15,Joypurhat,2017,2066.0,,,5847.0,1
Onion,2014-15,Khagrachhari,2017,54.0,,,94.0,1
Onion,2014-15,Khulna,2017,368.0,,,886.0,1
Onion,2014-15,Kishoreganj,2017,1294.0,,,4015.0,1
Onion,2014-15,Kurigram,2017,1598.0,,,3711.0,1
Onion,2014-15,Kushtia,2017,21714.0,,,90562.0,1
Onion,2014-15,Lakshmipur,2017,516.0,,,908.0,1
Onion,2014-15,Lalmonirhat,2017,1206.0,,,3736.0,1
Onion,2014-15,Madaripur,2017,5310.0,,,23534.0,1
Onion,2014-15,Magura,2017,12109.0,,,53556.0,1
Onion,2014-15,Manikganj,2017,16425.0,,,43187.0,1
Onion,2014-15,Meherpur,2017,4115.0,,,45913.0,1
Onion,2014-15,Moulvibazar,2017,79.0,,,157.0,1
Onion,2014-15,Munshiganj,2017,332.0,,,645.0,1
Onion,2014-15,Mymensingh,2017,1646.0,,,4358.0,1
Onion,2014-15,Naogaon,2017,8678.0,,,33404.0,1
Onion,2014-15,Narail,2017,1589.0,,,4765.0,1
Onion,2014-15,Narayanganj,2017,618.0,,,1413.0,1
Onion,2014-15,Narsingdi,2017,396.0,,,749.0,1
Onion,2014-15,Natore,2017,6619.0,,,18560.0,1
Onion,2014-15,Netrakona,2017,707.0,,,1887.0,1
Onion,2014-15,Nilphamari,2017,2397.0,,,9368.0,1
Onion,2014-15,Noakhali,2017,403.0,,,610.0,1
Onion,2014-15,Pabna,2017,98613.0,,,400284.0,1
Onion,2014-15,Panchagarh,2017,3001.0,,,9594.0,1
Onion,2014-15,Patuakhali,2017,111.0,,,89.0,1
Onion,2014-15,Pirojpur,2017,39.0,,,43.0,1
Onion,2014-15,Rajbari,2017,49625.0,,,184950.0,1
Onion,2014-15,Rajshahi,2017,25393.0,,,147367.0,1
Onion,2014-15,Rangamati,2017,96.0,,,170.0,1
Onion,2014-15,Rangpur,2017,4385.0,,,14294.0,1
Onion,2014-15,Satkhira,2017,1014.0,,,3319.0,1
Onion,2014-15,Shariatpur,2017,6176.0,,,19880.0,1
Onion,2014-15,Sherpur,2017,1106.0,,,3192.0,1
Onion,2014-15,Sirajganj,2017,1788.0,,,4203.0,1
Onion,2014-15,Sunamganj,2017,212.0,,,615.0,1
Onion,2014-15,Sylhet,2017,87.0,,,107.0,1
Onion,2014-15,Tangail,2017,1970.0,,,4020.0,1
Onion,2014-15,Thakurgaon,2017,997.0,,,1869.0,1
Onion,2015-16,Bagerhat,2017,333.0,,,717.0,1
Onion,2015-16,Bandarban,2017,118.0,,,175.0,1
Onion,2015-16,Barguna,2017,108.0,,,124.0,1
Onion,2015-16,Barishal,2017,553.0,,,541.0,1
Onion,2015-16,Bhola,2017,1789.0,,,3209.0,1
Onion,2015-16,Bogura,2017,4630.0,,,11167.0,1
Onion,2015-16,Brahmanbaria,2017,1415.0,,,2918.0,1
Onion,2015-16,Chandpur,2017,1724.0,,,4318.0,1
Onion,2015-16,Chapainababganj,2017,6637.0,,,24153.0,1
Onion,2015-16,Chattogram,2017,162.0,,,235.0,1
Onion,2015-16,Chuadanga,2017,1588.0,,,9030.0,1
Onion,2015-16,Cox's Bazar,2017,171.0,,,289.0,1
Onion,2015-16,Cumilla,2017,616.0,,,1767.0,1
Onion,2015-16,Dhaka,2017,1306.0,,,6446.0,1
Onion,2015-16,Dinajpur,2017,6129.0,,,20904.0,1
Onion,2015-16,Faridpur,2017,72721.0,,,290417.0,1
Onion,2015-16,Feni,2017,32.0,,,25.0,1
Onion,2015-16,Gaibandha,2017,2251.0,,,6487.0,1
Onion,2015-16,Gazipur,2017,401.0,,,754.0,1
Onion,2015-16,Gopalganj,2017,5057.0,,,14723.0,1
Onion,2015-16,Habiganj,2017,223.0,,,619.0,1
Onion,2015-16,Jamalpur,2017,3900.0,,,10721.0,1
Onion,2015-16,Jashore,2017,3230.0,,,13307.0,1
Onion,2015-16,Jhalokati,2017,70.0,,,96.0,1
Onion,2015-16,Jhenaidah,2017,13021.0,,,53701.0,1
Onion,2015-16,Joypurhat,2017,1913.0,,,5483.0,1
Onion,2015-16,Khagrachhari,2017,55.0,,,82.0,1
Onion,2015-16,Khulna,2017,318.0,,,672.0,1
Onion,2015-16,Kishoreganj,2017,1278.0,,,3995.0,1
Onion,2015-16,Kurigram,2017,1410.0,,,3197.0,1
Onion,2015-16,Kushtia,2017,25376.0,,,109645.0,1
Onion,2015-16,Lakshmipur,2017,463.0,,,795.0,1
Onion,2015-16,Lalmonirhat,2017,1152.0,,,3642.0,1
Onion,2015-16,Madaripur,2017,9214.0,,,42977.0,1
Onion,2015-16,Magura,2017,13656.0,,,54327.0,1
Onion,2015-16,Manikganj,2017,18066.0,,,48146.0,1
Onion,2015-16,Meherpur,2017,7420.0,,,68720.0,1
Onion,2015-16,Moulvibazar,2017,79.0,,,157.0,1
Onion,2015-16,Munshiganj,2017,507.0,,,938.0,1
Onion,2015-16,Mymensingh,2017,1508.0,,,4012.0,1
Onion,2015-16,Naogaon,2017,7767.0,,,28647.0,1
Onion,2015-16,Narail,2017,1610.0,,,4907.0,1
Onion,2015-16,Narayanganj,2017,652.0,,,1373.0,1
Onion,2015-16,Narsingdi,2017,383.0,,,702.0,1
Onion,2015-16,Natore,2017,6582.0,,,18835.0,1
Onion,2015-16,Netrakona,2017,770.0,,,2006.0,1
Onion,2015-16,Nilphamari,2017,2152.0,,,7925.0,1
Onion,2015-16,Noakhali,2017,389.0,,,579.0,1
Onion,2015-16,Pabna,2017,105980.0,,,415372.0,1
Onion,2015-16,Panchagarh,2017,3005.0,,,9816.0,1
Onion,2015-16,Patuakhali,2017,105.0,,,89.0,1
Onion,2015-16,Pirojpur,2017,44.0,,,53.0,1
Onion,2015-16,Rajbari,2017,53325.0,,,227368.0,1
Onion,2015-16,Rajshahi,2017,27216.0,,,142095.0,1
Onion,2015-16,Rangamati,2017,98.0,,,171.0,1
Onion,2015-16,Rangpur,2017,4489.0,,,14690.0,1
Onion,2015-16,Satkhira,2017,1078.0,,,3501.0,1
Onion,2015-16,Shariatpur,2017,6180.0,,,19488.0,1
Onion,2015-16,Sherpur,2017,1173.0,,,3378.0,1
Onion,2015-16,Sirajganj,2017,1675.0,,,3975.0,1
Onion,2015-16,Sunamganj,2017,263.0,,,623.0,1
Onion,2015-16,Sylhet,2017,138.0,,,109.0,1
Onion,2015-16,Tangail,2017,1852.0,,,4013.0,1
Onion,2015-16,Thakurgaon,2017,880.0,,,1988.0,1
Potato,2014-15,Bagerhat,2017,1814.0,734.0,14.156,10392.0,1
Potato,2014-15,Bandarban,2017,830.0,336.0,9.822,3299.0,1
Potato,2014-15,Barguna,2017,2215.0,896.0,17.494,15681.0,1
Potato,2014-15,Barishal,2017,1381.0,559.0,20.28,11334.0,1
Potato,2014-15,Bhola,2017,14415.0,5833.0,21.435,125038.0,1
Potato,2014-15,Bogura,2017,141578.0,57294.0,17.28,990012.0,1
Potato,2014-15,Brahmanbaria,2017,5551.0,2246.0,12.979,29155.0,1
Potato,2014-15,Chandpur,2017,32215.0,13037.0,21.162,275878.0,1
Potato,2014-15,Chapainababganj,2017,3337.0,1350.0,19.018,25682.0,1
Potato,2014-15,Chattogram,2017,9274.0,3753.0,13.634,51170.0,1
Potato,2014-15,Chuadanga,2017,3832.0,1551.0,20.611,31962.0,1
Potato,2014-15,Cox's Bazar,2017,2131.0,862.0,9.324,8041.0,1
Potato,2014-15,Cumilla,2017,35946.0,14547.0,19.805,288098.0,1
Potato,2014-15,Dhaka,2017,6537.0,2645.0,19.653,51989.0,1
Potato,2014-15,Dinajpur,2017,109336.0,44246.0,19.03,841979.0,1
Potato,2014-15,Faridpur,2017,711.0,288.0,18.374,5287.0,1
Potato,2014-15,Feni,2017,493.0,200.0,12.664,2526.0,1
Potato,2014-15,Gaibandha,2017,23438.0,9485.0,16.227,153908.0,1
Potato,2014-15,Gazipur,2017,679.0,275.0,12.138,3335.0,1
Potato,2014-15,Gopalganj,2017,480.0,194.0,19.124,3715.0,1
Potato,2014-15,Habiganj,2017,4996.0,2022.0,10.533,21295.0,1
Potato,2014-15,Jamalpur,2017,11132.0,4505.0,17.684,79663.0,1
Potato,2014-15,Jashore,2017,7822.0,3165.0,22.982,72745.0,1
Potato,2014-15,Jhalokati,2017,554.0,224.0,15.052,3374.0,1
Potato,2014-15,Jhenaidah,2017,4210.0,1704.0,20.223,34453.0,1
Potato,2014-15,Joypurhat,2017,82560.0,33410.0,21.077,704203.0,1
Potato,2014-15,Khagrachhari,2017,1273.0,515.0,9.54,4915.0,1
Potato,2014-15,Khulna,2017,1620.0,656.0,12.984,8512.0,1
Potato,2014-15,Kishoreganj,2017,10223.0,4137.0,12.789,52907.0,1
Potato,2014-15,Kurigram,2017,18128.0,7336.0,20.392,149593.0,1
Potato,2014-15,Kushtia,2017,5235.0,2118.0,21.284,45091.0,1
Potato,2014-15,Lakshmipur,2017,884.0,358.0,10.834,3876.0,1
Potato,2014-15,Lalmonirhat,2017,11030.0,4464.0,16.283,72682.0,1
Potato,2014-15,Madaripur,2017,1578.0,639.0,17.802,11368.0,1
Potato,2014-15,Magura,2017,212.0,86.0,15.268,1310.0,1
Potato,2014-15,Manikganj,2017,5460.0,2210.0,20.64,45605.0,1
Potato,2014-15,Meherpur,2017,3328.0,1347.0,23.481,31624.0,1
Potato,2014-15,Moulvibazar,2017,3167.0,1282.0,11.382,14587.0,1
Potato,2014-15,Munshiganj,2017,92365.0,37378.0,32.741,1223810.0,1
Potato,2014-15,Mymensingh,2017,11294.0,4570.0,9.603,43888.0,1
Potato,2014-15,Naogaon,2017,49033.0,19843.0,16.565,328686.0,1
Potato,2014-15,Narail,2017,102.0,41.0,14.219,587.0,1
Potato,2014-15,Narayanganj,2017,6661.0,2696.0,23.145,62389.0,1
Potato,2014-15,Narsingdi,2017,2397.0,970.0,13.628,13220.0,1
Potato,2014-15,Natore,2017,2430.0,983.0,17.393,17104.0,1
Potato,2014-15,Netrakona,2017,3376.0,1366.0,8.142,11123.0,1
Potato,2014-15,Nilphamari,2017,53856.0,21794.0,18.297,398780.0,1
Potato,2014-15,Noakhali,2017,456.0,185.0,10.882,2008.0,1
Potato,2014-15,Pabna,2017,3002.0,1215.0,11.346,13784.0,1
Potato,2014-15,Panchagarh,2017,26199.0,10602.0,13.844,146779.0,1
Potato,2014-15,Patuakhali,2017,1212.0,490.0,15.422,7564.0,1
Potato,2014-15,Pirojpur,2017,2696.0,1091.0,11.547,12597.0,1
Potato,2014-15,Rajbari,2017,363.0,147.0,18.404,2703.0,1
Potato,2014-15,Rajshahi,2017,89884.0,36374.0,21.032,765013.0,1
Potato,2014-15,Rangamati,2017,949.0,384.0,9.595,3685.0,1
Potato,2014-15,Rangpur,2017,125832.0,50921.0,20.459,1041781.0,1
Potato,2014-15,Satkhira,2017,8686.0,3515.0,17.49,61476.0,1
Potato,2014-15,Shariatpur,2017,3615.0,1463.0,22.062,32275.0,1
Potato,2014-15,Sherpur,2017,11952.0,4837.0,17.854,86354.0,1
Potato,2014-15,Sirajganj,2017,6953.0,2814.0,12.481,35119.0,1
Potato,2014-15,Sunamganj,2017,1225.0,496.0,9.442,4681.0,1
Potato,2014-15,Sylhet,2017,2735.0,1107.0,9.931,10991.0,1
Potato,2014-15,Tangail,2017,8571.0,3468.0,13.049,45260.0,1
Potato,2014-15,Thakurgaon,2017,78472.0,31756.0,18.779,596345.0,1
Potato,2015-16,Bagerhat,2017,1606.0,650.0,14.769,9599.0,1
Potato,2015-16,Bandarban,2017,899.0,364.0,10.058,3659.0,1
Potato,2015-16,Barguna,2017,2147.0,869.0,18.141,15761.0,1
Potato,2015-16,Barishal,2017,1661.0,672.0,19.607,13179.0,1
Potato,2015-16,Bhola,2017,14017.0,5672.0,21.272,120664.0,1
Potato,2015-16,Bogura,2017,146604.0,59327.0,18.47,1095760.0,1
Potato,2015-16,Brahmanbaria,2017,5459.0,2209.0,13.043,28814.0,1
Potato,2015-16,Chandpur,2017,32041.0,12966.0,22.537,292220.0,1
Potato,2015-16,Chapainababganj,2017,3663.0,1482.0,18.539,27480.0,1
Potato,2015-16,Chattogram,2017,8783.0,3554.0,12.991,46174.0,1
Potato,2015-16,Chuadanga,2017,3964.0,1604.0,21.072,33803.0,1
Potato,2015-16,Cox's Bazar,2017,2198.0,889.0,10.123,9004.0,1
Potato,2015-16,Cumilla,2017,35861.0,14512.0,19.717,286142.0,1
Potato,2015-16,Dhaka,2017,5739.0,2322.0,20.309,47167.0,1
Potato,2015-16,Dinajpur,2017,109415.0,44278.0,18.995,841040.0,1
Potato,2015-16,Faridpur,2017,580.0,235.0,23.398,5492.0,1
Potato,2015-16,Feni,2017,480.0,194.0,12.521,2432.0,1
Potato,2015-16,Gaibandha,2017,23640.0,9567.0,16.291,155849.0,1
Potato,2015-16,Gazipur,2017,679.0,275.0,13.269,3646.0,1
Potato,2015-16,Gopalganj,2017,505.0,204.0,22.036,4503.0,1
Potato,2015-16,Habiganj,2017,4553.0,1842.0,11.03,20322.0,1
Potato,2015-16,Jamalpur,2017,11030.0,4464.0,17.474,77998.0,1
Potato,2015-16,Jashore,2017,7785.0,3150.0,22.862,72024.0,1
Potato,2015-16,Jhalokati,2017,627.0,254.0,15.813,4012.0,1
Potato,2015-16,Jhenaidah,2017,4010.0,1623.0,20.263,32882.0,1
Potato,2015-16,Joypurhat,2017,84627.0,34247.0,21.614,740204.0,1
Potato,2015-16,Khagrachhari,2017,1226.0,496.0,9.977,4950.0,1
Potato,2015-16,Khulna,2017,1529.0,619.0,13.786,8530.0,1
Potato,2015-16,Kishoreganj,2017,10116.0,4094.0,12.838,52557.0,1
Potato,2015-16,Kurigram,2017,18531.0,7499.0,20.425,153170.0,1
Potato,2015-16,Kushtia,2017,4958.0,2006.0,21.285,42707.0,1
Potato,2015-16,Lakshmipur,2017,821.0,332.0,11.133,3699.0,1
Potato,2015-16,Lalmonirhat,2017,10556.0,4272.0,16.119,68856.0,1
Potato,2015-16,Madaripur,2017,1318.0,533.0,18.725,9987.0,1
Potato,2015-16,Magura,2017,180.0,73.0,14.803,1078.0,1
Potato,2015-16,Manikganj,2017,5776.0,2337.0,20.342,47547.0,1
Potato,2015-16,Meherpur,2017,3155.0,1277.0,23.42,29901.0,1
Potato,2015-16,Moulvibazar,2017,3789.0,1533.0,11.395,17472.0,1
Potato,2015-16,Munshiganj,2017,94409.0,38205.0,32.517,1242329.0,1
Potato,2015-16,Mymensingh,2017,10393.0,4206.0,9.88,41555.0,1
Potato,2015-16,Naogaon,2017,52778.0,21358.0,16.148,344883.0,1
Potato,2015-16,Narail,2017,54.0,22.0,13.813,302.0,1
Potato,2015-16,Narayanganj,2017,6476.0,2621.0,24.764,64900.0,1
Potato,2015-16,Narsingdi,2017,3664.0,1483.0,14.0,20759.0,1
Potato,2015-16,Natore,2017,2746.0,1111.0,16.806,18675.0,1
Potato,2015-16,Netrakona,2017,3377.0,1367.0,7.776,10626.0,1
Potato,2015-16,Nilphamari,2017,53802.0,21772.0,18.294,398298.0,1
Potato,2015-16,Noakhali,2017,461.0,187.0,10.806,2016.0,1
Potato,2015-16,Pabna,2017,2981.0,1206.0,12.141,14646.0,1
Potato,2015-16,Panchagarh,2017,26688.0,10800.0,14.821,160069.0,1
Potato,2015-16,Patuakhali,2017,1165.0,471.0,14.776,6966.0,1
Potato,2015-16,Pirojpur,2017,2602.0,1053.0,11.799,12424.0,1
Potato,2015-16,Rajbari,2017,454.0,184.0,18.487,3396.0,1
Potato,2015-16,Rajshahi,2017,89146.0,36075.0,21.564,777945.0,1
Potato,2015-16,Rangamati,2017,1025.0,415.0,9.642,4000.0,1
Potato,2015-16,Rangpur,2017,124909.0,50548.0,20.702,1046457.0,1
Potato,2015-16,Satkhira,2017,8451.0,3420.0,17.132,58589.0,1
Potato,2015-16,Shariatpur,2017,3357.0,1359.0,24.714,33574.0,1
Potato,2015-16,Sherpur,2017,11985.0,4850.0,17.932,86970.0,1
Potato,2015-16,Sirajganj,2017,7589.0,3071.0,13.107,40252.0,1
Potato,2015-16,Sunamganj,2017,1900.0,769.0,11.178,8594.0,1
Potato,2015-16,Sylhet,2017,2768.0,1120.0,11.394,12763.0,1
Potato,2015-16,Tangail,2017,8967.0,3629.0,13.491,48956.0,1
Potato,2015-16,Thakurgaon,2017,78303.0,31688.0,18.426,583867.0,1
Sugarcane,2013-14,Bagerhat,2017,2205.0,,68.022,2216.0,1
Sugarcane,2013-14,Bandarban,2017,196.0,,2.029,201.0,1
Sugarcane,2013-14,Barguna,2017,157.0,,1.586,111.0,1
Sugarcane,2013-14,Barishal,2017,1608.0,,26.685,1385.0,1
Sugarcane,2013-14,Bhola,2017,581.0,,7.903,796.0,1
Sugarcane,2013-14,Bogura,2017,1416.0,,71.731,1441.0,1
Sugarcane,2013-14,Brahmanbaria,2017,57.0,,0.267,46.0,1
Sugarcane,2013-14,Chandpur,2017,1550.0,,53.865,1556.0,1
Sugarcane,2013-14,Chapainababganj,2017,11830.0,,398.892,11963.0,1
Sugarcane,2013-14,Chattogram,2017,2851.0,,31.867,2819.0,1
Sugarcane,2013-14,Chuadanga,2017,5293.0,,330.119,8272.0,1
Sugarcane,2013-14,Cox's Bazar,2017,746.0,,10.223,276.0,1
Sugarcane,2013-14,Cumilla,2017,645.0,,8.718,700.0,1
Sugarcane,2013-14,Dhaka,2017,300.0,,6.257,221.0,1
Sugarcane,2013-14,Dinajpur,2017,6482.0,,229.906,6013.0,1
Sugarcane,2013-14,Faridpur,2017,12090.0,,439.93,11015.0,1
Sugarcane,2013-14,Feni,2017,340.0,,8.649,298.0,1
Sugarcane,2013-14,Gaibandha,2017,6106.0,,387.068,5927.0,1
Sugarcane,2013-14,Gazipur,2017,4398.0,,79.666,3034.0,1
Sugarcane,2013-14,Gopalganj,2017,1877.0,,61.575,1907.0,1
Sugarcane,2013-14,Habiganj,2017,2630.0,,14.861,3123.0,1
Sugarcane,2013-14,Jamalpur,2017,12843.0,,643.366,11941.0,1
Sugarcane,2013-14,Jashore,2017,1273.0,,59.198,1346.0,1
Sugarcane,2013-14,Jhalokati,2017,262.0,,2.607,299.0,1
Sugarcane,2013-14,Jhenaidah,2017,4015.0,,235.918,3728.0,1
Sugarcane,2013-14,Joypurhat,2017,2426.0,,122.725,2326.0,1
Sugarcane,2013-14,Khagrachhari,2017,606.0,,15.61,626.0,1
Sugarcane,2013-14,Khulna,2017,255.0,,8.851,224.0,1
Sugarcane,2013-14,Kishoreganj,2017,142.0,,2.807,140.0,1
Sugarcane,2013-14,Kurigram,2017,473.0,,14.187,664.0,1
Sugarcane,2013-14,Kushtia,2017,11932.0,,593.548,10259.0,1
Sugarcane,2013-14,Lakshmipur,2017,422.0,,9.113,341.0,1
Sugarcane,2013-14,Lalmonirhat,2017,281.0,,8.622,255.0,1
Sugarcane,2013-14,Madaripur,2017,1407.0,,56.302,1352.0,1
Sugarcane,2013-14,Magura,2017,620.0,,22.598,537.0,1
Sugarcane,2013-14,Manikganj,2017,4725.0,,70.436,4522.0,1
Sugarcane,2013-14,Meherpur,2017,1021.0,,49.56,1017.0,1
Sugarcane,2013-14,Moulvibazar,2017,301.0,,2.325,197.0,1
Sugarcane,2013-14,Munshiganj,2017,295.0,,5.528,302.0,1
Sugarcane,2013-14,Mymensingh,2017,5174.0,,94.693,6745.0,1
Sugarcane,2013-14,Naogaon,2017,3679.0,,143.905,1608.0,1
Sugarcane,2013-14,Narail,2017,1782.0,,67.99,1706.0,1
Sugarcane,2013-14,Narayanganj,2017,172.0,,2.382,170.0,1
Sugarcane,2013-14,Narsingdi,2017,116.0,,2.973,137.0,1
Sugarcane,2013-14,Natore,2017,53278.0,,2784.23,59269.0,1
Sugarcane,2013-14,Netrakona,2017,66.0,,1.779,70.0,1
Sugarcane,2013-14,Nilphamari,2017,187.0,,10.73,202.0,1
Sugarcane,2013-14,Noakhali,2017,360.0,,5.073,368.0,1
Sugarcane,2013-14,Pabna,2017,9462.0,,447.669,9567.0,1
Sugarcane,2013-14,Panchagarh,2017,10732.0,,235.249,10920.0,1
Sugarcane,2013-14,Patuakhali,2017,94.0,,0.971,90.0,1
Sugarcane,2013-14,Pirojpur,2017,396.0,,8.78,394.0,1
Sugarcane,2013-14,Rajbari,2017,8325.0,,350.143,5309.0,1
Sugarcane,2013-14,Rajshahi,2017,37325.0,,1737.282,32020.0,1
Sugarcane,2013-14,Rangamati,2017,540.0,,21.494,533.0,1
Sugarcane,2013-14,Rangpur,2017,4970.0,,276.59,4769.0,1
Sugarcane,2013-14,Satkhira,2017,1492.0,,18.8,314.0,1
Sugarcane,2013-14,Shariatpur,2017,1069.0,,37.336,1185.0,1
Sugarcane,2013-14,Sherpur,2017,313.0,,16.24,207.0,1
Sugarcane,2013-14,Sirajganj,2017,3352.0,,147.305,3057.0,1
Sugarcane,2013-14,Sunamganj,2017,155.0,,0.803,290.0,1
Sugarcane,2013-14,Sylhet,2017,22.0,,0.111,10.0,1
Sugarcane,2013-14,Tangail,2017,3934.0,,167.825,3885.0,1
Sugarcane,2013-14,Thakurgaon,2017,11460.0,,397.096,11311.0,1
Wheat,2014-15,Bagerhat,2017,729.0,295.0,2.744,810.0,1
Wheat,2014-15,Bandarban,2017,0.0,0.0,0.0,0.0,1
Wheat,2014-15,Barguna,2017,47.0,19.0,1.319,25.0,1
Wheat,2014-15,Barishal,2017,3498.0,1416.0,2.207,3125.0,1
Wheat,2014-15,Bhola,2017,8354.0,3381.0,2.943,9951.0,1
Wheat,2014-15,Bogura,2017,4588.0,1857.0,2.437,4525.0,1
Wheat,2014-15,Brahmanbaria,2017,4463.0,1806.0,2.098,3788.0,1
Wheat,2014-15,Chandpur,2017,2713.0,1098.0,2.695,2959.0,1
Wheat,2014-15,Chapainababganj,2017,69480.0,28117.0,3.207,90176.0,1
Wheat,2014-15,Chattogram,2017,10.0,4.0,1.123,5.0,1
Wheat,2014-15,Chuadanga,2017,16677.0,6749.0,3.32,22404.0,1
Wheat,2014-15,Cox's Bazar,2017,0.0,0.0,0.0,0.0,1
Wheat,2014-15,Cumilla,2017,3433.0,1389.0,2.21,3070.0,1
Wheat,2014-15,Dhaka,2017,783.0,317.0,2.26,716.0,1
Wheat,2014-15,Dinajpur,2017,51605.0,20883.0,3.18,66399.0,1
Wheat,2014-15,Faridpur,2017,81647.0,33041.0,3.141,103773.0,1
Wheat,2014-15,Feni,2017,101.0,41.0,2.569,105.0,1
Wheat,2014-15,Gaibandha,2017,6491.0,2627.0,2.327,6113.0,1
Wheat,2014-15,Gazipur,2017,213.0,86.0,1.813,156.0,1
Wheat,2014-15,Gopalganj,2017,18469.0,7474.0,3.187,23819.0,1
Wheat,2014-15,Habiganj,2017,1055.0,427.0,1.997,853.0,1
Wheat,2014-15,Jamalpur,2017,21090.0,8535.0,2.65,22617.0,1
Wheat,2014-15,Jashore,2017,7531.0,3048.0,3.085,9403.0,1
Wheat,2014-15,Jhalokati,2017,185.0,75.0,2.229,167.0,1
Wheat,2014-15,Jhenaidah,2017,17325.0,7011.0,3.219,22570.0,1
Wheat,2014-15,Joypurhat,2017,2653.0,1074.0,2.487,2670.0,1
Wheat,2014-15,Khagrachhari,2017,1.0,0.0,2.584,1.0,1
Wheat,2014-15,Khulna,2017,1267.0,513.0,2.581,1323.0,1
Wheat,2014-15,Kishoreganj,2017,3523.0,1426.0,1.771,2525.0,1
Wheat,2014-15,Kurigram,2017,28749.0,11634.0,3.135,36475.0,1
Wheat,2014-15,Kushtia,2017,40030.0,16199.0,3.21,51999.0,1
Wheat,2014-15,Lakshmipur,2017,37.0,15.0,1.116,17.0,1
Wheat,2014-15,Lalmonirhat,2017,3481.0,1409.0,2.91,4099.0,1
Wheat,2014-15,Madaripur,2017,12067.0,4883.0,3.159,15427.0,1
Wheat,2014-15,Magura,2017,23732.0,9604.0,2.885,27709.0,1
Wheat,2014-15,Manikganj,2017,2802.0,1134.0,2.481,2814.0,1
Wheat,2014-15,Meherpur,2017,42830.0,17332.0,3.298,57155.0,1
Wheat,2014-15,Moulvibazar,2017,203.0,82.0,2.282,187.0,1
Wheat,2014-15,Munshiganj,2017,62.0,25.0,1.708,43.0,1
Wheat,2014-15,Mymensingh,2017,3736.0,1512.0,2.259,3415.0,1
Wheat,2014-15,Naogaon,2017,49799.0,20153.0,3.137,63220.0,1
Wheat,2014-15,Narail,2017,9084.0,3676.0,2.7,9925.0,1
Wheat,2014-15,Narayanganj,2017,560.0,227.0,1.753,397.0,1
Wheat,2014-15,Narsingdi,2017,700.0,283.0,2.201,623.0,1
Wheat,2014-15,Natore,2017,62370.0,25240.0,3.217,81204.0,1
Wheat,2014-15,Netrakona,2017,3165.0,1281.0,1.9,2434.0,1
Wheat,2014-15,Nilphamari,2017,11866.0,4802.0,2.92,14023.0,1
Wheat,2014-15,Noakhali,2017,24.0,10.0,2.361,23.0,1
Wheat,2014-15,Pabna,2017,101845.0,41214.0,3.067,126403.0,1
Wheat,2014-15,Panchagarh,2017,41170.0,16661.0,3.207,53433.0,1
Wheat,2014-15,Patuakhali,2017,300.0,121.0,1.024,124.0,1
Wheat,2014-15,Pirojpur,2017,267.0,108.0,2.429,262.0,1
Wheat,2014-15,Rajbari,2017,41110.0,16636.0,2.901,48261.0,1
Wheat,2014-15,Rajshahi,2017,70898.0,28691.0,3.265,93684.0,1
Wheat,2014-15,Rangamati,2017,0.0,0.0,0.0,0.0,1
Wheat,2014-15,Rangpur,2017,8247.0,3337.0,2.898,9672.0,1
Wheat,2014-15,Satkhira,2017,3684.0,1491.0,2.629,3919.0,1
Wheat,2014-15,Shariatpur,2017,10790.0,4366.0,3.155,13774.0,1
Wheat,2014-15,Sherpur,2017,2783.0,1126.0,2.506,2822.0,1
Wheat,2014-15,Sirajganj,2017,15614.0,6319.0,2.593,16383.0,1
Wheat,2014-15,Sunamganj,2017,598.0,242.0,1.881,455.0,1
Wheat,2014-15,Sylhet,2017,382.0,155.0,1.786,276.0,1
Wheat,2014-15,Tangail,2017,15029.0,6082.0,2.613,15893.0,1
Wheat,2014-15,Thakurgaon,2017,143466.0,58058.0,3.227,187325.0,1
Wheat,2015-16,Bagerhat,2017,726.0,294.0,2.539,746.0,1
Wheat,2015-16,Bandarban,2017,0.0,0.0,0.0,0.0,1
Wheat,2015-16,Barguna,2017,0.0,0.0,0.0,0.0,1
Wheat,2015-16,Barishal,2017,4658.0,1885.0,2.391,4507.0,1
Wheat,2015-16,Bhola,2017,16848.0,6818.0,2.787,19005.0,1
Wheat,2015-16,Bogura,2017,4269.0,1728.0,2.399,4145.0,1
Wheat,2015-16,Brahmanbaria,2017,3659.0,1481.0,2.157,3195.0,1
Wheat,2015-16,Chandpur,2017,2288.0,926.0,2.737,2534.0,1
Wheat,2015-16,Chapainababganj,2017,76142.0,30813.0,3.187,98197.0,1
Wheat,2015-16,Chattogram,2017,10.0,4.0,1.109,4.0,1
Wheat,2015-16,Chuadanga,2017,15506.0,6275.0,2.727,17109.0,1
Wheat,2015-16,Cox's Bazar,2017,0.0,0.0,0.0,0.0,1
Wheat,2015-16,Cumilla,2017,3049.0,1234.0,2.348,2898.0,1
Wheat,2015-16,Dhaka,2017,701.0,284.0,2.315,657.0,1
Wheat,2015-16,Dinajpur,2017,55868.0,22609.0,3.183,71967.0,1
Wheat,2015-16,Faridpur,2017,75790.0,30671.0,3.108,95339.0,1
Wheat,2015-16,Feni,2017,108.0,44.0,2.555,112.0,1
Wheat,2015-16,Gaibandha,2017,8949.0,3621.0,2.363,8558.0,1
Wheat,2015-16,Gazipur,2017,206.0,83.0,1.894,158.0,1
Wheat,2015-16,Gopalganj,2017,16371.0,6625.0,3.164,20960.0,1
Wheat,2015-16,Habiganj,2017,1072.0,434.0,1.91,829.0,1
Wheat,2015-16,Jamalpur,2017,20206.0,8177.0,2.771,22657.0,1
Wheat,2015-16,Jashore,2017,8369.0,3387.0,3.035,10278.0,1
Wheat,2015-16,Jhalokati,2017,229.0,93.0,2.247,208.0,1
Wheat,2015-16,Jhenaidah,2017,19312.0,7815.0,3.091,24156.0,1
Wheat,2015-16,Joypurhat,2017,2830.0,1145.0,2.409,2759.0,1
Wheat,2015-16,Khagrachhari,2017,0.0,0.0,0.0,0.0,1
Wheat,2015-16,Khulna,2017,1271.0,514.0,2.475,1273.0,1
Wheat,2015-16,Kishoreganj,2017,2925.0,1184.0,2.086,2469.0,1
Wheat,2015-16,Kurigram,2017,30643.0,12401.0,3.085,38261.0,1
Wheat,2015-16,Kushtia,2017,39118.0,15830.0,2.871,45455.0,1
Wheat,2015-16,Lakshmipur,2017,28.0,11.0,0.989,11.0,1
Wheat,2015-16,Lalmonirhat,2017,3546.0,1435.0,2.965,4254.0,1
Wheat,2015-16,Madaripur,2017,12760.0,5164.0,3.128,16151.0,1
Wheat,2015-16,Magura,2017,18369.0,7434.0,2.852,21201.0,1
Wheat,2015-16,Manikganj,2017,3492.0,1413.0,2.455,3470.0,1
Wheat,2015-16,Meherpur,2017,40595.0,16428.0,2.763,45383.0,1
Wheat,2015-16,Moulvibazar,2017,240.0,97.0,2.278,221.0,1
Wheat,2015-16,Munshiganj,2017,47.0,19.0,1.709,33.0,1
Wheat,2015-16,Mymensingh,2017,3195.0,1293.0,2.133,2757.0,1
Wheat,2015-16,Naogaon,2017,56277.0,22774.0,3.089,70352.0,1
Wheat,2015-16,Narail,2017,10191.0,4124.0,2.669,11009.0,1
Wheat,2015-16,Narayanganj,2017,490.0,198.0,1.741,345.0,1
Wheat,2015-16,Narsingdi,2017,446.0,180.0,2.135,385.0,1
Wheat,2015-16,Natore,2017,53339.0,21585.0,3.148,67953.0,1
Wheat,2015-16,Netrakona,2017,1809.0,732.0,1.98,1450.0,1
Wheat,2015-16,Nilphamari,2017,12037.0,4871.0,2.947,14355.0,1
Wheat,2015-16,Noakhali,2017,27.0,11.0,2.221,24.0,1
Wheat,2015-16,Pabna,2017,97980.0,39650.0,3.053,121058.0,1
Wheat,2015-16,Panchagarh,2017,49762.0,20138.0,3.244,65328.0,1
Wheat,2015-16,Patuakhali,2017,310.0,125.0,1.198,150.0,1
Wheat,2015-16,Pirojpur,2017,470.0,190.0,2.329,443.0,1
Wheat,2015-16,Rajbari,2017,39302.0,15905.0,2.855,45405.0,1
Wheat,2015-16,Rajshahi,2017,68260.0,27623.0,3.258,89994.0,1
Wheat,2015-16,Rangamati,2017,0.0,0.0,0.0,0.0,1
Wheat,2015-16,Rangpur,2017,8939.0,3617.0,2.933,10611.0,1
Wheat,2015-16,Satkhira,2017,5234.0,2118.0,2.569,5441.0,1
Wheat,2015-16,Shariatpur,2017,10070.0,4075.0,3.275,13344.0,1
Wheat,2015-16,Sherpur,2017,1707.0,691.0,2.476,1710.0,1
Wheat,2015-16,Sirajganj,2017,17584.0,7116.0,2.543,18096.0,1
Wheat,2015-16,Sunamganj,2017,1258.0,509.0,2.64,1344.0,1
Wheat,2015-16,Sylhet,2017,403.0,163.0,1.841,300.0,1
Wheat,2015-16,Tangail,2017,16471.0,6665.0,2.601,17338.0,1
Wheat,2015-16,Thakurgaon,2017,153397.0,62076.0,3.219,199834.0,1
