crop,crop_year,district,edition,area_acres,area_ha,yield_mt_per_ha,production_mt,n_tables
Aman,2021-22,Bagerhat,2023,176310.0,71367.0,2.21,157754.0,1
Aman,2021-22,Bandarban,2023,24635.0,9974.0,2.753,27455.0,1
Aman,2021-22,Barguna,2023,231852.0,93850.0,2.07,194271.0,1
Aman,2021-22,Barishal,2023,300640.0,121687.0,1.914,232967.0,1
Aman,2021-22,Bhola,2023,413366.0,167346.0,2.888,483326.0,1
Aman,2021-22,Bogura,2023,445635.0,180346.0,3.074,554378.0,1
Aman,2021-22,Brahmanbaria,2023,174096.0,70474.0,2.479,174681.0,1
Aman,2021-22,Chandpur,2023,105017.0,42500.0,1.744,74129.0,1
Aman,2021-22,Chapainababganj,2023,142001.0,57467.0,2.846,163578.0,1
Aman,2021-22,Chattogram,2023,445835.0,180489.0,2.461,444143.0,1
Aman,2021-22,Chuadanga,2023,82851.0,33543.0,2.728,91510.0,1
Aman,2021-22,Cox's Bazar,2023,183516.0,74297.0,2.806,208441.0,1
Aman,2021-22,Cumilla,2023,313671.0,126985.0,2.432,308845.0,1
Aman,2021-22,Dhaka,2023,18598.0,7528.0,2.316,17437.0,1
Aman,2021-22,Dinajpur,2023,642284.0,259929.0,2.793,725866.0,1
Aman,2021-22,Faridpur,2023,202637.0,82033.0,2.71,222346.0,1
Aman,2021-22,Feni,2023,162866.0,65935.0,2.985,196830.0,1
Aman,2021-22,Gaibandha,2023,306564.0,124065.0,2.48,307710.0,1
Aman,2021-22,Gazipur,2023,108468.0,43912.0,2.997,131623.0,1
Aman,2021-22,Gopalganj,2023,56699.0,22950.0,1.759,40366.0,1
Aman,2021-22,Habiganj,2023,239978.0,97118.0,2.348,228037.0,1
Aman,2021-22,Jamalpur,2023,265851.0,107588.0,2.404,258595.0,1
Aman,2021-22,Jashore,2023,339795.0,137568.0,2.859,393267.0,1
Aman,2021-22,Jhalokati,2023,116760.0,47257.0,1.925,90990.0,1
Aman,2021-22,Jhenaidah,2023,253361.0,102575.0,3.408,349542.0,1
Aman,2021-22,Joypurhat,2023,168769.0,68300.0,2.886,197141.0,1
Aman,2021-22,Khagrachhari,2023,67542.0,27344.0,3.046,83300.0,1
Aman,2021-22,Khulna,2023,237733.0,96238.0,2.505,241087.0,1
Aman,2021-22,Kishoreganj,2023,187274.0,75818.0,2.747,208251.0,1
Aman,2021-22,Kurigram,2023,290358.0,117506.0,2.79,327842.0,1
Aman,2021-22,Kushtia,2023,218893.0,88620.0,3.011,266835.0,1
Aman,2021-22,Lakshmipur,2023,187521.0,75916.0,2.69,204188.0,1
Aman,2021-22,Lalmonirhat,2023,212729.0,86125.0,2.848,245313.0,1
Aman,2021-22,Madaripur,2023,43330.0,17538.0,1.933,33902.0,1
Aman,2021-22,Magura,2023,142443.0,57669.0,2.622,151223.0,1
Aman,2021-22,Manikganj,2023,83496.0,33794.0,1.442,48722.0,1
Aman,2021-22,Meherpur,2023,63909.0,25874.0,3.063,79248.0,1
Aman,2021-22,Moulvibazar,2023,249890.0,101129.0,2.93,296319.0,1
Aman,2021-22,Munshiganj,2023,49161.0,19895.0,1.033,20553.0,1
Aman,2021-22,Mymensingh,2023,657852.0,266229.0,2.585,688148.0,1
Aman,2021-22,Naogaon,2023,482970.0,195533.0,2.777,543087.0,1
Aman,2021-22,Narail,2023,103288.0,41814.0,2.69,112480.0,1
Aman,2021-22,Narayanganj,2023,18146.0,7345.0,1.454,10682.0,1
Aman,2021-22,Narsingdi,2023,95894.0,38821.0,2.723,105696.0,1
Aman,2021-22,Natore,2023,209602.0,84859.0,2.793,237011.0,1
Aman,2021-22,Netrakona,2023,321724.0,130200.0,2.713,353269.0,1
Aman,2021-22,Nilphamari,2023,277162.0,112166.0,2.723,305469.0,1
Aman,2021-22,Noakhali,2023,372889.0,150955.0,2.623,395982.0,1
Aman,2021-22,Pabna,2023,222516.0,90051.0,2.178,196169.0,1
Aman,2021-22,Panchagarh,2023,246585.0,99792.0,3.083,307689.0,1
Aman,2021-22,Patuakhali,2023,464161.0,187884.0,2.065,388012.0,1
Aman,2021-22,Pirojpur,2023,156529.0,63350.0,1.432,90716.0,1
Aman,2021-22,Rajbari,2023,106509.0,43120.0,2.283,98458.0,1
Aman,2021-22,Rajshahi,2023,183585.0,74296.0,3.238,240574.0,1
Aman,2021-22,Rangamati,2023,23686.0,9589.0,2.929,28090.0,1
Aman,2021-22,Rangpur,2023,406013.0,164311.0,2.823,463811.0,1
Aman,2021-22,Satkhira,2023,217139.0,87910.0,3.032,266546.0,1
Aman,2021-22,Shariatpur,2023,29278.0,11849.0,1.496,17727.0,1
Aman,2021-22,Sherpur,2023,224973.0,91045.0,2.459,223878.0,1
Aman,2021-22,Sirajganj,2023,202611.0,82029.0,2.607,213848.0,1
Aman,2021-22,Sunamganj,2023,200275.0,81050.0,2.378,192731.0,1
Aman,2021-22,Sylhet,2023,347060.0,140453.0,2.633,369801.0,1
Aman,2021-22,Tangail,2023,266370.0,107827.0,2.157,232632.0,1
Aman,2021-22,Thakurgaon,2023,338635.0,137099.0,2.873,393874.0,1
Aman,2022-23,Bagerhat,2023,151514.0,61330.0,2.33,142871.0,1
Aman,2022-23,Bandarban,2023,25564.0,10350.0,2.843,29428.0,1
Aman,2022-23,Barguna,2023,237570.0,96164.0,2.254,216769.0,1
Aman,2022-23,Barishal,2023,289636.0,117234.0,2.05,240372.0,1
Aman,2022-23,Bhola,2023,400988.0,162335.0,2.829,459308.0,1
Aman,2022-23,Bogura,2023,446251.0,180595.0,3.078,555785.0,1
Aman,2022-23,Brahmanbaria,2023,156514.0,63360.0,2.704,171344.0,1
Aman,2022-23,Chandpur,2023,104179.0,42161.0,1.752,73872.0,1
Aman,2022-23,Chapainababganj,2023,131146.0,53074.0,3.23,171431.0,1
Aman,2022-23,Chattogram,2023,438057.0,177341.0,2.563,454439.0,1
Aman,2022-23,Chuadanga,2023,82299.0,33319.0,2.967,98857.0,1
Aman,2022-23,Cox's Bazar,2023,183778.0,74403.0,2.906,216224.0,1
Aman,2022-23,Cumilla,2023,322108.0,130401.0,2.485,324040.0,1
Aman,2022-23,Dhaka,2023,19716.0,7980.0,1.763,14072.0,1
Aman,2022-23,Dinajpur,2023,641304.0,259532.0,2.82,731951.0,1
Aman,2022-23,Faridpur,2023,199851.0,80906.0,2.826,228663.0,1
Aman,2022-23,Feni,2023,163014.0,65995.0,3.037,200407.0,1
Aman,2022-23,Gaibandha,2023,314879.0,127430.0,2.548,324723.0,1
Aman,2022-23,Gazipur,2023,108581.0,43958.0,2.512,110417.0,1
Aman,2022-23,Gopalganj,2023,54636.0,22115.0,1.786,39488.0,1
Aman,2022-23,Habiganj,2023,218068.0,88251.0,2.655,234315.0,1
Aman,2022-23,Jamalpur,2023,273420.0,110652.0,2.55,282125.0,1
Aman,2022-23,Jashore,2023,346394.0,140240.0,2.896,406070.0,1
Aman,2022-23,Jhalokati,2023,114470.0,46330.0,2.133,98815.0,1
Aman,2022-23,Jhenaidah,2023,255067.0,103266.0,3.351,346087.0,1
Aman,2022-23,Joypurhat,2023,165021.0,66783.0,2.915,194686.0,1
Aman,2022-23,Khagrachhari,2023,67706.0,27411.0,3.279,89872.0,1
Aman,2022-23,Khulna,2023,241281.0,97674.0,2.606,254569.0,1
Aman,2022-23,Kishoreganj,2023,191379.0,77480.0,2.954,228851.0,1
Aman,2022-23,Kurigram,2023,296358.0,119934.0,2.913,349358.0,1
Aman,2022-23,Kushtia,2023,216289.0,87566.0,3.095,271055.0,1
Aman,2022-23,Lakshmipur,2023,187771.0,76018.0,2.706,205715.0,1
Aman,2022-23,Lalmonirhat,2023,211057.0,85448.0,3.116,266260.0,1
Aman,2022-23,Madaripur,2023,61800.0,25014.0,2.088,52219.0,1
Aman,2022-23,Magura,2023,151884.0,61491.0,2.747,168913.0,1
Aman,2022-23,Manikganj,2023,89077.0,36053.0,1.456,52506.0,1
Aman,2022-23,Meherpur,2023,63448.0,25687.0,3.06,78605.0,1
Aman,2022-23,Moulvibazar,2023,250602.0,101417.0,3.048,309089.0,1
Aman,2022-23,Munshiganj,2023,47943.0,19402.0,1.048,20341.0,1
Aman,2022-23,Mymensingh,2023,644049.0,260643.0,2.656,692344.0,1
Aman,2022-23,Naogaon,2023,486779.0,197076.0,2.77,545877.0,1
Aman,2022-23,Narail,2023,101308.0,41013.0,2.7,110718.0,1
Aman,2022-23,Narayanganj,2023,15278.0,6184.0,1.569,9700.0,1
Aman,2022-23,Narsingdi,2023,94209.0,38139.0,2.691,102648.0,1
Aman,2022-23,Natore,2023,215033.0,87058.0,2.774,241485.0,1
Aman,2022-23,Netrakona,2023,323714.0,131005.0,2.788,365289.0,1
Aman,2022-23,Nilphamari,2023,279346.0,113050.0,2.792,315608.0,1
Aman,2022-23,Noakhali,2023,394742.0,159801.0,2.714,433644.0,1
Aman,2022-23,Pabna,2023,217338.0,87955.0,2.22,195233.0,1
Aman,2022-23,Panchagarh,2023,246800.0,99879.0,3.17,316596.0,1
Aman,2022-23,Patuakhali,2023,463738.0,187714.0,2.076,389671.0,1
Aman,2022-23,Pirojpur,2023,151716.0,61402.0,1.59,97603.0,1
Aman,2022-23,Rajbari,2023,114711.0,46440.0,2.608,121113.0,1
Aman,2022-23,Rajshahi,2023,192334.0,77837.0,3.282,255478.0,1
Aman,2022-23,Rangamati,2023,24096.0,9755.0,2.907,28356.0,1
Aman,2022-23,Rangpur,2023,407781.0,165027.0,2.791,460590.0,1
Aman,2022-23,Satkhira,2023,213415.0,86403.0,3.093,267282.0,1
Aman,2022-23,Shariatpur,2023,33178.0,13428.0,1.608,21590.0,1
Aman,2022-23,Sherpur,2023,225853.0,91401.0,2.536,231791.0,1
Aman,2022-23,Sirajganj,2023,207590.0,84045.0,2.797,235034.0,1
Aman,2022-23,Sunamganj,2023,200865.0,81289.0,2.793,227024.0,1
Aman,2022-23,Sylhet,2023,350212.0,141729.0,2.73,386865.0,1
Aman,2022-23,Tangail,2023,280262.0,113452.0,2.303,261291.0,1
Aman,2022-23,Thakurgaon,2023,338380.0,136996.0,2.917,399653.0,1
Aus,2021-22,Bagerhat,2023,11900.0,4816.0,2.366,11392.0,1
Aus,2021-22,Bandarban,2023,30461.0,12327.0,1.892,23318.0,1
Aus,2021-22,Barguna,2023,115929.0,46916.0,2.319,108783.0,1
Aus,2021-22,Barishal,2023,29100.0,11777.0,1.64,19318.0,1
Aus,2021-22,Bhola,2023,205166.0,83030.0,2.178,180850.0,1
Aus,2021-22,Bogura,2023,45372.0,18362.0,2.605,47837.0,1
Aus,2021-22,Brahmanbaria,2023,28942.0,11713.0,2.584,30267.0,1
Aus,2021-22,Chandpur,2023,23876.0,9663.0,2.666,25762.0,1
Aus,2021-22,Chapainababganj,2023,104554.0,42312.0,2.929,123948.0,1
Aus,2021-22,Chattogram,2023,82397.0,33345.0,2.663,88815.0,1
Aus,2021-22,Chuadanga,2023,97540.0,39474.0,2.848,112404.0,1
Aus,2021-22,Cox's Bazar,2023,4976.0,2014.0,2.84,5718.0,1
Aus,2021-22,Cumilla,2023,183224.0,74150.0,2.618,194110.0,1
Aus,2021-22,Dhaka,2023,1771.0,717.0,2.569,1842.0,1
Aus,2021-22,Dinajpur,2023,26319.0,10651.0,2.741,29197.0,1
Aus,2021-22,Faridpur,2023,20190.0,8171.0,1.47,12010.0,1
Aus,2021-22,Feni,2023,26305.0,10645.0,2.276,24231.0,1
Aus,2021-22,Gaibandha,2023,33688.0,13633.0,2.503,34126.0,1
Aus,2021-22,Gazipur,2023,3805.0,1540.0,3.145,4843.0,1
Aus,2021-22,Gopalganj,2023,6611.0,2675.0,2.247,6013.0,1
Aus,2021-22,Habiganj,2023,117456.0,47534.0,2.666,126720.0,1
Aus,2021-22,Jamalpur,2023,9300.0,3764.0,2.223,8367.0,1
Aus,2021-22,Jashore,2023,37305.0,15097.0,3.208,48436.0,1
Aus,2021-22,Jhalokati,2023,32944.0,13332.0,2.561,34140.0,1
Aus,2021-22,Jhenaidah,2023,88826.0,35947.0,3.123,112268.0,1
Aus,2021-22,Joypurhat,2023,1045.0,423.0,2.287,967.0,1
Aus,2021-22,Khagrachhari,2023,8029.0,3249.0,2.137,6944.0,1
Aus,2021-22,Khulna,2023,7680.0,3108.0,1.345,4179.0,1
Aus,2021-22,Kishoreganj,2023,63128.0,25548.0,2.628,67140.0,1
Aus,2021-22,Kurigram,2023,17819.0,7211.0,2.575,18571.0,1
Aus,2021-22,Kushtia,2023,67396.0,27275.0,2.881,78586.0,1
Aus,2021-22,Lakshmipur,2023,65347.0,26446.0,2.357,62330.0,1
Aus,2021-22,Lalmonirhat,2023,26594.0,10762.0,2.92,31428.0,1
Aus,2021-22,Madaripur,2023,3111.0,1259.0,1.842,2319.0,1
Aus,2021-22,Magura,2023,12635.0,5113.0,2.024,10352.0,1
Aus,2021-22,Manikganj,2023,7193.0,2911.0,2.385,6942.0,1
Aus,2021-22,Meherpur,2023,48761.0,19733.0,2.073,40898.0,1
Aus,2021-22,Moulvibazar,2023,117337.0,47486.0,2.855,135557.0,1
Aus,2021-22,Munshiganj,2023,411.0,166.0,2.662,443.0,1
Aus,2021-22,Mymensingh,2023,47650.0,19284.0,2.75,53022.0,1
Aus,2021-22,Naogaon,2023,164064.0,66396.0,2.949,195779.0,1
Aus,2021-22,Narail,2023,18252.0,7386.0,1.869,13805.0,1
Aus,2021-22,Narayanganj,2023,4474.0,1811.0,2.047,3706.0,1
Aus,2021-22,Narsingdi,2023,2562.0,1037.0,2.614,2710.0,1
Aus,2021-22,Natore,2023,21822.0,8831.0,2.633,23255.0,1
Aus,2021-22,Netrakona,2023,1615.0,654.0,2.446,1599.0,1
Aus,2021-22,Nilphamari,2023,4182.0,1692.0,2.601,4402.0,1
Aus,2021-22,Noakhali,2023,89169.0,36086.0,2.51,90574.0,1
Aus,2021-22,Pabna,2023,54458.0,22039.0,2.024,44603.0,1
Aus,2021-22,Panchagarh,2023,6580.0,2663.0,2.587,6890.0,1
Aus,2021-22,Patuakhali,2023,73516.0,29752.0,2.48,73795.0,1
Aus,2021-22,Pirojpur,2023,30645.0,12402.0,2.199,27266.0,1
Aus,2021-22,Rajbari,2023,6126.0,2479.0,1.676,4156.0,1
Aus,2021-22,Rajshahi,2023,112145.0,45384.0,2.946,133706.0,1
Aus,2021-22,Rangamati,2023,13561.0,5488.0,1.457,7996.0,1
Aus,2021-22,Rangpur,2023,61065.0,24713.0,2.759,68177.0,1
Aus,2021-22,Satkhira,2023,16181.0,6548.0,2.866,18766.0,1
Aus,2021-22,Shariatpur,2023,23775.0,9622.0,2.429,23371.0,1
Aus,2021-22,Sherpur,2023,9411.0,3809.0,2.532,9643.0,1
Aus,2021-22,Sirajganj,2023,19009.0,7693.0,2.085,16043.0,1
Aus,2021-22,Sunamganj,2023,47641.0,19280.0,2.667,51413.0,1
Aus,2021-22,Sylhet,2023,163120.0,66014.0,2.765,182533.0,1
Aus,2021-22,Tangail,2023,4280.0,1732.0,1.817,3147.0,1
Aus,2021-22,Thakurgaon,2023,54340.0,21991.0,2.689,59127.0,1
Aus,2022-23,Bagerhat,2023,8818.0,3569.0,2.506,8944.0,1
Aus,2022-23,Bandarban,2023,29969.0,12128.0,2.015,24434.0,1
Aus,2022-23,Barguna,2023,121081.0,49001.0,2.315,113461.0,1
Aus,2022-23,Barishal,2023,30186.0,12216.0,2.023,24711.0,1
Aus,2022-23,Bhola,2023,202984.0,82146.0,2.552,209628.0,1
Aus,2022-23,Bogura,2023,38964.0,15769.0,2.786,43924.0,1
Aus,2022-23,Brahmanbaria,2023,24301.0,9834.0,3.061,30106.0,1
Aus,2022-23,Chandpur,2023,25930.0,10494.0,2.373,24902.0,1
Aus,2022-23,Chapainababganj,2023,103068.0,41711.0,3.111,129767.0,1
Aus,2022-23,Chattogram,2023,89909.0,36386.0,2.894,105284.0,1
Aus,2022-23,Chuadanga,2023,94846.0,38384.0,2.8,107485.0,1
Aus,2022-23,Cox's Bazar,2023,5989.0,2424.0,3.407,8257.0,1
Aus,2022-23,Cumilla,2023,184517.0,74673.0,2.821,210647.0,1
Aus,2022-23,Dhaka,2023,1785.0,723.0,2.661,1923.0,1
Aus,2022-23,Dinajpur,2023,25595.0,10358.0,2.767,28662.0,1
Aus,2022-23,Faridpur,2023,15024.0,6080.0,1.985,12072.0,1
Aus,2022-23,Feni,2023,25886.0,10476.0,2.222,23277.0,1
Aus,2022-23,Gaibandha,2023,32769.0,13261.0,2.776,36814.0,1
Aus,2022-23,Gazipur,2023,3485.0,1410.0,3.246,4578.0,1
Aus,2022-23,Gopalganj,2023,5243.0,2122.0,2.361,5009.0,1
Aus,2022-23,Habiganj,2023,107676.0,43576.0,2.682,116877.0,1
Aus,2022-23,Jamalpur,2023,9032.0,3655.0,2.245,8207.0,1
Aus,2022-23,Jashore,2023,36404.0,14732.0,3.247,47832.0,1
Aus,2022-23,Jhalokati,2023,27012.0,10932.0,2.731,29857.0,1
Aus,2022-23,Jhenaidah,2023,89379.0,36171.0,3.271,118305.0,1
Aus,2022-23,Joypurhat,2023,540.0,219.0,2.73,597.0,1
Aus,2022-23,Khagrachhari,2023,7880.0,3189.0,2.129,6789.0,1
Aus,2022-23,Khulna,2023,8558.0,3463.0,1.825,6322.0,1
Aus,2022-23,Kishoreganj,2023,58507.0,23677.0,2.774,65691.0,1
Aus,2022-23,Kurigram,2023,14391.0,5824.0,2.758,16064.0,1
Aus,2022-23,Kushtia,2023,64602.0,26144.0,2.913,76160.0,1
Aus,2022-23,Lakshmipur,2023,51486.0,20836.0,2.594,54045.0,1
Aus,2022-23,Lalmonirhat,2023,28162.0,11397.0,2.952,33639.0,1
Aus,2022-23,Madaripur,2023,3112.0,1259.0,2.015,2537.0,1
Aus,2022-23,Magura,2023,13043.0,5278.0,2.077,10961.0,1
Aus,2022-23,Manikganj,2023,7198.0,2913.0,2.584,7527.0,1
Aus,2022-23,Meherpur,2023,49866.0,20180.0,2.558,51616.0,1
Aus,2022-23,Moulvibazar,2023,103726.0,41977.0,2.968,124606.0,1
Aus,2022-23,Munshiganj,2023,435.0,176.0,2.389,420.0,1
Aus,2022-23,Mymensingh,2023,46783.0,18933.0,2.776,52563.0,1
Aus,2022-23,Naogaon,2023,136971.0,55431.0,3.062,169744.0,1
Aus,2022-23,Narail,2023,19789.0,8008.0,2.094,16772.0,1
Aus,2022-23,Narayanganj,2023,4662.0,1887.0,2.112,3985.0,1
Aus,2022-23,Narsingdi,2023,2760.0,1117.0,2.654,2964.0,1
Aus,2022-23,Natore,2023,23025.0,9318.0,2.774,25852.0,1
Aus,2022-23,Netrakona,2023,696.0,282.0,2.599,732.0,1
Aus,2022-23,Nilphamari,2023,3916.0,1585.0,2.878,4561.0,1
Aus,2022-23,Noakhali,2023,89402.0,36180.0,2.561,92642.0,1
Aus,2022-23,Pabna,2023,50582.0,20470.0,2.228,45611.0,1
Aus,2022-23,Panchagarh,2023,6084.0,2462.0,2.768,6816.0,1
Aus,2022-23,Patuakhali,2023,47602.0,19264.0,2.069,39859.0,1
Aus,2022-23,Pirojpur,2023,33206.0,13438.0,2.371,31864.0,1
Aus,2022-23,Rajbari,2023,6862.0,2777.0,2.054,5703.0,1
Aus,2022-23,Rajshahi,2023,112671.0,45597.0,3.259,148600.0,1
Aus,2022-23,Rangamati,2023,13630.0,5516.0,1.682,9277.0,1
Aus,2022-23,Rangpur,2023,57276.0,23179.0,2.935,68030.0,1
Aus,2022-23,Satkhira,2023,15588.0,6308.0,2.915,18387.0,1
Aus,2022-23,Shariatpur,2023,20855.0,8440.0,2.486,20980.0,1
Aus,2022-23,Sherpur,2023,8852.0,3582.0,2.614,9366.0,1
Aus,2022-23,Sirajganj,2023,15046.0,6089.0,2.327,14170.0,1
Aus,2022-23,Sunamganj,2023,35250.0,14265.0,2.937,41899.0,1
Aus,2022-23,Sylhet,2023,64006.0,25903.0,2.916,75533.0,1
Aus,2022-23,Tangail,2023,5258.0,2128.0,2.087,4441.0,1
Aus,2022-23,Thakurgaon,2023,50276.0,20346.0,2.893,58871.0,1
Boro,2021-22,Bagerhat,2023,144097.0,58315.0,4.601,268314.0,1
Boro,2021-22,Bandarban,2023,15428.0,6244.0,3.921,24483.0,1
Boro,2021-22,Barguna,2023,20117.0,8141.0,3.65,29714.0,1
Boro,2021-22,Barishal,2023,130771.0,52944.0,4.061,214990.0,1
Boro,2021-22,Bhola,2023,97801.0,39580.0,4.237,167712.0,1
Boro,2021-22,Bogura,2023,461170.0,186633.0,3.858,720121.0,1
Boro,2021-22,Brahmanbaria,2023,273611.0,110729.0,3.937,435989.0,1
Boro,2021-22,Chandpur,2023,152641.0,61773.0,4.41,272417.0,1
Boro,2021-22,Chapainababganj,2023,124889.0,50562.0,4.463,225685.0,1
Boro,2021-22,Chattogram,2023,156181.0,63206.0,4.003,253044.0,1
Boro,2021-22,Chuadanga,2023,86311.0,34930.0,3.999,139693.0,1
Boro,2021-22,Cox's Bazar,2023,128936.0,52180.0,4.175,217873.0,1
Boro,2021-22,Cumilla,2023,371053.0,150224.0,4.189,629280.0,1
Boro,2021-22,Dhaka,2023,103505.0,41888.0,5.014,210018.0,1
Boro,2021-22,Dinajpur,2023,425926.0,172370.0,4.076,702653.0,1
Boro,2021-22,Faridpur,2023,57157.0,23131.0,4.428,102413.0,1
Boro,2021-22,Feni,2023,72569.0,29368.0,3.451,101359.0,1
Boro,2021-22,Gaibandha,2023,314754.0,127379.0,4.017,511704.0,1
Boro,2021-22,Gazipur,2023,142459.0,57676.0,4.296,247769.0,1
Boro,2021-22,Gopalganj,2023,189515.0,76727.0,5.047,387234.0,1
Boro,2021-22,Habiganj,2023,301859.0,122161.0,3.779,461591.0,1
Boro,2021-22,Jamalpur,2023,319474.0,129289.0,4.059,524828.0,1
Boro,2021-22,Jashore,2023,388152.0,157083.0,4.462,700934.0,1
Boro,2021-22,Jhalokati,2023,26701.0,10806.0,3.364,36347.0,1
Boro,2021-22,Jhenaidah,2023,210787.0,85339.0,4.567,389737.0,1
Boro,2021-22,Joypurhat,2023,168643.0,68249.0,3.853,262958.0,1
Boro,2021-22,Khagrachhari,2023,26931.0,10899.0,3.744,40803.0,1
Boro,2021-22,Khulna,2023,147880.0,59870.0,4.015,240362.0,1
Boro,2021-22,Kishoreganj,2023,404788.0,163815.0,4.095,670800.0,1
Boro,2021-22,Kurigram,2023,277400.0,112308.0,4.397,493847.0,1
Boro,2021-22,Kushtia,2023,87914.0,35578.0,4.05,144077.0,1
Boro,2021-22,Lakshmipur,2023,78854.0,31925.0,3.875,123692.0,1
Boro,2021-22,Lalmonirhat,2023,116608.0,47191.0,4.189,197689.0,1
Boro,2021-22,Madaripur,2023,79724.0,32264.0,4.531,146174.0,1
Boro,2021-22,Magura,2023,90027.0,36448.0,3.777,137675.0,1
Boro,2021-22,Manikganj,2023,116930.0,47321.0,4.669,220923.0,1
Boro,2021-22,Meherpur,2023,48832.0,19762.0,4.079,80617.0,1
Boro,2021-22,Moulvibazar,2023,140959.0,57045.0,4.012,228871.0,1
Boro,2021-22,Munshiganj,2023,58671.0,23744.0,4.452,105703.0,1
Boro,2021-22,Mymensingh,2023,643575.0,260451.0,3.932,1024213.0,1
Boro,2021-22,Naogaon,2023,465879.0,188539.0,4.477,844068.0,1
Boro,2021-22,Narail,2023,120152.0,48625.0,4.504,219006.0,1
Boro,2021-22,Narayanganj,2023,48062.0,19451.0,3.986,77533.0,1
Boro,2021-22,Narsingdi,2023,134037.0,54266.0,3.833,208025.0,1
Boro,2021-22,Natore,2023,148159.0,59959.0,4.285,256899.0,1
Boro,2021-22,Netrakona,2023,446323.0,180624.0,4.101,740659.0,1
Boro,2021-22,Nilphamari,2023,201724.0,81637.0,4.331,353538.0,1
Boro,2021-22,Noakhali,2023,172539.0,69848.0,4.779,333812.0,1
Boro,2021-22,Pabna,2023,134567.0,54458.0,4.145,225720.0,1
Boro,2021-22,Panchagarh,2023,78848.0,31909.0,4.013,128067.0,1
Boro,2021-22,Patuakhali,2023,2684.0,1086.0,3.034,3296.0,1
Boro,2021-22,Pirojpur,2023,56349.0,22804.0,4.169,95071.0,1
Boro,2021-22,Rajbari,2023,31865.0,12895.0,4.457,57469.0,1
Boro,2021-22,Rajshahi,2023,162610.0,65807.0,4.111,270507.0,1
Boro,2021-22,Rangamati,2023,17963.0,7270.0,4.299,31254.0,1
Boro,2021-22,Rangpur,2023,321878.0,130262.0,4.576,596092.0,1
Boro,2021-22,Satkhira,2023,193680.0,78381.0,3.728,292194.0,1
Boro,2021-22,Shariatpur,2023,65086.0,26340.0,4.433,116768.0,1
Boro,2021-22,Sherpur,2023,218822.0,88556.0,4.544,402440.0,1
Boro,2021-22,Sirajganj,2023,347326.0,140561.0,4.485,630375.0,1
Boro,2021-22,Sunamganj,2023,549588.0,222415.0,4.382,974600.0,1
Boro,2021-22,Sylhet,2023,202650.0,82011.0,3.387,277760.0,1
Boro,2021-22,Tangail,2023,420016.0,169978.0,4.213,716202.0,1
Boro,2021-22,Thakurgaon,2023,151556.0,61334.0,3.918,240282.0,1
Boro,2022-23,Bagerhat,2023,146660.0,59352.0,4.647,275830.0,1
Boro,2022-23,Bandarban,2023,15137.0,6126.0,3.909,23948.0,1
Boro,2022-23,Barguna,2023,19790.0,8009.0,3.161,25317.0,1
Boro,2022-23,Barishal,2023,127353.0,51560.0,4.16,214468.0,1
Boro,2022-23,Bhola,2023,98567.0,39890.0,4.196,167366.0,1
Boro,2022-23,Bogura,2023,462608.0,187215.0,4.129,773052.0,1
Boro,2022-23,Brahmanbaria,2023,274737.0,111184.0,3.95,439170.0,1
Boro,2022-23,Chandpur,2023,155580.0,62962.0,3.372,212331.0,1
Boro,2022-23,Chapainababganj,2023,127018.0,51424.0,4.617,237451.0,1
Boro,2022-23,Chattogram,2023,158763.0,64250.0,4.058,260741.0,1
Boro,2022-23,Chuadanga,2023,91518.0,37037.0,4.144,153494.0,1
Boro,2022-23,Cox's Bazar,2023,126053.0,51013.0,4.223,215446.0,1
Boro,2022-23,Cumilla,2023,371353.0,150345.0,4.168,626711.0,1
Boro,2022-23,Dhaka,2023,106094.0,42936.0,4.596,197343.0,1
Boro,2022-23,Dinajpur,2023,426815.0,172730.0,4.209,726949.0,1
Boro,2022-23,Faridpur,2023,56708.0,22949.0,4.532,104006.0,1
Boro,2022-23,Feni,2023,73082.0,29576.0,3.466,102511.0,1
Boro,2022-23,Gaibandha,2023,309341.0,125189.0,4.196,525296.0,1
Boro,2022-23,Gazipur,2023,145802.0,59029.0,4.317,254806.0,1
Boro,2022-23,Gopalganj,2023,198871.0,80514.0,5.338,429796.0,1
Boro,2022-23,Habiganj,2023,302203.0,122300.0,4.103,501786.0,1
Boro,2022-23,Jamalpur,2023,317126.0,128339.0,4.135,530669.0,1
Boro,2022-23,Jashore,2023,394256.0,159553.0,4.708,751125.0,1
Boro,2022-23,Jhalokati,2023,30597.0,12382.0,3.555,44013.0,1
Boro,2022-23,Jhenaidah,2023,221650.0,89737.0,4.36,391242.0,1
Boro,2022-23,Joypurhat,2023,169542.0,68613.0,3.694,253454.0,1
Boro,2022-23,Khagrachhari,2023,26833.0,10859.0,3.85,41804.0,1
Boro,2022-23,Khulna,2023,147631.0,59770.0,4.158,248551.0,1
Boro,2022-23,Kishoreganj,2023,406293.0,164424.0,4.236,696448.0,1
Boro,2022-23,Kurigram,2023,278828.0,112886.0,4.281,483310.0,1
Boro,2022-23,Kushtia,2023,88639.0,35872.0,4.226,151597.0,1
Boro,2022-23,Lakshmipur,2023,82319.0,33328.0,3.439,114598.0,1
Boro,2022-23,Lalmonirhat,2023,118624.0,48006.0,4.266,204819.0,1
Boro,2022-23,Madaripur,2023,80360.0,32521.0,4.338,141088.0,1
Boro,2022-23,Magura,2023,88539.0,35846.0,4.085,146432.0,1
Boro,2022-23,Manikganj,2023,120546.0,48784.0,5.013,244577.0,1
Boro,2022-23,Meherpur,2023,45179.0,18284.0,4.016,73431.0,1
Boro,2022-23,Moulvibazar,2023,147640.0,59749.0,4.842,289317.0,1
Boro,2022-23,Munshiganj,2023,57451.0,23250.0,4.158,96682.0,1
Boro,2022-23,Mymensingh,2023,644109.0,260667.0,4.059,1057952.0,1
Boro,2022-23,Naogaon,2023,470519.0,190416.0,4.527,861924.0,1
Boro,2022-23,Narail,2023,122978.0,49769.0,4.49,223439.0,1
Boro,2022-23,Narayanganj,2023,48899.0,19789.0,4.164,82400.0,1
Boro,2022-23,Narsingdi,2023,132668.0,53712.0,3.817,205033.0,1
Boro,2022-23,Natore,2023,149421.0,60470.0,4.541,274616.0,1
Boro,2022-23,Netrakona,2023,446541.0,180713.0,4.254,768778.0,1
Boro,2022-23,Nilphamari,2023,201791.0,81664.0,4.422,361116.0,1
Boro,2022-23,Noakhali,2023,176400.0,71412.0,4.948,353364.0,1
Boro,2022-23,Pabna,2023,136566.0,55268.0,4.253,235041.0,1
Boro,2022-23,Panchagarh,2023,81232.0,32874.0,4.337,142578.0,1
Boro,2022-23,Patuakhali,2023,13784.0,5578.0,2.397,13369.0,1
Boro,2022-23,Pirojpur,2023,63570.0,25726.0,4.085,105080.0,1
Boro,2022-23,Rajbari,2023,31499.0,12747.0,4.567,58218.0,1
Boro,2022-23,Rajshahi,2023,162350.0,65702.0,4.532,297737.0,1
Boro,2022-23,Rangamati,2023,18047.0,7304.0,4.252,31053.0,1
Boro,2022-23,Rangpur,2023,324278.0,131234.0,4.538,595565.0,1
Boro,2022-23,Satkhira,2023,194355.0,78654.0,3.96,311434.0,1
Boro,2022-23,Shariatpur,2023,60794.0,24603.0,4.474,110066.0,1
Boro,2022-23,Sherpur,2023,224236.0,90747.0,4.733,429548.0,1
Boro,2022-23,Sirajganj,2023,347586.0,140666.0,4.491,631759.0,1
Boro,2022-23,Sunamganj,2023,548050.0,221793.0,4.453,987656.0,1
Boro,2022-23,Sylhet,2023,203285.0,82268.0,3.318,272987.0,1
Boro,2022-23,Tangail,2023,417979.0,169154.0,4.356,736806.0,1
Boro,2022-23,Thakurgaon,2023,152133.0,61567.0,4.046,249129.0,1
Chili,2020-21,Bagerhat,2023,263.4,,,105.63,1
Chili,2020-21,Bandarban,2023,506.0,,,314.55,1
Chili,2020-21,Barguna,2023,0.0,,,0.0,1
Chili,2020-21,Barishal,2023,0.0,,,0.0,1
Chili,2020-21,Bhola,2023,0.0,,,0.0,1
Chili,2020-21,Bogura,2023,839.38,,,1354.56,1
Chili,2020-21,Brahmanbaria,2023,160.97,,,60.19,1
Chili,2020-21,Chandpur,2023,0.0,,,0.0,1
Chili,2020-21,Chapainababganj,2023,192.27,,,302.41,1
Chili,2020-21,Chattogram,2023,146.75,,,194.92,1
Chili,2020-21,Chuadanga,2023,1931.0,,,3401.67,1
Chili,2020-21,Cox's Bazar,2023,54.84,,,56.41,1
Chili,2020-21,Cumilla,2023,101.4,,,78.61,1
Chili,2020-21,Dhaka,2023,323.7,,,723.31,1
Chili,2020-21,Dinajpur,2023,1325.0,,,3277.0,1
Chili,2020-21,Faridpur,2023,4076.0,,,4923.35,1
Chili,2020-21,Feni,2023,1.97,,,0.31,1
Chili,2020-21,Gaibandha,2023,620.0,,,1293.0,1
Chili,2020-21,Gazipur,2023,233.95,,,100.5,1
Chili,2020-21,Gopalganj,2023,281.25,,,489.89,1
Chili,2020-21,Habiganj,2023,268.6,,,246.0,1
Chili,2020-21,Jamalpur,2023,618.0,,,1001.0,1
Chili,2020-21,Jashore,2023,1026.0,,,561.8,1
Chili,2020-21,Jhalokati,2023,0.0,,,0.0,1
Chili,2020-21,Jhenaidah,2023,3114.0,,,5681.0,1
Chili,2020-21,Joypurhat,2023,252.54,,,989.61,1
Chili,2020-21,Khagrachhari,2023,489.5,,,181.88,1
Chili,2020-21,Khulna,2023,317.03,,,540.85,1
Chili,2020-21,Kishoreganj,2023,195.42,,,442.04,1
Chili,2020-21,Kurigram,2023,358.0,,,864.0,1
Chili,2020-21,Kushtia,2023,2467.0,,,8336.0,1
Chili,2020-21,Lakshmipur,2023,14.0,,,42.0,1
Chili,2020-21,Lalmonirhat,2023,275.0,,,884.0,1
Chili,2020-21,Madaripur,2023,322.0,,,482.13,1
Chili,2020-21,Magura,2023,428.7,,,213.25,1
Chili,2020-21,Manikganj,2023,557.0,,,1880.69,1
Chili,2020-21,Meherpur,2023,3213.0,,,2559.49,1
Chili,2020-21,Moulvibazar,2023,110.67,,,53.83,1
Chili,2020-21,Munshiganj,2023,400.0,,,227.16,1
Chili,2020-21,Mymensingh,2023,788.0,,,1265.0,1
Chili,2020-21,Naogaon,2023,1186.8,,,883.62,1
Chili,2020-21,Narail,2023,374.0,,,558.61,1
Chili,2020-21,Narayanganj,2023,162.97,,,62.88,1
Chili,2020-21,Narsingdi,2023,176.68,,,131.35,1
Chili,2020-21,Natore,2023,492.0,,,688.71,1
Chili,2020-21,Netrakona,2023,200.0,,,330.0,1
Chili,2020-21,Nilphamari,2023,925.0,,,3404.0,1
Chili,2020-21,Noakhali,2023,0.0,,,0.0,1
Chili,2020-21,Pabna,2023,7848.0,,,23152.0,1
Chili,2020-21,Panchagarh,2023,2437.0,,,6212.0,1
Chili,2020-21,Patuakhali,2023,0.0,,,0.0,1
Chili,2020-21,Pirojpur,2023,0.0,,,0.0,1
Chili,2020-21,Rajbari,2023,3001.0,,,3296.16,1
Chili,2020-21,Rajshahi,2023,2214.99,,,6883.44,1
Chili,2020-21,Rangamati,2023,970.2,,,399.03,1
Chili,2020-21,Rangpur,2023,1130.0,,,2402.0,1
Chili,2020-21,Satkhira,2023,542.8,,,634.14,1
Chili,2020-21,Shariatpur,2023,137.6,,,472.0,1
Chili,2020-21,Sherpur,2023,380.0,,,684.0,1
Chili,2020-21,Sirajganj,2023,334.55,,,1002.13,1
Chili,2020-21,Sunamganj,2023,70.0,,,49.0,1
Chili,2020-21,Sylhet,2023,65.0,,,81.0,1
Chili,2020-21,Tangail,2023,664.85,,,205.19,1
Chili,2020-21,Thakurgaon,2023,1086.0,,,4467.0,1
Chili,2021-22,Bagerhat,2023,310.6,,,537.6,1
Chili,2021-22,Bandarban,2023,510.0,,,1392.25,1
Chili,2021-22,Barguna,2023,0.0,,,0.0,1
Chili,2021-22,Barishal,2023,0.0,,,0.0,1
Chili,2021-22,Bhola,2023,0.0,,,0.0,1
Chili,2021-22,Bogura,2023,873.29,,,2653.0,1
Chili,2021-22,Brahmanbaria,2023,150.7,,,414.14,1
Chili,2021-22,Chandpur,2023,0.0,,,0.0,1
Chili,2021-22,Chapainababganj,2023,219.8,,,481.22,1
Chili,2021-22,Chattogram,2023,151.2,,,444.2,1
Chili,2021-22,Chuadanga,2023,1893.0,,,3251.1,1
Chili,2021-22,Cox's Bazar,2023,58.03,,,149.36,1
Chili,2021-22,Cumilla,2023,113.96,,,277.61,1
Chili,2021-22,Dhaka,2023,417.2,,,996.17,1
Chili,2021-22,Dinajpur,2023,1233.0,,,4750.0,1
Chili,2021-22,Faridpur,2023,4051.73,,,4898.69,1
Chili,2021-22,Feni,2023,2.53,,,7.56,1
Chili,2021-22,Gaibandha,2023,621.0,,,1231.0,1
Chili,2021-22,Gazipur,2023,378.47,,,170.09,1
Chili,2021-22,Gopalganj,2023,258.12,,,775.78,1
Chili,2021-22,Habiganj,2023,297.37,,,319.0,1
Chili,2021-22,Jamalpur,2023,627.0,,,1033.0,1
Chili,2021-22,Jashore,2023,1027.0,,,841.6,1
Chili,2021-22,Jhalokati,2023,0.0,,,0.0,1
Chili,2021-22,Jhenaidah,2023,1979.0,,,4174.0,1
Chili,2021-22,Joypurhat,2023,174.71,,,693.5,1
Chili,2021-22,Khagrachhari,2023,483.5,,,1291.18,1
Chili,2021-22,Khulna,2023,310.6,,,537.6,1
Chili,2021-22,Kishoreganj,2023,211.42,,,520.29,1
Chili,2021-22,Kurigram,2023,401.51,,,1179.0,1
Chili,2021-22,Kushtia,2023,3679.0,,,12373.0,1
Chili,2021-22,Lakshmipur,2023,87.3,,,255.39,1
Chili,2021-22,Lalmonirhat,2023,306.5,,,925.49,1
Chili,2021-22,Madaripur,2023,299.74,,,1110.84,1
Chili,2021-22,Magura,2023,430.5,,,214.76,1
Chili,2021-22,Manikganj,2023,647.55,,,1951.63,1
Chili,2021-22,Meherpur,2023,3178.0,,,8312.0,1
Chili,2021-22,Moulvibazar,2023,111.59,,,55.02,1
Chili,2021-22,Munshiganj,2023,311.5,,,419.6,1
Chili,2021-22,Mymensingh,2023,838.0,,,1455.0,1
Chili,2021-22,Naogaon,2023,1178.61,,,3840.29,1
Chili,2021-22,Narail,2023,369.0,,,554.7,1
Chili,2021-22,Narayanganj,2023,218.0,,,92.09,1
Chili,2021-22,Narsingdi,2023,172.1,,,141.63,1
Chili,2021-22,Natore,2023,561.0,,,1036.0,1
Chili,2021-22,Netrakona,2023,188.0,,,297.0,1
Chili,2021-22,Nilphamari,2023,1021.78,,,3919.39,1
Chili,2021-22,Noakhali,2023,0.0,,,0.0,1
Chili,2021-22,Pabna,2023,7991.0,,,29055.1,1
Chili,2021-22,Panchagarh,2023,1555.0,,,4697.75,1
Chili,2021-22,Patuakhali,2023,0.0,,,0.0,1
Chili,2021-22,Pirojpur,2023,0.0,,,0.0,1
Chili,2021-22,Rajbari,2023,2767.0,,,6449.2,1
Chili,2021-22,Rajshahi,2023,2206.97,,,7559.83,1
Chili,2021-22,Rangamati,2023,968.35,,,2655.36,1
Chili,2021-22,Rangpur,2023,1134.0,,,2287.0,1
Chili,2021-22,Satkhira,2023,519.0,,,630.0,1
Chili,2021-22,Shariatpur,2023,192.0,,,540.0,1
Chili,2021-22,Sherpur,2023,382.0,,,568.0,1
Chili,2021-22,Sirajganj,2023,312.25,,,881.34,1
Chili,2021-22,Sunamganj,2023,72.0,,,50.2,1
Chili,2021-22,Sylhet,2023,73.0,,,83.0,1
Chili,2021-22,Tangail,2023,675.7,,,875.44,1
Chili,2021-22,Thakurgaon,2023,1090.0,,,2297.25,1
Chili,2022-23,Bagerhat,2023,269.25,,,269.35,1
Chili,2022-23,Bandarban,2023,509.6,,,547.4,1
Chili,2022-23,Barguna,2023,0.0,,,0.0,1
Chili,2022-23,Barishal,2023,0.0,,,0.0,1
Chili,2022-23,Bhola,2023,0.0,,,0.0,1
Chili,2022-23,Bogura,2023,1099.72,,,4664.92,1
Chili,2022-23,Brahmanbaria,2023,152.4,,,407.01,1
Chili,2022-23,Chandpur,2023,0.0,,,0.0,1
Chili,2022-23,Chapainababganj,2023,227.0,,,506.79,1
Chili,2022-23,Chattogram,2023,140.25,,,146.86,1
Chili,2022-23,Chuadanga,2023,1894.0,,,3431.06,1
Chili,2022-23,Cox's Bazar,2023,63.36,,,61.28,1
Chili,2022-23,Cumilla,2023,119.96,,,136.15,1
Chili,2022-23,Dhaka,2023,442.65,,,1016.54,1
Chili,2022-23,Dinajpur,2023,1252.0,,,4960.0,1
Chili,2022-23,Faridpur,2023,3989.0,,,9364.8,1
Chili,2022-23,Feni,2023,2.7,,,3.0,1
Chili,2022-23,Gaibandha,2023,618.2,,,1161.04,1
Chili,2022-23,Gazipur,2023,444.2,,,681.4,1
Chili,2022-23,Gopalganj,2023,266.07,,,806.2,1
Chili,2022-23,Habiganj,2023,289.74,,,374.0,1
Chili,2022-23,Jamalpur,2023,642.0,,,1066.0,1
Chili,2022-23,Jashore,2023,1039.5,,,960.5,1
Chili,2022-23,Jhalokati,2023,0.0,,,0.0,1
Chili,2022-23,Jhenaidah,2023,2013.6,,,4219.61,1
Chili,2022-23,Joypurhat,2023,181.7,,,772.23,1
Chili,2022-23,Khagrachhari,2023,498.78,,,1339.63,1
Chili,2022-23,Khulna,2023,304.77,,,541.87,1
Chili,2022-23,Kishoreganj,2023,227.05,,,596.26,1
Chili,2022-23,Kurigram,2023,407.71,,,1196.55,1
Chili,2022-23,Kushtia,2023,3907.0,,,15300.0,1
Chili,2022-23,Lakshmipur,2023,98.0,,,241.0,1
Chili,2022-23,Lalmonirhat,2023,310.0,,,932.09,1
Chili,2022-23,Madaripur,2023,278.08,,,954.16,1
Chili,2022-23,Magura,2023,655.25,,,630.84,1
Chili,2022-23,Manikganj,2023,638.37,,,1814.1,1
Chili,2022-23,Meherpur,2023,3210.0,,,9358.71,1
Chili,2022-23,Moulvibazar,2023,120.96,,,62.64,1
Chili,2022-23,Munshiganj,2023,320.2,,,755.88,1
Chili,2022-23,Mymensingh,2023,843.0,,,1476.0,1
Chili,2022-23,Naogaon,2023,1132.97,,,4451.91,1
Chili,2022-23,Narail,2023,373.0,,,559.41,1
Chili,2022-23,Narayanganj,2023,304.15,,,408.69,1
Chili,2022-23,Narsingdi,2023,493.08,,,1600.82,1
Chili,2022-23,Natore,2023,573.4,,,1792.27,1
Chili,2022-23,Netrakona,2023,199.0,,,347.0,1
Chili,2022-23,Nilphamari,2023,1073.73,,,4249.69,1
Chili,2022-23,Noakhali,2023,0.0,,,0.0,1
Chili,2022-23,Pabna,2023,7962.0,,,41756.89,1
Chili,2022-23,Panchagarh,2023,1398.0,,,4302.65,1
Chili,2022-23,Patuakhali,2023,0.0,,,0.0,1
Chili,2022-23,Pirojpur,2023,0.0,,,0.0,1
Chili,2022-23,Rajbari,2023,2887.18,,,7754.9,1
Chili,2022-23,Rajshahi,2023,2174.33,,,7567.28,1
Chili,2022-23,Rangamati,2023,904.05,,,470.47,1
Chili,2022-23,Rangpur,2023,1131.0,,,2240.0,1
Chili,2022-23,Satkhira,2023,529.42,,,645.71,1
Chili,2022-23,Shariatpur,2023,196.0,,,565.0,1
Chili,2022-23,Sherpur,2023,385.0,,,656.0,1
Chili,2022-23,Sirajganj,2023,345.14,,,1084.23,1
Chili,2022-23,Sunamganj,2023,63.3,,,43.6,1
Chili,2022-23,Sylhet,2023,109.8,,,219.9,1
Chili,2022-23,Tangail,2023,697.36,,,1483.11,1
Chili,2022-23,Thakurgaon,2023,1091.94,,,2390.63,1
Garlic,2020-21,Bagerhat,2023,149.0,,,202.0,1
Garlic,2020-21,Bandarban,2023,72.0,,,137.0,1
Garlic,2020-21,Barguna,2023,32.0,,,33.0,1
Garlic,2020-21,Barishal,2023,328.0,,,454.0,1
Garlic,2020-21,Bhola,2023,1359.0,,,2472.0,1
Garlic,2020-21,Bogura,2023,856.0,,,1484.0,1
Garlic,2020-21,Brahmanbaria,2023,809.0,,,1259.0,1
Garlic,2020-21,Chandpur,2023,1069.0,,,1890.0,1
Garlic,2020-21,Chapainababganj,2023,6068.0,,,10939.0,1
Garlic,2020-21,Chattogram,2023,94.61,,,98.19,1
Garlic,2020-21,Chuadanga,2023,796.0,,,2365.0,1
Garlic,2020-21,Cox's Bazar,2023,12.29,,,9.09,1
Garlic,2020-21,Cumilla,2023,698.65,,,1322.4,1
Garlic,2020-21,Dhaka,2023,1673.0,,,4302.0,1
Garlic,2020-21,Dinajpur,2023,11051.0,,,34417.0,1
Garlic,2020-21,Faridpur,2023,5801.0,,,9073.0,1
Garlic,2020-21,Feni,2023,28.42,,,63.85,1
Garlic,2020-21,Gaibandha,2023,729.0,,,911.0,1
Garlic,2020-21,Gazipur,2023,358.0,,,277.0,1
Garlic,2020-21,Gopalganj,2023,403.0,,,1106.0,1
Garlic,2020-21,Habiganj,2023,93.0,,,191.0,1
Garlic,2020-21,Jamalpur,2023,1207.0,,,2372.0,1
Garlic,2020-21,Jashore,2023,1320.0,,,3704.0,1
Garlic,2020-21,Jhalokati,2023,27.0,,,22.0,1
Garlic,2020-21,Jhenaidah,2023,3936.0,,,11234.0,1
Garlic,2020-21,Joypurhat,2023,304.0,,,776.0,1
Garlic,2020-21,Khagrachhari,2023,48.3,,,45.3,1
Garlic,2020-21,Khulna,2023,133.0,,,228.0,1
Garlic,2020-21,Kishoreganj,2023,1062.0,,,2688.0,1
Garlic,2020-21,Kurigram,2023,588.0,,,830.0,1
Garlic,2020-21,Kushtia,2023,3518.0,,,9278.0,1
Garlic,2020-21,Lakshmipur,2023,213.0,,,204.0,1
Garlic,2020-21,Lalmonirhat,2023,623.0,,,1183.0,1
Garlic,2020-21,Madaripur,2023,7523.0,,,22549.0,1
Garlic,2020-21,Magura,2023,2649.0,,,8568.0,1
Garlic,2020-21,Manikganj,2023,1543.0,,,2251.0,1
Garlic,2020-21,Meherpur,2023,1553.0,,,5821.0,1
Garlic,2020-21,Moulvibazar,2023,55.0,,,98.0,1
Garlic,2020-21,Munshiganj,2023,277.0,,,415.0,1
Garlic,2020-21,Mymensingh,2023,1020.0,,,2166.0,1
Garlic,2020-21,Naogaon,2023,2762.0,,,7434.0,1
Garlic,2020-21,Narail,2023,353.0,,,889.0,1
Garlic,2020-21,Narayanganj,2023,170.0,,,171.0,1
Garlic,2020-21,Narsingdi,2023,163.0,,,184.0,1
Garlic,2020-21,Natore,2023,48842.0,,,147635.0,1
Garlic,2020-21,Netrakona,2023,735.0,,,1766.0,1
Garlic,2020-21,Nilphamari,2023,1231.0,,,3418.0,1
Garlic,2020-21,Noakhali,2023,272.6,,,588.82,1
Garlic,2020-21,Pabna,2023,24559.0,,,69484.0,1
Garlic,2020-21,Panchagarh,2023,1667.0,,,4632.0,1
Garlic,2020-21,Patuakhali,2023,305.0,,,250.0,1
Garlic,2020-21,Pirojpur,2023,66.0,,,82.0,1
Garlic,2020-21,Rajbari,2023,14460.0,,,36782.0,1
Garlic,2020-21,Rajshahi,2023,12373.0,,,51674.0,1
Garlic,2020-21,Rangamati,2023,49.88,,,82.13,1
Garlic,2020-21,Rangpur,2023,2077.0,,,4077.0,1
Garlic,2020-21,Satkhira,2023,647.0,,,1677.74,1
Garlic,2020-21,Shariatpur,2023,2835.0,,,7881.0,1
Garlic,2020-21,Sherpur,2023,449.0,,,828.0,1
Garlic,2020-21,Sirajganj,2023,2060.0,,,4520.0,1
Garlic,2020-21,Sunamganj,2023,197.0,,,536.0,1
Garlic,2020-21,Sylhet,2023,108.0,,,156.0,1
Garlic,2020-21,Tangail,2023,2835.0,,,7881.0,1
Garlic,2020-21,Thakurgaon,2023,739.0,,,1545.0,1
Garlic,2021-22,Bagerhat,2023,157.0,,,212.51,1
Garlic,2021-22,Bandarban,2023,72.85,,,139.0,1
Garlic,2021-22,Barguna,2023,32.0,,,31.0,1
Garlic,2021-22,Barishal,2023,395.0,,,258.0,1
Garlic,2021-22,Bhola,2023,1608.0,,,3852.0,1
Garlic,2021-22,Bogura,2023,978.13,,,1703.53,1
Garlic,2021-22,Brahmanbaria,2023,805.27,,,1651.74,1
Garlic,2021-22,Chandpur,2023,1042.2,,,1999.43,1
Garlic,2021-22,Chapainababganj,2023,6095.9,,,11190.14,1
Garlic,2021-22,Chattogram,2023,101.28,,,112.99,1
Garlic,2021-22,Chuadanga,2023,770.5,,,2290.21,1
Garlic,2021-22,Cox's Bazar,2023,11.61,,,8.76,1
Garlic,2021-22,Cumilla,2023,698.8,,,1321.1,1
Garlic,2021-22,Dhaka,2023,1614.08,,,4333.96,1
Garlic,2021-22,Dinajpur,2023,11120.0,,,29361.0,1
Garlic,2021-22,Faridpur,2023,6006.3,,,10142.75,1
Garlic,2021-22,Feni,2023,29.0,,,64.11,1
Garlic,2021-22,Gaibandha,2023,755.0,,,1277.11,1
Garlic,2021-22,Gazipur,2023,274.69,,,286.38,1
Garlic,2021-22,Gopalganj,2023,450.75,,,1336.58,1
Garlic,2021-22,Habiganj,2023,70.0,,,136.64,1
Garlic,2021-22,Jamalpur,2023,1205.0,,,2368.0,1
Garlic,2021-22,Jashore,2023,1394.0,,,4105.93,1
Garlic,2021-22,Jhalokati,2023,31.0,,,27.0,1
Garlic,2021-22,Jhenaidah,2023,3898.0,,,11130.36,1
Garlic,2021-22,Joypurhat,2023,306.24,,,814.16,1
Garlic,2021-22,Khagrachhari,2023,55.9,,,51.13,1
Garlic,2021-22,Khulna,2023,128.0,,,220.36,1
Garlic,2021-22,Kishoreganj,2023,1035.97,,,2674.38,1
Garlic,2021-22,Kurigram,2023,622.5,,,950.72,1
Garlic,2021-22,Kushtia,2023,3570.0,,,9903.0,1
Garlic,2021-22,Lakshmipur,2023,215.0,,,228.0,1
Garlic,2021-22,Lalmonirhat,2023,657.25,,,1222.27,1
Garlic,2021-22,Madaripur,2023,7541.2,,,21780.85,1
Garlic,2021-22,Magura,2023,2524.0,,,8017.12,1
Garlic,2021-22,Manikganj,2023,1602.5,,,3085.61,1
Garlic,2021-22,Meherpur,2023,1456.0,,,5531.76,1
Garlic,2021-22,Moulvibazar,2023,51.0,,,86.94,1
Garlic,2021-22,Munshiganj,2023,283.65,,,366.5,1
Garlic,2021-22,Mymensingh,2023,1027.0,,,2268.0,1
Garlic,2021-22,Naogaon,2023,2596.09,,,7756.65,1
Garlic,2021-22,Narail,2023,370.0,,,938.1,1
Garlic,2021-22,Narayanganj,2023,169.14,,,143.77,1
Garlic,2021-22,Narsingdi,2023,213.21,,,241.42,1
Garlic,2021-22,Natore,2023,48686.75,,,167382.32,1
Garlic,2021-22,Netrakona,2023,675.0,,,1690.0,1
Garlic,2021-22,Nilphamari,2023,1297.0,,,3498.0,1
Garlic,2021-22,Noakhali,2023,318.2,,,541.61,1
Garlic,2021-22,Pabna,2023,24458.5,,,72037.0,1
Garlic,2021-22,Panchagarh,2023,1892.0,,,5801.9,1
Garlic,2021-22,Patuakhali,2023,299.0,,,236.0,1
Garlic,2021-22,Pirojpur,2023,83.0,,,99.0,1
Garlic,2021-22,Rajbari,2023,12466.0,,,37326.7,1
Garlic,2021-22,Rajshahi,2023,13613.7,,,59367.15,1
Garlic,2021-22,Rangamati,2023,52.08,,,85.43,1
Garlic,2021-22,Rangpur,2023,2269.0,,,4796.0,1
Garlic,2021-22,Satkhira,2023,645.21,,,1674.07,1
Garlic,2021-22,Shariatpur,2023,2846.0,,,7287.0,1
Garlic,2021-22,Sherpur,2023,454.0,,,846.0,1
Garlic,2021-22,Sirajganj,2023,2053.44,,,4433.4,1
Garlic,2021-22,Sunamganj,2023,199.0,,,544.0,1
Garlic,2021-22,Sylhet,2023,115.0,,,181.0,1
Garlic,2021-22,Tangail,2023,1231.05,,,1824.35,1
Garlic,2021-22,Thakurgaon,2023,740.62,,,1547.26,1
Garlic,2022-23,Bagerhat,2023,156.0,,,214.31,1
Garlic,2022-23,Bandarban,2023,76.0,,,145.7,1
Garlic,2022-23,Barguna,2023,27.0,,,29.0,1
Garlic,2022-23,Barishal,2023,366.0,,,392.0,1
Garlic,2022-23,Bhola,2023,1641.0,,,3622.0,1
Garlic,2022-23,Bogura,2023,982.48,,,1847.19,1
Garlic,2022-23,Brahmanbaria,2023,701.41,,,1464.05,1
Garlic,2022-23,Chandpur,2023,1042.22,,,2017.2,1
Garlic,2022-23,Chapainababganj,2023,6130.5,,,15005.68,1
Garlic,2022-23,Chattogram,2023,91.42,,,132.4,1
Garlic,2022-23,Chuadanga,2023,763.25,,,2273.36,1
Garlic,2022-23,Cox's Bazar,2023,10.65,,,8.25,1
Garlic,2022-23,Cumilla,2023,696.3,,,1315.0,1
Garlic,2022-23,Dhaka,2023,1560.83,,,4187.09,1
Garlic,2022-23,Dinajpur,2023,10954.0,,,30427.94,1
Garlic,2022-23,Faridpur,2023,6026.2,,,10212.52,1
Garlic,2022-23,Feni,2023,30.0,,,75.5,1
Garlic,2022-23,Gaibandha,2023,755.0,,,1277.11,1
Garlic,2022-23,Gazipur,2023,280.81,,,316.23,1
Garlic,2022-23,Gopalganj,2023,452.65,,,1218.77,1
Garlic,2022-23,Habiganj,2023,75.0,,,149.5,1
Garlic,2022-23,Jamalpur,2023,1230.0,,,2422.0,1
Garlic,2022-23,Jashore,2023,1419.0,,,4232.07,1
Garlic,2022-23,Jhalokati,2023,32.0,,,29.0,1
Garlic,2022-23,Jhenaidah,2023,3928.0,,,11288.62,1
Garlic,2022-23,Joypurhat,2023,311.85,,,839.64,1
Garlic,2022-23,Khagrachhari,2023,48.05,,,42.85,1
Garlic,2022-23,Khulna,2023,132.35,,,235.06,1
Garlic,2022-23,Kishoreganj,2023,1023.96,,,2670.37,1
Garlic,2022-23,Kurigram,2023,625.5,,,989.8,1
Garlic,2022-23,Kushtia,2023,3316.0,,,9660.0,1
Garlic,2022-23,Lakshmipur,2023,202.25,,,204.5,1
Garlic,2022-23,Lalmonirhat,2023,657.0,,,1218.08,1
Garlic,2022-23,Madaripur,2023,7762.95,,,21866.83,1
Garlic,2022-23,Magura,2023,2275.0,,,7341.81,1
Garlic,2022-23,Manikganj,2023,1577.51,,,3204.79,1
Garlic,2022-23,Meherpur,2023,1438.0,,,5659.21,1
Garlic,2022-23,Moulvibazar,2023,49.0,,,82.6,1
Garlic,2022-23,Munshiganj,2023,265.4,,,392.6,1
Garlic,2022-23,Mymensingh,2023,1015.0,,,2309.0,1
Garlic,2022-23,Naogaon,2023,2283.15,,,7217.68,1
Garlic,2022-23,Narail,2023,376.0,,,957.3,1
Garlic,2022-23,Narayanganj,2023,162.94,,,146.76,1
Garlic,2022-23,Narsingdi,2023,218.51,,,248.43,1
Garlic,2022-23,Natore,2023,48279.6,,,169489.44,1
Garlic,2022-23,Netrakona,2023,637.0,,,1556.0,1
Garlic,2022-23,Nilphamari,2023,1289.0,,,3515.0,1
Garlic,2022-23,Noakhali,2023,325.4,,,545.72,1
Garlic,2022-23,Pabna,2023,24451.0,,,94906.5,1
Garlic,2022-23,Panchagarh,2023,1844.0,,,5680.18,1
Garlic,2022-23,Patuakhali,2023,311.0,,,241.0,1
Garlic,2022-23,Pirojpur,2023,81.0,,,96.0,1
Garlic,2022-23,Rajbari,2023,12410.0,,,37181.5,1
Garlic,2022-23,Rajshahi,2023,11164.87,,,47347.06,1
Garlic,2022-23,Rangamati,2023,51.85,,,87.72,1
Garlic,2022-23,Rangpur,2023,2291.0,,,4744.0,1
Garlic,2022-23,Satkhira,2023,652.32,,,1712.26,1
Garlic,2022-23,Shariatpur,2023,5410.0,,,12568.0,1
Garlic,2022-23,Sherpur,2023,458.0,,,1005.0,1
Garlic,2022-23,Sirajganj,2023,1954.93,,,4387.92,1
Garlic,2022-23,Sunamganj,2023,212.0,,,578.0,1
Garlic,2022-23,Sylhet,2023,123.0,,,199.0,1
Garlic,2022-23,Tangail,2023,1244.58,,,1893.02,1
Garlic,2022-23,Thakurgaon,2023,755.97,,,1584.04,1
Gram,2020-21,Bagerhat,2023,7.0,,,2.2,1
Gram,2020-21,Bandarban,2023,7.0,,,3.54,1
Gram,2020-21,Barguna,2023,42.0,,,15.3,1
Gram,2020-21,Barishal,2023,959.0,,,383.0,1
Gram,2020-21,Bhola,2023,74.0,,,51.0,1
Gram,2020-21,Bogura,2023,8.85,,,3.04,1
Gram,2020-21,Brahmanbaria,2023,0.0,,,0.0,1
Gram,2020-21,Chandpur,2023,0.0,,,0.0,1
Gram,2020-21,Chapainababganj,2023,1798.25,,,687.23,1
Gram,2020-21,Chattogram,2023,26.32,,,8.46,1
Gram,2020-21,Chuadanga,2023,144.0,,,53.14,1
Gram,2020-21,Cox's Bazar,2023,0.0,,,0.0,1
Gram,2020-21,Cumilla,2023,0.0,,,0.0,1
Gram,2020-21,Dhaka,2023,7.25,,,2.03,1
Gram,2020-21,Dinajpur,2023,9.3,,,3.13,1
Gram,2020-21,Faridpur,2023,210.11,,,85.32,1
Gram,2020-21,Feni,2023,38.52,,,17.81,1
Gram,2020-21,Gaibandha,2023,31.0,,,18.0,1
Gram,2020-21,Gazipur,2023,38.86,,,19.63,1
Gram,2020-21,Gopalganj,2023,103.0,,,20.27,1
Gram,2020-21,Habiganj,2023,0.0,,,0.0,1
Gram,2020-21,Jamalpur,2023,90.0,,,34.0,1
Gram,2020-21,Jashore,2023,234.4,,,104.55,1
Gram,2020-21,Jhalokati,2023,255.0,,,95.0,1
Gram,2020-21,Jhenaidah,2023,89.86,,,45.41,1
Gram,2020-21,Joypurhat,2023,0.0,,,0.0,1
Gram,2020-21,Khagrachhari,2023,0.0,,,0.0,1
Gram,2020-21,Khulna,2023,3.0,,,1.23,1
Gram,2020-21,Kishoreganj,2023,5.77,,,1.82,1
Gram,2020-21,Kurigram,2023,242.63,,,106.23,1
Gram,2020-21,Kushtia,2023,164.0,,,79.0,1
Gram,2020-21,Lakshmipur,2023,11.95,,,6.0,1
Gram,2020-21,Lalmonirhat,2023,11.0,,,9.27,1
Gram,2020-21,Madaripur,2023,965.2,,,402.59,1
Gram,2020-21,Magura,2023,257.65,,,75.85,1
Gram,2020-21,Manikganj,2023,4.0,,,1.53,1
Gram,2020-21,Meherpur,2023,16.2,,,6.84,1
Gram,2020-21,Moulvibazar,2023,1.8,,,1.17,1
Gram,2020-21,Munshiganj,2023,0.0,,,0.0,1
Gram,2020-21,Mymensingh,2023,45.0,,,23.0,1
Gram,2020-21,Naogaon,2023,190.9,,,71.17,1
Gram,2020-21,Narail,2023,43.0,,,19.45,1
Gram,2020-21,Narayanganj,2023,0.0,,,0.0,1
Gram,2020-21,Narsingdi,2023,3.0,,,5.0,1
Gram,2020-21,Natore,2023,66.0,,,27.29,1
Gram,2020-21,Netrakona,2023,0.0,,,0.0,1
Gram,2020-21,Nilphamari,2023,0.0,,,0.0,1
Gram,2020-21,Noakhali,2023,7.6,,,1.14,1
Gram,2020-21,Pabna,2023,161.24,,,104.37,1
Gram,2020-21,Panchagarh,2023,40.0,,,13.0,1
Gram,2020-21,Patuakhali,2023,1242.0,,,540.0,1
Gram,2020-21,Pirojpur,2023,0.0,,,0.0,1
Gram,2020-21,Rajbari,2023,61.0,,,31.0,1
Gram,2020-21,Rajshahi,2023,3101.01,,,1519.24,1
Gram,2020-21,Rangamati,2023,0.0,,,0.0,1
Gram,2020-21,Rangpur,2023,24.76,,,11.0,1
Gram,2020-21,Satkhira,2023,0.0,,,0.0,1
Gram,2020-21,Shariatpur,2023,273.0,,,192.0,1
Gram,2020-21,Sherpur,2023,58.0,,,40.0,1
Gram,2020-21,Sirajganj,2023,52.3,,,27.81,1
Gram,2020-21,Sunamganj,2023,0.0,,,0.0,1
Gram,2020-21,Sylhet,2023,7.0,,,2.66,1
Gram,2020-21,Tangail,2023,3.64,,,1.05,1
Gram,2020-21,Thakurgaon,2023,82.0,,,36.0,1
Gram,2021-22,Bagerhat,2023,6.7,,,2.14,1
Gram,2021-22,Bandarban,2023,7.0,,,4.0,1
Gram,2021-22,Barguna,2023,42.0,,,14.0,1
Gram,2021-22,Barishal,2023,850.0,,,370.0,1
Gram,2021-22,Bhola,2023,81.0,,,53.0,1
Gram,2021-22,Bogura,2023,13.52,,,5.41,1
Gram,2021-22,Brahmanbaria,2023,0.0,,,0.0,1
Gram,2021-22,Chandpur,2023,0.0,,,0.0,1
Gram,2021-22,Chapainababganj,2023,1788.05,,,729.13,1
Gram,2021-22,Chattogram,2023,27.0,,,9.0,1
Gram,2021-22,Chuadanga,2023,137.0,,,51.94,1
Gram,2021-22,Cox's Bazar,2023,0.0,,,0.0,1
Gram,2021-22,Cumilla,2023,0.0,,,0.0,1
Gram,2021-22,Dhaka,2023,0.0,,,0.0,1
Gram,2021-22,Dinajpur,2023,7.2,,,2.3,1
Gram,2021-22,Faridpur,2023,199.3,,,79.38,1
Gram,2021-22,Feni,2023,40.0,,,18.0,1
Gram,2021-22,Gaibandha,2023,32.0,,,18.94,1
Gram,2021-22,Gazipur,2023,37.34,,,18.82,1
Gram,2021-22,Gopalganj,2023,104.05,,,41.04,1
Gram,2021-22,Habiganj,2023,0.0,,,0.0,1
Gram,2021-22,Jamalpur,2023,63.0,,,27.0,1
Gram,2021-22,Jashore,2023,222.8,,,99.56,1
Gram,2021-22,Jhalokati,2023,270.0,,,102.0,1
Gram,2021-22,Jhenaidah,2023,81.91,,,41.92,1
Gram,2021-22,Joypurhat,2023,0.0,,,0.0,1
Gram,2021-22,Khagrachhari,2023,0.0,,,0.0,1
Gram,2021-22,Khulna,2023,3.3,,,1.34,1
Gram,2021-22,Kishoreganj,2023,4.13,,,1.37,1
Gram,2021-22,Kurigram,2023,248.45,,,110.81,1
Gram,2021-22,Kushtia,2023,140.0,,,68.0,1
Gram,2021-22,Lakshmipur,2023,13.0,,,5.0,1
Gram,2021-22,Lalmonirhat,2023,12.0,,,10.49,1
Gram,2021-22,Madaripur,2023,890.47,,,345.57,1
Gram,2021-22,Magura,2023,251.7,,,73.39,1
Gram,2021-22,Manikganj,2023,5.6,,,2.29,1
Gram,2021-22,Meherpur,2023,19.0,,,7.83,1
Gram,2021-22,Moulvibazar,2023,2.0,,,1.25,1
Gram,2021-22,Munshiganj,2023,0.0,,,0.0,1
Gram,2021-22,Mymensingh,2023,19.0,,,10.0,1
Gram,2021-22,Naogaon,2023,136.25,,,52.62,1
Gram,2021-22,Narail,2023,39.0,,,17.38,1
Gram,2021-22,Narayanganj,2023,0.0,,,0.0,1
Gram,2021-22,Narsingdi,2023,4.21,,,1.43,1
Gram,2021-22,Natore,2023,45.0,,,21.23,1
Gram,2021-22,Netrakona,2023,0.0,,,0.0,1
Gram,2021-22,Nilphamari,2023,0.0,,,0.0,1
Gram,2021-22,Noakhali,2023,9.0,,,1.0,1
Gram,2021-22,Pabna,2023,165.6,,,108.0,1
Gram,2021-22,Panchagarh,2023,40.0,,,11.5,1
Gram,2021-22,Patuakhali,2023,1248.0,,,348.0,1
Gram,2021-22,Pirojpur,2023,0.0,,,0.0,1
Gram,2021-22,Rajbari,2023,47.0,,,30.0,1
Gram,2021-22,Rajshahi,2023,3084.2,,,1788.74,1
Gram,2021-22,Rangamati,2023,27.0,,,9.0,1
Gram,2021-22,Rangpur,2023,24.0,,,9.0,1
Gram,2021-22,Satkhira,2023,0.0,,,0.0,1
Gram,2021-22,Shariatpur,2023,26.0,,,13.0,1
Gram,2021-22,Sherpur,2023,58.0,,,40.0,1
Gram,2021-22,Sirajganj,2023,45.82,,,29.34,1
Gram,2021-22,Sunamganj,2023,0.0,,,0.0,1
Gram,2021-22,Sylhet,2023,6.0,,,2.56,1
Gram,2021-22,Tangail,2023,3.56,,,1.02,1
Gram,2021-22,Thakurgaon,2023,85.5,,,37.88,1
Gram,2022-23,Bagerhat,2023,9.0,,,2.57,1
Gram,2022-23,Bandarban,2023,7.5,,,3.79,1
Gram,2022-23,Barguna,2023,27.0,,,22.0,1
Gram,2022-23,Barishal,2023,851.0,,,398.0,1
Gram,2022-23,Bhola,2023,79.8,,,42.0,1
Gram,2022-23,Bogura,2023,9.8,,,4.96,1
Gram,2022-23,Brahmanbaria,2023,0.0,,,0.0,1
Gram,2022-23,Chandpur,2023,0.0,,,0.0,1
Gram,2022-23,Chapainababganj,2023,1575.1,,,631.49,1
Gram,2022-23,Chattogram,2023,28.0,,,9.0,1
Gram,2022-23,Chuadanga,2023,129.65,,,55.66,1
Gram,2022-23,Cox's Bazar,2023,0.0,,,0.0,1
Gram,2022-23,Cumilla,2023,0.0,,,0.0,1
Gram,2022-23,Dhaka,2023,0.0,,,0.0,1
Gram,2022-23,Dinajpur,2023,6.0,,,1.94,1
Gram,2022-23,Faridpur,2023,188.7,,,77.99,1
Gram,2022-23,Feni,2023,41.0,,,18.5,1
Gram,2022-23,Gaibandha,2023,32.0,,,18.94,1
Gram,2022-23,Gazipur,2023,35.84,,,17.99,1
Gram,2022-23,Gopalganj,2023,97.91,,,38.27,1
Gram,2022-23,Habiganj,2023,0.0,,,0.0,1
Gram,2022-23,Jamalpur,2023,62.0,,,27.0,1
Gram,2022-23,Jashore,2023,194.97,,,89.11,1
Gram,2022-23,Jhalokati,2023,267.0,,,103.0,1
Gram,2022-23,Jhenaidah,2023,136.96,,,76.37,1
Gram,2022-23,Joypurhat,2023,0.0,,,0.0,1
Gram,2022-23,Khagrachhari,2023,0.0,,,0.0,1
Gram,2022-23,Khulna,2023,3.8,,,1.54,1
Gram,2022-23,Kishoreganj,2023,4.15,,,1.37,1
Gram,2022-23,Kurigram,2023,251.0,,,112.26,1
Gram,2022-23,Kushtia,2023,111.0,,,57.0,1
Gram,2022-23,Lakshmipur,2023,14.5,,,5.8,1
Gram,2022-23,Lalmonirhat,2023,13.0,,,11.47,1
Gram,2022-23,Madaripur,2023,485.27,,,218.91,1
Gram,2022-23,Magura,2023,259.95,,,78.71,1
Gram,2022-23,Manikganj,2023,7.0,,,3.08,1
Gram,2022-23,Meherpur,2023,21.0,,,10.05,1
Gram,2022-23,Moulvibazar,2023,1.25,,,1.33,1
Gram,2022-23,Munshiganj,2023,0.0,,,0.0,1
Gram,2022-23,Mymensingh,2023,16.0,,,9.0,1
Gram,2022-23,Naogaon,2023,59.67,,,27.71,1
Gram,2022-23,Narail,2023,54.0,,,19.0,1
Gram,2022-23,Narayanganj,2023,0.0,,,0.0,1
Gram,2022-23,Narsingdi,2023,4.18,,,1.42,1
Gram,2022-23,Natore,2023,45.0,,,21.45,1
Gram,2022-23,Netrakona,2023,0.0,,,0.0,1
Gram,2022-23,Nilphamari,2023,0.0,,,0.0,1
Gram,2022-23,Noakhali,2023,9.85,,,1.36,1
Gram,2022-23,Pabna,2023,168.0,,,112.0,1
Gram,2022-23,Panchagarh,2023,39.0,,,11.1,1
Gram,2022-23,Patuakhali,2023,1255.0,,,353.0,1
Gram,2022-23,Pirojpur,2023,0.0,,,0.0,1
Gram,2022-23,Rajbari,2023,59.0,,,37.35,1
Gram,2022-23,Rajshahi,2023,3058.63,,,1800.35,1
Gram,2022-23,Rangamati,2023,0.0,,,0.0,1
Gram,2022-23,Rangpur,2023,25.0,,,9.0,1
Gram,2022-23,Satkhira,2023,0.0,,,0.0,1
Gram,2022-23,Shariatpur,2023,30.0,,,16.0,1
Gram,2022-23,Sherpur,2023,53.0,,,28.0,1
Gram,2022-23,Sirajganj,2023,50.0,,,33.0,1
Gram,2022-23,Sunamganj,2023,0.0,,,0.0,1
Gram,2022-23,Sylhet,2023,2.66,,,3.96,1
Gram,2022-23,Tangail,2023,3.91,,,1.13,1
Gram,2022-23,Thakurgaon,2023,88.0,,,39.57,1
Groundnut,2020-21,Bagerhat,2023,55.0,,,33.25,1
Groundnut,2020-21,Bandarban,2023,213.0,,,148.0,1
Groundnut,2020-21,Barguna,2023,189.0,,,245.0,1
Groundnut,2020-21,Barishal,2023,77.0,,,68.0,1
Groundnut,2020-21,Bhola,2023,4716.0,,,3713.0,1
Groundnut,2020-21,Bogura,2023,535.0,,,296.0,1
Groundnut,2020-21,Brahmanbaria,2023,392.0,,,235.0,1
Groundnut,2020-21,Chandpur,2023,332.92,,,157.0,1
Groundnut,2020-21,Chapainababganj,2023,0.0,,,0.0,1
Groundnut,2020-21,Chattogram,2023,1905.0,,,1783.17,1
Groundnut,2020-21,Chuadanga,2023,131.0,,,82.0,1
Groundnut,2020-21,Cox's Bazar,2023,626.0,,,1284.94,1
Groundnut,2020-21,Cumilla,2023,719.0,,,310.0,1
Groundnut,2020-21,Dhaka,2023,261.0,,,175.0,1
Groundnut,2020-21,Dinajpur,2023,103.0,,,75.0,1
Groundnut,2020-21,Faridpur,2023,5476.0,,,6162.0,1
Groundnut,2020-21,Feni,2023,1943.0,,,1390.0,1
Groundnut,2020-21,Gaibandha,2023,1724.0,,,1576.0,1
Groundnut,2020-21,Gazipur,2023,144.74,,,65.2,1
Groundnut,2020-21,Gopalganj,2023,1504.0,,,1338.18,1
Groundnut,2020-21,Habiganj,2023,88.0,,,45.9,1
Groundnut,2020-21,Jamalpur,2023,304.0,,,204.0,1
Groundnut,2020-21,Jashore,2023,17.0,,,9.0,1
Groundnut,2020-21,Jhalokati,2023,25.0,,,11.0,1
Groundnut,2020-21,Jhenaidah,2023,739.85,,,869.82,1
Groundnut,2020-21,Joypurhat,2023,0.0,,,0.0,1
Groundnut,2020-21,Khagrachhari,2023,129.0,,,136.0,1
Groundnut,2020-21,Khulna,2023,2.5,,,0.88,1
Groundnut,2020-21,Kishoreganj,2023,2137.41,,,1650.45,1
Groundnut,2020-21,Kurigram,2023,3612.0,,,2351.0,1
Groundnut,2020-21,Kushtia,2023,640.0,,,415.0,1
Groundnut,2020-21,Lakshmipur,2023,211.0,,,250.0,1
Groundnut,2020-21,Lalmonirhat,2023,1129.0,,,915.0,1
Groundnut,2020-21,Madaripur,2023,320.0,,,252.5,1
Groundnut,2020-21,Magura,2023,87.25,,,177.75,1
Groundnut,2020-21,Manikganj,2023,2121.0,,,1474.0,1
Groundnut,2020-21,Meherpur,2023,21.0,,,18.0,1
Groundnut,2020-21,Moulvibazar,2023,45.0,,,31.0,1
Groundnut,2020-21,Munshiganj,2023,154.5,,,113.25,1
Groundnut,2020-21,Mymensingh,2023,687.0,,,389.0,1
Groundnut,2020-21,Naogaon,2023,807.0,,,229.81,1
Groundnut,2020-21,Narail,2023,1054.0,,,961.0,1
Groundnut,2020-21,Narayanganj,2023,538.15,,,285.09,1
Groundnut,2020-21,Narsingdi,2023,566.0,,,301.0,1
Groundnut,2020-21,Natore,2023,1182.0,,,570.0,1
Groundnut,2020-21,Netrakona,2023,313.0,,,253.0,1
Groundnut,2020-21,Nilphamari,2023,340.0,,,207.0,1
Groundnut,2020-21,Noakhali,2023,11244.0,,,7607.0,1
Groundnut,2020-21,Pabna,2023,1337.0,,,1153.37,1
Groundnut,2020-21,Panchagarh,2023,22382.0,,,16882.0,1
Groundnut,2020-21,Patuakhali,2023,1204.0,,,499.0,1
Groundnut,2020-21,Pirojpur,2023,13.0,,,9.0,1
Groundnut,2020-21,Rajbari,2023,839.0,,,866.0,1
Groundnut,2020-21,Rajshahi,2023,733.64,,,634.32,1
Groundnut,2020-21,Rangamati,2023,546.92,,,54.87,1
Groundnut,2020-21,Rangpur,2023,275.0,,,210.0,1
Groundnut,2020-21,Satkhira,2023,0.0,,,0.0,1
Groundnut,2020-21,Shariatpur,2023,652.0,,,679.0,1
Groundnut,2020-21,Sherpur,2023,165.0,,,237.0,1
Groundnut,2020-21,Sirajganj,2023,3315.2,,,2507.82,1
Groundnut,2020-21,Sunamganj,2023,3104.0,,,2289.0,1
Groundnut,2020-21,Sylhet,2023,23.0,,,22.2,1
Groundnut,2020-21,Tangail,2023,3013.0,,,1760.64,1
Groundnut,2020-21,Thakurgaon,2023,141.0,,,77.0,1
Groundnut,2021-22,Bagerhat,2023,54.5,,,35.56,1
Groundnut,2021-22,Bandarban,2023,216.0,,,150.05,1
Groundnut,2021-22,Barguna,2023,183.0,,,245.0,1
Groundnut,2021-22,Barishal,2023,83.0,,,62.0,1
Groundnut,2021-22,Bhola,2023,4698.0,,,3655.39,1
Groundnut,2021-22,Bogura,2023,1194.5,,,645.42,1
Groundnut,2021-22,Brahmanbaria,2023,459.6,,,274.71,1
Groundnut,2021-22,Chandpur,2023,258.74,,,170.85,1
Groundnut,2021-22,Chapainababganj,2023,0.0,,,0.0,1
Groundnut,2021-22,Chattogram,2023,2192.88,,,2031.82,1
Groundnut,2021-22,Chuadanga,2023,121.1,,,69.77,1
Groundnut,2021-22,Cox's Bazar,2023,1051.51,,,1363.44,1
Groundnut,2021-22,Cumilla,2023,319.4,,,306.93,1
Groundnut,2021-22,Dhaka,2023,265.0,,,178.65,1
Groundnut,2021-22,Dinajpur,2023,148.2,,,107.75,1
Groundnut,2021-22,Faridpur,2023,5676.55,,,6309.67,1
Groundnut,2021-22,Feni,2023,1932.52,,,1386.9,1
Groundnut,2021-22,Gaibandha,2023,1602.0,,,1492.09,1
Groundnut,2021-22,Gazipur,2023,103.47,,,49.21,1
Groundnut,2021-22,Gopalganj,2023,1304.45,,,1111.05,1
Groundnut,2021-22,Habiganj,2023,72.0,,,41.16,1
Groundnut,2021-22,Jamalpur,2023,989.0,,,680.0,1
Groundnut,2021-22,Jashore,2023,17.0,,,9.0,1
Groundnut,2021-22,Jhalokati,2023,135.0,,,90.0,1
Groundnut,2021-22,Jhenaidah,2023,739.0,,,869.4,1
Groundnut,2021-22,Joypurhat,2023,0.0,,,0.0,1
Groundnut,2021-22,Khagrachhari,2023,131.2,,,140.21,1
Groundnut,2021-22,Khulna,2023,5.0,,,3.6,1
Groundnut,2021-22,Kishoreganj,2023,2115.41,,,1604.22,1
Groundnut,2021-22,Kurigram,2023,3941.0,,,2613.47,1
Groundnut,2021-22,Kushtia,2023,653.0,,,418.0,1
Groundnut,2021-22,Lakshmipur,2023,5767.0,,,2765.05,1
Groundnut,2021-22,Lalmonirhat,2023,1134.0,,,926.76,1
Groundnut,2021-22,Madaripur,2023,339.98,,,258.1,1
Groundnut,2021-22,Magura,2023,85.5,,,173.25,1
Groundnut,2021-22,Manikganj,2023,2713.0,,,1469.32,1
Groundnut,2021-22,Meherpur,2023,33.0,,,26.0,1
Groundnut,2021-22,Moulvibazar,2023,44.0,,,28.22,1
Groundnut,2021-22,Munshiganj,2023,183.1,,,126.89,1
Groundnut,2021-22,Mymensingh,2023,671.0,,,447.0,1
Groundnut,2021-22,Naogaon,2023,568.4,,,414.06,1
Groundnut,2021-22,Narail,2023,1218.0,,,1082.35,1
Groundnut,2021-22,Narayanganj,2023,530.46,,,276.99,1
Groundnut,2021-22,Narsingdi,2023,646.83,,,337.7,1
Groundnut,2021-22,Natore,2023,1360.5,,,1232.85,1
Groundnut,2021-22,Netrakona,2023,295.0,,,308.0,1
Groundnut,2021-22,Nilphamari,2023,347.45,,,216.6,1
Groundnut,2021-22,Noakhali,2023,17701.0,,,12121.51,1
Groundnut,2021-22,Pabna,2023,1368.5,,,1162.89,1
Groundnut,2021-22,Panchagarh,2023,20400.0,,,15312.84,1
Groundnut,2021-22,Patuakhali,2023,1213.0,,,608.0,1
Groundnut,2021-22,Pirojpur,2023,12.0,,,7.0,1
Groundnut,2021-22,Rajbari,2023,813.0,,,882.0,1
Groundnut,2021-22,Rajshahi,2023,745.37,,,655.5,1
Groundnut,2021-22,Rangamati,2023,82.4,,,64.01,1
Groundnut,2021-22,Rangpur,2023,270.0,,,207.0,1
Groundnut,2021-22,Satkhira,2023,0.0,,,0.0,1
Groundnut,2021-22,Shariatpur,2023,656.5,,,707.0,1
Groundnut,2021-22,Sherpur,2023,158.0,,,224.0,1
Groundnut,2021-22,Sirajganj,2023,3500.98,,,2685.59,1
Groundnut,2021-22,Sunamganj,2023,2899.0,,,2169.0,1
Groundnut,2021-22,Sylhet,2023,27.2,,,29.0,1
Groundnut,2021-22,Tangail,2023,2912.8,,,1630.47,1
Groundnut,2021-22,Thakurgaon,2023,145.0,,,78.4,1
Groundnut,2022-23,Bagerhat,2023,47.22,,,30.6,1
Groundnut,2022-23,Bandarban,2023,220.5,,,153.2,1
Groundnut,2022-23,Barguna,2023,181.0,,,253.0,1
Groundnut,2022-23,Barishal,2023,0.0,,,0.0,1
Groundnut,2022-23,Bhola,2023,4711.1,,,3670.78,1
Groundnut,2022-23,Bogura,2023,1094.2,,,636.42,1
Groundnut,2022-23,Brahmanbaria,2023,428.7,,,259.21,1
Groundnut,2022-23,Chandpur,2023,259.03,,,175.5,1
Groundnut,2022-23,Chapainababganj,2023,55.66,,,55.1,1
Groundnut,2022-23,Chattogram,2023,2214.39,,,2036.9,1
Groundnut,2022-23,Chuadanga,2023,114.0,,,63.8,1
Groundnut,2022-23,Cox's Bazar,2023,1167.44,,,1521.6,1
Groundnut,2022-23,Cumilla,2023,328.5,,,314.3,1
Groundnut,2022-23,Dhaka,2023,254.65,,,167.75,1
Groundnut,2022-23,Dinajpur,2023,159.25,,,119.93,1
Groundnut,2022-23,Faridpur,2023,5480.1,,,6155.32,1
Groundnut,2022-23,Feni,2023,1932.57,,,1389.42,1
Groundnut,2022-23,Gaibandha,2023,1522.0,,,1444.35,1
Groundnut,2022-23,Gazipur,2023,102.2,,,48.13,1
Groundnut,2022-23,Gopalganj,2023,1247.2,,,1066.83,1
Groundnut,2022-23,Habiganj,2023,71.0,,,42.43,1
Groundnut,2022-23,Jamalpur,2023,1018.0,,,661.0,1
Groundnut,2022-23,Jashore,2023,17.77,,,9.41,1
Groundnut,2022-23,Jhalokati,2023,136.0,,,87.0,1
Groundnut,2022-23,Jhenaidah,2023,723.97,,,851.84,1
Groundnut,2022-23,Joypurhat,2023,0.0,,,0.0,1
Groundnut,2022-23,Khagrachhari,2023,129.6,,,135.65,1
Groundnut,2022-23,Khulna,2023,7.2,,,9.08,1
Groundnut,2022-23,Kishoreganj,2023,2112.69,,,1604.61,1
Groundnut,2022-23,Kurigram,2023,3844.6,,,2617.79,1
Groundnut,2022-23,Kushtia,2023,682.0,,,472.0,1
Groundnut,2022-23,Lakshmipur,2023,4950.5,,,3178.99,1
Groundnut,2022-23,Lalmonirhat,2023,1155.0,,,944.08,1
Groundnut,2022-23,Madaripur,2023,335.92,,,253.15,1
Groundnut,2022-23,Magura,2023,90.0,,,197.75,1
Groundnut,2022-23,Manikganj,2023,2340.6,,,1637.44,1
Groundnut,2022-23,Meherpur,2023,37.0,,,28.46,1
Groundnut,2022-23,Moulvibazar,2023,47.5,,,30.66,1
Groundnut,2022-23,Munshiganj,2023,148.9,,,106.45,1
Groundnut,2022-23,Mymensingh,2023,625.0,,,405.0,1
Groundnut,2022-23,Naogaon,2023,713.22,,,539.6,1
Groundnut,2022-23,Narail,2023,1215.0,,,1102.04,1
Groundnut,2022-23,Narayanganj,2023,523.0,,,271.86,1
Groundnut,2022-23,Narsingdi,2023,656.38,,,338.28,1
Groundnut,2022-23,Natore,2023,1348.89,,,1206.46,1
Groundnut,2022-23,Netrakona,2023,286.0,,,306.0,1
Groundnut,2022-23,Nilphamari,2023,326.24,,,212.04,1
Groundnut,2022-23,Noakhali,2023,17893.0,,,12443.6,1
Groundnut,2022-23,Pabna,2023,1356.0,,,1172.5,1
Groundnut,2022-23,Panchagarh,2023,20336.0,,,15199.33,1
Groundnut,2022-23,Patuakhali,2023,1230.0,,,519.01,1
Groundnut,2022-23,Pirojpur,2023,15.0,,,10.0,1
Groundnut,2022-23,Rajbari,2023,864.0,,,625.85,1
Groundnut,2022-23,Rajshahi,2023,762.32,,,675.84,1
Groundnut,2022-23,Rangamati,2023,66.95,,,64.57,1
Groundnut,2022-23,Rangpur,2023,276.0,,,216.0,1
Groundnut,2022-23,Satkhira,2023,0.0,,,0.0,1
Groundnut,2022-23,Shariatpur,2023,651.0,,,714.5,1
Groundnut,2022-23,Sherpur,2023,117.0,,,120.0,1
Groundnut,2022-23,Sirajganj,2023,3372.8,,,2713.5,1
Groundnut,2022-23,Sunamganj,2023,2826.0,,,2048.0,1
Groundnut,2022-23,Sylhet,2023,31.4,,,33.02,1
Groundnut,2022-23,Tangail,2023,2864.35,,,1580.35,1
Groundnut,2022-23,Thakurgaon,2023,152.0,,,83.57,1
Jute,2021-22,Bagerhat,2023,3979.0,1630.0,2.228,3631.3,1
Jute,2021-22,Bandarban,2023,0.0,0.0,0.0,0.0,1
Jute,2021-22,Barguna,2023,32045.0,12968.0,1.3,16861.4,1
Jute,2021-22,Barishal,2023,0.0,0.0,0.0,0.0,1
Jute,2021-22,Bhola,2023,0.0,0.0,0.0,0.0,1
Jute,2021-22,Bogura,2023,29596.0,11977.0,2.327,27870.1,1
Jute,2021-22,Brahmanbaria,2023,6134.0,2513.0,2.369,5954.3,1
Jute,2021-22,Chandpur,2023,10656.0,4365.0,1.794,7830.4,1
Jute,2021-22,Chapainababganj,2023,4477.0,1812.0,2.453,4443.3,1
Jute,2021-22,Chattogram,2023,0.0,0.0,0.0,0.0,1
Jute,2021-22,Chuadanga,2023,54536.0,22342.0,2.308,51553.1,1
Jute,2021-22,Cox's Bazar,2023,0.0,0.0,0.0,0.0,1
Jute,2021-22,Cumilla,2023,735.0,301.0,2.308,694.7,1
Jute,2021-22,Dhaka,2023,7570.0,3101.0,1.966,6098.0,1
Jute,2021-22,Dinajpur,2023,9822.0,3975.0,2.466,9801.6,1
Jute,2021-22,Faridpur,2023,210405.0,86196.0,1.661,143159.4,1
Jute,2021-22,Feni,2023,0.0,0.0,0.0,0.0,1
Jute,2021-22,Gaibandha,2023,36939.0,14948.0,2.237,33444.1,1
Jute,2021-22,Gazipur,2023,3582.0,1467.0,1.665,2443.6,1
Jute,2021-22,Gopalganj,2023,60794.0,24905.0,2.206,54931.7,1
Jute,2021-22,Habiganj,2023,891.0,361.0,2.314,834.3,1
Jute,2021-22,Jamalpur,2023,71305.0,28856.0,1.529,44117.1,1
Jute,2021-22,Jashore,2023,61844.0,25336.0,2.21,55992.7,1
Jute,2021-22,Jhalokati,2023,0.0,0.0,0.0,0.0,1
Jute,2021-22,Jhenaidah,2023,55449.0,22716.0,2.263,51409.9,1
Jute,2021-22,Joypurhat,2023,5183.0,2097.0,2.493,5228.6,1
Jute,2021-22,Khagrachhari,2023,0.0,0.0,0.0,0.0,1
Jute,2021-22,Khulna,2023,3447.0,1412.0,2.458,3471.1,1
Jute,2021-22,Kishoreganj,2023,38106.0,15611.0,2.015,31458.2,1
Jute,2021-22,Kurigram,2023,45293.0,18329.0,2.304,42240.3,1
Jute,2021-22,Kushtia,2023,101978.0,41777.0,2.423,101210.9,1
Jute,2021-22,Lakshmipur,2023,123.0,50.0,1.856,93.4,1
Jute,2021-22,Lalmonirhat,2023,8953.0,3623.0,2.143,7764.7,1
Jute,2021-22,Madaripur,2023,81137.0,33239.0,2.073,68896.8,1
Jute,2021-22,Magura,2023,87451.0,35826.0,2.6,93139.9,1
Jute,2021-22,Manikganj,2023,9148.0,3748.0,1.82,6822.1,1
Jute,2021-22,Meherpur,2023,48742.0,19968.0,2.843,56776.9,1
Jute,2021-22,Moulvibazar,2023,0.0,0.0,0.0,0.0,1
Jute,2021-22,Munshiganj,2023,6143.0,2517.0,1.958,4926.5,1
Jute,2021-22,Mymensingh,2023,12869.0,5208.0,1.825,9503.3,1
Jute,2021-22,Naogaon,2023,13547.0,5482.0,2.587,14182.1,1
Jute,2021-22,Narail,2023,52964.0,21698.0,1.997,43340.2,1
Jute,2021-22,Narayanganj,2023,570.0,233.0,1.949,454.7,1
Jute,2021-22,Narsingdi,2023,7013.0,2873.0,2.135,6133.6,1
Jute,2021-22,Natore,2023,70954.0,28714.0,2.134,61279.7,1
Jute,2021-22,Netrakona,2023,11681.0,4727.0,1.928,9113.4,1
Jute,2021-22,Nilphamari,2023,17279.0,6992.0,2.385,16678.7,1
Jute,2021-22,Noakhali,2023,0.0,0.0,0.0,0.0,1
Jute,2021-22,Pabna,2023,106662.0,43164.0,2.273,98118.4,1
Jute,2021-22,Panchagarh,2023,21155.0,8561.0,2.322,19882.7,1
Jute,2021-22,Patuakhali,2023,875.0,354.0,1.04,368.3,1
Jute,2021-22,Rajbari,2023,118897.0,48708.0,1.891,92115.3,1
Jute,2021-22,Rajshahi,2023,42684.0,17273.0,2.565,44298.9,1
Jute,2021-22,Rangamati,2023,0.0,0.0,0.0,0.0,1
Jute,2021-22,Rangpur,2023,20183.0,8168.0,2.722,22228.4,1
Jute,2021-22,Satkhira,2023,27915.0,11436.0,1.789,20462.3,1
Jute,2021-22,Shariatpur,2023,64703.0,26507.0,1.834,48602.3,1
Jute,2021-22,Sherpur,2023,5322.0,2154.0,2.421,5214.4,1
Jute,2021-22,Sirajganj,2023,38667.0,15648.0,2.049,32061.9,1
Jute,2021-22,Sunamganj,2023,1715.0,694.0,2.193,1521.6,1
Jute,2021-22,Sylhet,2023,0.0,0.0,0.0,0.0,1
Jute,2021-22,Tangail,2023,36438.0,14928.0,1.794,26776.2,1
Jute,2021-22,Thakurgaon,2023,14567.0,5895.0,2.466,14536.8,1
Jute,2022-23,Bagerhat,2023,4656.0,1884.0,1.982,3734.0,1
Jute,2022-23,Bandarban,2023,0.0,0.0,0.0,0.0,1
Jute,2022-23,Barguna,2023,0.0,0.0,0.0,0.0,1
Jute,2022-23,Barishal,2023,27600.0,11169.0,1.883,21032.5,1
Jute,2022-23,Bhola,2023,0.0,0.0,0.0,0.0,1
Jute,2022-23,Bogura,2023,29825.0,12070.0,2.152,25975.0,1
Jute,2022-23,Brahmanbaria,2023,6977.0,2823.0,2.193,6190.4,1
Jute,2022-23,Chandpur,2023,10046.0,4065.0,2.062,8384.7,1
Jute,2022-23,Chapainababganj,2023,5248.0,2124.0,2.461,5227.6,1
Jute,2022-23,Chattogram,2023,0.0,0.0,0.0,0.0,1
Jute,2022-23,Chuadanga,2023,46970.0,19008.0,1.95,37071.8,1
Jute,2022-23,Cox's Bazar,2023,0.0,0.0,0.0,0.0,1
Jute,2022-23,Cumilla,2023,718.0,291.0,2.34,680.0,1
Jute,2022-23,Dhaka,2023,7399.0,2994.0,1.991,5960.7,1
Jute,2022-23,Dinajpur,2023,9905.0,4008.0,2.085,8356.8,1
Jute,2022-23,Faridpur,2023,215625.0,87259.0,2.062,179965.8,1
Jute,2022-23,Feni,2023,0.0,0.0,0.0,0.0,1
Jute,2022-23,Gaibandha,2023,37227.0,15065.0,2.058,31003.0,1
Jute,2022-23,Gazipur,2023,2234.0,904.0,1.722,1556.6,1
Jute,2022-23,Gopalganj,2023,58249.0,23572.0,2.152,50729.7,1
Jute,2022-23,Habiganj,2023,856.0,346.0,2.43,841.9,1
Jute,2022-23,Jamalpur,2023,72360.0,29283.0,1.793,52516.0,1
Jute,2022-23,Jashore,2023,58781.0,23787.0,2.085,49593.4,1
Jute,2022-23,Jhalokati,2023,0.0,0.0,0.0,0.0,1
Jute,2022-23,Jhenaidah,2023,57636.0,23324.0,2.13,49673.0,1
Jute,2022-23,Joypurhat,2023,5008.0,2027.0,2.165,4388.9,1
Jute,2022-23,Khagrachhari,2023,0.0,0.0,0.0,0.0,1
Jute,2022-23,Khulna,2023,3161.0,1279.0,2.152,2753.0,1
Jute,2022-23,Kishoreganj,2023,36404.0,14732.0,2.085,30714.0,1
Jute,2022-23,Kurigram,2023,46388.0,18772.0,2.345,44019.0,1
Jute,2022-23,Kushtia,2023,101408.0,41038.0,2.152,88317.4,1
Jute,2022-23,Lakshmipur,2023,62.0,25.0,1.802,45.2,1
Jute,2022-23,Lalmonirhat,2023,9519.0,3852.0,2.287,8808.4,1
Jute,2022-23,Madaripur,2023,84529.0,34207.0,2.152,73617.3,1
Jute,2022-23,Magura,2023,89686.0,36294.0,2.197,79735.8,1
Jute,2022-23,Manikganj,2023,9543.0,3862.0,1.883,7272.3,1
Jute,2022-23,Meherpur,2023,50288.0,20350.0,2.152,43796.4,1
Jute,2022-23,Moulvibazar,2023,0.0,0.0,0.0,0.0,1
Jute,2022-23,Munshiganj,2023,6077.0,2459.0,1.982,4873.5,1
Jute,2022-23,Mymensingh,2023,13023.0,5270.0,1.964,10349.5,1
Jute,2022-23,Naogaon,2023,14705.0,5951.0,2.175,12940.1,1
Jute,2022-23,Narail,2023,54657.0,22118.0,1.946,43039.6,1
Jute,2022-23,Narayanganj,2023,593.0,240.0,2.009,482.1,1
Jute,2022-23,Narsingdi,2023,6920.0,2800.0,2.183,6114.5,1
Jute,2022-23,Natore,2023,76517.0,30965.0,2.143,66361.9,1
Jute,2022-23,Netrakona,2023,12823.0,5189.0,1.749,9073.8,1
Jute,2022-23,Nilphamari,2023,18560.0,7511.0,2.332,17511.1,1
Jute,2022-23,Noakhali,2023,0.0,0.0,0.0,0.0,1
Jute,2022-23,Pabna,2023,108407.0,43870.0,2.354,103264.2,1
Jute,2022-23,Panchagarh,2023,21769.0,8809.0,2.65,23343.2,1
Jute,2022-23,Patuakhali,2023,0.0,0.0,0.0,0.0,1
Jute,2022-23,Rajbari,2023,118705.0,48037.0,1.941,93258.9,1
Jute,2022-23,Rajshahi,2023,45364.0,18358.0,2.197,40331.2,1
Jute,2022-23,Rangamati,2023,0.0,0.0,0.0,0.0,1
Jute,2022-23,Rangpur,2023,21319.0,8627.0,2.636,22744.6,1
Jute,2022-23,Satkhira,2023,28444.0,11511.0,1.838,21159.5,1
Jute,2022-23,Shariatpur,2023,64675.0,26173.0,1.883,49285.5,1
Jute,2022-23,Sherpur,2023,5815.0,2353.0,2.542,5982.3,1
Jute,2022-23,Sirajganj,2023,39602.0,16026.0,2.094,33555.7,1
Jute,2022-23,Sunamganj,2023,1933.0,782.0,2.215,1732.6,1
Jute,2022-23,Sylhet,2023,0.0,0.0,0.0,0.0,1
Jute,2022-23,Tangail,2023,38731.0,15674.0,1.964,30779.8,1
Jute,2022-23,Thakurgaon,2023,16163.0,6541.0,2.475,16188.1,1
Lentil,2020-21,Bagerhat,2023,1449.0,,,491.0,1
Lentil,2020-21,Bandarban,2023,27.0,,,10.0,1
Lentil,2020-21,Barguna,2023,177.0,,,65.0,1
Lentil,2020-21,Barishal,2023,4293.0,,,1866.0,1
Lentil,2020-21,Bhola,2023,1584.0,,,725.0,1
Lentil,2020-21,Bogura,2023,923.0,,,391.0,1
Lentil,2020-21,Brahmanbaria,2023,2861.0,,,867.0,1
Lentil,2020-21,Chandpur,2023,551.0,,,218.0,1
Lentil,2020-21,Chapainababganj,2023,5307.0,,,1608.0,1
Lentil,2020-21,Chattogram,2023,256.0,,,59.0,1
Lentil,2020-21,Chuadanga,2023,4477.0,,,1851.0,1
Lentil,2020-21,Cox's Bazar,2023,0.0,,,0.0,1
Lentil,2020-21,Cumilla,2023,960.0,,,257.0,1
Lentil,2020-21,Dhaka,2023,617.0,,,272.0,1
Lentil,2020-21,Dinajpur,2023,100.0,,,38.0,1
Lentil,2020-21,Faridpur,2023,41417.0,,,28646.0,1
Lentil,2020-21,Feni,2023,1122.0,,,513.0,1
Lentil,2020-21,Gaibandha,2023,1296.0,,,963.0,1
Lentil,2020-21,Gazipur,2023,172.0,,,68.0,1
Lentil,2020-21,Gopalganj,2023,9399.0,,,3819.0,1
Lentil,2020-21,Habiganj,2023,40.0,,,9.0,1
Lentil,2020-21,Jamalpur,2023,765.0,,,266.0,1
Lentil,2020-21,Jashore,2023,24551.0,,,11898.0,1
Lentil,2020-21,Jhalokati,2023,683.0,,,321.0,1
Lentil,2020-21,Jhenaidah,2023,29147.0,,,16486.0,1
Lentil,2020-21,Joypurhat,2023,333.0,,,163.0,1
Lentil,2020-21,Khagrachhari,2023,67.0,,,17.0,1
Lentil,2020-21,Khulna,2023,225.0,,,71.0,1
Lentil,2020-21,Kishoreganj,2023,260.0,,,100.0,1
Lentil,2020-21,Kurigram,2023,1411.0,,,537.0,1
Lentil,2020-21,Kushtia,2023,21146.0,,,12532.0,1
Lentil,2020-21,Lakshmipur,2023,64.0,,,18.0,1
Lentil,2020-21,Lalmonirhat,2023,104.0,,,43.0,1
Lentil,2020-21,Madaripur,2023,11427.0,,,5400.0,1
Lentil,2020-21,Magura,2023,32570.0,,,11610.0,1
Lentil,2020-21,Manikganj,2023,2235.0,,,1006.0,1
Lentil,2020-21,Meherpur,2023,14079.0,,,7374.0,1
Lentil,2020-21,Moulvibazar,2023,70.0,,,30.0,1
Lentil,2020-21,Munshiganj,2023,40.0,,,14.0,1
Lentil,2020-21,Mymensingh,2023,728.0,,,375.0,1
Lentil,2020-21,Naogaon,2023,432.0,,,216.0,1
Lentil,2020-21,Narail,2023,13887.0,,,6774.0,1
Lentil,2020-21,Narayanganj,2023,247.0,,,71.0,1
Lentil,2020-21,Narsingdi,2023,48.0,,,14.0,1
Lentil,2020-21,Natore,2023,30860.0,,,18460.0,1
Lentil,2020-21,Netrakona,2023,92.0,,,36.0,1
Lentil,2020-21,Nilphamari,2023,21.0,,,9.0,1
Lentil,2020-21,Noakhali,2023,86.0,,,30.0,1
Lentil,2020-21,Pabna,2023,26691.0,,,13309.0,1
Lentil,2020-21,Panchagarh,2023,179.0,,,60.0,1
Lentil,2020-21,Patuakhali,2023,602.0,,,219.0,1
Lentil,2020-21,Pirojpur,2023,77.0,,,40.0,1
Lentil,2020-21,Rajbari,2023,17356.0,,,8979.0,1
Lentil,2020-21,Rajshahi,2023,36337.0,,,18993.0,1
Lentil,2020-21,Rangamati,2023,72.0,,,25.0,1
Lentil,2020-21,Rangpur,2023,215.0,,,113.0,1
Lentil,2020-21,Satkhira,2023,766.0,,,277.0,1
Lentil,2020-21,Shariatpur,2023,5433.0,,,2784.0,1
Lentil,2020-21,Sherpur,2023,133.0,,,46.0,1
Lentil,2020-21,Sirajganj,2023,7010.0,,,3097.0,1
Lentil,2020-21,Sunamganj,2023,0.0,,,0.0,1
Lentil,2020-21,Sylhet,2023,42.0,,,22.0,1
Lentil,2020-21,Tangail,2023,2716.0,,,747.0,1
Lentil,2020-21,Thakurgaon,2023,464.0,,,182.0,1
Lentil,2021-22,Bagerhat,2023,1504.0,,,490.55,1
Lentil,2021-22,Bandarban,2023,27.6,,,10.27,1
Lentil,2021-22,Barguna,2023,177.0,,,63.0,1
Lentil,2021-22,Barishal,2023,3316.0,,,1802.0,1
Lentil,2021-22,Bhola,2023,1478.0,,,671.0,1
Lentil,2021-22,Bogura,2023,615.34,,,250.15,1
Lentil,2021-22,Brahmanbaria,2023,2834.34,,,879.54,1
Lentil,2021-22,Chandpur,2023,570.75,,,281.78,1
Lentil,2021-22,Chapainababganj,2023,5335.0,,,2462.32,1
Lentil,2021-22,Chattogram,2023,263.13,,,82.47,1
Lentil,2021-22,Chuadanga,2023,4464.0,,,1850.88,1
Lentil,2021-22,Cox's Bazar,2023,0.0,,,0.0,1
Lentil,2021-22,Cumilla,2023,692.3,,,261.06,1
Lentil,2021-22,Dhaka,2023,591.94,,,269.55,1
Lentil,2021-22,Dinajpur,2023,108.15,,,49.74,1
Lentil,2021-22,Faridpur,2023,38893.0,,,27077.7,1
Lentil,2021-22,Feni,2023,1124.25,,,515.45,1
Lentil,2021-22,Gaibandha,2023,1376.0,,,922.84,1
Lentil,2021-22,Gazipur,2023,164.6,,,64.53,1
Lentil,2021-22,Gopalganj,2023,9902.4,,,4244.18,1
Lentil,2021-22,Habiganj,2023,38.0,,,14.8,1
Lentil,2021-22,Jamalpur,2023,744.0,,,258.0,1
Lentil,2021-22,Jashore,2023,24815.0,,,11509.64,1
Lentil,2021-22,Jhalokati,2023,689.0,,,335.0,1
Lentil,2021-22,Jhenaidah,2023,28380.0,,,15970.0,1
Lentil,2021-22,Joypurhat,2023,330.69,,,160.94,1
Lentil,2021-22,Khagrachhari,2023,79.0,,,25.0,1
Lentil,2021-22,Khulna,2023,218.77,,,72.05,1
Lentil,2021-22,Kishoreganj,2023,253.36,,,103.39,1
Lentil,2021-22,Kurigram,2023,1398.71,,,555.53,1
Lentil,2021-22,Kushtia,2023,25958.0,,,15254.0,1
Lentil,2021-22,Lakshmipur,2023,65.8,,,23.0,1
Lentil,2021-22,Lalmonirhat,2023,122.0,,,51.35,1
Lentil,2021-22,Madaripur,2023,12072.0,,,5668.11,1
Lentil,2021-22,Magura,2023,31799.0,,,11362.4,1
Lentil,2021-22,Manikganj,2023,1978.77,,,895.07,1
Lentil,2021-22,Meherpur,2023,12646.0,,,6468.35,1
Lentil,2021-22,Moulvibazar,2023,71.49,,,30.08,1
Lentil,2021-22,Munshiganj,2023,34.5,,,12.87,1
Lentil,2021-22,Mymensingh,2023,722.0,,,389.0,1
Lentil,2021-22,Naogaon,2023,445.21,,,225.17,1
Lentil,2021-22,Narail,2023,13744.0,,,6596.17,1
Lentil,2021-22,Narayanganj,2023,238.12,,,67.7,1
Lentil,2021-22,Narsingdi,2023,48.12,,,14.5,1
Lentil,2021-22,Natore,2023,31026.0,,,15859.01,1
Lentil,2021-22,Netrakona,2023,59.0,,,24.0,1
Lentil,2021-22,Nilphamari,2023,21.44,,,8.66,1
Lentil,2021-22,Noakhali,2023,86.6,,,31.98,1
Lentil,2021-22,Pabna,2023,26602.0,,,13342.0,1
Lentil,2021-22,Panchagarh,2023,168.0,,,58.73,1
Lentil,2021-22,Patuakhali,2023,588.0,,,209.84,1
Lentil,2021-22,Pirojpur,2023,79.0,,,43.0,1
Lentil,2021-22,Rajbari,2023,15900.0,,,15420.0,1
Lentil,2021-22,Rajshahi,2023,35388.3,,,20041.9,1
Lentil,2021-22,Rangamati,2023,74.35,,,27.63,1
Lentil,2021-22,Rangpur,2023,211.0,,,111.0,1
Lentil,2021-22,Satkhira,2023,767.08,,,272.91,1
Lentil,2021-22,Shariatpur,2023,5514.0,,,2852.0,1
Lentil,2021-22,Sherpur,2023,138.0,,,49.0,1
Lentil,2021-22,Sirajganj,2023,6929.98,,,3169.14,1
Lentil,2021-22,Sunamganj,2023,0.0,,,0.0,1
Lentil,2021-22,Sylhet,2023,50.0,,,29.5,1
Lentil,2021-22,Tangail,2023,2718.01,,,773.79,1
Lentil,2021-22,Thakurgaon,2023,296.0,,,108.39,1
Lentil,2022-23,Bagerhat,2023,1397.0,,,494.8,1
Lentil,2022-23,Bandarban,2023,30.1,,,11.2,1
Lentil,2022-23,Barguna,2023,56.0,,,45.0,1
Lentil,2022-23,Barishal,2023,3269.0,,,13567.0,1
Lentil,2022-23,Bhola,2023,1483.0,,,781.0,1
Lentil,2022-23,Bogura,2023,543.1,,,226.6,1
Lentil,2022-23,Brahmanbaria,2023,1356.75,,,431.92,1
Lentil,2022-23,Chandpur,2023,572.0,,,284.57,1
Lentil,2022-23,Chapainababganj,2023,4628.0,,,2154.94,1
Lentil,2022-23,Chattogram,2023,228.69,,,61.3,1
Lentil,2022-23,Chuadanga,2023,4419.5,,,2209.36,1
Lentil,2022-23,Cox's Bazar,2023,0.0,,,0.0,1
Lentil,2022-23,Cumilla,2023,693.5,,,262.3,1
Lentil,2022-23,Dhaka,2023,578.21,,,278.17,1
Lentil,2022-23,Dinajpur,2023,99.2,,,43.86,1
Lentil,2022-23,Faridpur,2023,39889.0,,,27503.23,1
Lentil,2022-23,Feni,2023,1126.0,,,587.6,1
Lentil,2022-23,Gaibandha,2023,1380.0,,,925.0,1
Lentil,2022-23,Gazipur,2023,160.26,,,64.63,1
Lentil,2022-23,Gopalganj,2023,9875.6,,,4142.84,1
Lentil,2022-23,Habiganj,2023,42.0,,,16.59,1
Lentil,2022-23,Jamalpur,2023,742.0,,,255.0,1
Lentil,2022-23,Jashore,2023,18254.5,,,8361.17,1
Lentil,2022-23,Jhalokati,2023,717.0,,,350.0,1
Lentil,2022-23,Jhenaidah,2023,28886.0,,,16742.54,1
Lentil,2022-23,Joypurhat,2023,318.35,,,155.64,1
Lentil,2022-23,Khagrachhari,2023,68.8,,,17.75,1
Lentil,2022-23,Khulna,2023,218.16,,,72.1,1
Lentil,2022-23,Kishoreganj,2023,248.7,,,95.12,1
Lentil,2022-23,Kurigram,2023,1389.71,,,547.48,1
Lentil,2022-23,Kushtia,2023,24650.0,,,14517.0,1
Lentil,2022-23,Lakshmipur,2023,67.7,,,23.22,1
Lentil,2022-23,Lalmonirhat,2023,127.25,,,50.36,1
Lentil,2022-23,Madaripur,2023,11715.0,,,5471.8,1
Lentil,2022-23,Magura,2023,29441.0,,,11062.07,1
Lentil,2022-23,Manikganj,2023,1847.97,,,861.03,1
Lentil,2022-23,Meherpur,2023,10067.0,,,5482.84,1
Lentil,2022-23,Moulvibazar,2023,74.53,,,33.37,1
Lentil,2022-23,Munshiganj,2023,31.3,,,11.34,1
Lentil,2022-23,Mymensingh,2023,722.0,,,389.0,1
Lentil,2022-23,Naogaon,2023,407.53,,,225.72,1
Lentil,2022-23,Narail,2023,13810.0,,,6764.0,1
Lentil,2022-23,Narayanganj,2023,241.54,,,98.08,1
Lentil,2022-23,Narsingdi,2023,48.35,,,14.66,1
Lentil,2022-23,Natore,2023,29914.1,,,15458.97,1
Lentil,2022-23,Netrakona,2023,29.0,,,12.0,1
Lentil,2022-23,Nilphamari,2023,21.72,,,10.47,1
Lentil,2022-23,Noakhali,2023,96.8,,,38.22,1
Lentil,2022-23,Pabna,2023,25919.5,,,16009.35,1
Lentil,2022-23,Panchagarh,2023,150.0,,,51.86,1
Lentil,2022-23,Patuakhali,2023,612.0,,,219.0,1
Lentil,2022-23,Pirojpur,2023,89.0,,,47.0,1
Lentil,2022-23,Rajbari,2023,16764.0,,,15028.46,1
Lentil,2022-23,Rajshahi,2023,29212.98,,,16977.26,1
Lentil,2022-23,Rangamati,2023,68.82,,,23.9,1
Lentil,2022-23,Rangpur,2023,214.0,,,113.0,1
Lentil,2022-23,Satkhira,2023,640.68,,,261.53,1
Lentil,2022-23,Shariatpur,2023,5551.0,,,2931.0,1
Lentil,2022-23,Sherpur,2023,132.0,,,52.0,1
Lentil,2022-23,Sirajganj,2023,6020.35,,,2922.29,1
Lentil,2022-23,Sunamganj,2023,0.0,,,0.0,1
Lentil,2022-23,Sylhet,2023,48.25,,,24.98,1
Lentil,2022-23,Tangail,2023,2732.0,,,848.0,1
Lentil,2022-23,Thakurgaon,2023,292.1,,,106.75,1
Maize,2020-21,Bagerhat,2023,421.5,,,946.17,1
Maize,2020-21,Bandarban,2023,785.0,,,942.1,1
Maize,2020-21,Barguna,2023,126.0,,,181.0,1
Maize,2020-21,Barishal,2023,660.0,,,1320.0,1
Maize,2020-21,Bhola,2023,1954.0,,,5254.0,1
Maize,2020-21,Bogura,2023,18583.94,,,56351.71,1
Maize,2020-21,Brahmanbaria,2023,266.9,,,406.04,1
Maize,2020-21,Chandpur,2023,13729.0,,,38511.69,1
Maize,2020-21,Chapainababganj,2023,16946.89,,,46085.11,1
Maize,2020-21,Chattogram,2023,66.0,,,171.87,1
Maize,2020-21,Chuadanga,2023,117936.0,,,517263.0,1
Maize,2020-21,Cox's Bazar,2023,200.35,,,424.94,1
Maize,2020-21,Cumilla,2023,23305.0,,,57115.5,1
Maize,2020-21,Dhaka,2023,16502.0,,,44431.9,1
Maize,2020-21,Dinajpur,2023,166533.0,,,584980.0,1
Maize,2020-21,Faridpur,2023,1550.5,,,3495.0,1
Maize,2020-21,Feni,2023,350.92,,,1017.24,1
Maize,2020-21,Gaibandha,2023,34201.0,,,109955.0,1
Maize,2020-21,Gazipur,2023,346.12,,,790.72,1
Maize,2020-21,Gopalganj,2023,115.6,,,328.79,1
Maize,2020-21,Habiganj,2023,27.8,,,39.1,1
Maize,2020-21,Jamalpur,2023,27695.0,,,113758.0,1
Maize,2020-21,Jashore,2023,1470.0,,,4790.0,1
Maize,2020-21,Jhalokati,2023,1095.0,,,2404.0,1
Maize,2020-21,Jhenaidah,2023,43241.0,,,172060.5,1
Maize,2020-21,Joypurhat,2023,817.58,,,2828.0,1
Maize,2020-21,Khagrachhari,2023,1474.75,,,2626.0,1
Maize,2020-21,Khulna,2023,213.4,,,602.37,1
Maize,2020-21,Kishoreganj,2023,13926.74,,,43161.0,1
Maize,2020-21,Kurigram,2023,22775.0,,,74910.97,1
Maize,2020-21,Kushtia,2023,24560.0,,,97640.0,1
Maize,2020-21,Lakshmipur,2023,0.0,,,0.0,1
Maize,2020-21,Lalmonirhat,2023,88661.0,,,309114.0,1
Maize,2020-21,Madaripur,2023,568.6,,,2153.58,1
Maize,2020-21,Magura,2023,155.97,,,512.39,1
Maize,2020-21,Manikganj,2023,53305.0,,,161477.8,1
Maize,2020-21,Meherpur,2023,28300.0,,,124916.2,1
Maize,2020-21,Moulvibazar,2023,2.61,,,7.83,1
Maize,2020-21,Munshiganj,2023,11305.01,,,25151.79,1
Maize,2020-21,Mymensingh,2023,290.0,,,1015.0,1
Maize,2020-21,Naogaon,2023,17238.18,,,61452.66,1
Maize,2020-21,Narail,2023,301.0,,,1061.0,1
Maize,2020-21,Narayanganj,2023,65.72,,,209.47,1
Maize,2020-21,Narsingdi,2023,39.14,,,101.12,1
Maize,2020-21,Natore,2023,32698.0,,,91676.73,1
Maize,2020-21,Netrakona,2023,0.0,,,0.0,1
Maize,2020-21,Nilphamari,2023,59987.0,,,251708.0,1
Maize,2020-21,Noakhali,2023,256.85,,,798.11,1
Maize,2020-21,Pabna,2023,1800.0,,,5069.24,1
Maize,2020-21,Panchagarh,2023,67218.0,,,280577.8,1
Maize,2020-21,Patuakhali,2023,112.0,,,167.0,1
Maize,2020-21,Pirojpur,2023,533.0,,,995.0,1
Maize,2020-21,Rajbari,2023,729.0,,,2164.0,1
Maize,2020-21,Rajshahi,2023,39921.5,,,117973.9,1
Maize,2020-21,Rangamati,2023,1054.05,,,1846.6,1
Maize,2020-21,Rangpur,2023,67401.0,,,215831.0,1
Maize,2020-21,Satkhira,2023,156.07,,,445.16,1
Maize,2020-21,Shariatpur,2023,32.5,,,99.15,1
Maize,2020-21,Sherpur,2023,2058.0,,,5235.0,1
Maize,2020-21,Sirajganj,2023,30542.06,,,105040.2,1
Maize,2020-21,Sunamganj,2023,15.0,,,31.5,1
Maize,2020-21,Sylhet,2023,29.0,,,53.99,1
Maize,2020-21,Tangail,2023,7685.25,,,22529.5,1
Maize,2020-21,Thakurgaon,2023,121315.0,,,342232.0,1
Maize,2021-22,Bagerhat,2023,404.0,,,915.45,1
Maize,2021-22,Bandarban,2023,790.5,,,896.0,1
Maize,2021-22,Barguna,2023,127.0,,,180.0,1
Maize,2021-22,Barishal,2023,1094.0,,,2459.0,1
Maize,2021-22,Bhola,2023,1940.0,,,4966.0,1
Maize,2021-22,Bogura,2023,17303.97,,,57541.06,1
Maize,2021-22,Brahmanbaria,2023,282.3,,,496.09,1
Maize,2021-22,Chandpur,2023,14229.15,,,39309.58,1
Maize,2021-22,Chapainababganj,2023,17433.02,,,47600.25,1
Maize,2021-22,Chattogram,2023,110.0,,,248.0,1
Maize,2021-22,Chuadanga,2023,115476.0,,,488723.0,1
Maize,2021-22,Cox's Bazar,2023,200.0,,,425.0,1
Maize,2021-22,Cumilla,2023,23309.0,,,57116.0,1
Maize,2021-22,Dhaka,2023,13258.0,,,37938.93,1
Maize,2021-22,Dinajpur,2023,172578.0,,,630047.0,1
Maize,2021-22,Faridpur,2023,800.0,,,1856.35,1
Maize,2021-22,Feni,2023,355.13,,,1021.99,1
Maize,2021-22,Gaibandha,2023,27327.0,,,89609.2,1
Maize,2021-22,Gazipur,2023,227.57,,,675.27,1
Maize,2021-22,Gopalganj,2023,108.37,,,303.11,1
Maize,2021-22,Habiganj,2023,55.5,,,105.32,1
Maize,2021-22,Jamalpur,2023,28583.0,,,121457.0,1
Maize,2021-22,Jashore,2023,1229.0,,,4157.0,1
Maize,2021-22,Jhalokati,2023,1078.0,,,1874.0,1
Maize,2021-22,Jhenaidah,2023,46036.0,,,179301.0,1
Maize,2021-22,Joypurhat,2023,862.74,,,3229.0,1
Maize,2021-22,Khagrachhari,2023,1524.06,,,2880.37,1
Maize,2021-22,Khulna,2023,207.17,,,624.7,1
Maize,2021-22,Kishoreganj,2023,15318.29,,,51557.96,1
Maize,2021-22,Kurigram,2023,22435.0,,,79414.25,1
Maize,2021-22,Kushtia,2023,23802.0,,,95423.0,1
Maize,2021-22,Lakshmipur,2023,292.0,,,599.0,1
Maize,2021-22,Lalmonirhat,2023,83662.25,,,308095.6,1
Maize,2021-22,Madaripur,2023,584.0,,,2205.75,1
Maize,2021-22,Magura,2023,175.19,,,519.42,1
Maize,2021-22,Manikganj,2023,53512.73,,,164449.2,1
Maize,2021-22,Meherpur,2023,27321.0,,,125421.2,1
Maize,2021-22,Moulvibazar,2023,2.96,,,8.88,1
Maize,2021-22,Munshiganj,2023,10318.01,,,24361.7,1
Maize,2021-22,Mymensingh,2023,333.0,,,1164.0,1
Maize,2021-22,Naogaon,2023,17123.68,,,70374.92,1
Maize,2021-22,Narail,2023,258.0,,,912.0,1
Maize,2021-22,Narayanganj,2023,145.07,,,461.92,1
Maize,2021-22,Narsingdi,2023,41.7,,,106.67,1
Maize,2021-22,Natore,2023,29392.64,,,95659.45,1
Maize,2021-22,Netrakona,2023,91.0,,,241.0,1
Maize,2021-22,Nilphamari,2023,64587.0,,,274655.2,1
Maize,2021-22,Noakhali,2023,387.0,,,1203.0,1
Maize,2021-22,Pabna,2023,1783.25,,,4983.3,1
Maize,2021-22,Panchagarh,2023,74407.0,,,314901.5,1
Maize,2021-22,Patuakhali,2023,0.0,,,0.0,1
Maize,2021-22,Pirojpur,2023,642.0,,,1186.0,1
Maize,2021-22,Rajbari,2023,311.0,,,895.0,1
Maize,2021-22,Rajshahi,2023,39810.63,,,117917.9,1
Maize,2021-22,Rangamati,2023,1013.85,,,1886.51,1
Maize,2021-22,Rangpur,2023,65164.0,,,210176.0,1
Maize,2021-22,Satkhira,2023,145.08,,,414.59,1
Maize,2021-22,Shariatpur,2023,67.7,,,185.0,1
Maize,2021-22,Sherpur,2023,2157.0,,,5454.0,1
Maize,2021-22,Sirajganj,2023,31222.46,,,118228.8,1
Maize,2021-22,Sunamganj,2023,16.0,,,14.0,1
Maize,2021-22,Sylhet,2023,29.0,,,25.43,1
Maize,2021-22,Tangail,2023,8630.94,,,22300.82,1
Maize,2021-22,Thakurgaon,2023,119588.0,,,390486.1,1
Maize,2022-23,Bagerhat,2023,530.0,,,1240.0,1
Maize,2022-23,Bandarban,2023,803.0,,,907.75,1
Maize,2022-23,Barguna,2023,110.0,,,156.0,1
Maize,2022-23,Barishal,2023,1114.0,,,2242.0,1
Maize,2022-23,Bhola,2023,1871.0,,,4917.0,1
Maize,2022-23,Bogura,2023,31067.61,,,116666.28,1
Maize,2022-23,Brahmanbaria,2023,1287.8,,,2720.5,1
Maize,2022-23,Chandpur,2023,11319.9,,,32517.3,1
Maize,2022-23,Chapainababganj,2023,17667.0,,,51467.93,1
Maize,2022-23,Chattogram,2023,137.74,,,351.36,1
Maize,2022-23,Chuadanga,2023,118239.5,,,555116.0,1
Maize,2022-23,Cox's Bazar,2023,200.35,,,424.94,1
Maize,2022-23,Cumilla,2023,24054.0,,,54813.1,1
Maize,2022-23,Dhaka,2023,13093.5,,,36892.02,1
Maize,2022-23,Dinajpur,2023,172498.0,,,641406.89,1
Maize,2022-23,Faridpur,2023,944.6,,,3155.5,1
Maize,2022-23,Feni,2023,186.5,,,675.0,1
Maize,2022-23,Gaibandha,2023,31353.0,,,99423.54,1
Maize,2022-23,Gazipur,2023,66.96,,,286.93,1
Maize,2022-23,Gopalganj,2023,114.5,,,327.55,1
Maize,2022-23,Habiganj,2023,57.25,,,105.66,1
Maize,2022-23,Jamalpur,2023,34621.0,,,148869.0,1
Maize,2022-23,Jashore,2023,1396.0,,,4758.0,1
Maize,2022-23,Jhalokati,2023,1080.0,,,2216.0,1
Maize,2022-23,Jhenaidah,2023,43991.0,,,183514.4,1
Maize,2022-23,Joypurhat,2023,908.56,,,3228.0,1
Maize,2022-23,Khagrachhari,2023,1546.41,,,2783.67,1
Maize,2022-23,Khulna,2023,315.96,,,923.07,1
Maize,2022-23,Kishoreganj,2023,18205.37,,,63560.32,1
Maize,2022-23,Kurigram,2023,22779.0,,,81129.35,1
Maize,2022-23,Kushtia,2023,26152.0,,,64682.0,1
Maize,2022-23,Lakshmipur,2023,144.0,,,326.0,1
Maize,2022-23,Lalmonirhat,2023,85747.0,,,316764.79,1
Maize,2022-23,Madaripur,2023,693.17,,,2622.19,1
Maize,2022-23,Magura,2023,185.95,,,570.6,1
Maize,2022-23,Manikganj,2023,54892.7,,,175357.5,1
Maize,2022-23,Meherpur,2023,28193.0,,,12987.08,1
Maize,2022-23,Moulvibazar,2023,6.2,,,18.6,1
Maize,2022-23,Munshiganj,2023,10763.5,,,26130.14,1
Maize,2022-23,Mymensingh,2023,416.0,,,1397.0,1
Maize,2022-23,Naogaon,2023,18483.31,,,77210.62,1
Maize,2022-23,Narail,2023,267.0,,,943.0,1
Maize,2022-23,Narayanganj,2023,284.97,,,924.19,1
Maize,2022-23,Narsingdi,2023,57.79,,,157.1,1
Maize,2022-23,Natore,2023,32938.38,,,111167.17,1
Maize,2022-23,Netrakona,2023,130.0,,,387.0,1
Maize,2022-23,Nilphamari,2023,65867.0,,,282253.13,1
Maize,2022-23,Noakhali,2023,396.02,,,1297.12,1
Maize,2022-23,Pabna,2023,1863.5,,,7246.37,1
Maize,2022-23,Panchagarh,2023,74504.0,,,325433.35,1
Maize,2022-23,Patuakhali,2023,144.15,,,367.0,1
Maize,2022-23,Pirojpur,2023,645.0,,,1196.0,1
Maize,2022-23,Rajbari,2023,559.0,,,1704.4,1
Maize,2022-23,Rajshahi,2023,37244.84,,,114641.44,1
Maize,2022-23,Rangamati,2023,1018.06,,,1843.58,1
Maize,2022-23,Rangpur,2023,65181.0,,,210861.0,1
Maize,2022-23,Satkhira,2023,205.55,,,637.49,1
Maize,2022-23,Shariatpur,2023,71.2,,,195.4,1
Maize,2022-23,Sherpur,2023,3249.0,,,8149.0,1
Maize,2022-23,Sirajganj,2023,34452.76,,,136984.76,1
Maize,2022-23,Sunamganj,2023,300.0,,,911.94,1
Maize,2022-23,Sylhet,2023,33.0,,,53.0,1
Maize,2022-23,Tangail,2023,10227.81,,,33715.24,1
Maize,2022-23,Thakurgaon,2023,120432.0,,,429654.87,1
Mung,2020-21,Bagerhat,2023,475.3,,,130.24,1
Mung,2020-21,Bandarban,2023,50.6,,,19.07,1
Mung,2020-21,Barguna,2023,13617.0,,,4786.0,1
Mung,2020-21,Barishal,2023,12212.0,,,5055.0,1
Mung,2020-21,Bhola,2023,25459.0,,,9303.0,1
Mung,2020-21,Bogura,2023,11.5,,,4.2,1
Mung,2020-21,Brahmanbaria,2023,21.7,,,7.44,1
Mung,2020-21,Chandpur,2023,167.9,,,71.42,1
Mung,2020-21,Chapainababganj,2023,26.0,,,7.33,1
Mung,2020-21,Chattogram,2023,1678.35,,,505.77,1
Mung,2020-21,Chuadanga,2023,1387.5,,,791.81,1
Mung,2020-21,Cox's Bazar,2023,0.0,,,0.0,1
Mung,2020-21,Cumilla,2023,3.0,,,2.0,1
Mung,2020-21,Dhaka,2023,61.7,,,37.6,1
Mung,2020-21,Dinajpur,2023,38.0,,,12.0,1
Mung,2020-21,Faridpur,2023,960.7,,,350.65,1
Mung,2020-21,Feni,2023,1381.11,,,722.0,1
Mung,2020-21,Gaibandha,2023,133.5,,,54.28,1
Mung,2020-21,Gazipur,2023,132.6,,,35.3,1
Mung,2020-21,Gopalganj,2023,169.6,,,67.3,1
Mung,2020-21,Habiganj,2023,0.0,,,0.0,1
Mung,2020-21,Jamalpur,2023,87.0,,,33.0,1
Mung,2020-21,Jashore,2023,1638.0,,,636.0,1
Mung,2020-21,Jhalokati,2023,2269.0,,,769.0,1
Mung,2020-21,Jhenaidah,2023,1654.0,,,706.0,1
Mung,2020-21,Joypurhat,2023,18.69,,,5.77,1
Mung,2020-21,Khagrachhari,2023,0.0,,,0.0,1
Mung,2020-21,Khulna,2023,217.25,,,61.67,1
Mung,2020-21,Kishoreganj,2023,233.9,,,86.2,1
Mung,2020-21,Kurigram,2023,125.0,,,46.0,1
Mung,2020-21,Kushtia,2023,157.0,,,84.0,1
Mung,2020-21,Lakshmipur,2023,1542.0,,,393.0,1
Mung,2020-21,Lalmonirhat,2023,118.0,,,38.0,1
Mung,2020-21,Madaripur,2023,480.5,,,154.1,1
Mung,2020-21,Magura,2023,129.0,,,29.49,1
Mung,2020-21,Manikganj,2023,268.7,,,81.2,1
Mung,2020-21,Meherpur,2023,78.0,,,73.34,1
Mung,2020-21,Moulvibazar,2023,11.35,,,3.29,1
Mung,2020-21,Munshiganj,2023,0.0,,,0.0,1
Mung,2020-21,Mymensingh,2023,154.0,,,58.0,1
Mung,2020-21,Naogaon,2023,158.06,,,76.97,1
Mung,2020-21,Narail,2023,385.0,,,153.23,1
Mung,2020-21,Narayanganj,2023,29.5,,,12.4,1
Mung,2020-21,Narsingdi,2023,28.2,,,8.9,1
Mung,2020-21,Natore,2023,10616.8,,,3964.95,1
Mung,2020-21,Netrakona,2023,33.0,,,10.0,1
Mung,2020-21,Nilphamari,2023,11.0,,,5.0,1
Mung,2020-21,Noakhali,2023,7793.96,,,2566.57,1
Mung,2020-21,Pabna,2023,462.7,,,194.38,1
Mung,2020-21,Panchagarh,2023,246.0,,,140.0,1
Mung,2020-21,Patuakhali,2023,12559.0,,,4613.57,1
Mung,2020-21,Pirojpur,2023,602.0,,,213.0,1
Mung,2020-21,Rajbari,2023,150.5,,,60.3,1
Mung,2020-21,Rajshahi,2023,8557.1,,,3746.2,1
Mung,2020-21,Rangamati,2023,0.0,,,0.0,1
Mung,2020-21,Rangpur,2023,46.0,,,20.0,1
Mung,2020-21,Satkhira,2023,30.0,,,8.87,1
Mung,2020-21,Shariatpur,2023,215.0,,,108.3,1
Mung,2020-21,Sherpur,2023,11.0,,,4.0,1
Mung,2020-21,Sirajganj,2023,19.0,,,6.49,1
Mung,2020-21,Sunamganj,2023,0.0,,,0.0,1
Mung,2020-21,Sylhet,2023,9.0,,,2.16,1
Mung,2020-21,Tangail,2023,2.5,,,1.5,1
Mung,2020-21,Thakurgaon,2023,171.0,,,52.0,1
Mung,2021-22,Bagerhat,2023,483.5,,,144.38,1
Mung,2021-22,Bandarban,2023,51.55,,,19.4,1
Mung,2021-22,Barguna,2023,13627.0,,,4781.0,1
Mung,2021-22,Barishal,2023,13105.0,,,5590.0,1
Mung,2021-22,Bhola,2023,25653.0,,,10117.0,1
Mung,2021-22,Bogura,2023,7.3,,,5.26,1
Mung,2021-22,Brahmanbaria,2023,15.25,,,4.18,1
Mung,2021-22,Chandpur,2023,175.98,,,76.55,1
Mung,2021-22,Chapainababganj,2023,28.0,,,8.28,1
Mung,2021-22,Chattogram,2023,1665.34,,,504.0,1
Mung,2021-22,Chuadanga,2023,1388.0,,,787.44,1
Mung,2021-22,Cox's Bazar,2023,0.0,,,0.0,1
Mung,2021-22,Cumilla,2023,3.3,,,1.9,1
Mung,2021-22,Dhaka,2023,74.0,,,51.33,1
Mung,2021-22,Dinajpur,2023,32.0,,,10.0,1
Mung,2021-22,Faridpur,2023,988.5,,,353.25,1
Mung,2021-22,Feni,2023,1382.31,,,724.42,1
Mung,2021-22,Gaibandha,2023,126.0,,,50.25,1
Mung,2021-22,Gazipur,2023,48.06,,,14.36,1
Mung,2021-22,Gopalganj,2023,193.65,,,76.41,1
Mung,2021-22,Habiganj,2023,0.0,,,0.0,1
Mung,2021-22,Jamalpur,2023,90.0,,,36.0,1
Mung,2021-22,Jashore,2023,1642.0,,,635.32,1
Mung,2021-22,Jhalokati,2023,2295.0,,,703.0,1
Mung,2021-22,Jhenaidah,2023,1645.0,,,714.0,1
Mung,2021-22,Joypurhat,2023,23.05,,,7.24,1
Mung,2021-22,Khagrachhari,2023,0.0,,,0.0,1
Mung,2021-22,Khulna,2023,206.05,,,57.96,1
Mung,2021-22,Kishoreganj,2023,195.64,,,71.56,1
Mung,2021-22,Kurigram,2023,148.4,,,96.22,1
Mung,2021-22,Kushtia,2023,153.0,,,83.0,1
Mung,2021-22,Lakshmipur,2023,1503.0,,,382.0,1
Mung,2021-22,Lalmonirhat,2023,72.95,,,41.32,1
Mung,2021-22,Madaripur,2023,408.61,,,132.76,1
Mung,2021-22,Magura,2023,132.6,,,44.58,1
Mung,2021-22,Manikganj,2023,271.5,,,82.07,1
Mung,2021-22,Meherpur,2023,77.0,,,30.8,1
Mung,2021-22,Moulvibazar,2023,13.2,,,4.1,1
Mung,2021-22,Munshiganj,2023,0.0,,,0.0,1
Mung,2021-22,Mymensingh,2023,155.0,,,62.0,1
Mung,2021-22,Naogaon,2023,132.94,,,74.81,1
Mung,2021-22,Narail,2023,357.0,,,145.46,1
Mung,2021-22,Narayanganj,2023,27.5,,,11.45,1
Mung,2021-22,Narsingdi,2023,23.14,,,7.08,1
Mung,2021-22,Natore,2023,10599.4,,,4032.87,1
Mung,2021-22,Netrakona,2023,0.0,,,0.0,1
Mung,2021-22,Nilphamari,2023,10.75,,,3.72,1
Mung,2021-22,Noakhali,2023,12730.0,,,4172.23,1
Mung,2021-22,Pabna,2023,466.5,,,196.85,1
Mung,2021-22,Panchagarh,2023,231.0,,,127.16,1
Mung,2021-22,Patuakhali,2023,12575.0,,,2617.0,1
Mung,2021-22,Pirojpur,2023,624.0,,,196.0,1
Mung,2021-22,Rajbari,2023,134.0,,,60.0,1
Mung,2021-22,Rajshahi,2023,7520.1,,,3237.71,1
Mung,2021-22,Rangamati,2023,0.0,,,0.0,1
Mung,2021-22,Rangpur,2023,45.0,,,19.0,1
Mung,2021-22,Satkhira,2023,22.81,,,6.91,1
Mung,2021-22,Shariatpur,2023,192.0,,,94.0,1
Mung,2021-22,Sherpur,2023,11.0,,,4.0,1
Mung,2021-22,Sirajganj,2023,8.75,,,2.8,1
Mung,2021-22,Sunamganj,2023,0.0,,,0.0,1
Mung,2021-22,Sylhet,2023,12.0,,,3.25,1
Mung,2021-22,Tangail,2023,2.51,,,1.53,1
Mung,2021-22,Thakurgaon,2023,104.0,,,31.31,1
Mung,2022-23,Bagerhat,2023,483.5,,,144.38,1
Mung,2022-23,Bandarban,2023,51.7,,,19.5,1
Mung,2022-23,Barguna,2023,13614.0,,,4832.0,1
Mung,2022-23,Barishal,2023,13828.0,,,10199.0,1
Mung,2022-23,Bhola,2023,25991.0,,,10291.0,1
Mung,2022-23,Bogura,2023,7.25,,,5.22,1
Mung,2022-23,Brahmanbaria,2023,15.25,,,4.18,1
Mung,2022-23,Chandpur,2023,178.2,,,88.18,1
Mung,2022-23,Chapainababganj,2023,20.0,,,5.95,1
Mung,2022-23,Chattogram,2023,2231.03,,,720.6,1
Mung,2022-23,Chuadanga,2023,1388.0,,,787.44,1
Mung,2022-23,Cox's Bazar,2023,0.0,,,0.0,1
Mung,2022-23,Cumilla,2023,9.0,,,5.0,1
Mung,2022-23,Dhaka,2023,149.8,,,88.64,1
Mung,2022-23,Dinajpur,2023,24.45,,,6.45,1
Mung,2022-23,Faridpur,2023,1042.69,,,395.12,1
Mung,2022-23,Feni,2023,1232.3,,,512.5,1
Mung,2022-23,Gaibandha,2023,134.4,,,52.0,1
Mung,2022-23,Gazipur,2023,48.96,,,14.64,1
Mung,2022-23,Gopalganj,2023,197.1,,,78.3,1
Mung,2022-23,Habiganj,2023,0.0,,,0.0,1
Mung,2022-23,Jamalpur,2023,91.0,,,38.0,1
Mung,2022-23,Jashore,2023,1642.0,,,635.32,1
Mung,2022-23,Jhalokati,2023,2348.0,,,734.0,1
Mung,2022-23,Jhenaidah,2023,1645.0,,,714.0,1
Mung,2022-23,Joypurhat,2023,0.0,,,0.0,1
Mung,2022-23,Khagrachhari,2023,0.0,,,0.0,1
Mung,2022-23,Khulna,2023,206.05,,,57.96,1
Mung,2022-23,Kishoreganj,2023,186.23,,,66.98,1
Mung,2022-23,Kurigram,2023,147.9,,,83.37,1
Mung,2022-23,Kushtia,2023,153.0,,,83.0,1
Mung,2022-23,Lakshmipur,2023,1466.75,,,465.0,1
Mung,2022-23,Lalmonirhat,2023,73.7,,,41.33,1
Mung,2022-23,Madaripur,2023,273.77,,,88.47,1
Mung,2022-23,Magura,2023,132.6,,,44.58,1
Mung,2022-23,Manikganj,2023,268.4,,,80.52,1
Mung,2022-23,Meherpur,2023,77.0,,,30.8,1
Mung,2022-23,Moulvibazar,2023,0.0,,,0.0,1
Mung,2022-23,Munshiganj,2023,0.0,,,0.0,1
Mung,2022-23,Mymensingh,2023,113.0,,,48.0,1
Mung,2022-23,Naogaon,2023,137.28,,,79.16,1
Mung,2022-23,Narail,2023,357.0,,,145.46,1
Mung,2022-23,Narayanganj,2023,27.0,,,11.56,1
Mung,2022-23,Narsingdi,2023,22.79,,,6.94,1
Mung,2022-23,Natore,2023,9143.47,,,3574.49,1
Mung,2022-23,Netrakona,2023,2.0,,,1.0,1
Mung,2022-23,Nilphamari,2023,10.96,,,3.86,1
Mung,2022-23,Noakhali,2023,12914.04,,,4240.76,1
Mung,2022-23,Pabna,2023,454.75,,,217.7,1
Mung,2022-23,Panchagarh,2023,206.0,,,110.45,1
Mung,2022-23,Patuakhali,2023,12566.0,,,2613.0,1
Mung,2022-23,Pirojpur,2023,632.0,,,203.0,1
Mung,2022-23,Rajbari,2023,148.0,,,65.33,1
Mung,2022-23,Rajshahi,2023,6250.23,,,2692.15,1
Mung,2022-23,Rangamati,2023,0.0,,,0.0,1
Mung,2022-23,Rangpur,2023,43.0,,,18.0,1
Mung,2022-23,Satkhira,2023,22.81,,,6.91,1
Mung,2022-23,Shariatpur,2023,174.0,,,75.0,1
Mung,2022-23,Sherpur,2023,8.0,,,3.0,1
Mung,2022-23,Sirajganj,2023,8.25,,,2.64,1
Mung,2022-23,Sunamganj,2023,0.0,,,0.0,1
Mung,2022-23,Sylhet,2023,8.0,,,1.92,1
Mung,2022-23,Tangail,2023,2.49,,,1.52,1
Mung,2022-23,Thakurgaon,2023,100.5,,,30.52,1
Mustard,2020-21,Bagerhat,2023,1465.53,,,373.89,1
Mustard,2020-21,Bandarban,2023,325.0,,,87.7,1
Mustard,2020-21,Barguna,2023,91.0,,,55.0,1
Mustard,2020-21,Barishal,2023,2026.0,,,1036.0,1
Mustard,2020-21,Bhola,2023,2129.0,,,1110.0,1
Mustard,2020-21,Bogura,2023,42687.0,,,23205.84,1
Mustard,2020-21,Brahmanbaria,2023,28980.4,,,13316.5,1
Mustard,2020-21,Chandpur,2023,3856.0,,,1696.64,1
Mustard,2020-21,Chapainababganj,2023,24786.0,,,8846.0,1
Mustard,2020-21,Chattogram,2023,1034.03,,,344.23,1
Mustard,2020-21,Chuadanga,2023,4295.0,,,2730.69,1
Mustard,2020-21,Cox's Bazar,2023,0.0,,,0.0,1
Mustard,2020-21,Cumilla,2023,7590.85,,,3545.8,1
Mustard,2020-21,Dhaka,2023,26402.45,,,12790.85,1
Mustard,2020-21,Dinajpur,2023,28839.0,,,15877.0,1
Mustard,2020-21,Faridpur,2023,19943.0,,,6423.0,1
Mustard,2020-21,Feni,2023,1207.0,,,303.98,1
Mustard,2020-21,Gaibandha,2023,4913.0,,,2176.0,1
Mustard,2020-21,Gazipur,2023,3474.9,,,928.4,1
Mustard,2020-21,Gopalganj,2023,6334.15,,,2842.46,1
Mustard,2020-21,Habiganj,2023,542.0,,,272.49,1
Mustard,2020-21,Jamalpur,2023,29425.0,,,12946.0,1
Mustard,2020-21,Jashore,2023,25420.0,,,19269.0,1
Mustard,2020-21,Jhalokati,2023,412.0,,,144.0,1
Mustard,2020-21,Jhenaidah,2023,6818.0,,,3614.56,1
Mustard,2020-21,Joypurhat,2023,15883.78,,,11697.0,1
Mustard,2020-21,Khagrachhari,2023,371.0,,,160.87,1
Mustard,2020-21,Khulna,2023,441.9,,,149.59,1
Mustard,2020-21,Kishoreganj,2023,2513.99,,,1108.24,1
Mustard,2020-21,Kurigram,2023,9275.0,,,4200.0,1
Mustard,2020-21,Kushtia,2023,3328.0,,,1921.63,1
Mustard,2020-21,Lakshmipur,2023,236.0,,,74.0,1
Mustard,2020-21,Lalmonirhat,2023,1133.0,,,729.0,1
Mustard,2020-21,Madaripur,2023,16235.0,,,7557.78,1
Mustard,2020-21,Magura,2023,9553.5,,,4870.37,1
Mustard,2020-21,Manikganj,2023,45293.1,,,22280.94,1
Mustard,2020-21,Meherpur,2023,11893.0,,,7323.61,1
Mustard,2020-21,Moulvibazar,2023,736.0,,,357.72,1
Mustard,2020-21,Munshiganj,2023,5416.0,,,2551.28,1
Mustard,2020-21,Mymensingh,2023,2976.0,,,1315.0,1
Mustard,2020-21,Naogaon,2023,55702.0,,,31919.0,1
Mustard,2020-21,Narail,2023,11027.0,,,4372.2,1
Mustard,2020-21,Narayanganj,2023,1596.5,,,598.17,1
Mustard,2020-21,Narsingdi,2023,756.99,,,293.73,1
Mustard,2020-21,Natore,2023,4171.0,,,2198.0,1
Mustard,2020-21,Netrakona,2023,2461.0,,,1150.0,1
Mustard,2020-21,Nilphamari,2023,2327.0,,,1273.0,1
Mustard,2020-21,Noakhali,2023,38.4,,,6.72,1
Mustard,2020-21,Pabna,2023,43686.0,,,18714.0,1
Mustard,2020-21,Panchagarh,2023,4241.0,,,1457.0,1
Mustard,2020-21,Patuakhali,2023,112.0,,,36.0,1
Mustard,2020-21,Pirojpur,2023,101.0,,,35.0,1
Mustard,2020-21,Rajbari,2023,4012.0,,,1922.0,1
Mustard,2020-21,Rajshahi,2023,40975.0,,,23017.86,1
Mustard,2020-21,Rangamati,2023,423.6,,,196.6,1
Mustard,2020-21,Rangpur,2023,4351.0,,,2069.0,1
Mustard,2020-21,Satkhira,2023,11778.0,,,6292.4,1
Mustard,2020-21,Shariatpur,2023,10417.0,,,4375.0,1
Mustard,2020-21,Sherpur,2023,4523.0,,,2182.0,1
Mustard,2020-21,Sirajganj,2023,127853.0,,,55278.0,1
Mustard,2020-21,Sunamganj,2023,1294.0,,,525.0,1
Mustard,2020-21,Sylhet,2023,1624.5,,,941.97,1
Mustard,2020-21,Tangail,2023,67761.97,,,31350.57,1
Mustard,2020-21,Thakurgaon,2023,14774.0,,,6158.0,1
Mustard,2021-22,Bagerhat,2023,1391.6,,,558.16,1
Mustard,2021-22,Bandarban,2023,331.0,,,87.04,1
Mustard,2021-22,Barguna,2023,92.0,,,50.0,1
Mustard,2021-22,Barishal,2023,1960.0,,,790.0,1
Mustard,2021-22,Bhola,2023,2206.0,,,1023.13,1
Mustard,2021-22,Bogura,2023,37312.0,,,22540.0,1
Mustard,2021-22,Brahmanbaria,2023,29429.9,,,13922.27,1
Mustard,2021-22,Chandpur,2023,3844.23,,,2480.34,1
Mustard,2021-22,Chapainababganj,2023,26568.0,,,13148.76,1
Mustard,2021-22,Chattogram,2023,1264.48,,,426.34,1
Mustard,2021-22,Chuadanga,2023,5593.0,,,3535.34,1
Mustard,2021-22,Cox's Bazar,2023,0.0,,,0.0,1
Mustard,2021-22,Cumilla,2023,7586.85,,,3537.3,1
Mustard,2021-22,Dhaka,2023,25372.0,,,12439.21,1
Mustard,2021-22,Dinajpur,2023,30219.0,,,15980.0,1
Mustard,2021-22,Faridpur,2023,19857.0,,,6458.41,1
Mustard,2021-22,Feni,2023,1207.56,,,310.79,1
Mustard,2021-22,Gaibandha,2023,4873.0,,,2191.0,1
Mustard,2021-22,Gazipur,2023,3963.5,,,1032.77,1
Mustard,2021-22,Gopalganj,2023,8153.9,,,3028.66,1
Mustard,2021-22,Habiganj,2023,930.71,,,514.94,1
Mustard,2021-22,Jamalpur,2023,13275.0,,,5270.0,1
Mustard,2021-22,Jashore,2023,23043.0,,,10099.99,1
Mustard,2021-22,Jhalokati,2023,423.0,,,150.0,1
Mustard,2021-22,Jhenaidah,2023,6133.0,,,3076.01,1
Mustard,2021-22,Joypurhat,2023,18310.0,,,11882.0,1
Mustard,2021-22,Khagrachhari,2023,372.9,,,159.9,1
Mustard,2021-22,Khulna,2023,459.44,,,153.0,1
Mustard,2021-22,Kishoreganj,2023,2484.93,,,1067.94,1
Mustard,2021-22,Kurigram,2023,9560.9,,,4614.57,1
Mustard,2021-22,Kushtia,2023,6541.0,,,3960.0,1
Mustard,2021-22,Lakshmipur,2023,340.0,,,121.96,1
Mustard,2021-22,Lalmonirhat,2023,1131.5,,,753.21,1
Mustard,2021-22,Madaripur,2023,16241.48,,,7449.47,1
Mustard,2021-22,Magura,2023,11422.23,,,4511.2,1
Mustard,2021-22,Manikganj,2023,48821.3,,,22653.81,1
Mustard,2021-22,Meherpur,2023,9827.0,,,5714.27,1
Mustard,2021-22,Moulvibazar,2023,621.26,,,300.65,1
Mustard,2021-22,Munshiganj,2023,5470.5,,,2881.93,1
Mustard,2021-22,Mymensingh,2023,2967.0,,,1352.0,1
Mustard,2021-22,Naogaon,2023,66666.0,,,42592.0,1
Mustard,2021-22,Narail,2023,10542.0,,,4065.74,1
Mustard,2021-22,Narayanganj,2023,1509.48,,,560.44,1
Mustard,2021-22,Narsingdi,2023,757.64,,,294.49,1
Mustard,2021-22,Natore,2023,4690.85,,,2596.39,1
Mustard,2021-22,Netrakona,2023,2924.0,,,1584.0,1
Mustard,2021-22,Nilphamari,2023,2344.6,,,1415.95,1
Mustard,2021-22,Noakhali,2023,210.0,,,79.26,1
Mustard,2021-22,Pabna,2023,43535.0,,,20890.0,1
Mustard,2021-22,Panchagarh,2023,3204.0,,,1634.14,1
Mustard,2021-22,Patuakhali,2023,117.0,,,27.64,1
Mustard,2021-22,Pirojpur,2023,103.0,,,36.0,1
Mustard,2021-22,Rajbari,2023,4018.0,,,2287.0,1
Mustard,2021-22,Rajshahi,2023,42736.0,,,24188.0,1
Mustard,2021-22,Rangamati,2023,416.89,,,183.74,1
Mustard,2021-22,Rangpur,2023,4719.0,,,2371.0,1
Mustard,2021-22,Satkhira,2023,11659.91,,,6156.2,1
Mustard,2021-22,Shariatpur,2023,10463.0,,,4634.0,1
Mustard,2021-22,Sherpur,2023,4629.0,,,2502.0,1
Mustard,2021-22,Sirajganj,2023,125842.0,,,62567.0,1
Mustard,2021-22,Sunamganj,2023,1244.0,,,510.0,1
Mustard,2021-22,Sylhet,2023,1864.5,,,1144.21,1
Mustard,2021-22,Tangail,2023,66804.01,,,28818.79,1
Mustard,2021-22,Thakurgaon,2023,16634.0,,,8294.7,1
Mustard,2022-23,Bagerhat,2023,1446.5,,,598.37,1
Mustard,2022-23,Bandarban,2023,336.5,,,88.56,1
Mustard,2022-23,Barguna,2023,64.0,,,35.0,1
Mustard,2022-23,Barishal,2023,7589.0,,,3455.0,1
Mustard,2022-23,Bhola,2023,2220.6,,,1150.8,1
Mustard,2022-23,Bogura,2023,53324.0,,,35328.0,1
Mustard,2022-23,Brahmanbaria,2023,31289.4,,,15400.48,1
Mustard,2022-23,Chandpur,2023,3848.55,,,3863.3,1
Mustard,2022-23,Chapainababganj,2023,53902.0,,,30737.66,1
Mustard,2022-23,Chattogram,2023,2878.19,,,1069.72,1
Mustard,2022-23,Chuadanga,2023,4291.0,,,2572.81,1
Mustard,2022-23,Cox's Bazar,2023,0.0,,,0.0,1
Mustard,2022-23,Cumilla,2023,7633.5,,,4415.81,1
Mustard,2022-23,Dhaka,2023,24882.0,,,12126.0,1
Mustard,2022-23,Dinajpur,2023,35645.0,,,19408.0,1
Mustard,2022-23,Faridpur,2023,20030.0,,,7309.75,1
Mustard,2022-23,Feni,2023,2880.25,,,1320.32,1
Mustard,2022-23,Gaibandha,2023,4950.0,,,2223.0,1
Mustard,2022-23,Gazipur,2023,3988.6,,,1047.88,1
Mustard,2022-23,Gopalganj,2023,8191.8,,,3080.76,1
Mustard,2022-23,Habiganj,2023,1193.6,,,694.21,1
Mustard,2022-23,Jamalpur,2023,13357.0,,,5369.0,1
Mustard,2022-23,Jashore,2023,24975.0,,,12163.04,1
Mustard,2022-23,Jhalokati,2023,545.0,,,206.0,1
Mustard,2022-23,Jhenaidah,2023,6161.5,,,3215.45,1
Mustard,2022-23,Joypurhat,2023,20584.0,,,17157.0,1
Mustard,2022-23,Khagrachhari,2023,405.0,,,189.03,1
Mustard,2022-23,Khulna,2023,521.35,,,178.76,1
Mustard,2022-23,Kishoreganj,2023,2523.52,,,1111.17,1
Mustard,2022-23,Kurigram,2023,9942.1,,,5034.08,1
Mustard,2022-23,Kushtia,2023,8122.0,,,4986.0,1
Mustard,2022-23,Lakshmipur,2023,354.8,,,130.67,1
Mustard,2022-23,Lalmonirhat,2023,1132.0,,,752.12,1
Mustard,2022-23,Madaripur,2023,24039.0,,,11603.3,1
Mustard,2022-23,Magura,2023,11521.25,,,4624.13,1
Mustard,2022-23,Manikganj,2023,6485.48,,,34072.86,1
Mustard,2022-23,Meherpur,2023,10221.0,,,5571.84,1
Mustard,2022-23,Moulvibazar,2023,3832.98,,,2103.7,1
Mustard,2022-23,Munshiganj,2023,6242.6,,,3236.33,1
Mustard,2022-23,Mymensingh,2023,5716.0,,,2786.0,1
Mustard,2022-23,Naogaon,2023,116677.0,,,78479.0,1
Mustard,2022-23,Narail,2023,11258.0,,,4577.7,1
Mustard,2022-23,Narayanganj,2023,1510.52,,,561.18,1
Mustard,2022-23,Narsingdi,2023,3599.77,,,1542.32,1
Mustard,2022-23,Natore,2023,5451.3,,,3283.28,1
Mustard,2022-23,Netrakona,2023,6499.0,,,2998.0,1
Mustard,2022-23,Nilphamari,2023,7875.13,,,4339.5,1
Mustard,2022-23,Noakhali,2023,238.97,,,77.25,1
Mustard,2022-23,Pabna,2023,45366.0,,,25211.0,1
Mustard,2022-23,Panchagarh,2023,5415.0,,,2908.21,1
Mustard,2022-23,Patuakhali,2023,122.0,,,29.74,1
Mustard,2022-23,Pirojpur,2023,104.0,,,37.0,1
Mustard,2022-23,Rajbari,2023,4216.0,,,2469.75,1
Mustard,2022-23,Rajshahi,2023,47716.0,,,28094.0,1
Mustard,2022-23,Rangamati,2023,410.21,,,180.51,1
Mustard,2022-23,Rangpur,2023,4770.0,,,2403.0,1
Mustard,2022-23,Satkhira,2023,11748.15,,,6909.09,1
Mustard,2022-23,Shariatpur,2023,10478.0,,,4874.0,1
Mustard,2022-23,Sherpur,2023,8295.0,,,4433.0,1
Mustard,2022-23,Sirajganj,2023,131606.0,,,68730.75,1
Mustard,2022-23,Sunamganj,2023,1248.0,,,517.0,1
Mustard,2022-23,Sylhet,2023,1711.5,,,1138.12,1
Mustard,2022-23,Tangail,2023,77876.45,,,34172.31,1
Mustard,2022-23,Thakurgaon,2023,15174.0,,,9043.7,1
Onion,2020-21,Bagerhat,2023,328.86,,,741.39,1
Onion,2020-21,Bandarban,2023,127.0,,,192.93,1
Onion,2020-21,Barguna,2023,104.0,,,124.0,1
Onion,2020-21,Barishal,2023,560.0,,,879.0,1
Onion,2020-21,Bhola,2023,1581.06,,,3588.0,1
Onion,2020-21,Bogura,2023,4797.0,,,13039.74,1
Onion,2020-21,Brahmanbaria,2023,1097.52,,,2967.5,1
Onion,2020-21,Chandpur,2023,1796.15,,,4605.71,1
Onion,2020-21,Chapainababganj,2023,7211.0,,,25980.53,1
Onion,2020-21,Chattogram,2023,173.82,,,248.58,1
Onion,2020-21,Chuadanga,2023,1699.0,,,9860.38,1
Onion,2020-21,Cox's Bazar,2023,61.14,,,84.8,1
Onion,2020-21,Cumilla,2023,349.0,,,982.7,1
Onion,2020-21,Dhaka,2023,1147.99,,,4112.9,1
Onion,2020-21,Dinajpur,2023,5344.0,,,16778.0,1
Onion,2020-21,Faridpur,2023,82105.0,,,445503.0,1
Onion,2020-21,Feni,2023,25.52,,,43.0,1
Onion,2020-21,Gaibandha,2023,2684.0,,,6528.0,1
Onion,2020-21,Gazipur,2023,495.23,,,971.56,1
Onion,2020-21,Gopalganj,2023,4917.27,,,12780.86,1
Onion,2020-21,Habiganj,2023,156.46,,,389.8,1
Onion,2020-21,Jamalpur,2023,3740.0,,,10854.0,1
Onion,2020-21,Jashore,2023,3093.0,,,12841.38,1
Onion,2020-21,Jhalokati,2023,90.0,,,136.0,1
Onion,2020-21,Jhenaidah,2023,18557.0,,,101477.38,1
Onion,2020-21,Joypurhat,2023,1877.84,,,7781.64,1
Onion,2020-21,Khagrachhari,2023,54.9,,,82.17,1
Onion,2020-21,Khulna,2023,307.13,,,981.42,1
Onion,2020-21,Kishoreganj,2023,1324.66,,,4272.25,1
Onion,2020-21,Kurigram,2023,1103.0,,,2575.0,1
Onion,2020-21,Kushtia,2023,26182.0,,,134234.0,1
Onion,2020-21,Lakshmipur,2023,436.0,,,802.0,1
Onion,2020-21,Lalmonirhat,2023,1241.0,,,3923.0,1
Onion,2020-21,Madaripur,2023,8838.3,,,36891.26,1
Onion,2020-21,Magura,2023,14096.0,,,57080.19,1
Onion,2020-21,Manikganj,2023,18285.55,,,61037.85,1
Onion,2020-21,Meherpur,2023,4929.0,,,52143.79,1
Onion,2020-21,Moulvibazar,2023,90.32,,,206.29,1
Onion,2020-21,Munshiganj,2023,482.0,,,1415.96,1
Onion,2020-21,Mymensingh,2023,1442.0,,,3855.0,1
Onion,2020-21,Naogaon,2023,6817.33,,,26473.94,1
Onion,2020-21,Narail,2023,1493.0,,,4785.1,1
Onion,2020-21,Narayanganj,2023,648.96,,,1404.46,1
Onion,2020-21,Narsingdi,2023,317.16,,,854.48,1
Onion,2020-21,Natore,2023,11652.0,,,64204.0,1
Onion,2020-21,Netrakona,2023,770.0,,,2353.0,1
Onion,2020-21,Nilphamari,2023,2556.0,,,10027.0,1
Onion,2020-21,Noakhali,2023,483.45,,,1654.37,1
Onion,2020-21,Pabna,2023,105918.0,,,509226.0,1
Onion,2020-21,Panchagarh,2023,3521.0,,,12744.0,1
Onion,2020-21,Patuakhali,2023,102.0,,,178.25,1
Onion,2020-21,Pirojpur,2023,60.0,,,70.0,1
Onion,2020-21,Rajbari,2023,67515.0,,,277033.0,1
Onion,2020-21,Rajshahi,2023,36170.5,,,249340.5,1
Onion,2020-21,Rangamati,2023,114.9,,,226.93,1
Onion,2020-21,Rangpur,2023,4980.0,,,16831.0,1
Onion,2020-21,Satkhira,2023,972.49,,,3228.36,1
Onion,2020-21,Shariatpur,2023,6555.0,,,27869.0,1
Onion,2020-21,Sherpur,2023,1278.0,,,3544.0,1
Onion,2020-21,Sirajganj,2023,1585.9,,,5236.34,1
Onion,2020-21,Sunamganj,2023,321.0,,,889.0,1
Onion,2020-21,Sylhet,2023,313.7,,,1016.96,1
Onion,2020-21,Tangail,2023,2045.8,,,4265.43,1
Onion,2020-21,Thakurgaon,2023,984.0,,,2306.0,1
Onion,2021-22,Bagerhat,2023,341.0,,,769.51,1
Onion,2021-22,Bandarban,2023,133.1,,,203.9,1
Onion,2021-22,Barguna,2023,100.0,,,117.0,1
Onion,2021-22,Barishal,2023,520.0,,,690.0,1
Onion,2021-22,Bhola,2023,1608.0,,,3852.0,1
Onion,2021-22,Bogura,2023,4774.4,,,13051.0,1
Onion,2021-22,Brahmanbaria,2023,1067.79,,,3075.17,1
Onion,2021-22,Chandpur,2023,1933.85,,,5047.1,1
Onion,2021-22,Chapainababganj,2023,7076.5,,,25641.02,1
Onion,2021-22,Chattogram,2023,182.36,,,271.85,1
Onion,2021-22,Chuadanga,2023,1809.5,,,10275.71,1
Onion,2021-22,Cox's Bazar,2023,59.55,,,83.57,1
Onion,2021-22,Cumilla,2023,698.8,,,1321.1,1
Onion,2021-22,Dhaka,2023,1134.55,,,4201.43,1
Onion,2021-22,Dinajpur,2023,5360.0,,,18220.0,1
Onion,2021-22,Faridpur,2023,100291.0,,,544492.0,1
Onion,2021-22,Feni,2023,25.72,,,41.19,1
Onion,2021-22,Gaibandha,2023,2947.0,,,9000.42,1
Onion,2021-22,Gazipur,2023,502.59,,,988.92,1
Onion,2021-22,Gopalganj,2023,4936.65,,,10613.17,1
Onion,2021-22,Habiganj,2023,101.95,,,244.53,1
Onion,2021-22,Jamalpur,2023,4895.0,,,11362.0,1
Onion,2021-22,Jashore,2023,3126.0,,,13056.16,1
Onion,2021-22,Jhalokati,2023,100.0,,,154.0,1
Onion,2021-22,Jhenaidah,2023,19100.0,,,128388.75,1
Onion,2021-22,Joypurhat,2023,1857.81,,,8421.37,1
Onion,2021-22,Khagrachhari,2023,62.9,,,91.77,1
Onion,2021-22,Khulna,2023,289.04,,,888.24,1
Onion,2021-22,Kishoreganj,2023,1354.28,,,4806.72,1
Onion,2021-22,Kurigram,2023,1112.61,,,2730.9,1
Onion,2021-22,Kushtia,2023,26845.0,,,140098.0,1
Onion,2021-22,Lakshmipur,2023,436.0,,,802.0,1
Onion,2021-22,Lalmonirhat,2023,1283.0,,,4167.53,1
Onion,2021-22,Madaripur,2023,8867.5,,,39434.42,1
Onion,2021-22,Magura,2023,14565.0,,,58187.68,1
Onion,2021-22,Manikganj,2023,16757.95,,,59720.17,1
Onion,2021-22,Meherpur,2023,4909.0,,,56558.12,1
Onion,2021-22,Moulvibazar,2023,85.02,,,204.98,1
Onion,2021-22,Munshiganj,2023,489.6,,,1513.19,1
Onion,2021-22,Mymensingh,2023,1398.0,,,4014.0,1
Onion,2021-22,Naogaon,2023,6766.05,,,27312.87,1
Onion,2021-22,Narail,2023,1567.0,,,5076.21,1
Onion,2021-22,Narayanganj,2023,634.84,,,1374.87,1
Onion,2021-22,Narsingdi,2023,324.35,,,642.31,1
Onion,2021-22,Natore,2023,12107.0,,,74375.56,1
Onion,2021-22,Netrakona,2023,770.0,,,2370.0,1
Onion,2021-22,Nilphamari,2023,2747.0,,,11035.0,1
Onion,2021-22,Noakhali,2023,544.6,,,1956.19,1
Onion,2021-22,Pabna,2023,105914.0,,,513533.0,1
Onion,2021-22,Panchagarh,2023,4104.0,,,15685.51,1
Onion,2021-22,Patuakhali,2023,120.0,,,90.0,1
Onion,2021-22,Pirojpur,2023,79.0,,,96.0,1
Onion,2021-22,Rajbari,2023,70757.0,,,330006.1,1
Onion,2021-22,Rajshahi,2023,38663.5,,,278555.45,1
Onion,2021-22,Rangamati,2023,114.65,,,239.44,1
Onion,2021-22,Rangpur,2023,5019.0,,,17420.0,1
Onion,2021-22,Satkhira,2023,978.14,,,3289.88,1
Onion,2021-22,Shariatpur,2023,6601.0,,,28578.0,1
Onion,2021-22,Sherpur,2023,1292.0,,,3585.0,1
Onion,2021-22,Sirajganj,2023,1648.55,,,6221.66,1
Onion,2021-22,Sunamganj,2023,324.0,,,899.0,1
Onion,2021-22,Sylhet,2023,299.0,,,988.0,1
Onion,2021-22,Tangail,2023,2048.55,,,4608.12,1
Onion,2021-22,Thakurgaon,2023,995.8,,,2332.0,1
Onion,2022-23,Bagerhat,2023,335.8,,,757.68,1
Onion,2022-23,Bandarban,2023,137.0,,,208.45,1
Onion,2022-23,Barguna,2023,54.0,,,62.0,1
Onion,2022-23,Barishal,2023,438.0,,,518.0,1
Onion,2022-23,Bhola,2023,1566.0,,,3816.0,1
Onion,2022-23,Bogura,2023,4834.65,,,13499.32,1
Onion,2022-23,Brahmanbaria,2023,950.85,,,2694.57,1
Onion,2022-23,Chandpur,2023,1934.1,,,5135.04,1
Onion,2022-23,Chapainababganj,2023,7433.0,,,34604.44,1
Onion,2022-23,Chattogram,2023,177.7,,,355.04,1
Onion,2022-23,Chuadanga,2023,1820.0,,,10810.2,1
Onion,2022-23,Cox's Bazar,2023,60.26,,,85.57,1
Onion,2022-23,Cumilla,2023,706.79,,,1337.4,1
Onion,2022-23,Dhaka,2023,1146.57,,,4005.87,1
Onion,2022-23,Dinajpur,2023,5378.0,,,18394.0,1
Onion,2022-23,Faridpur,2023,100319.0,,,544979.54,1
Onion,2022-23,Feni,2023,27.5,,,93.5,1
Onion,2022-23,Gaibandha,2023,2947.0,,,9000.42,1
Onion,2022-23,Gazipur,2023,502.48,,,1019.39,1
Onion,2022-23,Gopalganj,2023,4974.8,,,12754.14,1
Onion,2022-23,Habiganj,2023,106.73,,,272.9,1
Onion,2022-23,Jamalpur,2023,3248.0,,,11138.0,1
Onion,2022-23,Jashore,2023,3023.0,,,12853.03,1
Onion,2022-23,Jhalokati,2023,106.0,,,164.0,1
Onion,2022-23,Jhenaidah,2023,18306.0,,,98588.3,1
Onion,2022-23,Joypurhat,2023,1919.7,,,9255.77,1
Onion,2022-23,Khagrachhari,2023,57.9,,,83.71,1
Onion,2022-23,Khulna,2023,290.54,,,890.37,1
Onion,2022-23,Kishoreganj,2023,1359.32,,,4874.74,1
Onion,2022-23,Kurigram,2023,1125.0,,,2826.43,1
Onion,2022-23,Kushtia,2023,27270.0,,,141877.0,1
Onion,2022-23,Lakshmipur,2023,360.57,,,622.0,1
Onion,2022-23,Lalmonirhat,2023,1288.0,,,4152.62,1
Onion,2022-23,Madaripur,2023,9030.0,,,40390.75,1
Onion,2022-23,Magura,2023,16044.0,,,70969.81,1
Onion,2022-23,Manikganj,2023,17062.5,,,59206.15,1
Onion,2022-23,Meherpur,2023,5017.0,,,58208.59,1
Onion,2022-23,Moulvibazar,2023,81.87,,,194.2,1
Onion,2022-23,Munshiganj,2023,484.3,,,1643.27,1
Onion,2022-23,Mymensingh,2023,1340.0,,,4082.0,1
Onion,2022-23,Naogaon,2023,7247.92,,,34066.91,1
Onion,2022-23,Narail,2023,1585.0,,,5155.1,1
Onion,2022-23,Narayanganj,2023,633.88,,,1378.43,1
Onion,2022-23,Narsingdi,2023,333.31,,,658.8,1
Onion,2022-23,Natore,2023,11086.5,,,67776.86,1
Onion,2022-23,Netrakona,2023,711.0,,,2015.0,1
Onion,2022-23,Nilphamari,2023,2660.0,,,11130.0,1
Onion,2022-23,Noakhali,2023,551.3,,,1977.9,1
Onion,2022-23,Pabna,2023,104734.5,,,535401.46,1
Onion,2022-23,Panchagarh,2023,3915.0,,,14999.13,1
Onion,2022-23,Patuakhali,2023,122.0,,,86.0,1
Onion,2022-23,Pirojpur,2023,80.0,,,97.0,1
Onion,2022-23,Rajbari,2023,70120.0,,,366498.0,1
Onion,2022-23,Rajshahi,2023,36003.0,,,248648.95,1
Onion,2022-23,Rangamati,2023,122.47,,,259.69,1
Onion,2022-23,Rangpur,2023,5040.0,,,16983.0,1
Onion,2022-23,Satkhira,2023,984.66,,,3348.99,1
Onion,2022-23,Shariatpur,2023,7378.0,,,31792.0,1
Onion,2022-23,Sherpur,2023,1280.0,,,4106.0,1
Onion,2022-23,Sirajganj,2023,1365.98,,,5340.09,1
Onion,2022-23,Sunamganj,2023,336.0,,,917.0,1
Onion,2022-23,Sylhet,2023,288.0,,,919.0,1
Onion,2022-23,Tangail,2023,2056.48,,,4627.44,1
Onion,2022-23,Thakurgaon,2023,1010.3,,,2387.3,1
Potato,2021-22,Bagerhat,2023,890.0,360.0,17.511,6307.0,1
Potato,2021-22,Bandarban,2023,1538.0,622.0,9.898,6160.0,1
Potato,2021-22,Barguna,2023,2095.0,848.0,20.499,17380.0,1
Potato,2021-22,Barishal,2023,1674.0,677.0,19.807,13418.0,1
Potato,2021-22,Bhola,2023,133330.0,5395.0,22.648,122174.0,1
Potato,2021-22,Bogura,2023,145017.0,58688.0,20.067,1177688.0,1
Potato,2021-22,Brahmanbaria,2023,3002.0,1215.0,17.572,21348.0,1
Potato,2021-22,Chandpur,2023,19602.0,7933.0,20.749,164601.0,1
Potato,2021-22,Chapainababganj,2023,2314.0,936.0,18.109,16958.0,1
Potato,2021-22,Chattogram,2023,9028.0,3654.0,14.763,53939.0,1
Potato,2021-22,Chuadanga,2023,6419.0,2598.0,19.496,50645.0,1
Potato,2021-22,Cox's Bazar,2023,3946.0,1597.0,16.08,25679.0,1
Potato,2021-22,Cumilla,2023,25173.0,10187.0,15.756,160510.0,1
Potato,2021-22,Dhaka,2023,2109.0,854.0,18.37,15682.0,1
Potato,2021-22,Dinajpur,2023,114148.0,46195.0,20.414,943028.0,1
Potato,2021-22,Faridpur,2023,532.0,215.0,23.174,4992.0,1
Potato,2021-22,Feni,2023,726.0,294.0,15.104,4436.0,1
Potato,2021-22,Gaibandha,2023,22860.0,9251.0,20.667,191193.0,1
Potato,2021-22,Gazipur,2023,487.0,197.0,18.598,3667.0,1
Potato,2021-22,Gopalganj,2023,681.0,275.0,27.345,7531.0,1
Potato,2021-22,Habiganj,2023,4104.0,1661.0,10.503,17444.0,1
Potato,2021-22,Jamalpur,2023,12047.0,4875.0,22.416,109285.0,1
Potato,2021-22,Jashore,2023,3941.0,1595.0,22.534,35940.0,1
Potato,2021-22,Jhalokati,2023,1081.0,437.0,15.245,6669.0,1
Potato,2021-22,Jhenaidah,2023,3794.0,1535.0,22.158,34021.0,1
Potato,2021-22,Joypurhat,2023,98642.0,39920.0,24.943,995733.0,1
Potato,2021-22,Khagrachhari,2023,1572.0,636.0,12.261,7800.0,1
Potato,2021-22,Khulna,2023,1500.0,607.0,19.427,11796.0,1
Potato,2021-22,Kishoreganj,2023,14089.0,5702.0,18.223,103902.0,1
Potato,2021-22,Kurigram,2023,22440.0,9081.0,25.944,235605.0,1
Potato,2021-22,Kushtia,2023,4120.0,1667.0,21.552,35934.0,1
Potato,2021-22,Lakshmipur,2023,235.0,95.0,19.056,1812.0,1
Potato,2021-22,Lalmonirhat,2023,12082.0,4890.0,22.244,108761.0,1
Potato,2021-22,Madaripur,2023,830.0,336.0,24.82,8338.0,1
Potato,2021-22,Magura,2023,101.0,41.0,25.58,1042.0,1
Potato,2021-22,Manikganj,2023,3817.0,1545.0,20.141,31110.0,1
Potato,2021-22,Meherpur,2023,2964.0,1200.0,23.506,28196.0,1
Potato,2021-22,Moulvibazar,2023,5261.0,2129.0,15.087,32119.0,1
Potato,2021-22,Munshiganj,2023,85528.0,34613.0,32.115,1111577.0,1
Potato,2021-22,Mymensingh,2023,10098.0,4087.0,10.317,42161.0,1
Potato,2021-22,Naogaon,2023,53631.0,21704.0,17.029,369599.0,1
Potato,2021-22,Narail,2023,118.0,48.0,15.62,746.0,1
Potato,2021-22,Narayanganj,2023,4565.0,1847.0,25.738,47548.0,1
Potato,2021-22,Narsingdi,2023,3979.0,1610.0,13.833,22273.0,1
Potato,2021-22,Natore,2023,1797.0,727.0,21.273,15470.0,1
Potato,2021-22,Netrakona,2023,5447.0,2204.0,12.94,28525.0,1
Potato,2021-22,Nilphamari,2023,55064.0,22284.0,19.355,431319.0,1
Potato,2021-22,Noakhali,2023,574.0,232.0,20.273,4708.0,1
Potato,2021-22,Pabna,2023,1963.0,794.0,13.835,10991.0,1
Potato,2021-22,Panchagarh,2023,24238.0,9809.0,21.584,211716.0,1
Potato,2021-22,Patuakhali,2023,1142.0,462.0,16.209,7491.0,1
Potato,2021-22,Pirojpur,2023,2258.0,914.0,19.388,17717.0,1
Potato,2021-22,Rajbari,2023,355.0,144.0,18.046,2593.0,1
Potato,2021-22,Rajshahi,2023,91468.0,37017.0,24.933,922930.0,1
Potato,2021-22,Rangamati,2023,804.0,325.0,12.15,3951.0,1
Potato,2021-22,Rangpur,2023,120781.0,48879.0,22.835,1116144.0,1
Potato,2021-22,Satkhira,2023,5197.0,2103.0,22.308,46918.0,1
Potato,2021-22,Shariatpur,2023,5365.0,2171.0,28.606,62109.0,1
Potato,2021-22,Sherpur,2023,12784.0,5174.0,16.204,83833.0,1
Potato,2021-22,Sirajganj,2023,6899.0,2792.0,14.098,39357.0,1
Potato,2021-22,Sunamganj,2023,4354.0,1762.0,16.651,29339.0,1
Potato,2021-22,Sylhet,2023,2634.0,1066.0,18.562,19788.0,1
Potato,2021-22,Tangail,2023,9196.0,3721.0,12.943,48167.0,1
Potato,2021-22,Thakurgaon,2023,68144.0,27577.0,23.027,635019.0,1
Potato,2022-23,Bagerhat,2023,717.0,290.0,22.95,6655.0,1
Potato,2022-23,Bandarban,2023,1691.0,684.0,9.53,6519.0,1
Potato,2022-23,Barguna,2023,2249.0,910.0,22.16,20165.0,1
Potato,2022-23,Barishal,2023,1674.0,677.0,20.19,13679.0,1
Potato,2022-23,Bhola,2023,12796.0,5178.0,21.41,110860.0,1
Potato,2022-23,Bogura,2023,130385.0,52766.0,21.724,1146288.0,1
Potato,2022-23,Brahmanbaria,2023,3444.0,1394.0,17.16,23921.0,1
Potato,2022-23,Chandpur,2023,18005.0,7287.0,28.0,204051.0,1
Potato,2022-23,Chapainababganj,2023,2784.0,1127.0,19.044,21456.0,1
Potato,2022-23,Chattogram,2023,10168.0,4115.0,15.14,62301.0,1
Potato,2022-23,Chuadanga,2023,5318.0,2152.0,20.84,44849.0,1
Potato,2022-23,Cox's Bazar,2023,3912.0,1583.0,17.56,27804.0,1
Potato,2022-23,Cumilla,2023,23737.0,9606.0,19.92,191371.0,1
Potato,2022-23,Dhaka,2023,2275.0,921.0,22.52,20737.0,1
Potato,2022-23,Dinajpur,2023,114711.0,46423.0,24.316,1128832.0,1
Potato,2022-23,Faridpur,2023,249.0,101.0,25.37,2555.0,1
Potato,2022-23,Feni,2023,726.0,294.0,16.29,4786.0,1
Potato,2022-23,Gaibandha,2023,23106.0,9351.0,22.6,211330.0,1
Potato,2022-23,Gazipur,2023,553.0,224.0,20.85,4663.0,1
Potato,2022-23,Gopalganj,2023,547.0,221.0,28.68,6344.0,1
Potato,2022-23,Habiganj,2023,4806.0,1945.0,14.359,27926.0,1
Potato,2022-23,Jamalpur,2023,11865.0,4802.0,21.096,101298.0,1
Potato,2022-23,Jashore,2023,3461.0,1401.0,23.55,32989.0,1
Potato,2022-23,Jhalokati,2023,1041.0,421.0,17.54,7390.0,1
Potato,2022-23,Jhenaidah,2023,3559.0,1440.0,23.94,34486.0,1
Potato,2022-23,Joypurhat,2023,98768.0,39971.0,26.709,1067560.0,1
Potato,2022-23,Khagrachhari,2023,1620.0,656.0,11.48,7525.0,1
Potato,2022-23,Khulna,2023,1481.0,599.0,19.79,11858.0,1
Potato,2022-23,Kishoreganj,2023,14008.0,5669.0,20.35,115373.0,1
Potato,2022-23,Kurigram,2023,18395.0,7444.0,24.436,181914.0,1
Potato,2022-23,Kushtia,2023,3833.0,1551.0,21.72,33687.0,1
Potato,2022-23,Lakshmipur,2023,256.0,104.0,18.09,1874.0,1
Potato,2022-23,Lalmonirhat,2023,14252.0,5768.0,23.204,133835.0,1
Potato,2022-23,Madaripur,2023,780.0,316.0,25.32,7992.0,1
Potato,2022-23,Magura,2023,122.0,49.0,33.99,1672.0,1
Potato,2022-23,Manikganj,2023,4280.0,1732.0,19.99,34627.0,1
Potato,2022-23,Meherpur,2023,2677.0,1083.0,23.21,25144.0,1
Potato,2022-23,Moulvibazar,2023,5455.0,2208.0,14.967,33043.0,1
Potato,2022-23,Munshiganj,2023,83801.0,33914.0,29.5,1000451.0,1
Potato,2022-23,Mymensingh,2023,9826.0,3977.0,10.317,41027.0,1
Potato,2022-23,Naogaon,2023,46306.0,18740.0,18.271,342389.0,1
Potato,2022-23,Narail,2023,119.0,48.0,14.27,687.0,1
Potato,2022-23,Narayanganj,2023,4241.0,1716.0,25.03,42951.0,1
Potato,2022-23,Narsingdi,2023,3955.0,1601.0,12.32,19717.0,1
Potato,2022-23,Natore,2023,1580.0,639.0,21.647,13842.0,1
Potato,2022-23,Netrakona,2023,6900.0,2792.0,13.841,38651.0,1
Potato,2022-23,Nilphamari,2023,53606.0,21694.0,18.286,396708.0,1
Potato,2022-23,Noakhali,2023,593.0,240.0,22.28,5347.0,1
Potato,2022-23,Pabna,2023,3614.0,1463.0,11.843,17321.0,1
Potato,2022-23,Panchagarh,2023,24136.0,9768.0,21.603,211012.0,1
Potato,2022-23,Patuakhali,2023,1367.0,553.0,20.38,11275.0,1
Potato,2022-23,Pirojpur,2023,2171.0,879.0,21.23,18649.0,1
Potato,2022-23,Rajbari,2023,304.0,123.0,18.11,2228.0,1
Potato,2022-23,Rajshahi,2023,87228.0,35301.0,27.392,966966.0,1
Potato,2022-23,Rangamati,2023,794.0,322.0,11.67,3753.0,1
Potato,2022-23,Rangpur,2023,125353.0,50730.0,23.533,1193796.0,1
Potato,2022-23,Satkhira,2023,4790.0,1938.0,18.82,36473.0,1
Potato,2022-23,Shariatpur,2023,4331.0,1753.0,29.8,52224.0,1
Potato,2022-23,Sherpur,2023,12720.0,5148.0,15.452,79543.0,1
Potato,2022-23,Sirajganj,2023,11984.0,4850.0,13.451,65237.0,1
Potato,2022-23,Sunamganj,2023,4111.0,1664.0,16.944,28190.0,1
Potato,2022-23,Sylhet,2023,2877.0,1164.0,13.203,15371.0,1
Potato,2022-23,Tangail,2023,9685.0,3920.0,13.34,52288.0,1
Potato,2022-23,Thakurgaon,2023,69500.0,28126.0,23.333,656279.0,1
Sugarcane,2020-21,Bagerhat,2023,852.0,,,9133.76,1
Sugarcane,2020-21,Bandarban,2023,217.2,,,902.15,1
Sugarcane,2020-21,Barguna,2023,120.0,,,382.0,1
Sugarcane,2020-21,Barishal,2023,1222.0,,,6567.0,1
Sugarcane,2020-21,Bhola,2023,961.0,,,6070.0,1
Sugarcane,2020-21,Bogura,2023,283.74,,,6455.88,1
Sugarcane,2020-21,Brahmanbaria,2023,43.0,,,168.25,1
Sugarcane,2020-21,Chandpur,2023,1412.25,,,15535.77,1
Sugarcane,2020-21,Chapainababganj,2023,3456.25,,,59467.78,1
Sugarcane,2020-21,Chattogram,2023,1927.14,,,18034.06,1
Sugarcane,2020-21,Chuadanga,2023,4826.0,,,117131.0,1
Sugarcane,2020-21,Cox's Bazar,2023,613.38,,,3731.99,1
Sugarcane,2020-21,Cumilla,2023,894.31,,,5462.15,1
Sugarcane,2020-21,Dhaka,2023,139.04,,,988.27,1
Sugarcane,2020-21,Dinajpur,2023,3320.0,,,48206.0,1
Sugarcane,2020-21,Faridpur,2023,6528.31,,,102737.51,1
Sugarcane,2020-21,Feni,2023,208.52,,,2625.16,1
Sugarcane,2020-21,Gaibandha,2023,5821.0,,,143749.0,1
Sugarcane,2020-21,Gazipur,2023,3135.75,,,26831.75,1
Sugarcane,2020-21,Gopalganj,2023,734.0,,,9679.35,1
Sugarcane,2020-21,Habiganj,2023,2387.15,,,38088.86,1
Sugarcane,2020-21,Jamalpur,2023,10398.0,,,214070.0,1
Sugarcane,2020-21,Jashore,2023,481.0,,,8531.0,1
Sugarcane,2020-21,Jhalokati,2023,279.0,,,1928.0,1
Sugarcane,2020-21,Jhenaidah,2023,2670.0,,,59385.2,1
Sugarcane,2020-21,Joypurhat,2023,2208.8,,,43948.21,1
Sugarcane,2020-21,Khagrachhari,2023,641.3,,,5815.67,1
Sugarcane,2020-21,Khulna,2023,105.0,,,1459.07,1
Sugarcane,2020-21,Kishoreganj,2023,49.79,,,594.7,1
Sugarcane,2020-21,Kurigram,2023,703.0,,,10363.0,1
Sugarcane,2020-21,Kushtia,2023,8532.0,,,165376.0,1
Sugarcane,2020-21,Lakshmipur,2023,335.0,,,3712.0,1
Sugarcane,2020-21,Lalmonirhat,2023,289.0,,,3861.0,1
Sugarcane,2020-21,Madaripur,2023,843.0,,,15892.0,1
Sugarcane,2020-21,Magura,2023,246.8,,,3178.03,1
Sugarcane,2020-21,Manikganj,2023,4696.85,,,93178.46,1
Sugarcane,2020-21,Meherpur,2023,745.0,,,13486.47,1
Sugarcane,2020-21,Moulvibazar,2023,50.0,,,309.09,1
Sugarcane,2020-21,Munshiganj,2023,311.0,,,2516.49,1
Sugarcane,2020-21,Mymensingh,2023,5643.0,,,84397.0,1
Sugarcane,2020-21,Naogaon,2023,1022.0,,,20066.69,1
Sugarcane,2020-21,Narail,2023,1654.0,,,25776.0,1
Sugarcane,2020-21,Narayanganj,2023,124.31,,,620.62,1
Sugarcane,2020-21,Narsingdi,2023,188.6,,,1742.44,1
Sugarcane,2020-21,Natore,2023,53100.0,,,968007.92,1
Sugarcane,2020-21,Netrakona,2023,48.0,,,636.0,1
Sugarcane,2020-21,Nilphamari,2023,289.0,,,6680.0,1
Sugarcane,2020-21,Noakhali,2023,210.23,,,1848.8,1
Sugarcane,2020-21,Pabna,2023,8016.0,,,152795.98,1
Sugarcane,2020-21,Panchagarh,2023,6516.0,,,74890.0,1
Sugarcane,2020-21,Patuakhali,2023,68.0,,,286.45,1
Sugarcane,2020-21,Pirojpur,2023,361.0,,,2296.0,1
Sugarcane,2020-21,Rajbari,2023,3301.0,,,58261.0,1
Sugarcane,2020-21,Rajshahi,2023,17582.5,,,321008.13,1
Sugarcane,2020-21,Rangamati,2023,534.9,,,7738.59,1
Sugarcane,2020-21,Rangpur,2023,3134.0,,,72071.0,1
Sugarcane,2020-21,Satkhira,2023,281.35,,,4358.33,1
Sugarcane,2020-21,Shariatpur,2023,1052.0,,,15977.0,1
Sugarcane,2020-21,Sherpur,2023,238.0,,,5107.0,1
Sugarcane,2020-21,Sirajganj,2023,2358.5,,,38486.49,1
Sugarcane,2020-21,Sunamganj,2023,179.0,,,3153.0,1
Sugarcane,2020-21,Sylhet,2023,20.0,,,275.0,1
Sugarcane,2020-21,Tangail,2023,2895.45,,,50235.75,1
Sugarcane,2020-21,Thakurgaon,2023,10807.0,,,146279.0,1
Sugarcane,2021-22,Bagerhat,2023,582.0,,,6022.0,1
Sugarcane,2021-22,Bandarban,2023,219.0,,,904.7,1
Sugarcane,2021-22,Barguna,2023,120.0,,,1515.0,1
Sugarcane,2021-22,Barishal,2023,1280.0,,,6730.0,1
Sugarcane,2021-22,Bhola,2023,963.0,,,7351.0,1
Sugarcane,2021-22,Bogura,2023,283.83,,,6404.65,1
Sugarcane,2021-22,Brahmanbaria,2023,44.0,,,196.59,1
Sugarcane,2021-22,Chandpur,2023,1398.55,,,15363.57,1
Sugarcane,2021-22,Chapainababganj,2023,3413.0,,,59031.61,1
Sugarcane,2021-22,Chattogram,2023,1855.86,,,16782.03,1
Sugarcane,2021-22,Chuadanga,2023,4800.0,,,109175.0,1
Sugarcane,2021-22,Cox's Bazar,2023,492.91,,,2943.13,1
Sugarcane,2021-22,Cumilla,2023,882.0,,,5449.0,1
Sugarcane,2021-22,Dhaka,2023,135.13,,,1250.07,1
Sugarcane,2021-22,Dinajpur,2023,3662.0,,,49805.0,1
Sugarcane,2021-22,Faridpur,2023,6273.0,,,89497.33,1
Sugarcane,2021-22,Feni,2023,210.2,,,2631.93,1
Sugarcane,2021-22,Gaibandha,2023,5454.0,,,115951.0,1
Sugarcane,2021-22,Gazipur,2023,2962.9,,,25390.74,1
Sugarcane,2021-22,Gopalganj,2023,652.4,,,9482.04,1
Sugarcane,2021-22,Habiganj,2023,2297.5,,,36796.72,1
Sugarcane,2021-22,Jamalpur,2023,10187.0,,,213308.0,1
Sugarcane,2021-22,Jashore,2023,882.0,,,16417.0,1
Sugarcane,2021-22,Jhalokati,2023,296.0,,,3189.0,1
Sugarcane,2021-22,Jhenaidah,2023,2448.0,,,54215.0,1
Sugarcane,2021-22,Joypurhat,2023,2223.13,,,44076.5,1
Sugarcane,2021-22,Khagrachhari,2023,647.65,,,5845.93,1
Sugarcane,2021-22,Khulna,2023,88.0,,,1130.0,1
Sugarcane,2021-22,Kishoreganj,2023,47.47,,,509.23,1
Sugarcane,2021-22,Kurigram,2023,699.6,,,9809.21,1
Sugarcane,2021-22,Kushtia,2023,8428.0,,,164507.0,1
Sugarcane,2021-22,Lakshmipur,2023,323.4,,,3957.0,1
Sugarcane,2021-22,Lalmonirhat,2023,290.5,,,3843.82,1
Sugarcane,2021-22,Madaripur,2023,1033.4,,,19359.42,1
Sugarcane,2021-22,Magura,2023,243.0,,,3140.0,1
Sugarcane,2021-22,Manikganj,2023,3798.13,,,76072.1,1
Sugarcane,2021-22,Meherpur,2023,714.0,,,14227.0,1
Sugarcane,2021-22,Moulvibazar,2023,106.75,,,661.03,1
Sugarcane,2021-22,Munshiganj,2023,487.6,,,6266.35,1
Sugarcane,2021-22,Mymensingh,2023,5176.0,,,80881.0,1
Sugarcane,2021-22,Naogaon,2023,818.5,,,16758.35,1
Sugarcane,2021-22,Narail,2023,1705.0,,,26860.0,1
Sugarcane,2021-22,Narayanganj,2023,119.55,,,634.8,1
Sugarcane,2021-22,Narsingdi,2023,137.86,,,1631.15,1
Sugarcane,2021-22,Natore,2023,52293.7,,,965173.35,1
Sugarcane,2021-22,Netrakona,2023,47.0,,,607.0,1
Sugarcane,2021-22,Nilphamari,2023,285.7,,,6022.89,1
Sugarcane,2021-22,Noakhali,2023,212.13,,,2316.86,1
Sugarcane,2021-22,Pabna,2023,7951.0,,,151338.0,1
Sugarcane,2021-22,Panchagarh,2023,3614.0,,,40736.5,1
Sugarcane,2021-22,Patuakhali,2023,73.0,,,320.0,1
Sugarcane,2021-22,Pirojpur,2023,336.0,,,2361.0,1
Sugarcane,2021-22,Rajbari,2023,2632.0,,,47600.0,1
Sugarcane,2021-22,Rajshahi,2023,13565.35,,,251000.62,1
Sugarcane,2021-22,Rangamati,2023,525.3,,,7535.15,1
Sugarcane,2021-22,Rangpur,2023,959.0,,,20914.0,1
Sugarcane,2021-22,Satkhira,2023,278.0,,,5648.0,1
Sugarcane,2021-22,Shariatpur,2023,1034.0,,,14965.0,1
Sugarcane,2021-22,Sherpur,2023,241.0,,,5215.0,1
Sugarcane,2021-22,Sirajganj,2023,2188.46,,,38557.88,1
Sugarcane,2021-22,Sunamganj,2023,181.0,,,3190.0,1
Sugarcane,2021-22,Sylhet,2023,22.5,,,141.7,1
Sugarcane,2021-22,Tangail,2023,2869.25,,,48887.92,1
Sugarcane,2021-22,Thakurgaon,2023,10371.22,,,138925.6,1
Sugarcane,2022-23,Bagerhat,2023,585.0,,,6214.47,1
Sugarcane,2022-23,Bandarban,2023,220.8,,,912.76,1
Sugarcane,2022-23,Barguna,2023,118.0,,,375.0,1
Sugarcane,2022-23,Barishal,2023,1174.0,,,4265.0,1
Sugarcane,2022-23,Bhola,2023,981.0,,,6880.0,1
Sugarcane,2022-23,Bogura,2023,268.28,,,5650.26,1
Sugarcane,2022-23,Brahmanbaria,2023,44.0,,,263.83,1
Sugarcane,2022-23,Chandpur,2023,1399.44,,,15395.39,1
Sugarcane,2022-23,Chapainababganj,2023,3526.0,,,60219.37,1
Sugarcane,2022-23,Chattogram,2023,1846.44,,,16859.19,1
Sugarcane,2022-23,Chuadanga,2023,4796.5,,,117972.7,1
Sugarcane,2022-23,Cox's Bazar,2023,493.9,,,2967.56,1
Sugarcane,2022-23,Cumilla,2023,907.9,,,5524.19,1
Sugarcane,2022-23,Dhaka,2023,124.23,,,1155.37,1
Sugarcane,2022-23,Dinajpur,2023,3520.5,,,47474.23,1
Sugarcane,2022-23,Faridpur,2023,5954.14,,,89084.0,1
Sugarcane,2022-23,Feni,2023,210.5,,,3500.3,1
Sugarcane,2022-23,Gaibandha,2023,5407.19,,,115120.0,1
Sugarcane,2022-23,Gazipur,2023,2884.41,,,24771.4,1
Sugarcane,2022-23,Gopalganj,2023,625.3,,,9078.09,1
Sugarcane,2022-23,Habiganj,2023,2293.34,,,36847.13,1
Sugarcane,2022-23,Jamalpur,2023,9913.0,,,204309.0,1
Sugarcane,2022-23,Jashore,2023,826.0,,,15270.37,1
Sugarcane,2022-23,Jhalokati,2023,304.0,,,3240.0,1
Sugarcane,2022-23,Jhenaidah,2023,2515.0,,,58806.3,1
Sugarcane,2022-23,Joypurhat,2023,2236.4,,,44887.12,1
Sugarcane,2022-23,Khagrachhari,2023,651.2,,,5899.46,1
Sugarcane,2022-23,Khulna,2023,91.75,,,1210.0,1
Sugarcane,2022-23,Kishoreganj,2023,48.6,,,509.19,1
Sugarcane,2022-23,Kurigram,2023,634.7,,,8518.08,1
Sugarcane,2022-23,Kushtia,2023,7901.0,,,159414.0,1
Sugarcane,2022-23,Lakshmipur,2023,319.1,,,4318.2,1
Sugarcane,2022-23,Lalmonirhat,2023,293.4,,,3856.06,1
Sugarcane,2022-23,Madaripur,2023,1009.0,,,18519.7,1
Sugarcane,2022-23,Magura,2023,244.3,,,3279.43,1
Sugarcane,2022-23,Manikganj,2023,3460.05,,,69211.87,1
Sugarcane,2022-23,Meherpur,2023,428.0,,,8953.68,1
Sugarcane,2022-23,Moulvibazar,2023,108.0,,,864.46,1
Sugarcane,2022-23,Munshiganj,2023,501.95,,,6265.55,1
Sugarcane,2022-23,Mymensingh,2023,5181.0,,,80888.0,1
Sugarcane,2022-23,Naogaon,2023,657.97,,,13794.87,1
Sugarcane,2022-23,Narail,2023,1728.0,,,27231.64,1
Sugarcane,2022-23,Narayanganj,2023,121.88,,,647.58,1
Sugarcane,2022-23,Narsingdi,2023,198.5,,,2514.03,1
Sugarcane,2022-23,Natore,2023,51405.3,,,928965.37,1
Sugarcane,2022-23,Netrakona,2023,57.0,,,878.0,1
Sugarcane,2022-23,Nilphamari,2023,278.1,,,5760.12,1
Sugarcane,2022-23,Noakhali,2023,217.41,,,2359.91,1
Sugarcane,2022-23,Pabna,2023,7905.0,,,150627.0,1
Sugarcane,2022-23,Panchagarh,2023,1619.0,,,17417.9,1
Sugarcane,2022-23,Patuakhali,2023,71.0,,,302.0,1
Sugarcane,2022-23,Pirojpur,2023,327.0,,,2301.0,1
Sugarcane,2022-23,Rajbari,2023,2415.0,,,41763.0,1
Sugarcane,2022-23,Rajshahi,2023,12755.0,,,226012.39,1
Sugarcane,2022-23,Rangamati,2023,518.12,,,7356.67,1
Sugarcane,2022-23,Rangpur,2023,964.0,,,21089.0,1
Sugarcane,2022-23,Satkhira,2023,285.21,,,5852.13,1
Sugarcane,2022-23,Shariatpur,2023,1018.0,,,14754.0,1
Sugarcane,2022-23,Sherpur,2023,231.0,,,5059.0,1
Sugarcane,2022-23,Sirajganj,2023,2083.7,,,37356.51,1
Sugarcane,2022-23,Sunamganj,2023,184.0,,,3190.0,1
Sugarcane,2022-23,Sylhet,2023,21.5,,,153.3,1
Sugarcane,2022-23,Tangail,2023,2857.71,,,48737.9,1
Sugarcane,2022-23,Thakurgaon,2023,10323.17,,,149672.8,1
Wheat,2021-22,Bagerhat,2023,265.0,107.0,2.499,268.0,1
Wheat,2021-22,Bandarban,2023,0.0,0.0,0.0,0.0,1
Wheat,2021-22,Barguna,2023,0.0,0.0,0.0,0.0,1
Wheat,2021-22,Barishal,2023,1207.0,489.0,2.39,1168.0,1
Wheat,2021-22,Bhola,2023,7010.0,2838.0,3.991,11327.0,1
Wheat,2021-22,Bogura,2023,6997.0,2833.0,2.676,7581.0,1
Wheat,2021-22,Brahmanbaria,2023,2038.0,825.0,2.438,2011.0,1
Wheat,2021-22,Chandpur,2023,125.0,51.0,2.094,106.0,1
Wheat,2021-22,Chapainababganj,2023,62082.0,25134.0,4.077,102475.0,1
Wheat,2021-22,Chattogram,2023,0.0,0.0,0.0,0.0,1
Wheat,2021-22,Chuadanga,2023,2221.0,899.0,3.408,3064.0,1
Wheat,2021-22,Cox's Bazar,2023,0.0,0.0,0.0,0.0,1
Wheat,2021-22,Cumilla,2023,1119.0,453.0,2.603,1179.0,1
Wheat,2021-22,Dhaka,2023,147.0,60.0,3.168,189.0,1
Wheat,2021-22,Dinajpur,2023,8175.0,3310.0,3.009,9957.0,1
Wheat,2021-22,Faridpur,2023,46223.0,18714.0,3.674,68756.0,1
Wheat,2021-22,Feni,2023,15.0,6.0,1.496,9.0,1
Wheat,2021-22,Gaibandha,2023,7770.0,3146.0,2.702,8501.0,1
Wheat,2021-22,Gazipur,2023,139.0,56.0,1.878,106.0,1
Wheat,2021-22,Gopalganj,2023,15145.0,6132.0,2.841,17418.0,1
Wheat,2021-22,Habiganj,2023,506.0,205.0,2.52,516.0,1
Wheat,2021-22,Jamalpur,2023,10363.0,4196.0,2.654,11135.0,1
Wheat,2021-22,Jashore,2023,1012.0,410.0,3.097,1269.0,1
Wheat,2021-22,Jhalokati,2023,292.0,118.0,2.862,338.0,1
Wheat,2021-22,Jhenaidah,2023,10164.0,4115.0,3.547,14595.0,1
Wheat,2021-22,Joypurhat,2023,5615.0,2273.0,2.475,5627.0,1
Wheat,2021-22,Khagrachhari,2023,0.0,0.0,0.0,0.0,1
Wheat,2021-22,Khulna,2023,546.0,221.0,2.719,601.0,1
Wheat,2021-22,Kishoreganj,2023,2682.0,1086.0,2.454,2665.0,1
Wheat,2021-22,Kurigram,2023,19950.0,8077.0,2.973,24015.0,1
Wheat,2021-22,Kushtia,2023,27614.0,11180.0,4.201,46961.0,1
Wheat,2021-22,Lakshmipur,2023,406.0,164.0,4.174,686.0,1
Wheat,2021-22,Lalmonirhat,2023,3292.0,1333.0,3.36,4479.0,1
Wheat,2021-22,Madaripur,2023,12056.0,4881.0,3.207,15652.0,1
Wheat,2021-22,Magura,2023,7398.0,2995.0,2.878,8619.0,1
Wheat,2021-22,Manikganj,2023,770.0,312.0,2.85,888.0,1
Wheat,2021-22,Meherpur,2023,30176.0,12217.0,4.405,53819.0,1
Wheat,2021-22,Moulvibazar,2023,72.0,29.0,1.709,50.0,1
Wheat,2021-22,Munshiganj,2023,22.0,9.0,3.599,32.0,1
Wheat,2021-22,Mymensingh,2023,3232.0,1309.0,2.712,3548.0,1
Wheat,2021-22,Naogaon,2023,49131.0,19891.0,3.362,66877.0,1
Wheat,2021-22,Narail,2023,3524.0,1427.0,2.919,4165.0,1
Wheat,2021-22,Narayanganj,2023,66.0,27.0,2.69,72.0,1
Wheat,2021-22,Narsingdi,2023,238.0,96.0,2.335,225.0,1
Wheat,2021-22,Natore,2023,57173.0,23147.0,3.471,80353.0,1
Wheat,2021-22,Netrakona,2023,1821.0,737.0,2.592,1911.0,1
Wheat,2021-22,Nilphamari,2023,10827.0,4383.0,3.021,13244.0,1
Wheat,2021-22,Noakhali,2023,21.0,8.0,2.439,21.0,1
Wheat,2021-22,Pabna,2023,63065.0,25532.0,2.841,72532.0,1
Wheat,2021-22,Panchagarh,2023,52858.0,21400.0,3.548,75927.0,1
Wheat,2021-22,Patuakhali,2023,45.0,18.0,3.228,58.0,1
Wheat,2021-22,Pirojpur,2023,49.0,20.0,3.429,68.0,1
Wheat,2021-22,Rajbari,2023,28525.0,11549.0,3.157,36457.0,1
Wheat,2021-22,Rajshahi,2023,58025.0,23492.0,3.228,75831.0,1
Wheat,2021-22,Rangamati,2023,0.0,0.0,0.0,0.0,1
Wheat,2021-22,Rangpur,2023,4038.0,1635.0,3.026,4947.0,1
Wheat,2021-22,Satkhira,2023,1531.0,620.0,2.911,1804.0,1
Wheat,2021-22,Shariatpur,2023,10317.0,4177.0,3.219,13444.0,1
Wheat,2021-22,Sherpur,2023,1898.0,768.0,2.682,2061.0,1
Wheat,2021-22,Sirajganj,2023,12386.0,5015.0,2.963,14858.0,1
Wheat,2021-22,Sunamganj,2023,854.0,346.0,2.843,983.0,1
Wheat,2021-22,Sylhet,2023,574.0,232.0,2.236,520.0,1
Wheat,2021-22,Tangail,2023,11056.0,4476.0,2.689,12039.0,1
Wheat,2021-22,Thakurgaon,2023,112852.0,45689.0,3.892,177827.0,1
Wheat,2022-23,Bagerhat,2023,342.0,139.0,2.725,377.0,1
Wheat,2022-23,Bandarban,2023,0.0,0.0,0.0,0.0,1
Wheat,2022-23,Barguna,2023,0.0,0.0,0.0,0.0,1
Wheat,2022-23,Barishal,2023,882.0,357.0,2.624,937.0,1
Wheat,2022-23,Bhola,2023,8261.0,3343.0,4.183,13984.0,1
Wheat,2022-23,Bogura,2023,5416.0,2192.0,2.628,5760.0,1
Wheat,2022-23,Brahmanbaria,2023,2131.0,862.0,2.6,2242.0,1
Wheat,2022-23,Chandpur,2023,275.0,111.0,3.304,368.0,1
Wheat,2022-23,Chapainababganj,2023,60365.0,24429.0,4.118,100608.0,1
Wheat,2022-23,Chattogram,2023,92.0,37.0,0.0,199.0,1
Wheat,2022-23,Chuadanga,2023,2130.0,862.0,3.695,3185.0,1
Wheat,2022-23,Cox's Bazar,2023,0.0,0.0,0.0,0.0,1
Wheat,2022-23,Cumilla,2023,1203.0,487.0,3.564,1735.0,1
Wheat,2022-23,Dhaka,2023,216.0,87.0,2.973,259.0,1
Wheat,2022-23,Dinajpur,2023,7976.0,3228.0,3.026,9768.0,1
Wheat,2022-23,Faridpur,2023,46928.0,18992.0,3.555,67510.0,1
Wheat,2022-23,Feni,2023,15.0,6.0,1.62,10.0,1
Wheat,2022-23,Gaibandha,2023,8120.0,3286.0,2.375,7803.0,1
Wheat,2022-23,Gazipur,2023,58.0,23.0,1.942,46.0,1
Wheat,2022-23,Gopalganj,2023,13739.0,5560.0,3.038,16893.0,1
Wheat,2022-23,Habiganj,2023,550.0,223.0,3.422,762.0,1
Wheat,2022-23,Jamalpur,2023,9325.0,3774.0,2.697,10179.0,1
Wheat,2022-23,Jashore,2023,2090.0,846.0,3.052,2581.0,1
Wheat,2022-23,Jhalokati,2023,366.0,148.0,2.96,438.0,1
Wheat,2022-23,Jhenaidah,2023,12736.0,5154.0,3.872,19957.0,1
Wheat,2022-23,Joypurhat,2023,5605.0,2268.0,2.626,5956.0,1
Wheat,2022-23,Khagrachhari,2023,0.0,0.0,0.0,0.0,1
Wheat,2022-23,Khulna,2023,307.0,124.0,2.87,357.0,1
Wheat,2022-23,Kishoreganj,2023,3137.0,1270.0,2.513,3190.0,1
Wheat,2022-23,Kurigram,2023,18945.0,7667.0,3.024,23188.0,1
Wheat,2022-23,Kushtia,2023,30866.0,12491.0,3.89,48586.0,1
Wheat,2022-23,Lakshmipur,2023,338.0,137.0,4.269,584.0,1
Wheat,2022-23,Lalmonirhat,2023,2822.0,1142.0,3.581,4090.0,1
Wheat,2022-23,Madaripur,2023,12176.0,4928.0,3.238,15957.0,1
Wheat,2022-23,Magura,2023,12447.0,5037.0,3.104,15634.0,1
Wheat,2022-23,Manikganj,2023,779.0,315.0,3.082,972.0,1
Wheat,2022-23,Meherpur,2023,29820.0,12068.0,4.188,50535.0,1
Wheat,2022-23,Moulvibazar,2023,127.0,51.0,2.252,116.0,1
Wheat,2022-23,Munshiganj,2023,47.0,19.0,2.982,57.0,1
Wheat,2022-23,Mymensingh,2023,4130.0,1671.0,2.701,4514.0,1
Wheat,2022-23,Naogaon,2023,41108.0,16636.0,3.41,56729.0,1
Wheat,2022-23,Narail,2023,3851.0,1558.0,2.943,4587.0,1
Wheat,2022-23,Narayanganj,2023,75.0,30.0,2.863,86.0,1
Wheat,2022-23,Narsingdi,2023,194.0,79.0,2.301,181.0,1
Wheat,2022-23,Natore,2023,61982.0,25084.0,4.008,100540.0,1
Wheat,2022-23,Netrakona,2023,1746.0,707.0,3.033,2143.0,1
Wheat,2022-23,Nilphamari,2023,10338.0,4184.0,3.195,13366.0,1
Wheat,2022-23,Noakhali,2023,74.0,30.0,2.516,75.0,1
Wheat,2022-23,Pabna,2023,64015.0,25907.0,3.065,79400.0,1
Wheat,2022-23,Panchagarh,2023,49777.0,20144.0,3.728,75090.0,1
Wheat,2022-23,Patuakhali,2023,0.0,0.0,0.0,0.0,1
Wheat,2022-23,Pirojpur,2023,52.0,21.0,4.173,88.0,1
Wheat,2022-23,Rajbari,2023,33339.0,13492.0,3.223,43481.0,1
Wheat,2022-23,Rajshahi,2023,55803.0,22583.0,3.377,76270.0,1
Wheat,2022-23,Rangamati,2023,0.0,0.0,0.0,0.0,1
Wheat,2022-23,Rangpur,2023,4002.0,1620.0,3.117,5049.0,1
Wheat,2022-23,Satkhira,2023,1468.0,594.0,2.898,1721.0,1
Wheat,2022-23,Shariatpur,2023,11050.0,4472.0,3.214,14374.0,1
Wheat,2022-23,Sherpur,2023,1912.0,774.0,2.695,2085.0,1
Wheat,2022-23,Sirajganj,2023,11455.0,4636.0,2.819,13067.0,1
Wheat,2022-23,Sunamganj,2023,858.0,347.0,3.537,1228.0,1
Wheat,2022-23,Sylhet,2023,602.0,244.0,2.339,570.0,1
Wheat,2022-23,Tangail,2023,10592.0,4286.0,2.917,12505.0,1
Wheat,2022-23,Thakurgaon,2023,113837.0,46069.0,3.587,165264.0,1
