crop,crop_year,district,edition,area_acres,area_ha,yield_mt_per_ha,production_mt,n_tables
Aman,2017-18,Bagerhat,2020,176684.0,71500.0,1.793,128216.0,1
Aman,2017-18,Bandarban,2020,27931.0,11303.0,2.775,31365.0,1
Aman,2017-18,Barguna,2020,248672.0,100632.0,1.747,175762.0,1
Aman,2017-18,Barishal,2020,316372.0,128029.0,1.794,229729.0,1
Aman,2017-18,Bhola,2020,432937.0,175200.0,2.478,434140.0,1
Aman,2017-18,Bogura,2020,406199.0,164380.0,2.743,450823.0,1
Aman,2017-18,Brahmanbaria,2020,167071.0,67610.0,2.25,152123.0,1
Aman,2017-18,Chandpur,2020,106368.0,43045.0,1.886,81165.0,1
Aman,2017-18,Chapainababganj,2020,120659.0,48828.0,2.69,131323.0,1
Aman,2017-18,Chattogram,2020,433616.0,175475.0,2.562,449527.0,1
Aman,2017-18,Chuadanga,2020,84487.0,34190.0,2.828,96705.0,1
Aman,2017-18,Cumilla,2020,333982.0,135155.0,2.368,320063.0,1
Aman,2017-18,Dhaka,2020,41307.0,16716.0,1.984,33169.0,1
Aman,2017-18,Dinajpur,2020,633615.0,256410.0,2.783,713563.0,1
Aman,2017-18,Faridpur,2020,202853.0,82090.0,2.422,198852.0,1
Aman,2017-18,Feni,2020,161153.0,65215.0,2.68,174808.0,1
Aman,2017-18,Gaibandha,2020,289860.0,117300.0,2.687,315190.0,1
Aman,2017-18,Gazipur,2020,105027.0,42502.0,2.652,112721.0,1
Aman,2017-18,Gopalganj,2020,68153.0,27580.0,1.69,46599.0,1
Aman,2017-18,Habiganj,2020,252052.0,102000.0,2.389,243682.0,1
Aman,2017-18,Jamalpur,2020,246813.0,99880.0,2.456,245328.0,1
Aman,2017-18,Jashore,2020,311445.0,126035.0,2.813,354584.0,1
Aman,2017-18,Jhalokati,2020,124791.0,50500.0,1.48,74752.0,1
Aman,2017-18,Jhenaidah,2020,245042.0,99163.0,2.798,277486.0,1
Aman,2017-18,Joypurhat,2020,174633.0,70670.0,2.804,198125.0,1
Aman,2017-18,Khagrachhari,2020,69603.0,28167.0,2.716,76493.0,1
Aman,2017-18,Khulna,2020,235483.0,95295.0,2.066,196908.0,1
Aman,2017-18,Kishoreganj,2020,190324.0,77020.0,2.759,212526.0,1
Aman,2017-18,Kurigram,2020,284367.0,115077.0,2.632,302921.0,1
Aman,2017-18,Kushtia,2020,208652.0,84437.0,2.748,232075.0,1
Aman,2017-18,Lakshmipur,2020,191794.0,77615.0,2.608,202428.0,1
Aman,2017-18,Lalmonirhat,2020,208833.0,84510.0,2.799,236528.0,1
Aman,2017-18,Madaripur,2020,65511.0,26511.0,1.736,46016.0,1
Aman,2017-18,Magura,2020,145091.0,58715.0,2.74,160884.0,1
Aman,2017-18,Manikganj,2020,96104.0,38891.0,1.231,47884.0,1
Aman,2017-18,Meherpur,2020,63334.0,25630.0,2.793,71573.0,1
Aman,2017-18,Moulvibazar,2020,241896.0,97890.0,2.716,265917.0,1
Aman,2017-18,Munshiganj,2020,51263.0,20745.0,0.955,19809.0,1
Aman,2017-18,Mymensingh,2020,640114.0,259040.0,2.614,677160.0,1
Aman,2017-18,Naogaon,2020,405636.0,164152.0,2.623,430561.0,1
Aman,2017-18,Narail,2020,98782.0,39975.0,2.408,96273.0,1
Aman,2017-18,Narayanganj,2020,26893.0,10883.0,1.528,16627.0,1
Aman,2017-18,Narsingdi,2020,102509.0,41483.0,2.473,102605.0,1
Aman,2017-18,Natore,2020,183165.0,74123.0,2.476,183520.0,1
Aman,2017-18,Netrakona,2020,302450.0,122395.0,2.453,300282.0,1
Aman,2017-18,Nilphamari,2020,276289.0,111808.0,2.841,317680.0,1
Aman,2017-18,Noakhali,2020,357450.0,144652.0,2.244,324630.0,1
Aman,2017-18,Pabna,2020,234080.0,94727.0,2.154,204045.0,1
Aman,2017-18,Panchagarh,2020,240908.0,97490.0,2.774,270411.0,1
Aman,2017-18,Patuakhali,2020,497217.0,201213.0,1.904,383054.0,1
Aman,2017-18,Pirojpur,2020,161009.0,65157.0,1.395,90900.0,1
Aman,2017-18,Rajbari,2020,114303.0,46256.0,2.715,125588.0,1
Aman,2017-18,Rajshahi,2020,175730.0,71114.0,2.759,196177.0,1
Aman,2017-18,Rangamati,2020,22569.0,9133.0,2.752,25136.0,1
Aman,2017-18,Rangpur,2020,403928.0,163461.0,2.824,461649.0,1
Aman,2017-18,Satkhira,2020,209265.0,84685.0,2.744,232351.0,1
Aman,2017-18,Shariatpur,2020,43662.0,17669.0,1.63,28801.0,1
Aman,2017-18,Sherpur,2020,218322.0,88350.0,2.518,222444.0,1
Aman,2017-18,Sirajganj,2020,204607.0,82800.0,2.369,196181.0,1
Aman,2017-18,Sunamganj,2020,183669.0,74327.0,2.414,179453.0,1
Aman,2017-18,Sylhet,2020,350699.0,141920.0,2.369,336260.0,1
Aman,2017-18,Tangail,2020,287839.0,116482.0,2.147,250133.0,1
Aman,2017-18,Thakurgaon,2020,337268.0,136485.0,2.814,384125.0,1
Aman,2018-19,Bagerhat,2020,170832.0,69132.0,1.69,116802.0,1
Aman,2018-19,Bandarban,2020,24280.0,9826.0,2.667,26210.0,1
Aman,2018-19,Barguna,2020,202011.0,81749.0,1.927,157492.0,1
Aman,2018-19,Barishal,2020,301636.0,122065.0,1.71,208723.0,1
Aman,2018-19,Bhola,2020,430608.0,174258.0,2.43,423522.0,1
Aman,2018-19,Bogura,2020,433868.0,175577.0,2.665,467997.0,1
Aman,2018-19,Brahmanbaria,2020,133122.0,53872.0,2.472,133161.0,1
Aman,2018-19,Chandpur,2020,109143.0,44168.0,1.798,79413.0,1
Aman,2018-19,Chapainababganj,2020,131763.0,53322.0,2.681,142977.0,1
Aman,2018-19,Chattogram,2020,419393.0,169719.0,2.567,435740.0,1
Aman,2018-19,Chuadanga,2020,80756.0,32680.0,2.748,89821.0,1
Aman,2018-19,Cumilla,2020,333029.0,134770.0,2.346,316154.0,1
Aman,2018-19,Dhaka,2020,19917.0,8060.0,1.561,12583.0,1
Aman,2018-19,Dinajpur,2020,643425.0,260380.0,2.958,770155.0,1
Aman,2018-19,Faridpur,2020,205837.0,83298.0,2.59,215743.0,1
Aman,2018-19,Feni,2020,152599.0,61753.0,2.602,160699.0,1
Aman,2018-19,Gaibandha,2020,309626.0,125299.0,2.791,349760.0,1
Aman,2018-19,Gazipur,2020,108392.0,43864.0,2.66,116674.0,1
Aman,2018-19,Gopalganj,2020,65828.0,26639.0,1.521,40506.0,1
Aman,2018-19,Habiganj,2020,253580.0,102618.0,2.499,256459.0,1
Aman,2018-19,Jamalpur,2020,254033.0,102802.0,2.391,245755.0,1
Aman,2018-19,Jashore,2020,311921.0,126228.0,2.887,364433.0,1
Aman,2018-19,Jhalokati,2020,117242.0,47445.0,1.54,73084.0,1
Aman,2018-19,Jhenaidah,2020,244731.0,99037.0,2.848,282094.0,1
Aman,2018-19,Joypurhat,2020,187872.0,76028.0,2.869,218127.0,1
Aman,2018-19,Khagrachhari,2020,66123.0,26758.0,2.727,72981.0,1
Aman,2018-19,Khulna,2020,236253.0,95606.0,2.347,224346.0,1
Aman,2018-19,Kishoreganj,2020,175299.0,70940.0,2.773,196690.0,1
Aman,2018-19,Kurigram,2020,286905.0,116104.0,2.71,314620.0,1
Aman,2018-19,Kushtia,2020,209143.0,84636.0,2.852,241348.0,1
Aman,2018-19,Lakshmipur,2020,179248.0,72538.0,2.554,185273.0,1
Aman,2018-19,Lalmonirhat,2020,206199.0,83444.0,2.865,239059.0,1
Aman,2018-19,Madaripur,2020,65392.0,26463.0,1.643,43480.0,1
Aman,2018-19,Magura,2020,141794.0,57381.0,2.685,154063.0,1
Aman,2018-19,Manikganj,2020,86197.0,34882.0,1.299,45328.0,1
Aman,2018-19,Meherpur,2020,62593.0,25330.0,2.745,69537.0,1
Aman,2018-19,Moulvibazar,2020,259729.0,105107.0,2.868,301451.0,1
Aman,2018-19,Munshiganj,2020,50877.0,20589.0,1.009,20772.0,1
Aman,2018-19,Mymensingh,2020,661952.0,267877.0,2.42,648376.0,1
Aman,2018-19,Naogaon,2020,402752.0,162985.0,2.723,443820.0,1
Aman,2018-19,Narail,2020,96890.0,39209.0,2.179,85418.0,1
Aman,2018-19,Narayanganj,2020,26236.0,10617.0,1.518,16118.0,1
Aman,2018-19,Narsingdi,2020,100231.0,40561.0,2.501,101431.0,1
Aman,2018-19,Natore,2020,191156.0,77357.0,2.475,191444.0,1
Aman,2018-19,Netrakona,2020,319577.0,129326.0,2.269,293442.0,1
Aman,2018-19,Nilphamari,2020,277937.0,112475.0,3.014,338997.0,1
Aman,2018-19,Noakhali,2020,363746.0,147200.0,2.233,328736.0,1
Aman,2018-19,Pabna,2020,219841.0,88965.0,2.177,193696.0,1
Aman,2018-19,Panchagarh,2020,238585.0,96550.0,2.962,285975.0,1
Aman,2018-19,Patuakhali,2020,422852.0,171119.0,1.893,323902.0,1
Aman,2018-19,Pirojpur,2020,159253.0,64446.0,1.708,110101.0,1
Aman,2018-19,Rajbari,2020,121563.0,49194.0,2.777,136599.0,1
Aman,2018-19,Rajshahi,2020,178830.0,72369.0,2.713,196312.0,1
Aman,2018-19,Rangamati,2020,23616.0,9557.0,2.65,25324.0,1
Aman,2018-19,Rangpur,2020,409123.0,165563.0,2.959,489855.0,1
Aman,2018-19,Satkhira,2020,211079.0,85419.0,2.823,241143.0,1
Aman,2018-19,Shariatpur,2020,35885.0,14522.0,1.549,22493.0,1
Aman,2018-19,Sherpur,2020,213847.0,86539.0,2.319,200707.0,1
Aman,2018-19,Sirajganj,2020,215486.0,87202.0,2.325,202740.0,1
Aman,2018-19,Sunamganj,2020,184251.0,74562.0,2.577,192140.0,1
Aman,2018-19,Sylhet,2020,356391.0,144224.0,2.455,354070.0,1
Aman,2018-19,Tangail,2020,276628.0,111945.0,2.123,237661.0,1
Aman,2018-19,Thakurgaon,2020,332128.0,134405.0,2.866,385230.0,1
Aus,2017-18,Bagerhat,2020,14295.0,5785.0,2.471,14297.0,1
Aus,2017-18,Bandarban,2020,29920.0,12108.0,1.847,22366.0,1
Aus,2017-18,Barguna,2020,103341.0,41820.0,2.599,108679.0,1
Aus,2017-18,Barishal,2020,42678.0,17271.0,1.809,31237.0,1
Aus,2017-18,Bhola,2020,214491.0,86800.0,2.005,174068.0,1
Aus,2017-18,Bogura,2020,47136.0,19075.0,2.82,53795.0,1
Aus,2017-18,Brahmanbaria,2020,20053.0,8115.0,2.535,20573.0,1
Aus,2017-18,Chandpur,2020,24600.0,9955.0,2.56,25483.0,1
Aus,2017-18,Chapainababganj,2020,130054.0,52630.0,2.578,135671.0,1
Aus,2017-18,Chattogram,2020,87793.0,35528.0,2.604,92506.0,1
Aus,2017-18,Chuadanga,2020,94890.0,38400.0,2.914,111916.0,1
Aus,2017-18,Cumilla,2020,174954.0,70800.0,2.623,185718.0,1
Aus,2017-18,Dhaka,2020,1846.0,747.0,2.699,2016.0,1
Aus,2017-18,Dinajpur,2020,19047.0,7708.0,2.875,22157.0,1
Aus,2017-18,Faridpur,2020,16260.0,6580.0,1.549,10192.0,1
Aus,2017-18,Feni,2020,20908.0,8461.0,2.276,19259.0,1
Aus,2017-18,Gaibandha,2020,3974.0,1608.0,2.606,4191.0,1
Aus,2017-18,Gazipur,2020,3351.0,1356.0,2.75,3729.0,1
Aus,2017-18,Gopalganj,2020,8291.0,3355.0,1.493,5010.0,1
Aus,2017-18,Habiganj,2020,111496.0,45120.0,2.661,120059.0,1
Aus,2017-18,Jamalpur,2020,4374.0,1770.0,1.945,3443.0,1
Aus,2017-18,Jashore,2020,50658.0,20500.0,2.586,53009.0,1
Aus,2017-18,Jhalokati,2020,33002.0,13355.0,2.291,30595.0,1
Aus,2017-18,Jhenaidah,2020,75121.0,30400.0,2.555,77683.0,1
Aus,2017-18,Joypurhat,2020,620.0,251.0,2.829,710.0,1
Aus,2017-18,Khagrachhari,2020,10655.0,4312.0,2.336,10071.0,1
Aus,2017-18,Khulna,2020,8105.0,3280.0,1.456,4776.0,1
Aus,2017-18,Kishoreganj,2020,59640.0,24135.0,2.698,65112.0,1
Aus,2017-18,Kurigram,2020,3608.0,1460.0,2.198,3209.0,1
Aus,2017-18,Kushtia,2020,68697.0,27800.0,2.542,70681.0,1
Aus,2017-18,Lakshmipur,2020,69586.0,28160.0,2.477,69747.0,1
Aus,2017-18,Lalmonirhat,2020,12447.0,5037.0,2.985,15033.0,1
Aus,2017-18,Madaripur,2020,3768.0,1525.0,1.424,2171.0,1
Aus,2017-18,Magura,2020,8179.0,3310.0,2.444,8088.0,1
Aus,2017-18,Manikganj,2020,3514.0,1422.0,1.771,2519.0,1
Aus,2017-18,Meherpur,2020,37561.0,15200.0,2.825,42944.0,1
Aus,2017-18,Moulvibazar,2020,113120.0,45777.0,2.597,118875.0,1
Aus,2017-18,Munshiganj,2020,232.0,94.0,2.553,240.0,1
Aus,2017-18,Mymensingh,2020,41085.0,16626.0,2.827,46998.0,1
Aus,2017-18,Naogaon,2020,146264.0,59190.0,3.007,177988.0,1
Aus,2017-18,Narail,2020,13490.0,5459.0,1.776,9696.0,1
Aus,2017-18,Narayanganj,2020,1705.0,690.0,2.651,1829.0,1
Aus,2017-18,Narsingdi,2020,818.0,331.0,2.477,820.0,1
Aus,2017-18,Natore,2020,16939.0,6855.0,2.701,18512.0,1
Aus,2017-18,Netrakona,2020,1211.0,490.0,1.994,977.0,1
Aus,2017-18,Nilphamari,2020,1003.0,406.0,2.842,1154.0,1
Aus,2017-18,Noakhali,2020,92224.0,37321.0,2.415,90132.0,1
Aus,2017-18,Pabna,2020,41944.0,16974.0,2.218,37653.0,1
Aus,2017-18,Panchagarh,2020,692.0,280.0,2.3,644.0,1
Aus,2017-18,Patuakhali,2020,70992.0,28729.0,2.301,66094.0,1
Aus,2017-18,Pirojpur,2020,36634.0,14825.0,2.243,33248.0,1
Aus,2017-18,Rajbari,2020,3237.0,1310.0,1.261,1652.0,1
Aus,2017-18,Rajshahi,2020,116312.0,47069.0,2.858,134527.0,1
Aus,2017-18,Rangamati,2020,15864.0,6420.0,1.349,8660.0,1
Aus,2017-18,Rangpur,2020,39723.0,16075.0,2.998,48194.0,1
Aus,2017-18,Satkhira,2020,15691.0,6350.0,2.287,14522.0,1
Aus,2017-18,Shariatpur,2020,22685.0,9180.0,1.715,15742.0,1
Aus,2017-18,Sherpur,2020,5535.0,2240.0,2.565,5746.0,1
Aus,2017-18,Sirajganj,2020,11676.0,4725.0,1.895,8955.0,1
Aus,2017-18,Sunamganj,2020,30770.0,12452.0,2.605,32443.0,1
Aus,2017-18,Sylhet,2020,150305.0,60825.0,2.587,157383.0,1
Aus,2017-18,Tangail,2020,2068.0,837.0,1.63,1364.0,1
Aus,2017-18,Thakurgaon,2020,36622.0,14820.0,2.925,43345.0,1
Aus,2018-19,Bagerhat,2020,11669.0,4722.0,2.467,11650.0,1
Aus,2018-19,Bandarban,2020,31498.0,12747.0,1.857,23672.0,1
Aus,2018-19,Barguna,2020,131780.0,53328.0,2.298,122564.0,1
Aus,2018-19,Barishal,2020,53796.0,21770.0,1.757,38239.0,1
Aus,2018-19,Bhola,2020,209401.0,84740.0,2.031,172102.0,1
Aus,2018-19,Bogura,2020,49995.0,20232.0,2.836,57385.0,1
Aus,2018-19,Brahmanbaria,2020,21312.0,8624.0,2.434,20992.0,1
Aus,2018-19,Chandpur,2020,24152.0,9774.0,2.689,26286.0,1
Aus,2018-19,Chapainababganj,2020,128535.0,52015.0,2.661,138418.0,1
Aus,2018-19,Chattogram,2020,89102.0,36058.0,2.706,97581.0,1
Aus,2018-19,Chuadanga,2020,93348.0,37776.0,2.901,109585.0,1
Aus,2018-19,Cumilla,2020,175597.0,71060.0,2.693,191367.0,1
Aus,2018-19,Dhaka,2020,1201.0,486.0,2.26,1098.0,1
Aus,2018-19,Dinajpur,2020,17084.0,6914.0,2.94,20324.0,1
Aus,2018-19,Faridpur,2020,30377.0,12293.0,1.291,15869.0,1
Aus,2018-19,Feni,2020,29258.0,11840.0,2.373,28102.0,1
Aus,2018-19,Gaibandha,2020,5948.0,2407.0,2.558,6157.0,1
Aus,2018-19,Gazipur,2020,3293.0,1333.0,2.937,3914.0,1
Aus,2018-19,Gopalganj,2020,7588.0,3071.0,1.552,4765.0,1
Aus,2018-19,Habiganj,2020,110953.0,44900.0,2.714,121870.0,1
Aus,2018-19,Jamalpur,2020,6545.0,2649.0,2.331,6174.0,1
Aus,2018-19,Jashore,2020,48075.0,19455.0,2.548,49574.0,1
Aus,2018-19,Jhalokati,2020,34909.0,14127.0,2.426,34279.0,1
Aus,2018-19,Jhenaidah,2020,76044.0,30773.0,2.65,81538.0,1
Aus,2018-19,Joypurhat,2020,423.0,171.0,2.751,471.0,1
Aus,2018-19,Khagrachhari,2020,9952.0,4027.0,2.376,9567.0,1
Aus,2018-19,Khulna,2020,6924.0,2802.0,1.418,3974.0,1
Aus,2018-19,Kishoreganj,2020,32770.0,13261.0,2.578,34193.0,1
Aus,2018-19,Kurigram,2020,4018.0,1626.0,2.27,3692.0,1
Aus,2018-19,Kushtia,2020,74658.0,30212.0,2.62,79165.0,1
Aus,2018-19,Lakshmipur,2020,68036.0,27533.0,2.444,67283.0,1
Aus,2018-19,Lalmonirhat,2020,11990.0,4852.0,2.913,14134.0,1
Aus,2018-19,Madaripur,2020,3465.0,1402.0,1.29,1808.0,1
Aus,2018-19,Magura,2020,6593.0,2668.0,2.36,6296.0,1
Aus,2018-19,Manikganj,2020,4529.0,1833.0,1.721,3153.0,1
Aus,2018-19,Meherpur,2020,35138.0,14220.0,2.966,42168.0,1
Aus,2018-19,Moulvibazar,2020,140169.0,56723.0,2.715,153990.0,1
Aus,2018-19,Munshiganj,2020,306.0,124.0,2.832,351.0,1
Aus,2018-19,Mymensingh,2020,38610.0,15625.0,2.669,41708.0,1
Aus,2018-19,Naogaon,2020,152254.0,61614.0,2.916,179648.0,1
Aus,2018-19,Narail,2020,13374.0,5412.0,1.777,9619.0,1
Aus,2018-19,Narayanganj,2020,2965.0,1200.0,1.422,1707.0,1
Aus,2018-19,Narsingdi,2020,1174.0,475.0,2.697,1281.0,1
Aus,2018-19,Natore,2020,18306.0,7408.0,2.436,18043.0,1
Aus,2018-19,Netrakona,2020,1525.0,617.0,2.684,1657.0,1
Aus,2018-19,Nilphamari,2020,1010.0,409.0,2.731,1116.0,1
Aus,2018-19,Noakhali,2020,95096.0,38483.0,2.295,88331.0,1
Aus,2018-19,Pabna,2020,38584.0,15614.0,2.166,33819.0,1
Aus,2018-19,Panchagarh,2020,932.0,377.0,2.782,1049.0,1
Aus,2018-19,Patuakhali,2020,75057.0,30374.0,2.226,67620.0,1
Aus,2018-19,Pirojpur,2020,42670.0,17268.0,2.28,39368.0,1
Aus,2018-19,Rajbari,2020,3096.0,1253.0,1.303,1633.0,1
Aus,2018-19,Rajshahi,2020,115102.0,46579.0,2.833,131950.0,1
Aus,2018-19,Rangamati,2020,15814.0,6400.0,1.528,9781.0,1
Aus,2018-19,Rangpur,2020,40313.0,16314.0,2.888,47115.0,1
Aus,2018-19,Satkhira,2020,15318.0,6199.0,2.644,16387.0,1
Aus,2018-19,Shariatpur,2020,21406.0,8663.0,1.695,14686.0,1
Aus,2018-19,Sherpur,2020,6604.0,2672.0,2.556,6831.0,1
Aus,2018-19,Sirajganj,2020,14707.0,5952.0,2.109,12552.0,1
Aus,2018-19,Sunamganj,2020,34241.0,13857.0,2.503,34677.0,1
Aus,2018-19,Sylhet,2020,145374.0,58830.0,2.66,156469.0,1
Aus,2018-19,Tangail,2020,2210.0,894.0,1.698,1519.0,1
Aus,2018-19,Thakurgaon,2020,37342.0,15111.0,2.926,44214.0,1
Boro,2017-18,Bagerhat,2020,125609.0,50831.0,4.32,219577.0,1
Boro,2017-18,Bandarban,2020,15573.0,6302.0,3.466,21840.0,1
Boro,2017-18,Barguna,2020,1026.0,415.0,3.054,1268.0,1
Boro,2017-18,Barishal,2020,129336.0,52339.0,3.844,201186.0,1
Boro,2017-18,Bhola,2020,112603.0,45568.0,3.521,160434.0,1
Boro,2017-18,Bogura,2020,462129.0,187013.0,3.894,728268.0,1
Boro,2017-18,Brahmanbaria,2020,301107.0,121851.0,4.003,487732.0,1
Boro,2017-18,Chandpur,2020,167374.0,67733.0,3.625,245503.0,1
Boro,2017-18,Chapainababganj,2020,116337.0,47079.0,3.89,183143.0,1
Boro,2017-18,Chattogram,2020,152345.0,61651.0,3.342,206040.0,1
Boro,2017-18,Chuadanga,2020,95706.0,38730.0,3.789,146744.0,1
Boro,2017-18,Cumilla,2020,357657.0,144736.0,3.762,544518.0,1
Boro,2017-18,Dhaka,2020,116528.0,47156.0,4.385,206782.0,1
Boro,2017-18,Dinajpur,2020,433158.0,175290.0,4.087,716477.0,1
Boro,2017-18,Faridpur,2020,68707.0,27804.0,4.198,116710.0,1
Boro,2017-18,Feni,2020,82733.0,33480.0,3.637,121757.0,1
Boro,2017-18,Gaibandha,2020,309132.0,125099.0,3.668,458840.0,1
Boro,2017-18,Gazipur,2020,134220.0,54316.0,4.001,217327.0,1
Boro,2017-18,Gopalganj,2020,181159.0,73311.0,4.8,351873.0,1
Boro,2017-18,Habiganj,2020,267184.0,108124.0,3.68,397845.0,1
Boro,2017-18,Jamalpur,2020,324055.0,131138.0,3.958,519047.0,1
Boro,2017-18,Jashore,2020,395637.0,160106.0,4.18,669316.0,1
Boro,2017-18,Jhalokati,2020,24217.0,9800.0,3.874,37965.0,1
Boro,2017-18,Jhenaidah,2020,213297.0,86317.0,4.245,366404.0,1
Boro,2017-18,Joypurhat,2020,168122.0,68035.0,4.072,277035.0,1
Boro,2017-18,Khagrachhari,2020,24946.0,10095.0,3.433,34654.0,1
Boro,2017-18,Khulna,2020,120618.0,48811.0,3.984,194455.0,1
Boro,2017-18,Kishoreganj,2020,390889.0,158184.0,4.353,688623.0,1
Boro,2017-18,Kurigram,2020,289911.0,117321.0,4.142,485934.0,1
Boro,2017-18,Kushtia,2020,70446.0,28508.0,4.042,115237.0,1
Boro,2017-18,Lakshmipur,2020,65264.0,26411.0,3.915,103391.0,1
Boro,2017-18,Lalmonirhat,2020,118245.0,47851.0,3.736,178761.0,1
Boro,2017-18,Madaripur,2020,83220.0,33677.0,4.366,147047.0,1
Boro,2017-18,Magura,2020,105507.0,42696.0,4.192,178989.0,1
Boro,2017-18,Manikganj,2020,114988.0,46533.0,4.44,206622.0,1
Boro,2017-18,Meherpur,2020,33674.0,13627.0,4.097,55837.0,1
Boro,2017-18,Moulvibazar,2020,130828.0,52943.0,3.387,179313.0,1
Boro,2017-18,Munshiganj,2020,65360.0,26450.0,4.121,109007.0,1
Boro,2017-18,Mymensingh,2020,657913.0,266243.0,4.158,1107015.0,1
Boro,2017-18,Naogaon,2020,491766.0,199007.0,4.088,813546.0,1
Boro,2017-18,Narail,2020,145950.0,59063.0,4.207,248491.0,1
Boro,2017-18,Narayanganj,2020,64294.0,26018.0,3.893,101289.0,1
Boro,2017-18,Narsingdi,2020,124081.0,50213.0,3.715,186560.0,1
Boro,2017-18,Natore,2020,146351.0,59225.0,4.635,274525.0,1
Boro,2017-18,Netrakona,2020,424721.0,171875.0,4.156,714290.0,1
Boro,2017-18,Nilphamari,2020,249992.0,101166.0,4.065,411224.0,1
Boro,2017-18,Noakhali,2020,187889.0,76035.0,4.685,356197.0,1
Boro,2017-18,Pabna,2020,139165.0,56317.0,3.999,225208.0,1
Boro,2017-18,Panchagarh,2020,87250.0,35308.0,4.085,144219.0,1
Boro,2017-18,Patuakhali,2020,2656.0,1075.0,2.252,2421.0,1
Boro,2017-18,Pirojpur,2020,54045.0,21871.0,4.12,90105.0,1
Boro,2017-18,Rajbari,2020,31294.0,12664.0,4.103,51956.0,1
Boro,2017-18,Rajshahi,2020,170938.0,69175.0,3.897,269551.0,1
Boro,2017-18,Rangamati,2020,16995.0,6878.0,3.967,27283.0,1
Boro,2017-18,Rangpur,2020,350137.0,141693.0,4.354,616865.0,1
Boro,2017-18,Satkhira,2020,176605.0,71468.0,3.946,282007.0,1
Boro,2017-18,Shariatpur,2020,52318.0,21172.0,4.101,86823.0,1
Boro,2017-18,Sherpur,2020,265164.0,107306.0,4.001,429375.0,1
Boro,2017-18,Sirajganj,2020,344318.0,139338.0,4.224,588606.0,1
Boro,2017-18,Sunamganj,2020,496783.0,201037.0,3.671,738001.0,1
Boro,2017-18,Sylhet,2020,192537.0,77916.0,3.094,241039.0,1
Boro,2017-18,Tangail,2020,474150.0,191878.0,4.383,840931.0,1
Boro,2017-18,Thakurgaon,2020,166871.0,67529.0,3.74,252528.0,1
Boro,2018-19,Bagerhat,2020,138628.7,56100.0,4.581,256997.0,1
Boro,2018-19,Bandarban,2020,15380.0,6223.95,3.897,24253.34,1
Boro,2018-19,Barguna,2020,3248.0,1314.39,2.999,3941.489,1
Boro,2018-19,Barishal,2020,125541.0,50803.7,3.84,195100.6,1
Boro,2018-19,Bhola,2020,102227.0,41369.0,3.892,161002.8,1
Boro,2018-19,Bogura,2020,459413.5,185915.0,3.817,709612.0,1
Boro,2018-19,Brahmanbaria,2020,275052.0,111308.0,4.234,471297.9,1
Boro,2018-19,Chandpur,2020,152695.0,61792.3,3.845,237576.3,1
Boro,2018-19,Chapainababganj,2020,112461.0,45510.5,3.623,164882.0,1
Boro,2018-19,Chattogram,2020,152918.7,61882.9,3.959,244972.0,1
Boro,2018-19,Chuadanga,2020,80598.0,32616.2,4.022,131195.0,1
Boro,2018-19,Cumilla,2020,384368.0,155545.0,4.256,661981.6,1
Boro,2018-19,Dhaka,2020,116324.6,47074.0,3.842,180846.7,1
Boro,2018-19,Dinajpur,2020,421913.0,170739.0,3.992,681567.0,1
Boro,2018-19,Faridpur,2020,56189.4,22738.6,3.82,86868.48,1
Boro,2018-19,Feni,2020,66247.0,26808.7,3.548,95106.9,1
Boro,2018-19,Gaibandha,2020,306598.0,124073.0,3.863,479310.0,1
Boro,2018-19,Gazipur,2020,145671.3,58950.0,4.139,244017.5,1
Boro,2018-19,Gopalganj,2020,182438.8,73829.0,4.8,354393.9,1
Boro,2018-19,Habiganj,2020,290146.0,117416.0,3.479,408473.0,1
Boro,2018-19,Jamalpur,2020,317764.0,128592.0,4.003,514788.0,1
Boro,2018-19,Jashore,2020,400271.2,161981.0,4.626,749344.0,1
Boro,2018-19,Jhalokati,2020,23759.0,9614.75,3.691,35488.16,1
Boro,2018-19,Jhenaidah,2020,216193.0,87488.6,4.503,393930.0,1
Boro,2018-19,Joypurhat,2020,175065.0,70845.0,4.095,290082.0,1
Boro,2018-19,Khagrachhari,2020,24906.26,10079.0,3.609,36379.99,1
Boro,2018-19,Khulna,2020,141987.0,57459.0,4.691,269538.0,1
Boro,2018-19,Kishoreganj,2020,408992.3,165510.0,4.304,712400.3,1
Boro,2018-19,Kurigram,2020,280420.4,113480.0,4.21,477747.0,1
Boro,2018-19,Kushtia,2020,86345.0,34941.9,4.229,147782.0,1
Boro,2018-19,Lakshmipur,2020,64324.0,26030.5,4.334,112820.2,1
Boro,2018-19,Lalmonirhat,2020,112540.0,45542.5,3.934,179177.0,1
Boro,2018-19,Madaripur,2020,86877.53,35157.4,4.149,145874.4,1
Boro,2018-19,Magura,2020,93499.0,37837.0,3.897,147455.0,1
Boro,2018-19,Manikganj,2020,116018.2,46950.0,4.398,206490.5,1
Boro,2018-19,Meherpur,2020,53273.0,21558.4,3.782,81544.7,1
Boro,2018-19,Moulvibazar,2020,130103.4,52650.0,3.182,167550.0,1
Boro,2018-19,Munshiganj,2020,51267.0,20746.6,4.018,83370.29,1
Boro,2018-19,Mymensingh,2020,633691.0,256441.0,3.972,1018506.0,1
Boro,2018-19,Naogaon,2020,464598.4,188013.0,4.342,816283.0,1
Boro,2018-19,Narail,2020,130250.0,52709.3,4.352,229374.0,1
Boro,2018-19,Narayanganj,2020,56655.0,22927.0,3.853,88327.6,1
Boro,2018-19,Narsingdi,2020,116933.1,47320.2,4.052,191746.7,1
Boro,2018-19,Natore,2020,151744.0,61407.5,4.486,275484.0,1
Boro,2018-19,Netrakona,2020,451465.0,182698.0,3.952,722000.0,1
Boro,2018-19,Nilphamari,2020,206117.0,83411.0,4.265,355759.0,1
Boro,2018-19,Noakhali,2020,156787.6,63448.5,4.918,312045.5,1
Boro,2018-19,Pabna,2020,135067.0,54658.7,3.762,205636.0,1
Boro,2018-19,Panchagarh,2020,82607.0,33429.2,4.183,139838.0,1
Boro,2018-19,Patuakhali,2020,2592.0,1048.93,2.634,2763.006,1
Boro,2018-19,Pirojpur,2020,55372.0,22407.8,4.267,95623.43,1
Boro,2018-19,Rajbari,2020,33255.0,13457.6,3.888,52318.09,1
Boro,2018-19,Rajshahi,2020,168249.0,68086.7,3.998,272192.0,1
Boro,2018-19,Rangamati,2020,18423.0,7455.38,3.989,29739.77,1
Boro,2018-19,Rangpur,2020,332808.0,134680.0,4.492,604948.0,1
Boro,2018-19,Satkhira,2020,184974.0,74854.9,4.082,305563.0,1
Boro,2018-19,Shariatpur,2020,62491.65,25289.0,4.305,108868.9,1
Boro,2018-19,Sherpur,2020,236917.0,95875.1,4.139,396798.0,1
Boro,2018-19,Sirajganj,2020,346667.0,140289.0,4.411,618878.0,1
Boro,2018-19,Sunamganj,2020,536352.3,217050.0,3.558,772322.0,1
Boro,2018-19,Sylhet,2020,206008.2,83367.0,2.788,232389.0,1
Boro,2018-19,Tangail,2020,416245.3,168445.0,4.332,729684.9,1
Boro,2018-19,Thakurgaon,2020,145012.0,58683.2,3.904,229103.0,1
Chili,2016-17,Bagerhat,2020,1149.0,,,463.0,2
Chili,2016-17,Bandarban,2020,841.0,,,668.0,2
Chili,2016-17,Barguna,2020,920.0,,,254.0,2
Chili,2016-17,Barishal,2020,2857.0,,,972.0,2
Chili,2016-17,Bhola,2020,37585.0,,,15695.0,2
Chili,2016-17,Bogura,2020,10588.0,,,6345.0,2
Chili,2016-17,Brahmanbaria,2020,3198.0,,,2120.0,2
Chili,2016-17,Chandpur,2020,5779.0,,,2645.0,2
Chili,2016-17,Chapainababganj,2020,431.0,,,498.0,2
Chili,2016-17,Chattogram,2020,7327.0,,,2747.0,2
Chili,2016-17,Chuadanga,2020,2995.0,,,4618.0,2
Chili,2016-17,Cox's Bazar,2020,1949.0,,,1253.0,2
Chili,2016-17,Cumilla,2020,8490.0,,,4975.0,2
Chili,2016-17,Dhaka,2020,1755.0,,,987.0,2
Chili,2016-17,Dinajpur,2020,3816.0,,,2211.0,2
Chili,2016-17,Faridpur,2020,6856.0,,,7542.0,2
Chili,2016-17,Feni,2020,768.0,,,216.0,2
Chili,2016-17,Gaibandha,2020,1600.0,,,875.0,2
Chili,2016-17,Gazipur,2020,1598.0,,,630.0,2
Chili,2016-17,Gopalganj,2020,900.0,,,897.0,2
Chili,2016-17,Habiganj,2020,777.0,,,755.0,2
Chili,2016-17,Jamalpur,2020,17069.0,,,6337.0,2
Chili,2016-17,Jashore,2020,3526.0,,,1550.0,2
Chili,2016-17,Jhalokati,2020,1319.0,,,401.0,2
Chili,2016-17,Jhenaidah,2020,3309.0,,,1473.0,2
Chili,2016-17,Joypurhat,2020,747.0,,,340.0,2
Chili,2016-17,Khagrachhari,2020,1192.0,,,389.0,2
Chili,2016-17,Khulna,2020,689.0,,,1029.0,2
Chili,2016-17,Kishoreganj,2020,3673.0,,,2509.0,2
Chili,2016-17,Kurigram,2020,1967.0,,,1356.0,2
Chili,2016-17,Kushtia,2020,1934.0,,,1410.0,2
Chili,2016-17,Lakshmipur,2020,4537.0,,,1641.0,2
Chili,2016-17,Lalmonirhat,2020,1856.0,,,888.0,2
Chili,2016-17,Madaripur,2020,1605.0,,,494.0,2
Chili,2016-17,Magura,2020,927.0,,,783.0,2
Chili,2016-17,Manikganj,2020,7432.0,,,3611.0,2
Chili,2016-17,Meherpur,2020,2308.0,,,1179.0,2
Chili,2016-17,Moulvibazar,2020,427.0,,,188.0,2
Chili,2016-17,Munshiganj,2020,1350.0,,,748.0,2
Chili,2016-17,Mymensingh,2020,4367.0,,,2642.0,2
Chili,2016-17,Naogaon,2020,2640.0,,,1758.0,2
Chili,2016-17,Narail,2020,947.0,,,2133.0,2
Chili,2016-17,Narayanganj,2020,726.0,,,295.0,2
Chili,2016-17,Narsingdi,2020,2142.0,,,858.0,2
Chili,2016-17,Natore,2020,1410.0,,,647.0,2
Chili,2016-17,Netrakona,2020,1187.0,,,742.0,2
Chili,2016-17,Nilphamari,2020,5025.0,,,3599.0,2
Chili,2016-17,Noakhali,2020,11226.0,,,3126.0,2
Chili,2016-17,Pabna,2020,8987.0,,,5631.0,2
Chili,2016-17,Panchagarh,2020,14858.0,,,8684.0,2
Chili,2016-17,Patuakhali,2020,2841.0,,,657.0,2
Chili,2016-17,Pirojpur,2020,1030.0,,,373.0,2
Chili,2016-17,Rajbari,2020,4172.0,,,3474.0,2
Chili,2016-17,Rajshahi,2020,2916.0,,,900.0,2
Chili,2016-17,Rangamati,2020,2169.0,,,1139.0,2
Chili,2016-17,Rangpur,2020,3428.0,,,1788.0,2
Chili,2016-17,Satkhira,2020,1244.0,,,1534.0,2
Chili,2016-17,Shariatpur,2020,10766.0,,,6120.0,2
Chili,2016-17,Sherpur,2020,3187.0,,,1292.0,2
Chili,2016-17,Sirajganj,2020,5316.0,,,2960.0,2
Chili,2016-17,Sunamganj,2020,688.0,,,463.0,2
Chili,2016-17,Sylhet,2020,622.0,,,329.0,2
Chili,2016-17,Tangail,2020,3645.0,,,1208.0,2
Chili,2016-17,Thakurgaon,2020,1876.0,,,828.0,2
Chili,2017-18,Bagerhat,2020,1155.0,,,498.0,2
Chili,2017-18,Bandarban,2020,829.0,,,639.0,2
Chili,2017-18,Barguna,2020,934.0,,,334.0,2
Chili,2017-18,Barishal,2020,2911.0,,,993.0,2
Chili,2017-18,Bhola,2020,33453.0,,,13899.0,2
Chili,2017-18,Bogura,2020,10698.0,,,6826.0,2
Chili,2017-18,Brahmanbaria,2020,2951.0,,,1784.0,2
Chili,2017-18,Chandpur,2020,6000.0,,,2800.0,2
Chili,2017-18,Chapainababganj,2020,427.0,,,315.0,2
Chili,2017-18,Chattogram,2020,7313.0,,,2764.0,2
Chili,2017-18,Chuadanga,2020,2966.0,,,4430.0,2
Chili,2017-18,Cox's Bazar,2020,1928.0,,,1220.0,2
Chili,2017-18,Cumilla,2020,8244.0,,,4808.0,2
Chili,2017-18,Dhaka,2020,1945.0,,,1516.0,2
Chili,2017-18,Dinajpur,2020,3867.0,,,2206.0,2
Chili,2017-18,Faridpur,2020,8205.0,,,8385.0,2
Chili,2017-18,Feni,2020,776.0,,,224.0,2
Chili,2017-18,Gaibandha,2020,1872.0,,,1171.0,2
Chili,2017-18,Gazipur,2020,1603.0,,,632.0,2
Chili,2017-18,Gopalganj,2020,851.0,,,767.0,2
Chili,2017-18,Habiganj,2020,741.0,,,666.0,2
Chili,2017-18,Jamalpur,2020,16777.0,,,6719.0,2
Chili,2017-18,Jashore,2020,3509.0,,,1665.0,2
Chili,2017-18,Jhalokati,2020,1289.0,,,481.0,2
Chili,2017-18,Jhenaidah,2020,3214.0,,,2124.0,2
Chili,2017-18,Joypurhat,2020,739.0,,,486.0,2
Chili,2017-18,Khagrachhari,2020,1222.0,,,417.0,2
Chili,2017-18,Khulna,2020,708.0,,,1081.0,2
Chili,2017-18,Kishoreganj,2020,3271.0,,,2439.0,2
Chili,2017-18,Kurigram,2020,1609.0,,,1054.0,2
Chili,2017-18,Kushtia,2020,1981.0,,,2363.0,2
Chili,2017-18,Lakshmipur,2020,4206.0,,,1467.0,2
Chili,2017-18,Lalmonirhat,2020,827.0,,,511.0,2
Chili,2017-18,Madaripur,2020,1628.0,,,729.0,2
Chili,2017-18,Magura,2020,919.0,,,744.0,2
Chili,2017-18,Manikganj,2020,7274.0,,,3588.0,2
Chili,2017-18,Meherpur,2020,2310.0,,,1219.0,2
Chili,2017-18,Moulvibazar,2020,441.0,,,181.0,2
Chili,2017-18,Munshiganj,2020,1132.0,,,663.0,2
Chili,2017-18,Mymensingh,2020,4349.0,,,3145.0,2
Chili,2017-18,Naogaon,2020,2759.0,,,1979.0,2
Chili,2017-18,Narail,2020,947.0,,,1977.0,2
Chili,2017-18,Narayanganj,2020,705.0,,,279.0,2
Chili,2017-18,Narsingdi,2020,2135.0,,,1022.0,2
Chili,2017-18,Natore,2020,1446.0,,,665.0,2
Chili,2017-18,Netrakona,2020,1289.0,,,767.0,2
Chili,2017-18,Nilphamari,2020,5120.0,,,3846.0,2
Chili,2017-18,Noakhali,2020,9615.0,,,3297.0,2
Chili,2017-18,Pabna,2020,8979.0,,,5503.0,2
Chili,2017-18,Panchagarh,2020,14769.0,,,7723.0,2
Chili,2017-18,Patuakhali,2020,2659.0,,,801.0,2
Chili,2017-18,Pirojpur,2020,1019.0,,,412.0,2
Chili,2017-18,Rajbari,2020,3783.0,,,4532.0,2
Chili,2017-18,Rajshahi,2020,3653.0,,,2498.0,2
Chili,2017-18,Rangamati,2020,2177.0,,,1111.0,2
Chili,2017-18,Rangpur,2020,4583.0,,,2338.0,2
Chili,2017-18,Satkhira,2020,1238.0,,,1493.0,2
Chili,2017-18,Shariatpur,2020,10959.0,,,6162.0,2
Chili,2017-18,Sherpur,2020,3258.0,,,1324.0,2
Chili,2017-18,Sirajganj,2020,4737.0,,,2626.0,2
Chili,2017-18,Sunamganj,2020,700.0,,,477.0,2
Chili,2017-18,Sylhet,2020,628.0,,,342.0,2
Chili,2017-18,Tangail,2020,3611.0,,,1195.0,2
Chili,2017-18,Thakurgaon,2020,1905.0,,,855.0,2
Chili,2018-19,Bagerhat,2020,1150.0,,,571.0,2
Chili,2018-19,Bandarban,2020,830.0,,,638.0,2
Chili,2018-19,Barguna,2020,935.0,,,340.0,2
Chili,2018-19,Barishal,2020,2912.0,,,995.0,2
Chili,2018-19,Bhola,2020,34268.0,,,11997.0,2
Chili,2018-19,Bogura,2020,10637.0,,,6792.0,2
Chili,2018-19,Brahmanbaria,2020,2959.0,,,1761.0,2
Chili,2018-19,Chandpur,2020,5821.0,,,2613.0,2
Chili,2018-19,Chapainababganj,2020,459.0,,,351.0,2
Chili,2018-19,Chattogram,2020,7320.0,,,2767.0,2
Chili,2018-19,Chuadanga,2020,2855.0,,,3904.0,2
Chili,2018-19,Cox's Bazar,2020,1927.0,,,1222.0,2
Chili,2018-19,Cumilla,2020,7415.0,,,4408.0,2
Chili,2018-19,Dhaka,2020,1477.0,,,3269.0,2
Chili,2018-19,Dinajpur,2020,3946.0,,,2319.0,2
Chili,2018-19,Faridpur,2020,6632.0,,,7384.0,2
Chili,2018-19,Feni,2020,749.0,,,177.0,2
Chili,2018-19,Gaibandha,2020,1757.0,,,1066.0,2
Chili,2018-19,Gazipur,2020,1597.0,,,631.0,2
Chili,2018-19,Gopalganj,2020,865.0,,,788.0,2
Chili,2018-19,Habiganj,2020,736.0,,,658.0,2
Chili,2018-19,Jamalpur,2020,16583.0,,,6647.0,2
Chili,2018-19,Jashore,2020,2623.0,,,1874.0,2
Chili,2018-19,Jhalokati,2020,1290.0,,,483.0,2
Chili,2018-19,Jhenaidah,2020,3351.0,,,5370.0,2
Chili,2018-19,Joypurhat,2020,742.0,,,483.0,2
Chili,2018-19,Khagrachhari,2020,1236.0,,,433.0,2
Chili,2018-19,Khulna,2020,702.0,,,1066.0,2
Chili,2018-19,Kishoreganj,2020,3837.0,,,3553.0,2
Chili,2018-19,Kurigram,2020,1620.0,,,1058.0,2
Chili,2018-19,Kushtia,2020,1997.0,,,2451.0,2
Chili,2018-19,Lakshmipur,2020,4201.0,,,1534.0,2
Chili,2018-19,Lalmonirhat,2020,873.0,,,888.0,2
Chili,2018-19,Madaripur,2020,1784.0,,,772.0,2
Chili,2018-19,Magura,2020,641.0,,,572.0,2
Chili,2018-19,Manikganj,2020,7304.0,,,3490.0,2
Chili,2018-19,Meherpur,2020,3022.0,,,1431.0,2
Chili,2018-19,Moulvibazar,2020,420.0,,,187.0,2
Chili,2018-19,Munshiganj,2020,1123.0,,,669.0,2
Chili,2018-19,Mymensingh,2020,4390.0,,,3205.0,2
Chili,2018-19,Naogaon,2020,2781.0,,,2015.0,2
Chili,2018-19,Narail,2020,881.0,,,1776.0,2
Chili,2018-19,Narayanganj,2020,326.0,,,118.0,2
Chili,2018-19,Narsingdi,2020,2133.0,,,869.0,2
Chili,2018-19,Natore,2020,1431.0,,,720.0,2
Chili,2018-19,Netrakona,2020,1424.0,,,833.0,2
Chili,2018-19,Nilphamari,2020,5222.0,,,3814.0,2
Chili,2018-19,Noakhali,2020,7728.0,,,2936.0,2
Chili,2018-19,Pabna,2020,8237.0,,,5588.0,2
Chili,2018-19,Panchagarh,2020,11067.0,,,7036.0,2
Chili,2018-19,Patuakhali,2020,2828.0,,,792.0,2
Chili,2018-19,Pirojpur,2020,1017.0,,,415.0,2
Chili,2018-19,Rajbari,2020,3741.0,,,5824.0,2
Chili,2018-19,Rajshahi,2020,3435.0,,,7325.0,2
Chili,2018-19,Rangamati,2020,1068.0,,,1046.0,2
Chili,2018-19,Rangpur,2020,4281.0,,,2328.0,2
Chili,2018-19,Satkhira,2020,1198.0,,,1504.0,2
Chili,2018-19,Shariatpur,2020,10344.0,,,6391.0,2
Chili,2018-19,Sherpur,2020,3375.0,,,1382.0,2
Chili,2018-19,Sirajganj,2020,4810.0,,,2675.0,2
Chili,2018-19,Sunamganj,2020,700.0,,,480.0,2
Chili,2018-19,Sylhet,2020,625.0,,,344.0,2
Chili,2018-19,Tangail,2020,3679.0,,,1239.0,2
Chili,2018-19,Thakurgaon,2020,1886.0,,,1206.0,2
Garlic,2016-17,Bagerhat,2020,141.0,,,163.0,1
Garlic,2016-17,Bandarban,2020,69.0,,,129.0,1
Garlic,2016-17,Barguna,2020,57.0,,,47.0,1
Garlic,2016-17,Barishal,2020,332.0,,,190.0,1
Garlic,2016-17,Bhola,2020,1253.0,,,1408.0,1
Garlic,2016-17,Bogura,2020,827.0,,,1452.0,1
Garlic,2016-17,Brahmanbaria,2020,864.0,,,1121.0,1
Garlic,2016-17,Chandpur,2020,1095.0,,,1792.0,1
Garlic,2016-17,Chapainababganj,2020,6033.0,,,10905.0,1
Garlic,2016-17,Chattogram,2020,123.0,,,143.0,1
Garlic,2016-17,Chuadanga,2020,666.0,,,1570.0,1
Garlic,2016-17,Cox's Bazar,2020,26.0,,,18.0,1
Garlic,2016-17,Cumilla,2020,993.0,,,1783.0,1
Garlic,2016-17,Dhaka,2020,1886.0,,,5726.0,1
Garlic,2016-17,Dinajpur,2020,6969.0,,,21066.0,1
Garlic,2016-17,Faridpur,2020,6155.0,,,8969.0,1
Garlic,2016-17,Feni,2020,38.0,,,25.0,1
Garlic,2016-17,Gaibandha,2020,871.0,,,1195.0,1
Garlic,2016-17,Gazipur,2020,169.0,,,308.0,1
Garlic,2016-17,Gopalganj,2020,474.0,,,855.0,1
Garlic,2016-17,Habiganj,2020,128.0,,,280.0,1
Garlic,2016-17,Jamalpur,2020,1303.0,,,2595.0,1
Garlic,2016-17,Jashore,2020,1252.0,,,3600.0,1
Garlic,2016-17,Jhalokati,2020,23.0,,,21.0,1
Garlic,2016-17,Jhenaidah,2020,3618.0,,,10502.0,1
Garlic,2016-17,Joypurhat,2020,309.0,,,743.0,1
Garlic,2016-17,Khagrachhari,2020,34.0,,,30.0,1
Garlic,2016-17,Khulna,2020,137.0,,,230.0,1
Garlic,2016-17,Kishoreganj,2020,1122.0,,,2577.0,1
Garlic,2016-17,Kurigram,2020,570.0,,,883.0,1
Garlic,2016-17,Kushtia,2020,3422.0,,,9371.0,1
Garlic,2016-17,Lakshmipur,2020,230.0,,,198.0,1
Garlic,2016-17,Lalmonirhat,2020,570.0,,,714.0,1
Garlic,2016-17,Madaripur,2020,2006.0,,,4505.0,1
Garlic,2016-17,Magura,2020,2425.0,,,7426.0,1
Garlic,2016-17,Manikganj,2020,1502.0,,,2155.0,1
Garlic,2016-17,Meherpur,2020,937.0,,,3260.0,1
Garlic,2016-17,Moulvibazar,2020,66.0,,,206.0,1
Garlic,2016-17,Munshiganj,2020,284.0,,,304.0,1
Garlic,2016-17,Mymensingh,2020,1054.0,,,2238.0,1
Garlic,2016-17,Naogaon,2020,2749.0,,,6991.0,1
Garlic,2016-17,Narail,2020,369.0,,,919.0,1
Garlic,2016-17,Narayanganj,2020,173.0,,,148.0,1
Garlic,2016-17,Narsingdi,2020,227.0,,,243.0,1
Garlic,2016-17,Natore,2020,51814.0,,,156660.0,1
Garlic,2016-17,Netrakona,2020,542.0,,,887.0,1
Garlic,2016-17,Nilphamari,2020,888.0,,,2520.0,1
Garlic,2016-17,Noakhali,2020,650.0,,,1005.0,1
Garlic,2016-17,Pabna,2020,23732.0,,,64503.0,1
Garlic,2016-17,Panchagarh,2020,1389.0,,,3654.0,1
Garlic,2016-17,Patuakhali,2020,379.0,,,283.0,1
Garlic,2016-17,Pirojpur,2020,59.0,,,59.0,1
Garlic,2016-17,Rajbari,2020,13575.0,,,33955.0,1
Garlic,2016-17,Rajshahi,2020,7789.0,,,22892.0,1
Garlic,2016-17,Rangamati,2020,49.0,,,72.0,1
Garlic,2016-17,Rangpur,2020,2177.0,,,4307.0,1
Garlic,2016-17,Satkhira,2020,666.0,,,1671.0,1
Garlic,2016-17,Shariatpur,2020,2572.0,,,5890.0,1
Garlic,2016-17,Sherpur,2020,414.0,,,777.0,1
Garlic,2016-17,Sirajganj,2020,1219.0,,,2533.0,1
Garlic,2016-17,Sunamganj,2020,191.0,,,377.0,1
Garlic,2016-17,Sylhet,2020,50.0,,,43.0,1
Garlic,2016-17,Tangail,2020,1329.0,,,2874.0,1
Garlic,2016-17,Thakurgaon,2020,698.0,,,1435.0,1
Garlic,2017-18,Bagerhat,2020,151.0,,,166.0,1
Garlic,2017-18,Bandarban,2020,69.0,,,132.0,1
Garlic,2017-18,Barguna,2020,55.0,,,47.0,1
Garlic,2017-18,Barishal,2020,352.0,,,289.0,1
Garlic,2017-18,Bhola,2020,1327.0,,,1322.0,1
Garlic,2017-18,Bogura,2020,824.0,,,1448.0,1
Garlic,2017-18,Brahmanbaria,2020,853.0,,,1134.0,1
Garlic,2017-18,Chandpur,2020,1092.0,,,1793.0,1
Garlic,2017-18,Chapainababganj,2020,6128.0,,,11059.0,1
Garlic,2017-18,Chattogram,2020,123.0,,,143.0,1
Garlic,2017-18,Chuadanga,2020,685.0,,,1605.0,1
Garlic,2017-18,Cox's Bazar,2020,24.0,,,30.0,1
Garlic,2017-18,Cumilla,2020,731.0,,,1359.0,1
Garlic,2017-18,Dhaka,2020,1855.0,,,2468.0,1
Garlic,2017-18,Dinajpur,2020,7484.0,,,22419.0,1
Garlic,2017-18,Faridpur,2020,5954.0,,,8200.0,1
Garlic,2017-18,Feni,2020,40.0,,,27.0,1
Garlic,2017-18,Gaibandha,2020,737.0,,,1006.0,1
Garlic,2017-18,Gazipur,2020,358.0,,,277.0,1
Garlic,2017-18,Gopalganj,2020,500.0,,,1245.0,1
Garlic,2017-18,Habiganj,2020,137.0,,,310.0,1
Garlic,2017-18,Jamalpur,2020,1212.0,,,2452.0,1
Garlic,2017-18,Jashore,2020,1255.0,,,3657.0,1
Garlic,2017-18,Jhalokati,2020,22.0,,,19.0,1
Garlic,2017-18,Jhenaidah,2020,3649.0,,,10541.0,1
Garlic,2017-18,Joypurhat,2020,303.0,,,736.0,1
Garlic,2017-18,Khagrachhari,2020,37.0,,,35.0,1
Garlic,2017-18,Khulna,2020,146.0,,,245.0,1
Garlic,2017-18,Kishoreganj,2020,1099.0,,,2608.0,1
Garlic,2017-18,Kurigram,2020,548.0,,,786.0,1
Garlic,2017-18,Kushtia,2020,3460.0,,,9676.0,1
Garlic,2017-18,Lakshmipur,2020,231.0,,,199.0,1
Garlic,2017-18,Lalmonirhat,2020,600.0,,,1114.0,1
Garlic,2017-18,Madaripur,2020,4244.0,,,16510.0,1
Garlic,2017-18,Magura,2020,2385.0,,,7294.0,1
Garlic,2017-18,Manikganj,2020,1493.0,,,2117.0,1
Garlic,2017-18,Meherpur,2020,936.0,,,3262.0,1
Garlic,2017-18,Moulvibazar,2020,66.0,,,107.0,1
Garlic,2017-18,Munshiganj,2020,267.0,,,331.0,1
Garlic,2017-18,Mymensingh,2020,1022.0,,,2160.0,1
Garlic,2017-18,Naogaon,2020,2860.0,,,7227.0,1
Garlic,2017-18,Narail,2020,391.0,,,1006.0,1
Garlic,2017-18,Narayanganj,2020,173.0,,,149.0,1
Garlic,2017-18,Narsingdi,2020,904.0,,,763.0,1
Garlic,2017-18,Natore,2020,57575.0,,,168103.0,1
Garlic,2017-18,Netrakona,2020,612.0,,,1077.0,1
Garlic,2017-18,Nilphamari,2020,655.0,,,1765.0,1
Garlic,2017-18,Noakhali,2020,465.0,,,699.0,1
Garlic,2017-18,Pabna,2020,23956.0,,,65853.0,1
Garlic,2017-18,Panchagarh,2020,1411.0,,,3716.0,1
Garlic,2017-18,Patuakhali,2020,323.0,,,312.0,1
Garlic,2017-18,Pirojpur,2020,61.0,,,58.0,1
Garlic,2017-18,Rajbari,2020,14196.0,,,35459.0,1
Garlic,2017-18,Rajshahi,2020,10865.0,,,35632.0,1
Garlic,2017-18,Rangamati,2020,51.0,,,78.0,1
Garlic,2017-18,Rangpur,2020,2206.0,,,4719.0,1
Garlic,2017-18,Satkhira,2020,677.0,,,1720.0,1
Garlic,2017-18,Shariatpur,2020,2720.0,,,6270.0,1
Garlic,2017-18,Sherpur,2020,409.0,,,759.0,1
Garlic,2017-18,Sirajganj,2020,1236.0,,,2542.0,1
Garlic,2017-18,Sunamganj,2020,198.0,,,392.0,1
Garlic,2017-18,Sylhet,2020,50.0,,,45.0,1
Garlic,2017-18,Tangail,2020,1304.0,,,1830.0,1
Garlic,2017-18,Thakurgaon,2020,712.0,,,1468.0,1
Garlic,2018-19,Bagerhat,2020,154.0,,,187.0,1
Garlic,2018-19,Bandarban,2020,71.0,,,134.0,1
Garlic,2018-19,Barguna,2020,54.0,,,45.0,1
Garlic,2018-19,Barishal,2020,267.0,,,437.0,1
Garlic,2018-19,Bhola,2020,1330.0,,,1340.0,1
Garlic,2018-19,Bogura,2020,856.0,,,1504.0,1
Garlic,2018-19,Brahmanbaria,2020,809.0,,,1078.0,1
Garlic,2018-19,Chandpur,2020,1084.0,,,1777.0,1
Garlic,2018-19,Chapainababganj,2020,6033.0,,,10905.0,1
Garlic,2018-19,Chattogram,2020,126.0,,,145.0,1
Garlic,2018-19,Chuadanga,2020,825.0,,,2135.0,1
Garlic,2018-19,Cox's Bazar,2020,25.0,,,30.0,1
Garlic,2018-19,Cumilla,2020,695.0,,,1306.0,1
Garlic,2018-19,Dhaka,2020,1854.0,,,2468.0,1
Garlic,2018-19,Dinajpur,2020,9068.0,,,27454.0,1
Garlic,2018-19,Faridpur,2020,5796.0,,,8250.0,1
Garlic,2018-19,Feni,2020,30.0,,,70.0,1
Garlic,2018-19,Gaibandha,2020,711.0,,,969.0,1
Garlic,2018-19,Gazipur,2020,360.0,,,283.0,1
Garlic,2018-19,Gopalganj,2020,501.0,,,1265.0,1
Garlic,2018-19,Habiganj,2020,140.0,,,319.0,1
Garlic,2018-19,Jamalpur,2020,1369.0,,,2665.0,1
Garlic,2018-19,Jashore,2020,1260.0,,,3701.0,1
Garlic,2018-19,Jhalokati,2020,24.0,,,21.0,1
Garlic,2018-19,Jhenaidah,2020,3743.0,,,10691.0,1
Garlic,2018-19,Joypurhat,2020,298.0,,,727.0,1
Garlic,2018-19,Khagrachhari,2020,42.0,,,44.0,1
Garlic,2018-19,Khulna,2020,134.0,,,242.0,1
Garlic,2018-19,Kishoreganj,2020,681.0,,,1103.0,1
Garlic,2018-19,Kurigram,2020,545.0,,,782.0,1
Garlic,2018-19,Kushtia,2020,3479.0,,,9758.0,1
Garlic,2018-19,Lakshmipur,2020,222.0,,,192.0,1
Garlic,2018-19,Lalmonirhat,2020,610.0,,,1135.0,1
Garlic,2018-19,Madaripur,2020,6643.0,,,26244.0,1
Garlic,2018-19,Magura,2020,1634.0,,,5147.0,1
Garlic,2018-19,Manikganj,2020,1470.0,,,2071.0,1
Garlic,2018-19,Meherpur,2020,991.0,,,3309.0,1
Garlic,2018-19,Moulvibazar,2020,50.0,,,96.0,1
Garlic,2018-19,Munshiganj,2020,272.0,,,339.0,1
Garlic,2018-19,Mymensingh,2020,984.0,,,2118.0,1
Garlic,2018-19,Naogaon,2020,2872.0,,,7276.0,1
Garlic,2018-19,Narail,2020,357.0,,,890.0,1
Garlic,2018-19,Narayanganj,2020,170.0,,,221.0,1
Garlic,2018-19,Narsingdi,2020,122.0,,,143.0,1
Garlic,2018-19,Natore,2020,57308.0,,,165831.0,1
Garlic,2018-19,Netrakona,2020,618.0,,,1235.0,1
Garlic,2018-19,Nilphamari,2020,1006.0,,,3037.0,1
Garlic,2018-19,Noakhali,2020,327.0,,,444.0,1
Garlic,2018-19,Pabna,2020,23594.0,,,65057.0,1
Garlic,2018-19,Panchagarh,2020,1439.0,,,3779.0,1
Garlic,2018-19,Patuakhali,2020,325.0,,,325.0,1
Garlic,2018-19,Pirojpur,2020,56.0,,,53.0,1
Garlic,2018-19,Rajbari,2020,14212.0,,,35713.0,1
Garlic,2018-19,Rajshahi,2020,10263.0,,,29894.0,1
Garlic,2018-19,Rangamati,2020,53.0,,,83.0,1
Garlic,2018-19,Rangpur,2020,2188.0,,,4585.0,1
Garlic,2018-19,Satkhira,2020,685.0,,,1709.0,1
Garlic,2018-19,Shariatpur,2020,2619.0,,,6287.0,1
Garlic,2018-19,Sherpur,2020,434.0,,,807.0,1
Garlic,2018-19,Sirajganj,2020,1259.0,,,2966.0,1
Garlic,2018-19,Sunamganj,2020,87.0,,,250.0,1
Garlic,2018-19,Sylhet,2020,41.0,,,31.0,1
Garlic,2018-19,Tangail,2020,1263.0,,,1784.0,1
Garlic,2018-19,Thakurgaon,2020,724.0,,,1503.0,1
Gram,2016-17,Bagerhat,2020,11.0,,,5.0,1
Gram,2016-17,Bandarban,2020,6.0,,,3.0,1
Gram,2016-17,Barguna,2020,137.0,,,43.0,1
Gram,2016-17,Barishal,2020,995.0,,,385.0,1
Gram,2016-17,Bhola,2020,531.0,,,307.0,1
Gram,2016-17,Bogura,2020,26.0,,,10.0,1
Gram,2016-17,Brahmanbaria,2020,0.0,,,0.0,1
Gram,2016-17,Chandpur,2020,0.0,,,0.0,1
Gram,2016-17,Chapainababganj,2020,1910.0,,,665.0,1
Gram,2016-17,Chattogram,2020,73.0,,,25.0,1
Gram,2016-17,Chuadanga,2020,103.0,,,39.0,1
Gram,2016-17,Cox's Bazar,2020,0.0,,,0.0,1
Gram,2016-17,Cumilla,2020,0.0,,,0.0,1
Gram,2016-17,Dhaka,2020,5.0,,,1.0,1
Gram,2016-17,Dinajpur,2020,12.0,,,4.0,1
Gram,2016-17,Faridpur,2020,236.0,,,103.0,1
Gram,2016-17,Feni,2020,45.0,,,22.0,1
Gram,2016-17,Gaibandha,2020,49.0,,,26.0,1
Gram,2016-17,Gazipur,2020,46.0,,,18.0,1
Gram,2016-17,Gopalganj,2020,92.0,,,41.0,1
Gram,2016-17,Habiganj,2020,3.0,,,1.0,1
Gram,2016-17,Jamalpur,2020,83.0,,,29.0,1
Gram,2016-17,Jashore,2020,287.0,,,133.0,1
Gram,2016-17,Jhalokati,2020,236.0,,,82.0,1
Gram,2016-17,Jhenaidah,2020,81.0,,,36.0,1
Gram,2016-17,Joypurhat,2020,0.0,,,0.0,1
Gram,2016-17,Khagrachhari,2020,0.0,,,0.0,1
Gram,2016-17,Khulna,2020,3.0,,,1.0,1
Gram,2016-17,Kishoreganj,2020,10.0,,,3.0,1
Gram,2016-17,Kurigram,2020,254.0,,,105.0,1
Gram,2016-17,Kushtia,2020,103.0,,,39.0,1
Gram,2016-17,Lakshmipur,2020,22.0,,,4.0,1
Gram,2016-17,Lalmonirhat,2020,14.0,,,8.0,1
Gram,2016-17,Madaripur,2020,1409.0,,,511.0,1
Gram,2016-17,Magura,2020,402.0,,,134.0,1
Gram,2016-17,Manikganj,2020,4.0,,,2.0,1
Gram,2016-17,Meherpur,2020,20.0,,,7.0,1
Gram,2016-17,Moulvibazar,2020,2.0,,,1.0,1
Gram,2016-17,Munshiganj,2020,0.0,,,0.0,1
Gram,2016-17,Mymensingh,2020,217.0,,,134.0,1
Gram,2016-17,Naogaon,2020,226.0,,,86.0,1
Gram,2016-17,Narail,2020,360.0,,,200.0,1
Gram,2016-17,Narayanganj,2020,19.0,,,9.0,1
Gram,2016-17,Narsingdi,2020,4.0,,,2.0,1
Gram,2016-17,Natore,2020,49.0,,,21.0,1
Gram,2016-17,Netrakona,2020,0.0,,,0.0,1
Gram,2016-17,Nilphamari,2020,2.0,,,1.0,1
Gram,2016-17,Noakhali,2020,162.0,,,61.0,1
Gram,2016-17,Pabna,2020,152.0,,,94.0,1
Gram,2016-17,Panchagarh,2020,37.0,,,11.0,1
Gram,2016-17,Patuakhali,2020,1177.0,,,333.0,1
Gram,2016-17,Pirojpur,2020,0.0,,,0.0,1
Gram,2016-17,Rajbari,2020,391.0,,,143.0,1
Gram,2016-17,Rajshahi,2020,4022.0,,,2067.0,1
Gram,2016-17,Rangamati,2020,0.0,,,0.0,1
Gram,2016-17,Rangpur,2020,26.0,,,15.0,1
Gram,2016-17,Satkhira,2020,3.0,,,1.0,1
Gram,2016-17,Shariatpur,2020,351.0,,,172.0,1
Gram,2016-17,Sherpur,2020,34.0,,,16.0,1
Gram,2016-17,Sirajganj,2020,72.0,,,29.0,1
Gram,2016-17,Sunamganj,2020,0.0,,,0.0,1
Gram,2016-17,Sylhet,2020,0.0,,,0.0,1
Gram,2016-17,Tangail,2020,3.0,,,1.0,1
Gram,2016-17,Thakurgaon,2020,98.0,,,48.0,1
Gram,2017-18,Bagerhat,2020,8.0,,,3.0,1
Gram,2017-18,Bandarban,2020,6.0,,,3.0,1
Gram,2017-18,Barguna,2020,89.0,,,29.0,1
Gram,2017-18,Barishal,2020,988.0,,,385.0,1
Gram,2017-18,Bhola,2020,275.0,,,132.0,1
Gram,2017-18,Bogura,2020,26.0,,,11.0,1
Gram,2017-18,Brahmanbaria,2020,0.0,,,0.0,1
Gram,2017-18,Chandpur,2020,0.0,,,0.0,1
Gram,2017-18,Chapainababganj,2020,1697.0,,,412.0,1
Gram,2017-18,Chattogram,2020,73.0,,,25.0,1
Gram,2017-18,Chuadanga,2020,113.0,,,39.0,1
Gram,2017-18,Cox's Bazar,2020,0.0,,,0.0,1
Gram,2017-18,Cumilla,2020,0.0,,,0.0,1
Gram,2017-18,Dhaka,2020,6.0,,,2.0,1
Gram,2017-18,Dinajpur,2020,13.0,,,4.0,1
Gram,2017-18,Faridpur,2020,343.0,,,119.0,1
Gram,2017-18,Feni,2020,47.0,,,25.0,1
Gram,2017-18,Gaibandha,2020,27.0,,,16.0,1
Gram,2017-18,Gazipur,2020,48.0,,,19.0,1
Gram,2017-18,Gopalganj,2020,105.0,,,38.0,1
Gram,2017-18,Habiganj,2020,0.0,,,0.0,1
Gram,2017-18,Jamalpur,2020,83.0,,,29.0,1
Gram,2017-18,Jashore,2020,258.0,,,115.0,1
Gram,2017-18,Jhalokati,2020,245.0,,,87.0,1
Gram,2017-18,Jhenaidah,2020,78.0,,,37.0,1
Gram,2017-18,Joypurhat,2020,0.0,,,0.0,1
Gram,2017-18,Khagrachhari,2020,0.0,,,0.0,1
Gram,2017-18,Khulna,2020,3.0,,,1.0,1
Gram,2017-18,Kishoreganj,2020,8.0,,,2.0,1
Gram,2017-18,Kurigram,2020,243.0,,,95.0,1
Gram,2017-18,Kushtia,2020,150.0,,,73.0,1
Gram,2017-18,Lakshmipur,2020,22.0,,,4.0,1
Gram,2017-18,Lalmonirhat,2020,9.0,,,6.0,1
Gram,2017-18,Madaripur,2020,1289.0,,,453.0,1
Gram,2017-18,Magura,2020,383.0,,,116.0,1
Gram,2017-18,Manikganj,2020,4.0,,,1.0,1
Gram,2017-18,Meherpur,2020,21.0,,,7.0,1
Gram,2017-18,Moulvibazar,2020,3.0,,,4.0,1
Gram,2017-18,Munshiganj,2020,0.0,,,0.0,1
Gram,2017-18,Mymensingh,2020,51.0,,,24.0,1
Gram,2017-18,Naogaon,2020,225.0,,,86.0,1
Gram,2017-18,Narail,2020,360.0,,,150.0,1
Gram,2017-18,Narayanganj,2020,19.0,,,9.0,1
Gram,2017-18,Narsingdi,2020,5.0,,,1.0,1
Gram,2017-18,Natore,2020,49.0,,,21.0,1
Gram,2017-18,Netrakona,2020,0.0,,,0.0,1
Gram,2017-18,Nilphamari,2020,0.0,,,0.0,1
Gram,2017-18,Noakhali,2020,283.0,,,109.0,1
Gram,2017-18,Pabna,2020,158.0,,,100.0,1
Gram,2017-18,Panchagarh,2020,38.0,,,11.0,1
Gram,2017-18,Patuakhali,2020,945.0,,,367.0,1
Gram,2017-18,Pirojpur,2020,0.0,,,0.0,1
Gram,2017-18,Rajbari,2020,58.0,,,28.0,1
Gram,2017-18,Rajshahi,2020,3033.0,,,1502.0,1
Gram,2017-18,Rangamati,2020,0.0,,,0.0,1
Gram,2017-18,Rangpur,2020,23.0,,,12.0,1
Gram,2017-18,Satkhira,2020,2.0,,,1.0,1
Gram,2017-18,Shariatpur,2020,322.0,,,171.0,1
Gram,2017-18,Sherpur,2020,38.0,,,18.0,1
Gram,2017-18,Sirajganj,2020,72.0,,,29.0,1
Gram,2017-18,Sunamganj,2020,0.0,,,0.0,1
Gram,2017-18,Sylhet,2020,0.0,,,0.0,1
Gram,2017-18,Tangail,2020,3.0,,,1.0,1
Gram,2017-18,Thakurgaon,2020,74.0,,,32.0,1
Gram,2018-19,Bagerhat,2020,10.0,,,4.0,1
Gram,2018-19,Bandarban,2020,7.0,,,3.0,1
Gram,2018-19,Barguna,2020,41.0,,,14.0,1
Gram,2018-19,Barishal,2020,989.0,,,803.0,1
Gram,2018-19,Bhola,2020,275.0,,,168.0,1
Gram,2018-19,Bogura,2020,24.0,,,10.0,1
Gram,2018-19,Brahmanbaria,2020,0.0,,,0.0,1
Gram,2018-19,Chandpur,2020,0.0,,,0.0,1
Gram,2018-19,Chapainababganj,2020,1638.0,,,474.0,1
Gram,2018-19,Chattogram,2020,68.0,,,24.0,1
Gram,2018-19,Chuadanga,2020,125.0,,,44.0,1
Gram,2018-19,Cox's Bazar,2020,0.0,,,0.0,1
Gram,2018-19,Cumilla,2020,0.0,,,0.0,1
Gram,2018-19,Dhaka,2020,7.0,,,3.0,1
Gram,2018-19,Dinajpur,2020,4.0,,,2.0,1
Gram,2018-19,Faridpur,2020,223.0,,,90.0,1
Gram,2018-19,Feni,2020,40.0,,,18.0,1
Gram,2018-19,Gaibandha,2020,26.0,,,15.0,1
Gram,2018-19,Gazipur,2020,47.0,,,20.0,1
Gram,2018-19,Gopalganj,2020,93.0,,,44.0,1
Gram,2018-19,Habiganj,2020,3.0,,,1.0,1
Gram,2018-19,Jamalpur,2020,91.0,,,36.0,1
Gram,2018-19,Jashore,2020,246.0,,,104.0,1
Gram,2018-19,Jhalokati,2020,244.0,,,86.0,1
Gram,2018-19,Jhenaidah,2020,90.0,,,42.0,1
Gram,2018-19,Joypurhat,2020,0.0,,,0.0,1
Gram,2018-19,Khagrachhari,2020,0.0,,,0.0,1
Gram,2018-19,Khulna,2020,5.0,,,2.0,1
Gram,2018-19,Kishoreganj,2020,6.0,,,2.0,1
Gram,2018-19,Kurigram,2020,243.0,,,107.0,1
Gram,2018-19,Kushtia,2020,351.0,,,156.0,1
Gram,2018-19,Lakshmipur,2020,17.0,,,3.0,1
Gram,2018-19,Lalmonirhat,2020,10.0,,,7.0,1
Gram,2018-19,Madaripur,2020,1285.0,,,462.0,1
Gram,2018-19,Magura,2020,384.0,,,116.0,1
Gram,2018-19,Manikganj,2020,5.0,,,2.0,1
Gram,2018-19,Meherpur,2020,23.0,,,8.0,1
Gram,2018-19,Moulvibazar,2020,2.0,,,3.0,1
Gram,2018-19,Munshiganj,2020,0.0,,,0.0,1
Gram,2018-19,Mymensingh,2020,55.0,,,27.0,1
Gram,2018-19,Naogaon,2020,222.0,,,85.0,1
Gram,2018-19,Narail,2020,39.0,,,16.0,1
Gram,2018-19,Narayanganj,2020,19.0,,,7.0,1
Gram,2018-19,Narsingdi,2020,4.0,,,1.0,1
Gram,2018-19,Natore,2020,62.0,,,25.0,1
Gram,2018-19,Netrakona,2020,0.0,,,0.0,1
Gram,2018-19,Nilphamari,2020,0.0,,,0.0,1
Gram,2018-19,Noakhali,2020,87.0,,,31.0,1
Gram,2018-19,Pabna,2020,159.0,,,99.0,1
Gram,2018-19,Panchagarh,2020,38.0,,,12.0,1
Gram,2018-19,Patuakhali,2020,946.0,,,370.0,1
Gram,2018-19,Pirojpur,2020,0.0,,,0.0,1
Gram,2018-19,Rajbari,2020,59.0,,,29.0,1
Gram,2018-19,Rajshahi,2020,3053.0,,,1514.0,1
Gram,2018-19,Rangamati,2020,0.0,,,0.0,1
Gram,2018-19,Rangpur,2020,24.0,,,11.0,1
Gram,2018-19,Satkhira,2020,3.0,,,1.0,1
Gram,2018-19,Shariatpur,2020,289.0,,,158.0,1
Gram,2018-19,Sherpur,2020,39.0,,,18.0,1
Gram,2018-19,Sirajganj,2020,88.0,,,36.0,1
Gram,2018-19,Sunamganj,2020,0.0,,,0.0,1
Gram,2018-19,Sylhet,2020,0.0,,,0.0,1
Gram,2018-19,Tangail,2020,4.0,,,2.0,1
Gram,2018-19,Thakurgaon,2020,79.0,,,32.0,1
Groundnut,2016-17,Bagerhat,2020,47.0,,,30.0,1
Groundnut,2016-17,Bandarban,2020,182.0,,,120.0,1
Groundnut,2016-17,Barguna,2020,182.0,,,120.0,1
Groundnut,2016-17,Barishal,2020,30.0,,,24.0,1
Groundnut,2016-17,Bhola,2020,5606.0,,,4100.0,1
Groundnut,2016-17,Bogura,2020,1484.0,,,796.0,1
Groundnut,2016-17,Brahmanbaria,2020,319.0,,,198.0,1
Groundnut,2016-17,Chandpur,2020,264.0,,,154.0,1
Groundnut,2016-17,Chapainababganj,2020,0.0,,,0.0,1
Groundnut,2016-17,Chattogram,2020,2136.0,,,1908.0,1
Groundnut,2016-17,Chuadanga,2020,146.0,,,96.0,1
Groundnut,2016-17,Cox's Bazar,2020,1065.0,,,1243.0,1
Groundnut,2016-17,Cumilla,2020,530.0,,,531.0,1
Groundnut,2016-17,Dhaka,2020,541.0,,,327.0,1
Groundnut,2016-17,Dinajpur,2020,81.0,,,46.0,1
Groundnut,2016-17,Faridpur,2020,5316.0,,,5883.0,1
Groundnut,2016-17,Feni,2020,596.0,,,411.0,1
Groundnut,2016-17,Gaibandha,2020,1299.0,,,1270.0,1
Groundnut,2016-17,Gazipur,2020,190.0,,,122.0,1
Groundnut,2016-17,Gopalganj,2020,2009.0,,,1762.0,1
Groundnut,2016-17,Habiganj,2020,212.0,,,656.0,1
Groundnut,2016-17,Jamalpur,2020,133.0,,,1321.0,1
Groundnut,2016-17,Jashore,2020,17.0,,,9.0,1
Groundnut,2016-17,Jhalokati,2020,39.0,,,18.0,1
Groundnut,2016-17,Jhenaidah,2020,715.0,,,851.0,1
Groundnut,2016-17,Joypurhat,2020,0.0,,,0.0,1
Groundnut,2016-17,Khagrachhari,2020,108.0,,,120.0,1
Groundnut,2016-17,Khulna,2020,0.0,,,0.0,1
Groundnut,2016-17,Kishoreganj,2020,2045.0,,,1776.0,1
Groundnut,2016-17,Kurigram,2020,3406.0,,,2158.0,1
Groundnut,2016-17,Kushtia,2020,601.0,,,364.0,1
Groundnut,2016-17,Lakshmipur,2020,6269.0,,,3084.0,1
Groundnut,2016-17,Lalmonirhat,2020,2853.0,,,2447.0,1
Groundnut,2016-17,Madaripur,2020,480.0,,,327.0,1
Groundnut,2016-17,Magura,2020,80.0,,,139.0,1
Groundnut,2016-17,Manikganj,2020,2468.0,,,1405.0,1
Groundnut,2016-17,Meherpur,2020,5.0,,,2.0,1
Groundnut,2016-17,Moulvibazar,2020,27.0,,,481.0,1
Groundnut,2016-17,Munshiganj,2020,189.0,,,113.0,1
Groundnut,2016-17,Mymensingh,2020,835.0,,,503.0,1
Groundnut,2016-17,Naogaon,2020,185.0,,,127.0,1
Groundnut,2016-17,Narail,2020,1133.0,,,1101.0,1
Groundnut,2016-17,Narayanganj,2020,529.0,,,301.0,1
Groundnut,2016-17,Narsingdi,2020,680.0,,,350.0,1
Groundnut,2016-17,Natore,2020,1216.0,,,642.0,1
Groundnut,2016-17,Netrakona,2020,173.0,,,178.0,1
Groundnut,2016-17,Nilphamari,2020,312.0,,,166.0,1
Groundnut,2016-17,Noakhali,2020,9372.0,,,4394.0,1
Groundnut,2016-17,Pabna,2020,1453.0,,,1202.0,1
Groundnut,2016-17,Panchagarh,2020,22088.0,,,15036.0,1
Groundnut,2016-17,Patuakhali,2020,1198.0,,,489.0,1
Groundnut,2016-17,Pirojpur,2020,12.0,,,8.0,1
Groundnut,2016-17,Rajbari,2020,886.0,,,876.0,1
Groundnut,2016-17,Rajshahi,2020,217.0,,,176.0,1
Groundnut,2016-17,Rangamati,2020,77.0,,,46.0,1
Groundnut,2016-17,Rangpur,2020,214.0,,,143.0,1
Groundnut,2016-17,Satkhira,2020,0.0,,,0.0,1
Groundnut,2016-17,Shariatpur,2020,661.0,,,661.0,1
Groundnut,2016-17,Sherpur,2020,105.0,,,116.0,1
Groundnut,2016-17,Sirajganj,2020,2285.0,,,1539.0,1
Groundnut,2016-17,Sunamganj,2020,2492.0,,,859.0,1
Groundnut,2016-17,Sylhet,2020,32.0,,,844.0,1
Groundnut,2016-17,Tangail,2020,3226.0,,,1812.0,1
Groundnut,2016-17,Thakurgaon,2020,137.0,,,79.0,1
Groundnut,2017-18,Bagerhat,2020,48.0,,,31.0,1
Groundnut,2017-18,Bandarban,2020,186.0,,,123.0,1
Groundnut,2017-18,Barguna,2020,172.0,,,165.0,1
Groundnut,2017-18,Barishal,2020,38.0,,,32.0,1
Groundnut,2017-18,Bhola,2020,4579.0,,,3447.0,1
Groundnut,2017-18,Bogura,2020,1550.0,,,810.0,1
Groundnut,2017-18,Brahmanbaria,2020,367.0,,,337.0,1
Groundnut,2017-18,Chandpur,2020,264.0,,,154.0,1
Groundnut,2017-18,Chapainababganj,2020,0.0,,,0.0,1
Groundnut,2017-18,Chattogram,2020,2130.0,,,1900.0,1
Groundnut,2017-18,Chuadanga,2020,148.0,,,99.0,1
Groundnut,2017-18,Cox's Bazar,2020,1062.0,,,1239.0,1
Groundnut,2017-18,Cumilla,2020,225.0,,,101.0,1
Groundnut,2017-18,Dhaka,2020,494.0,,,309.0,1
Groundnut,2017-18,Dinajpur,2020,61.0,,,35.0,1
Groundnut,2017-18,Faridpur,2020,13193.0,,,11710.0,1
Groundnut,2017-18,Feni,2020,596.0,,,411.0,1
Groundnut,2017-18,Gaibandha,2020,1751.0,,,1613.0,1
Groundnut,2017-18,Gazipur,2020,245.0,,,107.0,1
Groundnut,2017-18,Gopalganj,2020,66.0,,,54.0,1
Groundnut,2017-18,Habiganj,2020,150.0,,,90.0,1
Groundnut,2017-18,Jamalpur,2020,1335.0,,,1321.0,1
Groundnut,2017-18,Jashore,2020,16.0,,,8.0,1
Groundnut,2017-18,Jhalokati,2020,40.0,,,20.0,1
Groundnut,2017-18,Jhenaidah,2020,757.0,,,856.0,1
Groundnut,2017-18,Joypurhat,2020,0.0,,,0.0,1
Groundnut,2017-18,Khagrachhari,2020,115.0,,,128.0,1
Groundnut,2017-18,Khulna,2020,0.0,,,0.0,1
Groundnut,2017-18,Kishoreganj,2020,1969.0,,,1736.0,1
Groundnut,2017-18,Kurigram,2020,2743.0,,,1698.0,1
Groundnut,2017-18,Kushtia,2020,618.0,,,376.0,1
Groundnut,2017-18,Lakshmipur,2020,6296.0,,,3086.0,1
Groundnut,2017-18,Lalmonirhat,2020,2109.0,,,1604.0,1
Groundnut,2017-18,Madaripur,2020,493.0,,,215.0,1
Groundnut,2017-18,Magura,2020,85.0,,,154.0,1
Groundnut,2017-18,Manikganj,2020,1920.0,,,1075.0,1
Groundnut,2017-18,Meherpur,2020,0.0,,,0.0,1
Groundnut,2017-18,Moulvibazar,2020,49.0,,,24.0,1
Groundnut,2017-18,Munshiganj,2020,163.0,,,114.0,1
Groundnut,2017-18,Mymensingh,2020,611.0,,,299.0,1
Groundnut,2017-18,Naogaon,2020,288.0,,,192.0,1
Groundnut,2017-18,Narail,2020,1152.0,,,1108.0,1
Groundnut,2017-18,Narayanganj,2020,533.0,,,282.0,1
Groundnut,2017-18,Narsingdi,2020,752.0,,,488.0,1
Groundnut,2017-18,Natore,2020,1226.0,,,653.0,1
Groundnut,2017-18,Netrakona,2020,185.0,,,181.0,1
Groundnut,2017-18,Nilphamari,2020,230.0,,,135.0,1
Groundnut,2017-18,Noakhali,2020,9450.0,,,4590.0,1
Groundnut,2017-18,Pabna,2020,1467.0,,,1229.0,1
Groundnut,2017-18,Panchagarh,2020,22421.0,,,15694.0,1
Groundnut,2017-18,Patuakhali,2020,648.0,,,345.0,1
Groundnut,2017-18,Pirojpur,2020,13.0,,,9.0,1
Groundnut,2017-18,Rajbari,2020,889.0,,,847.0,1
Groundnut,2017-18,Rajshahi,2020,256.0,,,229.0,1
Groundnut,2017-18,Rangamati,2020,52.0,,,30.0,1
Groundnut,2017-18,Rangpur,2020,218.0,,,130.0,1
Groundnut,2017-18,Satkhira,2020,0.0,,,0.0,1
Groundnut,2017-18,Shariatpur,2020,668.0,,,666.0,1
Groundnut,2017-18,Sherpur,2020,0.0,,,0.0,1
Groundnut,2017-18,Sirajganj,2020,1141.0,,,836.0,1
Groundnut,2017-18,Sunamganj,2020,2501.0,,,1867.0,1
Groundnut,2017-18,Sylhet,2020,43.0,,,35.0,1
Groundnut,2017-18,Tangail,2020,3172.0,,,1773.0,1
Groundnut,2017-18,Thakurgaon,2020,59.0,,,28.0,1
Groundnut,2018-19,Bagerhat,2020,38.0,,,25.0,1
Groundnut,2018-19,Bandarban,2020,194.0,,,130.0,1
Groundnut,2018-19,Barguna,2020,175.0,,,170.0,1
Groundnut,2018-19,Barishal,2020,40.0,,,35.0,1
Groundnut,2018-19,Bhola,2020,4707.0,,,3631.0,1
Groundnut,2018-19,Bogura,2020,1503.0,,,807.0,1
Groundnut,2018-19,Brahmanbaria,2020,400.0,,,301.0,1
Groundnut,2018-19,Chandpur,2020,265.0,,,152.0,1
Groundnut,2018-19,Chapainababganj,2020,0.0,,,0.0,1
Groundnut,2018-19,Chattogram,2020,2015.0,,,1800.0,1
Groundnut,2018-19,Chuadanga,2020,60.0,,,39.0,1
Groundnut,2018-19,Cox's Bazar,2020,1069.0,,,1308.0,1
Groundnut,2018-19,Cumilla,2020,321.0,,,120.0,1
Groundnut,2018-19,Dhaka,2020,500.0,,,325.0,1
Groundnut,2018-19,Dinajpur,2020,71.0,,,48.0,1
Groundnut,2018-19,Faridpur,2020,5509.0,,,6182.0,1
Groundnut,2018-19,Feni,2020,585.0,,,403.0,1
Groundnut,2018-19,Gaibandha,2020,1608.0,,,1579.0,1
Groundnut,2018-19,Gazipur,2020,219.0,,,71.0,1
Groundnut,2018-19,Gopalganj,2020,2133.0,,,1885.0,1
Groundnut,2018-19,Habiganj,2020,145.0,,,91.0,1
Groundnut,2018-19,Jamalpur,2020,1306.0,,,1220.0,1
Groundnut,2018-19,Jashore,2020,17.0,,,8.0,1
Groundnut,2018-19,Jhalokati,2020,20.0,,,9.0,1
Groundnut,2018-19,Jhenaidah,2020,737.0,,,882.0,1
Groundnut,2018-19,Joypurhat,2020,0.0,,,0.0,1
Groundnut,2018-19,Khagrachhari,2020,128.0,,,131.0,1
Groundnut,2018-19,Khulna,2020,0.0,,,0.0,1
Groundnut,2018-19,Kishoreganj,2020,2179.0,,,1813.0,1
Groundnut,2018-19,Kurigram,2020,2815.0,,,1787.0,1
Groundnut,2018-19,Kushtia,2020,601.0,,,364.0,1
Groundnut,2018-19,Lakshmipur,2020,6166.0,,,3014.0,1
Groundnut,2018-19,Lalmonirhat,2020,976.0,,,733.0,1
Groundnut,2018-19,Madaripur,2020,366.0,,,200.0,1
Groundnut,2018-19,Magura,2020,55.0,,,114.0,1
Groundnut,2018-19,Manikganj,2020,1901.0,,,1074.0,1
Groundnut,2018-19,Meherpur,2020,6.0,,,2.0,1
Groundnut,2018-19,Moulvibazar,2020,48.0,,,21.0,1
Groundnut,2018-19,Munshiganj,2020,167.0,,,119.0,1
Groundnut,2018-19,Mymensingh,2020,682.0,,,366.0,1
Groundnut,2018-19,Naogaon,2020,285.0,,,195.0,1
Groundnut,2018-19,Narail,2020,1059.0,,,1007.0,1
Groundnut,2018-19,Narayanganj,2020,525.0,,,273.0,1
Groundnut,2018-19,Narsingdi,2020,640.0,,,332.0,1
Groundnut,2018-19,Natore,2020,1224.0,,,651.0,1
Groundnut,2018-19,Netrakona,2020,187.0,,,186.0,1
Groundnut,2018-19,Nilphamari,2020,370.0,,,214.0,1
Groundnut,2018-19,Noakhali,2020,7814.0,,,4171.0,1
Groundnut,2018-19,Pabna,2020,1461.0,,,1206.0,1
Groundnut,2018-19,Panchagarh,2020,22174.0,,,15486.0,1
Groundnut,2018-19,Patuakhali,2020,650.0,,,370.0,1
Groundnut,2018-19,Pirojpur,2020,12.0,,,9.0,1
Groundnut,2018-19,Rajbari,2020,875.0,,,810.0,1
Groundnut,2018-19,Rajshahi,2020,278.0,,,239.0,1
Groundnut,2018-19,Rangamati,2020,91.0,,,58.0,1
Groundnut,2018-19,Rangpur,2020,231.0,,,182.0,1
Groundnut,2018-19,Satkhira,2020,0.0,,,0.0,1
Groundnut,2018-19,Shariatpur,2020,538.0,,,508.0,1
Groundnut,2018-19,Sherpur,2020,119.0,,,112.0,1
Groundnut,2018-19,Sirajganj,2020,3177.0,,,2205.0,1
Groundnut,2018-19,Sunamganj,2020,2502.0,,,1876.0,1
Groundnut,2018-19,Sylhet,2020,42.0,,,32.0,1
Groundnut,2018-19,Tangail,2020,3005.0,,,1672.0,1
Groundnut,2018-19,Thakurgaon,2020,145.0,,,79.0,1
Jute,2018-19,Bagerhat,2020,2840.0,1149.0,2.013,2313.7,1
Jute,2018-19,Bandarban,2020,0.0,0.0,0.0,0.0,1
Jute,2018-19,Barguna,2020,0.0,0.0,0.0,0.0,1
Jute,2018-19,Barishal,2020,27967.0,11318.0,1.708,19333.2,1
Jute,2018-19,Bhola,2020,0.0,0.0,0.0,0.0,1
Jute,2018-19,Bogura,2020,16269.0,6584.0,2.237,14729.7,1
Jute,2018-19,Brahmanbaria,2020,6748.0,2731.0,2.314,6317.7,1
Jute,2018-19,Chandpur,2020,10899.0,4411.0,1.686,7435.4,1
Jute,2018-19,Chapainababganj,2020,2883.0,1167.0,2.165,2526.6,1
Jute,2018-19,Chattogram,2020,0.0,0.0,0.0,0.0,1
Jute,2018-19,Chuadanga,2020,55072.0,22286.0,2.376,52959.1,1
Jute,2018-19,Cumilla,2020,1041.0,421.0,1.856,782.0,1
Jute,2018-19,Dhaka,2020,12864.0,5206.0,2.022,10526.6,1
Jute,2018-19,Dinajpur,2020,21101.0,8539.0,2.224,18989.7,1
Jute,2018-19,Faridpur,2020,203703.0,82434.0,2.04,168167.5,1
Jute,2018-19,Feni,2020,0.0,0.0,0.0,0.0,1
Jute,2018-19,Gaibandha,2020,31368.0,12694.0,2.269,28798.5,1
Jute,2018-19,Gazipur,2020,3889.0,1574.0,2.0,3147.1,1
Jute,2018-19,Gopalganj,2020,61300.0,24807.0,1.955,48493.1,1
Jute,2018-19,Habiganj,2020,850.0,344.0,2.049,704.9,1
Jute,2018-19,Jamalpur,2020,98955.0,40045.0,2.125,85103.9,1
Jute,2018-19,Jashore,2020,71361.0,28878.0,2.3,66421.9,1
Jute,2018-19,Jhalokati,2020,0.0,0.0,0.0,0.0,1
Jute,2018-19,Jhenaidah,2020,59512.0,24083.0,2.363,56904.7,1
Jute,2018-19,Joypurhat,2020,7054.0,2855.0,2.296,6552.9,1
Jute,2018-19,Khagrachhari,2020,0.0,0.0,0.0,0.0,1
Jute,2018-19,Khulna,2020,4921.0,1991.0,2.134,4250.1,1
Jute,2018-19,Kishoreganj,2020,39031.0,15795.0,1.91,30168.4,1
Jute,2018-19,Kurigram,2020,42803.0,17321.0,2.314,40073.4,1
Jute,2018-19,Kushtia,2020,102225.0,41368.0,2.264,93665.9,1
Jute,2018-19,Lakshmipur,2020,90.0,36.0,1.125,41.0,1
Jute,2018-19,Lalmonirhat,2020,10314.0,4174.0,2.349,9805.9,1
Jute,2018-19,Madaripur,2020,79052.0,31991.0,1.758,56225.4,1
Jute,2018-19,Magura,2020,99215.0,40150.0,2.17,87127.7,1
Jute,2018-19,Manikganj,2020,12750.0,5160.0,1.82,9392.2,1
Jute,2018-19,Meherpur,2020,64020.0,25907.0,2.349,60866.8,1
Jute,2018-19,Moulvibazar,2020,0.0,0.0,0.0,0.0,1
Jute,2018-19,Munshiganj,2020,8068.0,3265.0,1.538,5021.0,1
Jute,2018-19,Mymensingh,2020,16893.0,6836.0,1.753,11984.5,1
Jute,2018-19,Naogaon,2020,16862.0,6824.0,2.273,15511.3,1
Jute,2018-19,Narail,2020,54513.0,22060.0,2.246,49553.1,1
Jute,2018-19,Narayanganj,2020,1009.0,408.0,1.672,682.9,1
Jute,2018-19,Narsingdi,2020,7367.0,2981.0,1.964,5854.5,1
Jute,2018-19,Natore,2020,60093.0,24318.0,2.219,53971.1,1
Jute,2018-19,Netrakona,2020,12556.0,5081.0,1.829,9294.8,1
Jute,2018-19,Nilphamari,2020,24780.0,10028.0,2.054,20592.0,1
Jute,2018-19,Noakhali,2020,0.0,0.0,0.0,0.0,1
Jute,2018-19,Pabna,2020,109644.0,44371.0,2.327,103248.8,1
Jute,2018-19,Panchagarh,2020,26978.0,10917.0,2.076,22663.3,1
Jute,2018-19,Patuakhali,2020,0.0,0.0,0.0,0.0,1
Jute,2018-19,Pirojpur,2020,851.0,344.0,0.758,260.9,1
Jute,2018-19,Rajbari,2020,119301.0,48278.0,2.121,102385.5,1
Jute,2018-19,Rajshahi,2020,34985.0,14158.0,2.318,32817.4,1
Jute,2018-19,Rangamati,2020,0.0,0.0,0.0,0.0,1
Jute,2018-19,Rangpur,2020,27473.0,11118.0,2.246,24973.4,1
Jute,2018-19,Satkhira,2020,28739.0,11630.0,2.264,26332.8,1
Jute,2018-19,Shariatpur,2020,61896.0,25048.0,1.856,46493.8,1
Jute,2018-19,Sherpur,2020,5704.0,2308.0,1.677,3870.7,1
Jute,2018-19,Sirajganj,2020,33447.0,13535.0,2.049,27733.6,1
Jute,2018-19,Sunamganj,2020,2356.0,953.0,1.188,1132.7,1
Jute,2018-19,Sylhet,2020,0.0,0.0,0.0,0.0,1
Jute,2018-19,Tangail,2020,48556.0,19650.0,1.937,38059.2,1
Jute,2018-19,Thakurgaon,2020,21464.0,8686.0,2.255,19589.0,1
Lentil,2016-17,Bagerhat,2020,1500.0,,,495.0,1
Lentil,2016-17,Bandarban,2020,27.0,,,10.0,1
Lentil,2016-17,Barguna,2020,147.0,,,74.0,1
Lentil,2016-17,Barishal,2020,4000.0,,,1500.0,1
Lentil,2016-17,Bhola,2020,1760.0,,,1006.0,1
Lentil,2016-17,Bogura,2020,1092.0,,,440.0,1
Lentil,2016-17,Brahmanbaria,2020,3041.0,,,594.0,1
Lentil,2016-17,Chandpur,2020,529.0,,,214.0,1
Lentil,2016-17,Chapainababganj,2020,991.0,,,700.0,1
Lentil,2016-17,Chattogram,2020,199.0,,,44.0,1
Lentil,2016-17,Chuadanga,2020,4353.0,,,1676.0,1
Lentil,2016-17,Cox's Bazar,2020,0.0,,,0.0,1
Lentil,2016-17,Cumilla,2020,1362.0,,,522.0,1
Lentil,2016-17,Dhaka,2020,783.0,,,246.0,1
Lentil,2016-17,Dinajpur,2020,269.0,,,92.0,1
Lentil,2016-17,Faridpur,2020,34093.0,,,14112.0,1
Lentil,2016-17,Feni,2020,2727.0,,,982.0,1
Lentil,2016-17,Gaibandha,2020,1352.0,,,1010.0,1
Lentil,2016-17,Gazipur,2020,206.0,,,76.0,1
Lentil,2016-17,Gopalganj,2020,10694.0,,,4294.0,1
Lentil,2016-17,Habiganj,2020,227.0,,,88.0,1
Lentil,2016-17,Jamalpur,2020,1158.0,,,356.0,1
Lentil,2016-17,Jashore,2020,29319.0,,,13849.0,1
Lentil,2016-17,Jhalokati,2020,670.0,,,368.0,1
Lentil,2016-17,Jhenaidah,2020,34319.0,,,19431.0,1
Lentil,2016-17,Joypurhat,2020,330.0,,,151.0,1
Lentil,2016-17,Khagrachhari,2020,72.0,,,14.0,1
Lentil,2016-17,Khulna,2020,232.0,,,76.0,1
Lentil,2016-17,Kishoreganj,2020,312.0,,,107.0,1
Lentil,2016-17,Kurigram,2020,1605.0,,,626.0,1
Lentil,2016-17,Kushtia,2020,19223.0,,,12021.0,1
Lentil,2016-17,Lakshmipur,2020,76.0,,,14.0,1
Lentil,2016-17,Lalmonirhat,2020,120.0,,,51.0,1
Lentil,2016-17,Madaripur,2020,12348.0,,,5411.0,1
Lentil,2016-17,Magura,2020,43415.0,,,15520.0,1
Lentil,2016-17,Manikganj,2020,855.0,,,839.0,1
Lentil,2016-17,Meherpur,2020,16275.0,,,8189.0,1
Lentil,2016-17,Moulvibazar,2020,77.0,,,34.0,1
Lentil,2016-17,Munshiganj,2020,105.0,,,37.0,1
Lentil,2016-17,Mymensingh,2020,797.0,,,396.0,1
Lentil,2016-17,Naogaon,2020,454.0,,,215.0,1
Lentil,2016-17,Narail,2020,15969.0,,,7177.0,1
Lentil,2016-17,Narayanganj,2020,397.0,,,113.0,1
Lentil,2016-17,Narsingdi,2020,53.0,,,15.0,1
Lentil,2016-17,Natore,2020,37830.0,,,15386.0,1
Lentil,2016-17,Netrakona,2020,104.0,,,40.0,1
Lentil,2016-17,Nilphamari,2020,34.0,,,16.0,1
Lentil,2016-17,Noakhali,2020,299.0,,,70.0,1
Lentil,2016-17,Pabna,2020,27722.0,,,13649.0,1
Lentil,2016-17,Panchagarh,2020,176.0,,,65.0,1
Lentil,2016-17,Patuakhali,2020,710.0,,,129.0,1
Lentil,2016-17,Pirojpur,2020,62.0,,,26.0,1
Lentil,2016-17,Rajbari,2020,15659.0,,,7510.0,1
Lentil,2016-17,Rajshahi,2020,35704.0,,,12065.0,1
Lentil,2016-17,Rangamati,2020,68.0,,,26.0,1
Lentil,2016-17,Rangpur,2020,254.0,,,126.0,1
Lentil,2016-17,Satkhira,2020,924.0,,,327.0,1
Lentil,2016-17,Shariatpur,2020,6074.0,,,2955.0,1
Lentil,2016-17,Sherpur,2020,124.0,,,41.0,1
Lentil,2016-17,Sirajganj,2020,5753.0,,,2371.0,1
Lentil,2016-17,Sunamganj,2020,0.0,,,0.0,1
Lentil,2016-17,Sylhet,2020,7.0,,,2.0,1
Lentil,2016-17,Tangail,2020,2896.0,,,759.0,1
Lentil,2016-17,Thakurgaon,2020,291.0,,,89.0,1
Lentil,2017-18,Bagerhat,2020,1486.0,,,479.0,1
Lentil,2017-18,Bandarban,2020,27.0,,,10.0,1
Lentil,2017-18,Barguna,2020,151.0,,,76.0,1
Lentil,2017-18,Barishal,2020,4212.0,,,1685.0,1
Lentil,2017-18,Bhola,2020,1649.0,,,968.0,1
Lentil,2017-18,Bogura,2020,1073.0,,,434.0,1
Lentil,2017-18,Brahmanbaria,2020,2990.0,,,578.0,1
Lentil,2017-18,Chandpur,2020,529.0,,,213.0,1
Lentil,2017-18,Chapainababganj,2020,4470.0,,,1053.0,1
Lentil,2017-18,Chattogram,2020,201.0,,,44.0,1
Lentil,2017-18,Chuadanga,2020,4340.0,,,1751.0,1
Lentil,2017-18,Cox's Bazar,2020,0.0,,,0.0,1
Lentil,2017-18,Cumilla,2020,929.0,,,349.0,1
Lentil,2017-18,Dhaka,2020,772.0,,,300.0,1
Lentil,2017-18,Dinajpur,2020,277.0,,,95.0,1
Lentil,2017-18,Faridpur,2020,33145.0,,,14745.0,1
Lentil,2017-18,Feni,2020,2707.0,,,936.0,1
Lentil,2017-18,Gaibandha,2020,1358.0,,,1017.0,1
Lentil,2017-18,Gazipur,2020,136.0,,,35.0,1
Lentil,2017-18,Gopalganj,2020,10320.0,,,3831.0,1
Lentil,2017-18,Habiganj,2020,250.0,,,113.0,1
Lentil,2017-18,Jamalpur,2020,808.0,,,253.0,1
Lentil,2017-18,Jashore,2020,25401.0,,,11999.0,1
Lentil,2017-18,Jhalokati,2020,680.0,,,265.0,1
Lentil,2017-18,Jhenaidah,2020,28601.0,,,16383.0,1
Lentil,2017-18,Joypurhat,2020,326.0,,,154.0,1
Lentil,2017-18,Khagrachhari,2020,76.0,,,15.0,1
Lentil,2017-18,Khulna,2020,161.0,,,51.0,1
Lentil,2017-18,Kishoreganj,2020,292.0,,,217.0,1
Lentil,2017-18,Kurigram,2020,1347.0,,,502.0,1
Lentil,2017-18,Kushtia,2020,21172.0,,,13687.0,1
Lentil,2017-18,Lakshmipur,2020,70.0,,,13.0,1
Lentil,2017-18,Lalmonirhat,2020,117.0,,,48.0,1
Lentil,2017-18,Madaripur,2020,11285.0,,,4916.0,1
Lentil,2017-18,Magura,2020,40304.0,,,14796.0,1
Lentil,2017-18,Manikganj,2020,2263.0,,,822.0,1
Lentil,2017-18,Meherpur,2020,17637.0,,,9391.0,1
Lentil,2017-18,Moulvibazar,2020,77.0,,,35.0,1
Lentil,2017-18,Munshiganj,2020,75.0,,,27.0,1
Lentil,2017-18,Mymensingh,2020,701.0,,,362.0,1
Lentil,2017-18,Naogaon,2020,453.0,,,217.0,1
Lentil,2017-18,Narail,2020,12979.0,,,5872.0,1
Lentil,2017-18,Narayanganj,2020,384.0,,,113.0,1
Lentil,2017-18,Narsingdi,2020,50.0,,,16.0,1
Lentil,2017-18,Natore,2020,37553.0,,,15086.0,1
Lentil,2017-18,Netrakona,2020,154.0,,,51.0,1
Lentil,2017-18,Nilphamari,2020,34.0,,,13.0,1
Lentil,2017-18,Noakhali,2020,247.0,,,51.0,1
Lentil,2017-18,Pabna,2020,27154.0,,,13277.0,1
Lentil,2017-18,Panchagarh,2020,186.0,,,71.0,1
Lentil,2017-18,Patuakhali,2020,692.0,,,321.0,1
Lentil,2017-18,Pirojpur,2020,67.0,,,31.0,1
Lentil,2017-18,Rajbari,2020,18659.0,,,8710.0,1
Lentil,2017-18,Rajshahi,2020,48052.0,,,23544.0,1
Lentil,2017-18,Rangamati,2020,69.0,,,27.0,1
Lentil,2017-18,Rangpur,2020,218.0,,,108.0,1
Lentil,2017-18,Satkhira,2020,839.0,,,230.0,1
Lentil,2017-18,Shariatpur,2020,5787.0,,,2843.0,1
Lentil,2017-18,Sherpur,2020,124.0,,,44.0,1
Lentil,2017-18,Sirajganj,2020,6206.0,,,2524.0,1
Lentil,2017-18,Sunamganj,2020,0.0,,,0.0,1
Lentil,2017-18,Sylhet,2020,0.0,,,0.0,1
Lentil,2017-18,Tangail,2020,2782.0,,,729.0,1
Lentil,2017-18,Thakurgaon,2020,295.0,,,107.0,1
Lentil,2018-19,Bagerhat,2020,1502.0,,,495.0,1
Lentil,2018-19,Bandarban,2020,26.0,,,11.0,1
Lentil,2018-19,Barguna,2020,69.0,,,48.0,1
Lentil,2018-19,Barishal,2020,4283.0,,,1832.0,1
Lentil,2018-19,Bhola,2020,1720.0,,,997.0,1
Lentil,2018-19,Bogura,2020,1110.0,,,449.0,1
Lentil,2018-19,Brahmanbaria,2020,3037.0,,,589.0,1
Lentil,2018-19,Chandpur,2020,524.0,,,208.0,1
Lentil,2018-19,Chapainababganj,2020,4748.0,,,1428.0,1
Lentil,2018-19,Chattogram,2020,204.0,,,79.0,1
Lentil,2018-19,Chuadanga,2020,4470.0,,,1833.0,1
Lentil,2018-19,Cox's Bazar,2020,0.0,,,0.0,1
Lentil,2018-19,Cumilla,2020,731.0,,,292.0,1
Lentil,2018-19,Dhaka,2020,300.0,,,303.0,1
Lentil,2018-19,Dinajpur,2020,246.0,,,85.0,1
Lentil,2018-19,Faridpur,2020,41725.0,,,28745.0,1
Lentil,2018-19,Feni,2020,916.0,,,388.0,1
Lentil,2018-19,Gaibandha,2020,1280.0,,,886.0,1
Lentil,2018-19,Gazipur,2020,206.0,,,79.0,1
Lentil,2018-19,Gopalganj,2020,10281.0,,,3729.0,1
Lentil,2018-19,Habiganj,2020,267.0,,,109.0,1
Lentil,2018-19,Jamalpur,2020,879.0,,,309.0,1
Lentil,2018-19,Jashore,2020,25529.0,,,11905.0,1
Lentil,2018-19,Jhalokati,2020,694.0,,,297.0,1
Lentil,2018-19,Jhenaidah,2020,27963.0,,,15987.0,1
Lentil,2018-19,Joypurhat,2020,340.0,,,158.0,1
Lentil,2018-19,Khagrachhari,2020,79.0,,,15.0,1
Lentil,2018-19,Khulna,2020,226.0,,,77.0,1
Lentil,2018-19,Kishoreganj,2020,262.0,,,90.0,1
Lentil,2018-19,Kurigram,2020,1379.0,,,526.0,1
Lentil,2018-19,Kushtia,2020,21154.0,,,12577.0,1
Lentil,2018-19,Lakshmipur,2020,67.0,,,13.0,1
Lentil,2018-19,Lalmonirhat,2020,120.0,,,50.0,1
Lentil,2018-19,Madaripur,2020,12746.0,,,5684.0,1
Lentil,2018-19,Magura,2020,8395.0,,,4036.0,1
Lentil,2018-19,Manikganj,2020,2261.0,,,828.0,1
Lentil,2018-19,Meherpur,2020,14790.0,,,7699.0,1
Lentil,2018-19,Moulvibazar,2020,77.0,,,37.0,1
Lentil,2018-19,Munshiganj,2020,44.0,,,15.0,1
Lentil,2018-19,Mymensingh,2020,720.0,,,372.0,1
Lentil,2018-19,Naogaon,2020,442.0,,,212.0,1
Lentil,2018-19,Narail,2020,12415.0,,,5584.0,1
Lentil,2018-19,Narayanganj,2020,388.0,,,118.0,1
Lentil,2018-19,Narsingdi,2020,58.0,,,29.0,1
Lentil,2018-19,Natore,2020,37118.0,,,15100.0,1
Lentil,2018-19,Netrakona,2020,147.0,,,53.0,1
Lentil,2018-19,Nilphamari,2020,23.0,,,7.0,1
Lentil,2018-19,Noakhali,2020,148.0,,,27.0,1
Lentil,2018-19,Pabna,2020,26804.0,,,12136.0,1
Lentil,2018-19,Panchagarh,2020,192.0,,,75.0,1
Lentil,2018-19,Patuakhali,2020,712.0,,,325.0,1
Lentil,2018-19,Pirojpur,2020,68.0,,,33.0,1
Lentil,2018-19,Rajbari,2020,17345.0,,,8923.0,1
Lentil,2018-19,Rajshahi,2020,44071.0,,,22627.0,1
Lentil,2018-19,Rangamati,2020,74.0,,,28.0,1
Lentil,2018-19,Rangpur,2020,220.0,,,113.0,1
Lentil,2018-19,Satkhira,2020,884.0,,,287.0,1
Lentil,2018-19,Shariatpur,2020,5523.0,,,2855.0,1
Lentil,2018-19,Sherpur,2020,139.0,,,49.0,1
Lentil,2018-19,Sirajganj,2020,6743.0,,,2665.0,1
Lentil,2018-19,Sunamganj,2020,0.0,,,0.0,1
Lentil,2018-19,Sylhet,2020,9.0,,,9.0,1
Lentil,2018-19,Tangail,2020,2740.0,,,759.0,1
Lentil,2018-19,Thakurgaon,2020,297.0,,,110.0,1
Maize,2016-17,Bagerhat,2020,384.0,,,816.0,1
Maize,2016-17,Bandarban,2020,741.0,,,575.0,1
Maize,2016-17,Barguna,2020,125.0,,,170.0,1
Maize,2016-17,Barishal,2020,322.0,,,557.0,1
Maize,2016-17,Bhola,2020,858.0,,,1011.0,1
Maize,2016-17,Bogura,2020,17710.0,,,43592.0,1
Maize,2016-17,Brahmanbaria,2020,0.0,,,0.0,1
Maize,2016-17,Chandpur,2020,15130.0,,,38570.0,1
Maize,2016-17,Chapainababganj,2020,14027.0,,,41157.0,1
Maize,2016-17,Chattogram,2020,226.0,,,618.0,1
Maize,2016-17,Chuadanga,2020,121679.0,,,474828.0,1
Maize,2016-17,Cox's Bazar,2020,205.0,,,425.0,1
Maize,2016-17,Cumilla,2020,22207.0,,,38589.0,1
Maize,2016-17,Dhaka,2020,11433.0,,,32392.0,1
Maize,2016-17,Dinajpur,2020,167625.0,,,530717.0,1
Maize,2016-17,Faridpur,2020,960.0,,,3516.0,1
Maize,2016-17,Feni,2020,7.0,,,4.0,1
Maize,2016-17,Gaibandha,2020,27234.0,,,85181.0,1
Maize,2016-17,Gazipur,2020,130.0,,,184.0,1
Maize,2016-17,Gopalganj,2020,16.0,,,12.0,1
Maize,2016-17,Habiganj,2020,15.0,,,27.0,1
Maize,2016-17,Jamalpur,2020,18304.0,,,74947.0,1
Maize,2016-17,Jashore,2020,767.0,,,2252.0,1
Maize,2016-17,Jhalokati,2020,176.0,,,257.0,1
Maize,2016-17,Jhenaidah,2020,31077.0,,,100385.0,1
Maize,2016-17,Joypurhat,2020,857.0,,,2156.0,1
Maize,2016-17,Khagrachhari,2020,1332.0,,,1495.0,1
Maize,2016-17,Khulna,2020,54.0,,,129.0,1
Maize,2016-17,Kishoreganj,2020,9871.0,,,28923.0,1
Maize,2016-17,Kurigram,2020,17740.0,,,49319.0,1
Maize,2016-17,Kushtia,2020,17870.0,,,58621.0,1
Maize,2016-17,Lakshmipur,2020,0.0,,,0.0,1
Maize,2016-17,Lalmonirhat,2020,67068.0,,,191225.0,1
Maize,2016-17,Madaripur,2020,156.0,,,349.0,1
Maize,2016-17,Magura,2020,38.0,,,86.0,1
Maize,2016-17,Manikganj,2020,49345.0,,,126457.0,1
Maize,2016-17,Meherpur,2020,18726.0,,,82783.0,1
Maize,2016-17,Moulvibazar,2020,8.0,,,16.0,1
Maize,2016-17,Munshiganj,2020,1782.0,,,3725.0,1
Maize,2016-17,Mymensingh,2020,889.0,,,2701.0,1
Maize,2016-17,Naogaon,2020,17112.0,,,60556.0,1
Maize,2016-17,Narail,2020,0.0,,,0.0,1
Maize,2016-17,Narayanganj,2020,139.0,,,227.0,1
Maize,2016-17,Narsingdi,2020,5.0,,,13.0,1
Maize,2016-17,Natore,2020,4153.0,,,7676.0,1
Maize,2016-17,Netrakona,2020,0.0,,,0.0,1
Maize,2016-17,Nilphamari,2020,45978.0,,,150029.0,1
Maize,2016-17,Noakhali,2020,3.0,,,3.0,1
Maize,2016-17,Pabna,2020,1719.0,,,3438.0,1
Maize,2016-17,Panchagarh,2020,45788.0,,,179313.0,1
Maize,2016-17,Patuakhali,2020,111.0,,,149.0,1
Maize,2016-17,Pirojpur,2020,619.0,,,1123.0,1
Maize,2016-17,Rajbari,2020,114.0,,,621.0,1
Maize,2016-17,Rajshahi,2020,33589.0,,,83188.0,1
Maize,2016-17,Rangamati,2020,1500.0,,,2612.0,1
Maize,2016-17,Rangpur,2020,56513.0,,,161567.0,1
Maize,2016-17,Satkhira,2020,189.0,,,560.0,1
Maize,2016-17,Shariatpur,2020,84.0,,,221.0,1
Maize,2016-17,Sherpur,2020,1013.0,,,2122.0,1
Maize,2016-17,Sirajganj,2020,23250.0,,,77918.0,1
Maize,2016-17,Sunamganj,2020,0.0,,,0.0,1
Maize,2016-17,Sylhet,2020,29.0,,,47.0,1
Maize,2016-17,Tangail,2020,2741.0,,,5923.0,1
Maize,2016-17,Thakurgaon,2020,91257.0,,,269319.0,1
Maize,2017-18,Bagerhat,2020,354.0,,,654.0,1
Maize,2017-18,Bandarban,2020,749.0,,,582.0,1
Maize,2017-18,Barguna,2020,128.0,,,228.0,1
Maize,2017-18,Barishal,2020,322.0,,,559.0,1
Maize,2017-18,Bhola,2020,390.0,,,633.0,1
Maize,2017-18,Bogura,2020,13798.0,,,37721.0,1
Maize,2017-18,Brahmanbaria,2020,75.0,,,7.0,1
Maize,2017-18,Chandpur,2020,16986.0,,,32345.0,1
Maize,2017-18,Chapainababganj,2020,14153.0,,,38862.0,1
Maize,2017-18,Chattogram,2020,63.0,,,143.0,1
Maize,2017-18,Chuadanga,2020,111093.0,,,437740.0,1
Maize,2017-18,Cox's Bazar,2020,0.0,,,0.0,1
Maize,2017-18,Cumilla,2020,19856.0,,,38783.0,1
Maize,2017-18,Dhaka,2020,11341.0,,,32256.0,1
Maize,2017-18,Dinajpur,2020,152687.0,,,498295.0,1
Maize,2017-18,Faridpur,2020,903.0,,,2378.0,1
Maize,2017-18,Feni,2020,90.0,,,207.0,1
Maize,2017-18,Gaibandha,2020,27744.0,,,88643.0,1
Maize,2017-18,Gazipur,2020,42.0,,,82.0,1
Maize,2017-18,Gopalganj,2020,81.0,,,259.0,1
Maize,2017-18,Habiganj,2020,16.0,,,28.0,1
Maize,2017-18,Jamalpur,2020,20742.0,,,82570.0,1
Maize,2017-18,Jashore,2020,868.0,,,2642.0,1
Maize,2017-18,Jhalokati,2020,140.0,,,247.0,1
Maize,2017-18,Jhenaidah,2020,36928.0,,,135062.0,1
Maize,2017-18,Joypurhat,2020,859.0,,,2158.0,1
Maize,2017-18,Khagrachhari,2020,1295.0,,,2443.0,1
Maize,2017-18,Khulna,2020,54.0,,,99.0,1
Maize,2017-18,Kishoreganj,2020,9307.0,,,2553.0,1
Maize,2017-18,Kurigram,2020,19552.0,,,57366.0,1
Maize,2017-18,Kushtia,2020,16018.0,,,59848.0,1
Maize,2017-18,Lakshmipur,2020,0.0,,,0.0,1
Maize,2017-18,Lalmonirhat,2020,77555.0,,,250864.0,1
Maize,2017-18,Madaripur,2020,153.0,,,523.0,1
Maize,2017-18,Magura,2020,118.0,,,218.0,1
Maize,2017-18,Manikganj,2020,52148.0,,,140675.0,1
Maize,2017-18,Meherpur,2020,21034.0,,,100678.0,1
Maize,2017-18,Moulvibazar,2020,9.0,,,17.0,1
Maize,2017-18,Munshiganj,2020,2250.0,,,4400.0,1
Maize,2017-18,Mymensingh,2020,288.0,,,753.0,1
Maize,2017-18,Naogaon,2020,17942.0,,,65428.0,1
Maize,2017-18,Narail,2020,0.0,,,0.0,1
Maize,2017-18,Narayanganj,2020,67.0,,,214.0,1
Maize,2017-18,Narsingdi,2020,38.0,,,2752.0,1
Maize,2017-18,Natore,2020,14246.0,,,44230.0,1
Maize,2017-18,Netrakona,2020,0.0,,,0.0,1
Maize,2017-18,Nilphamari,2020,52964.0,,,180901.0,1
Maize,2017-18,Noakhali,2020,0.0,,,0.0,1
Maize,2017-18,Pabna,2020,1808.0,,,4850.0,1
Maize,2017-18,Panchagarh,2020,46950.0,,,178980.0,1
Maize,2017-18,Patuakhali,2020,114.0,,,188.0,1
Maize,2017-18,Pirojpur,2020,625.0,,,1192.0,1
Maize,2017-18,Rajbari,2020,269.0,,,789.0,1
Maize,2017-18,Rajshahi,2020,33003.0,,,87143.0,1
Maize,2017-18,Rangamati,2020,1201.0,,,1775.0,1
Maize,2017-18,Rangpur,2020,61893.0,,,282888.0,1
Maize,2017-18,Satkhira,2020,157.0,,,5290.0,1
Maize,2017-18,Shariatpur,2020,53.0,,,110.0,1
Maize,2017-18,Sherpur,2020,1548.0,,,3477.0,1
Maize,2017-18,Sirajganj,2020,23171.0,,,78474.0,1
Maize,2017-18,Sunamganj,2020,0.0,,,0.0,1
Maize,2017-18,Sylhet,2020,29.0,,,28.0,1
Maize,2017-18,Tangail,2020,5439.0,,,14470.0,1
Maize,2017-18,Thakurgaon,2020,97876.0,,,281402.0,1
Maize,2018-19,Bagerhat,2020,388.0,,,827.0,1
Maize,2018-19,Bandarban,2020,750.0,,,585.0,1
Maize,2018-19,Barguna,2020,124.0,,,160.0,1
Maize,2018-19,Barishal,2020,320.0,,,554.0,1
Maize,2018-19,Bhola,2020,1005.0,,,1528.0,1
Maize,2018-19,Bogura,2020,14884.0,,,40763.0,1
Maize,2018-19,Brahmanbaria,2020,41.0,,,69.0,1
Maize,2018-19,Chandpur,2020,17794.0,,,53814.0,1
Maize,2018-19,Chapainababganj,2020,14959.0,,,40700.0,1
Maize,2018-19,Chattogram,2020,60.0,,,141.0,1
Maize,2018-19,Chuadanga,2020,116673.0,,,419932.0,1
Maize,2018-19,Cox's Bazar,2020,0.0,,,0.0,1
Maize,2018-19,Cumilla,2020,19731.0,,,37410.0,1
Maize,2018-19,Dhaka,2020,11432.0,,,26711.0,1
Maize,2018-19,Dinajpur,2020,162283.0,,,556322.0,1
Maize,2018-19,Faridpur,2020,648.0,,,1283.0,1
Maize,2018-19,Feni,2020,194.0,,,572.0,1
Maize,2018-19,Gaibandha,2020,32532.0,,,105238.0,1
Maize,2018-19,Gazipur,2020,18.0,,,36.0,1
Maize,2018-19,Gopalganj,2020,106.0,,,321.0,1
Maize,2018-19,Habiganj,2020,16.0,,,29.0,1
Maize,2018-19,Jamalpur,2020,25418.0,,,102588.0,1
Maize,2018-19,Jashore,2020,1028.0,,,3169.0,1
Maize,2018-19,Jhalokati,2020,140.0,,,248.0,1
Maize,2018-19,Jhenaidah,2020,42808.0,,,136509.0,1
Maize,2018-19,Joypurhat,2020,945.0,,,2328.0,1
Maize,2018-19,Khagrachhari,2020,1432.0,,,2710.0,1
Maize,2018-19,Khulna,2020,61.0,,,148.0,1
Maize,2018-19,Kishoreganj,2020,9499.0,,,27592.0,1
Maize,2018-19,Kurigram,2020,24451.0,,,73137.0,1
Maize,2018-19,Kushtia,2020,18438.0,,,69302.0,1
Maize,2018-19,Lakshmipur,2020,0.0,,,0.0,1
Maize,2018-19,Lalmonirhat,2020,86116.0,,,287725.0,1
Maize,2018-19,Madaripur,2020,413.0,,,4445.0,1
Maize,2018-19,Magura,2020,91.0,,,209.0,1
Maize,2018-19,Manikganj,2020,52651.0,,,153038.0,1
Maize,2018-19,Meherpur,2020,27614.0,,,123403.0,1
Maize,2018-19,Moulvibazar,2020,2.0,,,6.0,1
Maize,2018-19,Munshiganj,2020,6159.0,,,3617.0,1
Maize,2018-19,Mymensingh,2020,286.0,,,753.0,1
Maize,2018-19,Naogaon,2020,17241.0,,,63028.0,1
Maize,2018-19,Narail,2020,0.0,,,0.0,1
Maize,2018-19,Narayanganj,2020,67.0,,,212.0,1
Maize,2018-19,Narsingdi,2020,35.0,,,94.0,1
Maize,2018-19,Natore,2020,31320.0,,,73486.0,1
Maize,2018-19,Netrakona,2020,0.0,,,0.0,1
Maize,2018-19,Nilphamari,2020,52380.0,,,192352.0,1
Maize,2018-19,Noakhali,2020,54.0,,,57.0,1
Maize,2018-19,Pabna,2020,1824.0,,,4989.0,1
Maize,2018-19,Panchagarh,2020,52176.0,,,199756.0,1
Maize,2018-19,Patuakhali,2020,115.0,,,190.0,1
Maize,2018-19,Pirojpur,2020,580.0,,,1041.0,1
Maize,2018-19,Rajbari,2020,314.0,,,864.0,1
Maize,2018-19,Rajshahi,2020,36917.0,,,102765.0,1
Maize,2018-19,Rangamati,2020,1048.0,,,1735.0,1
Maize,2018-19,Rangpur,2020,62871.0,,,189163.0,1
Maize,2018-19,Satkhira,2020,110.0,,,302.0,1
Maize,2018-19,Shariatpur,2020,110.0,,,226.0,1
Maize,2018-19,Sherpur,2020,2144.0,,,4946.0,1
Maize,2018-19,Sirajganj,2020,25357.0,,,93630.0,1
Maize,2018-19,Sunamganj,2020,0.0,,,0.0,1
Maize,2018-19,Sylhet,2020,29.0,,,28.0,1
Maize,2018-19,Tangail,2020,7970.0,,,21014.0,1
Maize,2018-19,Thakurgaon,2020,115712.0,,,341521.0,1
Mung,2016-17,Bagerhat,2020,515.0,,,143.0,1
Mung,2016-17,Bandarban,2020,48.0,,,18.0,1
Mung,2016-17,Barguna,2020,2726.0,,,806.0,1
Mung,2016-17,Barishal,2020,9900.0,,,4284.0,1
Mung,2016-17,Bhola,2020,24815.0,,,8737.0,1
Mung,2016-17,Bogura,2020,14.0,,,5.0,1
Mung,2016-17,Brahmanbaria,2020,37.0,,,17.0,1
Mung,2016-17,Chandpur,2020,154.0,,,60.0,1
Mung,2016-17,Chapainababganj,2020,52.0,,,14.0,1
Mung,2016-17,Chattogram,2020,1639.0,,,487.0,1
Mung,2016-17,Chuadanga,2020,600.0,,,408.0,1
Mung,2016-17,Cox's Bazar,2020,0.0,,,0.0,1
Mung,2016-17,Cumilla,2020,4.0,,,3.0,1
Mung,2016-17,Dhaka,2020,72.0,,,25.0,1
Mung,2016-17,Dinajpur,2020,80.0,,,28.0,1
Mung,2016-17,Faridpur,2020,1002.0,,,367.0,1
Mung,2016-17,Feni,2020,435.0,,,107.0,1
Mung,2016-17,Gaibandha,2020,106.0,,,50.0,1
Mung,2016-17,Gazipur,2020,91.0,,,24.0,1
Mung,2016-17,Gopalganj,2020,230.0,,,94.0,1
Mung,2016-17,Habiganj,2020,0.0,,,0.0,1
Mung,2016-17,Jamalpur,2020,92.0,,,30.0,1
Mung,2016-17,Jashore,2020,1804.0,,,697.0,1
Mung,2016-17,Jhalokati,2020,1227.0,,,318.0,1
Mung,2016-17,Jhenaidah,2020,1680.0,,,732.0,1
Mung,2016-17,Joypurhat,2020,20.0,,,6.0,1
Mung,2016-17,Khagrachhari,2020,0.0,,,0.0,1
Mung,2016-17,Khulna,2020,148.0,,,44.0,1
Mung,2016-17,Kishoreganj,2020,246.0,,,91.0,1
Mung,2016-17,Kurigram,2020,150.0,,,58.0,1
Mung,2016-17,Kushtia,2020,158.0,,,84.0,1
Mung,2016-17,Lakshmipur,2020,1606.0,,,393.0,1
Mung,2016-17,Lalmonirhat,2020,57.0,,,32.0,1
Mung,2016-17,Madaripur,2020,447.0,,,147.0,1
Mung,2016-17,Magura,2020,118.0,,,38.0,1
Mung,2016-17,Manikganj,2020,252.0,,,75.0,1
Mung,2016-17,Meherpur,2020,71.0,,,25.0,1
Mung,2016-17,Moulvibazar,2020,11.0,,,3.0,1
Mung,2016-17,Munshiganj,2020,0.0,,,0.0,1
Mung,2016-17,Mymensingh,2020,203.0,,,84.0,1
Mung,2016-17,Naogaon,2020,169.0,,,71.0,1
Mung,2016-17,Narail,2020,239.0,,,72.0,1
Mung,2016-17,Narayanganj,2020,29.0,,,12.0,1
Mung,2016-17,Narsingdi,2020,37.0,,,11.0,1
Mung,2016-17,Natore,2020,21879.0,,,7262.0,1
Mung,2016-17,Netrakona,2020,0.0,,,0.0,1
Mung,2016-17,Nilphamari,2020,9.0,,,7.0,1
Mung,2016-17,Noakhali,2020,2196.0,,,579.0,1
Mung,2016-17,Pabna,2020,488.0,,,196.0,1
Mung,2016-17,Panchagarh,2020,224.0,,,93.0,1
Mung,2016-17,Patuakhali,2020,13585.0,,,1980.0,1
Mung,2016-17,Pirojpur,2020,569.0,,,191.0,1
Mung,2016-17,Rajbari,2020,166.0,,,65.0,1
Mung,2016-17,Rajshahi,2020,11386.0,,,5490.0,1
Mung,2016-17,Rangamati,2020,0.0,,,0.0,1
Mung,2016-17,Rangpur,2020,88.0,,,43.0,1
Mung,2016-17,Satkhira,2020,24.0,,,6.0,1
Mung,2016-17,Shariatpur,2020,250.0,,,122.0,1
Mung,2016-17,Sherpur,2020,9.0,,,3.0,1
Mung,2016-17,Sirajganj,2020,0.0,,,0.0,1
Mung,2016-17,Sunamganj,2020,0.0,,,0.0,1
Mung,2016-17,Sylhet,2020,6.0,,,2.0,1
Mung,2016-17,Tangail,2020,0.0,,,0.0,1
Mung,2016-17,Thakurgaon,2020,148.0,,,44.0,1
Mung,2017-18,Bagerhat,2020,489.0,,,134.0,1
Mung,2017-18,Bandarban,2020,48.0,,,18.0,1
Mung,2017-18,Barguna,2020,2650.0,,,823.0,1
Mung,2017-18,Barishal,2020,9585.0,,,3380.0,1
Mung,2017-18,Bhola,2020,24261.0,,,9833.0,1
Mung,2017-18,Bogura,2020,17.0,,,5.0,1
Mung,2017-18,Brahmanbaria,2020,36.0,,,18.0,1
Mung,2017-18,Chandpur,2020,154.0,,,60.0,1
Mung,2017-18,Chapainababganj,2020,55.0,,,17.0,1
Mung,2017-18,Chattogram,2020,1641.0,,,488.0,1
Mung,2017-18,Chuadanga,2020,606.0,,,400.0,1
Mung,2017-18,Cox's Bazar,2020,0.0,,,0.0,1
Mung,2017-18,Cumilla,2020,5.0,,,3.0,1
Mung,2017-18,Dhaka,2020,62.0,,,37.0,1
Mung,2017-18,Dinajpur,2020,42.0,,,17.0,1
Mung,2017-18,Faridpur,2020,950.0,,,328.0,1
Mung,2017-18,Feni,2020,440.0,,,110.0,1
Mung,2017-18,Gaibandha,2020,130.0,,,56.0,1
Mung,2017-18,Gazipur,2020,87.0,,,22.0,1
Mung,2017-18,Gopalganj,2020,230.0,,,97.0,1
Mung,2017-18,Habiganj,2020,0.0,,,0.0,1
Mung,2017-18,Jamalpur,2020,92.0,,,31.0,1
Mung,2017-18,Jashore,2020,1740.0,,,678.0,1
Mung,2017-18,Jhalokati,2020,1247.0,,,310.0,1
Mung,2017-18,Jhenaidah,2020,1600.0,,,680.0,1
Mung,2017-18,Joypurhat,2020,20.0,,,6.0,1
Mung,2017-18,Khagrachhari,2020,0.0,,,0.0,1
Mung,2017-18,Khulna,2020,86.0,,,24.0,1
Mung,2017-18,Kishoreganj,2020,263.0,,,98.0,1
Mung,2017-18,Kurigram,2020,138.0,,,50.0,1
Mung,2017-18,Kushtia,2020,162.0,,,85.0,1
Mung,2017-18,Lakshmipur,2020,1589.0,,,390.0,1
Mung,2017-18,Lalmonirhat,2020,65.0,,,35.0,1
Mung,2017-18,Madaripur,2020,485.0,,,157.0,1
Mung,2017-18,Magura,2020,121.0,,,38.0,1
Mung,2017-18,Manikganj,2020,253.0,,,77.0,1
Mung,2017-18,Meherpur,2020,70.0,,,26.0,1
Mung,2017-18,Moulvibazar,2020,11.0,,,3.0,1
Mung,2017-18,Munshiganj,2020,48.0,,,14.0,1
Mung,2017-18,Mymensingh,2020,198.0,,,81.0,1
Mung,2017-18,Naogaon,2020,163.0,,,73.0,1
Mung,2017-18,Narail,2020,546.0,,,171.0,1
Mung,2017-18,Narayanganj,2020,29.0,,,12.0,1
Mung,2017-18,Narsingdi,2020,17.0,,,10.0,1
Mung,2017-18,Natore,2020,15879.0,,,5062.0,1
Mung,2017-18,Netrakona,2020,18.0,,,5.0,1
Mung,2017-18,Nilphamari,2020,0.0,,,0.0,1
Mung,2017-18,Noakhali,2020,2149.0,,,534.0,1
Mung,2017-18,Pabna,2020,503.0,,,202.0,1
Mung,2017-18,Panchagarh,2020,232.0,,,102.0,1
Mung,2017-18,Patuakhali,2020,12607.0,,,4629.0,1
Mung,2017-18,Pirojpur,2020,591.0,,,208.0,1
Mung,2017-18,Rajbari,2020,153.0,,,60.0,1
Mung,2017-18,Rajshahi,2020,9577.0,,,4198.0,1
Mung,2017-18,Rangamati,2020,0.0,,,0.0,1
Mung,2017-18,Rangpur,2020,78.0,,,35.0,1
Mung,2017-18,Satkhira,2020,23.0,,,6.0,1
Mung,2017-18,Shariatpur,2020,231.0,,,111.0,1
Mung,2017-18,Sherpur,2020,10.0,,,3.0,1
Mung,2017-18,Sirajganj,2020,0.0,,,0.0,1
Mung,2017-18,Sunamganj,2020,0.0,,,0.0,1
Mung,2017-18,Sylhet,2020,6.0,,,2.0,1
Mung,2017-18,Tangail,2020,0.0,,,0.0,1
Mung,2017-18,Thakurgaon,2020,167.0,,,50.0,1
Mung,2018-19,Bagerhat,2020,514.0,,,146.0,1
Mung,2018-19,Bandarban,2020,45.0,,,17.0,1
Mung,2018-19,Barguna,2020,17770.0,,,2100.0,1
Mung,2018-19,Barishal,2020,9584.0,,,3452.0,1
Mung,2018-19,Bhola,2020,24062.0,,,8948.0,1
Mung,2018-19,Bogura,2020,14.0,,,4.0,1
Mung,2018-19,Brahmanbaria,2020,33.0,,,16.0,1
Mung,2018-19,Chandpur,2020,157.0,,,62.0,1
Mung,2018-19,Chapainababganj,2020,31.0,,,9.0,1
Mung,2018-19,Chattogram,2020,1649.0,,,489.0,1
Mung,2018-19,Chuadanga,2020,596.0,,,393.0,1
Mung,2018-19,Cox's Bazar,2020,0.0,,,0.0,1
Mung,2018-19,Cumilla,2020,4.0,,,3.0,1
Mung,2018-19,Dhaka,2020,60.0,,,33.0,1
Mung,2018-19,Dinajpur,2020,31.0,,,8.0,1
Mung,2018-19,Faridpur,2020,942.0,,,320.0,1
Mung,2018-19,Feni,2020,404.0,,,118.0,1
Mung,2018-19,Gaibandha,2020,128.0,,,56.0,1
Mung,2018-19,Gazipur,2020,132.0,,,35.0,1
Mung,2018-19,Gopalganj,2020,230.0,,,98.0,1
Mung,2018-19,Habiganj,2020,0.0,,,0.0,1
Mung,2018-19,Jamalpur,2020,94.0,,,32.0,1
Mung,2018-19,Jashore,2020,1693.0,,,652.0,1
Mung,2018-19,Jhalokati,2020,1248.0,,,400.0,1
Mung,2018-19,Jhenaidah,2020,1639.0,,,696.0,1
Mung,2018-19,Joypurhat,2020,20.0,,,6.0,1
Mung,2018-19,Khagrachhari,2020,0.0,,,0.0,1
Mung,2018-19,Khulna,2020,229.0,,,67.0,1
Mung,2018-19,Kishoreganj,2020,232.0,,,88.0,1
Mung,2018-19,Kurigram,2020,140.0,,,50.0,1
Mung,2018-19,Kushtia,2020,162.0,,,84.0,1
Mung,2018-19,Lakshmipur,2020,1557.0,,,383.0,1
Mung,2018-19,Lalmonirhat,2020,65.0,,,36.0,1
Mung,2018-19,Madaripur,2020,481.0,,,155.0,1
Mung,2018-19,Magura,2020,132.0,,,43.0,1
Mung,2018-19,Manikganj,2020,255.0,,,79.0,1
Mung,2018-19,Meherpur,2020,53.0,,,19.0,1
Mung,2018-19,Moulvibazar,2020,12.0,,,4.0,1
Mung,2018-19,Munshiganj,2020,5.0,,,2.0,1
Mung,2018-19,Mymensingh,2020,156.0,,,56.0,1
Mung,2018-19,Naogaon,2020,164.0,,,78.0,1
Mung,2018-19,Narail,2020,398.0,,,158.0,1
Mung,2018-19,Narayanganj,2020,30.0,,,12.0,1
Mung,2018-19,Narsingdi,2020,0.0,,,0.0,1
Mung,2018-19,Natore,2020,10731.0,,,4305.0,1
Mung,2018-19,Netrakona,2020,19.0,,,6.0,1
Mung,2018-19,Nilphamari,2020,10.0,,,7.0,1
Mung,2018-19,Noakhali,2020,1880.0,,,456.0,1
Mung,2018-19,Pabna,2020,516.0,,,207.0,1
Mung,2018-19,Panchagarh,2020,248.0,,,114.0,1
Mung,2018-19,Patuakhali,2020,12610.0,,,4690.0,1
Mung,2018-19,Pirojpur,2020,557.0,,,194.0,1
Mung,2018-19,Rajbari,2020,188.0,,,73.0,1
Mung,2018-19,Rajshahi,2020,9696.0,,,4293.0,1
Mung,2018-19,Rangamati,2020,0.0,,,0.0,1
Mung,2018-19,Rangpur,2020,75.0,,,33.0,1
Mung,2018-19,Satkhira,2020,23.0,,,6.0,1
Mung,2018-19,Shariatpur,2020,228.0,,,110.0,1
Mung,2018-19,Sherpur,2020,9.0,,,3.0,1
Mung,2018-19,Sirajganj,2020,0.0,,,0.0,1
Mung,2018-19,Sunamganj,2020,0.0,,,0.0,1
Mung,2018-19,Sylhet,2020,0.0,,,0.0,1
Mung,2018-19,Tangail,2020,0.0,,,0.0,1
Mung,2018-19,Thakurgaon,2020,168.0,,,51.0,1
Mustard,2016-17,Bagerhat,2020,1720.0,,,652.0,1
Mustard,2016-17,Bandarban,2020,308.0,,,78.0,1
Mustard,2016-17,Barguna,2020,95.0,,,54.0,1
Mustard,2016-17,Barishal,2020,1969.0,,,804.0,1
Mustard,2016-17,Bhola,2020,1783.0,,,862.0,1
Mustard,2016-17,Bogura,2020,39868.0,,,17933.0,1
Mustard,2016-17,Brahmanbaria,2020,26864.0,,,18276.0,1
Mustard,2016-17,Chandpur,2020,5868.0,,,3079.0,1
Mustard,2016-17,Chapainababganj,2020,19111.0,,,7559.0,1
Mustard,2016-17,Chattogram,2020,792.0,,,209.0,1
Mustard,2016-17,Chuadanga,2020,4566.0,,,2814.0,1
Mustard,2016-17,Cox's Bazar,2020,391.0,,,209.0,1
Mustard,2016-17,Cumilla,2020,8464.0,,,4035.0,1
Mustard,2016-17,Dhaka,2020,58473.0,,,22554.0,1
Mustard,2016-17,Dinajpur,2020,27033.0,,,14622.0,1
Mustard,2016-17,Faridpur,2020,18500.0,,,5173.0,1
Mustard,2016-17,Feni,2020,560.0,,,175.0,1
Mustard,2016-17,Gaibandha,2020,6677.0,,,2742.0,1
Mustard,2016-17,Gazipur,2020,3962.0,,,1036.0,1
Mustard,2016-17,Gopalganj,2020,9082.0,,,3188.0,1
Mustard,2016-17,Habiganj,2020,1929.0,,,769.0,1
Mustard,2016-17,Jamalpur,2020,18718.0,,,7728.0,1
Mustard,2016-17,Jashore,2020,24905.0,,,9836.0,1
Mustard,2016-17,Jhalokati,2020,549.0,,,182.0,1
Mustard,2016-17,Jhenaidah,2020,7996.0,,,3841.0,1
Mustard,2016-17,Joypurhat,2020,5544.0,,,3665.0,1
Mustard,2016-17,Khagrachhari,2020,344.0,,,117.0,1
Mustard,2016-17,Khulna,2020,709.0,,,256.0,1
Mustard,2016-17,Kishoreganj,2020,1872.0,,,763.0,1
Mustard,2016-17,Kurigram,2020,11620.0,,,4711.0,1
Mustard,2016-17,Kushtia,2020,7107.0,,,4248.0,1
Mustard,2016-17,Lakshmipur,2020,221.0,,,75.0,1
Mustard,2016-17,Lalmonirhat,2020,1926.0,,,1008.0,1
Mustard,2016-17,Madaripur,2020,14081.0,,,6171.0,1
Mustard,2016-17,Magura,2020,11557.0,,,3860.0,1
Mustard,2016-17,Manikganj,2020,48243.0,,,20123.0,1
Mustard,2016-17,Meherpur,2020,15332.0,,,8633.0,1
Mustard,2016-17,Moulvibazar,2020,736.0,,,2241.0,1
Mustard,2016-17,Munshiganj,2020,5432.0,,,2474.0,1
Mustard,2016-17,Mymensingh,2020,3437.0,,,1413.0,1
Mustard,2016-17,Naogaon,2020,53375.0,,,28359.0,1
Mustard,2016-17,Narail,2020,7898.0,,,2688.0,1
Mustard,2016-17,Narayanganj,2020,1823.0,,,702.0,1
Mustard,2016-17,Narsingdi,2020,4199.0,,,1535.0,1
Mustard,2016-17,Natore,2020,6146.0,,,2413.0,1
Mustard,2016-17,Netrakona,2020,2292.0,,,1117.0,1
Mustard,2016-17,Nilphamari,2020,2315.0,,,1406.0,1
Mustard,2016-17,Noakhali,2020,44.0,,,9.0,1
Mustard,2016-17,Pabna,2020,40296.0,,,14986.0,1
Mustard,2016-17,Panchagarh,2020,2709.0,,,1252.0,1
Mustard,2016-17,Patuakhali,2020,111.0,,,25.0,1
Mustard,2016-17,Pirojpur,2020,97.0,,,25.0,1
Mustard,2016-17,Rajbari,2020,5142.0,,,2258.0,1
Mustard,2016-17,Rajshahi,2020,38732.0,,,8495.0,1
Mustard,2016-17,Rangamati,2020,526.0,,,272.0,1
Mustard,2016-17,Rangpur,2020,4699.0,,,2278.0,1
Mustard,2016-17,Satkhira,2020,12757.0,,,6654.0,1
Mustard,2016-17,Shariatpur,2020,13116.0,,,6289.0,1
Mustard,2016-17,Sherpur,2020,5195.0,,,2406.0,1
Mustard,2016-17,Sirajganj,2020,122525.0,,,54164.0,1
Mustard,2016-17,Sunamganj,2020,1298.0,,,475.0,1
Mustard,2016-17,Sylhet,2020,2618.0,,,1763.0,1
Mustard,2016-17,Tangail,2020,71992.0,,,29701.0,1
Mustard,2016-17,Thakurgaon,2020,13011.0,,,5420.0,1
Mustard,2017-18,Bagerhat,2020,1690.0,,,640.0,1
Mustard,2017-18,Bandarban,2020,308.0,,,79.0,1
Mustard,2017-18,Barguna,2020,92.0,,,53.0,1
Mustard,2017-18,Barishal,2020,1838.0,,,753.0,1
Mustard,2017-18,Bhola,2020,2117.0,,,1035.0,1
Mustard,2017-18,Bogura,2020,39995.0,,,19309.0,1
Mustard,2017-18,Brahmanbaria,2020,19525.0,,,15208.0,1
Mustard,2017-18,Chandpur,2020,3918.0,,,1826.0,1
Mustard,2017-18,Chapainababganj,2020,19111.0,,,6519.0,1
Mustard,2017-18,Chattogram,2020,794.0,,,210.0,1
Mustard,2017-18,Chuadanga,2020,4428.0,,,3631.0,1
Mustard,2017-18,Cox's Bazar,2020,381.0,,,204.0,1
Mustard,2017-18,Cumilla,2020,7422.0,,,3592.0,1
Mustard,2017-18,Dhaka,2020,24270.0,,,10025.0,1
Mustard,2017-18,Dinajpur,2020,30499.0,,,16379.0,1
Mustard,2017-18,Faridpur,2020,19719.0,,,6325.0,1
Mustard,2017-18,Feni,2020,547.0,,,177.0,1
Mustard,2017-18,Gaibandha,2020,4771.0,,,2040.0,1
Mustard,2017-18,Gazipur,2020,3949.0,,,1529.0,1
Mustard,2017-18,Gopalganj,2020,9082.0,,,3188.0,1
Mustard,2017-18,Habiganj,2020,1972.0,,,805.0,1
Mustard,2017-18,Jamalpur,2020,23034.0,,,9512.0,1
Mustard,2017-18,Jashore,2020,22034.0,,,8578.0,1
Mustard,2017-18,Jhalokati,2020,568.0,,,208.0,1
Mustard,2017-18,Jhenaidah,2020,7568.0,,,3545.0,1
Mustard,2017-18,Joypurhat,2020,5771.0,,,4793.0,1
Mustard,2017-18,Khagrachhari,2020,352.0,,,122.0,1
Mustard,2017-18,Khulna,2020,703.0,,,251.0,1
Mustard,2017-18,Kishoreganj,2020,1664.0,,,641.0,1
Mustard,2017-18,Kurigram,2020,10262.0,,,5916.0,1
Mustard,2017-18,Kushtia,2020,6575.0,,,3924.0,1
Mustard,2017-18,Lakshmipur,2020,223.0,,,68.0,1
Mustard,2017-18,Lalmonirhat,2020,1925.0,,,1011.0,1
Mustard,2017-18,Madaripur,2020,16348.0,,,7307.0,1
Mustard,2017-18,Magura,2020,11566.0,,,4416.0,1
Mustard,2017-18,Manikganj,2020,46183.0,,,19782.0,1
Mustard,2017-18,Meherpur,2020,13130.0,,,7483.0,1
Mustard,2017-18,Moulvibazar,2020,736.0,,,2243.0,1
Mustard,2017-18,Munshiganj,2020,5378.0,,,2461.0,1
Mustard,2017-18,Mymensingh,2020,5892.0,,,1306.0,1
Mustard,2017-18,Naogaon,2020,53833.0,,,28455.0,1
Mustard,2017-18,Narail,2020,6221.0,,,2485.0,1
Mustard,2017-18,Narayanganj,2020,1818.0,,,700.0,1
Mustard,2017-18,Narsingdi,2020,3860.0,,,1425.0,1
Mustard,2017-18,Natore,2020,5476.0,,,2157.0,1
Mustard,2017-18,Netrakona,2020,2314.0,,,1146.0,1
Mustard,2017-18,Nilphamari,2020,2210.0,,,1321.0,1
Mustard,2017-18,Noakhali,2020,41.0,,,8.0,1
Mustard,2017-18,Pabna,2020,38815.0,,,14141.0,1
Mustard,2017-18,Panchagarh,2020,2686.0,,,1245.0,1
Mustard,2017-18,Patuakhali,2020,98.0,,,52.0,1
Mustard,2017-18,Pirojpur,2020,97.0,,,32.0,1
Mustard,2017-18,Rajbari,2020,2665.0,,,1146.0,1
Mustard,2017-18,Rajshahi,2020,37535.0,,,19989.0,1
Mustard,2017-18,Rangamati,2020,502.0,,,259.0,1
Mustard,2017-18,Rangpur,2020,4720.0,,,2258.0,1
Mustard,2017-18,Satkhira,2020,13269.0,,,6981.0,1
Mustard,2017-18,Shariatpur,2020,12194.0,,,6156.0,1
Mustard,2017-18,Sherpur,2020,5284.0,,,2406.0,1
Mustard,2017-18,Sirajganj,2020,120576.0,,,52726.0,1
Mustard,2017-18,Sunamganj,2020,1301.0,,,478.0,1
Mustard,2017-18,Sylhet,2020,2475.0,,,1779.0,1
Mustard,2017-18,Tangail,2020,55961.0,,,23198.0,1
Mustard,2017-18,Thakurgaon,2020,9583.0,,,3900.0,1
Mustard,2018-19,Bagerhat,2020,1733.0,,,664.0,1
Mustard,2018-19,Bandarban,2020,308.0,,,79.0,1
Mustard,2018-19,Barguna,2020,95.0,,,50.0,1
Mustard,2018-19,Barishal,2020,1840.0,,,760.0,1
Mustard,2018-19,Bhola,2020,2114.0,,,1100.0,1
Mustard,2018-19,Bogura,2020,39972.0,,,19295.0,1
Mustard,2018-19,Brahmanbaria,2020,24003.0,,,15929.0,1
Mustard,2018-19,Chandpur,2020,3871.0,,,1710.0,1
Mustard,2018-19,Chapainababganj,2020,15675.0,,,5075.0,1
Mustard,2018-19,Chattogram,2020,792.0,,,207.0,1
Mustard,2018-19,Chuadanga,2020,4283.0,,,2706.0,1
Mustard,2018-19,Cox's Bazar,2020,300.0,,,76.0,1
Mustard,2018-19,Cumilla,2020,7016.0,,,3348.0,1
Mustard,2018-19,Dhaka,2020,28890.0,,,13086.0,1
Mustard,2018-19,Dinajpur,2020,29668.0,,,16222.0,1
Mustard,2018-19,Faridpur,2020,19669.0,,,6325.0,1
Mustard,2018-19,Feni,2020,671.0,,,239.0,1
Mustard,2018-19,Gaibandha,2020,3948.0,,,1780.0,1
Mustard,2018-19,Gazipur,2020,2637.0,,,1231.0,1
Mustard,2018-19,Gopalganj,2020,9007.0,,,3181.0,1
Mustard,2018-19,Habiganj,2020,541.0,,,270.0,1
Mustard,2018-19,Jamalpur,2020,23396.0,,,9620.0,1
Mustard,2018-19,Jashore,2020,2889.0,,,824.0,1
Mustard,2018-19,Jhalokati,2020,552.0,,,184.0,1
Mustard,2018-19,Jhenaidah,2020,1980.0,,,1147.0,1
Mustard,2018-19,Joypurhat,2020,5678.0,,,4142.0,1
Mustard,2018-19,Khagrachhari,2020,365.0,,,136.0,1
Mustard,2018-19,Khulna,2020,353.0,,,120.0,1
Mustard,2018-19,Kishoreganj,2020,1654.0,,,637.0,1
Mustard,2018-19,Kurigram,2020,10205.0,,,4870.0,1
Mustard,2018-19,Kushtia,2020,5912.0,,,3740.0,1
Mustard,2018-19,Lakshmipur,2020,223.0,,,68.0,1
Mustard,2018-19,Lalmonirhat,2020,1153.0,,,741.0,1
Mustard,2018-19,Madaripur,2020,16052.0,,,7461.0,1
Mustard,2018-19,Magura,2020,10365.0,,,3946.0,1
Mustard,2018-19,Manikganj,2020,37126.0,,,15216.0,1
Mustard,2018-19,Meherpur,2020,12211.0,,,7304.0,1
Mustard,2018-19,Moulvibazar,2020,736.0,,,2245.0,1
Mustard,2018-19,Munshiganj,2020,3963.0,,,1842.0,1
Mustard,2018-19,Mymensingh,2020,2892.0,,,1306.0,1
Mustard,2018-19,Naogaon,2020,53429.0,,,28546.0,1
Mustard,2018-19,Narail,2020,8054.0,,,3202.0,1
Mustard,2018-19,Narayanganj,2020,1816.0,,,695.0,1
Mustard,2018-19,Narsingdi,2020,2653.0,,,1260.0,1
Mustard,2018-19,Natore,2020,5927.0,,,2313.0,1
Mustard,2018-19,Netrakona,2020,2369.0,,,1080.0,1
Mustard,2018-19,Nilphamari,2020,2442.0,,,1319.0,1
Mustard,2018-19,Noakhali,2020,39.0,,,9.0,1
Mustard,2018-19,Pabna,2020,40157.0,,,14747.0,1
Mustard,2018-19,Panchagarh,2020,2568.0,,,1215.0,1
Mustard,2018-19,Patuakhali,2020,100.0,,,50.0,1
Mustard,2018-19,Pirojpur,2020,94.0,,,31.0,1
Mustard,2018-19,Rajbari,2020,2689.0,,,1157.0,1
Mustard,2018-19,Rajshahi,2020,36652.0,,,19506.0,1
Mustard,2018-19,Rangamati,2020,338.0,,,217.0,1
Mustard,2018-19,Rangpur,2020,4687.0,,,2237.0,1
Mustard,2018-19,Satkhira,2020,13341.0,,,6748.0,1
Mustard,2018-19,Shariatpur,2020,10820.0,,,5435.0,1
Mustard,2018-19,Sherpur,2020,5517.0,,,2567.0,1
Mustard,2018-19,Sirajganj,2020,122920.0,,,53793.0,1
Mustard,2018-19,Sunamganj,2020,1302.0,,,478.0,1
Mustard,2018-19,Sylhet,2020,1737.0,,,965.0,1
Mustard,2018-19,Tangail,2020,5410.0,,,2168.0,1
Mustard,2018-19,Thakurgaon,2020,7443.0,,,3120.0,1
Onion,2016-17,Bagerhat,2020,346.0,,,755.0,1
Onion,2016-17,Bandarban,2020,117.0,,,174.0,1
Onion,2016-17,Barguna,2020,106.0,,,124.0,1
Onion,2016-17,Barishal,2020,408.0,,,505.0,1
Onion,2016-17,Bhola,2020,1421.0,,,2560.0,1
Onion,2016-17,Bogura,2020,4548.0,,,10350.0,1
Onion,2016-17,Brahmanbaria,2020,1318.0,,,2698.0,1
Onion,2016-17,Chandpur,2020,1692.0,,,3609.0,1
Onion,2016-17,Chapainababganj,2020,6438.0,,,23558.0,1
Onion,2016-17,Chattogram,2020,167.0,,,241.0,1
Onion,2016-17,Chuadanga,2020,1564.0,,,8765.0,1
Onion,2016-17,Cox's Bazar,2020,87.0,,,141.0,1
Onion,2016-17,Cumilla,2020,504.0,,,1465.0,1
Onion,2016-17,Dhaka,2020,1266.0,,,6405.0,1
Onion,2016-17,Dinajpur,2020,5655.0,,,18931.0,1
Onion,2016-17,Faridpur,2020,81970.0,,,385669.0,1
Onion,2016-17,Feni,2020,29.0,,,22.0,1
Onion,2016-17,Gaibandha,2020,2622.0,,,6292.0,1
Onion,2016-17,Gazipur,2020,409.0,,,782.0,1
Onion,2016-17,Gopalganj,2020,5068.0,,,14808.0,1
Onion,2016-17,Habiganj,2020,221.0,,,629.0,1
Onion,2016-17,Jamalpur,2020,3886.0,,,10667.0,1
Onion,2016-17,Jashore,2020,3248.0,,,13475.0,1
Onion,2016-17,Jhalokati,2020,83.0,,,127.0,1
Onion,2016-17,Jhenaidah,2020,16236.0,,,84176.0,1
Onion,2016-17,Joypurhat,2020,1848.0,,,5331.0,1
Onion,2016-17,Khagrachhari,2020,44.0,,,71.0,1
Onion,2016-17,Khulna,2020,336.0,,,656.0,1
Onion,2016-17,Kishoreganj,2020,1282.0,,,4031.0,1
Onion,2016-17,Kurigram,2020,1420.0,,,3323.0,1
Onion,2016-17,Kushtia,2020,25726.0,,,127547.0,1
Onion,2016-17,Lakshmipur,2020,434.0,,,788.0,1
Onion,2016-17,Lalmonirhat,2020,1180.0,,,3730.0,1
Onion,2016-17,Madaripur,2020,9606.0,,,51830.0,1
Onion,2016-17,Magura,2020,13897.0,,,55454.0,1
Onion,2016-17,Manikganj,2020,17808.0,,,48103.0,1
Onion,2016-17,Meherpur,2020,7265.0,,,73473.0,1
Onion,2016-17,Moulvibazar,2020,79.0,,,160.0,1
Onion,2016-17,Munshiganj,2020,526.0,,,953.0,1
Onion,2016-17,Mymensingh,2020,1517.0,,,3963.0,1
Onion,2016-17,Naogaon,2020,7016.0,,,26430.0,1
Onion,2016-17,Narail,2020,1552.0,,,4680.0,1
Onion,2016-17,Narayanganj,2020,655.0,,,1410.0,1
Onion,2016-17,Narsingdi,2020,375.0,,,661.0,1
Onion,2016-17,Natore,2020,5493.0,,,18192.0,1
Onion,2016-17,Netrakona,2020,783.0,,,2074.0,1
Onion,2016-17,Nilphamari,2020,2184.0,,,8024.0,1
Onion,2016-17,Noakhali,2020,398.0,,,593.0,1
Onion,2016-17,Pabna,2020,104916.0,,,431091.0,1
Onion,2016-17,Panchagarh,2020,3018.0,,,9857.0,1
Onion,2016-17,Patuakhali,2020,106.0,,,82.0,1
Onion,2016-17,Pirojpur,2020,53.0,,,65.0,1
Onion,2016-17,Rajbari,2020,64638.0,,,169417.0,1
Onion,2016-17,Rajshahi,2020,27571.0,,,160873.0,1
Onion,2016-17,Rangamati,2020,100.0,,,175.0,1
Onion,2016-17,Rangpur,2020,4529.0,,,14952.0,1
Onion,2016-17,Satkhira,2020,1036.0,,,3335.0,1
Onion,2016-17,Shariatpur,2020,6141.0,,,23576.0,1
Onion,2016-17,Sherpur,2020,1197.0,,,3426.0,1
Onion,2016-17,Sirajganj,2020,1492.0,,,4125.0,1
Onion,2016-17,Sunamganj,2020,317.0,,,811.0,1
Onion,2016-17,Sylhet,2020,135.0,,,150.0,1
Onion,2016-17,Tangail,2020,2006.0,,,4177.0,1
Onion,2016-17,Thakurgaon,2020,881.0,,,1985.0,1
Onion,2017-18,Bagerhat,2020,345.0,,,752.0,1
Onion,2017-18,Bandarban,2020,119.0,,,179.0,1
Onion,2017-18,Barguna,2020,108.0,,,128.0,1
Onion,2017-18,Barishal,2020,564.0,,,625.0,1
Onion,2017-18,Bhola,2020,1372.0,,,2648.0,1
Onion,2017-18,Bogura,2020,4721.0,,,10824.0,1
Onion,2017-18,Brahmanbaria,2020,354.0,,,1012.0,1
Onion,2017-18,Chandpur,2020,1672.0,,,4336.0,1
Onion,2017-18,Chapainababganj,2020,6440.0,,,23500.0,1
Onion,2017-18,Chattogram,2020,172.0,,,248.0,1
Onion,2017-18,Chuadanga,2020,1603.0,,,9244.0,1
Onion,2017-18,Cox's Bazar,2020,76.0,,,132.0,1
Onion,2017-18,Cumilla,2020,298.0,,,874.0,1
Onion,2017-18,Dhaka,2020,1243.0,,,4168.0,1
Onion,2017-18,Dinajpur,2020,5480.0,,,17257.0,1
Onion,2017-18,Faridpur,2020,67859.0,,,265501.0,1
Onion,2017-18,Feni,2020,33.0,,,26.0,1
Onion,2017-18,Gaibandha,2020,2310.0,,,5574.0,1
Onion,2017-18,Gazipur,2020,423.0,,,829.0,1
Onion,2017-18,Gopalganj,2020,4974.0,,,14478.0,1
Onion,2017-18,Habiganj,2020,225.0,,,633.0,1
Onion,2017-18,Jamalpur,2020,3742.0,,,10891.0,1
Onion,2017-18,Jashore,2020,3222.0,,,13481.0,1
Onion,2017-18,Jhalokati,2020,68.0,,,83.0,1
Onion,2017-18,Jhenaidah,2020,16078.0,,,83520.0,1
Onion,2017-18,Joypurhat,2020,1722.0,,,5362.0,1
Onion,2017-18,Khagrachhari,2020,49.0,,,79.0,1
Onion,2017-18,Khulna,2020,336.0,,,656.0,1
Onion,2017-18,Kishoreganj,2020,1299.0,,,4048.0,1
Onion,2017-18,Kurigram,2020,1110.0,,,2367.0,1
Onion,2017-18,Kushtia,2020,25389.0,,,128084.0,1
Onion,2017-18,Lakshmipur,2020,470.0,,,788.0,1
Onion,2017-18,Lalmonirhat,2020,1166.0,,,3657.0,1
Onion,2017-18,Madaripur,2020,9631.0,,,52262.0,1
Onion,2017-18,Magura,2020,13939.0,,,55612.0,1
Onion,2017-18,Manikganj,2020,18115.0,,,48014.0,1
Onion,2017-18,Meherpur,2020,4350.0,,,50621.0,1
Onion,2017-18,Moulvibazar,2020,81.0,,,161.0,1
Onion,2017-18,Munshiganj,2020,542.0,,,981.0,1
Onion,2017-18,Mymensingh,2020,1437.0,,,3830.0,1
Onion,2017-18,Naogaon,2020,6613.0,,,24775.0,1
Onion,2017-18,Narail,2020,1341.0,,,4367.0,1
Onion,2017-18,Narayanganj,2020,644.0,,,1387.0,1
Onion,2017-18,Narsingdi,2020,338.0,,,601.0,1
Onion,2017-18,Natore,2020,7586.0,,,24674.0,1
Onion,2017-18,Netrakona,2020,804.0,,,2135.0,1
Onion,2017-18,Nilphamari,2020,2260.0,,,7702.0,1
Onion,2017-18,Noakhali,2020,368.0,,,534.0,1
Onion,2017-18,Pabna,2020,104644.0,,,432046.0,1
Onion,2017-18,Panchagarh,2020,3040.0,,,10011.0,1
Onion,2017-18,Patuakhali,2020,102.0,,,118.0,1
Onion,2017-18,Pirojpur,2020,53.0,,,67.0,1
Onion,2017-18,Rajbari,2020,65800.0,,,221339.0,1
Onion,2017-18,Rajshahi,2020,26500.0,,,123750.0,1
Onion,2017-18,Rangamati,2020,109.0,,,171.0,1
Onion,2017-18,Rangpur,2020,4783.0,,,15980.0,1
Onion,2017-18,Satkhira,2020,1015.0,,,3313.0,1
Onion,2017-18,Shariatpur,2020,6072.0,,,23251.0,1
Onion,2017-18,Sherpur,2020,1210.0,,,3488.0,1
Onion,2017-18,Sirajganj,2020,1271.0,,,3246.0,1
Onion,2017-18,Sunamganj,2020,320.0,,,816.0,1
Onion,2017-18,Sylhet,2020,141.0,,,162.0,1
Onion,2017-18,Tangail,2020,1996.0,,,4143.0,1
Onion,2017-18,Thakurgaon,2020,958.0,,,2173.0,1
Onion,2018-19,Bagerhat,2020,310.0,,,664.0,1
Onion,2018-19,Bandarban,2020,119.0,,,181.0,1
Onion,2018-19,Barguna,2020,108.0,,,128.0,1
Onion,2018-19,Barishal,2020,596.0,,,675.0,1
Onion,2018-19,Bhola,2020,1487.0,,,2806.0,1
Onion,2018-19,Bogura,2020,4654.0,,,10686.0,1
Onion,2018-19,Brahmanbaria,2020,1250.0,,,2468.0,1
Onion,2018-19,Chandpur,2020,1661.0,,,4308.0,1
Onion,2018-19,Chapainababganj,2020,6478.0,,,23015.0,1
Onion,2018-19,Chattogram,2020,166.0,,,241.0,1
Onion,2018-19,Chuadanga,2020,1770.0,,,10061.0,1
Onion,2018-19,Cox's Bazar,2020,78.0,,,141.0,1
Onion,2018-19,Cumilla,2020,323.0,,,880.0,1
Onion,2018-19,Dhaka,2020,1243.0,,,4168.0,1
Onion,2018-19,Dinajpur,2020,5276.0,,,16531.0,1
Onion,2018-19,Faridpur,2020,65932.0,,,264025.0,1
Onion,2018-19,Feni,2020,30.0,,,29.0,1
Onion,2018-19,Gaibandha,2020,2187.0,,,5063.0,1
Onion,2018-19,Gazipur,2020,424.0,,,840.0,1
Onion,2018-19,Gopalganj,2020,4974.0,,,14478.0,1
Onion,2018-19,Habiganj,2020,223.0,,,644.0,1
Onion,2018-19,Jamalpur,2020,3791.0,,,11101.0,1
Onion,2018-19,Jashore,2020,3159.0,,,13016.0,1
Onion,2018-19,Jhalokati,2020,67.0,,,110.0,1
Onion,2018-19,Jhenaidah,2020,16330.0,,,85540.0,1
Onion,2018-19,Joypurhat,2020,1718.0,,,5347.0,1
Onion,2018-19,Khagrachhari,2020,53.0,,,84.0,1
Onion,2018-19,Khulna,2020,4181.0,,,49013.0,1
Onion,2018-19,Kishoreganj,2020,1266.0,,,3868.0,1
Onion,2018-19,Kurigram,2020,1157.0,,,2520.0,1
Onion,2018-19,Kushtia,2020,24987.0,,,151477.0,1
Onion,2018-19,Lakshmipur,2020,435.0,,,800.0,1
Onion,2018-19,Lalmonirhat,2020,1164.0,,,3675.0,1
Onion,2018-19,Madaripur,2020,8519.0,,,45940.0,1
Onion,2018-19,Magura,2020,8851.0,,,38502.0,1
Onion,2018-19,Manikganj,2020,17835.0,,,47039.0,1
Onion,2018-19,Meherpur,2020,4181.0,,,49013.0,1
Onion,2018-19,Moulvibazar,2020,80.0,,,161.0,1
Onion,2018-19,Munshiganj,2020,544.0,,,999.0,1
Onion,2018-19,Mymensingh,2020,1419.0,,,3765.0,1
Onion,2018-19,Naogaon,2020,6676.0,,,24947.0,1
Onion,2018-19,Narail,2020,1362.0,,,4164.0,1
Onion,2018-19,Narayanganj,2020,652.0,,,1407.0,1
Onion,2018-19,Narsingdi,2020,330.0,,,598.0,1
Onion,2018-19,Natore,2020,7516.0,,,24814.0,1
Onion,2018-19,Netrakona,2020,804.0,,,2135.0,1
Onion,2018-19,Nilphamari,2020,2307.0,,,9103.0,1
Onion,2018-19,Noakhali,2020,309.0,,,432.0,1
Onion,2018-19,Pabna,2020,104956.0,,,446410.0,1
Onion,2018-19,Panchagarh,2020,3056.0,,,10020.0,1
Onion,2018-19,Patuakhali,2020,105.0,,,63.0,1
Onion,2018-19,Pirojpur,2020,50.0,,,57.0,1
Onion,2018-19,Rajbari,2020,53976.0,,,182485.0,1
Onion,2018-19,Rajshahi,2020,27148.0,,,163482.0,1
Onion,2018-19,Rangamati,2020,109.0,,,193.0,1
Onion,2018-19,Rangpur,2020,4865.0,,,16491.0,1
Onion,2018-19,Satkhira,2020,1004.0,,,3239.0,1
Onion,2018-19,Shariatpur,2020,6014.0,,,24127.0,1
Onion,2018-19,Sherpur,2020,1250.0,,,3564.0,1
Onion,2018-19,Sirajganj,2020,1279.0,,,3826.0,1
Onion,2018-19,Sunamganj,2020,250.0,,,770.0,1
Onion,2018-19,Sylhet,2020,124.0,,,108.0,1
Onion,2018-19,Tangail,2020,2022.0,,,4170.0,1
Onion,2018-19,Thakurgaon,2020,967.0,,,2261.0,1
Potato,2017-18,Bagerhat,2020,2445.0,989.0,15.228,15067.0,1
Potato,2017-18,Bandarban,2020,1357.0,549.0,9.737,5347.0,1
Potato,2017-18,Barguna,2020,677.0,274.0,18.402,5041.0,1
Potato,2017-18,Barishal,2020,3805.0,1540.0,19.832,30539.0,1
Potato,2017-18,Bhola,2020,18113.0,7330.0,26.654,195369.0,1
Potato,2017-18,Bogura,2020,147333.0,59622.0,19.035,1134920.0,1
Potato,2017-18,Brahmanbaria,2020,4942.0,2000.0,13.053,26106.0,1
Potato,2017-18,Chandpur,2020,25353.0,10260.0,17.187,176333.0,1
Potato,2017-18,Chapainababganj,2020,3646.0,1475.0,18.669,27546.0,1
Potato,2017-18,Chattogram,2020,11873.0,4805.0,14.401,69192.0,1
Potato,2017-18,Chuadanga,2020,3553.0,1438.0,21.721,31230.0,1
Potato,2017-18,Cumilla,2020,28750.0,11634.0,18.407,214160.0,1
Potato,2017-18,Dhaka,2020,4710.0,1906.0,21.5,40980.0,1
Potato,2017-18,Dinajpur,2020,121445.0,49146.0,19.932,979600.0,1
Potato,2017-18,Faridpur,2020,736.0,298.0,23.198,6909.0,1
Potato,2017-18,Feni,2020,634.0,257.0,13.422,3444.0,1
Potato,2017-18,Gaibandha,2020,16992.0,6876.0,16.597,114125.0,1
Potato,2017-18,Gazipur,2020,340.0,138.0,13.009,1790.0,1
Potato,2017-18,Gopalganj,2020,751.0,304.0,22.308,6780.0,1
Potato,2017-18,Habiganj,2020,4649.0,1881.0,11.926,22437.0,1
Potato,2017-18,Jamalpur,2020,12138.0,4912.0,18.163,89217.0,1
Potato,2017-18,Jashore,2020,8701.0,3521.0,23.747,83615.0,1
Potato,2017-18,Jhalokati,2020,1052.0,426.0,19.832,8443.0,1
Potato,2017-18,Jhenaidah,2020,3899.0,1578.0,20.74,32725.0,1
Potato,2017-18,Joypurhat,2020,94565.0,38268.0,19.563,748632.0,1
Potato,2017-18,Khagrachhari,2020,1397.0,565.0,10.53,5953.0,1
Potato,2017-18,Khulna,2020,1169.0,473.0,15.283,7230.0,1
Potato,2017-18,Kishoreganj,2020,13454.0,5445.0,13.13,71488.0,1
Potato,2017-18,Kurigram,2020,16295.0,6594.0,20.984,138370.0,1
Potato,2017-18,Kushtia,2020,6007.0,2431.0,21.781,52946.0,1
Potato,2017-18,Lakshmipur,2020,650.0,263.0,13.39,3522.0,1
Potato,2017-18,Lalmonirhat,2020,11688.0,4730.0,19.278,91184.0,1
Potato,2017-18,Madaripur,2020,1265.0,512.0,19.395,9929.0,1
Potato,2017-18,Magura,2020,72.0,29.0,15.509,452.0,1
Potato,2017-18,Manikganj,2020,3788.0,1533.0,20.122,30846.0,1
Potato,2017-18,Meherpur,2020,3203.0,1296.0,22.787,29536.0,1
Potato,2017-18,Moulvibazar,2020,4953.0,2004.0,11.89,23831.0,1
Potato,2017-18,Munshiganj,2020,89748.0,36319.0,32.613,1184479.0,1
Potato,2017-18,Mymensingh,2020,9746.0,3944.0,9.99,39402.0,1
Potato,2017-18,Naogaon,2020,55697.0,22539.0,16.569,373450.0,1
Potato,2017-18,Narail,2020,79.0,32.0,14.609,467.0,1
Potato,2017-18,Narayanganj,2020,7440.0,3011.0,28.186,84862.0,1
Potato,2017-18,Narsingdi,2020,3322.0,1344.0,14.923,20062.0,1
Potato,2017-18,Natore,2020,146.0,59.0,16.31,964.0,1
Potato,2017-18,Netrakona,2020,4618.0,1869.0,9.559,17865.0,1
Potato,2017-18,Nilphamari,2020,56425.0,22834.0,18.988,433573.0,1
Potato,2017-18,Noakhali,2020,202.0,82.0,13.49,1103.0,1
Potato,2017-18,Pabna,2020,2098.0,849.0,12.768,10841.0,1
Potato,2017-18,Panchagarh,2020,24998.0,10116.0,19.809,200389.0,1
Potato,2017-18,Patuakhali,2020,1153.0,467.0,18.439,8603.0,1
Potato,2017-18,Pirojpur,2020,2634.0,1066.0,13.396,14279.0,1
Potato,2017-18,Rajbari,2020,421.0,170.0,18.331,3123.0,1
Potato,2017-18,Rajshahi,2020,98720.0,39950.0,25.579,1021886.0,1
Potato,2017-18,Rangamati,2020,218.0,88.0,11.138,983.0,1
Potato,2017-18,Rangpur,2020,126439.0,51167.0,20.125,1029722.0,1
Potato,2017-18,Satkhira,2020,7537.0,3050.0,17.17,52370.0,1
Potato,2017-18,Shariatpur,2020,4940.0,1999.0,24.847,49672.0,1
Potato,2017-18,Sherpur,2020,11093.0,4489.0,17.092,76728.0,1
Potato,2017-18,Sirajganj,2020,6978.0,2824.0,14.072,39738.0,1
Potato,2017-18,Sunamganj,2020,4110.0,1663.0,11.489,19109.0,1
Potato,2017-18,Sylhet,2020,3252.0,1316.0,11.028,14514.0,1
Potato,2017-18,Tangail,2020,7513.0,3040.0,13.138,39943.0,1
Potato,2017-18,Thakurgaon,2020,58834.0,23809.0,18.729,445918.0,1
Potato,2018-19,Bagerhat,2020,1835.0,743.0,14.859,11034.0,1
Potato,2018-19,Bandarban,2020,1393.0,564.0,10.24,5772.0,1
Potato,2018-19,Barguna,2020,1930.0,781.0,22.052,17223.0,1
Potato,2018-19,Barishal,2020,2862.0,1158.0,19.988,23150.0,1
Potato,2018-19,Bhola,2020,12968.0,5248.0,18.534,97266.0,1
Potato,2018-19,Bogura,2020,145057.0,58701.0,20.187,1184989.0,1
Potato,2018-19,Brahmanbaria,2020,3362.0,1360.0,12.718,17303.0,1
Potato,2018-19,Chandpur,2020,15254.0,6173.0,18.998,117275.0,1
Potato,2018-19,Chapainababganj,2020,2839.0,1149.0,16.895,19410.0,1
Potato,2018-19,Chattogram,2020,9740.0,3941.0,12.803,50463.0,1
Potato,2018-19,Chuadanga,2020,6177.0,2500.0,21.545,53857.0,1
Potato,2018-19,Cumilla,2020,26820.0,10853.0,20.109,218252.0,1
Potato,2018-19,Dhaka,2020,4713.0,1907.0,24.34,46423.0,1
Potato,2018-19,Dinajpur,2020,119517.0,48366.0,19.76,955699.0,1
Potato,2018-19,Faridpur,2020,665.0,269.0,23.649,6364.0,1
Potato,2018-19,Feni,2020,697.0,282.0,15.166,4280.0,1
Potato,2018-19,Gaibandha,2020,20534.0,8310.0,16.889,140338.0,1
Potato,2018-19,Gazipur,2020,357.0,145.0,14.26,2062.0,1
Potato,2018-19,Gopalganj,2020,847.0,343.0,23.727,8128.0,1
Potato,2018-19,Habiganj,2020,4187.0,1694.0,13.326,22579.0,1
Potato,2018-19,Jamalpur,2020,12181.0,4929.0,18.413,90766.0,1
Potato,2018-19,Jashore,2020,6931.0,2805.0,20.809,58366.0,1
Potato,2018-19,Jhalokati,2020,835.0,338.0,18.638,6298.0,1
Potato,2018-19,Jhenaidah,2020,4100.0,1659.0,20.055,33274.0,1
Potato,2018-19,Joypurhat,2020,94669.0,38310.0,24.251,929055.0,1
Potato,2018-19,Khagrachhari,2020,1366.0,553.0,10.679,5905.0,1
Potato,2018-19,Khulna,2020,1195.0,484.0,15.583,7538.0,1
Potato,2018-19,Kishoreganj,2020,13278.0,5373.0,14.068,75591.0,1
Potato,2018-19,Kurigram,2020,13330.0,5394.0,26.017,140342.0,1
Potato,2018-19,Kushtia,2020,5542.0,2243.0,21.681,48624.0,1
Potato,2018-19,Lakshmipur,2020,700.0,283.0,15.155,4293.0,1
Potato,2018-19,Lalmonirhat,2020,11573.0,4683.0,19.05,89216.0,1
Potato,2018-19,Madaripur,2020,1515.0,613.0,26.45,16213.0,1
Potato,2018-19,Magura,2020,64.0,26.0,15.075,390.0,1
Potato,2018-19,Manikganj,2020,4372.0,1769.0,19.471,34449.0,1
Potato,2018-19,Meherpur,2020,2977.0,1205.0,22.932,27626.0,1
Potato,2018-19,Moulvibazar,2020,4913.0,1988.0,11.727,23315.0,1
Potato,2018-19,Munshiganj,2020,81938.0,33159.0,32.846,1089112.0,1
Potato,2018-19,Mymensingh,2020,9203.0,3724.0,9.899,36866.0,1
Potato,2018-19,Naogaon,2020,53122.0,21497.0,17.01,365669.0,1
Potato,2018-19,Narail,2020,61.0,25.0,19.586,483.0,1
Potato,2018-19,Narayanganj,2020,7335.0,2968.0,25.767,76487.0,1
Potato,2018-19,Narsingdi,2020,3317.0,1342.0,16.114,21630.0,1
Potato,2018-19,Natore,2020,1718.0,695.0,19.804,13766.0,1
Potato,2018-19,Netrakona,2020,3910.0,1582.0,9.468,14981.0,1
Potato,2018-19,Nilphamari,2020,55301.0,22379.0,19.681,440433.0,1
Potato,2018-19,Noakhali,2020,447.0,181.0,16.763,3034.0,1
Potato,2018-19,Pabna,2020,2063.0,835.0,14.657,12236.0,1
Potato,2018-19,Panchagarh,2020,22982.0,9300.0,20.237,188211.0,1
Potato,2018-19,Patuakhali,2020,1414.0,572.0,20.534,11750.0,1
Potato,2018-19,Pirojpur,2020,2290.0,927.0,19.333,17917.0,1
Potato,2018-19,Rajbari,2020,525.0,212.0,17.544,3727.0,1
Potato,2018-19,Rajshahi,2020,92686.0,37508.0,26.555,996019.0,1
Potato,2018-19,Rangamati,2020,173.0,70.0,14.51,1016.0,1
Potato,2018-19,Rangpur,2020,124495.0,50380.0,20.036,1009426.0,1
Potato,2018-19,Satkhira,2020,4522.0,1830.0,17.67,32338.0,1
Potato,2018-19,Shariatpur,2020,4711.0,1906.0,29.952,57102.0,1
Potato,2018-19,Sherpur,2020,11547.0,4673.0,16.849,78731.0,1
Potato,2018-19,Sirajganj,2020,7179.0,2905.0,13.019,37823.0,1
Potato,2018-19,Sunamganj,2020,3926.0,1589.0,12.901,20497.0,1
Potato,2018-19,Sylhet,2020,2372.0,960.0,11.645,11178.0,1
Potato,2018-19,Tangail,2020,7991.0,3234.0,13.634,44088.0,1
Potato,2018-19,Thakurgaon,2020,58434.0,23647.0,19.207,454189.0,1
Sugarcane,2016-17,Bagerhat,2020,2181.0,,,24922.0,1
Sugarcane,2016-17,Bandarban,2020,206.0,,,854.0,1
Sugarcane,2016-17,Barguna,2020,124.0,,,207.0,1
Sugarcane,2016-17,Barishal,2020,1074.0,,,13379.0,1
Sugarcane,2016-17,Bhola,2020,897.0,,,4964.0,1
Sugarcane,2016-17,Bogura,2020,751.0,,,14746.0,1
Sugarcane,2016-17,Brahmanbaria,2020,28.0,,,45.0,1
Sugarcane,2016-17,Chandpur,2020,1428.0,,,14130.0,1
Sugarcane,2016-17,Chapainababganj,2020,3190.0,,,33123.0,1
Sugarcane,2016-17,Chattogram,2020,2834.0,,,13431.0,1
Sugarcane,2016-17,Chuadanga,2020,4968.0,,,119537.0,1
Sugarcane,2016-17,Cox's Bazar,2020,754.0,,,4100.0,1
Sugarcane,2016-17,Cumilla,2020,980.0,,,5770.0,1
Sugarcane,2016-17,Dhaka,2020,166.0,,,904.0,1
Sugarcane,2016-17,Dinajpur,2020,5626.0,,,80118.0,1
Sugarcane,2016-17,Faridpur,2020,9800.0,,,154760.0,1
Sugarcane,2016-17,Feni,2020,256.0,,,3356.0,1
Sugarcane,2016-17,Gaibandha,2020,5968.0,,,152293.0,1
Sugarcane,2016-17,Gazipur,2020,2999.0,,,26040.0,1
Sugarcane,2016-17,Gopalganj,2020,1746.0,,,23046.0,1
Sugarcane,2016-17,Habiganj,2020,2425.0,,,7185.0,1
Sugarcane,2016-17,Jamalpur,2020,12310.0,,,225997.0,1
Sugarcane,2016-17,Jashore,2020,954.0,,,17168.0,1
Sugarcane,2016-17,Jhalokati,2020,299.0,,,1374.0,1
Sugarcane,2016-17,Jhenaidah,2020,3345.0,,,81434.0,1
Sugarcane,2016-17,Joypurhat,2020,2207.0,,,46859.0,1
Sugarcane,2016-17,Khagrachhari,2020,607.0,,,5488.0,1
Sugarcane,2016-17,Khulna,2020,101.0,,,7452.0,1
Sugarcane,2016-17,Kishoreganj,2020,61.0,,,529.0,1
Sugarcane,2016-17,Kurigram,2020,708.0,,,10895.0,1
Sugarcane,2016-17,Kushtia,2020,8970.0,,,183162.0,1
Sugarcane,2016-17,Lakshmipur,2020,332.0,,,3600.0,1
Sugarcane,2016-17,Lalmonirhat,2020,263.0,,,3527.0,1
Sugarcane,2016-17,Madaripur,2020,1252.0,,,24168.0,1
Sugarcane,2016-17,Magura,2020,343.0,,,4537.0,1
Sugarcane,2016-17,Manikganj,2020,4602.0,,,28369.0,1
Sugarcane,2016-17,Meherpur,2020,927.0,,,16863.0,1
Sugarcane,2016-17,Moulvibazar,2020,137.0,,,408.0,1
Sugarcane,2016-17,Munshiganj,2020,298.0,,,2108.0,1
Sugarcane,2016-17,Mymensingh,2020,5680.0,,,85530.0,1
Sugarcane,2016-17,Naogaon,2020,1410.0,,,27744.0,1
Sugarcane,2016-17,Narail,2020,1683.0,,,26477.0,1
Sugarcane,2016-17,Narayanganj,2020,137.0,,,720.0,1
Sugarcane,2016-17,Narsingdi,2020,124.0,,,1527.0,1
Sugarcane,2016-17,Natore,2020,60685.0,,,1189958.0,1
Sugarcane,2016-17,Netrakona,2020,60.0,,,726.0,1
Sugarcane,2016-17,Nilphamari,2020,183.0,,,4420.0,1
Sugarcane,2016-17,Noakhali,2020,309.0,,,1502.0,1
Sugarcane,2016-17,Pabna,2020,8356.0,,,159821.0,1
Sugarcane,2016-17,Panchagarh,2020,10057.0,,,94924.0,1
Sugarcane,2016-17,Patuakhali,2020,90.0,,,162.0,1
Sugarcane,2016-17,Pirojpur,2020,380.0,,,1885.0,1
Sugarcane,2016-17,Rajbari,2020,3139.0,,,55215.0,1
Sugarcane,2016-17,Rajshahi,2020,24731.0,,,463103.0,1
Sugarcane,2016-17,Rangamati,2020,561.0,,,9502.0,1
Sugarcane,2016-17,Rangpur,2020,4739.0,,,103063.0,1
Sugarcane,2016-17,Satkhira,2020,343.0,,,6656.0,1
Sugarcane,2016-17,Shariatpur,2020,1080.0,,,13946.0,1
Sugarcane,2016-17,Sherpur,2020,205.0,,,4353.0,1
Sugarcane,2016-17,Sirajganj,2020,2774.0,,,48541.0,1
Sugarcane,2016-17,Sunamganj,2020,327.0,,,2883.0,1
Sugarcane,2016-17,Sylhet,2020,18.0,,,150.0,1
Sugarcane,2016-17,Tangail,2020,3541.0,,,60419.0,1
Sugarcane,2016-17,Thakurgaon,2020,10660.0,,,138700.0,1
Sugarcane,2017-18,Bagerhat,2020,1538.0,,,7065.0,1
Sugarcane,2017-18,Bandarban,2020,210.0,,,779.0,1
Sugarcane,2017-18,Barguna,2020,119.0,,,498.0,1
Sugarcane,2017-18,Barishal,2020,1076.0,,,8838.0,1
Sugarcane,2017-18,Bhola,2020,894.0,,,5073.0,1
Sugarcane,2017-18,Bogura,2020,670.0,,,13233.0,1
Sugarcane,2017-18,Brahmanbaria,2020,39.0,,,51.0,1
Sugarcane,2017-18,Chandpur,2020,1428.0,,,12365.0,1
Sugarcane,2017-18,Chapainababganj,2020,3664.0,,,62815.0,1
Sugarcane,2017-18,Chattogram,2020,2828.0,,,13258.0,1
Sugarcane,2017-18,Chuadanga,2020,4883.0,,,118388.0,1
Sugarcane,2017-18,Cox's Bazar,2020,755.0,,,4100.0,1
Sugarcane,2017-18,Cumilla,2020,929.0,,,5313.0,1
Sugarcane,2017-18,Dhaka,2020,145.0,,,849.0,1
Sugarcane,2017-18,Dinajpur,2020,4640.0,,,67785.0,1
Sugarcane,2017-18,Faridpur,2020,10239.0,,,159212.0,1
Sugarcane,2017-18,Feni,2020,258.0,,,3301.0,1
Sugarcane,2017-18,Gaibandha,2020,5964.0,,,153298.0,1
Sugarcane,2017-18,Gazipur,2020,3004.0,,,26032.0,1
Sugarcane,2017-18,Gopalganj,2020,1746.0,,,23046.0,1
Sugarcane,2017-18,Habiganj,2020,2434.0,,,7128.0,1
Sugarcane,2017-18,Jamalpur,2020,12513.0,,,231028.0,1
Sugarcane,2017-18,Jashore,2020,948.0,,,17070.0,1
Sugarcane,2017-18,Jhalokati,2020,300.0,,,1897.0,1
Sugarcane,2017-18,Jhenaidah,2020,1980.0,,,40211.0,1
Sugarcane,2017-18,Joypurhat,2020,2206.0,,,46846.0,1
Sugarcane,2017-18,Khagrachhari,2020,612.0,,,5500.0,1
Sugarcane,2017-18,Khulna,2020,99.0,,,1473.0,1
Sugarcane,2017-18,Kishoreganj,2020,60.0,,,548.0,1
Sugarcane,2017-18,Kurigram,2020,711.0,,,10568.0,1
Sugarcane,2017-18,Kushtia,2020,8885.0,,,170305.0,1
Sugarcane,2017-18,Lakshmipur,2020,340.0,,,3712.0,1
Sugarcane,2017-18,Lalmonirhat,2020,277.0,,,3541.0,1
Sugarcane,2017-18,Madaripur,2020,261.0,,,5585.0,1
Sugarcane,2017-18,Magura,2020,294.0,,,3746.0,1
Sugarcane,2017-18,Manikganj,2020,4586.0,,,28167.0,1
Sugarcane,2017-18,Meherpur,2020,930.0,,,16956.0,1
Sugarcane,2017-18,Moulvibazar,2020,128.0,,,384.0,1
Sugarcane,2017-18,Munshiganj,2020,296.0,,,2237.0,1
Sugarcane,2017-18,Mymensingh,2020,5624.0,,,84238.0,1
Sugarcane,2017-18,Naogaon,2020,1242.0,,,24823.0,1
Sugarcane,2017-18,Narail,2020,1779.0,,,27541.0,1
Sugarcane,2017-18,Narayanganj,2020,146.0,,,814.0,1
Sugarcane,2017-18,Narsingdi,2020,129.0,,,1507.0,1
Sugarcane,2017-18,Natore,2020,60480.0,,,1185036.0,1
Sugarcane,2017-18,Netrakona,2020,63.0,,,734.0,1
Sugarcane,2017-18,Nilphamari,2020,190.0,,,5013.0,1
Sugarcane,2017-18,Noakhali,2020,226.0,,,1443.0,1
Sugarcane,2017-18,Pabna,2020,8355.0,,,24046.0,1
Sugarcane,2017-18,Panchagarh,2020,9705.0,,,125130.0,1
Sugarcane,2017-18,Patuakhali,2020,87.0,,,345.0,1
Sugarcane,2017-18,Pirojpur,2020,378.0,,,1884.0,1
Sugarcane,2017-18,Rajbari,2020,3268.0,,,57790.0,1
Sugarcane,2017-18,Rajshahi,2020,24649.0,,,448486.0,1
Sugarcane,2017-18,Rangamati,2020,570.0,,,8349.0,1
Sugarcane,2017-18,Rangpur,2020,4082.0,,,90700.0,1
Sugarcane,2017-18,Satkhira,2020,310.0,,,5907.0,1
Sugarcane,2017-18,Shariatpur,2020,1069.0,,,13702.0,1
Sugarcane,2017-18,Sherpur,2020,224.0,,,4790.0,1
Sugarcane,2017-18,Sirajganj,2020,2758.0,,,47918.0,1
Sugarcane,2017-18,Sunamganj,2020,330.0,,,3011.0,1
Sugarcane,2017-18,Sylhet,2020,20.0,,,154.0,1
Sugarcane,2017-18,Tangail,2020,3435.0,,,58267.0,1
Sugarcane,2017-18,Thakurgaon,2020,10776.0,,,134902.0,1
Sugarcane,2018-19,Bagerhat,2020,1481.0,,,14940.0,1
Sugarcane,2018-19,Bandarban,2020,210.0,,,879.0,1
Sugarcane,2018-19,Barguna,2020,120.0,,,510.0,1
Sugarcane,2018-19,Barishal,2020,1202.0,,,6031.0,1
Sugarcane,2018-19,Bhola,2020,930.0,,,3762.0,1
Sugarcane,2018-19,Bogura,2020,703.0,,,13923.0,1
Sugarcane,2018-19,Brahmanbaria,2020,37.0,,,141.0,1
Sugarcane,2018-19,Chandpur,2020,1414.0,,,15116.0,1
Sugarcane,2018-19,Chapainababganj,2020,3545.0,,,60922.0,1
Sugarcane,2018-19,Chattogram,2020,2840.0,,,13445.0,1
Sugarcane,2018-19,Chuadanga,2020,4796.0,,,116543.0,1
Sugarcane,2018-19,Cox's Bazar,2020,464.0,,,1446.0,1
Sugarcane,2018-19,Cumilla,2020,890.0,,,5070.0,1
Sugarcane,2018-19,Dhaka,2020,131.0,,,852.0,1
Sugarcane,2018-19,Dinajpur,2020,4456.0,,,62240.0,1
Sugarcane,2018-19,Faridpur,2020,6628.0,,,81504.0,1
Sugarcane,2018-19,Feni,2020,194.0,,,2577.0,1
Sugarcane,2018-19,Gaibandha,2020,6048.0,,,152942.0,1
Sugarcane,2018-19,Gazipur,2020,3001.0,,,25032.0,1
Sugarcane,2018-19,Gopalganj,2020,1745.0,,,23046.0,1
Sugarcane,2018-19,Habiganj,2020,2503.0,,,6904.0,1
Sugarcane,2018-19,Jamalpur,2020,11020.0,,,227851.0,1
Sugarcane,2018-19,Jashore,2020,943.0,,,16661.0,1
Sugarcane,2018-19,Jhalokati,2020,295.0,,,1880.0,1
Sugarcane,2018-19,Jhenaidah,2020,3035.0,,,69520.0,1
Sugarcane,2018-19,Joypurhat,2020,2190.0,,,46725.0,1
Sugarcane,2018-19,Khagrachhari,2020,618.0,,,5519.0,1
Sugarcane,2018-19,Khulna,2020,88.0,,,1495.0,1
Sugarcane,2018-19,Kishoreganj,2020,193.0,,,402.0,1
Sugarcane,2018-19,Kurigram,2020,705.0,,,9187.0,1
Sugarcane,2018-19,Kushtia,2020,8855.0,,,189530.0,1
Sugarcane,2018-19,Lakshmipur,2020,325.0,,,3582.0,1
Sugarcane,2018-19,Lalmonirhat,2020,281.0,,,3610.0,1
Sugarcane,2018-19,Madaripur,2020,905.0,,,17140.0,1
Sugarcane,2018-19,Magura,2020,307.0,,,4156.0,1
Sugarcane,2018-19,Manikganj,2020,4550.0,,,28120.0,1
Sugarcane,2018-19,Meherpur,2020,703.0,,,12772.0,1
Sugarcane,2018-19,Moulvibazar,2020,129.0,,,386.0,1
Sugarcane,2018-19,Munshiganj,2020,306.0,,,2440.0,1
Sugarcane,2018-19,Mymensingh,2020,5639.0,,,84386.0,1
Sugarcane,2018-19,Naogaon,2020,1251.0,,,24637.0,1
Sugarcane,2018-19,Narail,2020,1690.0,,,25883.0,1
Sugarcane,2018-19,Narayanganj,2020,132.0,,,707.0,1
Sugarcane,2018-19,Narsingdi,2020,130.0,,,1518.0,1
Sugarcane,2018-19,Natore,2020,60461.0,,,1183998.0,1
Sugarcane,2018-19,Netrakona,2020,65.0,,,733.0,1
Sugarcane,2018-19,Nilphamari,2020,248.0,,,6520.0,1
Sugarcane,2018-19,Noakhali,2020,212.0,,,1037.0,1
Sugarcane,2018-19,Pabna,2020,8298.0,,,23635.0,1
Sugarcane,2018-19,Panchagarh,2020,8853.0,,,95534.0,1
Sugarcane,2018-19,Patuakhali,2020,88.0,,,360.0,1
Sugarcane,2018-19,Pirojpur,2020,379.0,,,1876.0,1
Sugarcane,2018-19,Rajbari,2020,2183.0,,,39286.0,1
Sugarcane,2018-19,Rajshahi,2020,8298.0,,,23635.0,1
Sugarcane,2018-19,Rangamati,2020,555.0,,,8077.0,1
Sugarcane,2018-19,Rangpur,2020,4474.0,,,101852.0,1
Sugarcane,2018-19,Satkhira,2020,257.0,,,5002.0,1
Sugarcane,2018-19,Shariatpur,2020,969.0,,,12003.0,1
Sugarcane,2018-19,Sherpur,2020,305.0,,,5128.0,1
Sugarcane,2018-19,Sirajganj,2020,2427.0,,,40335.0,1
Sugarcane,2018-19,Sunamganj,2020,295.0,,,2010.0,1
Sugarcane,2018-19,Sylhet,2020,20.0,,,147.0,1
Sugarcane,2018-19,Tangail,2020,3332.0,,,56752.0,1
Sugarcane,2018-19,Thakurgaon,2020,10965.0,,,148071.0,1
Wheat,2017-18,Bagerhat,2020,411.0,166.0,2.643,440.0,1
Wheat,2017-18,Bandarban,2020,0.0,0.0,0.0,0.0,1
Wheat,2017-18,Barguna,2020,0.0,0.0,0.0,0.0,1
Wheat,2017-18,Barishal,2020,1278.0,517.0,2.604,1347.0,1
Wheat,2017-18,Bhola,2020,3479.0,1408.0,3.238,4558.0,1
Wheat,2017-18,Bogura,2020,6615.0,2677.0,2.523,6753.0,1
Wheat,2017-18,Brahmanbaria,2020,1745.0,706.0,2.332,1647.0,1
Wheat,2017-18,Chandpur,2020,782.0,316.0,2.659,842.0,1
Wheat,2017-18,Chapainababganj,2020,61590.0,24924.0,3.377,84166.0,1
Wheat,2017-18,Chattogram,2020,0.0,0.0,0.0,0.0,1
Wheat,2017-18,Chuadanga,2020,1659.0,671.0,2.687,1804.0,1
Wheat,2017-18,Cumilla,2020,3575.0,1447.0,2.567,3714.0,1
Wheat,2017-18,Dhaka,2020,659.0,267.0,2.684,716.0,1
Wheat,2017-18,Dinajpur,2020,23884.0,9665.0,2.892,27949.0,1
Wheat,2017-18,Faridpur,2020,68818.0,27849.0,3.132,87211.0,1
Wheat,2017-18,Feni,2020,44.0,18.0,2.196,39.0,1
Wheat,2017-18,Gaibandha,2020,7319.0,2962.0,2.548,7546.0,1
Wheat,2017-18,Gazipur,2020,0.0,0.0,0.0,0.0,1
Wheat,2017-18,Gopalganj,2020,17798.0,7202.0,2.96,21319.0,1
Wheat,2017-18,Habiganj,2020,1341.0,543.0,1.979,1074.0,1
Wheat,2017-18,Jamalpur,2020,13643.0,5521.0,2.718,15008.0,1
Wheat,2017-18,Jashore,2020,698.0,282.0,2.77,782.0,1
Wheat,2017-18,Jhalokati,2020,259.0,105.0,3.043,319.0,1
Wheat,2017-18,Jhenaidah,2020,6578.0,2662.0,3.102,8257.0,1
Wheat,2017-18,Joypurhat,2020,2965.0,1200.0,2.547,3056.0,1
Wheat,2017-18,Khagrachhari,2020,0.0,0.0,0.0,0.0,1
Wheat,2017-18,Khulna,2020,522.0,211.0,2.395,506.0,1
Wheat,2017-18,Kishoreganj,2020,1395.0,565.0,2.203,1243.0,1
Wheat,2017-18,Kurigram,2020,22066.0,8930.0,3.238,28911.0,1
Wheat,2017-18,Kushtia,2020,21631.0,8754.0,3.828,33508.0,1
Wheat,2017-18,Lakshmipur,2020,8.0,3.0,0.0,0.0,1
Wheat,2017-18,Lalmonirhat,2020,3980.0,1611.0,2.758,4442.0,1
Wheat,2017-18,Madaripur,2020,12802.0,5181.0,3.191,16529.0,1
Wheat,2017-18,Magura,2020,10593.0,4287.0,2.739,11740.0,1
Wheat,2017-18,Manikganj,2020,6532.0,2643.0,2.473,6537.0,1
Wheat,2017-18,Meherpur,2020,16335.0,6610.0,3.616,23902.0,1
Wheat,2017-18,Moulvibazar,2020,190.0,77.0,2.165,166.0,1
Wheat,2017-18,Munshiganj,2020,26.0,11.0,1.733,18.0,1
Wheat,2017-18,Mymensingh,2020,3136.0,1269.0,2.869,3641.0,1
Wheat,2017-18,Naogaon,2020,69129.0,27975.0,3.14,87837.0,1
Wheat,2017-18,Narail,2020,4066.0,1645.0,2.768,4555.0,1
Wheat,2017-18,Narayanganj,2020,8.0,3.0,2.316,7.0,1
Wheat,2017-18,Narsingdi,2020,2329.0,942.0,2.527,2382.0,1
Wheat,2017-18,Natore,2020,46986.0,19014.0,3.123,59386.0,1
Wheat,2017-18,Netrakona,2020,3980.0,1611.0,2.356,3794.0,1
Wheat,2017-18,Nilphamari,2020,12204.0,4939.0,3.204,15826.0,1
Wheat,2017-18,Noakhali,2020,0.0,0.0,0.0,0.0,1
Wheat,2017-18,Pabna,2020,62778.0,25405.0,3.09,78502.0,1
Wheat,2017-18,Panchagarh,2020,54489.0,22051.0,3.291,72571.0,1
Wheat,2017-18,Patuakhali,2020,148.0,60.0,1.254,75.0,1
Wheat,2017-18,Pirojpur,2020,87.0,35.0,2.54,89.0,1
Wheat,2017-18,Rajbari,2020,29616.0,11985.0,2.846,34104.0,1
Wheat,2017-18,Rajshahi,2020,54683.0,22129.0,3.254,72013.0,1
Wheat,2017-18,Rangamati,2020,0.0,0.0,0.0,0.0,1
Wheat,2017-18,Rangpur,2020,6684.0,2705.0,3.05,8251.0,1
Wheat,2017-18,Satkhira,2020,2473.0,1001.0,2.721,2724.0,1
Wheat,2017-18,Shariatpur,2020,9727.0,3936.0,3.252,12802.0,1
Wheat,2017-18,Sherpur,2020,1579.0,639.0,2.43,1552.0,1
Wheat,2017-18,Sirajganj,2020,14483.0,5861.0,2.68,15705.0,1
Wheat,2017-18,Sunamganj,2020,1385.0,560.0,2.647,1484.0,1
Wheat,2017-18,Sylhet,2020,865.0,350.0,2.255,789.0,1
Wheat,2017-18,Tangail,2020,14997.0,6069.0,3.024,18350.0,1
Wheat,2017-18,Thakurgaon,2020,150831.0,61038.0,3.226,196885.0,1
Wheat,2018-19,Bagerhat,2020,416.0,168.0,2.472,416.0,1
Wheat,2018-19,Bandarban,2020,0.0,0.0,0.0,0.0,1
Wheat,2018-19,Barguna,2020,0.0,0.0,0.0,0.0,1
Wheat,2018-19,Barishal,2020,1326.0,537.0,2.032,1090.0,1
Wheat,2018-19,Bhola,2020,3604.0,1458.0,3.491,5092.0,1
Wheat,2018-19,Bogura,2020,6461.0,2615.0,2.628,6871.0,1
Wheat,2018-19,Brahmanbaria,2020,2928.0,1185.0,2.197,2603.0,1
Wheat,2018-19,Chandpur,2020,985.0,399.0,2.513,1002.0,1
Wheat,2018-19,Chapainababganj,2020,63391.0,25653.0,3.489,89490.0,1
Wheat,2018-19,Chattogram,2020,0.0,0.0,0.0,0.0,1
Wheat,2018-19,Chuadanga,2020,4653.0,1883.0,2.725,5131.0,1
Wheat,2018-19,Cumilla,2020,3492.0,1413.0,2.616,3696.0,1
Wheat,2018-19,Dhaka,2020,758.0,307.0,2.679,822.0,1
Wheat,2018-19,Dinajpur,2020,18485.0,7480.0,2.822,21107.0,1
Wheat,2018-19,Faridpur,2020,63762.0,25803.0,3.076,79375.0,1
Wheat,2018-19,Feni,2020,141.0,57.0,2.578,147.0,1
Wheat,2018-19,Gaibandha,2020,8374.0,3389.0,2.665,9030.0,1
Wheat,2018-19,Gazipur,2020,135.0,55.0,1.866,102.0,1
Wheat,2018-19,Gopalganj,2020,17982.0,7277.0,2.723,19814.0,1
Wheat,2018-19,Habiganj,2020,1206.0,488.0,1.833,894.0,1
Wheat,2018-19,Jamalpur,2020,10167.0,4114.0,2.953,12148.0,1
Wheat,2018-19,Jashore,2020,480.0,194.0,2.695,524.0,1
Wheat,2018-19,Jhalokati,2020,191.0,77.0,2.931,227.0,1
Wheat,2018-19,Jhenaidah,2020,8379.0,3391.0,2.869,9727.0,1
Wheat,2018-19,Joypurhat,2020,5733.0,2320.0,2.587,6003.0,1
Wheat,2018-19,Khagrachhari,2020,0.0,0.0,0.0,0.0,1
Wheat,2018-19,Khulna,2020,428.0,173.0,1.825,316.0,1
Wheat,2018-19,Kishoreganj,2020,2628.0,1063.0,2.315,2462.0,1
Wheat,2018-19,Kurigram,2020,20133.0,8147.0,3.052,24868.0,1
Wheat,2018-19,Kushtia,2020,23079.0,9340.0,3.541,33072.0,1
Wheat,2018-19,Lakshmipur,2020,0.0,0.0,0.0,0.0,1
Wheat,2018-19,Lalmonirhat,2020,3901.0,1579.0,2.822,4454.0,1
Wheat,2018-19,Madaripur,2020,10989.0,4447.0,3.317,14750.0,1
Wheat,2018-19,Magura,2020,9014.0,3648.0,2.654,9680.0,1
Wheat,2018-19,Manikganj,2020,1599.0,647.0,2.694,1744.0,1
Wheat,2018-19,Meherpur,2020,19659.0,7956.0,3.724,29624.0,1
Wheat,2018-19,Moulvibazar,2020,91.0,37.0,2.23,82.0,1
Wheat,2018-19,Munshiganj,2020,0.0,0.0,0.0,0.0,1
Wheat,2018-19,Mymensingh,2020,3226.0,1305.0,2.252,2941.0,1
Wheat,2018-19,Naogaon,2020,58630.0,23726.0,3.227,76554.0,1
Wheat,2018-19,Narail,2020,3750.0,1518.0,2.765,4197.0,1
Wheat,2018-19,Narayanganj,2020,0.0,0.0,0.0,0.0,1
Wheat,2018-19,Narsingdi,2020,1263.0,511.0,2.336,1194.0,1
Wheat,2018-19,Natore,2020,52861.0,21392.0,2.858,61129.0,1
Wheat,2018-19,Netrakona,2020,3810.0,1542.0,2.311,3563.0,1
Wheat,2018-19,Nilphamari,2020,12101.0,4897.0,2.975,14567.0,1
Wheat,2018-19,Noakhali,2020,5.0,2.0,1.938,4.0,1
Wheat,2018-19,Pabna,2020,63068.0,25522.0,2.883,73591.0,1
Wheat,2018-19,Panchagarh,2020,40286.0,16303.0,3.336,54391.0,1
Wheat,2018-19,Patuakhali,2020,0.0,0.0,0.0,0.0,1
Wheat,2018-19,Pirojpur,2020,32.0,13.0,2.475,32.0,1
Wheat,2018-19,Rajbari,2020,31676.0,12819.0,2.802,35921.0,1
Wheat,2018-19,Rajshahi,2020,61157.0,24749.0,2.97,73507.0,1
Wheat,2018-19,Rangamati,2020,0.0,0.0,0.0,0.0,1
Wheat,2018-19,Rangpur,2020,4192.0,1696.0,2.955,5014.0,1
Wheat,2018-19,Satkhira,2020,2171.0,879.0,2.882,2532.0,1
Wheat,2018-19,Shariatpur,2020,9917.0,4013.0,3.239,13001.0,1
Wheat,2018-19,Sherpur,2020,2561.0,1036.0,2.573,2666.0,1
Wheat,2018-19,Sirajganj,2020,14653.0,5930.0,2.777,16469.0,1
Wheat,2018-19,Sunamganj,2020,1349.0,546.0,2.603,1421.0,1
Wheat,2018-19,Sylhet,2020,435.0,176.0,1.757,309.0,1
Wheat,2018-19,Tangail,2020,10380.0,4200.0,2.897,12169.0,1
Wheat,2018-19,Thakurgaon,2020,124138.0,50236.0,3.288,165193.0,1
