crop,crop_year,district,edition,area_acres,area_ha,yield_mt_per_ha,production_mt,n_tables
Aman,2015-16,Bagerhat,2018,203572.0,82381.0,2.077,171133.0,1
Aman,2015-16,Bandarban,2018,23895.0,9670.0,2.458,23766.0,1
Aman,2015-16,Barguna,2018,236799.0,95827.0,1.748,167538.0,1
Aman,2015-16,Barishal,2018,291351.0,117903.0,1.958,230832.0,1
Aman,2015-16,Bhola,2018,449494.0,181900.0,2.163,393399.0,1
Aman,2015-16,Bogura,2018,444221.0,179767.0,2.671,480227.0,1
Aman,2015-16,Brahmanbaria,2018,161705.0,65438.0,2.298,150378.0,1
Aman,2015-16,Chandpur,2018,94500.0,38242.0,1.783,68192.0,1
Aman,2015-16,Chapainababganj,2018,130991.0,53009.0,2.649,140403.0,1
Aman,2015-16,Chattogram,2018,428676.0,173476.0,2.795,484869.0,1
Aman,2015-16,Chuadanga,2018,91190.0,36903.0,2.759,101810.0,1
Aman,2015-16,Cox's Bazar,2018,188604.0,76324.0,2.473,188716.0,1
Aman,2015-16,Cumilla,2018,340195.0,137669.0,2.14,294604.0,1
Aman,2015-16,Dhaka,2018,43132.0,17455.0,1.571,27419.0,1
Aman,2015-16,Dinajpur,2018,629293.0,254661.0,2.501,636936.0,1
Aman,2015-16,Faridpur,2018,149900.0,60661.0,2.386,144737.0,1
Aman,2015-16,Feni,2018,163763.0,66271.0,2.68,177615.0,1
Aman,2015-16,Gaibandha,2018,281389.0,113872.0,2.589,294836.0,1
Aman,2015-16,Gazipur,2018,103163.0,41748.0,2.287,95483.0,1
Aman,2015-16,Gopalganj,2018,54772.0,22165.0,1.301,28836.0,1
Aman,2015-16,Habiganj,2018,235916.0,95470.0,2.089,199483.0,1
Aman,2015-16,Jamalpur,2018,229371.0,92821.0,2.508,232817.0,1
Aman,2015-16,Jashore,2018,316657.0,128144.0,2.62,335780.0,1
Aman,2015-16,Jhalokati,2018,110928.0,44890.0,1.742,78186.0,1
Aman,2015-16,Jhenaidah,2018,212414.0,85959.0,2.863,246120.0,1
Aman,2015-16,Joypurhat,2018,174044.0,70432.0,2.842,200202.0,1
Aman,2015-16,Khagrachhari,2018,68613.0,27766.0,2.837,78770.0,1
Aman,2015-16,Khulna,2018,242928.0,98308.0,2.549,250580.0,1
Aman,2015-16,Kishoreganj,2018,193708.0,78389.0,2.586,202701.0,1
Aman,2015-16,Kurigram,2018,252103.0,102021.0,2.39,243803.0,1
Aman,2015-16,Kushtia,2018,200364.0,81083.0,2.656,215344.0,1
Aman,2015-16,Lakshmipur,2018,210508.0,85188.0,2.41,205261.0,1
Aman,2015-16,Lalmonirhat,2018,197889.0,80081.0,2.745,219862.0,1
Aman,2015-16,Madaripur,2018,63860.0,25843.0,1.518,39225.0,1
Aman,2015-16,Magura,2018,134591.0,54466.0,2.604,141809.0,1
Aman,2015-16,Manikganj,2018,97709.0,39541.0,1.344,53141.0,1
Aman,2015-16,Meherpur,2018,60597.0,24522.0,3.01,73810.0,1
Aman,2015-16,Moulvibazar,2018,238563.0,96541.0,2.557,246845.0,1
Aman,2015-16,Munshiganj,2018,48966.0,19815.0,1.101,21822.0,1
Aman,2015-16,Mymensingh,2018,641305.0,259522.0,2.496,647789.0,1
Aman,2015-16,Naogaon,2018,513702.0,207884.0,2.825,587366.0,1
Aman,2015-16,Narail,2018,79935.0,32348.0,2.057,66544.0,1
Aman,2015-16,Narayanganj,2018,17192.0,6957.0,1.43,9945.0,1
Aman,2015-16,Narsingdi,2018,89038.0,36032.0,2.207,79512.0,1
Aman,2015-16,Natore,2018,187909.0,76043.0,2.452,186447.0,1
Aman,2015-16,Netrakona,2018,340452.0,137773.0,2.382,328128.0,1
Aman,2015-16,Nilphamari,2018,267200.0,108130.0,2.751,297497.0,1
Aman,2015-16,Noakhali,2018,312013.0,126265.0,1.89,238614.0,1
Aman,2015-16,Pabna,2018,227524.0,92074.0,2.111,194335.0,1
Aman,2015-16,Panchagarh,2018,225727.0,91347.0,2.758,251912.0,1
Aman,2015-16,Patuakhali,2018,501477.0,202937.0,1.887,383024.0,1
Aman,2015-16,Pirojpur,2018,152797.0,61834.0,1.863,115184.0,1
Aman,2015-16,Rajbari,2018,102469.0,41467.0,2.605,108004.0,1
Aman,2015-16,Rajshahi,2018,177495.0,71828.0,2.913,209258.0,1
Aman,2015-16,Rangamati,2018,24598.0,9954.0,2.836,28235.0,1
Aman,2015-16,Rangpur,2018,386491.0,156404.0,2.786,435771.0,1
Aman,2015-16,Satkhira,2018,230831.0,93412.0,3.022,282279.0,1
Aman,2015-16,Shariatpur,2018,37198.0,15053.0,1.446,21763.0,1
Aman,2015-16,Sherpur,2018,218028.0,88231.0,2.159,190452.0,1
Aman,2015-16,Sirajganj,2018,211881.0,85744.0,2.434,208716.0,1
Aman,2015-16,Sunamganj,2018,126194.0,51068.0,2.15,109804.0,1
Aman,2015-16,Sylhet,2018,315855.0,127820.0,2.19,279939.0,1
Aman,2015-16,Tangail,2018,313141.0,126721.0,2.191,277697.0,1
Aman,2015-16,Thakurgaon,2018,313504.0,126868.0,2.821,357934.0,1
Aman,2016-17,Bagerhat,2018,189701.0,76768.0,2.091,160491.0,1
Aman,2016-17,Bandarban,2018,23969.0,9700.0,2.535,24594.0,1
Aman,2016-17,Barguna,2018,237000.0,95909.0,1.77,169803.0,1
Aman,2016-17,Barishal,2018,296870.0,120137.0,2.005,240835.0,1
Aman,2016-17,Bhola,2018,453423.0,183490.0,2.242,411372.0,1
Aman,2016-17,Bogura,2018,447636.0,181148.0,2.728,494235.0,1
Aman,2016-17,Brahmanbaria,2018,170410.0,68961.0,2.267,156360.0,1
Aman,2016-17,Chandpur,2018,92040.0,37247.0,1.823,67890.0,1
Aman,2016-17,Chapainababganj,2018,129509.0,52409.0,2.773,145324.0,1
Aman,2016-17,Chattogram,2018,421886.0,170728.0,2.787,475889.0,1
Aman,2016-17,Chuadanga,2018,89810.0,36344.0,2.79,101387.0,1
Aman,2016-17,Cox's Bazar,2018,189032.0,76497.0,2.588,197967.0,1
Aman,2016-17,Cumilla,2018,333732.0,135054.0,2.138,288796.0,1
Aman,2016-17,Dhaka,2018,43361.0,17547.0,1.577,27671.0,1
Aman,2016-17,Dinajpur,2018,625691.0,253203.0,2.544,644047.0,1
Aman,2016-17,Faridpur,2018,163608.0,66209.0,2.341,155026.0,1
Aman,2016-17,Feni,2018,162974.0,65952.0,2.682,176883.0,1
Aman,2016-17,Gaibandha,2018,279320.0,113035.0,2.58,291596.0,1
Aman,2016-17,Gazipur,2018,103172.0,41751.0,2.334,97465.0,1
Aman,2016-17,Gopalganj,2018,61727.0,24980.0,1.347,33654.0,1
Aman,2016-17,Habiganj,2018,238205.0,96396.0,2.092,201652.0,1
Aman,2016-17,Jamalpur,2018,242611.0,98179.0,2.435,239048.0,1
Aman,2016-17,Jashore,2018,304232.0,123116.0,2.811,346090.0,1
Aman,2016-17,Jhalokati,2018,114194.0,46212.0,1.754,81058.0,1
Aman,2016-17,Jhenaidah,2018,218617.0,88470.0,3.012,266486.0,1
Aman,2016-17,Joypurhat,2018,174639.0,70673.0,2.858,201989.0,1
Aman,2016-17,Khagrachhari,2018,65463.0,26491.0,2.828,74922.0,1
Aman,2016-17,Khulna,2018,233655.0,94555.0,2.51,237373.0,1
Aman,2016-17,Kishoreganj,2018,190364.0,77036.0,2.577,198538.0,1
Aman,2016-17,Kurigram,2018,249849.0,101108.0,2.443,247025.0,1
Aman,2016-17,Kushtia,2018,204057.0,82577.0,2.742,226393.0,1
Aman,2016-17,Lakshmipur,2018,207018.0,83776.0,2.507,210042.0,1
Aman,2016-17,Lalmonirhat,2018,202029.0,81757.0,2.822,230719.0,1
Aman,2016-17,Madaripur,2018,63862.0,25844.0,1.618,41806.0,1
Aman,2016-17,Magura,2018,142050.0,57485.0,2.64,151739.0,1
Aman,2016-17,Manikganj,2018,50925.0,20608.0,1.279,26348.0,1
Aman,2016-17,Meherpur,2018,59230.0,23969.0,3.03,72618.0,1
Aman,2016-17,Moulvibazar,2018,244246.0,98841.0,2.58,254963.0,1
Aman,2016-17,Munshiganj,2018,50273.0,20344.0,1.112,22614.0,1
Aman,2016-17,Mymensingh,2018,645413.0,261184.0,2.475,646505.0,1
Aman,2016-17,Naogaon,2018,503787.0,203872.0,2.902,591670.0,1
Aman,2016-17,Narail,2018,82319.0,33313.0,2.126,70822.0,1
Aman,2016-17,Narayanganj,2018,23639.0,9566.0,1.369,13100.0,1
Aman,2016-17,Narsingdi,2018,88786.0,35930.0,2.235,80294.0,1
Aman,2016-17,Natore,2018,194805.0,78833.0,2.537,200021.0,1
Aman,2016-17,Netrakona,2018,338049.0,136801.0,2.363,323319.0,1
Aman,2016-17,Nilphamari,2018,267532.0,108264.0,2.787,301775.0,1
Aman,2016-17,Noakhali,2018,314116.0,127116.0,1.992,253264.0,1
Aman,2016-17,Pabna,2018,226205.0,91540.0,2.145,196395.0,1
Aman,2016-17,Panchagarh,2018,227466.0,92051.0,2.797,257502.0,1
Aman,2016-17,Patuakhali,2018,507732.0,205468.0,1.925,395482.0,1
Aman,2016-17,Pirojpur,2018,149232.0,60391.0,1.927,116390.0,1
Aman,2016-17,Rajbari,2018,107386.0,43457.0,2.666,115854.0,1
Aman,2016-17,Rajshahi,2018,175542.0,71038.0,2.915,207047.0,1
Aman,2016-17,Rangamati,2018,24314.0,9839.0,2.826,27804.0,1
Aman,2016-17,Rangpur,2018,393225.0,159130.0,2.817,448271.0,1
Aman,2016-17,Satkhira,2018,214214.0,86688.0,3.016,261492.0,1
Aman,2016-17,Shariatpur,2018,45111.0,18255.0,1.476,26951.0,1
Aman,2016-17,Sherpur,2018,211604.0,85632.0,2.237,191546.0,1
Aman,2016-17,Sirajganj,2018,197221.0,79811.0,2.47,197160.0,1
Aman,2016-17,Sunamganj,2018,142830.0,57800.0,2.189,126520.0,1
Aman,2016-17,Sylhet,2018,324428.0,131289.0,2.204,289409.0,1
Aman,2016-17,Tangail,2018,305735.0,123724.0,2.119,262172.0,1
Aman,2016-17,Thakurgaon,2018,315692.0,127754.0,2.838,362581.0,1
Aus,2015-16,Bagerhat,2018,16931.0,6852.0,2.216,15186.0,1
Aus,2015-16,Bandarban,2018,20742.0,8394.0,1.92,16116.0,1
Aus,2015-16,Barguna,2018,104679.0,42361.0,2.098,88875.0,1
Aus,2015-16,Barishal,2018,67235.0,27209.0,1.5,40801.0,1
Aus,2015-16,Bhola,2018,188122.0,76129.0,1.468,111741.0,1
Aus,2015-16,Bogura,2018,53227.0,21540.0,2.481,53446.0,1
Aus,2015-16,Brahmanbaria,2018,17034.0,6893.0,1.924,13264.0,1
Aus,2015-16,Chandpur,2018,25199.0,10197.0,2.388,24351.0,1
Aus,2015-16,Chapainababganj,2018,121368.0,49115.0,2.351,115474.0,1
Aus,2015-16,Chattogram,2018,76969.0,31148.0,2.475,77092.0,1
Aus,2015-16,Chuadanga,2018,67871.0,27466.0,2.721,74737.0,1
Aus,2015-16,Cox's Bazar,2018,1582.0,640.0,2.432,1557.0,1
Aus,2015-16,Cumilla,2018,160887.0,65107.0,2.456,159886.0,1
Aus,2015-16,Dhaka,2018,1617.0,654.0,2.187,1431.0,1
Aus,2015-16,Dinajpur,2018,16742.0,6775.0,2.324,15748.0,1
Aus,2015-16,Faridpur,2018,12558.0,5082.0,1.301,6609.0,1
Aus,2015-16,Feni,2018,23780.0,9623.0,2.163,20818.0,1
Aus,2015-16,Gaibandha,2018,2595.0,1050.0,1.679,1763.0,1
Aus,2015-16,Gazipur,2018,2921.0,1182.0,2.122,2508.0,1
Aus,2015-16,Gopalganj,2018,3435.0,1390.0,0.859,1194.0,1
Aus,2015-16,Habiganj,2018,103803.0,42007.0,2.294,96347.0,1
Aus,2015-16,Jamalpur,2018,4988.0,2019.0,1.681,3392.0,1
Aus,2015-16,Jashore,2018,69092.0,27960.0,2.795,78144.0,1
Aus,2015-16,Jhalokati,2018,39716.0,16072.0,1.946,31272.0,1
Aus,2015-16,Jhenaidah,2018,53172.0,21518.0,2.937,63191.0,1
Aus,2015-16,Joypurhat,2018,116.0,47.0,2.158,101.0,1
Aus,2015-16,Khagrachhari,2018,5996.0,2426.0,1.879,4559.0,1
Aus,2015-16,Khulna,2018,6833.0,2765.0,1.285,3552.0,1
Aus,2015-16,Kishoreganj,2018,58911.0,23840.0,2.038,48583.0,1
Aus,2015-16,Kurigram,2018,4129.0,1671.0,1.815,3033.0,1
Aus,2015-16,Kushtia,2018,72535.0,29353.0,2.398,70397.0,1
Aus,2015-16,Lakshmipur,2018,69639.0,28181.0,1.662,46849.0,1
Aus,2015-16,Lalmonirhat,2018,11664.0,4720.0,2.444,11538.0,1
Aus,2015-16,Madaripur,2018,3486.0,1411.0,1.36,1918.0,1
Aus,2015-16,Magura,2018,15692.0,6350.0,2.105,13370.0,1
Aus,2015-16,Manikganj,2018,2039.0,825.0,2.076,1713.0,1
Aus,2015-16,Meherpur,2018,22180.0,8976.0,2.994,26875.0,1
Aus,2015-16,Moulvibazar,2018,92268.0,37339.0,2.748,102602.0,1
Aus,2015-16,Munshiganj,2018,949.0,384.0,2.486,955.0,1
Aus,2015-16,Mymensingh,2018,57548.0,23288.0,2.454,57140.0,1
Aus,2015-16,Naogaon,2018,127185.0,51469.0,2.693,138626.0,1
Aus,2015-16,Narail,2018,14315.0,5793.0,1.421,8229.0,1
Aus,2015-16,Narayanganj,2018,378.0,153.0,2.14,327.0,1
Aus,2015-16,Narsingdi,2018,342.0,138.0,1.485,206.0,1
Aus,2015-16,Natore,2018,12561.0,5083.0,2.137,10861.0,1
Aus,2015-16,Netrakona,2018,661.0,267.0,1.642,439.0,1
Aus,2015-16,Nilphamari,2018,922.0,373.0,1.476,551.0,1
Aus,2015-16,Noakhali,2018,113854.0,46074.0,1.793,82632.0,1
Aus,2015-16,Pabna,2018,35083.0,14197.0,1.825,25904.0,1
Aus,2015-16,Panchagarh,2018,470.0,190.0,2.171,413.0,1
Aus,2015-16,Patuakhali,2018,106453.0,43079.0,2.06,88749.0,1
Aus,2015-16,Pirojpur,2018,56384.0,22817.0,2.135,48710.0,1
Aus,2015-16,Rajbari,2018,393.0,159.0,2.704,430.0,1
Aus,2015-16,Rajshahi,2018,98483.0,39854.0,2.829,112737.0,1
Aus,2015-16,Rangamati,2018,16494.0,6675.0,1.507,10059.0,1
Aus,2015-16,Rangpur,2018,33187.0,13430.0,2.786,37411.0,1
Aus,2015-16,Satkhira,2018,20237.0,8189.0,2.5,20471.0,1
Aus,2015-16,Shariatpur,2018,21721.0,8790.0,1.328,11676.0,1
Aus,2015-16,Sherpur,2018,5951.0,2408.0,1.975,4756.0,1
Aus,2015-16,Sirajganj,2018,13775.0,5574.0,2.196,12242.0,1
Aus,2015-16,Sunamganj,2018,12399.0,5018.0,2.531,12700.0,1
Aus,2015-16,Sylhet,2018,116049.0,46962.0,2.675,125637.0,1
Aus,2015-16,Tangail,2018,2993.0,1211.0,1.059,1282.0,1
Aus,2015-16,Thakurgaon,2018,24963.0,10102.0,2.521,25466.0,1
Aus,2016-17,Bagerhat,2018,13526.0,5474.0,2.366,12953.0,1
Aus,2016-17,Bandarban,2018,21050.0,8518.0,1.733,14766.0,1
Aus,2016-17,Barguna,2018,100190.0,40545.0,2.279,92403.0,1
Aus,2016-17,Barishal,2018,54216.0,21940.0,1.622,35582.0,1
Aus,2016-17,Bhola,2018,185353.0,75008.0,1.591,119328.0,1
Aus,2016-17,Bogura,2018,46649.0,18878.0,2.497,47137.0,1
Aus,2016-17,Brahmanbaria,2018,18901.0,7649.0,2.175,16639.0,1
Aus,2016-17,Chandpur,2018,24393.0,9871.0,2.489,24569.0,1
Aus,2016-17,Chapainababganj,2018,115949.0,46922.0,2.393,112269.0,1
Aus,2016-17,Chattogram,2018,78593.0,31805.0,2.643,84071.0,1
Aus,2016-17,Chuadanga,2018,67070.0,27142.0,2.786,75607.0,1
Aus,2016-17,Cox's Bazar,2018,2980.0,1206.0,2.393,2886.0,1
Aus,2016-17,Cumilla,2018,158057.0,63962.0,2.317,148178.0,1
Aus,2016-17,Dhaka,2018,1618.0,655.0,2.149,1407.0,1
Aus,2016-17,Dinajpur,2018,12869.0,5208.0,2.223,11577.0,1
Aus,2016-17,Faridpur,2018,13555.0,5485.0,1.439,7892.0,1
Aus,2016-17,Feni,2018,18593.0,7524.0,1.963,14768.0,1
Aus,2016-17,Gaibandha,2018,2594.0,1050.0,1.762,1849.0,1
Aus,2016-17,Gazipur,2018,3036.0,1229.0,2.426,2980.0,1
Aus,2016-17,Gopalganj,2018,4197.0,1698.0,1.581,2685.0,1
Aus,2016-17,Habiganj,2018,96846.0,39191.0,2.36,92498.0,1
Aus,2016-17,Jamalpur,2018,4589.0,1857.0,1.803,3347.0,1
Aus,2016-17,Jashore,2018,45692.0,18491.0,2.767,51160.0,1
Aus,2016-17,Jhalokati,2018,31365.0,12693.0,1.98,25136.0,1
Aus,2016-17,Jhenaidah,2018,52591.0,21282.0,2.92,62145.0,1
Aus,2016-17,Joypurhat,2018,144.0,58.0,2.306,134.0,1
Aus,2016-17,Khagrachhari,2018,5794.0,2345.0,1.942,4554.0,1
Aus,2016-17,Khulna,2018,7013.0,2838.0,1.422,4035.0,1
Aus,2016-17,Kishoreganj,2018,52868.0,21395.0,2.145,45890.0,1
Aus,2016-17,Kurigram,2018,3455.0,1398.0,2.121,2966.0,1
Aus,2016-17,Kushtia,2018,49332.0,19964.0,2.261,45134.0,1
Aus,2016-17,Lakshmipur,2018,68448.0,27699.0,1.722,47710.0,1
Aus,2016-17,Lalmonirhat,2018,3110.0,1259.0,2.38,2995.0,1
Aus,2016-17,Madaripur,2018,3707.0,1500.0,1.778,2667.0,1
Aus,2016-17,Magura,2018,9125.0,3693.0,2.24,8273.0,1
Aus,2016-17,Manikganj,2018,1452.0,588.0,2.128,1251.0,1
Aus,2016-17,Meherpur,2018,22130.0,8956.0,3.219,28829.0,1
Aus,2016-17,Moulvibazar,2018,99968.0,40455.0,2.789,112836.0,1
Aus,2016-17,Munshiganj,2018,331.0,134.0,2.369,317.0,1
Aus,2016-17,Mymensingh,2018,51764.0,20948.0,2.472,51783.0,1
Aus,2016-17,Naogaon,2018,127376.0,51546.0,2.711,139738.0,1
Aus,2016-17,Narail,2018,12273.0,4967.0,1.6,7948.0,1
Aus,2016-17,Narayanganj,2018,323.0,131.0,2.204,288.0,1
Aus,2016-17,Narsingdi,2018,698.0,282.0,2.002,565.0,1
Aus,2016-17,Natore,2018,12254.0,4959.0,2.195,10885.0,1
Aus,2016-17,Netrakona,2018,488.0,197.0,1.998,395.0,1
Aus,2016-17,Nilphamari,2018,288.0,117.0,1.568,183.0,1
Aus,2016-17,Noakhali,2018,104545.0,42307.0,1.723,72881.0,1
Aus,2016-17,Pabna,2018,35011.0,14168.0,1.826,25867.0,1
Aus,2016-17,Panchagarh,2018,300.0,121.0,2.445,297.0,1
Aus,2016-17,Patuakhali,2018,79520.0,32180.0,2.058,66213.0,1
Aus,2016-17,Pirojpur,2018,45290.0,18328.0,2.065,37845.0,1
Aus,2016-17,Rajbari,2018,2513.0,1017.0,1.337,1360.0,1
Aus,2016-17,Rajshahi,2018,95938.0,38824.0,2.672,103737.0,1
Aus,2016-17,Rangamati,2018,17110.0,6924.0,1.502,10401.0,1
Aus,2016-17,Rangpur,2018,33841.0,13695.0,2.624,35938.0,1
Aus,2016-17,Satkhira,2018,15971.0,6463.0,2.5,16156.0,1
Aus,2016-17,Shariatpur,2018,19330.0,7822.0,1.408,11014.0,1
Aus,2016-17,Sherpur,2018,4978.0,2014.0,2.135,4301.0,1
Aus,2016-17,Sirajganj,2018,9992.0,4044.0,2.181,8820.0,1
Aus,2016-17,Sunamganj,2018,14042.0,5682.0,2.482,14107.0,1
Aus,2016-17,Sylhet,2018,115626.0,46791.0,2.477,115909.0,1
Aus,2016-17,Tangail,2018,2680.0,1085.0,1.424,1545.0,1
Aus,2016-17,Thakurgaon,2018,23488.0,9505.0,2.526,24014.0,1
Boro,2015-16,Bagerhat,2018,122414.0,49538.0,3.2836666666666665,196045.0,3
Boro,2015-16,Bandarban,2018,11132.0,4505.0,2.4290000000000003,15312.0,3
Boro,2015-16,Barguna,2018,568.0,230.0,0.9963333333333333,687.0,3
Boro,2015-16,Barishal,2018,139819.0,56582.0,3.2876666666666665,209043.0,3
Boro,2015-16,Bhola,2018,135547.0,54853.0,3.4523333333333333,176768.0,3
Boro,2015-16,Bogura,2018,463912.0,187734.0,3.594,702778.0,3
Boro,2015-16,Brahmanbaria,2018,260121.0,105266.0,3.363666666666667,410660.0,3
Boro,2015-16,Chandpur,2018,154052.0,62342.0,3.159333333333333,212794.0,3
Boro,2015-16,Chapainababganj,2018,118724.0,48045.0,2.704333333333333,177641.0,3
Boro,2015-16,Chattogram,2018,160608.0,64994.0,2.5396666666666667,222500.0,3
Boro,2015-16,Chuadanga,2018,94216.0,38127.0,2.6933333333333334,144653.0,3
Boro,2015-16,Cox's Bazar,2018,119797.0,48479.0,3.3296666666666668,168673.0,3
Boro,2015-16,Cumilla,2018,392640.0,158893.0,3.047,581778.0,3
Boro,2015-16,Dhaka,2018,117848.0,47690.0,3.907666666666666,211933.0,3
Boro,2015-16,Dinajpur,2018,438674.0,177521.0,3.0286666666666666,726107.0,3
Boro,2015-16,Faridpur,2018,70717.0,28618.0,3.6743333333333332,116346.0,3
Boro,2015-16,Feni,2018,78573.0,31797.0,2.7516666666666665,113281.0,3
Boro,2015-16,Gaibandha,2018,301991.0,122209.0,3.304,467757.0,3
Boro,2015-16,Gazipur,2018,146056.0,59105.0,3.6743333333333332,234186.0,3
Boro,2015-16,Gopalganj,2018,195773.0,79225.0,3.7616666666666667,365589.0,3
Boro,2015-16,Habiganj,2018,277685.0,112373.0,3.157666666666666,401138.0,3
Boro,2015-16,Jamalpur,2018,317395.0,128443.0,3.452666666666667,524431.0,3
Boro,2015-16,Jashore,2018,385778.0,156116.0,3.081,652053.0,3
Boro,2015-16,Jhalokati,2018,20793.0,8414.0,3.444333333333333,32379.0,3
Boro,2015-16,Jhenaidah,2018,212646.0,86053.0,3.145666666666667,359742.0,3
Boro,2015-16,Joypurhat,2018,166936.0,67555.0,2.9516666666666667,290368.0,3
Boro,2015-16,Khagrachhari,2018,24437.0,9889.0,2.235333333333333,31887.0,3
Boro,2015-16,Khulna,2018,121788.0,49285.0,3.0796666666666668,176698.0,3
Boro,2015-16,Kishoreganj,2018,416714.0,168635.0,3.4730000000000003,699047.0,3
Boro,2015-16,Kurigram,2018,250551.0,101392.0,3.489666666666667,419821.0,3
Boro,2015-16,Kushtia,2018,89276.0,36128.0,2.643333333333333,133117.0,3
Boro,2015-16,Lakshmipur,2018,58515.0,23680.0,2.733333333333333,91176.0,3
Boro,2015-16,Lalmonirhat,2018,117915.0,47718.0,2.7303333333333337,188861.0,3
Boro,2015-16,Madaripur,2018,95444.0,38624.0,3.7729999999999997,166198.0,3
Boro,2015-16,Magura,2018,91241.0,36923.0,2.7733333333333334,135459.0,3
Boro,2015-16,Manikganj,2018,135439.0,54809.0,3.699,239964.0,3
Boro,2015-16,Meherpur,2018,49275.0,19940.0,3.074666666666667,80086.0,3
Boro,2015-16,Moulvibazar,2018,121840.0,49306.0,3.201333333333333,172134.0,3
Boro,2015-16,Munshiganj,2018,60958.0,24669.0,3.5256666666666665,103049.0,3
Boro,2015-16,Mymensingh,2018,652496.0,264051.0,3.548,1074189.0,3
Boro,2015-16,Naogaon,2018,495864.0,200665.0,4.6675,826198.0,2
Boro,2015-16,Narail,2018,90833.0,36758.0,3.5366666666666666,143207.0,3
Boro,2015-16,Narayanganj,2018,63835.0,25832.0,3.2099999999999995,95581.0,3
Boro,2015-16,Narsingdi,2018,131181.0,53086.0,3.4403333333333332,197940.0,3
Boro,2015-16,Natore,2018,132150.0,53478.0,4.137,242312.0,3
Boro,2015-16,Netrakona,2018,444073.0,179706.0,3.638,722996.0,3
Boro,2015-16,Nilphamari,2018,200352.0,81078.0,2.988666666666667,352182.0,3
Boro,2015-16,Noakhali,2018,142974.0,57859.0,2.9086666666666665,262818.0,3
Boro,2015-16,Pabna,2018,169677.0,68665.0,3.3843333333333336,272865.0,3
Boro,2015-16,Panchagarh,2018,98092.0,39695.0,2.917666666666667,158779.0,3
Boro,2015-16,Patuakhali,2018,3910.0,1582.0,1.344,3296.0,3
Boro,2015-16,Pirojpur,2018,50359.0,20379.0,3.2526666666666664,73206.0,3
Boro,2015-16,Rajbari,2018,41527.0,16805.0,3.6566666666666663,70984.0,3
Boro,2015-16,Rajshahi,2018,173156.0,70072.0,3.084,284455.0,3
Boro,2015-16,Rangamati,2018,19071.0,7717.0,2.6183333333333336,29993.0,3
Boro,2015-16,Rangpur,2018,325678.0,131795.0,3.041,581456.0,3
Boro,2015-16,Satkhira,2018,181101.0,73287.0,2.748666666666667,283771.0,3
Boro,2015-16,Shariatpur,2018,66239.0,26805.0,3.792,111665.0,3
Boro,2015-16,Sherpur,2018,221812.0,89763.0,3.456,358303.0,3
Boro,2015-16,Sirajganj,2018,341322.0,138125.0,3.762333333333333,582925.0,3
Boro,2015-16,Sunamganj,2018,467945.0,189367.0,3.4589999999999996,685226.0,3
Boro,2015-16,Sylhet,2018,172802.0,69929.0,2.927,201490.0,3
Boro,2015-16,Tangail,2018,415172.0,168011.0,3.642333333333333,725633.0,3
Boro,2015-16,Thakurgaon,2018,154083.0,62354.0,2.887,243972.0,3
Boro,2016-17,Bagerhat,2018,130054.0,52629.0,3.3369999999999997,218606.0,3
Boro,2016-17,Bandarban,2018,11040.0,4467.0,2.3379999999999996,13537.0,3
Boro,2016-17,Barguna,2018,860.0,348.0,1.0583333333333333,1105.0,3
Boro,2016-17,Barishal,2018,132719.0,53708.0,3.4136666666666664,205808.0,3
Boro,2016-17,Bhola,2018,116363.0,47090.0,3.557,165500.0,3
Boro,2016-17,Bogura,2018,458984.0,185741.0,3.5980000000000003,719981.0,3
Boro,2016-17,Brahmanbaria,2018,251223.0,101665.0,3.5856666666666666,398251.0,3
Boro,2016-17,Chandpur,2018,272975.0,110467.0,3.174,436135.0,3
Boro,2016-17,Chapainababganj,2018,114018.0,46141.0,2.7693333333333334,175669.0,3
Boro,2016-17,Chattogram,2018,152058.0,61534.0,2.462,187680.0,3
Boro,2016-17,Chuadanga,2018,86884.0,35160.0,2.7473333333333336,135832.0,3
Boro,2016-17,Cox's Bazar,2018,125933.0,50963.0,3.5690000000000004,198203.0,3
Boro,2016-17,Cumilla,2018,386090.0,156243.0,3.139,574371.0,3
Boro,2016-17,Dhaka,2018,119274.0,48268.0,3.822333333333333,218997.0,3
Boro,2016-17,Dinajpur,2018,436172.0,176510.0,2.9203333333333332,707246.0,3
Boro,2016-17,Faridpur,2018,59649.0,24139.0,3.703,100513.0,3
Boro,2016-17,Feni,2018,73438.0,29718.0,2.8516666666666666,110208.0,3
Boro,2016-17,Gaibandha,2018,309798.0,125368.0,3.3426666666666667,481240.0,3
Boro,2016-17,Gazipur,2018,139403.0,56414.0,3.718,223605.0,3
Boro,2016-17,Gopalganj,2018,185730.0,75161.0,3.857666666666667,354418.0,3
Boro,2016-17,Habiganj,2018,236780.0,95820.0,3.1823333333333337,337832.0,3
Boro,2016-17,Jamalpur,2018,317985.0,128682.0,3.4133333333333336,506653.0,3
Boro,2016-17,Jashore,2018,375519.0,151964.0,3.207666666666667,669014.0,3
Boro,2016-17,Jhalokati,2018,21239.0,8594.0,3.514666666666667,33249.0,3
Boro,2016-17,Jhenaidah,2018,205622.0,83210.0,3.238,359083.0,3
Boro,2016-17,Joypurhat,2018,168101.0,68027.0,2.9776666666666665,293753.0,3
Boro,2016-17,Khagrachhari,2018,24429.0,9886.0,2.4153333333333333,33095.0,3
Boro,2016-17,Khulna,2018,121063.0,48991.0,3.3733333333333335,198900.0,3
Boro,2016-17,Kishoreganj,2018,287295.0,116263.0,3.5723333333333334,503363.0,3
Boro,2016-17,Kurigram,2018,264482.0,107031.0,3.5063333333333335,428420.0,3
Boro,2016-17,Kushtia,2018,84044.0,34011.0,2.8386666666666667,135811.0,3
Boro,2016-17,Lakshmipur,2018,58516.0,23680.0,2.739666666666667,90546.0,3
Boro,2016-17,Lalmonirhat,2018,118304.0,47875.0,2.86,197277.0,3
Boro,2016-17,Madaripur,2018,80358.0,32519.0,3.885333333333333,145625.0,3
Boro,2016-17,Magura,2018,83562.0,33815.0,2.9299999999999997,138638.0,3
Boro,2016-17,Manikganj,2018,124954.0,50567.0,3.8860000000000006,230617.0,3
Boro,2016-17,Meherpur,2018,52980.0,21440.0,2.997,85244.0,3
Boro,2016-17,Moulvibazar,2018,97087.0,39288.0,3.132,132412.0,3
Boro,2016-17,Munshiganj,2018,59424.0,24048.0,3.5396666666666667,100860.0,3
Boro,2016-17,Mymensingh,2018,650569.0,263271.0,3.578333333333333,1072834.0,3
Boro,2016-17,Naogaon,2018,474473.0,192009.0,4.567,789518.0,2
Boro,2016-17,Narail,2018,94201.0,38121.0,3.675666666666667,157436.0,3
Boro,2016-17,Narayanganj,2018,62370.0,25240.0,3.361,99814.0,3
Boro,2016-17,Narsingdi,2018,126303.0,51113.0,3.5690000000000004,190769.0,3
Boro,2016-17,Natore,2018,130013.0,52614.0,4.099666666666667,242317.0,3
Boro,2016-17,Netrakona,2018,347960.0,140812.0,3.6146666666666665,563439.0,3
Boro,2016-17,Nilphamari,2018,198696.0,80408.0,2.905,338250.0,3
Boro,2016-17,Noakhali,2018,147795.0,59809.0,2.8943333333333334,269706.0,3
Boro,2016-17,Pabna,2018,149636.0,60555.0,3.542333333333333,241412.0,3
Boro,2016-17,Panchagarh,2018,89020.0,36024.0,2.9343333333333335,147361.0,3
Boro,2016-17,Patuakhali,2018,2280.0,923.0,1.4436666666666664,2446.0,3
Boro,2016-17,Pirojpur,2018,48247.0,19525.0,3.3049999999999997,77459.0,3
Boro,2016-17,Rajbari,2018,36112.0,14613.0,3.746,62870.0,3
Boro,2016-17,Rajshahi,2018,164865.0,66718.0,3.111333333333333,272701.0,3
Boro,2016-17,Rangamati,2018,18608.0,7531.0,2.832333333333333,31261.0,3
Boro,2016-17,Rangpur,2018,328152.0,132796.0,2.9393333333333334,565686.0,3
Boro,2016-17,Satkhira,2018,183426.0,74229.0,2.7913333333333328,292504.0,3
Boro,2016-17,Shariatpur,2018,67725.0,27407.0,3.8156666666666665,112065.0,3
Boro,2016-17,Sherpur,2018,214101.0,86642.0,3.5229999999999997,352271.0,3
Boro,2016-17,Sirajganj,2018,340821.0,137922.0,3.743,566275.0,3
Boro,2016-17,Sunamganj,2018,134397.0,54388.0,3.331666666666667,196500.0,3
Boro,2016-17,Sylhet,2018,143099.0,57909.0,2.9593333333333334,167560.0,3
Boro,2016-17,Tangail,2018,414882.0,167894.0,3.734666666666667,700905.0,3
Boro,2016-17,Thakurgaon,2018,148177.0,59964.0,3.1630000000000003,253090.0,3
Chili,2014-15,Bagerhat,2018,1121.0,,,521.0,2
Chili,2014-15,Bandarban,2018,1282.0,,,1436.0,2
Chili,2014-15,Barguna,2018,803.0,,,213.0,2
Chili,2014-15,Barishal,2018,2864.0,,,902.0,2
Chili,2014-15,Bhola,2018,36054.0,,,11177.0,2
Chili,2014-15,Bogura,2018,9500.0,,,4977.0,2
Chili,2014-15,Brahmanbaria,2018,2372.0,,,1177.0,2
Chili,2014-15,Chandpur,2018,5807.0,,,2340.0,2
Chili,2014-15,Chapainababganj,2018,402.0,,,254.0,2
Chili,2014-15,Chattogram,2018,7328.0,,,2752.0,2
Chili,2014-15,Chuadanga,2018,2835.0,,,2235.0,2
Chili,2014-15,Cox's Bazar,2018,1879.0,,,949.0,2
Chili,2014-15,Cumilla,2018,8638.0,,,5183.0,2
Chili,2014-15,Dhaka,2018,1771.0,,,937.0,2
Chili,2014-15,Dinajpur,2018,3196.0,,,1900.0,2
Chili,2014-15,Faridpur,2018,7343.0,,,8041.0,2
Chili,2014-15,Feni,2018,1128.0,,,351.0,2
Chili,2014-15,Gaibandha,2018,1282.0,,,798.0,2
Chili,2014-15,Gazipur,2018,308.0,,,130.0,2
Chili,2014-15,Gopalganj,2018,941.0,,,917.0,2
Chili,2014-15,Habiganj,2018,767.0,,,440.0,2
Chili,2014-15,Jamalpur,2018,14194.0,,,4803.0,2
Chili,2014-15,Jashore,2018,3636.0,,,1543.0,2
Chili,2014-15,Jhalokati,2018,1298.0,,,320.0,2
Chili,2014-15,Jhenaidah,2018,4117.0,,,1825.0,2
Chili,2014-15,Joypurhat,2018,721.0,,,360.0,2
Chili,2014-15,Khagrachhari,2018,1138.0,,,378.0,2
Chili,2014-15,Khulna,2018,702.0,,,1049.0,2
Chili,2014-15,Kishoreganj,2018,4125.0,,,1870.0,2
Chili,2014-15,Kurigram,2018,1628.0,,,1009.0,2
Chili,2014-15,Kushtia,2018,1953.0,,,1364.0,2
Chili,2014-15,Lakshmipur,2018,5558.0,,,2023.0,2
Chili,2014-15,Lalmonirhat,2018,923.0,,,850.0,2
Chili,2014-15,Madaripur,2018,1588.0,,,475.0,2
Chili,2014-15,Magura,2018,729.0,,,502.0,2
Chili,2014-15,Manikganj,2018,2654.0,,,1258.0,2
Chili,2014-15,Meherpur,2018,2393.0,,,1158.0,2
Chili,2014-15,Moulvibazar,2018,704.0,,,528.0,2
Chili,2014-15,Munshiganj,2018,1284.0,,,719.0,2
Chili,2014-15,Mymensingh,2018,4129.0,,,2443.0,2
Chili,2014-15,Naogaon,2018,1288.0,,,836.0,2
Chili,2014-15,Narail,2018,917.0,,,2038.0,2
Chili,2014-15,Narayanganj,2018,804.0,,,395.0,2
Chili,2014-15,Narsingdi,2018,2241.0,,,853.0,2
Chili,2014-15,Natore,2018,1654.0,,,715.0,2
Chili,2014-15,Netrakona,2018,1095.0,,,649.0,2
Chili,2014-15,Nilphamari,2018,5238.0,,,12328.0,2
Chili,2014-15,Noakhali,2018,10470.0,,,3052.0,2
Chili,2014-15,Pabna,2018,8907.0,,,5337.0,2
Chili,2014-15,Panchagarh,2018,7039.0,,,3955.0,2
Chili,2014-15,Patuakhali,2018,1640.0,,,367.0,2
Chili,2014-15,Pirojpur,2018,1198.0,,,400.0,2
Chili,2014-15,Rajbari,2018,4844.0,,,1973.0,2
Chili,2014-15,Rajshahi,2018,3025.0,,,3227.0,2
Chili,2014-15,Rangamati,2018,2250.0,,,1186.0,2
Chili,2014-15,Rangpur,2018,2597.0,,,1366.0,2
Chili,2014-15,Satkhira,2018,1214.0,,,1783.0,2
Chili,2014-15,Shariatpur,2018,1210.0,,,638.0,2
Chili,2014-15,Sherpur,2018,2959.0,,,1169.0,2
Chili,2014-15,Sirajganj,2018,8593.0,,,5697.0,2
Chili,2014-15,Sunamganj,2018,310.0,,,162.0,2
Chili,2014-15,Sylhet,2018,865.0,,,477.0,2
Chili,2014-15,Tangail,2018,3559.0,,,1162.0,2
Chili,2014-15,Thakurgaon,2018,2742.0,,,976.0,2
Chili,2015-16,Bagerhat,2018,1131.0,,,467.0,2
Chili,2015-16,Bandarban,2018,552.0,,,693.0,2
Chili,2015-16,Barguna,2018,988.0,,,303.0,2
Chili,2015-16,Barishal,2018,2863.0,,,976.26,2
Chili,2015-16,Bhola,2018,35455.0,,,14401.0,2
Chili,2015-16,Bogura,2018,9496.0,,,5461.0,2
Chili,2015-16,Brahmanbaria,2018,3154.0,,,2082.0,2
Chili,2015-16,Chandpur,2018,5619.0,,,2334.0,2
Chili,2015-16,Chapainababganj,2018,481.0,,,387.0,2
Chili,2015-16,Chattogram,2018,7324.0,,,2740.0,2
Chili,2015-16,Chuadanga,2018,3030.0,,,2858.0,2
Chili,2015-16,Cox's Bazar,2018,1927.0,,,1219.0,2
Chili,2015-16,Cumilla,2018,8304.0,,,680.0,2
Chili,2015-16,Dhaka,2018,1737.0,,,960.0,2
Chili,2015-16,Dinajpur,2018,3790.0,,,2178.0,2
Chili,2015-16,Faridpur,2018,6885.0,,,7600.0,2
Chili,2015-16,Feni,2018,1183.0,,,321.0,2
Chili,2015-16,Gaibandha,2018,1356.0,,,1083.0,2
Chili,2015-16,Gazipur,2018,1612.0,,,630.0,2
Chili,2015-16,Gopalganj,2018,938.0,,,956.0,2
Chili,2015-16,Habiganj,2018,673.0,,,420.0,2
Chili,2015-16,Jamalpur,2018,16980.0,,,6174.0,2
Chili,2015-16,Jashore,2018,3509.0,,,1506.0,2
Chili,2015-16,Jhalokati,2018,1307.0,,,332.0,2
Chili,2015-16,Jhenaidah,2018,4187.0,,,1796.0,2
Chili,2015-16,Joypurhat,2018,754.0,,,317.0,2
Chili,2015-16,Khagrachhari,2018,1159.0,,,382.0,2
Chili,2015-16,Khulna,2018,709.0,,,1046.0,2
Chili,2015-16,Kishoreganj,2018,3841.0,,,2534.0,2
Chili,2015-16,Kurigram,2018,2000.0,,,1399.0,2
Chili,2015-16,Kushtia,2018,1920.0,,,1531.0,2
Chili,2015-16,Lakshmipur,2018,4877.0,,,1807.0,2
Chili,2015-16,Lalmonirhat,2018,733.0,,,818.0,2
Chili,2015-16,Madaripur,2018,1576.0,,,489.0,2
Chili,2015-16,Magura,2018,918.0,,,711.0,2
Chili,2015-16,Manikganj,2018,7632.0,,,3441.0,2
Chili,2015-16,Meherpur,2018,2323.0,,,1131.0,2
Chili,2015-16,Moulvibazar,2018,415.0,,,175.0,2
Chili,2015-16,Munshiganj,2018,1293.0,,,718.0,2
Chili,2015-16,Mymensingh,2018,4265.0,,,3252.0,2
Chili,2015-16,Naogaon,2018,2231.0,,,1441.0,2
Chili,2015-16,Narail,2018,939.0,,,2160.0,2
Chili,2015-16,Narayanganj,2018,739.0,,,305.0,2
Chili,2015-16,Narsingdi,2018,2178.0,,,870.0,2
Chili,2015-16,Natore,2018,1421.0,,,640.0,2
Chili,2015-16,Netrakona,2018,1087.0,,,639.0,2
Chili,2015-16,Nilphamari,2018,4956.0,,,3897.0,2
Chili,2015-16,Noakhali,2018,10418.0,,,2861.0,2
Chili,2015-16,Pabna,2018,8804.0,,,5388.0,2
Chili,2015-16,Panchagarh,2018,14770.0,,,8543.0,2
Chili,2015-16,Patuakhali,2018,2934.0,,,887.0,2
Chili,2015-16,Pirojpur,2018,1013.0,,,346.0,2
Chili,2015-16,Rajbari,2018,4049.0,,,3256.0,2
Chili,2015-16,Rajshahi,2018,3336.0,,,3169.0,2
Chili,2015-16,Rangamati,2018,2164.0,,,1127.0,2
Chili,2015-16,Rangpur,2018,2673.0,,,1434.0,2
Chili,2015-16,Satkhira,2018,1285.0,,,962.0,2
Chili,2015-16,Shariatpur,2018,11546.0,,,6439.0,2
Chili,2015-16,Sherpur,2018,3038.0,,,1225.0,2
Chili,2015-16,Sirajganj,2018,6468.0,,,3599.0,2
Chili,2015-16,Sunamganj,2018,820.0,,,513.0,2
Chili,2015-16,Sylhet,2018,647.0,,,338.0,2
Chili,2015-16,Tangail,2018,3616.0,,,1103.0,2
Chili,2015-16,Thakurgaon,2018,1844.0,,,810.0,2
Chili,2016-17,Bagerhat,2018,1149.0,,,463.0,2
Chili,2016-17,Bandarban,2018,841.0,,,668.0,2
Chili,2016-17,Barguna,2018,920.0,,,254.0,2
Chili,2016-17,Barishal,2018,2857.0,,,972.0,2
Chili,2016-17,Bhola,2018,37585.0,,,15695.0,2
Chili,2016-17,Bogura,2018,10588.0,,,6345.0,2
Chili,2016-17,Brahmanbaria,2018,3198.0,,,2120.0,2
Chili,2016-17,Chandpur,2018,5779.0,,,2645.0,2
Chili,2016-17,Chapainababganj,2018,431.0,,,498.0,2
Chili,2016-17,Chattogram,2018,7327.0,,,2747.0,2
Chili,2016-17,Chuadanga,2018,2995.0,,,4618.0,2
Chili,2016-17,Cox's Bazar,2018,1949.0,,,1253.0,2
Chili,2016-17,Cumilla,2018,8490.0,,,4975.0,2
Chili,2016-17,Dhaka,2018,1755.0,,,987.0,2
Chili,2016-17,Dinajpur,2018,3816.0,,,2211.0,2
Chili,2016-17,Faridpur,2018,6856.0,,,7542.0,2
Chili,2016-17,Feni,2018,768.0,,,216.0,2
Chili,2016-17,Gaibandha,2018,1600.0,,,875.0,2
Chili,2016-17,Gazipur,2018,1598.0,,,630.0,2
Chili,2016-17,Gopalganj,2018,900.0,,,897.0,2
Chili,2016-17,Habiganj,2018,777.0,,,755.0,2
Chili,2016-17,Jamalpur,2018,17069.0,,,6337.0,2
Chili,2016-17,Jashore,2018,3526.0,,,1550.0,2
Chili,2016-17,Jhalokati,2018,1319.0,,,401.0,2
Chili,2016-17,Jhenaidah,2018,3309.0,,,1473.0,2
Chili,2016-17,Joypurhat,2018,747.0,,,340.0,2
Chili,2016-17,Khagrachhari,2018,1192.0,,,389.0,2
Chili,2016-17,Khulna,2018,689.0,,,1029.0,2
Chili,2016-17,Kishoreganj,2018,3673.0,,,2509.0,2
Chili,2016-17,Kurigram,2018,1967.0,,,1356.0,2
Chili,2016-17,Kushtia,2018,1934.0,,,1410.0,2
Chili,2016-17,Lakshmipur,2018,4537.0,,,1641.0,2
Chili,2016-17,Lalmonirhat,2018,1856.0,,,888.0,2
Chili,2016-17,Madaripur,2018,1605.0,,,494.0,2
Chili,2016-17,Magura,2018,927.0,,,783.0,2
Chili,2016-17,Manikganj,2018,7432.0,,,3611.0,2
Chili,2016-17,Meherpur,2018,2308.0,,,1179.0,2
Chili,2016-17,Moulvibazar,2018,427.0,,,188.0,2
Chili,2016-17,Munshiganj,2018,1350.0,,,748.0,2
Chili,2016-17,Mymensingh,2018,4367.0,,,2642.0,2
Chili,2016-17,Naogaon,2018,2640.0,,,1758.0,2
Chili,2016-17,Narail,2018,947.0,,,2133.0,2
Chili,2016-17,Narayanganj,2018,726.0,,,295.0,2
Chili,2016-17,Narsingdi,2018,2142.0,,,858.0,2
Chili,2016-17,Natore,2018,1410.0,,,647.0,2
Chili,2016-17,Netrakona,2018,1187.0,,,742.0,2
Chili,2016-17,Nilphamari,2018,5025.0,,,3599.0,2
Chili,2016-17,Noakhali,2018,11226.0,,,3126.0,2
Chili,2016-17,Pabna,2018,8987.0,,,5631.0,2
Chili,2016-17,Panchagarh,2018,14858.0,,,8684.0,2
Chili,2016-17,Patuakhali,2018,2841.0,,,657.0,2
Chili,2016-17,Pirojpur,2018,1030.0,,,373.0,2
Chili,2016-17,Rajbari,2018,4172.0,,,3474.0,2
Chili,2016-17,Rajshahi,2018,2916.0,,,900.0,2
Chili,2016-17,Rangamati,2018,2169.0,,,1139.0,2
Chili,2016-17,Rangpur,2018,3428.0,,,1788.0,2
Chili,2016-17,Satkhira,2018,1244.0,,,1534.0,2
Chili,2016-17,Shariatpur,2018,10766.0,,,6120.0,2
Chili,2016-17,Sherpur,2018,3187.0,,,1292.0,2
Chili,2016-17,Sirajganj,2018,5316.0,,,2960.0,2
Chili,2016-17,Sunamganj,2018,688.0,,,463.0,2
Chili,2016-17,Sylhet,2018,622.0,,,329.0,2
Chili,2016-17,Tangail,2018,3645.0,,,1208.0,2
Chili,2016-17,Thakurgaon,2018,1876.0,,,828.0,2
Garlic,2014-15,Bagerhat,2018,141.0,,,158.0,1
Garlic,2014-15,Bandarban,2018,66.0,,,123.0,1
Garlic,2014-15,Barguna,2018,60.0,,,50.0,1
Garlic,2014-15,Barishal,2018,361.0,,,207.0,1
Garlic,2014-15,Bhola,2018,1747.0,,,2524.0,1
Garlic,2014-15,Bogura,2018,855.0,,,1505.0,1
Garlic,2014-15,Brahmanbaria,2018,896.0,,,1181.0,1
Garlic,2014-15,Chandpur,2018,1134.0,,,2474.0,1
Garlic,2014-15,Chapainababganj,2018,5407.0,,,9399.0,1
Garlic,2014-15,Chattogram,2018,138.0,,,130.0,1
Garlic,2014-15,Chuadanga,2018,971.0,,,2897.0,1
Garlic,2014-15,Cox's Bazar,2018,76.0,,,74.0,1
Garlic,2014-15,Cumilla,2018,1024.0,,,1868.0,1
Garlic,2014-15,Dhaka,2018,2329.0,,,5205.0,1
Garlic,2014-15,Dinajpur,2018,4723.0,,,12193.0,1
Garlic,2014-15,Faridpur,2018,5910.0,,,7828.0,1
Garlic,2014-15,Feni,2018,42.0,,,29.0,1
Garlic,2014-15,Gaibandha,2018,760.0,,,1066.0,1
Garlic,2014-15,Gazipur,2018,158.0,,,282.0,1
Garlic,2014-15,Gopalganj,2018,392.0,,,935.0,1
Garlic,2014-15,Habiganj,2018,126.0,,,292.0,1
Garlic,2014-15,Jamalpur,2018,1284.0,,,2556.0,1
Garlic,2014-15,Jashore,2018,1229.0,,,3599.0,1
Garlic,2014-15,Jhalokati,2018,18.0,,,17.0,1
Garlic,2014-15,Jhenaidah,2018,2809.0,,,8575.0,1
Garlic,2014-15,Joypurhat,2018,303.0,,,727.0,1
Garlic,2014-15,Khagrachhari,2018,40.0,,,38.0,1
Garlic,2014-15,Khulna,2018,134.0,,,226.0,1
Garlic,2014-15,Kishoreganj,2018,1216.0,,,2912.0,1
Garlic,2014-15,Kurigram,2018,557.0,,,844.0,1
Garlic,2014-15,Kushtia,2018,2879.0,,,6849.0,1
Garlic,2014-15,Lakshmipur,2018,252.0,,,212.0,1
Garlic,2014-15,Lalmonirhat,2018,584.0,,,724.0,1
Garlic,2014-15,Madaripur,2018,1368.0,,,2315.0,1
Garlic,2014-15,Magura,2018,2186.0,,,6983.0,1
Garlic,2014-15,Manikganj,2018,1453.0,,,2072.0,1
Garlic,2014-15,Meherpur,2018,901.0,,,3023.0,1
Garlic,2014-15,Moulvibazar,2018,63.0,,,100.0,1
Garlic,2014-15,Munshiganj,2018,237.0,,,277.0,1
Garlic,2014-15,Mymensingh,2018,1062.0,,,2192.0,1
Garlic,2014-15,Naogaon,2018,2964.0,,,7427.0,1
Garlic,2014-15,Narail,2018,334.0,,,819.0,1
Garlic,2014-15,Narayanganj,2018,172.0,,,154.0,1
Garlic,2014-15,Narsingdi,2018,242.0,,,266.0,1
Garlic,2014-15,Natore,2018,44400.0,,,131818.0,1
Garlic,2014-15,Netrakona,2018,596.0,,,955.0,1
Garlic,2014-15,Nilphamari,2018,1102.0,,,3151.0,1
Garlic,2014-15,Noakhali,2018,677.0,,,597.0,1
Garlic,2014-15,Pabna,2018,15088.0,,,37274.0,1
Garlic,2014-15,Panchagarh,2018,1369.0,,,3463.0,1
Garlic,2014-15,Patuakhali,2018,391.0,,,293.0,1
Garlic,2014-15,Pirojpur,2018,47.0,,,47.0,1
Garlic,2014-15,Rajbari,2018,11271.0,,,25579.0,1
Garlic,2014-15,Rajshahi,2018,7064.0,,,20102.0,1
Garlic,2014-15,Rangamati,2018,51.0,,,70.0,1
Garlic,2014-15,Rangpur,2018,2129.0,,,4163.0,1
Garlic,2014-15,Satkhira,2018,654.0,,,1596.0,1
Garlic,2014-15,Shariatpur,2018,2548.0,,,5518.0,1
Garlic,2014-15,Sherpur,2018,365.0,,,698.0,1
Garlic,2014-15,Sirajganj,2018,1403.0,,,3674.0,1
Garlic,2014-15,Sunamganj,2018,142.0,,,234.0,1
Garlic,2014-15,Sylhet,2018,6.0,,,22.0,1
Garlic,2014-15,Tangail,2018,1294.0,,,1807.0,1
Garlic,2014-15,Thakurgaon,2018,775.0,,,1337.0,1
Garlic,2015-16,Bagerhat,2018,142.0,,,158.0,1
Garlic,2015-16,Bandarban,2018,69.0,,,128.0,1
Garlic,2015-16,Barguna,2018,55.0,,,46.0,1
Garlic,2015-16,Barishal,2018,349.0,,,190.0,1
Garlic,2015-16,Bhola,2018,1324.0,,,1570.0,1
Garlic,2015-16,Bogura,2018,759.0,,,1334.0,1
Garlic,2015-16,Brahmanbaria,2018,916.0,,,1192.0,1
Garlic,2015-16,Chandpur,2018,1092.0,,,1793.0,1
Garlic,2015-16,Chapainababganj,2018,6228.0,,,11293.0,1
Garlic,2015-16,Chattogram,2018,120.0,,,139.0,1
Garlic,2015-16,Chuadanga,2018,655.0,,,1553.0,1
Garlic,2015-16,Cox's Bazar,2018,72.0,,,73.0,1
Garlic,2015-16,Cumilla,2018,1042.0,,,1931.0,1
Garlic,2015-16,Dhaka,2018,1849.0,,,5780.0,1
Garlic,2015-16,Dinajpur,2018,6512.0,,,19345.0,1
Garlic,2015-16,Faridpur,2018,5954.0,,,8200.0,1
Garlic,2015-16,Feni,2018,47.0,,,33.0,1
Garlic,2015-16,Gaibandha,2018,768.0,,,1075.0,1
Garlic,2015-16,Gazipur,2018,152.0,,,273.0,1
Garlic,2015-16,Gopalganj,2018,453.0,,,1121.0,1
Garlic,2015-16,Habiganj,2018,116.0,,,265.0,1
Garlic,2015-16,Jamalpur,2018,1310.0,,,2643.0,1
Garlic,2015-16,Jashore,2018,1176.0,,,3265.0,1
Garlic,2015-16,Jhalokati,2018,19.0,,,15.0,1
Garlic,2015-16,Jhenaidah,2018,3015.0,,,9032.0,1
Garlic,2015-16,Joypurhat,2018,299.0,,,723.0,1
Garlic,2015-16,Khagrachhari,2018,38.0,,,34.0,1
Garlic,2015-16,Khulna,2018,137.0,,,233.0,1
Garlic,2015-16,Kishoreganj,2018,1147.0,,,2741.0,1
Garlic,2015-16,Kurigram,2018,555.0,,,844.0,1
Garlic,2015-16,Kushtia,2018,3176.0,,,8207.0,1
Garlic,2015-16,Lakshmipur,2018,373.0,,,194.0,1
Garlic,2015-16,Lalmonirhat,2018,561.0,,,724.0,1
Garlic,2015-16,Madaripur,2018,1387.0,,,2388.0,1
Garlic,2015-16,Magura,2018,2452.0,,,7449.0,1
Garlic,2015-16,Manikganj,2018,1436.0,,,2042.0,1
Garlic,2015-16,Meherpur,2018,902.0,,,3095.0,1
Garlic,2015-16,Moulvibazar,2018,63.0,,,201.0,1
Garlic,2015-16,Munshiganj,2018,240.0,,,289.0,1
Garlic,2015-16,Mymensingh,2018,1048.0,,,2210.0,1
Garlic,2015-16,Naogaon,2018,2712.0,,,6485.0,1
Garlic,2015-16,Narail,2018,354.0,,,875.0,1
Garlic,2015-16,Narayanganj,2018,174.0,,,157.0,1
Garlic,2015-16,Narsingdi,2018,235.0,,,254.0,1
Garlic,2015-16,Natore,2018,45009.0,,,131529.0,1
Garlic,2015-16,Netrakona,2018,572.0,,,959.0,1
Garlic,2015-16,Nilphamari,2018,889.0,,,2528.0,1
Garlic,2015-16,Noakhali,2018,633.0,,,584.0,1
Garlic,2015-16,Pabna,2018,22860.0,,,63099.0,1
Garlic,2015-16,Panchagarh,2018,1379.0,,,3610.0,1
Garlic,2015-16,Patuakhali,2018,384.0,,,288.0,1
Garlic,2015-16,Pirojpur,2018,50.0,,,50.0,1
Garlic,2015-16,Rajbari,2018,10629.0,,,25290.0,1
Garlic,2015-16,Rajshahi,2018,7929.0,,,23767.0,1
Garlic,2015-16,Rangamati,2018,51.0,,,72.0,1
Garlic,2015-16,Rangpur,2018,2153.0,,,4236.0,1
Garlic,2015-16,Satkhira,2018,684.0,,,1638.0,1
Garlic,2015-16,Shariatpur,2018,2559.0,,,5485.0,1
Garlic,2015-16,Sherpur,2018,388.0,,,729.0,1
Garlic,2015-16,Sirajganj,2018,1440.0,,,2774.0,1
Garlic,2015-16,Sunamganj,2018,158.0,,,305.0,1
Garlic,2015-16,Sylhet,2018,40.0,,,43.0,1
Garlic,2015-16,Tangail,2018,132.0,,,1844.0,1
Garlic,2015-16,Thakurgaon,2018,695.0,,,1429.0,1
Garlic,2016-17,Bagerhat,2018,141.0,,,163.0,1
Garlic,2016-17,Bandarban,2018,69.0,,,129.0,1
Garlic,2016-17,Barguna,2018,57.0,,,47.0,1
Garlic,2016-17,Barishal,2018,332.0,,,190.0,1
Garlic,2016-17,Bhola,2018,1253.0,,,1408.0,1
Garlic,2016-17,Bogura,2018,827.0,,,1452.0,1
Garlic,2016-17,Brahmanbaria,2018,864.0,,,1121.0,1
Garlic,2016-17,Chandpur,2018,1095.0,,,1792.0,1
Garlic,2016-17,Chapainababganj,2018,6033.0,,,10905.0,1
Garlic,2016-17,Chattogram,2018,123.0,,,143.0,1
Garlic,2016-17,Chuadanga,2018,666.0,,,1570.0,1
Garlic,2016-17,Cox's Bazar,2018,26.0,,,18.0,1
Garlic,2016-17,Cumilla,2018,993.0,,,1783.0,1
Garlic,2016-17,Dhaka,2018,1886.0,,,5726.0,1
Garlic,2016-17,Dinajpur,2018,6969.0,,,21066.0,1
Garlic,2016-17,Faridpur,2018,6155.0,,,8969.0,1
Garlic,2016-17,Feni,2018,38.0,,,25.0,1
Garlic,2016-17,Gaibandha,2018,871.0,,,1195.0,1
Garlic,2016-17,Gazipur,2018,169.0,,,308.0,1
Garlic,2016-17,Gopalganj,2018,474.0,,,855.0,1
Garlic,2016-17,Habiganj,2018,128.0,,,280.0,1
Garlic,2016-17,Jamalpur,2018,1303.0,,,2595.0,1
Garlic,2016-17,Jashore,2018,1252.0,,,3600.0,1
Garlic,2016-17,Jhalokati,2018,23.0,,,21.0,1
Garlic,2016-17,Jhenaidah,2018,3618.0,,,10502.0,1
Garlic,2016-17,Joypurhat,2018,309.0,,,743.0,1
Garlic,2016-17,Khagrachhari,2018,34.0,,,30.0,1
Garlic,2016-17,Khulna,2018,137.0,,,230.0,1
Garlic,2016-17,Kishoreganj,2018,1122.0,,,2577.0,1
Garlic,2016-17,Kurigram,2018,570.0,,,883.0,1
Garlic,2016-17,Kushtia,2018,3422.0,,,9371.0,1
Garlic,2016-17,Lakshmipur,2018,230.0,,,198.0,1
Garlic,2016-17,Lalmonirhat,2018,570.0,,,714.0,1
Garlic,2016-17,Madaripur,2018,2006.0,,,4505.0,1
Garlic,2016-17,Magura,2018,2425.0,,,7426.0,1
Garlic,2016-17,Manikganj,2018,1502.0,,,2155.0,1
Garlic,2016-17,Meherpur,2018,937.0,,,3260.0,1
Garlic,2016-17,Moulvibazar,2018,66.0,,,206.0,1
Garlic,2016-17,Munshiganj,2018,284.0,,,304.0,1
Garlic,2016-17,Mymensingh,2018,1054.0,,,2238.0,1
Garlic,2016-17,Naogaon,2018,2749.0,,,6991.0,1
Garlic,2016-17,Narail,2018,369.0,,,919.0,1
Garlic,2016-17,Narayanganj,2018,173.0,,,148.0,1
Garlic,2016-17,Narsingdi,2018,227.0,,,243.0,1
Garlic,2016-17,Natore,2018,51814.0,,,156660.0,1
Garlic,2016-17,Netrakona,2018,542.0,,,887.0,1
Garlic,2016-17,Nilphamari,2018,888.0,,,2520.0,1
Garlic,2016-17,Noakhali,2018,650.0,,,1005.0,1
Garlic,2016-17,Pabna,2018,23732.0,,,64503.0,1
Garlic,2016-17,Panchagarh,2018,1389.0,,,3654.0,1
Garlic,2016-17,Patuakhali,2018,379.0,,,283.0,1
Garlic,2016-17,Pirojpur,2018,59.0,,,59.0,1
Garlic,2016-17,Rajbari,2018,13575.0,,,33955.0,1
Garlic,2016-17,Rajshahi,2018,7789.0,,,22892.0,1
Garlic,2016-17,Rangamati,2018,49.0,,,72.0,1
Garlic,2016-17,Rangpur,2018,2177.0,,,4307.0,1
Garlic,2016-17,Satkhira,2018,666.0,,,1671.0,1
Garlic,2016-17,Shariatpur,2018,2572.0,,,5890.0,1
Garlic,2016-17,Sherpur,2018,414.0,,,777.0,1
Garlic,2016-17,Sirajganj,2018,1219.0,,,2533.0,1
Garlic,2016-17,Sunamganj,2018,191.0,,,377.0,1
Garlic,2016-17,Sylhet,2018,50.0,,,43.0,1
Garlic,2016-17,Tangail,2018,1329.0,,,2874.0,1
Garlic,2016-17,Thakurgaon,2018,698.0,,,1435.0,1
Gram,2014-15,Bagerhat,2018,9.0,,,3.0,1
Gram,2014-15,Bandarban,2018,6.0,,,4.0,1
Gram,2014-15,Barguna,2018,335.0,,,115.0,1
Gram,2014-15,Barishal,2018,1014.0,,,325.0,1
Gram,2014-15,Bhola,2018,364.0,,,222.0,1
Gram,2014-15,Bogura,2018,26.0,,,10.0,1
Gram,2014-15,Brahmanbaria,2018,0.0,,,0.0,1
Gram,2014-15,Chandpur,2018,0.0,,,0.0,1
Gram,2014-15,Chapainababganj,2018,2710.0,,,662.0,1
Gram,2014-15,Chattogram,2018,73.0,,,25.0,1
Gram,2014-15,Chuadanga,2018,102.0,,,38.0,1
Gram,2014-15,Cox's Bazar,2018,0.0,,,0.0,1
Gram,2014-15,Cumilla,2018,0.0,,,0.0,1
Gram,2014-15,Dhaka,2018,185.0,,,1.0,1
Gram,2014-15,Dinajpur,2018,24.0,,,11.0,1
Gram,2014-15,Faridpur,2018,253.0,,,102.0,1
Gram,2014-15,Feni,2018,48.0,,,20.0,1
Gram,2014-15,Gaibandha,2018,60.0,,,35.0,1
Gram,2014-15,Gazipur,2018,42.0,,,16.0,1
Gram,2014-15,Gopalganj,2018,65.0,,,25.0,1
Gram,2014-15,Habiganj,2018,0.0,,,0.0,1
Gram,2014-15,Jamalpur,2018,81.0,,,28.0,1
Gram,2014-15,Jashore,2018,317.0,,,144.0,1
Gram,2014-15,Jhalokati,2018,288.0,,,100.0,1
Gram,2014-15,Jhenaidah,2018,642.0,,,262.0,1
Gram,2014-15,Joypurhat,2018,22.0,,,6.0,1
Gram,2014-15,Khagrachhari,2018,0.0,,,0.0,1
Gram,2014-15,Khulna,2018,7.0,,,2.0,1
Gram,2014-15,Kishoreganj,2018,8.0,,,2.0,1
Gram,2014-15,Kurigram,2018,250.0,,,101.0,1
Gram,2014-15,Kushtia,2018,178.0,,,87.0,1
Gram,2014-15,Lakshmipur,2018,30.0,,,5.0,1
Gram,2014-15,Lalmonirhat,2018,13.0,,,8.0,1
Gram,2014-15,Madaripur,2018,1554.0,,,531.0,1
Gram,2014-15,Magura,2018,283.0,,,99.0,1
Gram,2014-15,Manikganj,2018,5.0,,,2.0,1
Gram,2014-15,Meherpur,2018,22.0,,,8.0,1
Gram,2014-15,Moulvibazar,2018,0.0,,,1.0,1
Gram,2014-15,Munshiganj,2018,0.0,,,0.0,1
Gram,2014-15,Mymensingh,2018,214.0,,,129.0,1
Gram,2014-15,Naogaon,2018,292.0,,,112.0,1
Gram,2014-15,Narail,2018,485.0,,,277.0,1
Gram,2014-15,Narayanganj,2018,23.0,,,11.0,1
Gram,2014-15,Narsingdi,2018,6.0,,,2.0,1
Gram,2014-15,Natore,2018,61.0,,,23.0,1
Gram,2014-15,Netrakona,2018,0.0,,,0.0,1
Gram,2014-15,Nilphamari,2018,20.0,,,10.0,1
Gram,2014-15,Noakhali,2018,148.0,,,56.0,1
Gram,2014-15,Pabna,2018,117.0,,,62.0,1
Gram,2014-15,Panchagarh,2018,45.0,,,12.0,1
Gram,2014-15,Patuakhali,2018,1455.0,,,364.0,1
Gram,2014-15,Pirojpur,2018,0.0,,,0.0,1
Gram,2014-15,Rajbari,2018,473.0,,,172.0,1
Gram,2014-15,Rajshahi,2018,4730.0,,,2182.0,1
Gram,2014-15,Rangamati,2018,0.0,,,0.0,1
Gram,2014-15,Rangpur,2018,22.0,,,12.0,1
Gram,2014-15,Satkhira,2018,4.0,,,1.0,1
Gram,2014-15,Shariatpur,2018,348.0,,,171.0,1
Gram,2014-15,Sherpur,2018,20.0,,,7.0,1
Gram,2014-15,Sirajganj,2018,61.0,,,24.0,1
Gram,2014-15,Sunamganj,2018,0.0,,,0.0,1
Gram,2014-15,Sylhet,2018,0.0,,,0.0,1
Gram,2014-15,Tangail,2018,5.0,,,1.0,1
Gram,2014-15,Thakurgaon,2018,101.0,,,44.0,1
Gram,2015-16,Bagerhat,2018,10.0,,,4.0,1
Gram,2015-16,Bandarban,2018,6.0,,,3.0,1
Gram,2015-16,Barguna,2018,147.0,,,47.0,1
Gram,2015-16,Barishal,2018,970.0,,,479.0,1
Gram,2015-16,Bhola,2018,256.0,,,215.0,1
Gram,2015-16,Bogura,2018,2.0,,,1.0,1
Gram,2015-16,Brahmanbaria,2018,0.0,,,0.0,1
Gram,2015-16,Chandpur,2018,0.0,,,0.0,1
Gram,2015-16,Chapainababganj,2018,1917.0,,,660.0,1
Gram,2015-16,Chattogram,2018,0.0,,,0.0,1
Gram,2015-16,Chuadanga,2018,105.0,,,38.0,1
Gram,2015-16,Cox's Bazar,2018,0.0,,,0.0,1
Gram,2015-16,Cumilla,2018,0.0,,,0.0,1
Gram,2015-16,Dhaka,2018,5.0,,,1.0,1
Gram,2015-16,Dinajpur,2018,12.0,,,4.0,1
Gram,2015-16,Faridpur,2018,223.0,,,90.0,1
Gram,2015-16,Feni,2018,51.0,,,23.0,1
Gram,2015-16,Gaibandha,2018,60.0,,,35.0,1
Gram,2015-16,Gazipur,2018,48.0,,,19.0,1
Gram,2015-16,Gopalganj,2018,85.0,,,30.0,1
Gram,2015-16,Habiganj,2018,0.0,,,0.0,1
Gram,2015-16,Jamalpur,2018,87.0,,,28.0,1
Gram,2015-16,Jashore,2018,289.0,,,131.0,1
Gram,2015-16,Jhalokati,2018,292.0,,,102.0,1
Gram,2015-16,Jhenaidah,2018,74.0,,,30.0,1
Gram,2015-16,Joypurhat,2018,18.0,,,5.0,1
Gram,2015-16,Khagrachhari,2018,0.0,,,0.0,1
Gram,2015-16,Khulna,2018,3.0,,,1.0,1
Gram,2015-16,Kishoreganj,2018,11.0,,,3.0,1
Gram,2015-16,Kurigram,2018,248.0,,,103.0,1
Gram,2015-16,Kushtia,2018,154.0,,,77.0,1
Gram,2015-16,Lakshmipur,2018,27.0,,,4.0,1
Gram,2015-16,Lalmonirhat,2018,12.0,,,7.0,1
Gram,2015-16,Madaripur,2018,1471.0,,,540.0,1
Gram,2015-16,Magura,2018,367.0,,,112.0,1
Gram,2015-16,Manikganj,2018,5.0,,,2.0,1
Gram,2015-16,Meherpur,2018,20.0,,,7.0,1
Gram,2015-16,Moulvibazar,2018,0.0,,,0.0,1
Gram,2015-16,Munshiganj,2018,0.0,,,0.0,1
Gram,2015-16,Mymensingh,2018,220.0,,,137.0,1
Gram,2015-16,Naogaon,2018,252.0,,,97.0,1
Gram,2015-16,Narail,2018,535.0,,,248.0,1
Gram,2015-16,Narayanganj,2018,19.0,,,9.0,1
Gram,2015-16,Narsingdi,2018,5.0,,,2.0,1
Gram,2015-16,Natore,2018,61.0,,,23.0,1
Gram,2015-16,Netrakona,2018,0.0,,,0.0,1
Gram,2015-16,Nilphamari,2018,18.0,,,9.0,1
Gram,2015-16,Noakhali,2018,127.0,,,49.0,1
Gram,2015-16,Pabna,2018,127.0,,,78.0,1
Gram,2015-16,Panchagarh,2018,39.0,,,12.0,1
Gram,2015-16,Patuakhali,2018,1197.0,,,359.0,1
Gram,2015-16,Pirojpur,2018,0.0,,,0.0,1
Gram,2015-16,Rajbari,2018,479.0,,,154.0,1
Gram,2015-16,Rajshahi,2018,4395.0,,,2133.0,1
Gram,2015-16,Rangamati,2018,0.0,,,0.0,1
Gram,2015-16,Rangpur,2018,28.0,,,16.0,1
Gram,2015-16,Satkhira,2018,4.0,,,1.0,1
Gram,2015-16,Shariatpur,2018,350.0,,,172.0,1
Gram,2015-16,Sherpur,2018,29.0,,,13.0,1
Gram,2015-16,Sirajganj,2018,64.0,,,26.0,1
Gram,2015-16,Sunamganj,2018,0.0,,,0.0,1
Gram,2015-16,Sylhet,2018,0.0,,,0.0,1
Gram,2015-16,Tangail,2018,3.0,,,1.0,1
Gram,2015-16,Thakurgaon,2018,99.0,,,42.0,1
Gram,2016-17,Bagerhat,2018,11.0,,,5.0,1
Gram,2016-17,Bandarban,2018,6.0,,,3.0,1
Gram,2016-17,Barguna,2018,137.0,,,43.0,1
Gram,2016-17,Barishal,2018,995.0,,,385.0,1
Gram,2016-17,Bhola,2018,531.0,,,307.0,1
Gram,2016-17,Bogura,2018,26.0,,,10.0,1
Gram,2016-17,Brahmanbaria,2018,0.0,,,0.0,1
Gram,2016-17,Chandpur,2018,0.0,,,0.0,1
Gram,2016-17,Chapainababganj,2018,1910.0,,,665.0,1
Gram,2016-17,Chattogram,2018,73.0,,,25.0,1
Gram,2016-17,Chuadanga,2018,103.0,,,39.0,1
Gram,2016-17,Cox's Bazar,2018,0.0,,,0.0,1
Gram,2016-17,Cumilla,2018,0.0,,,0.0,1
Gram,2016-17,Dhaka,2018,5.0,,,1.0,1
Gram,2016-17,Dinajpur,2018,12.0,,,4.0,1
Gram,2016-17,Faridpur,2018,236.0,,,103.0,1
Gram,2016-17,Feni,2018,45.0,,,22.0,1
Gram,2016-17,Gaibandha,2018,49.0,,,26.0,1
Gram,2016-17,Gazipur,2018,46.0,,,18.0,1
Gram,2016-17,Gopalganj,2018,92.0,,,41.0,1
Gram,2016-17,Habiganj,2018,3.0,,,1.0,1
Gram,2016-17,Jamalpur,2018,83.0,,,29.0,1
Gram,2016-17,Jashore,2018,287.0,,,133.0,1
Gram,2016-17,Jhalokati,2018,236.0,,,82.0,1
Gram,2016-17,Jhenaidah,2018,81.0,,,36.0,1
Gram,2016-17,Joypurhat,2018,0.0,,,0.0,1
Gram,2016-17,Khagrachhari,2018,0.0,,,0.0,1
Gram,2016-17,Khulna,2018,3.0,,,1.0,1
Gram,2016-17,Kishoreganj,2018,10.0,,,3.0,1
Gram,2016-17,Kurigram,2018,254.0,,,105.0,1
Gram,2016-17,Kushtia,2018,103.0,,,39.0,1
Gram,2016-17,Lakshmipur,2018,22.0,,,4.0,1
Gram,2016-17,Lalmonirhat,2018,14.0,,,8.0,1
Gram,2016-17,Madaripur,2018,1409.0,,,511.0,1
Gram,2016-17,Magura,2018,402.0,,,134.0,1
Gram,2016-17,Manikganj,2018,4.0,,,2.0,1
Gram,2016-17,Meherpur,2018,20.0,,,7.0,1
Gram,2016-17,Moulvibazar,2018,2.0,,,1.0,1
Gram,2016-17,Munshiganj,2018,0.0,,,0.0,1
Gram,2016-17,Mymensingh,2018,217.0,,,134.0,1
Gram,2016-17,Naogaon,2018,226.0,,,86.0,1
Gram,2016-17,Narail,2018,360.0,,,200.0,1
Gram,2016-17,Narayanganj,2018,19.0,,,9.0,1
Gram,2016-17,Narsingdi,2018,4.0,,,2.0,1
Gram,2016-17,Natore,2018,49.0,,,21.0,1
Gram,2016-17,Netrakona,2018,0.0,,,0.0,1
Gram,2016-17,Nilphamari,2018,2.0,,,1.0,1
Gram,2016-17,Noakhali,2018,162.0,,,61.0,1
Gram,2016-17,Pabna,2018,152.0,,,94.0,1
Gram,2016-17,Panchagarh,2018,37.0,,,11.0,1
Gram,2016-17,Patuakhali,2018,1177.0,,,333.0,1
Gram,2016-17,Pirojpur,2018,0.0,,,0.0,1
Gram,2016-17,Rajbari,2018,391.0,,,143.0,1
Gram,2016-17,Rajshahi,2018,4022.0,,,2067.0,1
Gram,2016-17,Rangamati,2018,0.0,,,0.0,1
Gram,2016-17,Rangpur,2018,26.0,,,15.0,1
Gram,2016-17,Satkhira,2018,3.0,,,1.0,1
Gram,2016-17,Shariatpur,2018,351.0,,,172.0,1
Gram,2016-17,Sherpur,2018,34.0,,,16.0,1
Gram,2016-17,Sirajganj,2018,72.0,,,29.0,1
Gram,2016-17,Sunamganj,2018,0.0,,,0.0,1
Gram,2016-17,Sylhet,2018,0.0,,,0.0,1
Gram,2016-17,Tangail,2018,3.0,,,1.0,1
Gram,2016-17,Thakurgaon,2018,98.0,,,48.0,1
Groundnut,2014-15,Bagerhat,2018,31.0,,,15.0,1
Groundnut,2014-15,Bandarban,2018,171.0,,,114.0,1
Groundnut,2014-15,Barguna,2018,177.0,,,227.0,1
Groundnut,2014-15,Barishal,2018,42.0,,,30.0,1
Groundnut,2014-15,Bhola,2018,3334.0,,,3158.0,1
Groundnut,2014-15,Bogura,2018,1600.0,,,919.0,1
Groundnut,2014-15,Brahmanbaria,2018,171.0,,,115.0,1
Groundnut,2014-15,Chandpur,2018,264.0,,,526.0,1
Groundnut,2014-15,Chapainababganj,2018,0.0,,,0.0,1
Groundnut,2014-15,Chattogram,2018,1589.0,,,1369.0,1
Groundnut,2014-15,Chuadanga,2018,65.0,,,47.0,1
Groundnut,2014-15,Cox's Bazar,2018,1004.0,,,1129.0,1
Groundnut,2014-15,Cumilla,2018,624.0,,,630.0,1
Groundnut,2014-15,Dhaka,2018,660.0,,,396.0,1
Groundnut,2014-15,Dinajpur,2018,37.0,,,18.0,1
Groundnut,2014-15,Faridpur,2018,5566.0,,,6262.0,1
Groundnut,2014-15,Feni,2018,782.0,,,533.0,1
Groundnut,2014-15,Gaibandha,2018,1201.0,,,990.0,1
Groundnut,2014-15,Gazipur,2018,305.0,,,130.0,1
Groundnut,2014-15,Gopalganj,2018,2032.0,,,1857.0,1
Groundnut,2014-15,Habiganj,2018,216.0,,,79.0,1
Groundnut,2014-15,Jamalpur,2018,1362.0,,,1305.0,1
Groundnut,2014-15,Jashore,2018,16.0,,,8.0,1
Groundnut,2014-15,Jhalokati,2018,17.0,,,5.0,1
Groundnut,2014-15,Jhenaidah,2018,705.0,,,845.0,1
Groundnut,2014-15,Joypurhat,2018,0.0,,,0.0,1
Groundnut,2014-15,Khagrachhari,2018,96.0,,,112.0,1
Groundnut,2014-15,Khulna,2018,28.0,,,14.0,1
Groundnut,2014-15,Kishoreganj,2018,2141.0,,,1470.0,1
Groundnut,2014-15,Kurigram,2018,2997.0,,,1559.0,1
Groundnut,2014-15,Kushtia,2018,594.0,,,358.0,1
Groundnut,2014-15,Lakshmipur,2018,6414.0,,,3047.0,1
Groundnut,2014-15,Lalmonirhat,2018,1679.0,,,1249.0,1
Groundnut,2014-15,Madaripur,2018,492.0,,,332.0,1
Groundnut,2014-15,Magura,2018,21.0,,,24.0,1
Groundnut,2014-15,Manikganj,2018,1562.0,,,965.0,1
Groundnut,2014-15,Meherpur,2018,26.0,,,27.0,1
Groundnut,2014-15,Moulvibazar,2018,23.0,,,11.0,1
Groundnut,2014-15,Munshiganj,2018,199.0,,,148.0,1
Groundnut,2014-15,Mymensingh,2018,923.0,,,571.0,1
Groundnut,2014-15,Naogaon,2018,27.0,,,15.0,1
Groundnut,2014-15,Narail,2018,1081.0,,,1074.0,1
Groundnut,2014-15,Narayanganj,2018,571.0,,,351.0,1
Groundnut,2014-15,Narsingdi,2018,689.0,,,348.0,1
Groundnut,2014-15,Natore,2018,1192.0,,,613.0,1
Groundnut,2014-15,Netrakona,2018,193.0,,,188.0,1
Groundnut,2014-15,Nilphamari,2018,202.0,,,101.0,1
Groundnut,2014-15,Noakhali,2018,6753.0,,,3304.0,1
Groundnut,2014-15,Pabna,2018,1198.0,,,883.0,1
Groundnut,2014-15,Panchagarh,2018,17451.0,,,11809.0,1
Groundnut,2014-15,Patuakhali,2018,890.0,,,249.0,1
Groundnut,2014-15,Pirojpur,2018,9.0,,,5.0,1
Groundnut,2014-15,Rajbari,2018,437.0,,,561.0,1
Groundnut,2014-15,Rajshahi,2018,210.0,,,186.0,1
Groundnut,2014-15,Rangamati,2018,64.0,,,31.0,1
Groundnut,2014-15,Rangpur,2018,174.0,,,126.0,1
Groundnut,2014-15,Satkhira,2018,0.0,,,0.0,1
Groundnut,2014-15,Shariatpur,2018,745.0,,,2418.0,1
Groundnut,2014-15,Sherpur,2018,109.0,,,99.0,1
Groundnut,2014-15,Sirajganj,2018,1550.0,,,1061.0,1
Groundnut,2014-15,Sunamganj,2018,2434.0,,,1757.0,1
Groundnut,2014-15,Sylhet,2018,36.0,,,31.0,1
Groundnut,2014-15,Tangail,2018,3145.0,,,1741.0,1
Groundnut,2014-15,Thakurgaon,2018,138.0,,,87.0,1
Groundnut,2015-16,Bagerhat,2018,39.0,,,25.0,1
Groundnut,2015-16,Bandarban,2018,177.0,,,118.0,1
Groundnut,2015-16,Barguna,2018,175.0,,,168.0,1
Groundnut,2015-16,Barishal,2018,29.0,,,22.0,1
Groundnut,2015-16,Bhola,2018,3467.0,,,2689.0,1
Groundnut,2015-16,Bogura,2018,1596.0,,,851.0,1
Groundnut,2015-16,Brahmanbaria,2018,336.0,,,204.0,1
Groundnut,2015-16,Chandpur,2018,278.0,,,154.0,1
Groundnut,2015-16,Chapainababganj,2018,0.0,,,0.0,1
Groundnut,2015-16,Chattogram,2018,1608.0,,,1386.0,1
Groundnut,2015-16,Chuadanga,2018,132.0,,,95.0,1
Groundnut,2015-16,Cox's Bazar,2018,1054.0,,,1213.0,1
Groundnut,2015-16,Cumilla,2018,576.0,,,560.0,1
Groundnut,2015-16,Dhaka,2018,726.0,,,441.0,1
Groundnut,2015-16,Dinajpur,2018,98.0,,,52.0,1
Groundnut,2015-16,Faridpur,2018,5509.0,,,6182.0,1
Groundnut,2015-16,Feni,2018,798.0,,,545.0,1
Groundnut,2015-16,Gaibandha,2018,1273.0,,,1085.0,1
Groundnut,2015-16,Gazipur,2018,263.0,,,124.0,1
Groundnut,2015-16,Gopalganj,2018,1811.0,,,1708.0,1
Groundnut,2015-16,Habiganj,2018,216.0,,,80.0,1
Groundnut,2015-16,Jamalpur,2018,1387.0,,,1314.0,1
Groundnut,2015-16,Jashore,2018,17.0,,,8.0,1
Groundnut,2015-16,Jhalokati,2018,17.0,,,5.0,1
Groundnut,2015-16,Jhenaidah,2018,714.0,,,846.0,1
Groundnut,2015-16,Joypurhat,2018,0.0,,,0.0,1
Groundnut,2015-16,Khagrachhari,2018,101.0,,,117.0,1
Groundnut,2015-16,Khulna,2018,0.0,,,0.0,1
Groundnut,2015-16,Kishoreganj,2018,2099.0,,,1807.0,1
Groundnut,2015-16,Kurigram,2018,3335.0,,,1847.0,1
Groundnut,2015-16,Kushtia,2018,610.0,,,363.0,1
Groundnut,2015-16,Lakshmipur,2018,6416.0,,,3111.0,1
Groundnut,2015-16,Lalmonirhat,2018,2891.0,,,2383.0,1
Groundnut,2015-16,Madaripur,2018,466.0,,,294.0,1
Groundnut,2015-16,Magura,2018,73.0,,,144.0,1
Groundnut,2015-16,Manikganj,2018,3557.0,,,2088.0,1
Groundnut,2015-16,Meherpur,2018,0.0,,,0.0,1
Groundnut,2015-16,Moulvibazar,2018,25.0,,,12.0,1
Groundnut,2015-16,Munshiganj,2018,199.0,,,153.0,1
Groundnut,2015-16,Mymensingh,2018,833.0,,,474.0,1
Groundnut,2015-16,Naogaon,2018,49.0,,,29.0,1
Groundnut,2015-16,Narail,2018,1125.0,,,1085.0,1
Groundnut,2015-16,Narayanganj,2018,542.0,,,328.0,1
Groundnut,2015-16,Narsingdi,2018,690.0,,,355.0,1
Groundnut,2015-16,Natore,2018,1199.0,,,626.0,1
Groundnut,2015-16,Netrakona,2018,161.0,,,166.0,1
Groundnut,2015-16,Nilphamari,2018,294.0,,,155.0,1
Groundnut,2015-16,Noakhali,2018,6778.0,,,3284.0,1
Groundnut,2015-16,Pabna,2018,1207.0,,,988.0,1
Groundnut,2015-16,Panchagarh,2018,22403.0,,,15172.0,1
Groundnut,2015-16,Patuakhali,2018,1187.0,,,474.0,1
Groundnut,2015-16,Pirojpur,2018,10.0,,,6.0,1
Groundnut,2015-16,Rajbari,2018,910.0,,,916.0,1
Groundnut,2015-16,Rajshahi,2018,188.0,,,152.0,1
Groundnut,2015-16,Rangamati,2018,67.0,,,34.0,1
Groundnut,2015-16,Rangpur,2018,229.0,,,150.0,1
Groundnut,2015-16,Satkhira,2018,0.0,,,0.0,1
Groundnut,2015-16,Shariatpur,2018,741.0,,,905.0,1
Groundnut,2015-16,Sherpur,2018,116.0,,,106.0,1
Groundnut,2015-16,Sirajganj,2018,1558.0,,,983.0,1
Groundnut,2015-16,Sunamganj,2018,2524.0,,,1774.0,1
Groundnut,2015-16,Sylhet,2018,31.0,,,25.0,1
Groundnut,2015-16,Tangail,2018,3203.0,,,1799.0,1
Groundnut,2015-16,Thakurgaon,2018,132.0,,,84.0,1
Groundnut,2016-17,Bagerhat,2018,47.0,,,30.0,1
Groundnut,2016-17,Bandarban,2018,182.0,,,120.0,1
Groundnut,2016-17,Barguna,2018,182.0,,,120.0,1
Groundnut,2016-17,Barishal,2018,30.0,,,24.0,1
Groundnut,2016-17,Bhola,2018,5606.0,,,4100.0,1
Groundnut,2016-17,Bogura,2018,1484.0,,,796.0,1
Groundnut,2016-17,Brahmanbaria,2018,319.0,,,198.0,1
Groundnut,2016-17,Chandpur,2018,264.0,,,154.0,1
Groundnut,2016-17,Chapainababganj,2018,0.0,,,0.0,1
Groundnut,2016-17,Chattogram,2018,2136.0,,,1908.0,1
Groundnut,2016-17,Chuadanga,2018,146.0,,,96.0,1
Groundnut,2016-17,Cox's Bazar,2018,1065.0,,,1243.0,1
Groundnut,2016-17,Cumilla,2018,530.0,,,531.0,1
Groundnut,2016-17,Dhaka,2018,541.0,,,327.0,1
Groundnut,2016-17,Dinajpur,2018,81.0,,,46.0,1
Groundnut,2016-17,Faridpur,2018,5316.0,,,5883.0,1
Groundnut,2016-17,Feni,2018,596.0,,,411.0,1
Groundnut,2016-17,Gaibandha,2018,1299.0,,,1270.0,1
Groundnut,2016-17,Gazipur,2018,190.0,,,122.0,1
Groundnut,2016-17,Gopalganj,2018,2009.0,,,1762.0,1
Groundnut,2016-17,Habiganj,2018,212.0,,,656.0,1
Groundnut,2016-17,Jamalpur,2018,133.0,,,1321.0,1
Groundnut,2016-17,Jashore,2018,17.0,,,9.0,1
Groundnut,2016-17,Jhalokati,2018,39.0,,,18.0,1
Groundnut,2016-17,Jhenaidah,2018,715.0,,,851.0,1
Groundnut,2016-17,Joypurhat,2018,0.0,,,0.0,1
Groundnut,2016-17,Khagrachhari,2018,108.0,,,120.0,1
Groundnut,2016-17,Khulna,2018,0.0,,,0.0,1
Groundnut,2016-17,Kishoreganj,2018,2045.0,,,1776.0,1
Groundnut,2016-17,Kurigram,2018,3406.0,,,2158.0,1
Groundnut,2016-17,Kushtia,2018,601.0,,,364.0,1
Groundnut,2016-17,Lakshmipur,2018,6269.0,,,3084.0,1
Groundnut,2016-17,Lalmonirhat,2018,2853.0,,,2447.0,1
Groundnut,2016-17,Madaripur,2018,480.0,,,327.0,1
Groundnut,2016-17,Magura,2018,80.0,,,139.0,1
Groundnut,2016-17,Manikganj,2018,2468.0,,,1405.0,1
Groundnut,2016-17,Meherpur,2018,5.0,,,2.0,1
Groundnut,2016-17,Moulvibazar,2018,27.0,,,481.0,1
Groundnut,2016-17,Munshiganj,2018,189.0,,,113.0,1
Groundnut,2016-17,Mymensingh,2018,835.0,,,503.0,1
Groundnut,2016-17,Naogaon,2018,185.0,,,127.0,1
Groundnut,2016-17,Narail,2018,1133.0,,,1101.0,1
Groundnut,2016-17,Narayanganj,2018,529.0,,,301.0,1
Groundnut,2016-17,Narsingdi,2018,680.0,,,350.0,1
Groundnut,2016-17,Natore,2018,1216.0,,,642.0,1
Groundnut,2016-17,Netrakona,2018,173.0,,,178.0,1
Groundnut,2016-17,Nilphamari,2018,312.0,,,166.0,1
Groundnut,2016-17,Noakhali,2018,9372.0,,,4394.0,1
Groundnut,2016-17,Pabna,2018,1453.0,,,1202.0,1
Groundnut,2016-17,Panchagarh,2018,22088.0,,,15036.0,1
Groundnut,2016-17,Patuakhali,2018,1198.0,,,489.0,1
Groundnut,2016-17,Pirojpur,2018,12.0,,,8.0,1
Groundnut,2016-17,Rajbari,2018,886.0,,,876.0,1
Groundnut,2016-17,Rajshahi,2018,217.0,,,176.0,1
Groundnut,2016-17,Rangamati,2018,77.0,,,46.0,1
Groundnut,2016-17,Rangpur,2018,214.0,,,143.0,1
Groundnut,2016-17,Satkhira,2018,0.0,,,0.0,1
Groundnut,2016-17,Shariatpur,2018,661.0,,,661.0,1
Groundnut,2016-17,Sherpur,2018,105.0,,,116.0,1
Groundnut,2016-17,Sirajganj,2018,2285.0,,,1539.0,1
Groundnut,2016-17,Sunamganj,2018,2492.0,,,859.0,1
Groundnut,2016-17,Sylhet,2018,32.0,,,844.0,1
Groundnut,2016-17,Tangail,2018,3226.0,,,1812.0,1
Groundnut,2016-17,Thakurgaon,2018,137.0,,,79.0,1
Jute,2015-16,Bagerhat,2018,2921.0,1182.0,1.955,2310.8,1
Jute,2015-16,Bandarban,2018,0.0,0.0,0.0,0.0,1
Jute,2015-16,Barguna,2018,0.0,0.0,0.0,0.0,1
Jute,2015-16,Barishal,2018,12972.0,5249.0,2.076,10897.3,1
Jute,2015-16,Bhola,2018,0.0,0.0,0.0,0.0,1
Jute,2015-16,Bogura,2018,36969.0,14961.0,2.318,34678.6,1
Jute,2015-16,Brahmanbaria,2018,7582.0,3068.0,2.183,6699.5,1
Jute,2015-16,Chandpur,2018,10496.0,4248.0,1.852,7865.1,1
Jute,2015-16,Chapainababganj,2018,1048.0,424.0,1.789,758.8,1
Jute,2015-16,Chuadanga,2018,47439.0,19198.0,2.34,44930.4,1
Jute,2015-16,Cumilla,2018,2321.0,939.0,1.865,1751.8,1
Jute,2015-16,Dhaka,2018,13214.0,5347.0,1.838,9829.9,1
Jute,2015-16,Dinajpur,2018,21986.0,8897.0,2.13,18948.5,1
Jute,2015-16,Faridpur,2018,181960.0,73635.0,1.793,132059.3,1
Jute,2015-16,Feni,2018,0.0,0.0,0.0,0.0,1
Jute,2015-16,Gaibandha,2018,32360.0,13095.0,2.242,29357.0,1
Jute,2015-16,Gazipur,2018,3938.0,1594.0,1.623,2586.6,1
Jute,2015-16,Gopalganj,2018,57308.0,23191.0,1.686,39096.3,1
Jute,2015-16,Habiganj,2018,914.0,370.0,1.789,661.7,1
Jute,2015-16,Jamalpur,2018,97076.0,39285.0,1.905,74857.2,1
Jute,2015-16,Jashore,2018,58135.0,23526.0,2.282,53689.4,1
Jute,2015-16,Jhenaidah,2018,48533.0,19640.0,2.327,45702.2,1
Jute,2015-16,Joypurhat,2018,3155.0,1277.0,2.322,2965.3,1
Jute,2015-16,Khagrachhari,2018,0.0,0.0,0.0,0.0,1
Jute,2015-16,Khulna,2018,5217.0,2111.0,2.089,4411.0,1
Jute,2015-16,Kishoreganj,2018,16091.0,6512.0,1.704,11094.3,1
Jute,2015-16,Kurigram,2018,42532.0,17212.0,2.049,35266.7,1
Jute,2015-16,Kushtia,2018,91375.0,36977.0,2.143,79248.1,1
Jute,2015-16,Lakshmipur,2018,100.0,40.0,1.237,50.1,1
Jute,2015-16,Lalmonirhat,2018,10150.0,4107.0,2.354,9668.6,1
Jute,2015-16,Madaripur,2018,75763.0,30660.0,1.973,60484.3,1
Jute,2015-16,Magura,2018,82403.0,33347.0,1.928,64290.2,1
Jute,2015-16,Manikganj,2018,10624.0,4299.0,1.65,7093.6,1
Jute,2015-16,Meherpur,2018,58530.0,23686.0,2.304,54585.1,1
Jute,2015-16,Moulvibazar,2018,0.0,0.0,0.0,0.0,1
Jute,2015-16,Munshiganj,2018,7974.0,3227.0,1.435,4629.8,1
Jute,2015-16,Mymensingh,2018,18960.0,7673.0,1.659,12728.4,1
Jute,2015-16,Naogaon,2018,16570.0,6706.0,2.251,15092.4,1
Jute,2015-16,Narail,2018,48495.0,19625.0,2.125,41706.9,1
Jute,2015-16,Narayanganj,2018,1141.0,462.0,1.632,753.5,1
Jute,2015-16,Narsingdi,2018,8195.0,3316.0,1.888,6259.9,1
Jute,2015-16,Natore,2018,34629.0,14014.0,2.08,29153.6,1
Jute,2015-16,Netrakona,2018,12110.0,4901.0,1.69,8283.6,1
Jute,2015-16,Nilphamari,2018,18675.0,7557.0,1.937,14637.9,1
Jute,2015-16,Noakhali,2018,0.0,0.0,0.0,0.0,1
Jute,2015-16,Pabna,2018,86627.0,35056.0,2.314,81102.8,1
Jute,2015-16,Panchagarh,2018,21140.0,8555.0,1.901,16263.2,1
Jute,2015-16,Patuakhali,2018,0.0,0.0,0.0,0.0,1
Jute,2015-16,Pirojpur,2018,921.0,373.0,1.237,461.2,1
Jute,2015-16,Rajbari,2018,100276.0,40579.0,2.062,83692.8,1
Jute,2015-16,Rajshahi,2018,27535.0,11143.0,2.264,25229.6,1
Jute,2015-16,Rangamati,2018,0.0,0.0,0.0,0.0,1
Jute,2015-16,Rangpur,2018,27690.0,11206.0,2.233,25019.9,1
Jute,2015-16,Satkhira,2018,26199.0,10602.0,1.883,19964.9,1
Jute,2015-16,Shariatpur,2018,56522.0,22873.0,1.856,42457.1,1
Jute,2015-16,Sherpur,2018,10274.0,4158.0,1.923,7997.0,1
Jute,2015-16,Sirajganj,2018,45710.0,18498.0,1.888,34916.1,1
Jute,2015-16,Sunamganj,2018,1983.0,802.0,1.82,1460.8,1
Jute,2015-16,Sylhet,2018,0.0,0.0,0.0,0.0,1
Jute,2015-16,Tangail,2018,49313.0,19956.0,1.816,36236.8,1
Jute,2015-16,Thakurgaon,2018,20560.0,8320.0,2.116,17607.5,1
Jute,2016-17,Bagerhat,2018,2887.0,1168.0,1.968,2299.6,1
Jute,2016-17,Bandarban,2018,0.0,0.0,0.0,0.0,1
Jute,2016-17,Barguna,2018,0.0,0.0,0.0,0.0,1
Jute,2016-17,Barishal,2018,19583.0,7925.0,2.013,15953.7,1
Jute,2016-17,Bhola,2018,0.0,0.0,0.0,0.0,1
Jute,2016-17,Bogura,2018,34082.0,13792.0,2.322,32032.3,1
Jute,2016-17,Brahmanbaria,2018,7443.0,3012.0,2.188,6590.3,1
Jute,2016-17,Chandpur,2018,10617.0,4296.0,1.861,7994.4,1
Jute,2016-17,Chapainababganj,2018,2070.0,838.0,1.793,1502.3,1
Jute,2016-17,Chuadanga,2018,59114.0,23922.0,2.345,56095.1,1
Jute,2016-17,Cumilla,2018,1064.0,431.0,1.704,733.6,1
Jute,2016-17,Dhaka,2018,13380.0,5415.0,1.829,9904.8,1
Jute,2016-17,Dinajpur,2018,25267.0,10225.0,2.134,21822.0,1
Jute,2016-17,Faridpur,2018,190556.0,77114.0,1.802,138989.4,1
Jute,2016-17,Feni,2018,0.0,0.0,0.0,0.0,1
Jute,2016-17,Gaibandha,2018,33551.0,13577.0,2.206,29950.5,1
Jute,2016-17,Gazipur,2018,1781.0,721.0,1.628,1173.0,1
Jute,2016-17,Gopalganj,2018,60367.0,24429.0,1.695,41402.2,1
Jute,2016-17,Habiganj,2018,700.0,283.0,1.807,511.8,1
Jute,2016-17,Jamalpur,2018,110512.0,44722.0,1.91,85418.5,1
Jute,2016-17,Jashore,2018,67687.0,27391.0,2.287,62633.8,1
Jute,2016-17,Jhenaidah,2018,56220.0,22751.0,2.336,53144.9,1
Jute,2016-17,Joypurhat,2018,3396.0,1374.0,2.327,3197.9,1
Jute,2016-17,Khagrachhari,2018,0.0,0.0,0.0,0.0,1
Jute,2016-17,Khulna,2018,5374.0,2175.0,2.076,4514.6,1
Jute,2016-17,Kishoreganj,2018,30935.0,12519.0,1.708,21384.9,1
Jute,2016-17,Kurigram,2018,41873.0,16945.0,2.049,34720.4,1
Jute,2016-17,Kushtia,2018,97181.0,39327.0,2.161,84988.7,1
Jute,2016-17,Lakshmipur,2018,0.0,0.0,0.0,0.0,1
Jute,2016-17,Lalmonirhat,2018,9736.0,3940.0,2.318,9132.8,1
Jute,2016-17,Madaripur,2018,75545.0,30571.0,1.982,60584.4,1
Jute,2016-17,Magura,2018,94475.0,38232.0,1.941,74222.9,1
Jute,2016-17,Manikganj,2018,13359.0,5406.0,1.663,8992.5,1
Jute,2016-17,Meherpur,2018,60633.0,24537.0,2.309,56656.5,1
Jute,2016-17,Moulvibazar,2018,0.0,0.0,0.0,0.0,1
Jute,2016-17,Munshiganj,2018,8391.0,3396.0,1.444,4902.3,1
Jute,2016-17,Mymensingh,2018,21455.0,8682.0,1.663,14442.3,1
Jute,2016-17,Naogaon,2018,16297.0,6595.0,2.269,14962.1,1
Jute,2016-17,Narail,2018,53703.0,21732.0,2.085,45309.0,1
Jute,2016-17,Narayanganj,2018,1071.0,433.0,1.637,709.2,1
Jute,2016-17,Narsingdi,2018,8235.0,3333.0,1.892,6305.4,1
Jute,2016-17,Natore,2018,38021.0,15386.0,2.085,32078.2,1
Jute,2016-17,Netrakona,2018,13921.0,5634.0,1.699,9573.0,1
Jute,2016-17,Nilphamari,2018,22149.0,8963.0,1.946,17440.4,1
Jute,2016-17,Noakhali,2018,0.0,0.0,0.0,0.0,1
Jute,2016-17,Pabna,2018,91997.0,37229.0,2.318,86297.2,1
Jute,2016-17,Panchagarh,2018,23951.0,9692.0,1.91,18512.5,1
Jute,2016-17,Patuakhali,2018,0.0,0.0,0.0,0.0,1
Jute,2016-17,Pirojpur,2018,914.0,370.0,1.09,403.0,1
Jute,2016-17,Rajbari,2018,109474.0,44302.0,2.071,91766.9,1
Jute,2016-17,Rajshahi,2018,31405.0,12709.0,2.282,29003.4,1
Jute,2016-17,Rangamati,2018,0.0,0.0,0.0,0.0,1
Jute,2016-17,Rangpur,2018,29034.0,11749.0,2.26,26550.3,1
Jute,2016-17,Satkhira,2018,27291.0,11044.0,1.905,21044.7,1
Jute,2016-17,Shariatpur,2018,63202.0,25576.0,1.856,47474.9,1
Jute,2016-17,Sherpur,2018,11234.0,4546.0,1.923,8744.3,1
Jute,2016-17,Sirajganj,2018,48746.0,19726.0,1.892,37323.7,1
Jute,2016-17,Sunamganj,2018,2294.0,928.0,1.78,1652.4,1
Jute,2016-17,Sylhet,2018,18.0,7.0,1.681,12.3,1
Jute,2016-17,Tangail,2018,48350.0,19566.0,1.834,35880.1,1
Jute,2016-17,Thakurgaon,2018,22563.0,9131.0,2.121,19363.8,1
Lentil,2014-15,Bagerhat,2018,1505.0,,,479.0,1
Lentil,2014-15,Bandarban,2018,30.0,,,8.0,1
Lentil,2014-15,Barguna,2018,296.0,,,65.0,1
Lentil,2014-15,Barishal,2018,4082.0,,,1607.0,1
Lentil,2014-15,Bhola,2018,1549.0,,,850.0,1
Lentil,2014-15,Bogura,2018,1152.0,,,461.0,1
Lentil,2014-15,Brahmanbaria,2018,3096.0,,,644.0,1
Lentil,2014-15,Chandpur,2018,690.0,,,392.0,1
Lentil,2014-15,Chapainababganj,2018,656.0,,,175.0,1
Lentil,2014-15,Chattogram,2018,204.0,,,44.0,1
Lentil,2014-15,Chuadanga,2018,4379.0,,,1683.0,1
Lentil,2014-15,Cox's Bazar,2018,0.0,,,0.0,1
Lentil,2014-15,Cumilla,2018,1921.0,,,751.0,1
Lentil,2014-15,Dhaka,2018,601.0,,,167.0,1
Lentil,2014-15,Dinajpur,2018,264.0,,,87.0,1
Lentil,2014-15,Faridpur,2018,33171.0,,,14861.0,1
Lentil,2014-15,Feni,2018,3117.0,,,1069.0,1
Lentil,2014-15,Gaibandha,2018,1446.0,,,1223.0,1
Lentil,2014-15,Gazipur,2018,210.0,,,75.0,1
Lentil,2014-15,Gopalganj,2018,9707.0,,,3949.0,1
Lentil,2014-15,Habiganj,2018,219.0,,,84.0,1
Lentil,2014-15,Jamalpur,2018,1137.0,,,348.0,1
Lentil,2014-15,Jashore,2018,26058.0,,,12564.0,1
Lentil,2014-15,Jhalokati,2018,723.0,,,262.0,1
Lentil,2014-15,Jhenaidah,2018,30057.0,,,17050.0,1
Lentil,2014-15,Joypurhat,2018,362.0,,,163.0,1
Lentil,2014-15,Khagrachhari,2018,68.0,,,11.0,1
Lentil,2014-15,Khulna,2018,264.0,,,87.0,1
Lentil,2014-15,Kishoreganj,2018,349.0,,,123.0,1
Lentil,2014-15,Kurigram,2018,1861.0,,,697.0,1
Lentil,2014-15,Kushtia,2018,14662.0,,,8784.0,1
Lentil,2014-15,Lakshmipur,2018,78.0,,,14.0,1
Lentil,2014-15,Lalmonirhat,2018,120.0,,,52.0,1
Lentil,2014-15,Madaripur,2018,10360.0,,,4961.0,1
Lentil,2014-15,Magura,2018,34350.0,,,15143.0,1
Lentil,2014-15,Manikganj,2018,2365.0,,,916.0,1
Lentil,2014-15,Meherpur,2018,11500.0,,,5802.0,1
Lentil,2014-15,Moulvibazar,2018,52.0,,,29.0,1
Lentil,2014-15,Munshiganj,2018,98.0,,,32.0,1
Lentil,2014-15,Mymensingh,2018,855.0,,,407.0,1
Lentil,2014-15,Naogaon,2018,529.0,,,228.0,1
Lentil,2014-15,Narail,2018,13982.0,,,6233.0,1
Lentil,2014-15,Narayanganj,2018,445.0,,,146.0,1
Lentil,2014-15,Narsingdi,2018,64.0,,,18.0,1
Lentil,2014-15,Natore,2018,41186.0,,,18901.0,1
Lentil,2014-15,Netrakona,2018,145.0,,,49.0,1
Lentil,2014-15,Nilphamari,2018,43.0,,,21.0,1
Lentil,2014-15,Noakhali,2018,252.0,,,70.0,1
Lentil,2014-15,Pabna,2018,26058.0,,,11730.0,1
Lentil,2014-15,Panchagarh,2018,168.0,,,64.0,1
Lentil,2014-15,Patuakhali,2018,770.0,,,139.0,1
Lentil,2014-15,Pirojpur,2018,57.0,,,16.0,1
Lentil,2014-15,Rajbari,2018,16708.0,,,7351.0,1
Lentil,2014-15,Rajshahi,2018,39125.0,,,19718.0,1
Lentil,2014-15,Rangamati,2018,58.0,,,24.0,1
Lentil,2014-15,Rangpur,2018,244.0,,,123.0,1
Lentil,2014-15,Satkhira,2018,989.0,,,380.0,1
Lentil,2014-15,Shariatpur,2018,6255.0,,,3081.0,1
Lentil,2014-15,Sherpur,2018,98.0,,,32.0,1
Lentil,2014-15,Sirajganj,2018,5283.0,,,1970.0,1
Lentil,2014-15,Sunamganj,2018,0.0,,,0.0,1
Lentil,2014-15,Sylhet,2018,0.0,,,0.0,1
Lentil,2014-15,Tangail,2018,3000.0,,,765.0,1
Lentil,2014-15,Thakurgaon,2018,294.0,,,83.0,1
Lentil,2015-16,Bagerhat,2018,1545.0,,,507.0,1
Lentil,2015-16,Bandarban,2018,28.0,,,10.0,1
Lentil,2015-16,Barguna,2018,152.0,,,97.0,1
Lentil,2015-16,Barishal,2018,4044.0,,,1568.0,1
Lentil,2015-16,Bhola,2018,1924.0,,,1134.0,1
Lentil,2015-16,Bogura,2018,1168.0,,,468.0,1
Lentil,2015-16,Brahmanbaria,2018,3037.0,,,624.0,1
Lentil,2015-16,Chandpur,2018,668.0,,,318.0,1
Lentil,2015-16,Chapainababganj,2018,666.0,,,414.0,1
Lentil,2015-16,Chattogram,2018,198.0,,,43.0,1
Lentil,2015-16,Chuadanga,2018,4350.0,,,1686.0,1
Lentil,2015-16,Cox's Bazar,2018,0.0,,,0.0,1
Lentil,2015-16,Cumilla,2018,1580.0,,,608.0,1
Lentil,2015-16,Dhaka,2018,810.0,,,250.0,1
Lentil,2015-16,Dinajpur,2018,245.0,,,82.0,1
Lentil,2015-16,Faridpur,2018,33145.0,,,14745.0,1
Lentil,2015-16,Feni,2018,3108.0,,,968.0,1
Lentil,2015-16,Gaibandha,2018,1462.0,,,1223.0,1
Lentil,2015-16,Gazipur,2018,206.0,,,74.0,1
Lentil,2015-16,Gopalganj,2018,10694.0,,,4294.0,1
Lentil,2015-16,Habiganj,2018,219.0,,,86.0,1
Lentil,2015-16,Jamalpur,2018,1153.0,,,355.0,1
Lentil,2015-16,Jashore,2018,28003.0,,,11455.0,1
Lentil,2015-16,Jhalokati,2018,718.0,,,262.0,1
Lentil,2015-16,Jhenaidah,2018,31145.0,,,12826.0,1
Lentil,2015-16,Joypurhat,2018,341.0,,,154.0,1
Lentil,2015-16,Khagrachhari,2018,70.0,,,13.0,1
Lentil,2015-16,Khulna,2018,265.0,,,87.0,1
Lentil,2015-16,Kishoreganj,2018,318.0,,,108.0,1
Lentil,2015-16,Kurigram,2018,1599.0,,,616.0,1
Lentil,2015-16,Kushtia,2018,17557.0,,,9696.0,1
Lentil,2015-16,Lakshmipur,2018,82.0,,,15.0,1
Lentil,2015-16,Lalmonirhat,2018,109.0,,,46.0,1
Lentil,2015-16,Madaripur,2018,12375.0,,,5039.0,1
Lentil,2015-16,Magura,2018,44022.0,,,15964.0,1
Lentil,2015-16,Manikganj,2018,2287.0,,,875.0,1
Lentil,2015-16,Meherpur,2018,13012.0,,,5508.0,1
Lentil,2015-16,Moulvibazar,2018,75.0,,,36.0,1
Lentil,2015-16,Munshiganj,2018,99.0,,,35.0,1
Lentil,2015-16,Mymensingh,2018,845.0,,,415.0,1
Lentil,2015-16,Naogaon,2018,468.0,,,227.0,1
Lentil,2015-16,Narail,2018,14162.0,,,6483.0,1
Lentil,2015-16,Narayanganj,2018,423.0,,,139.0,1
Lentil,2015-16,Narsingdi,2018,55.0,,,16.0,1
Lentil,2015-16,Natore,2018,40102.0,,,16301.0,1
Lentil,2015-16,Netrakona,2018,143.0,,,49.0,1
Lentil,2015-16,Nilphamari,2018,36.0,,,17.0,1
Lentil,2015-16,Noakhali,2018,240.0,,,62.0,1
Lentil,2015-16,Pabna,2018,27775.0,,,12005.0,1
Lentil,2015-16,Panchagarh,2018,173.0,,,68.0,1
Lentil,2015-16,Patuakhali,2018,740.0,,,148.0,1
Lentil,2015-16,Pirojpur,2018,62.0,,,26.0,1
Lentil,2015-16,Rajbari,2018,14857.0,,,6992.0,1
Lentil,2015-16,Rajshahi,2018,42704.0,,,16665.0,1
Lentil,2015-16,Rangamati,2018,114.0,,,55.0,1
Lentil,2015-16,Rangpur,2018,248.0,,,126.0,1
Lentil,2015-16,Satkhira,2018,997.0,,,342.0,1
Lentil,2015-16,Shariatpur,2018,6240.0,,,2860.0,1
Lentil,2015-16,Sherpur,2018,107.0,,,36.0,1
Lentil,2015-16,Sirajganj,2018,5441.0,,,2047.0,1
Lentil,2015-16,Sunamganj,2018,0.0,,,0.0,1
Lentil,2015-16,Sylhet,2018,14.0,,,4.0,1
Lentil,2015-16,Tangail,2018,2939.0,,,768.0,1
Lentil,2015-16,Thakurgaon,2018,289.0,,,88.0,1
Lentil,2016-17,Bagerhat,2018,1500.0,,,495.0,1
Lentil,2016-17,Bandarban,2018,27.0,,,10.0,1
Lentil,2016-17,Barguna,2018,147.0,,,74.0,1
Lentil,2016-17,Barishal,2018,4000.0,,,1500.0,1
Lentil,2016-17,Bhola,2018,1760.0,,,1006.0,1
Lentil,2016-17,Bogura,2018,1092.0,,,440.0,1
Lentil,2016-17,Brahmanbaria,2018,3041.0,,,594.0,1
Lentil,2016-17,Chandpur,2018,529.0,,,214.0,1
Lentil,2016-17,Chapainababganj,2018,991.0,,,700.0,1
Lentil,2016-17,Chattogram,2018,199.0,,,44.0,1
Lentil,2016-17,Chuadanga,2018,4353.0,,,1676.0,1
Lentil,2016-17,Cox's Bazar,2018,0.0,,,0.0,1
Lentil,2016-17,Cumilla,2018,1362.0,,,522.0,1
Lentil,2016-17,Dhaka,2018,783.0,,,246.0,1
Lentil,2016-17,Dinajpur,2018,269.0,,,92.0,1
Lentil,2016-17,Faridpur,2018,34093.0,,,14112.0,1
Lentil,2016-17,Feni,2018,2727.0,,,982.0,1
Lentil,2016-17,Gaibandha,2018,1352.0,,,1010.0,1
Lentil,2016-17,Gazipur,2018,206.0,,,76.0,1
Lentil,2016-17,Gopalganj,2018,10694.0,,,4294.0,1
Lentil,2016-17,Habiganj,2018,227.0,,,88.0,1
Lentil,2016-17,Jamalpur,2018,1158.0,,,356.0,1
Lentil,2016-17,Jashore,2018,29319.0,,,13849.0,1
Lentil,2016-17,Jhalokati,2018,670.0,,,368.0,1
Lentil,2016-17,Jhenaidah,2018,34319.0,,,19431.0,1
Lentil,2016-17,Joypurhat,2018,330.0,,,151.0,1
Lentil,2016-17,Khagrachhari,2018,72.0,,,14.0,1
Lentil,2016-17,Khulna,2018,232.0,,,76.0,1
Lentil,2016-17,Kishoreganj,2018,312.0,,,107.0,1
Lentil,2016-17,Kurigram,2018,1605.0,,,626.0,1
Lentil,2016-17,Kushtia,2018,19223.0,,,12021.0,1
Lentil,2016-17,Lakshmipur,2018,76.0,,,14.0,1
Lentil,2016-17,Lalmonirhat,2018,120.0,,,51.0,1
Lentil,2016-17,Madaripur,2018,12348.0,,,5411.0,1
Lentil,2016-17,Magura,2018,43415.0,,,15520.0,1
Lentil,2016-17,Manikganj,2018,855.0,,,839.0,1
Lentil,2016-17,Meherpur,2018,16275.0,,,8189.0,1
Lentil,2016-17,Moulvibazar,2018,77.0,,,34.0,1
Lentil,2016-17,Munshiganj,2018,105.0,,,37.0,1
Lentil,2016-17,Mymensingh,2018,797.0,,,396.0,1
Lentil,2016-17,Naogaon,2018,454.0,,,215.0,1
Lentil,2016-17,Narail,2018,15969.0,,,7177.0,1
Lentil,2016-17,Narayanganj,2018,397.0,,,113.0,1
Lentil,2016-17,Narsingdi,2018,53.0,,,15.0,1
Lentil,2016-17,Natore,2018,37830.0,,,15386.0,1
Lentil,2016-17,Netrakona,2018,104.0,,,40.0,1
Lentil,2016-17,Nilphamari,2018,34.0,,,16.0,1
Lentil,2016-17,Noakhali,2018,299.0,,,70.0,1
Lentil,2016-17,Pabna,2018,27722.0,,,13649.0,1
Lentil,2016-17,Panchagarh,2018,176.0,,,65.0,1
Lentil,2016-17,Patuakhali,2018,710.0,,,129.0,1
Lentil,2016-17,Pirojpur,2018,62.0,,,26.0,1
Lentil,2016-17,Rajbari,2018,15659.0,,,7510.0,1
Lentil,2016-17,Rajshahi,2018,35704.0,,,12065.0,1
Lentil,2016-17,Rangamati,2018,68.0,,,26.0,1
Lentil,2016-17,Rangpur,2018,254.0,,,126.0,1
Lentil,2016-17,Satkhira,2018,924.0,,,327.0,1
Lentil,2016-17,Shariatpur,2018,6074.0,,,2955.0,1
Lentil,2016-17,Sherpur,2018,124.0,,,41.0,1
Lentil,2016-17,Sirajganj,2018,5753.0,,,2371.0,1
Lentil,2016-17,Sunamganj,2018,0.0,,,0.0,1
Lentil,2016-17,Sylhet,2018,7.0,,,2.0,1
Lentil,2016-17,Tangail,2018,2896.0,,,759.0,1
Lentil,2016-17,Thakurgaon,2018,291.0,,,89.0,1
Maize,2014-15,Bagerhat,2018,442.0,,,782.0,1
Maize,2014-15,Bandarban,2018,737.0,,,1536.0,1
Maize,2014-15,Barguna,2018,103.0,,,142.0,1
Maize,2014-15,Barishal,2018,223.0,,,398.0,1
Maize,2014-15,Bhola,2018,483.0,,,789.0,1
Maize,2014-15,Bogura,2018,21063.0,,,51280.0,1
Maize,2014-15,Brahmanbaria,2018,0.0,,,0.0,1
Maize,2014-15,Chandpur,2018,2070.0,,,3536.0,1
Maize,2014-15,Chapainababganj,2018,13721.0,,,29541.0,1
Maize,2014-15,Chattogram,2018,15.0,,,12.0,1
Maize,2014-15,Chuadanga,2018,108734.0,,,423380.0,1
Maize,2014-15,Cox's Bazar,2018,200.0,,,250.0,1
Maize,2014-15,Cumilla,2018,32927.0,,,68247.0,1
Maize,2014-15,Dhaka,2018,9093.0,,,26320.0,1
Maize,2014-15,Dinajpur,2018,146335.0,,,460759.0,1
Maize,2014-15,Faridpur,2018,497.0,,,1582.0,1
Maize,2014-15,Feni,2018,5.0,,,6.0,1
Maize,2014-15,Gaibandha,2018,21578.0,,,60394.0,1
Maize,2014-15,Gazipur,2018,153.0,,,239.0,1
Maize,2014-15,Gopalganj,2018,36.0,,,103.0,1
Maize,2014-15,Habiganj,2018,0.0,,,0.0,1
Maize,2014-15,Jamalpur,2018,12136.0,,,37148.0,1
Maize,2014-15,Jashore,2018,739.0,,,1906.0,1
Maize,2014-15,Jhalokati,2018,138.0,,,304.0,1
Maize,2014-15,Jhenaidah,2018,35515.0,,,94769.0,1
Maize,2014-15,Joypurhat,2018,896.0,,,2310.0,1
Maize,2014-15,Khagrachhari,2018,1255.0,,,1369.0,1
Maize,2014-15,Khulna,2018,145.0,,,287.0,1
Maize,2014-15,Kishoreganj,2018,5042.0,,,12929.0,1
Maize,2014-15,Kurigram,2018,4472.0,,,11647.0,1
Maize,2014-15,Kushtia,2018,15030.0,,,37540.0,1
Maize,2014-15,Lakshmipur,2018,0.0,,,0.0,1
Maize,2014-15,Lalmonirhat,2018,61471.0,,,179883.0,1
Maize,2014-15,Madaripur,2018,68.0,,,170.0,1
Maize,2014-15,Magura,2018,35.0,,,86.0,1
Maize,2014-15,Manikganj,2018,41427.0,,,102967.0,1
Maize,2014-15,Meherpur,2018,7355.0,,,23440.0,1
Maize,2014-15,Moulvibazar,2018,0.0,,,0.0,1
Maize,2014-15,Munshiganj,2018,1065.0,,,1576.0,1
Maize,2014-15,Mymensingh,2018,627.0,,,1476.0,1
Maize,2014-15,Naogaon,2018,11425.0,,,23304.0,1
Maize,2014-15,Narail,2018,0.0,,,0.0,1
Maize,2014-15,Narayanganj,2018,627.0,,,1476.0,1
Maize,2014-15,Narsingdi,2018,86.0,,,114.0,1
Maize,2014-15,Natore,2018,2879.0,,,5004.0,1
Maize,2014-15,Netrakona,2018,22.0,,,45.0,1
Maize,2014-15,Nilphamari,2018,36945.0,,,103241.0,1
Maize,2014-15,Noakhali,2018,5.0,,,6.0,1
Maize,2014-15,Pabna,2018,1243.0,,,1850.0,1
Maize,2014-15,Panchagarh,2018,24485.0,,,59128.0,1
Maize,2014-15,Patuakhali,2018,101.0,,,172.0,1
Maize,2014-15,Pirojpur,2018,608.0,,,1128.0,1
Maize,2014-15,Rajbari,2018,31.0,,,39.0,1
Maize,2014-15,Rajshahi,2018,36058.0,,,82054.0,1
Maize,2014-15,Rangamati,2018,1490.0,,,1916.0,1
Maize,2014-15,Rangpur,2018,49436.0,,,126356.0,1
Maize,2014-15,Satkhira,2018,141.0,,,317.0,1
Maize,2014-15,Shariatpur,2018,8.0,,,6.0,1
Maize,2014-15,Sherpur,2018,1502.0,,,3422.0,1
Maize,2014-15,Sirajganj,2018,19160.0,,,48251.0,1
Maize,2014-15,Sunamganj,2018,30.0,,,75.0,1
Maize,2014-15,Sylhet,2018,0.0,,,0.0,1
Maize,2014-15,Tangail,2018,2113.0,,,5472.0,1
Maize,2014-15,Thakurgaon,2018,69995.0,,,170324.0,1
Maize,2015-16,Bagerhat,2018,383.0,,,787.0,1
Maize,2015-16,Bandarban,2018,736.0,,,1557.0,1
Maize,2015-16,Barguna,2018,114.0,,,156.0,1
Maize,2015-16,Barishal,2018,274.0,,,422.0,1
Maize,2015-16,Bhola,2018,481.0,,,795.0,1
Maize,2015-16,Bogura,2018,19524.0,,,47769.0,1
Maize,2015-16,Brahmanbaria,2018,1.0,,,1.0,1
Maize,2015-16,Chandpur,2018,2240.0,,,3873.0,1
Maize,2015-16,Chapainababganj,2018,14396.0,,,36519.0,1
Maize,2015-16,Chattogram,2018,95.0,,,211.0,1
Maize,2015-16,Chuadanga,2018,117113.0,,,453774.0,1
Maize,2015-16,Cox's Bazar,2018,186.0,,,387.0,1
Maize,2015-16,Cumilla,2018,19086.0,,,40229.0,1
Maize,2015-16,Dhaka,2018,11201.0,,,28006.0,1
Maize,2015-16,Dinajpur,2018,160233.0,,,497838.0,1
Maize,2015-16,Faridpur,2018,416.0,,,1350.0,1
Maize,2015-16,Feni,2018,6.0,,,3.0,1
Maize,2015-16,Gaibandha,2018,24386.0,,,69121.0,1
Maize,2015-16,Gazipur,2018,146.0,,,210.0,1
Maize,2015-16,Gopalganj,2018,5.0,,,10.0,1
Maize,2015-16,Habiganj,2018,0.0,,,0.0,1
Maize,2015-16,Jamalpur,2018,17439.0,,,66007.0,1
Maize,2015-16,Jashore,2018,655.0,,,1689.0,1
Maize,2015-16,Jhalokati,2018,140.0,,,312.0,1
Maize,2015-16,Jhenaidah,2018,23102.0,,,73788.0,1
Maize,2015-16,Joypurhat,2018,656.0,,,1595.0,1
Maize,2015-16,Khagrachhari,2018,1295.0,,,1459.0,1
Maize,2015-16,Khulna,2018,123.0,,,201.0,1
Maize,2015-16,Kishoreganj,2018,5731.0,,,14342.0,1
Maize,2015-16,Kurigram,2018,5977.0,,,18394.0,1
Maize,2015-16,Kushtia,2018,14552.0,,,37161.0,1
Maize,2015-16,Lakshmipur,2018,0.0,,,0.0,1
Maize,2015-16,Lalmonirhat,2018,63514.0,,,189163.0,1
Maize,2015-16,Madaripur,2018,60.0,,,125.0,1
Maize,2015-16,Magura,2018,32.0,,,82.0,1
Maize,2015-16,Manikganj,2018,46385.0,,,119943.0,1
Maize,2015-16,Meherpur,2018,9043.0,,,35024.0,1
Maize,2015-16,Moulvibazar,2018,0.0,,,0.0,1
Maize,2015-16,Munshiganj,2018,711.0,,,982.0,1
Maize,2015-16,Mymensingh,2018,525.0,,,1270.0,1
Maize,2015-16,Naogaon,2018,5063.0,,,13568.0,1
Maize,2015-16,Narail,2018,0.0,,,0.0,1
Maize,2015-16,Narayanganj,2018,525.0,,,1270.0,1
Maize,2015-16,Narsingdi,2018,95.0,,,119.0,1
Maize,2015-16,Natore,2018,3480.0,,,5671.0,1
Maize,2015-16,Netrakona,2018,51.0,,,111.0,1
Maize,2015-16,Nilphamari,2018,40617.0,,,116749.0,1
Maize,2015-16,Noakhali,2018,2.0,,,2.0,1
Maize,2015-16,Pabna,2018,1393.0,,,4280.0,1
Maize,2015-16,Panchagarh,2018,31057.0,,,92692.0,1
Maize,2015-16,Patuakhali,2018,133.0,,,235.0,1
Maize,2015-16,Pirojpur,2018,572.0,,,1017.0,1
Maize,2015-16,Rajbari,2018,9.0,,,7.0,1
Maize,2015-16,Rajshahi,2018,33852.0,,,72708.0,1
Maize,2015-16,Rangamati,2018,1564.0,,,3233.0,1
Maize,2015-16,Rangpur,2018,50635.0,,,132386.0,1
Maize,2015-16,Satkhira,2018,354.0,,,997.0,1
Maize,2015-16,Shariatpur,2018,6.0,,,14.0,1
Maize,2015-16,Sherpur,2018,1488.0,,,3332.0,1
Maize,2015-16,Sirajganj,2018,18930.0,,,50601.0,1
Maize,2015-16,Sunamganj,2018,39.0,,,101.0,1
Maize,2015-16,Sylhet,2018,0.0,,,0.0,1
Maize,2015-16,Tangail,2018,2300.0,,,5688.0,1
Maize,2015-16,Thakurgaon,2018,74652.0,,,197158.0,1
Maize,2016-17,Bagerhat,2018,384.0,,,816.0,1
Maize,2016-17,Bandarban,2018,741.0,,,575.0,1
Maize,2016-17,Barguna,2018,125.0,,,170.0,1
Maize,2016-17,Barishal,2018,322.0,,,557.0,1
Maize,2016-17,Bhola,2018,858.0,,,1011.0,1
Maize,2016-17,Bogura,2018,17710.0,,,43592.0,1
Maize,2016-17,Brahmanbaria,2018,0.0,,,0.0,1
Maize,2016-17,Chandpur,2018,15130.0,,,38570.0,1
Maize,2016-17,Chapainababganj,2018,14027.0,,,41157.0,1
Maize,2016-17,Chattogram,2018,226.0,,,618.0,1
Maize,2016-17,Chuadanga,2018,121679.0,,,474828.0,1
Maize,2016-17,Cox's Bazar,2018,205.0,,,425.0,1
Maize,2016-17,Cumilla,2018,22207.0,,,38589.0,1
Maize,2016-17,Dhaka,2018,11433.0,,,32392.0,1
Maize,2016-17,Dinajpur,2018,167625.0,,,530717.0,1
Maize,2016-17,Faridpur,2018,960.0,,,3516.0,1
Maize,2016-17,Feni,2018,7.0,,,4.0,1
Maize,2016-17,Gaibandha,2018,27234.0,,,85181.0,1
Maize,2016-17,Gazipur,2018,130.0,,,184.0,1
Maize,2016-17,Gopalganj,2018,16.0,,,12.0,1
Maize,2016-17,Habiganj,2018,15.0,,,27.0,1
Maize,2016-17,Jamalpur,2018,18304.0,,,74947.0,1
Maize,2016-17,Jashore,2018,767.0,,,2252.0,1
Maize,2016-17,Jhalokati,2018,176.0,,,257.0,1
Maize,2016-17,Jhenaidah,2018,31077.0,,,100385.0,1
Maize,2016-17,Joypurhat,2018,857.0,,,2156.0,1
Maize,2016-17,Khagrachhari,2018,1332.0,,,1495.0,1
Maize,2016-17,Khulna,2018,54.0,,,129.0,1
Maize,2016-17,Kishoreganj,2018,9871.0,,,28923.0,1
Maize,2016-17,Kurigram,2018,17740.0,,,49319.0,1
Maize,2016-17,Kushtia,2018,17870.0,,,58621.0,1
Maize,2016-17,Lakshmipur,2018,0.0,,,0.0,1
Maize,2016-17,Lalmonirhat,2018,67068.0,,,191225.0,1
Maize,2016-17,Madaripur,2018,156.0,,,349.0,1
Maize,2016-17,Magura,2018,38.0,,,86.0,1
Maize,2016-17,Manikganj,2018,49345.0,,,126457.0,1
Maize,2016-17,Meherpur,2018,18726.0,,,82783.0,1
Maize,2016-17,Moulvibazar,2018,8.0,,,16.0,1
Maize,2016-17,Munshiganj,2018,1782.0,,,3725.0,1
Maize,2016-17,Mymensingh,2018,889.0,,,2701.0,1
Maize,2016-17,Naogaon,2018,17112.0,,,60556.0,1
Maize,2016-17,Narail,2018,0.0,,,0.0,1
Maize,2016-17,Narayanganj,2018,139.0,,,227.0,1
Maize,2016-17,Narsingdi,2018,5.0,,,13.0,1
Maize,2016-17,Natore,2018,4153.0,,,7676.0,1
Maize,2016-17,Netrakona,2018,0.0,,,0.0,1
Maize,2016-17,Nilphamari,2018,45978.0,,,150029.0,1
Maize,2016-17,Noakhali,2018,3.0,,,3.0,1
Maize,2016-17,Pabna,2018,1719.0,,,3438.0,1
Maize,2016-17,Panchagarh,2018,45788.0,,,179313.0,1
Maize,2016-17,Patuakhali,2018,111.0,,,149.0,1
Maize,2016-17,Pirojpur,2018,619.0,,,1123.0,1
Maize,2016-17,Rajbari,2018,114.0,,,621.0,1
Maize,2016-17,Rajshahi,2018,33589.0,,,83188.0,1
Maize,2016-17,Rangamati,2018,1500.0,,,2612.0,1
Maize,2016-17,Rangpur,2018,56513.0,,,161567.0,1
Maize,2016-17,Satkhira,2018,189.0,,,560.0,1
Maize,2016-17,Shariatpur,2018,84.0,,,221.0,1
Maize,2016-17,Sherpur,2018,1013.0,,,2122.0,1
Maize,2016-17,Sirajganj,2018,23250.0,,,77918.0,1
Maize,2016-17,Sunamganj,2018,0.0,,,0.0,1
Maize,2016-17,Sylhet,2018,29.0,,,47.0,1
Maize,2016-17,Tangail,2018,2741.0,,,5923.0,1
Maize,2016-17,Thakurgaon,2018,91257.0,,,269319.0,1
Mung,2014-15,Bagerhat,2018,588.0,,,118.0,1
Mung,2014-15,Bandarban,2018,48.0,,,18.0,1
Mung,2014-15,Barguna,2018,2315.0,,,502.0,1
Mung,2014-15,Barishal,2018,9432.0,,,3313.0,1
Mung,2014-15,Bhola,2018,23935.0,,,7968.0,1
Mung,2014-15,Bogura,2018,15.0,,,5.0,1
Mung,2014-15,Brahmanbaria,2018,18.0,,,5.0,1
Mung,2014-15,Chandpur,2018,575.0,,,331.0,1
Mung,2014-15,Chapainababganj,2018,35.0,,,10.0,1
Mung,2014-15,Chattogram,2018,1650.0,,,490.0,1
Mung,2014-15,Chuadanga,2018,600.0,,,407.0,1
Mung,2014-15,Cox's Bazar,2018,14.0,,,5.0,1
Mung,2014-15,Cumilla,2018,4.0,,,3.0,1
Mung,2014-15,Dhaka,2018,75.0,,,25.0,1
Mung,2014-15,Dinajpur,2018,141.0,,,49.0,1
Mung,2014-15,Faridpur,2018,1003.0,,,360.0,1
Mung,2014-15,Feni,2018,261.0,,,105.0,1
Mung,2014-15,Gaibandha,2018,103.0,,,53.0,1
Mung,2014-15,Gazipur,2018,96.0,,,26.0,1
Mung,2014-15,Gopalganj,2018,199.0,,,72.0,1
Mung,2014-15,Habiganj,2018,0.0,,,0.0,1
Mung,2014-15,Jamalpur,2018,82.0,,,25.0,1
Mung,2014-15,Jashore,2018,2187.0,,,739.0,1
Mung,2014-15,Jhalokati,2018,1305.0,,,493.0,1
Mung,2014-15,Jhenaidah,2018,1653.0,,,640.0,1
Mung,2014-15,Joypurhat,2018,25.0,,,7.0,1
Mung,2014-15,Khagrachhari,2018,0.0,,,0.0,1
Mung,2014-15,Khulna,2018,157.0,,,47.0,1
Mung,2014-15,Kishoreganj,2018,219.0,,,70.0,1
Mung,2014-15,Kurigram,2018,138.0,,,50.0,1
Mung,2014-15,Kushtia,2018,232.0,,,116.0,1
Mung,2014-15,Lakshmipur,2018,1703.0,,,411.0,1
Mung,2014-15,Lalmonirhat,2018,59.0,,,33.0,1
Mung,2014-15,Madaripur,2018,521.0,,,164.0,1
Mung,2014-15,Magura,2018,134.0,,,42.0,1
Mung,2014-15,Manikganj,2018,267.0,,,80.0,1
Mung,2014-15,Meherpur,2018,70.0,,,27.0,1
Mung,2014-15,Moulvibazar,2018,20.0,,,7.0,1
Mung,2014-15,Munshiganj,2018,5.0,,,2.0,1
Mung,2014-15,Mymensingh,2018,187.0,,,74.0,1
Mung,2014-15,Naogaon,2018,184.0,,,73.0,1
Mung,2014-15,Narail,2018,206.0,,,59.0,1
Mung,2014-15,Narayanganj,2018,36.0,,,14.0,1
Mung,2014-15,Narsingdi,2018,39.0,,,11.0,1
Mung,2014-15,Natore,2018,19229.0,,,5689.0,1
Mung,2014-15,Netrakona,2018,14.0,,,3.0,1
Mung,2014-15,Nilphamari,2018,9.0,,,6.0,1
Mung,2014-15,Noakhali,2018,3619.0,,,897.0,1
Mung,2014-15,Pabna,2018,327.0,,,131.0,1
Mung,2014-15,Panchagarh,2018,665.0,,,349.0,1
Mung,2014-15,Patuakhali,2018,8075.0,,,1615.0,1
Mung,2014-15,Pirojpur,2018,520.0,,,133.0,1
Mung,2014-15,Rajbari,2018,214.0,,,84.0,1
Mung,2014-15,Rajshahi,2018,11537.0,,,6278.0,1
Mung,2014-15,Rangamati,2018,0.0,,,0.0,1
Mung,2014-15,Rangpur,2018,60.0,,,30.0,1
Mung,2014-15,Satkhira,2018,33.0,,,9.0,1
Mung,2014-15,Shariatpur,2018,254.0,,,112.0,1
Mung,2014-15,Sherpur,2018,8.0,,,2.0,1
Mung,2014-15,Sirajganj,2018,0.0,,,0.0,1
Mung,2014-15,Sunamganj,2018,0.0,,,0.0,1
Mung,2014-15,Sylhet,2018,0.0,,,0.0,1
Mung,2014-15,Tangail,2018,0.0,,,0.0,1
Mung,2014-15,Thakurgaon,2018,976.0,,,350.0,1
Mung,2015-16,Bagerhat,2018,487.0,,,113.0,1
Mung,2015-16,Bandarban,2018,48.0,,,18.0,1
Mung,2015-16,Barguna,2018,2680.0,,,807.0,1
Mung,2015-16,Barishal,2018,9062.0,,,4266.0,1
Mung,2015-16,Bhola,2018,26836.0,,,9602.0,1
Mung,2015-16,Bogura,2018,7.0,,,2.0,1
Mung,2015-16,Brahmanbaria,2018,29.0,,,7.0,1
Mung,2015-16,Chandpur,2018,474.0,,,187.0,1
Mung,2015-16,Chapainababganj,2018,0.0,,,0.0,1
Mung,2015-16,Chattogram,2018,1638.0,,,487.0,1
Mung,2015-16,Chuadanga,2018,602.0,,,407.0,1
Mung,2015-16,Cox's Bazar,2018,14.0,,,5.0,1
Mung,2015-16,Cumilla,2018,4.0,,,3.0,1
Mung,2015-16,Dhaka,2018,69.0,,,24.0,1
Mung,2015-16,Dinajpur,2018,114.0,,,38.0,1
Mung,2015-16,Faridpur,2018,950.0,,,328.0,1
Mung,2015-16,Feni,2018,368.0,,,103.0,1
Mung,2015-16,Gaibandha,2018,104.0,,,52.0,1
Mung,2015-16,Gazipur,2018,97.0,,,26.0,1
Mung,2015-16,Gopalganj,2018,213.0,,,89.0,1
Mung,2015-16,Habiganj,2018,0.0,,,0.0,1
Mung,2015-16,Jamalpur,2018,83.0,,,27.0,1
Mung,2015-16,Jashore,2018,1833.0,,,692.0,1
Mung,2015-16,Jhalokati,2018,1421.0,,,534.0,1
Mung,2015-16,Jhenaidah,2018,1650.0,,,701.0,1
Mung,2015-16,Joypurhat,2018,21.0,,,6.0,1
Mung,2015-16,Khagrachhari,2018,0.0,,,0.0,1
Mung,2015-16,Khulna,2018,153.0,,,46.0,1
Mung,2015-16,Kishoreganj,2018,230.0,,,76.0,1
Mung,2015-16,Kurigram,2018,148.0,,,55.0,1
Mung,2015-16,Kushtia,2018,209.0,,,109.0,1
Mung,2015-16,Lakshmipur,2018,1660.0,,,403.0,1
Mung,2015-16,Lalmonirhat,2018,57.0,,,31.0,1
Mung,2015-16,Madaripur,2018,514.0,,,167.0,1
Mung,2015-16,Magura,2018,132.0,,,43.0,1
Mung,2015-16,Manikganj,2018,271.0,,,87.0,1
Mung,2015-16,Meherpur,2018,71.0,,,25.0,1
Mung,2015-16,Moulvibazar,2018,0.0,,,0.0,1
Mung,2015-16,Munshiganj,2018,0.0,,,0.0,1
Mung,2015-16,Mymensingh,2018,202.0,,,85.0,1
Mung,2015-16,Naogaon,2018,185.0,,,76.0,1
Mung,2015-16,Narail,2018,211.0,,,63.0,1
Mung,2015-16,Narayanganj,2018,34.0,,,13.0,1
Mung,2015-16,Narsingdi,2018,41.0,,,13.0,1
Mung,2015-16,Natore,2018,22650.0,,,7742.0,1
Mung,2015-16,Netrakona,2018,14.0,,,3.0,1
Mung,2015-16,Nilphamari,2018,9.0,,,7.0,1
Mung,2015-16,Noakhali,2018,2651.0,,,912.0,1
Mung,2015-16,Pabna,2018,456.0,,,164.0,1
Mung,2015-16,Panchagarh,2018,221.0,,,93.0,1
Mung,2015-16,Patuakhali,2018,13917.0,,,2232.0,1
Mung,2015-16,Pirojpur,2018,582.0,,,176.0,1
Mung,2015-16,Rajbari,2018,195.0,,,76.0,1
Mung,2015-16,Rajshahi,2018,10966.0,,,5511.0,1
Mung,2015-16,Rangamati,2018,0.0,,,0.0,1
Mung,2015-16,Rangpur,2018,89.0,,,45.0,1
Mung,2015-16,Satkhira,2018,26.0,,,7.0,1
Mung,2015-16,Shariatpur,2018,279.0,,,113.0,1
Mung,2015-16,Sherpur,2018,9.0,,,3.0,1
Mung,2015-16,Sirajganj,2018,0.0,,,0.0,1
Mung,2015-16,Sunamganj,2018,0.0,,,0.0,1
Mung,2015-16,Sylhet,2018,0.0,,,0.0,1
Mung,2015-16,Tangail,2018,0.0,,,0.0,1
Mung,2015-16,Thakurgaon,2018,180.0,,,54.0,1
Mung,2016-17,Bagerhat,2018,515.0,,,143.0,1
Mung,2016-17,Bandarban,2018,48.0,,,18.0,1
Mung,2016-17,Barguna,2018,2726.0,,,806.0,1
Mung,2016-17,Barishal,2018,9900.0,,,4284.0,1
Mung,2016-17,Bhola,2018,24815.0,,,8737.0,1
Mung,2016-17,Bogura,2018,14.0,,,5.0,1
Mung,2016-17,Brahmanbaria,2018,37.0,,,17.0,1
Mung,2016-17,Chandpur,2018,154.0,,,60.0,1
Mung,2016-17,Chapainababganj,2018,52.0,,,14.0,1
Mung,2016-17,Chattogram,2018,1639.0,,,487.0,1
Mung,2016-17,Chuadanga,2018,600.0,,,408.0,1
Mung,2016-17,Cox's Bazar,2018,0.0,,,0.0,1
Mung,2016-17,Cumilla,2018,4.0,,,3.0,1
Mung,2016-17,Dhaka,2018,72.0,,,25.0,1
Mung,2016-17,Dinajpur,2018,80.0,,,28.0,1
Mung,2016-17,Faridpur,2018,1002.0,,,367.0,1
Mung,2016-17,Feni,2018,435.0,,,107.0,1
Mung,2016-17,Gaibandha,2018,106.0,,,50.0,1
Mung,2016-17,Gazipur,2018,91.0,,,24.0,1
Mung,2016-17,Gopalganj,2018,230.0,,,94.0,1
Mung,2016-17,Habiganj,2018,0.0,,,0.0,1
Mung,2016-17,Jamalpur,2018,92.0,,,30.0,1
Mung,2016-17,Jashore,2018,1804.0,,,697.0,1
Mung,2016-17,Jhalokati,2018,1227.0,,,318.0,1
Mung,2016-17,Jhenaidah,2018,1680.0,,,732.0,1
Mung,2016-17,Joypurhat,2018,20.0,,,6.0,1
Mung,2016-17,Khagrachhari,2018,0.0,,,0.0,1
Mung,2016-17,Khulna,2018,148.0,,,44.0,1
Mung,2016-17,Kishoreganj,2018,246.0,,,91.0,1
Mung,2016-17,Kurigram,2018,150.0,,,58.0,1
Mung,2016-17,Kushtia,2018,158.0,,,84.0,1
Mung,2016-17,Lakshmipur,2018,1606.0,,,393.0,1
Mung,2016-17,Lalmonirhat,2018,57.0,,,32.0,1
Mung,2016-17,Madaripur,2018,447.0,,,147.0,1
Mung,2016-17,Magura,2018,118.0,,,38.0,1
Mung,2016-17,Manikganj,2018,252.0,,,75.0,1
Mung,2016-17,Meherpur,2018,71.0,,,25.0,1
Mung,2016-17,Moulvibazar,2018,11.0,,,3.0,1
Mung,2016-17,Munshiganj,2018,0.0,,,0.0,1
Mung,2016-17,Mymensingh,2018,203.0,,,84.0,1
Mung,2016-17,Naogaon,2018,169.0,,,71.0,1
Mung,2016-17,Narail,2018,239.0,,,72.0,1
Mung,2016-17,Narayanganj,2018,29.0,,,12.0,1
Mung,2016-17,Narsingdi,2018,37.0,,,11.0,1
Mung,2016-17,Natore,2018,21879.0,,,7262.0,1
Mung,2016-17,Netrakona,2018,0.0,,,0.0,1
Mung,2016-17,Nilphamari,2018,9.0,,,7.0,1
Mung,2016-17,Noakhali,2018,2196.0,,,579.0,1
Mung,2016-17,Pabna,2018,488.0,,,196.0,1
Mung,2016-17,Panchagarh,2018,224.0,,,93.0,1
Mung,2016-17,Patuakhali,2018,13585.0,,,1980.0,1
Mung,2016-17,Pirojpur,2018,569.0,,,191.0,1
Mung,2016-17,Rajbari,2018,166.0,,,65.0,1
Mung,2016-17,Rajshahi,2018,11386.0,,,5490.0,1
Mung,2016-17,Rangamati,2018,0.0,,,0.0,1
Mung,2016-17,Rangpur,2018,88.0,,,43.0,1
Mung,2016-17,Satkhira,2018,24.0,,,6.0,1
Mung,2016-17,Shariatpur,2018,250.0,,,122.0,1
Mung,2016-17,Sherpur,2018,9.0,,,3.0,1
Mung,2016-17,Sirajganj,2018,0.0,,,0.0,1
Mung,2016-17,Sunamganj,2018,0.0,,,0.0,1
Mung,2016-17,Sylhet,2018,6.0,,,2.0,1
Mung,2016-17,Tangail,2018,0.0,,,0.0,1
Mung,2016-17,Thakurgaon,2018,148.0,,,44.0,1
Mustard,2014-15,Bagerhat,2018,1708.0,,,613.0,1
Mustard,2014-15,Bandarban,2018,332.0,,,85.0,1
Mustard,2014-15,Barguna,2018,0.0,,,0.0,1
Mustard,2014-15,Barishal,2018,1251.0,,,477.0,1
Mustard,2014-15,Bhola,2018,1046.0,,,445.0,1
Mustard,2014-15,Bogura,2018,52023.0,,,25283.0,1
Mustard,2014-15,Brahmanbaria,2018,27974.0,,,19975.0,1
Mustard,2014-15,Chandpur,2018,2008.0,,,1114.0,1
Mustard,2014-15,Chapainababganj,2018,14913.0,,,5151.0,1
Mustard,2014-15,Chattogram,2018,789.0,,,206.0,1
Mustard,2014-15,Chuadanga,2018,6833.0,,,4041.0,1
Mustard,2014-15,Cox's Bazar,2018,377.0,,,226.0,1
Mustard,2014-15,Cumilla,2018,10248.0,,,4960.0,1
Mustard,2014-15,Dhaka,2018,29455.0,,,11305.0,1
Mustard,2014-15,Dinajpur,2018,22729.0,,,11731.0,1
Mustard,2014-15,Faridpur,2018,20440.0,,,6568.0,1
Mustard,2014-15,Feni,2018,503.0,,,115.0,1
Mustard,2014-15,Gaibandha,2018,0.0,,,0.0,1
Mustard,2014-15,Gazipur,2018,5178.0,,,1425.0,1
Mustard,2014-15,Gopalganj,2018,8537.0,,,2824.0,1
Mustard,2014-15,Habiganj,2018,1050.0,,,1015.0,1
Mustard,2014-15,Jamalpur,2018,18967.0,,,7574.0,1
Mustard,2014-15,Jashore,2018,26858.0,,,10966.0,1
Mustard,2014-15,Jhalokati,2018,583.0,,,185.0,1
Mustard,2014-15,Jhenaidah,2018,12241.0,,,5256.0,1
Mustard,2014-15,Joypurhat,2018,2326.0,,,1533.0,1
Mustard,2014-15,Khagrachhari,2018,341.0,,,117.0,1
Mustard,2014-15,Khulna,2018,691.0,,,216.0,1
Mustard,2014-15,Kishoreganj,2018,2591.0,,,1157.0,1
Mustard,2014-15,Kurigram,2018,12569.0,,,6033.0,1
Mustard,2014-15,Kushtia,2018,6788.0,,,3808.0,1
Mustard,2014-15,Lakshmipur,2018,242.0,,,80.0,1
Mustard,2014-15,Lalmonirhat,2018,1603.0,,,830.0,1
Mustard,2014-15,Madaripur,2018,12370.0,,,5430.0,1
Mustard,2014-15,Magura,2018,10258.0,,,5982.0,1
Mustard,2014-15,Manikganj,2018,43327.0,,,15557.0,1
Mustard,2014-15,Meherpur,2018,14570.0,,,8104.0,1
Mustard,2014-15,Moulvibazar,2018,447.0,,,1772.0,1
Mustard,2014-15,Munshiganj,2018,4085.0,,,847.0,1
Mustard,2014-15,Mymensingh,2018,4201.0,,,1662.0,1
Mustard,2014-15,Naogaon,2018,49776.0,,,25372.0,1
Mustard,2014-15,Narail,2018,7880.0,,,2217.0,1
Mustard,2014-15,Narayanganj,2018,2774.0,,,1060.0,1
Mustard,2014-15,Narsingdi,2018,3999.0,,,1488.0,1
Mustard,2014-15,Natore,2018,8571.0,,,4165.0,1
Mustard,2014-15,Netrakona,2018,2745.0,,,1267.0,1
Mustard,2014-15,Nilphamari,2018,1372.0,,,692.0,1
Mustard,2014-15,Noakhali,2018,54.0,,,13.0,1
Mustard,2014-15,Pabna,2018,31449.0,,,16640.0,1
Mustard,2014-15,Panchagarh,2018,2169.0,,,932.0,1
Mustard,2014-15,Patuakhali,2018,117.0,,,27.0,1
Mustard,2014-15,Pirojpur,2018,65.0,,,14.0,1
Mustard,2014-15,Rajbari,2018,5992.0,,,2055.0,1
Mustard,2014-15,Rajshahi,2018,41946.0,,,21505.0,1
Mustard,2014-15,Rangamati,2018,505.0,,,271.0,1
Mustard,2014-15,Rangpur,2018,4152.0,,,1994.0,1
Mustard,2014-15,Satkhira,2018,14309.0,,,6417.0,1
Mustard,2014-15,Shariatpur,2018,12592.0,,,6867.0,1
Mustard,2014-15,Sherpur,2018,4224.0,,,1719.0,1
Mustard,2014-15,Sirajganj,2018,140797.0,,,56508.0,1
Mustard,2014-15,Sunamganj,2018,1021.0,,,694.0,1
Mustard,2014-15,Sylhet,2018,2133.0,,,2310.0,1
Mustard,2014-15,Tangail,2018,66426.0,,,24408.0,1
Mustard,2014-15,Thakurgaon,2018,15362.0,,,6145.0,1
Mustard,2015-16,Bagerhat,2018,1702.0,,,641.0,1
Mustard,2015-16,Bandarban,2018,316.0,,,80.0,1
Mustard,2015-16,Barguna,2018,97.0,,,60.0,1
Mustard,2015-16,Barishal,2018,2126.0,,,826.0,1
Mustard,2015-16,Bhola,2018,1779.0,,,735.0,1
Mustard,2015-16,Bogura,2018,53281.0,,,26072.0,1
Mustard,2015-16,Brahmanbaria,2018,26423.0,,,17780.0,1
Mustard,2015-16,Chandpur,2018,3664.0,,,1603.0,1
Mustard,2015-16,Chapainababganj,2018,19111.0,,,6519.0,1
Mustard,2015-16,Chattogram,2018,794.0,,,210.0,1
Mustard,2015-16,Chuadanga,2018,4981.0,,,2966.0,1
Mustard,2015-16,Cox's Bazar,2018,381.0,,,111.0,1
Mustard,2015-16,Cumilla,2018,10060.0,,,4858.0,1
Mustard,2015-16,Dhaka,2018,22630.0,,,10157.0,1
Mustard,2015-16,Dinajpur,2018,5149.0,,,16395.0,1
Mustard,2015-16,Faridpur,2018,19719.0,,,6325.0,1
Mustard,2015-16,Feni,2018,496.0,,,204.0,1
Mustard,2015-16,Gaibandha,2018,3400.0,,,1600.0,1
Mustard,2015-16,Gazipur,2018,3964.0,,,1047.0,1
Mustard,2015-16,Gopalganj,2018,8955.0,,,2998.0,1
Mustard,2015-16,Habiganj,2018,2080.0,,,834.0,1
Mustard,2015-16,Jamalpur,2018,19184.0,,,7831.0,1
Mustard,2015-16,Jashore,2018,26323.0,,,10230.0,1
Mustard,2015-16,Jhalokati,2018,564.0,,,180.0,1
Mustard,2015-16,Jhenaidah,2018,8387.0,,,3653.0,1
Mustard,2015-16,Joypurhat,2018,6078.0,,,3999.0,1
Mustard,2015-16,Khagrachhari,2018,156.0,,,62.0,1
Mustard,2015-16,Khulna,2018,712.0,,,254.0,1
Mustard,2015-16,Kishoreganj,2018,2657.0,,,1333.0,1
Mustard,2015-16,Kurigram,2018,13684.0,,,6566.0,1
Mustard,2015-16,Kushtia,2018,6749.0,,,3874.0,1
Mustard,2015-16,Lakshmipur,2018,228.0,,,74.0,1
Mustard,2015-16,Lalmonirhat,2018,1905.0,,,982.0,1
Mustard,2015-16,Madaripur,2018,26750.0,,,11090.0,1
Mustard,2015-16,Magura,2018,12677.0,,,4234.0,1
Mustard,2015-16,Manikganj,2018,47448.0,,,20200.0,1
Mustard,2015-16,Meherpur,2018,14325.0,,,7732.0,1
Mustard,2015-16,Moulvibazar,2018,737.0,,,2356.0,1
Mustard,2015-16,Munshiganj,2018,3645.0,,,1295.0,1
Mustard,2015-16,Mymensingh,2018,4244.0,,,1688.0,1
Mustard,2015-16,Naogaon,2018,51303.0,,,26999.0,1
Mustard,2015-16,Narail,2018,7898.0,,,2648.0,1
Mustard,2015-16,Narayanganj,2018,1906.0,,,730.0,1
Mustard,2015-16,Narsingdi,2018,3445.0,,,1475.0,1
Mustard,2015-16,Natore,2018,6016.0,,,358.0,1
Mustard,2015-16,Netrakona,2018,2537.0,,,1251.0,1
Mustard,2015-16,Nilphamari,2018,2105.0,,,1243.0,1
Mustard,2015-16,Noakhali,2018,47.0,,,12.0,1
Mustard,2015-16,Pabna,2018,42336.0,,,15565.0,1
Mustard,2015-16,Panchagarh,2018,2743.0,,,1253.0,1
Mustard,2015-16,Patuakhali,2018,117.0,,,29.0,1
Mustard,2015-16,Pirojpur,2018,79.0,,,17.0,1
Mustard,2015-16,Rajbari,2018,5583.0,,,1891.0,1
Mustard,2015-16,Rajshahi,2018,40701.0,,,19270.0,1
Mustard,2015-16,Rangamati,2018,519.0,,,284.0,1
Mustard,2015-16,Rangpur,2018,4784.0,,,2333.0,1
Mustard,2015-16,Satkhira,2018,0.0,,,0.0,1
Mustard,2015-16,Shariatpur,2018,18657.0,,,8370.0,1
Mustard,2015-16,Sherpur,2018,5187.0,,,2127.0,1
Mustard,2015-16,Sirajganj,2018,122782.0,,,52504.0,1
Mustard,2015-16,Sunamganj,2018,1305.0,,,513.0,1
Mustard,2015-16,Sylhet,2018,2746.0,,,1703.0,1
Mustard,2015-16,Tangail,2018,61365.0,,,25146.0,1
Mustard,2015-16,Thakurgaon,2018,15303.0,,,6534.0,1
Mustard,2016-17,Bagerhat,2018,1720.0,,,652.0,1
Mustard,2016-17,Bandarban,2018,308.0,,,78.0,1
Mustard,2016-17,Barguna,2018,95.0,,,54.0,1
Mustard,2016-17,Barishal,2018,1969.0,,,804.0,1
Mustard,2016-17,Bhola,2018,1783.0,,,862.0,1
Mustard,2016-17,Bogura,2018,39868.0,,,17933.0,1
Mustard,2016-17,Brahmanbaria,2018,26864.0,,,18276.0,1
Mustard,2016-17,Chandpur,2018,5868.0,,,3079.0,1
Mustard,2016-17,Chapainababganj,2018,19111.0,,,7559.0,1
Mustard,2016-17,Chattogram,2018,792.0,,,209.0,1
Mustard,2016-17,Chuadanga,2018,4566.0,,,2814.0,1
Mustard,2016-17,Cox's Bazar,2018,391.0,,,209.0,1
Mustard,2016-17,Cumilla,2018,8464.0,,,4035.0,1
Mustard,2016-17,Dhaka,2018,58473.0,,,22554.0,1
Mustard,2016-17,Dinajpur,2018,27033.0,,,14622.0,1
Mustard,2016-17,Faridpur,2018,18500.0,,,5173.0,1
Mustard,2016-17,Feni,2018,560.0,,,175.0,1
Mustard,2016-17,Gaibandha,2018,6677.0,,,2742.0,1
Mustard,2016-17,Gazipur,2018,3962.0,,,1036.0,1
Mustard,2016-17,Gopalganj,2018,9082.0,,,3188.0,1
Mustard,2016-17,Habiganj,2018,1929.0,,,769.0,1
Mustard,2016-17,Jamalpur,2018,18718.0,,,7728.0,1
Mustard,2016-17,Jashore,2018,24905.0,,,9836.0,1
Mustard,2016-17,Jhalokati,2018,549.0,,,182.0,1
Mustard,2016-17,Jhenaidah,2018,7996.0,,,3841.0,1
Mustard,2016-17,Joypurhat,2018,5544.0,,,3665.0,1
Mustard,2016-17,Khagrachhari,2018,344.0,,,117.0,1
Mustard,2016-17,Khulna,2018,709.0,,,256.0,1
Mustard,2016-17,Kishoreganj,2018,1872.0,,,763.0,1
Mustard,2016-17,Kurigram,2018,11620.0,,,4711.0,1
Mustard,2016-17,Kushtia,2018,7107.0,,,4248.0,1
Mustard,2016-17,Lakshmipur,2018,221.0,,,75.0,1
Mustard,2016-17,Lalmonirhat,2018,1926.0,,,1008.0,1
Mustard,2016-17,Madaripur,2018,14081.0,,,6171.0,1
Mustard,2016-17,Magura,2018,11557.0,,,3860.0,1
Mustard,2016-17,Manikganj,2018,48243.0,,,20123.0,1
Mustard,2016-17,Meherpur,2018,15332.0,,,8633.0,1
Mustard,2016-17,Moulvibazar,2018,736.0,,,2241.0,1
Mustard,2016-17,Munshiganj,2018,5432.0,,,2474.0,1
Mustard,2016-17,Mymensingh,2018,3437.0,,,1413.0,1
Mustard,2016-17,Naogaon,2018,53375.0,,,28359.0,1
Mustard,2016-17,Narail,2018,7898.0,,,2688.0,1
Mustard,2016-17,Narayanganj,2018,1823.0,,,702.0,1
Mustard,2016-17,Narsingdi,2018,4199.0,,,1535.0,1
Mustard,2016-17,Natore,2018,6146.0,,,2413.0,1
Mustard,2016-17,Netrakona,2018,2292.0,,,1117.0,1
Mustard,2016-17,Nilphamari,2018,2315.0,,,1406.0,1
Mustard,2016-17,Noakhali,2018,44.0,,,9.0,1
Mustard,2016-17,Pabna,2018,40296.0,,,14986.0,1
Mustard,2016-17,Panchagarh,2018,2709.0,,,1252.0,1
Mustard,2016-17,Patuakhali,2018,111.0,,,25.0,1
Mustard,2016-17,Pirojpur,2018,97.0,,,25.0,1
Mustard,2016-17,Rajbari,2018,5142.0,,,2258.0,1
Mustard,2016-17,Rajshahi,2018,38732.0,,,8495.0,1
Mustard,2016-17,Rangamati,2018,526.0,,,272.0,1
Mustard,2016-17,Rangpur,2018,4699.0,,,2278.0,1
Mustard,2016-17,Satkhira,2018,12757.0,,,6654.0,1
Mustard,2016-17,Shariatpur,2018,13116.0,,,6289.0,1
Mustard,2016-17,Sherpur,2018,5195.0,,,2406.0,1
Mustard,2016-17,Sirajganj,2018,122525.0,,,54164.0,1
Mustard,2016-17,Sunamganj,2018,1298.0,,,475.0,1
Mustard,2016-17,Sylhet,2018,2618.0,,,1763.0,1
Mustard,2016-17,Tangail,2018,71992.0,,,29701.0,1
Mustard,2016-17,Thakurgaon,2018,13011.0,,,5420.0,1
Onion,2014-15,Bagerhat,2018,322.0,,,677.0,1
Onion,2014-15,Bandarban,2018,118.0,,,173.0,1
Onion,2014-15,Barguna,2018,108.0,,,127.0,1
Onion,2014-15,Barishal,2018,514.0,,,458.0,1
Onion,2014-15,Bhola,2018,1606.0,,,2855.0,1
Onion,2014-15,Bogura,2018,5186.0,,,13023.0,1
Onion,2014-15,Brahmanbaria,2018,1494.0,,,3122.0,1
Onion,2014-15,Chandpur,2018,2099.0,,,5216.0,1
Onion,2014-15,Chapainababganj,2018,6487.0,,,21210.0,1
Onion,2014-15,Chattogram,2018,154.0,,,216.0,1
Onion,2014-15,Chuadanga,2018,1832.0,,,10320.0,1
Onion,2014-15,Cox's Bazar,2018,161.0,,,221.0,1
Onion,2014-15,Cumilla,2018,677.0,,,1888.0,1
Onion,2014-15,Dhaka,2018,1287.0,,,6355.0,1
Onion,2014-15,Dinajpur,2018,5692.0,,,18617.0,1
Onion,2014-15,Faridpur,2018,78908.0,,,376651.0,1
Onion,2014-15,Feni,2018,31.0,,,25.0,1
Onion,2014-15,Gaibandha,2018,2232.0,,,6782.0,1
Onion,2014-15,Gazipur,2018,400.0,,,734.0,1
Onion,2014-15,Gopalganj,2018,4472.0,,,14238.0,1
Onion,2014-15,Habiganj,2018,229.0,,,616.0,1
Onion,2014-15,Jamalpur,2018,4008.0,,,10871.0,1
Onion,2014-15,Jashore,2018,3160.0,,,13082.0,1
Onion,2014-15,Jhalokati,2018,72.0,,,82.0,1
Onion,2014-15,Jhenaidah,2018,13021.0,,,50982.0,1
Onion,2014-15,Joypurhat,2018,2066.0,,,5847.0,1
Onion,2014-15,Khagrachhari,2018,54.0,,,94.0,1
Onion,2014-15,Khulna,2018,368.0,,,886.0,1
Onion,2014-15,Kishoreganj,2018,1294.0,,,4015.0,1
Onion,2014-15,Kurigram,2018,1598.0,,,3711.0,1
Onion,2014-15,Kushtia,2018,21714.0,,,90562.0,1
Onion,2014-15,Lakshmipur,2018,516.0,,,908.0,1
Onion,2014-15,Lalmonirhat,2018,1206.0,,,3736.0,1
Onion,2014-15,Madaripur,2018,5310.0,,,23534.0,1
Onion,2014-15,Magura,2018,12109.0,,,53556.0,1
Onion,2014-15,Manikganj,2018,16425.0,,,43187.0,1
Onion,2014-15,Meherpur,2018,4115.0,,,45913.0,1
Onion,2014-15,Moulvibazar,2018,79.0,,,157.0,1
Onion,2014-15,Munshiganj,2018,332.0,,,645.0,1
Onion,2014-15,Mymensingh,2018,1646.0,,,4358.0,1
Onion,2014-15,Naogaon,2018,8678.0,,,33404.0,1
Onion,2014-15,Narail,2018,1589.0,,,4765.0,1
Onion,2014-15,Narayanganj,2018,618.0,,,1413.0,1
Onion,2014-15,Narsingdi,2018,396.0,,,749.0,1
Onion,2014-15,Natore,2018,6619.0,,,18560.0,1
Onion,2014-15,Netrakona,2018,707.0,,,1887.0,1
Onion,2014-15,Nilphamari,2018,2397.0,,,9368.0,1
Onion,2014-15,Noakhali,2018,403.0,,,610.0,1
Onion,2014-15,Pabna,2018,98613.0,,,400284.0,1
Onion,2014-15,Panchagarh,2018,3001.0,,,9594.0,1
Onion,2014-15,Patuakhali,2018,111.0,,,89.0,1
Onion,2014-15,Pirojpur,2018,39.0,,,43.0,1
Onion,2014-15,Rajbari,2018,49625.0,,,184950.0,1
Onion,2014-15,Rajshahi,2018,25393.0,,,147367.0,1
Onion,2014-15,Rangamati,2018,96.0,,,170.0,1
Onion,2014-15,Rangpur,2018,4385.0,,,14294.0,1
Onion,2014-15,Satkhira,2018,1014.0,,,3319.0,1
Onion,2014-15,Shariatpur,2018,6176.0,,,19880.0,1
Onion,2014-15,Sherpur,2018,1106.0,,,3192.0,1
Onion,2014-15,Sirajganj,2018,1788.0,,,4203.0,1
Onion,2014-15,Sunamganj,2018,212.0,,,615.0,1
Onion,2014-15,Sylhet,2018,87.0,,,107.0,1
Onion,2014-15,Tangail,2018,1970.0,,,4020.0,1
Onion,2014-15,Thakurgaon,2018,997.0,,,1869.0,1
Onion,2015-16,Bagerhat,2018,333.0,,,717.0,1
Onion,2015-16,Bandarban,2018,118.0,,,175.0,1
Onion,2015-16,Barguna,2018,108.0,,,124.0,1
Onion,2015-16,Barishal,2018,553.0,,,541.0,1
Onion,2015-16,Bhola,2018,1789.0,,,3209.0,1
Onion,2015-16,Bogura,2018,4630.0,,,11167.0,1
Onion,2015-16,Brahmanbaria,2018,1415.0,,,2918.0,1
Onion,2015-16,Chandpur,2018,1724.0,,,4318.0,1
Onion,2015-16,Chapainababganj,2018,6637.0,,,24153.0,1
Onion,2015-16,Chattogram,2018,162.0,,,235.0,1
Onion,2015-16,Chuadanga,2018,1588.0,,,9030.0,1
Onion,2015-16,Cox's Bazar,2018,171.0,,,289.0,1
Onion,2015-16,Cumilla,2018,616.0,,,1767.0,1
Onion,2015-16,Dhaka,2018,1306.0,,,6446.0,1
Onion,2015-16,Dinajpur,2018,6129.0,,,20904.0,1
Onion,2015-16,Faridpur,2018,72721.0,,,290417.0,1
Onion,2015-16,Feni,2018,32.0,,,25.0,1
Onion,2015-16,Gaibandha,2018,2251.0,,,6487.0,1
Onion,2015-16,Gazipur,2018,401.0,,,754.0,1
Onion,2015-16,Gopalganj,2018,5057.0,,,14723.0,1
Onion,2015-16,Habiganj,2018,223.0,,,619.0,1
Onion,2015-16,Jamalpur,2018,3900.0,,,10721.0,1
Onion,2015-16,Jashore,2018,3230.0,,,13307.0,1
Onion,2015-16,Jhalokati,2018,70.0,,,96.0,1
Onion,2015-16,Jhenaidah,2018,13021.0,,,53701.0,1
Onion,2015-16,Joypurhat,2018,1913.0,,,5483.0,1
Onion,2015-16,Khagrachhari,2018,55.0,,,82.0,1
Onion,2015-16,Khulna,2018,318.0,,,672.0,1
Onion,2015-16,Kishoreganj,2018,1278.0,,,3995.0,1
Onion,2015-16,Kurigram,2018,1410.0,,,3197.0,1
Onion,2015-16,Kushtia,2018,25376.0,,,109645.0,1
Onion,2015-16,Lakshmipur,2018,463.0,,,795.0,1
Onion,2015-16,Lalmonirhat,2018,1152.0,,,3642.0,1
Onion,2015-16,Madaripur,2018,9214.0,,,42977.0,1
Onion,2015-16,Magura,2018,13656.0,,,54327.0,1
Onion,2015-16,Manikganj,2018,18066.0,,,48146.0,1
Onion,2015-16,Meherpur,2018,7420.0,,,68720.0,1
Onion,2015-16,Moulvibazar,2018,79.0,,,157.0,1
Onion,2015-16,Munshiganj,2018,507.0,,,938.0,1
Onion,2015-16,Mymensingh,2018,1508.0,,,4012.0,1
Onion,2015-16,Naogaon,2018,7767.0,,,28647.0,1
Onion,2015-16,Narail,2018,1610.0,,,4907.0,1
Onion,2015-16,Narayanganj,2018,652.0,,,1373.0,1
Onion,2015-16,Narsingdi,2018,383.0,,,702.0,1
Onion,2015-16,Natore,2018,6582.0,,,18835.0,1
Onion,2015-16,Netrakona,2018,770.0,,,2006.0,1
Onion,2015-16,Nilphamari,2018,2152.0,,,7925.0,1
Onion,2015-16,Noakhali,2018,389.0,,,579.0,1
Onion,2015-16,Pabna,2018,105980.0,,,415372.0,1
Onion,2015-16,Panchagarh,2018,3005.0,,,9816.0,1
Onion,2015-16,Patuakhali,2018,105.0,,,89.0,1
Onion,2015-16,Pirojpur,2018,44.0,,,53.0,1
Onion,2015-16,Rajbari,2018,53325.0,,,227368.0,1
Onion,2015-16,Rajshahi,2018,27216.0,,,142095.0,1
Onion,2015-16,Rangamati,2018,98.0,,,171.0,1
Onion,2015-16,Rangpur,2018,4489.0,,,14690.0,1
Onion,2015-16,Satkhira,2018,1078.0,,,3501.0,1
Onion,2015-16,Shariatpur,2018,6180.0,,,19488.0,1
Onion,2015-16,Sherpur,2018,1173.0,,,3378.0,1
Onion,2015-16,Sirajganj,2018,1675.0,,,3975.0,1
Onion,2015-16,Sunamganj,2018,263.0,,,623.0,1
Onion,2015-16,Sylhet,2018,138.0,,,109.0,1
Onion,2015-16,Tangail,2018,1852.0,,,4013.0,1
Onion,2015-16,Thakurgaon,2018,880.0,,,1988.0,1
Onion,2016-17,Bagerhat,2018,346.0,,,755.0,1
Onion,2016-17,Bandarban,2018,117.0,,,174.0,1
Onion,2016-17,Barguna,2018,106.0,,,124.0,1
Onion,2016-17,Barishal,2018,408.0,,,505.0,1
Onion,2016-17,Bhola,2018,1421.0,,,2560.0,1
Onion,2016-17,Bogura,2018,4548.0,,,10350.0,1
Onion,2016-17,Brahmanbaria,2018,1318.0,,,2698.0,1
Onion,2016-17,Chandpur,2018,1692.0,,,3609.0,1
Onion,2016-17,Chapainababganj,2018,6438.0,,,23558.0,1
Onion,2016-17,Chattogram,2018,167.0,,,241.0,1
Onion,2016-17,Chuadanga,2018,1564.0,,,8765.0,1
Onion,2016-17,Cox's Bazar,2018,87.0,,,141.0,1
Onion,2016-17,Cumilla,2018,504.0,,,1465.0,1
Onion,2016-17,Dhaka,2018,1266.0,,,6405.0,1
Onion,2016-17,Dinajpur,2018,5655.0,,,18931.0,1
Onion,2016-17,Faridpur,2018,81970.0,,,385669.0,1
Onion,2016-17,Feni,2018,29.0,,,22.0,1
Onion,2016-17,Gaibandha,2018,2622.0,,,6292.0,1
Onion,2016-17,Gazipur,2018,409.0,,,782.0,1
Onion,2016-17,Gopalganj,2018,5068.0,,,14808.0,1
Onion,2016-17,Habiganj,2018,221.0,,,629.0,1
Onion,2016-17,Jamalpur,2018,3886.0,,,10667.0,1
Onion,2016-17,Jashore,2018,3248.0,,,13475.0,1
Onion,2016-17,Jhalokati,2018,83.0,,,127.0,1
Onion,2016-17,Jhenaidah,2018,16236.0,,,84176.0,1
Onion,2016-17,Joypurhat,2018,1848.0,,,5331.0,1
Onion,2016-17,Khagrachhari,2018,44.0,,,71.0,1
Onion,2016-17,Khulna,2018,336.0,,,656.0,1
Onion,2016-17,Kishoreganj,2018,1282.0,,,4031.0,1
Onion,2016-17,Kurigram,2018,1420.0,,,3323.0,1
Onion,2016-17,Kushtia,2018,25726.0,,,127547.0,1
Onion,2016-17,Lakshmipur,2018,434.0,,,788.0,1
Onion,2016-17,Lalmonirhat,2018,1180.0,,,3730.0,1
Onion,2016-17,Madaripur,2018,9606.0,,,51830.0,1
Onion,2016-17,Magura,2018,13897.0,,,55454.0,1
Onion,2016-17,Manikganj,2018,17808.0,,,48103.0,1
Onion,2016-17,Meherpur,2018,7265.0,,,73473.0,1
Onion,2016-17,Moulvibazar,2018,79.0,,,160.0,1
Onion,2016-17,Munshiganj,2018,526.0,,,953.0,1
Onion,2016-17,Mymensingh,2018,1517.0,,,3963.0,1
Onion,2016-17,Naogaon,2018,7016.0,,,26430.0,1
Onion,2016-17,Narail,2018,1552.0,,,4680.0,1
Onion,2016-17,Narayanganj,2018,655.0,,,1410.0,1
Onion,2016-17,Narsingdi,2018,375.0,,,661.0,1
Onion,2016-17,Natore,2018,5493.0,,,18192.0,1
Onion,2016-17,Netrakona,2018,783.0,,,2074.0,1
Onion,2016-17,Nilphamari,2018,2184.0,,,8024.0,1
Onion,2016-17,Noakhali,2018,398.0,,,593.0,1
Onion,2016-17,Pabna,2018,104916.0,,,431091.0,1
Onion,2016-17,Panchagarh,2018,3018.0,,,9857.0,1
Onion,2016-17,Patuakhali,2018,106.0,,,82.0,1
Onion,2016-17,Pirojpur,2018,53.0,,,65.0,1
Onion,2016-17,Rajbari,2018,64638.0,,,169417.0,1
Onion,2016-17,Rajshahi,2018,27571.0,,,160873.0,1
Onion,2016-17,Rangamati,2018,100.0,,,175.0,1
Onion,2016-17,Rangpur,2018,4529.0,,,14952.0,1
Onion,2016-17,Satkhira,2018,1036.0,,,3335.0,1
Onion,2016-17,Shariatpur,2018,6141.0,,,23576.0,1
Onion,2016-17,Sherpur,2018,1197.0,,,3426.0,1
Onion,2016-17,Sirajganj,2018,1492.0,,,4125.0,1
Onion,2016-17,Sunamganj,2018,317.0,,,811.0,1
Onion,2016-17,Sylhet,2018,135.0,,,150.0,1
Onion,2016-17,Tangail,2018,2006.0,,,4177.0,1
Onion,2016-17,Thakurgaon,2018,881.0,,,1985.0,1
Potato,2015-16,Bagerhat,2018,1606.0,650.0,14.769,9599.0,1
Potato,2015-16,Bandarban,2018,899.0,364.0,10.058,3659.0,1
Potato,2015-16,Barguna,2018,2147.0,869.0,18.141,15761.0,1
Potato,2015-16,Barishal,2018,1661.0,672.0,19.607,13179.0,1
Potato,2015-16,Bhola,2018,14017.0,5672.0,21.272,120664.0,1
Potato,2015-16,Bogura,2018,146604.0,59327.0,18.47,1095760.0,1
Potato,2015-16,Brahmanbaria,2018,5459.0,2209.0,13.043,28814.0,1
Potato,2015-16,Chandpur,2018,32041.0,12966.0,22.537,292220.0,1
Potato,2015-16,Chapainababganj,2018,3663.0,1482.0,18.539,27480.0,1
Potato,2015-16,Chattogram,2018,8783.0,3554.0,12.991,46174.0,1
Potato,2015-16,Chuadanga,2018,3964.0,1604.0,21.072,33803.0,1
Potato,2015-16,Cox's Bazar,2018,2198.0,889.0,10.123,9004.0,1
Potato,2015-16,Cumilla,2018,35861.0,14512.0,19.717,286142.0,1
Potato,2015-16,Dhaka,2018,5739.0,2322.0,20.309,47167.0,1
Potato,2015-16,Dinajpur,2018,109415.0,44278.0,18.995,841040.0,1
Potato,2015-16,Faridpur,2018,580.0,235.0,23.398,5492.0,1
Potato,2015-16,Feni,2018,480.0,194.0,12.521,2432.0,1
Potato,2015-16,Gaibandha,2018,23640.0,9567.0,16.291,155849.0,1
Potato,2015-16,Gazipur,2018,679.0,275.0,13.269,3646.0,1
Potato,2015-16,Gopalganj,2018,505.0,204.0,22.036,4503.0,1
Potato,2015-16,Habiganj,2018,4553.0,1842.0,11.03,20322.0,1
Potato,2015-16,Jamalpur,2018,11030.0,4464.0,17.474,77998.0,1
Potato,2015-16,Jashore,2018,7785.0,3150.0,22.862,72024.0,1
Potato,2015-16,Jhalokati,2018,627.0,254.0,15.813,4012.0,1
Potato,2015-16,Jhenaidah,2018,4010.0,1623.0,20.263,32882.0,1
Potato,2015-16,Joypurhat,2018,84627.0,34247.0,21.614,740204.0,1
Potato,2015-16,Khagrachhari,2018,1226.0,496.0,9.977,4950.0,1
Potato,2015-16,Khulna,2018,1529.0,619.0,13.786,8530.0,1
Potato,2015-16,Kishoreganj,2018,10116.0,4094.0,12.838,52557.0,1
Potato,2015-16,Kurigram,2018,18531.0,7499.0,20.425,153170.0,1
Potato,2015-16,Kushtia,2018,4958.0,2006.0,21.285,42707.0,1
Potato,2015-16,Lakshmipur,2018,821.0,332.0,11.133,3699.0,1
Potato,2015-16,Lalmonirhat,2018,10556.0,4272.0,16.119,68856.0,1
Potato,2015-16,Madaripur,2018,1318.0,533.0,18.725,9987.0,1
Potato,2015-16,Magura,2018,180.0,73.0,14.803,1078.0,1
Potato,2015-16,Manikganj,2018,5776.0,2337.0,20.342,47547.0,1
Potato,2015-16,Meherpur,2018,3155.0,1277.0,23.42,29901.0,1
Potato,2015-16,Moulvibazar,2018,3789.0,1533.0,11.395,17472.0,1
Potato,2015-16,Munshiganj,2018,94409.0,38205.0,32.517,1242329.0,1
Potato,2015-16,Mymensingh,2018,10393.0,4206.0,9.88,41555.0,1
Potato,2015-16,Naogaon,2018,52778.0,21358.0,16.148,344883.0,1
Potato,2015-16,Narail,2018,54.0,22.0,13.813,302.0,1
Potato,2015-16,Narayanganj,2018,6476.0,2621.0,24.764,64900.0,1
Potato,2015-16,Narsingdi,2018,3664.0,1483.0,14.0,20759.0,1
Potato,2015-16,Natore,2018,2746.0,1111.0,16.806,18675.0,1
Potato,2015-16,Netrakona,2018,3377.0,1367.0,7.776,10626.0,1
Potato,2015-16,Nilphamari,2018,53802.0,21772.0,18.294,398298.0,1
Potato,2015-16,Noakhali,2018,461.0,187.0,10.806,2016.0,1
Potato,2015-16,Pabna,2018,2981.0,1206.0,12.141,14646.0,1
Potato,2015-16,Panchagarh,2018,26688.0,10800.0,14.821,160069.0,1
Potato,2015-16,Patuakhali,2018,1165.0,471.0,14.776,6966.0,1
Potato,2015-16,Pirojpur,2018,2602.0,1053.0,11.799,12424.0,1
Potato,2015-16,Rajbari,2018,454.0,184.0,18.487,3396.0,1
Potato,2015-16,Rajshahi,2018,89146.0,36075.0,21.564,777945.0,1
Potato,2015-16,Rangamati,2018,1025.0,415.0,9.642,4000.0,1
Potato,2015-16,Rangpur,2018,124909.0,50548.0,20.702,1046457.0,1
Potato,2015-16,Satkhira,2018,8451.0,3420.0,17.132,58589.0,1
Potato,2015-16,Shariatpur,2018,3357.0,1359.0,24.714,33574.0,1
Potato,2015-16,Sherpur,2018,11985.0,4850.0,17.932,86970.0,1
Potato,2015-16,Sirajganj,2018,7589.0,3071.0,13.107,40252.0,1
Potato,2015-16,Sunamganj,2018,1900.0,769.0,11.178,8594.0,1
Potato,2015-16,Sylhet,2018,2768.0,1120.0,11.394,12763.0,1
Potato,2015-16,Tangail,2018,8967.0,3629.0,13.491,48956.0,1
Potato,2015-16,Thakurgaon,2018,78303.0,31688.0,18.426,583867.0,1
Potato,2016-17,Bagerhat,2018,1296.0,524.0,15.6,8182.0,1
Potato,2016-17,Bandarban,2018,926.0,375.0,9.866,3697.0,1
Potato,2016-17,Barguna,2018,1449.0,586.0,18.006,10558.0,1
Potato,2016-17,Barishal,2018,3948.0,1598.0,20.286,32411.0,1
Potato,2016-17,Bhola,2018,20041.0,8110.0,26.687,216434.0,1
Potato,2016-17,Bogura,2018,159657.0,64610.0,18.871,1219265.0,1
Potato,2016-17,Brahmanbaria,2018,4410.0,1785.0,13.278,23696.0,1
Potato,2016-17,Chandpur,2018,33987.0,13754.0,21.709,298576.0,1
Potato,2016-17,Chapainababganj,2018,3786.0,1532.0,18.756,28736.0,1
Potato,2016-17,Chattogram,2018,11327.0,4584.0,14.101,64637.0,1
Potato,2016-17,Chuadanga,2018,4606.0,1864.0,21.734,40510.0,1
Potato,2016-17,Cox's Bazar,2018,2205.0,892.0,10.097,9009.0,1
Potato,2016-17,Cumilla,2018,32753.0,13254.0,18.48,244940.0,1
Potato,2016-17,Dhaka,2018,4942.0,2000.0,20.749,41497.0,1
Potato,2016-17,Dinajpur,2018,120740.0,48861.0,19.936,974066.0,1
Potato,2016-17,Faridpur,2018,640.0,259.0,23.657,6127.0,1
Potato,2016-17,Feni,2018,592.0,240.0,12.617,3023.0,1
Potato,2016-17,Gaibandha,2018,21938.0,8878.0,15.834,140572.0,1
Potato,2016-17,Gazipur,2018,669.0,271.0,13.848,3749.0,1
Potato,2016-17,Gopalganj,2018,505.0,204.0,22.384,4574.0,1
Potato,2016-17,Habiganj,2018,4841.0,1959.0,11.096,21739.0,1
Potato,2016-17,Jamalpur,2018,12487.0,5053.0,17.594,88908.0,1
Potato,2016-17,Jashore,2018,7762.0,3141.0,23.346,73332.0,1
Potato,2016-17,Jhalokati,2018,688.0,278.0,16.128,4490.0,1
Potato,2016-17,Jhenaidah,2018,4162.0,1684.0,20.722,34901.0,1
Potato,2016-17,Joypurhat,2018,86683.0,35079.0,19.321,677761.0,1
Potato,2016-17,Khagrachhari,2018,364.0,147.0,13.61,2005.0,1
Potato,2016-17,Khulna,2018,1563.0,633.0,14.314,9054.0,1
Potato,2016-17,Kishoreganj,2018,10402.0,4209.0,13.007,54754.0,1
Potato,2016-17,Kurigram,2018,17447.0,7060.0,20.076,141745.0,1
Potato,2016-17,Kushtia,2018,5504.0,2227.0,21.817,48593.0,1
Potato,2016-17,Lakshmipur,2018,707.0,286.0,11.152,3191.0,1
Potato,2016-17,Lalmonirhat,2018,13080.0,5293.0,18.324,96992.0,1
Potato,2016-17,Madaripur,2018,1857.0,751.0,18.91,14211.0,1
Potato,2016-17,Magura,2018,85.0,34.0,15.043,517.0,1
Potato,2016-17,Manikganj,2018,5511.0,2230.0,20.151,44940.0,1
Potato,2016-17,Meherpur,2018,3480.0,1408.0,23.21,32687.0,1
Potato,2016-17,Moulvibazar,2018,5033.0,2037.0,11.502,23426.0,1
Potato,2016-17,Munshiganj,2018,93041.0,37652.0,32.708,1231517.0,1
Potato,2016-17,Mymensingh,2018,10044.0,4065.0,10.054,40865.0,1
Potato,2016-17,Naogaon,2018,63799.0,25818.0,16.663,430207.0,1
Potato,2016-17,Narail,2018,63.0,25.0,13.356,341.0,1
Potato,2016-17,Narayanganj,2018,6082.0,2461.0,28.558,70288.0,1
Potato,2016-17,Narsingdi,2018,3833.0,1551.0,12.733,19750.0,1
Potato,2016-17,Natore,2018,1472.0,596.0,16.297,9708.0,1
Potato,2016-17,Netrakona,2018,4359.0,1764.0,8.376,14775.0,1
Potato,2016-17,Nilphamari,2018,58575.0,23704.0,19.288,457207.0,1
Potato,2016-17,Noakhali,2018,579.0,234.0,10.99,2575.0,1
Potato,2016-17,Pabna,2018,2303.0,932.0,12.6,11743.0,1
Potato,2016-17,Panchagarh,2018,25510.0,10323.0,19.819,204601.0,1
Potato,2016-17,Patuakhali,2018,1138.0,461.0,14.981,6899.0,1
Potato,2016-17,Pirojpur,2018,2243.0,908.0,12.262,11130.0,1
Potato,2016-17,Rajbari,2018,372.0,151.0,19.004,2861.0,1
Potato,2016-17,Rajshahi,2018,105514.0,42699.0,24.958,1065688.0,1
Potato,2016-17,Rangamati,2018,807.0,327.0,10.778,3520.0,1
Potato,2016-17,Rangpur,2018,135599.0,54874.0,20.651,1133178.0,1
Potato,2016-17,Satkhira,2018,8238.0,3334.0,17.281,57611.0,1
Potato,2016-17,Shariatpur,2018,4552.0,1842.0,24.863,45800.0,1
Potato,2016-17,Sherpur,2018,13205.0,5344.0,18.266,97609.0,1
Potato,2016-17,Sirajganj,2018,7810.0,3161.0,13.167,41614.0,1
Potato,2016-17,Sunamganj,2018,3846.0,1556.0,11.401,17745.0,1
Potato,2016-17,Sylhet,2018,3252.0,1316.0,10.307,13564.0,1
Potato,2016-17,Tangail,2018,8934.0,3615.0,13.603,49180.0,1
Potato,2016-17,Thakurgaon,2018,57628.0,23321.0,18.373,428479.0,1
Sugarcane,2014-15,Bagerhat,2018,2216.0,,,27570.0,1
Sugarcane,2014-15,Bandarban,2018,201.0,,,868.0,1
Sugarcane,2014-15,Barguna,2018,111.0,,,178.0,1
Sugarcane,2014-15,Barishal,2018,1385.0,,,10112.0,1
Sugarcane,2014-15,Bhola,2018,796.0,,,5134.0,1
Sugarcane,2014-15,Bogura,2018,1441.0,,,29521.0,1
Sugarcane,2014-15,Brahmanbaria,2018,46.0,,,71.0,1
Sugarcane,2014-15,Chandpur,2018,1556.0,,,17141.0,1
Sugarcane,2014-15,Chapainababganj,2018,11963.0,,,162292.0,1
Sugarcane,2014-15,Chattogram,2018,2819.0,,,13392.0,1
Sugarcane,2014-15,Chuadanga,2018,8272.0,,,124529.0,1
Sugarcane,2014-15,Cox's Bazar,2018,276.0,,,1705.0,1
Sugarcane,2014-15,Cumilla,2018,700.0,,,5100.0,1
Sugarcane,2014-15,Dhaka,2018,221.0,,,2040.0,1
Sugarcane,2014-15,Dinajpur,2018,6013.0,,,87064.0,1
Sugarcane,2014-15,Faridpur,2018,11015.0,,,164395.0,1
Sugarcane,2014-15,Feni,2018,298.0,,,3437.0,1
Sugarcane,2014-15,Gaibandha,2018,5927.0,,,152052.0,1
Sugarcane,2014-15,Gazipur,2018,3034.0,,,27081.0,1
Sugarcane,2014-15,Gopalganj,2018,1907.0,,,25605.0,1
Sugarcane,2014-15,Habiganj,2018,3123.0,,,8256.0,1
Sugarcane,2014-15,Jamalpur,2018,11941.0,,,246306.0,1
Sugarcane,2014-15,Jashore,2018,1346.0,,,20659.0,1
Sugarcane,2014-15,Jhalokati,2018,299.0,,,1350.0,1
Sugarcane,2014-15,Jhenaidah,2018,3728.0,,,85960.0,1
Sugarcane,2014-15,Joypurhat,2018,2326.0,,,51537.0,1
Sugarcane,2014-15,Khagrachhari,2018,626.0,,,6294.0,1
Sugarcane,2014-15,Khulna,2018,224.0,,,3664.0,1
Sugarcane,2014-15,Kishoreganj,2018,140.0,,,1056.0,1
Sugarcane,2014-15,Kurigram,2018,664.0,,,9099.0,1
Sugarcane,2014-15,Kushtia,2018,10259.0,,,211270.0,1
Sugarcane,2014-15,Lakshmipur,2018,341.0,,,1270.0,1
Sugarcane,2014-15,Lalmonirhat,2018,255.0,,,3537.0,1
Sugarcane,2014-15,Madaripur,2018,1352.0,,,30555.0,1
Sugarcane,2014-15,Magura,2018,537.0,,,7684.0,1
Sugarcane,2014-15,Manikganj,2018,4522.0,,,26075.0,1
Sugarcane,2014-15,Meherpur,2018,1017.0,,,20353.0,1
Sugarcane,2014-15,Moulvibazar,2018,197.0,,,3885.0,1
Sugarcane,2014-15,Munshiganj,2018,302.0,,,2412.0,1
Sugarcane,2014-15,Mymensingh,2018,6745.0,,,94815.0,1
Sugarcane,2014-15,Naogaon,2018,1608.0,,,32537.0,1
Sugarcane,2014-15,Narail,2018,1706.0,,,26596.0,1
Sugarcane,2014-15,Narayanganj,2018,137.0,,,1596.0,1
Sugarcane,2014-15,Narsingdi,2018,5309.0,,,90436.0,1
Sugarcane,2014-15,Natore,2018,59269.0,,,1284872.0,1
Sugarcane,2014-15,Netrakona,2018,70.0,,,755.0,1
Sugarcane,2014-15,Nilphamari,2018,202.0,,,4761.0,1
Sugarcane,2014-15,Noakhali,2018,368.0,,,2055.0,1
Sugarcane,2014-15,Pabna,2018,9567.0,,,177415.0,1
Sugarcane,2014-15,Panchagarh,2018,10920.0,,,110017.0,1
Sugarcane,2014-15,Patuakhali,2018,90.0,,,134.0,1
Sugarcane,2014-15,Pirojpur,2018,394.0,,,1789.0,1
Sugarcane,2014-15,Rajbari,2018,1185.0,,,14761.0,1
Sugarcane,2014-15,Rajshahi,2018,32020.0,,,592325.0,1
Sugarcane,2014-15,Rangamati,2018,533.0,,,8696.0,1
Sugarcane,2014-15,Rangpur,2018,4769.0,,,103516.0,1
Sugarcane,2014-15,Satkhira,2018,314.0,,,6088.0,1
Sugarcane,2014-15,Shariatpur,2018,207.0,,,4245.0,1
Sugarcane,2014-15,Sherpur,2018,207.0,,,4245.0,1
Sugarcane,2014-15,Sirajganj,2018,3057.0,,,51250.0,1
Sugarcane,2014-15,Sunamganj,2018,290.0,,,3803.0,1
Sugarcane,2014-15,Sylhet,2018,10.0,,,14.0,1
Sugarcane,2014-15,Tangail,2018,3885.0,,,65949.0,1
Sugarcane,2014-15,Thakurgaon,2018,11311.0,,,154073.0,1
Sugarcane,2015-16,Bagerhat,2018,2248.0,,,26129.0,1
Sugarcane,2015-16,Bandarban,2018,204.0,,,591.0,1
Sugarcane,2015-16,Barguna,2018,100.0,,,103.0,1
Sugarcane,2015-16,Barishal,2018,1362.0,,,9838.0,1
Sugarcane,2015-16,Bhola,2018,844.0,,,4941.0,1
Sugarcane,2015-16,Bogura,2018,1198.0,,,23995.0,1
Sugarcane,2015-16,Brahmanbaria,2018,36.0,,,61.0,1
Sugarcane,2015-16,Chandpur,2018,1529.0,,,13107.0,1
Sugarcane,2015-16,Chapainababganj,2018,12081.0,,,163587.0,1
Sugarcane,2015-16,Chattogram,2018,2829.0,,,3324.0,1
Sugarcane,2015-16,Chuadanga,2018,4940.0,,,113010.0,1
Sugarcane,2015-16,Cox's Bazar,2018,759.0,,,4140.0,1
Sugarcane,2015-16,Cumilla,2018,926.0,,,5775.0,1
Sugarcane,2015-16,Dhaka,2018,201.0,,,1055.0,1
Sugarcane,2015-16,Dinajpur,2018,5842.0,,,84119.0,1
Sugarcane,2015-16,Faridpur,2018,10239.0,,,159212.0,1
Sugarcane,2015-16,Feni,2018,291.0,,,3148.0,1
Sugarcane,2015-16,Gaibandha,2018,5974.0,,,153152.0,1
Sugarcane,2015-16,Gazipur,2018,3045.0,,,26966.0,1
Sugarcane,2015-16,Gopalganj,2018,1766.0,,,23610.0,1
Sugarcane,2015-16,Habiganj,2018,2647.0,,,7481.0,1
Sugarcane,2015-16,Jamalpur,2018,12088.0,,,233498.0,1
Sugarcane,2015-16,Jashore,2018,1087.0,,,19932.0,1
Sugarcane,2015-16,Jhalokati,2018,286.0,,,1363.0,1
Sugarcane,2015-16,Jhenaidah,2018,4322.0,,,122551.0,1
Sugarcane,2015-16,Joypurhat,2018,2239.0,,,47489.0,1
Sugarcane,2015-16,Khagrachhari,2018,638.0,,,6053.0,1
Sugarcane,2015-16,Khulna,2018,104.0,,,1474.0,1
Sugarcane,2015-16,Kishoreganj,2018,124.0,,,1019.0,1
Sugarcane,2015-16,Kurigram,2018,712.0,,,10401.0,1
Sugarcane,2015-16,Kushtia,2018,9820.0,,,200496.0,1
Sugarcane,2015-16,Lakshmipur,2018,332.0,,,1230.0,1
Sugarcane,2015-16,Lalmonirhat,2018,264.0,,,3341.0,1
Sugarcane,2015-16,Madaripur,2018,1300.0,,,25371.0,1
Sugarcane,2015-16,Magura,2018,507.0,,,7167.0,1
Sugarcane,2015-16,Manikganj,2018,4522.0,,,26075.0,1
Sugarcane,2015-16,Meherpur,2018,1009.0,,,20196.0,1
Sugarcane,2015-16,Moulvibazar,2018,140.0,,,413.0,1
Sugarcane,2015-16,Munshiganj,2018,290.0,,,2127.0,1
Sugarcane,2015-16,Mymensingh,2018,5768.0,,,86251.0,1
Sugarcane,2015-16,Naogaon,2018,1437.0,,,28534.0,1
Sugarcane,2015-16,Narail,2018,1706.0,,,26647.0,1
Sugarcane,2015-16,Narayanganj,2018,134.0,,,1612.0,1
Sugarcane,2015-16,Narsingdi,2018,5309.0,,,90436.0,1
Sugarcane,2015-16,Natore,2018,56432.0,,,1213101.0,1
Sugarcane,2015-16,Netrakona,2018,54.0,,,662.0,1
Sugarcane,2015-16,Nilphamari,2018,190.0,,,4561.0,1
Sugarcane,2015-16,Noakhali,2018,304.0,,,1686.0,1
Sugarcane,2015-16,Pabna,2018,9529.0,,,180595.0,1
Sugarcane,2015-16,Panchagarh,2018,10215.0,,,103915.0,1
Sugarcane,2015-16,Patuakhali,2018,85.0,,,153.0,1
Sugarcane,2015-16,Pirojpur,2018,371.0,,,1802.0,1
Sugarcane,2015-16,Rajbari,2018,1177.0,,,14881.0,1
Sugarcane,2015-16,Rajshahi,2018,27579.0,,,503722.0,1
Sugarcane,2015-16,Rangamati,2018,543.0,,,9591.0,1
Sugarcane,2015-16,Rangpur,2018,4753.0,,,103105.0,1
Sugarcane,2015-16,Satkhira,2018,322.0,,,6315.0,1
Sugarcane,2015-16,Shariatpur,2018,206.0,,,4373.0,1
Sugarcane,2015-16,Sherpur,2018,206.0,,,4373.0,1
Sugarcane,2015-16,Sirajganj,2018,3136.0,,,51154.0,1
Sugarcane,2015-16,Sunamganj,2018,326.0,,,3996.0,1
Sugarcane,2015-16,Sylhet,2018,10.0,,,14.0,1
Sugarcane,2015-16,Tangail,2018,3684.0,,,62540.0,1
Sugarcane,2015-16,Thakurgaon,2018,10680.0,,,149665.0,1
Sugarcane,2016-17,Bagerhat,2018,2181.0,,,24922.0,1
Sugarcane,2016-17,Bandarban,2018,206.0,,,854.0,1
Sugarcane,2016-17,Barguna,2018,124.0,,,207.0,1
Sugarcane,2016-17,Barishal,2018,1074.0,,,13379.0,1
Sugarcane,2016-17,Bhola,2018,897.0,,,4964.0,1
Sugarcane,2016-17,Bogura,2018,751.0,,,14746.0,1
Sugarcane,2016-17,Brahmanbaria,2018,28.0,,,45.0,1
Sugarcane,2016-17,Chandpur,2018,1428.0,,,14130.0,1
Sugarcane,2016-17,Chapainababganj,2018,3190.0,,,33123.0,1
Sugarcane,2016-17,Chattogram,2018,2834.0,,,13431.0,1
Sugarcane,2016-17,Chuadanga,2018,4968.0,,,119537.0,1
Sugarcane,2016-17,Cox's Bazar,2018,754.0,,,4100.0,1
Sugarcane,2016-17,Cumilla,2018,980.0,,,5770.0,1
Sugarcane,2016-17,Dhaka,2018,166.0,,,904.0,1
Sugarcane,2016-17,Dinajpur,2018,5626.0,,,80118.0,1
Sugarcane,2016-17,Faridpur,2018,9800.0,,,154760.0,1
Sugarcane,2016-17,Feni,2018,256.0,,,3356.0,1
Sugarcane,2016-17,Gaibandha,2018,5968.0,,,152293.0,1
Sugarcane,2016-17,Gazipur,2018,2999.0,,,26040.0,1
Sugarcane,2016-17,Gopalganj,2018,1746.0,,,23046.0,1
Sugarcane,2016-17,Habiganj,2018,2425.0,,,7185.0,1
Sugarcane,2016-17,Jamalpur,2018,12310.0,,,225997.0,1
Sugarcane,2016-17,Jashore,2018,954.0,,,17168.0,1
Sugarcane,2016-17,Jhalokati,2018,299.0,,,1374.0,1
Sugarcane,2016-17,Jhenaidah,2018,3345.0,,,81434.0,1
Sugarcane,2016-17,Joypurhat,2018,2207.0,,,46859.0,1
Sugarcane,2016-17,Khagrachhari,2018,607.0,,,5488.0,1
Sugarcane,2016-17,Khulna,2018,101.0,,,7452.0,1
Sugarcane,2016-17,Kishoreganj,2018,61.0,,,529.0,1
Sugarcane,2016-17,Kurigram,2018,708.0,,,10895.0,1
Sugarcane,2016-17,Kushtia,2018,8970.0,,,183162.0,1
Sugarcane,2016-17,Lakshmipur,2018,332.0,,,3600.0,1
Sugarcane,2016-17,Lalmonirhat,2018,263.0,,,3527.0,1
Sugarcane,2016-17,Madaripur,2018,1252.0,,,24168.0,1
Sugarcane,2016-17,Magura,2018,343.0,,,4537.0,1
Sugarcane,2016-17,Manikganj,2018,4602.0,,,28369.0,1
Sugarcane,2016-17,Meherpur,2018,927.0,,,16863.0,1
Sugarcane,2016-17,Moulvibazar,2018,137.0,,,408.0,1
Sugarcane,2016-17,Munshiganj,2018,298.0,,,2108.0,1
Sugarcane,2016-17,Mymensingh,2018,5680.0,,,85530.0,1
Sugarcane,2016-17,Naogaon,2018,1410.0,,,27744.0,1
Sugarcane,2016-17,Narail,2018,1683.0,,,26477.0,1
Sugarcane,2016-17,Narayanganj,2018,137.0,,,720.0,1
Sugarcane,2016-17,Narsingdi,2018,124.0,,,1527.0,1
Sugarcane,2016-17,Natore,2018,60685.0,,,1189958.0,1
Sugarcane,2016-17,Netrakona,2018,60.0,,,726.0,1
Sugarcane,2016-17,Nilphamari,2018,183.0,,,4420.0,1
Sugarcane,2016-17,Noakhali,2018,309.0,,,1502.0,1
Sugarcane,2016-17,Pabna,2018,8356.0,,,159821.0,1
Sugarcane,2016-17,Panchagarh,2018,10057.0,,,94924.0,1
Sugarcane,2016-17,Patuakhali,2018,90.0,,,162.0,1
Sugarcane,2016-17,Pirojpur,2018,380.0,,,1885.0,1
Sugarcane,2016-17,Rajbari,2018,3139.0,,,55215.0,1
Sugarcane,2016-17,Rajshahi,2018,24731.0,,,463103.0,1
Sugarcane,2016-17,Rangamati,2018,561.0,,,9502.0,1
Sugarcane,2016-17,Rangpur,2018,4739.0,,,103063.0,1
Sugarcane,2016-17,Satkhira,2018,343.0,,,6656.0,1
Sugarcane,2016-17,Shariatpur,2018,1080.0,,,13946.0,1
Sugarcane,2016-17,Sherpur,2018,205.0,,,4353.0,1
Sugarcane,2016-17,Sirajganj,2018,2774.0,,,48541.0,1
Sugarcane,2016-17,Sunamganj,2018,327.0,,,2883.0,1
Sugarcane,2016-17,Sylhet,2018,18.0,,,150.0,1
Sugarcane,2016-17,Tangail,2018,3541.0,,,60419.0,1
Sugarcane,2016-17,Thakurgaon,2018,10660.0,,,138700.0,1
Wheat,2015-16,Bagerhat,2018,726.0,294.0,2.539,746.0,1
Wheat,2015-16,Bandarban,2018,0.0,0.0,0.0,0.0,1
Wheat,2015-16,Barguna,2018,0.0,0.0,0.0,0.0,1
Wheat,2015-16,Barishal,2018,4658.0,1885.0,2.391,4507.0,1
Wheat,2015-16,Bhola,2018,16848.0,6818.0,2.787,19005.0,1
Wheat,2015-16,Bogura,2018,4269.0,1728.0,2.399,4145.0,1
Wheat,2015-16,Brahmanbaria,2018,3659.0,1481.0,2.157,3195.0,1
Wheat,2015-16,Chandpur,2018,2288.0,926.0,2.737,2534.0,1
Wheat,2015-16,Chapainababganj,2018,76142.0,30813.0,3.187,98197.0,1
Wheat,2015-16,Chattogram,2018,10.0,4.0,1.109,4.0,1
Wheat,2015-16,Chuadanga,2018,15506.0,6275.0,2.727,17109.0,1
Wheat,2015-16,Cox's Bazar,2018,0.0,0.0,0.0,0.0,1
Wheat,2015-16,Cumilla,2018,3049.0,1234.0,2.348,2898.0,1
Wheat,2015-16,Dhaka,2018,701.0,284.0,2.315,657.0,1
Wheat,2015-16,Dinajpur,2018,55868.0,22609.0,3.183,71967.0,1
Wheat,2015-16,Faridpur,2018,75790.0,30671.0,3.108,95339.0,1
Wheat,2015-16,Feni,2018,108.0,44.0,2.555,112.0,1
Wheat,2015-16,Gaibandha,2018,8949.0,3621.0,2.363,8558.0,1
Wheat,2015-16,Gazipur,2018,206.0,83.0,1.894,158.0,1
Wheat,2015-16,Gopalganj,2018,16371.0,6625.0,3.164,20960.0,1
Wheat,2015-16,Habiganj,2018,1072.0,434.0,1.91,829.0,1
Wheat,2015-16,Jamalpur,2018,20206.0,8177.0,2.771,22657.0,1
Wheat,2015-16,Jashore,2018,8369.0,3387.0,3.035,10278.0,1
Wheat,2015-16,Jhalokati,2018,229.0,93.0,2.247,208.0,1
Wheat,2015-16,Jhenaidah,2018,19312.0,7815.0,3.091,24156.0,1
Wheat,2015-16,Joypurhat,2018,2830.0,1145.0,2.409,2759.0,1
Wheat,2015-16,Khagrachhari,2018,0.0,0.0,0.0,0.0,1
Wheat,2015-16,Khulna,2018,1271.0,514.0,2.475,1273.0,1
Wheat,2015-16,Kishoreganj,2018,2925.0,1184.0,2.086,2469.0,1
Wheat,2015-16,Kurigram,2018,30643.0,12401.0,3.085,38261.0,1
Wheat,2015-16,Kushtia,2018,39118.0,15830.0,2.871,45455.0,1
Wheat,2015-16,Lakshmipur,2018,28.0,11.0,0.989,11.0,1
Wheat,2015-16,Lalmonirhat,2018,3546.0,1435.0,2.965,4254.0,1
Wheat,2015-16,Madaripur,2018,12760.0,5164.0,3.128,16151.0,1
Wheat,2015-16,Magura,2018,18369.0,7434.0,2.852,21201.0,1
Wheat,2015-16,Manikganj,2018,3492.0,1413.0,2.455,3470.0,1
Wheat,2015-16,Meherpur,2018,40595.0,16428.0,2.763,45383.0,1
Wheat,2015-16,Moulvibazar,2018,240.0,97.0,2.278,221.0,1
Wheat,2015-16,Munshiganj,2018,47.0,19.0,1.709,33.0,1
Wheat,2015-16,Mymensingh,2018,3195.0,1293.0,2.133,2757.0,1
Wheat,2015-16,Naogaon,2018,56277.0,22774.0,3.089,70352.0,1
Wheat,2015-16,Narail,2018,10191.0,4124.0,2.669,11009.0,1
Wheat,2015-16,Narayanganj,2018,490.0,198.0,1.741,345.0,1
Wheat,2015-16,Narsingdi,2018,446.0,180.0,2.135,385.0,1
Wheat,2015-16,Natore,2018,53339.0,21585.0,3.148,67953.0,1
Wheat,2015-16,Netrakona,2018,1809.0,732.0,1.98,1450.0,1
Wheat,2015-16,Nilphamari,2018,12037.0,4871.0,2.947,14355.0,1
Wheat,2015-16,Noakhali,2018,27.0,11.0,2.221,24.0,1
Wheat,2015-16,Pabna,2018,97980.0,39650.0,3.053,121058.0,1
Wheat,2015-16,Panchagarh,2018,49762.0,20138.0,3.244,65328.0,1
Wheat,2015-16,Patuakhali,2018,310.0,125.0,1.198,150.0,1
Wheat,2015-16,Pirojpur,2018,470.0,190.0,2.329,443.0,1
Wheat,2015-16,Rajbari,2018,39302.0,15905.0,2.855,45405.0,1
Wheat,2015-16,Rajshahi,2018,68260.0,27623.0,3.258,89994.0,1
Wheat,2015-16,Rangamati,2018,0.0,0.0,0.0,0.0,1
Wheat,2015-16,Rangpur,2018,8939.0,3617.0,2.933,10611.0,1
Wheat,2015-16,Satkhira,2018,5234.0,2118.0,2.569,5441.0,1
Wheat,2015-16,Shariatpur,2018,10070.0,4075.0,3.275,13344.0,1
Wheat,2015-16,Sherpur,2018,1707.0,691.0,2.476,1710.0,1
Wheat,2015-16,Sirajganj,2018,17584.0,7116.0,2.543,18096.0,1
Wheat,2015-16,Sunamganj,2018,1258.0,509.0,2.64,1344.0,1
Wheat,2015-16,Sylhet,2018,403.0,163.0,1.841,300.0,1
Wheat,2015-16,Tangail,2018,16471.0,6665.0,2.601,17338.0,1
Wheat,2015-16,Thakurgaon,2018,153397.0,62076.0,3.219,199834.0,1
Wheat,2016-17,Bagerhat,2018,719.0,291.0,2.646,770.0,1
Wheat,2016-17,Bandarban,2018,0.0,0.0,0.0,0.0,1
Wheat,2016-17,Barguna,2018,0.0,0.0,0.0,0.0,1
Wheat,2016-17,Barishal,2018,635.0,257.0,2.512,645.0,1
Wheat,2016-17,Bhola,2018,3648.0,1476.0,3.227,4763.0,1
Wheat,2016-17,Bogura,2018,5965.0,2414.0,2.518,6079.0,1
Wheat,2016-17,Brahmanbaria,2018,2786.0,1127.0,2.054,2316.0,1
Wheat,2016-17,Chandpur,2018,1503.0,608.0,2.359,1435.0,1
Wheat,2016-17,Chapainababganj,2018,74451.0,30129.0,3.201,96433.0,1
Wheat,2016-17,Chattogram,2018,14.0,6.0,1.135,6.0,1
Wheat,2016-17,Chuadanga,2018,4500.0,1821.0,2.938,5350.0,1
Wheat,2016-17,Cox's Bazar,2018,0.0,0.0,0.0,0.0,1
Wheat,2016-17,Cumilla,2018,4233.0,1713.0,2.264,3879.0,1
Wheat,2016-17,Dhaka,2018,688.0,278.0,2.664,742.0,1
Wheat,2016-17,Dinajpur,2018,56390.0,22820.0,3.271,74639.0,1
Wheat,2016-17,Faridpur,2018,71794.0,29053.0,3.111,90392.0,1
Wheat,2016-17,Feni,2018,39.0,16.0,1.88,30.0,1
Wheat,2016-17,Gaibandha,2018,8754.0,3543.0,2.461,8718.0,1
Wheat,2016-17,Gazipur,2018,163.0,66.0,1.896,125.0,1
Wheat,2016-17,Gopalganj,2018,19884.0,8047.0,3.144,25302.0,1
Wheat,2016-17,Habiganj,2018,1299.0,526.0,1.981,1042.0,1
Wheat,2016-17,Jamalpur,2018,18888.0,7644.0,2.658,20319.0,1
Wheat,2016-17,Jashore,2018,6655.0,2693.0,2.87,7728.0,1
Wheat,2016-17,Jhalokati,2018,254.0,103.0,0.0,312.0,1
Wheat,2016-17,Jhenaidah,2018,7450.0,3015.0,3.111,9380.0,1
Wheat,2016-17,Joypurhat,2018,3046.0,1233.0,2.594,3197.0,1
Wheat,2016-17,Khagrachhari,2018,0.0,0.0,0.0,0.0,1
Wheat,2016-17,Khulna,2018,930.0,376.0,2.396,902.0,1
Wheat,2016-17,Kishoreganj,2018,3292.0,1332.0,2.283,3041.0,1
Wheat,2016-17,Kurigram,2018,29732.0,12032.0,3.234,38910.0,1
Wheat,2016-17,Kushtia,2018,14706.0,5951.0,3.809,22671.0,1
Wheat,2016-17,Lakshmipur,2018,20.0,8.0,1.895,15.0,1
Wheat,2016-17,Lalmonirhat,2018,3978.0,1610.0,3.095,4982.0,1
Wheat,2016-17,Madaripur,2018,14680.0,5941.0,3.2,19009.0,1
Wheat,2016-17,Magura,2018,15259.0,6175.0,2.684,16575.0,1
Wheat,2016-17,Manikganj,2018,2730.0,1105.0,2.359,2606.0,1
Wheat,2016-17,Meherpur,2018,13864.0,5610.0,3.546,19893.0,1
Wheat,2016-17,Moulvibazar,2018,166.0,67.0,2.248,151.0,1
Wheat,2016-17,Munshiganj,2018,44.0,18.0,1.944,35.0,1
Wheat,2016-17,Mymensingh,2018,3251.0,1316.0,2.461,3238.0,1
Wheat,2016-17,Naogaon,2018,72819.0,29468.0,3.129,92199.0,1
Wheat,2016-17,Narail,2018,11192.0,4529.0,2.777,12579.0,1
Wheat,2016-17,Narayanganj,2018,410.0,166.0,1.947,323.0,1
Wheat,2016-17,Narsingdi,2018,373.0,151.0,2.333,352.0,1
Wheat,2016-17,Natore,2018,54054.0,21874.0,3.251,71104.0,1
Wheat,2016-17,Netrakona,2018,1955.0,791.0,2.395,1894.0,1
Wheat,2016-17,Nilphamari,2018,15101.0,6111.0,3.059,18692.0,1
Wheat,2016-17,Noakhali,2018,4.0,2.0,2.038,3.0,1
Wheat,2016-17,Pabna,2018,81575.0,33012.0,3.155,104138.0,1
Wheat,2016-17,Panchagarh,2018,65225.0,26395.0,3.383,89304.0,1
Wheat,2016-17,Patuakhali,2018,74.0,30.0,1.341,40.0,1
Wheat,2016-17,Pirojpur,2018,198.0,80.0,2.613,209.0,1
Wheat,2016-17,Rajbari,2018,33178.0,13426.0,3.01,40411.0,1
Wheat,2016-17,Rajshahi,2018,67568.0,27343.0,3.247,88779.0,1
Wheat,2016-17,Rangamati,2018,0.0,0.0,0.0,0.0,1
Wheat,2016-17,Rangpur,2018,8876.0,3592.0,3.106,11155.0,1
Wheat,2016-17,Satkhira,2018,4252.0,1721.0,2.737,4709.0,1
Wheat,2016-17,Shariatpur,2018,9806.0,3968.0,3.214,12753.0,1
Wheat,2016-17,Sherpur,2018,5521.0,2234.0,2.716,6069.0,1
Wheat,2016-17,Sirajganj,2018,14838.0,6005.0,2.596,15586.0,1
Wheat,2016-17,Sunamganj,2018,1400.0,567.0,2.747,1556.0,1
Wheat,2016-17,Sylhet,2018,611.0,247.0,1.868,462.0,1
Wheat,2016-17,Tangail,2018,14832.0,6002.0,2.783,16703.0,1
Wheat,2016-17,Thakurgaon,2018,166071.0,67205.0,3.375,226821.0,1
