crop,crop_year,district,edition,area_acres,area_ha,yield_mt_per_ha,production_mt,n_tables
Aman,2016-17,Bagerhat,2019,189701.0,76768.0,2.091,160491.0,1
Aman,2016-17,Bandarban,2019,23969.0,9700.0,2.535,24594.0,1
Aman,2016-17,Barguna,2019,237000.0,95909.0,1.77,169803.0,1
Aman,2016-17,Barishal,2019,296870.0,120137.0,2.005,240835.0,1
Aman,2016-17,Bhola,2019,453423.0,183490.0,2.242,411372.0,1
Aman,2016-17,Bogura,2019,447636.0,181148.0,2.728,494235.0,1
Aman,2016-17,Brahmanbaria,2019,170410.0,68961.0,2.267,156360.0,1
Aman,2016-17,Chandpur,2019,92040.0,37247.0,1.823,67890.0,1
Aman,2016-17,Chapainababganj,2019,129509.0,52409.0,2.773,145324.0,1
Aman,2016-17,Chattogram,2019,421886.0,170728.0,2.787,475889.0,1
Aman,2016-17,Chuadanga,2019,89810.0,36344.0,2.79,101387.0,1
Aman,2016-17,Cumilla,2019,333732.0,135054.0,2.138,288796.0,1
Aman,2016-17,Dhaka,2019,43361.0,17547.0,1.577,27671.0,1
Aman,2016-17,Dinajpur,2019,625691.0,253203.0,2.544,644047.0,1
Aman,2016-17,Faridpur,2019,163608.0,66209.0,2.341,155026.0,1
Aman,2016-17,Feni,2019,162974.0,65952.0,2.682,176883.0,1
Aman,2016-17,Gaibandha,2019,279320.0,113035.0,2.58,291596.0,1
Aman,2016-17,Gazipur,2019,103172.0,41751.0,2.334,97465.0,1
Aman,2016-17,Gopalganj,2019,61727.0,24980.0,1.347,33654.0,1
Aman,2016-17,Habiganj,2019,238205.0,96396.0,2.092,201652.0,1
Aman,2016-17,Jamalpur,2019,242611.0,98179.0,2.435,239048.0,1
Aman,2016-17,Jashore,2019,304232.0,123116.0,2.811,346090.0,1
Aman,2016-17,Jhalokati,2019,114194.0,46212.0,1.754,81058.0,1
Aman,2016-17,Jhenaidah,2019,218617.0,88470.0,3.012,266486.0,1
Aman,2016-17,Joypurhat,2019,174639.0,70673.0,2.858,201989.0,1
Aman,2016-17,Khagrachhari,2019,65463.0,26491.0,2.828,74922.0,1
Aman,2016-17,Khulna,2019,233655.0,94555.0,2.51,237373.0,1
Aman,2016-17,Kishoreganj,2019,190364.0,77036.0,2.577,198538.0,1
Aman,2016-17,Kurigram,2019,249849.0,101108.0,2.443,247025.0,1
Aman,2016-17,Kushtia,2019,204057.0,82577.0,2.742,226393.0,1
Aman,2016-17,Lakshmipur,2019,207018.0,83776.0,2.507,210042.0,1
Aman,2016-17,Lalmonirhat,2019,202029.0,81757.0,2.822,230719.0,1
Aman,2016-17,Madaripur,2019,63862.0,25844.0,1.618,41806.0,1
Aman,2016-17,Magura,2019,142050.0,57485.0,2.64,151739.0,1
Aman,2016-17,Manikganj,2019,50925.0,20608.0,1.279,26348.0,1
Aman,2016-17,Meherpur,2019,59230.0,23969.0,3.03,72618.0,1
Aman,2016-17,Moulvibazar,2019,244246.0,98841.0,2.58,254963.0,1
Aman,2016-17,Munshiganj,2019,50273.0,20344.0,1.112,22614.0,1
Aman,2016-17,Mymensingh,2019,645413.0,261184.0,2.475,646505.0,1
Aman,2016-17,Naogaon,2019,503787.0,203872.0,2.902,591670.0,1
Aman,2016-17,Narail,2019,82319.0,33313.0,2.126,70822.0,1
Aman,2016-17,Narayanganj,2019,23639.0,9566.0,1.369,13100.0,1
Aman,2016-17,Narsingdi,2019,88786.0,35930.0,2.235,80294.0,1
Aman,2016-17,Natore,2019,194805.0,78833.0,2.538,200055.0,1
Aman,2016-17,Netrakona,2019,338049.0,136801.0,2.363,323319.0,1
Aman,2016-17,Nilphamari,2019,267532.0,108264.0,2.787,301775.0,1
Aman,2016-17,Noakhali,2019,314116.0,127116.0,1.992,253264.0,1
Aman,2016-17,Pabna,2019,226205.0,91540.0,2.145,196395.0,1
Aman,2016-17,Panchagarh,2019,227466.0,92051.0,2.797,257502.0,1
Aman,2016-17,Patuakhali,2019,507732.0,205468.0,1.925,395482.0,1
Aman,2016-17,Pirojpur,2019,149232.0,60391.0,1.927,116390.0,1
Aman,2016-17,Rajbari,2019,107386.0,43457.0,2.666,115854.0,1
Aman,2016-17,Rajshahi,2019,175542.0,71038.0,2.915,207047.0,1
Aman,2016-17,Rangamati,2019,24314.0,9839.0,2.826,27804.0,1
Aman,2016-17,Rangpur,2019,393225.0,159130.0,2.817,448271.0,1
Aman,2016-17,Satkhira,2019,214214.0,86688.0,3.016,261492.0,1
Aman,2016-17,Shariatpur,2019,45111.0,18255.0,1.476,26951.0,1
Aman,2016-17,Sherpur,2019,211604.0,85632.0,2.237,191546.0,1
Aman,2016-17,Sirajganj,2019,197221.0,79811.0,2.47,197160.0,1
Aman,2016-17,Sunamganj,2019,142830.0,57800.0,2.189,126520.0,1
Aman,2016-17,Sylhet,2019,324428.0,131289.0,2.204,289409.0,1
Aman,2016-17,Tangail,2019,305735.0,123724.0,2.119,262172.0,1
Aman,2016-17,Thakurgaon,2019,315692.0,127754.0,2.838,362581.0,1
Aman,2017-18,Bagerhat,2019,176684.0,71500.0,1.793,128216.0,1
Aman,2017-18,Bandarban,2019,27931.0,11303.0,0.0,31365.0,1
Aman,2017-18,Barguna,2019,248672.0,100632.0,1.747,175762.0,1
Aman,2017-18,Barishal,2019,316372.0,128029.0,1.794,229729.0,1
Aman,2017-18,Bhola,2019,432937.0,175200.0,2.478,434140.0,1
Aman,2017-18,Bogura,2019,406199.0,164380.0,2.743,450823.0,1
Aman,2017-18,Brahmanbaria,2019,167071.0,67610.0,2.25,152123.0,1
Aman,2017-18,Chandpur,2019,106368.0,43045.0,1.886,81165.0,1
Aman,2017-18,Chapainababganj,2019,120659.0,48828.0,2.69,131323.0,1
Aman,2017-18,Chattogram,2019,433616.0,175475.0,2.562,449527.0,1
Aman,2017-18,Chuadanga,2019,84487.0,34190.0,2.828,96705.0,1
Aman,2017-18,Cumilla,2019,333982.0,135155.0,2.368,320063.0,1
Aman,2017-18,Dhaka,2019,41307.0,16716.0,1.984,33169.0,1
Aman,2017-18,Dinajpur,2019,633615.0,256410.0,2.783,713563.0,1
Aman,2017-18,Faridpur,2019,202853.0,82090.0,2.422,198852.0,1
Aman,2017-18,Feni,2019,161153.0,65215.0,2.68,174808.0,1
Aman,2017-18,Gaibandha,2019,289860.0,117300.0,2.687,315190.0,1
Aman,2017-18,Gazipur,2019,105027.0,42502.0,2.652,112721.0,1
Aman,2017-18,Gopalganj,2019,68153.0,27580.0,1.69,46599.0,1
Aman,2017-18,Habiganj,2019,252052.0,102000.0,2.389,243682.0,1
Aman,2017-18,Jamalpur,2019,246813.0,99880.0,2.456,245328.0,1
Aman,2017-18,Jashore,2019,311445.0,126035.0,2.813,354584.0,1
Aman,2017-18,Jhalokati,2019,124791.0,50500.0,1.48,74752.0,1
Aman,2017-18,Jhenaidah,2019,245042.0,99163.0,2.798,277486.0,1
Aman,2017-18,Joypurhat,2019,174633.0,70670.0,2.804,198125.0,1
Aman,2017-18,Khagrachhari,2019,69603.0,28167.0,0.0,76493.0,1
Aman,2017-18,Khulna,2019,235483.0,95295.0,2.066,196908.0,1
Aman,2017-18,Kishoreganj,2019,190324.0,77020.0,2.759,212526.0,1
Aman,2017-18,Kurigram,2019,284367.0,115077.0,2.632,302921.0,1
Aman,2017-18,Kushtia,2019,208652.0,84437.0,2.748,232075.0,1
Aman,2017-18,Lakshmipur,2019,191794.0,77615.0,2.608,202428.0,1
Aman,2017-18,Lalmonirhat,2019,208833.0,84510.0,2.799,236528.0,1
Aman,2017-18,Madaripur,2019,65511.0,26511.0,1.736,46016.0,1
Aman,2017-18,Magura,2019,145091.0,58715.0,2.74,160884.0,1
Aman,2017-18,Manikganj,2019,96104.0,38891.0,1.231,47884.0,1
Aman,2017-18,Meherpur,2019,63334.0,25630.0,2.793,71573.0,1
Aman,2017-18,Moulvibazar,2019,241896.0,97890.0,2.716,265917.0,1
Aman,2017-18,Munshiganj,2019,51263.0,20745.0,0.955,19809.0,1
Aman,2017-18,Mymensingh,2019,640114.0,259040.0,2.614,677160.0,1
Aman,2017-18,Naogaon,2019,405636.0,164152.0,2.623,430561.0,1
Aman,2017-18,Narail,2019,98782.0,39975.0,2.408,96273.0,1
Aman,2017-18,Narayanganj,2019,26893.0,10883.0,1.528,16627.0,1
Aman,2017-18,Narsingdi,2019,102509.0,41483.0,2.473,102605.0,1
Aman,2017-18,Natore,2019,183165.0,74123.0,2.476,183520.0,1
Aman,2017-18,Netrakona,2019,302450.0,122395.0,2.453,300282.0,1
Aman,2017-18,Nilphamari,2019,276289.0,111808.0,2.841,317680.0,1
Aman,2017-18,Noakhali,2019,357450.0,144652.0,2.244,324630.0,1
Aman,2017-18,Pabna,2019,234080.0,94727.0,2.154,204045.0,1
Aman,2017-18,Panchagarh,2019,240908.0,97490.0,2.774,270411.0,1
Aman,2017-18,Patuakhali,2019,497217.0,201213.0,1.904,383054.0,1
Aman,2017-18,Pirojpur,2019,161009.0,65157.0,1.395,90900.0,1
Aman,2017-18,Rajbari,2019,114303.0,46256.0,2.715,125588.0,1
Aman,2017-18,Rajshahi,2019,175730.0,71114.0,2.759,196177.0,1
Aman,2017-18,Rangamati,2019,22569.0,9133.0,0.0,25136.0,1
Aman,2017-18,Rangpur,2019,403928.0,163461.0,2.824,461649.0,1
Aman,2017-18,Satkhira,2019,209265.0,84685.0,2.744,232351.0,1
Aman,2017-18,Shariatpur,2019,43662.0,17669.0,1.63,28801.0,1
Aman,2017-18,Sherpur,2019,218322.0,88350.0,2.518,222444.0,1
Aman,2017-18,Sirajganj,2019,204607.0,82800.0,2.369,196181.0,1
Aman,2017-18,Sunamganj,2019,183669.0,74327.0,2.414,179453.0,1
Aman,2017-18,Sylhet,2019,350699.0,141920.0,2.369,336260.0,1
Aman,2017-18,Tangail,2019,287839.0,116482.0,2.147,250133.0,1
Aman,2017-18,Thakurgaon,2019,337268.0,136485.0,2.814,384125.0,1
Aus,2016-17,Bagerhat,2019,13526.0,5474.0,2.366,12953.0,1
Aus,2016-17,Bandarban,2019,21050.0,8518.0,1.733,14766.0,1
Aus,2016-17,Barguna,2019,100190.0,40545.0,2.279,92403.0,1
Aus,2016-17,Barishal,2019,54216.0,21940.0,1.622,35582.0,1
Aus,2016-17,Bhola,2019,185353.0,75008.0,1.591,119328.0,1
Aus,2016-17,Bogura,2019,46649.0,18878.0,2.497,47137.0,1
Aus,2016-17,Brahmanbaria,2019,18901.0,7649.0,2.175,16639.0,1
Aus,2016-17,Chandpur,2019,24393.0,9871.0,2.489,24569.0,1
Aus,2016-17,Chapainababganj,2019,115949.0,46922.0,2.393,112269.0,1
Aus,2016-17,Chattogram,2019,78593.0,31805.0,2.643,84071.0,1
Aus,2016-17,Chuadanga,2019,67070.0,27142.0,2.786,75607.0,1
Aus,2016-17,Cumilla,2019,158057.0,63962.0,2.317,148178.0,1
Aus,2016-17,Dhaka,2019,1618.0,655.0,2.149,1407.0,1
Aus,2016-17,Dinajpur,2019,12869.0,5208.0,2.223,11577.0,1
Aus,2016-17,Faridpur,2019,13555.0,5485.0,1.439,7892.0,1
Aus,2016-17,Feni,2019,18593.0,7524.0,1.963,14768.0,1
Aus,2016-17,Gaibandha,2019,2594.0,1050.0,1.762,1849.0,1
Aus,2016-17,Gazipur,2019,3036.0,1229.0,2.426,2980.0,1
Aus,2016-17,Gopalganj,2019,4197.0,1698.0,1.581,2685.0,1
Aus,2016-17,Habiganj,2019,96846.0,39191.0,2.36,92498.0,1
Aus,2016-17,Jamalpur,2019,4589.0,1857.0,1.803,3347.0,1
Aus,2016-17,Jashore,2019,45692.0,18491.0,2.767,51160.0,1
Aus,2016-17,Jhalokati,2019,31365.0,12693.0,1.98,25136.0,1
Aus,2016-17,Jhenaidah,2019,52591.0,21282.0,2.92,62145.0,1
Aus,2016-17,Joypurhat,2019,144.0,58.0,2.306,134.0,1
Aus,2016-17,Khagrachhari,2019,5794.0,2345.0,1.942,4554.0,1
Aus,2016-17,Khulna,2019,7013.0,2838.0,1.422,4035.0,1
Aus,2016-17,Kishoreganj,2019,52868.0,21395.0,2.145,45890.0,1
Aus,2016-17,Kurigram,2019,3455.0,1398.0,2.121,2966.0,1
Aus,2016-17,Kushtia,2019,49332.0,19964.0,2.261,45134.0,1
Aus,2016-17,Lakshmipur,2019,68448.0,27699.0,1.722,47710.0,1
Aus,2016-17,Lalmonirhat,2019,3110.0,1259.0,2.38,2995.0,1
Aus,2016-17,Madaripur,2019,3707.0,1500.0,1.778,2667.0,1
Aus,2016-17,Magura,2019,9125.0,3693.0,2.24,8273.0,1
Aus,2016-17,Manikganj,2019,1452.0,588.0,2.128,1251.0,1
Aus,2016-17,Meherpur,2019,22130.0,8956.0,3.219,28829.0,1
Aus,2016-17,Moulvibazar,2019,99968.0,40455.0,2.789,112836.0,1
Aus,2016-17,Munshiganj,2019,331.0,134.0,2.369,317.0,1
Aus,2016-17,Mymensingh,2019,51764.0,20948.0,2.472,51783.0,1
Aus,2016-17,Naogaon,2019,127376.0,51546.0,2.711,139738.0,1
Aus,2016-17,Narail,2019,12273.0,4967.0,1.6,7948.0,1
Aus,2016-17,Narayanganj,2019,323.0,131.0,2.204,288.0,1
Aus,2016-17,Narsingdi,2019,698.0,282.0,2.002,565.0,1
Aus,2016-17,Natore,2019,12254.0,4959.0,2.195,10885.0,1
Aus,2016-17,Netrakona,2019,488.0,197.0,1.998,395.0,1
Aus,2016-17,Nilphamari,2019,288.0,117.0,1.568,183.0,1
Aus,2016-17,Noakhali,2019,104545.0,42307.0,1.723,72881.0,1
Aus,2016-17,Pabna,2019,35011.0,14168.0,1.826,25867.0,1
Aus,2016-17,Panchagarh,2019,300.0,121.0,2.445,297.0,1
Aus,2016-17,Patuakhali,2019,79520.0,32180.0,2.058,66213.0,1
Aus,2016-17,Pirojpur,2019,45290.0,18328.0,2.065,37845.0,1
Aus,2016-17,Rajbari,2019,2513.0,1017.0,1.337,1360.0,1
Aus,2016-17,Rajshahi,2019,95938.0,38824.0,2.672,103737.0,1
Aus,2016-17,Rangamati,2019,17110.0,6924.0,1.502,10401.0,1
Aus,2016-17,Rangpur,2019,33841.0,13695.0,2.624,35938.0,1
Aus,2016-17,Satkhira,2019,15971.0,6463.0,2.5,16156.0,1
Aus,2016-17,Shariatpur,2019,19330.0,7822.0,1.408,11014.0,1
Aus,2016-17,Sherpur,2019,4978.0,2014.0,2.135,4301.0,1
Aus,2016-17,Sirajganj,2019,9992.0,4044.0,2.181,8820.0,1
Aus,2016-17,Sunamganj,2019,14042.0,5682.0,2.482,14107.0,1
Aus,2016-17,Sylhet,2019,115626.0,46791.0,2.477,115909.0,1
Aus,2016-17,Tangail,2019,2680.0,1085.0,1.424,1545.0,1
Aus,2016-17,Thakurgaon,2019,23488.0,9505.0,2.526,24014.0,1
Aus,2017-18,Bagerhat,2019,14295.0,5785.0,2.471,14297.0,1
Aus,2017-18,Bandarban,2019,29920.0,12108.0,1.847,22366.0,1
Aus,2017-18,Barguna,2019,103341.0,41820.0,2.599,108679.0,1
Aus,2017-18,Barishal,2019,42678.0,17271.0,1.809,31237.0,1
Aus,2017-18,Bhola,2019,214491.0,86800.0,2.005,174068.0,1
Aus,2017-18,Bogura,2019,47136.0,19075.0,2.82,53795.0,1
Aus,2017-18,Brahmanbaria,2019,20053.0,8115.0,2.535,20573.0,1
Aus,2017-18,Chandpur,2019,24600.0,9955.0,2.56,25483.0,1
Aus,2017-18,Chapainababganj,2019,130054.0,52630.0,2.578,135671.0,1
Aus,2017-18,Chattogram,2019,87793.0,35528.0,2.604,92506.0,1
Aus,2017-18,Chuadanga,2019,94890.0,38400.0,2.914,111916.0,1
Aus,2017-18,Cumilla,2019,174954.0,70800.0,2.623,185718.0,1
Aus,2017-18,Dhaka,2019,1846.0,747.0,2.699,2016.0,1
Aus,2017-18,Dinajpur,2019,19047.0,7708.0,2.875,22157.0,1
Aus,2017-18,Faridpur,2019,16260.0,6580.0,1.549,10192.0,1
Aus,2017-18,Feni,2019,20908.0,8461.0,2.276,19259.0,1
Aus,2017-18,Gaibandha,2019,3974.0,1608.0,2.606,4191.0,1
Aus,2017-18,Gazipur,2019,3351.0,1356.0,2.75,3729.0,1
Aus,2017-18,Gopalganj,2019,8291.0,3355.0,1.493,5010.0,1
Aus,2017-18,Habiganj,2019,111496.0,45120.0,2.661,120059.0,1
Aus,2017-18,Jamalpur,2019,4374.0,1770.0,1.945,3443.0,1
Aus,2017-18,Jashore,2019,50658.0,20500.0,2.581,52917.0,1
Aus,2017-18,Jhalokati,2019,33002.0,13355.0,2.291,30595.0,1
Aus,2017-18,Jhenaidah,2019,75121.0,30400.0,2.555,77683.0,1
Aus,2017-18,Joypurhat,2019,620.0,251.0,2.829,710.0,1
Aus,2017-18,Khagrachhari,2019,10655.0,4312.0,2.336,10071.0,1
Aus,2017-18,Khulna,2019,8105.0,3280.0,1.456,4776.0,1
Aus,2017-18,Kishoreganj,2019,59640.0,24135.0,2.698,65112.0,1
Aus,2017-18,Kurigram,2019,3608.0,1460.0,2.198,3209.0,1
Aus,2017-18,Kushtia,2019,68697.0,27800.0,2.546,70773.0,1
Aus,2017-18,Lakshmipur,2019,69586.0,28160.0,2.477,69747.0,1
Aus,2017-18,Lalmonirhat,2019,12447.0,5037.0,2.985,15033.0,1
Aus,2017-18,Madaripur,2019,3768.0,1525.0,1.424,2171.0,1
Aus,2017-18,Magura,2019,8179.0,3310.0,2.444,8088.0,1
Aus,2017-18,Manikganj,2019,3514.0,1422.0,1.771,2519.0,1
Aus,2017-18,Meherpur,2019,37561.0,15200.0,2.825,42944.0,1
Aus,2017-18,Moulvibazar,2019,113120.0,45777.0,2.597,118875.0,1
Aus,2017-18,Munshiganj,2019,232.0,94.0,2.553,240.0,1
Aus,2017-18,Mymensingh,2019,41085.0,16626.0,2.827,46998.0,1
Aus,2017-18,Naogaon,2019,146264.0,59190.0,3.007,177988.0,1
Aus,2017-18,Narail,2019,13490.0,5459.0,1.776,9696.0,1
Aus,2017-18,Narayanganj,2019,1705.0,690.0,2.651,1829.0,1
Aus,2017-18,Narsingdi,2019,818.0,331.0,2.477,820.0,1
Aus,2017-18,Natore,2019,16939.0,6855.0,2.701,18512.0,1
Aus,2017-18,Netrakona,2019,1211.0,490.0,1.994,977.0,1
Aus,2017-18,Nilphamari,2019,1003.0,406.0,0.0,1154.0,1
Aus,2017-18,Noakhali,2019,92224.0,37321.0,2.415,90132.0,1
Aus,2017-18,Pabna,2019,41944.0,16974.0,2.218,37653.0,1
Aus,2017-18,Panchagarh,2019,692.0,280.0,2.3,644.0,1
Aus,2017-18,Patuakhali,2019,70992.0,28729.0,2.301,66094.0,1
Aus,2017-18,Pirojpur,2019,36634.0,14825.0,2.243,33248.0,1
Aus,2017-18,Rajbari,2019,3237.0,1310.0,1.261,1652.0,1
Aus,2017-18,Rajshahi,2019,116312.0,47069.0,2.858,134527.0,1
Aus,2017-18,Rangamati,2019,15864.0,6420.0,1.349,8660.0,1
Aus,2017-18,Rangpur,2019,39723.0,16075.0,2.998,48194.0,1
Aus,2017-18,Satkhira,2019,15691.0,6350.0,2.287,14522.0,1
Aus,2017-18,Shariatpur,2019,22685.0,9180.0,1.715,15742.0,1
Aus,2017-18,Sherpur,2019,5535.0,2240.0,2.565,5746.0,1
Aus,2017-18,Sirajganj,2019,11676.0,4725.0,1.895,8955.0,1
Aus,2017-18,Sunamganj,2019,30770.0,12452.0,2.605,32443.0,1
Aus,2017-18,Sylhet,2019,150305.0,60825.0,2.587,157383.0,1
Aus,2017-18,Tangail,2019,2068.0,837.0,1.63,1364.0,1
Aus,2017-18,Thakurgaon,2019,36622.0,14820.0,2.925,43345.0,1
Boro,2016-17,Bagerhat,2019,130054.0,52629.0,3.3369999999999997,218606.0,3
Boro,2016-17,Bandarban,2019,11040.0,4467.0,2.3379999999999996,13537.0,3
Boro,2016-17,Barguna,2019,860.0,348.0,1.0583333333333333,1105.0,3
Boro,2016-17,Barishal,2019,132719.0,53708.0,3.4136666666666664,205808.0,3
Boro,2016-17,Bhola,2019,116363.0,47090.0,3.557,165500.0,3
Boro,2016-17,Bogura,2019,458984.0,185741.0,3.5980000000000003,719981.0,3
Boro,2016-17,Brahmanbaria,2019,251223.0,101665.0,3.5856666666666666,398251.0,3
Boro,2016-17,Chandpur,2019,272975.0,110467.0,3.174,436135.0,3
Boro,2016-17,Chapainababganj,2019,114018.0,46141.0,2.7693333333333334,175669.0,3
Boro,2016-17,Chattogram,2019,152058.0,61534.0,2.462,187680.0,3
Boro,2016-17,Chuadanga,2019,86884.0,35160.0,2.7473333333333336,135832.0,3
Boro,2016-17,Cumilla,2019,386090.0,156243.0,2.592,574371.0,3
Boro,2016-17,Dhaka,2019,119274.0,48268.0,3.822333333333333,218997.0,3
Boro,2016-17,Dinajpur,2019,436172.0,176510.0,2.9203333333333332,707246.0,3
Boro,2016-17,Faridpur,2019,59649.0,24139.0,3.703,100513.0,3
Boro,2016-17,Feni,2019,73438.0,29718.0,2.8516666666666666,110208.0,3
Boro,2016-17,Gaibandha,2019,309798.0,125368.0,3.3426666666666667,481240.0,3
Boro,2016-17,Gazipur,2019,139403.0,56414.0,3.718,223605.0,3
Boro,2016-17,Gopalganj,2019,185730.0,75161.0,3.857666666666667,354418.0,3
Boro,2016-17,Habiganj,2019,236780.0,95820.0,3.1823333333333337,337832.0,3
Boro,2016-17,Jamalpur,2019,317985.0,128682.0,3.4133333333333336,506653.0,3
Boro,2016-17,Jashore,2019,375519.0,151964.0,3.207666666666667,669014.0,3
Boro,2016-17,Jhalokati,2019,21239.0,8594.0,3.514666666666667,33249.0,3
Boro,2016-17,Jhenaidah,2019,205622.0,83210.0,3.238,359083.0,3
Boro,2016-17,Joypurhat,2019,168101.0,68027.0,2.9776666666666665,293753.0,3
Boro,2016-17,Khagrachhari,2019,24429.0,9886.0,2.4153333333333333,33095.0,3
Boro,2016-17,Khulna,2019,121063.0,48991.0,3.3733333333333335,198900.0,3
Boro,2016-17,Kishoreganj,2019,287295.0,116263.0,3.5723333333333334,503363.0,3
Boro,2016-17,Kurigram,2019,264482.0,107031.0,3.5063333333333335,428420.0,3
Boro,2016-17,Kushtia,2019,84044.0,34011.0,2.8386666666666667,135811.0,3
Boro,2016-17,Lakshmipur,2019,58516.0,23680.0,2.739666666666667,90546.0,3
Boro,2016-17,Lalmonirhat,2019,118304.0,47875.0,2.86,197277.0,3
Boro,2016-17,Madaripur,2019,80358.0,32519.0,3.885333333333333,145625.0,3
Boro,2016-17,Magura,2019,83562.0,33815.0,2.9299999999999997,138638.0,3
Boro,2016-17,Manikganj,2019,124954.0,50567.0,3.8860000000000006,230617.0,3
Boro,2016-17,Meherpur,2019,52980.0,21440.0,2.997,85244.0,3
Boro,2016-17,Moulvibazar,2019,97087.0,39288.0,3.132,132412.0,3
Boro,2016-17,Munshiganj,2019,59424.0,24048.0,3.5396666666666667,100860.0,3
Boro,2016-17,Mymensingh,2019,650569.0,263271.0,3.578333333333333,1072834.0,3
Boro,2016-17,Naogaon,2019,474473.0,192009.0,3.0446666666666666,789518.0,3
Boro,2016-17,Narail,2019,94201.0,38121.0,3.675666666666667,157436.0,3
Boro,2016-17,Narayanganj,2019,62370.0,25240.0,3.361,99814.0,3
Boro,2016-17,Narsingdi,2019,126303.0,51113.0,3.5690000000000004,190769.0,3
Boro,2016-17,Natore,2019,130013.0,52614.0,4.099666666666667,242317.0,3
Boro,2016-17,Netrakona,2019,347960.0,140812.0,3.6146666666666665,563439.0,3
Boro,2016-17,Nilphamari,2019,198696.0,80408.0,2.905,338250.0,3
Boro,2016-17,Noakhali,2019,147795.0,59809.0,2.8943333333333334,269706.0,3
Boro,2016-17,Pabna,2019,149636.0,60555.0,3.542333333333333,241412.0,3
Boro,2016-17,Panchagarh,2019,89020.0,36024.0,2.9343333333333335,147361.0,3
Boro,2016-17,Patuakhali,2019,2280.0,923.0,1.4436666666666664,2446.0,3
Boro,2016-17,Pirojpur,2019,48247.0,19525.0,3.3049999999999997,77459.0,3
Boro,2016-17,Rajbari,2019,36112.0,14613.0,3.746,62870.0,3
Boro,2016-17,Rajshahi,2019,164865.0,66718.0,3.111333333333333,272701.0,3
Boro,2016-17,Rangamati,2019,18608.0,7531.0,2.832333333333333,31261.0,3
Boro,2016-17,Rangpur,2019,328152.0,132796.0,2.9393333333333334,565686.0,3
Boro,2016-17,Satkhira,2019,183426.0,74229.0,4.186999999999999,292504.0,2
Boro,2016-17,Shariatpur,2019,67725.0,27407.0,3.8156666666666665,112065.0,3
Boro,2016-17,Sherpur,2019,214101.0,86642.0,3.5229999999999997,352271.0,3
Boro,2016-17,Sirajganj,2019,340821.0,137922.0,3.743,566275.0,3
Boro,2016-17,Sunamganj,2019,134397.0,54388.0,3.331666666666667,196500.0,3
Boro,2016-17,Sylhet,2019,143099.0,57909.0,2.9593333333333334,167560.0,3
Boro,2016-17,Tangail,2019,414882.0,167894.0,3.734666666666667,700905.0,3
Boro,2016-17,Thakurgaon,2019,148177.0,59964.0,3.1630000000000003,253090.0,3
Boro,2017-18,Bagerhat,2019,125609.0,50831.0,2.7306666666666666,219577.0,3
Boro,2017-18,Bandarban,2019,15573.0,6302.0,2.387,21840.0,3
Boro,2017-18,Barguna,2019,1026.0,415.0,1.0636666666666665,1268.0,3
Boro,2017-18,Barishal,2019,129336.0,52340.0,3.3486666666666665,201186.0,3
Boro,2017-18,Bhola,2019,112603.0,45568.0,3.311666666666667,160434.0,3
Boro,2017-18,Bogura,2019,462129.0,187013.0,3.554,728268.0,3
Boro,2017-18,Brahmanbaria,2019,301107.0,121852.0,2.948,487731.0,3
Boro,2017-18,Chandpur,2019,167374.0,67733.0,2.731666666666667,245503.0,3
Boro,2017-18,Chapainababganj,2019,116337.0,47079.0,2.785,183143.0,3
Boro,2017-18,Chattogram,2019,152345.0,61651.0,2.5623333333333336,206040.0,3
Boro,2017-18,Chuadanga,2019,95706.0,38730.0,2.7103333333333333,146745.0,3
Boro,2017-18,Cumilla,2019,357657.0,144736.0,2.798,544518.0,3
Boro,2017-18,Dhaka,2019,116528.0,47156.0,3.476333333333333,206782.0,3
Boro,2017-18,Dinajpur,2019,433158.0,175290.0,2.937666666666667,716476.0,3
Boro,2017-18,Faridpur,2019,68707.0,27804.0,3.7159999999999997,116710.0,3
Boro,2017-18,Feni,2019,82733.0,33480.0,2.771666666666667,121757.0,3
Boro,2017-18,Gaibandha,2019,309132.0,125098.0,3.1923333333333326,458840.0,3
Boro,2017-18,Gazipur,2019,134220.0,54316.0,3.0180000000000002,217327.0,3
Boro,2017-18,Gopalganj,2019,181159.0,73311.0,3.8796666666666666,351873.0,3
Boro,2017-18,Habiganj,2019,267184.0,108124.0,3.208,397845.0,3
Boro,2017-18,Jamalpur,2019,324055.0,131138.0,3.2773333333333334,519047.0,3
Boro,2017-18,Jashore,2019,395637.0,160106.0,3.110333333333333,669316.0,3
Boro,2017-18,Jhalokati,2019,24217.0,9800.0,3.502333333333333,37966.0,3
Boro,2017-18,Jhenaidah,2019,213297.0,86316.0,3.1976666666666667,366404.0,3
Boro,2017-18,Joypurhat,2019,168122.0,68035.0,2.8363333333333336,277035.0,3
Boro,2017-18,Khagrachhari,2019,24946.0,10095.0,2.365,34654.0,3
Boro,2017-18,Khulna,2019,120618.0,48811.0,3.270666666666667,194455.0,3
Boro,2017-18,Kishoreganj,2019,390889.0,158184.0,3.582333333333333,688624.0,3
Boro,2017-18,Kurigram,2019,289911.0,117320.0,3.4659999999999997,485933.0,3
Boro,2017-18,Kushtia,2019,70446.0,28508.0,2.908,115238.0,3
Boro,2017-18,Lakshmipur,2019,65264.0,26411.0,2.7306666666666666,103391.0,3
Boro,2017-18,Lalmonirhat,2019,118245.0,47851.0,2.516666666666667,178762.0,3
Boro,2017-18,Madaripur,2019,83220.0,33677.0,3.109,147047.0,3
Boro,2017-18,Magura,2019,105507.0,42696.0,2.9243333333333332,178989.0,3
Boro,2017-18,Manikganj,2019,114988.0,46534.0,3.578,206623.0,3
Boro,2017-18,Meherpur,2019,33674.0,13627.0,3.0446666666666666,55838.0,3
Boro,2017-18,Moulvibazar,2019,130828.0,52944.0,3.2870000000000004,179313.0,3
Boro,2017-18,Munshiganj,2019,65360.0,26450.0,3.4019999999999997,109007.0,3
Boro,2017-18,Mymensingh,2019,657913.0,266243.0,3.7856666666666663,1107015.0,3
Boro,2017-18,Naogaon,2019,491766.0,199006.0,3.067,813547.0,3
Boro,2017-18,Narail,2019,145950.0,59062.0,3.7626666666666666,248492.0,3
Boro,2017-18,Narayanganj,2019,64294.0,26018.0,3.250666666666667,101289.0,3
Boro,2017-18,Narsingdi,2019,124081.0,50212.0,3.438,186560.0,3
Boro,2017-18,Natore,2019,146351.0,59224.0,4.1496666666666675,274524.0,3
Boro,2017-18,Netrakona,2019,424721.0,171875.0,3.7046666666666668,714289.0,3
Boro,2017-18,Nilphamari,2019,249992.0,101166.0,2.717333333333333,411225.0,3
Boro,2017-18,Noakhali,2019,187889.0,76034.0,2.9423333333333335,356196.0,3
Boro,2017-18,Pabna,2019,139165.0,56317.0,3.4326666666666665,225208.0,3
Boro,2017-18,Panchagarh,2019,87250.0,35308.0,2.872,144219.0,3
Boro,2017-18,Patuakhali,2019,2656.0,1075.0,1.338,2421.0,3
Boro,2017-18,Pirojpur,2019,54045.0,21871.0,3.469666666666667,90106.0,3
Boro,2017-18,Rajbari,2019,31294.0,12664.0,3.6376666666666666,51956.0,3
Boro,2017-18,Rajshahi,2019,170938.0,69175.0,2.988666666666667,269551.0,3
Boro,2017-18,Rangamati,2019,16995.0,6877.0,2.66,27283.0,3
Boro,2017-18,Rangpur,2019,350137.0,141693.0,2.993,616866.0,3
Boro,2017-18,Satkhira,2019,176605.0,71468.0,4.166,282006.0,2
Boro,2017-18,Shariatpur,2019,52318.0,21171.0,3.9203333333333332,86824.0,3
Boro,2017-18,Sherpur,2019,265164.0,107306.0,3.299666666666667,429376.0,3
Boro,2017-18,Sirajganj,2019,344318.0,139339.0,3.8480000000000003,588606.0,3
Boro,2017-18,Sunamganj,2019,496783.0,201037.0,2.659666666666667,738001.0,3
Boro,2017-18,Sylhet,2019,192537.0,77915.0,3.0346666666666664,241040.0,3
Boro,2017-18,Tangail,2019,474150.0,191878.0,3.9026666666666663,840931.0,3
Boro,2017-18,Thakurgaon,2019,166871.0,67529.0,2.9186666666666667,252528.0,3
Chili,2015-16,Bagerhat,2019,1131.0,,,467.0,2
Chili,2015-16,Bandarban,2019,552.0,,,693.0,2
Chili,2015-16,Barguna,2019,988.0,,,303.0,2
Chili,2015-16,Barishal,2019,2863.0,,,976.26,2
Chili,2015-16,Bhola,2019,35455.0,,,14401.0,2
Chili,2015-16,Bogura,2019,9496.0,,,5461.0,2
Chili,2015-16,Brahmanbaria,2019,3154.0,,,2082.0,2
Chili,2015-16,Chandpur,2019,5619.0,,,2334.0,2
Chili,2015-16,Chapainababganj,2019,481.0,,,387.0,2
Chili,2015-16,Chattogram,2019,7324.0,,,2740.0,2
Chili,2015-16,Chuadanga,2019,3030.0,,,2858.0,2
Chili,2015-16,Cox's Bazar,2019,1927.0,,,1219.0,2
Chili,2015-16,Cumilla,2019,8304.0,,,680.0,2
Chili,2015-16,Dhaka,2019,1737.0,,,960.0,2
Chili,2015-16,Dinajpur,2019,3790.0,,,2178.0,2
Chili,2015-16,Faridpur,2019,6885.0,,,7600.0,2
Chili,2015-16,Feni,2019,1183.0,,,321.0,2
Chili,2015-16,Gaibandha,2019,1356.0,,,1083.0,2
Chili,2015-16,Gazipur,2019,1612.0,,,630.0,2
Chili,2015-16,Gopalganj,2019,938.0,,,956.0,2
Chili,2015-16,Habiganj,2019,673.0,,,420.0,2
Chili,2015-16,Jamalpur,2019,16980.0,,,6174.0,2
Chili,2015-16,Jashore,2019,3509.0,,,1506.0,2
Chili,2015-16,Jhalokati,2019,1307.0,,,332.0,2
Chili,2015-16,Jhenaidah,2019,4187.0,,,1796.0,2
Chili,2015-16,Joypurhat,2019,754.0,,,317.0,2
Chili,2015-16,Khagrachhari,2019,1159.0,,,382.0,2
Chili,2015-16,Khulna,2019,709.0,,,1046.0,2
Chili,2015-16,Kishoreganj,2019,3841.0,,,2534.0,2
Chili,2015-16,Kurigram,2019,2000.0,,,1399.0,2
Chili,2015-16,Kushtia,2019,1920.0,,,1531.0,2
Chili,2015-16,Lakshmipur,2019,4877.0,,,1807.0,2
Chili,2015-16,Lalmonirhat,2019,733.0,,,818.0,2
Chili,2015-16,Madaripur,2019,1576.0,,,489.0,2
Chili,2015-16,Magura,2019,918.0,,,711.0,2
Chili,2015-16,Manikganj,2019,7632.0,,,3441.0,2
Chili,2015-16,Meherpur,2019,2323.0,,,1131.0,2
Chili,2015-16,Moulvibazar,2019,415.0,,,175.0,2
Chili,2015-16,Munshiganj,2019,1293.0,,,718.0,2
Chili,2015-16,Mymensingh,2019,4265.0,,,3252.0,2
Chili,2015-16,Naogaon,2019,2231.0,,,1441.0,2
Chili,2015-16,Narail,2019,939.0,,,2160.0,2
Chili,2015-16,Narayanganj,2019,739.0,,,305.0,2
Chili,2015-16,Narsingdi,2019,2178.0,,,870.0,2
Chili,2015-16,Natore,2019,1421.0,,,640.0,2
Chili,2015-16,Netrakona,2019,1087.0,,,639.0,2
Chili,2015-16,Nilphamari,2019,4956.0,,,3897.0,2
Chili,2015-16,Noakhali,2019,10418.0,,,2861.0,2
Chili,2015-16,Pabna,2019,8804.0,,,5388.0,2
Chili,2015-16,Panchagarh,2019,14770.0,,,8543.0,2
Chili,2015-16,Patuakhali,2019,2934.0,,,887.0,2
Chili,2015-16,Pirojpur,2019,1013.0,,,346.0,2
Chili,2015-16,Rajbari,2019,4049.0,,,3256.0,2
Chili,2015-16,Rajshahi,2019,3336.0,,,3169.0,2
Chili,2015-16,Rangamati,2019,2164.0,,,1127.0,2
Chili,2015-16,Rangpur,2019,2673.0,,,1434.0,2
Chili,2015-16,Satkhira,2019,1285.0,,,962.0,2
Chili,2015-16,Shariatpur,2019,11546.0,,,6439.0,2
Chili,2015-16,Sherpur,2019,3038.0,,,1225.0,2
Chili,2015-16,Sirajganj,2019,6468.0,,,3599.0,2
Chili,2015-16,Sunamganj,2019,820.0,,,513.0,2
Chili,2015-16,Sylhet,2019,647.0,,,338.0,2
Chili,2015-16,Tangail,2019,3616.0,,,1103.0,2
Chili,2015-16,Thakurgaon,2019,1844.0,,,810.0,2
Chili,2016-17,Bagerhat,2019,1149.0,,,463.0,2
Chili,2016-17,Bandarban,2019,841.0,,,668.0,2
Chili,2016-17,Barguna,2019,920.0,,,254.0,2
Chili,2016-17,Barishal,2019,2857.0,,,972.0,2
Chili,2016-17,Bhola,2019,37585.0,,,15695.0,2
Chili,2016-17,Bogura,2019,10588.0,,,6345.0,2
Chili,2016-17,Brahmanbaria,2019,3198.0,,,2120.0,2
Chili,2016-17,Chandpur,2019,5779.0,,,2645.0,2
Chili,2016-17,Chapainababganj,2019,431.0,,,498.0,2
Chili,2016-17,Chattogram,2019,7327.0,,,2747.0,2
Chili,2016-17,Chuadanga,2019,2995.0,,,4618.0,2
Chili,2016-17,Cox's Bazar,2019,1949.0,,,1253.0,2
Chili,2016-17,Cumilla,2019,8490.0,,,4975.0,2
Chili,2016-17,Dhaka,2019,1755.0,,,987.0,2
Chili,2016-17,Dinajpur,2019,3816.0,,,2211.0,2
Chili,2016-17,Faridpur,2019,6856.0,,,7542.0,2
Chili,2016-17,Feni,2019,768.0,,,216.0,2
Chili,2016-17,Gaibandha,2019,1600.0,,,875.0,2
Chili,2016-17,Gazipur,2019,1598.0,,,630.0,2
Chili,2016-17,Gopalganj,2019,900.0,,,897.0,2
Chili,2016-17,Habiganj,2019,777.0,,,755.0,2
Chili,2016-17,Jamalpur,2019,17069.0,,,6337.0,2
Chili,2016-17,Jashore,2019,3526.0,,,1550.0,2
Chili,2016-17,Jhalokati,2019,1319.0,,,401.0,2
Chili,2016-17,Jhenaidah,2019,3309.0,,,1473.0,2
Chili,2016-17,Joypurhat,2019,747.0,,,340.0,2
Chili,2016-17,Khagrachhari,2019,1192.0,,,389.0,2
Chili,2016-17,Khulna,2019,689.0,,,1029.0,2
Chili,2016-17,Kishoreganj,2019,3673.0,,,2509.0,2
Chili,2016-17,Kurigram,2019,1967.0,,,1356.0,2
Chili,2016-17,Kushtia,2019,1934.0,,,1410.0,2
Chili,2016-17,Lakshmipur,2019,4537.0,,,1641.0,2
Chili,2016-17,Lalmonirhat,2019,1856.0,,,888.0,2
Chili,2016-17,Madaripur,2019,1605.0,,,494.0,2
Chili,2016-17,Magura,2019,927.0,,,783.0,2
Chili,2016-17,Manikganj,2019,7432.0,,,3611.0,2
Chili,2016-17,Meherpur,2019,2308.0,,,1179.0,2
Chili,2016-17,Moulvibazar,2019,427.0,,,188.0,2
Chili,2016-17,Munshiganj,2019,1350.0,,,748.0,2
Chili,2016-17,Mymensingh,2019,4367.0,,,2642.0,2
Chili,2016-17,Naogaon,2019,2640.0,,,1758.0,2
Chili,2016-17,Narail,2019,947.0,,,2133.0,2
Chili,2016-17,Narayanganj,2019,726.0,,,295.0,2
Chili,2016-17,Narsingdi,2019,2142.0,,,858.0,2
Chili,2016-17,Natore,2019,1410.0,,,647.0,2
Chili,2016-17,Netrakona,2019,1187.0,,,742.0,2
Chili,2016-17,Nilphamari,2019,5025.0,,,3599.0,2
Chili,2016-17,Noakhali,2019,11226.0,,,3126.0,2
Chili,2016-17,Pabna,2019,8987.0,,,5631.0,2
Chili,2016-17,Panchagarh,2019,14858.0,,,8684.0,2
Chili,2016-17,Patuakhali,2019,2841.0,,,657.0,2
Chili,2016-17,Pirojpur,2019,1030.0,,,373.0,2
Chili,2016-17,Rajbari,2019,4172.0,,,3474.0,2
Chili,2016-17,Rajshahi,2019,2916.0,,,900.0,2
Chili,2016-17,Rangamati,2019,2169.0,,,1139.0,2
Chili,2016-17,Rangpur,2019,3428.0,,,1788.0,2
Chili,2016-17,Satkhira,2019,1244.0,,,1534.0,2
Chili,2016-17,Shariatpur,2019,10766.0,,,6120.0,2
Chili,2016-17,Sherpur,2019,3187.0,,,1292.0,2
Chili,2016-17,Sirajganj,2019,5316.0,,,2960.0,2
Chili,2016-17,Sunamganj,2019,688.0,,,463.0,2
Chili,2016-17,Sylhet,2019,622.0,,,329.0,2
Chili,2016-17,Tangail,2019,3645.0,,,1208.0,2
Chili,2016-17,Thakurgaon,2019,1876.0,,,828.0,2
Chili,2017-18,Bagerhat,2019,1155.0,,,498.0,2
Chili,2017-18,Bandarban,2019,829.0,,,639.0,2
Chili,2017-18,Barguna,2019,934.0,,,334.0,2
Chili,2017-18,Barishal,2019,2911.0,,,993.0,2
Chili,2017-18,Bhola,2019,33453.0,,,13899.0,2
Chili,2017-18,Bogura,2019,10698.0,,,6826.0,2
Chili,2017-18,Brahmanbaria,2019,2951.0,,,1784.0,2
Chili,2017-18,Chandpur,2019,6000.0,,,2800.0,2
Chili,2017-18,Chapainababganj,2019,427.0,,,315.0,2
Chili,2017-18,Chattogram,2019,7313.0,,,2764.0,2
Chili,2017-18,Chuadanga,2019,2966.0,,,4430.0,2
Chili,2017-18,Cox's Bazar,2019,1928.0,,,1220.0,2
Chili,2017-18,Cumilla,2019,8244.0,,,4808.0,2
Chili,2017-18,Dhaka,2019,1945.0,,,1516.0,2
Chili,2017-18,Dinajpur,2019,3867.0,,,2206.0,2
Chili,2017-18,Faridpur,2019,8205.0,,,8385.0,2
Chili,2017-18,Feni,2019,776.0,,,224.0,2
Chili,2017-18,Gaibandha,2019,1872.0,,,1171.0,2
Chili,2017-18,Gazipur,2019,1603.0,,,632.0,2
Chili,2017-18,Gopalganj,2019,851.0,,,767.0,2
Chili,2017-18,Habiganj,2019,741.0,,,666.0,2
Chili,2017-18,Jamalpur,2019,16777.0,,,6719.0,2
Chili,2017-18,Jashore,2019,3509.0,,,1665.0,2
Chili,2017-18,Jhalokati,2019,1289.0,,,481.0,2
Chili,2017-18,Jhenaidah,2019,3214.0,,,2124.0,2
Chili,2017-18,Joypurhat,2019,739.0,,,486.0,2
Chili,2017-18,Khagrachhari,2019,1222.0,,,417.0,2
Chili,2017-18,Khulna,2019,708.0,,,1081.0,2
Chili,2017-18,Kishoreganj,2019,3271.0,,,2439.0,2
Chili,2017-18,Kurigram,2019,1609.0,,,1054.0,2
Chili,2017-18,Kushtia,2019,1981.0,,,2363.0,2
Chili,2017-18,Lakshmipur,2019,4206.0,,,1467.0,2
Chili,2017-18,Lalmonirhat,2019,827.0,,,511.0,2
Chili,2017-18,Madaripur,2019,1628.0,,,729.0,2
Chili,2017-18,Magura,2019,919.0,,,744.0,2
Chili,2017-18,Manikganj,2019,7274.0,,,3588.0,2
Chili,2017-18,Meherpur,2019,2310.0,,,1219.0,2
Chili,2017-18,Moulvibazar,2019,441.0,,,181.0,2
Chili,2017-18,Munshiganj,2019,1132.0,,,663.0,2
Chili,2017-18,Mymensingh,2019,4349.0,,,3145.0,2
Chili,2017-18,Naogaon,2019,2759.0,,,1979.0,2
Chili,2017-18,Narail,2019,947.0,,,1977.0,2
Chili,2017-18,Narayanganj,2019,705.0,,,279.0,2
Chili,2017-18,Narsingdi,2019,2135.0,,,1022.0,2
Chili,2017-18,Natore,2019,1446.0,,,665.0,2
Chili,2017-18,Netrakona,2019,1289.0,,,767.0,2
Chili,2017-18,Nilphamari,2019,5120.0,,,3846.0,2
Chili,2017-18,Noakhali,2019,9615.0,,,3297.0,2
Chili,2017-18,Pabna,2019,8979.0,,,5503.0,2
Chili,2017-18,Panchagarh,2019,14769.0,,,7723.0,2
Chili,2017-18,Patuakhali,2019,2659.0,,,801.0,2
Chili,2017-18,Pirojpur,2019,1019.0,,,412.0,2
Chili,2017-18,Rajbari,2019,3783.0,,,4532.0,2
Chili,2017-18,Rajshahi,2019,3653.0,,,2498.0,2
Chili,2017-18,Rangamati,2019,2177.0,,,1111.0,2
Chili,2017-18,Rangpur,2019,4583.0,,,2338.0,2
Chili,2017-18,Satkhira,2019,1238.0,,,1493.0,2
Chili,2017-18,Shariatpur,2019,10959.0,,,6162.0,2
Chili,2017-18,Sherpur,2019,3258.0,,,1324.0,2
Chili,2017-18,Sirajganj,2019,4737.0,,,2626.0,2
Chili,2017-18,Sunamganj,2019,700.0,,,477.0,2
Chili,2017-18,Sylhet,2019,628.0,,,342.0,2
Chili,2017-18,Tangail,2019,3611.0,,,1195.0,2
Chili,2017-18,Thakurgaon,2019,1905.0,,,855.0,2
Garlic,2014-15,Bagerhat,2019,142.0,,0.39,141.0,1
Garlic,2014-15,Bandarban,2019,69.0,,0.316,69.0,1
Garlic,2014-15,Barguna,2019,55.0,,0.114,57.0,1
Garlic,2014-15,Barishal,2019,349.0,,0.47,332.0,1
Garlic,2014-15,Bhola,2019,1324.0,,3.88,1253.0,1
Garlic,2014-15,Bogura,2019,759.0,,3.296,827.0,1
Garlic,2014-15,Brahmanbaria,2019,916.0,,2.946,864.0,1
Garlic,2014-15,Chandpur,2019,1092.0,,4.431,1095.0,1
Garlic,2014-15,Chapainababganj,2019,6228.0,,27.906,6033.0,1
Garlic,2014-15,Chattogram,2019,120.0,,0.343,123.0,1
Garlic,2014-15,Chuadanga,2019,655.0,,3.838,666.0,1
Garlic,2014-15,Cox's Bazar,2019,72.0,,0.18,26.0,1
Garlic,2014-15,Cumilla,2019,1042.0,,4.772,993.0,1
Garlic,2014-15,Dhaka,2019,1849.0,,14.283,1886.0,1
Garlic,2014-15,Dinajpur,2019,6512.0,,47.803,6969.0,1
Garlic,2014-15,Faridpur,2019,5954.0,,20.263,6155.0,1
Garlic,2014-15,Feni,2019,47.0,,0.082,38.0,1
Garlic,2014-15,Gaibandha,2019,768.0,,2.656,871.0,1
Garlic,2014-15,Gazipur,2019,152.0,,0.675,169.0,1
Garlic,2014-15,Gopalganj,2019,453.0,,2.77,474.0,1
Garlic,2014-15,Habiganj,2019,116.0,,0.655,128.0,1
Garlic,2014-15,Jamalpur,2019,1310.0,,6.531,1303.0,1
Garlic,2014-15,Jashore,2019,1176.0,,8.068,1252.0,1
Garlic,2014-15,Jhalokati,2019,19.0,,0.037,23.0,1
Garlic,2014-15,Jhenaidah,2019,3015.0,,22.319,3618.0,1
Garlic,2014-15,Joypurhat,2019,299.0,,1.787,309.0,1
Garlic,2014-15,Khagrachhari,2019,38.0,,0.084,34.0,1
Garlic,2014-15,Khulna,2019,137.0,,0.576,137.0,1
Garlic,2014-15,Kishoreganj,2019,1147.0,,6.773,1122.0,1
Garlic,2014-15,Kurigram,2019,555.0,,2.086,570.0,1
Garlic,2014-15,Kushtia,2019,3176.0,,20.28,3422.0,1
Garlic,2014-15,Lakshmipur,2019,373.0,,0.479,230.0,1
Garlic,2014-15,Lalmonirhat,2019,561.0,,1.789,570.0,1
Garlic,2014-15,Madaripur,2019,1387.0,,5.901,2006.0,1
Garlic,2014-15,Magura,2019,2452.0,,18.407,2425.0,1
Garlic,2014-15,Manikganj,2019,1436.0,,5.046,1502.0,1
Garlic,2014-15,Meherpur,2019,902.0,,7.648,937.0,1
Garlic,2014-15,Moulvibazar,2019,63.0,,0.497,66.0,1
Garlic,2014-15,Munshiganj,2019,240.0,,0.714,284.0,1
Garlic,2014-15,Mymensingh,2019,1048.0,,5.461,1054.0,1
Garlic,2014-15,Naogaon,2019,2712.0,,16.025,2749.0,1
Garlic,2014-15,Narail,2019,354.0,,2.162,369.0,1
Garlic,2014-15,Narayanganj,2019,174.0,,0.388,173.0,1
Garlic,2014-15,Narsingdi,2019,235.0,,0.628,227.0,1
Garlic,2014-15,Natore,2019,45009.0,,325.021,51814.0,1
Garlic,2014-15,Netrakona,2019,572.0,,2.37,542.0,1
Garlic,2014-15,Nilphamari,2019,889.0,,6.247,888.0,1
Garlic,2014-15,Noakhali,2019,633.0,,1.443,650.0,1
Garlic,2014-15,Pabna,2019,22860.0,,155.924,23732.0,1
Garlic,2014-15,Panchagarh,2019,1379.0,,8.921,1389.0,1
Garlic,2014-15,Patuakhali,2019,384.0,,0.712,379.0,1
Garlic,2014-15,Pirojpur,2019,50.0,,0.124,59.0,1
Garlic,2014-15,Rajbari,2019,10629.0,,62.494,13575.0,1
Garlic,2014-15,Rajshahi,2019,7929.0,,58.731,7789.0,1
Garlic,2014-15,Rangamati,2019,51.0,,0.178,49.0,1
Garlic,2014-15,Rangpur,2019,2153.0,,10.468,2177.0,1
Garlic,2014-15,Satkhira,2019,684.0,,4.048,666.0,1
Garlic,2014-15,Shariatpur,2019,2559.0,,13.554,2572.0,1
Garlic,2014-15,Sherpur,2019,388.0,,1.801,414.0,1
Garlic,2014-15,Sirajganj,2019,1440.0,,6.855,1219.0,1
Garlic,2014-15,Sunamganj,2019,158.0,,0.754,191.0,1
Garlic,2014-15,Sylhet,2019,40.0,,0.106,50.0,1
Garlic,2014-15,Tangail,2019,132.0,,4.557,1329.0,1
Garlic,2014-15,Thakurgaon,2019,695.0,,3.531,698.0,1
Garlic,2015-16,Bagerhat,2019,163.0,,0.373,166.0,1
Garlic,2015-16,Bandarban,2019,129.0,,0.171,132.0,1
Garlic,2015-16,Barguna,2019,47.0,,0.136,47.0,1
Garlic,2015-16,Barishal,2019,190.0,,0.87,289.0,1
Garlic,2015-16,Bhola,2019,1408.0,,3.279,1322.0,1
Garlic,2015-16,Bogura,2019,1452.0,,2.036,1448.0,1
Garlic,2015-16,Brahmanbaria,2019,1121.0,,2.108,1134.0,1
Garlic,2015-16,Chandpur,2019,1792.0,,2.698,1793.0,1
Garlic,2015-16,Chapainababganj,2019,10905.0,,15.143,11059.0,1
Garlic,2015-16,Chattogram,2019,143.0,,0.304,143.0,1
Garlic,2015-16,Chuadanga,2019,1570.0,,1.693,1605.0,1
Garlic,2015-16,Cox's Bazar,2019,18.0,,0.059,30.0,1
Garlic,2015-16,Cumilla,2019,1783.0,,1.806,1359.0,1
Garlic,2015-16,Dhaka,2019,5726.0,,4.584,2468.0,1
Garlic,2015-16,Dinajpur,2019,21066.0,,18.494,22419.0,1
Garlic,2015-16,Faridpur,2019,8969.0,,14.713,8200.0,1
Garlic,2015-16,Feni,2019,25.0,,0.099,27.0,1
Garlic,2015-16,Gaibandha,2019,1195.0,,1.821,1006.0,1
Garlic,2015-16,Gazipur,2019,308.0,,0.885,277.0,1
Garlic,2015-16,Gopalganj,2019,855.0,,1.236,1245.0,1
Garlic,2015-16,Habiganj,2019,280.0,,0.339,310.0,1
Garlic,2015-16,Jamalpur,2019,2595.0,,2.995,2452.0,1
Garlic,2015-16,Jashore,2019,3600.0,,3.101,3657.0,1
Garlic,2015-16,Jhalokati,2019,21.0,,0.054,19.0,1
Garlic,2015-16,Jhenaidah,2019,10502.0,,9.017,10541.0,1
Garlic,2015-16,Joypurhat,2019,743.0,,0.749,736.0,1
Garlic,2015-16,Khagrachhari,2019,30.0,,0.091,35.0,1
Garlic,2015-16,Khulna,2019,230.0,,0.361,245.0,1
Garlic,2015-16,Kishoreganj,2019,2577.0,,2.716,2608.0,1
Garlic,2015-16,Kurigram,2019,883.0,,1.354,786.0,1
Garlic,2015-16,Kushtia,2019,9371.0,,8.55,9676.0,1
Garlic,2015-16,Lakshmipur,2019,198.0,,0.571,199.0,1
Garlic,2015-16,Lalmonirhat,2019,714.0,,1.483,1114.0,1
Garlic,2015-16,Madaripur,2019,4505.0,,10.487,16510.0,1
Garlic,2015-16,Magura,2019,7426.0,,5.894,7294.0,1
Garlic,2015-16,Manikganj,2019,2155.0,,3.689,2117.0,1
Garlic,2015-16,Meherpur,2019,3260.0,,2.313,3262.0,1
Garlic,2015-16,Moulvibazar,2019,206.0,,0.163,107.0,1
Garlic,2015-16,Munshiganj,2019,304.0,,0.66,331.0,1
Garlic,2015-16,Mymensingh,2019,2238.0,,2.525,2160.0,1
Garlic,2015-16,Naogaon,2019,6991.0,,7.067,7227.0,1
Garlic,2015-16,Narail,2019,919.0,,0.966,1006.0,1
Garlic,2015-16,Narayanganj,2019,148.0,,0.428,149.0,1
Garlic,2015-16,Narsingdi,2019,243.0,,2.234,763.0,1
Garlic,2015-16,Natore,2019,156660.0,,142.274,168103.0,1
Garlic,2015-16,Netrakona,2019,887.0,,1.512,1077.0,1
Garlic,2015-16,Nilphamari,2019,2520.0,,1.619,1765.0,1
Garlic,2015-16,Noakhali,2019,1005.0,,1.149,699.0,1
Garlic,2015-16,Pabna,2019,64503.0,,59.198,65853.0,1
Garlic,2015-16,Panchagarh,2019,3654.0,,3.487,3716.0,1
Garlic,2015-16,Patuakhali,2019,283.0,,0.798,312.0,1
Garlic,2015-16,Pirojpur,2019,59.0,,0.151,58.0,1
Garlic,2015-16,Rajbari,2019,33955.0,,35.08,35459.0,1
Garlic,2015-16,Rajshahi,2019,22892.0,,26.849,35632.0,1
Garlic,2015-16,Rangamati,2019,72.0,,0.126,78.0,1
Garlic,2015-16,Rangpur,2019,4307.0,,5.451,4719.0,1
Garlic,2015-16,Satkhira,2019,1671.0,,1.673,1720.0,1
Garlic,2015-16,Shariatpur,2019,5890.0,,6.721,6270.0,1
Garlic,2015-16,Sherpur,2019,777.0,,1.011,759.0,1
Garlic,2015-16,Sirajganj,2019,2533.0,,3.054,2542.0,1
Garlic,2015-16,Sunamganj,2019,377.0,,0.489,392.0,1
Garlic,2015-16,Sylhet,2019,43.0,,0.124,45.0,1
Garlic,2015-16,Tangail,2019,2874.0,,3.222,1830.0,1
Garlic,2015-16,Thakurgaon,2019,1435.0,,1.759,1468.0,1
Gram,2015-16,Bagerhat,2019,10.0,,,4.0,1
Gram,2015-16,Bandarban,2019,6.0,,,3.0,1
Gram,2015-16,Barguna,2019,147.0,,,47.0,1
Gram,2015-16,Barishal,2019,970.0,,,479.0,1
Gram,2015-16,Bhola,2019,256.0,,,215.0,1
Gram,2015-16,Bogura,2019,2.0,,,1.0,1
Gram,2015-16,Brahmanbaria,2019,0.0,,,0.0,1
Gram,2015-16,Chandpur,2019,0.0,,,0.0,1
Gram,2015-16,Chapainababganj,2019,1917.0,,,660.0,1
Gram,2015-16,Chattogram,2019,0.0,,,0.0,1
Gram,2015-16,Chuadanga,2019,105.0,,,38.0,1
Gram,2015-16,Cox's Bazar,2019,0.0,,,0.0,1
Gram,2015-16,Cumilla,2019,0.0,,,0.0,1
Gram,2015-16,Dhaka,2019,5.0,,,1.0,1
Gram,2015-16,Dinajpur,2019,12.0,,,4.0,1
Gram,2015-16,Faridpur,2019,223.0,,,90.0,1
Gram,2015-16,Feni,2019,51.0,,,23.0,1
Gram,2015-16,Gaibandha,2019,60.0,,,35.0,1
Gram,2015-16,Gazipur,2019,48.0,,,19.0,1
Gram,2015-16,Gopalganj,2019,85.0,,,30.0,1
Gram,2015-16,Habiganj,2019,0.0,,,0.0,1
Gram,2015-16,Jamalpur,2019,87.0,,,28.0,1
Gram,2015-16,Jashore,2019,289.0,,,131.0,1
Gram,2015-16,Jhalokati,2019,292.0,,,102.0,1
Gram,2015-16,Jhenaidah,2019,74.0,,,30.0,1
Gram,2015-16,Joypurhat,2019,18.0,,,5.0,1
Gram,2015-16,Khagrachhari,2019,0.0,,,0.0,1
Gram,2015-16,Khulna,2019,3.0,,,1.0,1
Gram,2015-16,Kishoreganj,2019,11.0,,,3.0,1
Gram,2015-16,Kurigram,2019,248.0,,,103.0,1
Gram,2015-16,Kushtia,2019,154.0,,,77.0,1
Gram,2015-16,Lakshmipur,2019,27.0,,,4.0,1
Gram,2015-16,Lalmonirhat,2019,12.0,,,7.0,1
Gram,2015-16,Madaripur,2019,1471.0,,,540.0,1
Gram,2015-16,Magura,2019,367.0,,,112.0,1
Gram,2015-16,Manikganj,2019,5.0,,,2.0,1
Gram,2015-16,Meherpur,2019,20.0,,,7.0,1
Gram,2015-16,Moulvibazar,2019,0.0,,,0.0,1
Gram,2015-16,Munshiganj,2019,0.0,,,0.0,1
Gram,2015-16,Mymensingh,2019,220.0,,,137.0,1
Gram,2015-16,Naogaon,2019,252.0,,,97.0,1
Gram,2015-16,Narail,2019,535.0,,,248.0,1
Gram,2015-16,Narayanganj,2019,19.0,,,9.0,1
Gram,2015-16,Narsingdi,2019,5.0,,,2.0,1
Gram,2015-16,Natore,2019,61.0,,,23.0,1
Gram,2015-16,Netrakona,2019,0.0,,,0.0,1
Gram,2015-16,Nilphamari,2019,18.0,,,9.0,1
Gram,2015-16,Noakhali,2019,127.0,,,49.0,1
Gram,2015-16,Pabna,2019,127.0,,,78.0,1
Gram,2015-16,Panchagarh,2019,39.0,,,12.0,1
Gram,2015-16,Patuakhali,2019,1197.0,,,359.0,1
Gram,2015-16,Pirojpur,2019,0.0,,,0.0,1
Gram,2015-16,Rajbari,2019,479.0,,,154.0,1
Gram,2015-16,Rajshahi,2019,4395.0,,,2133.0,1
Gram,2015-16,Rangamati,2019,0.0,,,0.0,1
Gram,2015-16,Rangpur,2019,28.0,,,16.0,1
Gram,2015-16,Satkhira,2019,4.0,,,1.0,1
Gram,2015-16,Shariatpur,2019,350.0,,,172.0,1
Gram,2015-16,Sherpur,2019,29.0,,,13.0,1
Gram,2015-16,Sirajganj,2019,64.0,,,26.0,1
Gram,2015-16,Sunamganj,2019,0.0,,,0.0,1
Gram,2015-16,Sylhet,2019,0.0,,,0.0,1
Gram,2015-16,Tangail,2019,3.0,,,1.0,1
Gram,2015-16,Thakurgaon,2019,99.0,,,42.0,1
Gram,2016-17,Bagerhat,2019,11.0,,,5.0,1
Gram,2016-17,Bandarban,2019,6.0,,,3.0,1
Gram,2016-17,Barguna,2019,137.0,,,43.0,1
Gram,2016-17,Barishal,2019,995.0,,,385.0,1
Gram,2016-17,Bhola,2019,531.0,,,307.0,1
Gram,2016-17,Bogura,2019,26.0,,,10.0,1
Gram,2016-17,Brahmanbaria,2019,0.0,,,0.0,1
Gram,2016-17,Chandpur,2019,0.0,,,0.0,1
Gram,2016-17,Chapainababganj,2019,1910.0,,,665.0,1
Gram,2016-17,Chattogram,2019,73.0,,,25.0,1
Gram,2016-17,Chuadanga,2019,103.0,,,39.0,1
Gram,2016-17,Cox's Bazar,2019,0.0,,,0.0,1
Gram,2016-17,Cumilla,2019,0.0,,,0.0,1
Gram,2016-17,Dhaka,2019,5.0,,,1.0,1
Gram,2016-17,Dinajpur,2019,12.0,,,4.0,1
Gram,2016-17,Faridpur,2019,236.0,,,103.0,1
Gram,2016-17,Feni,2019,45.0,,,22.0,1
Gram,2016-17,Gaibandha,2019,49.0,,,26.0,1
Gram,2016-17,Gazipur,2019,46.0,,,18.0,1
Gram,2016-17,Gopalganj,2019,92.0,,,41.0,1
Gram,2016-17,Habiganj,2019,3.0,,,1.0,1
Gram,2016-17,Jamalpur,2019,83.0,,,29.0,1
Gram,2016-17,Jashore,2019,287.0,,,133.0,1
Gram,2016-17,Jhalokati,2019,236.0,,,82.0,1
Gram,2016-17,Jhenaidah,2019,81.0,,,36.0,1
Gram,2016-17,Joypurhat,2019,0.0,,,0.0,1
Gram,2016-17,Khagrachhari,2019,0.0,,,0.0,1
Gram,2016-17,Khulna,2019,3.0,,,1.0,1
Gram,2016-17,Kishoreganj,2019,10.0,,,3.0,1
Gram,2016-17,Kurigram,2019,254.0,,,105.0,1
Gram,2016-17,Kushtia,2019,103.0,,,39.0,1
Gram,2016-17,Lakshmipur,2019,22.0,,,4.0,1
Gram,2016-17,Lalmonirhat,2019,14.0,,,8.0,1
Gram,2016-17,Madaripur,2019,1409.0,,,511.0,1
Gram,2016-17,Magura,2019,402.0,,,134.0,1
Gram,2016-17,Manikganj,2019,4.0,,,2.0,1
Gram,2016-17,Meherpur,2019,20.0,,,7.0,1
Gram,2016-17,Moulvibazar,2019,2.0,,,1.0,1
Gram,2016-17,Munshiganj,2019,0.0,,,0.0,1
Gram,2016-17,Mymensingh,2019,217.0,,,134.0,1
Gram,2016-17,Naogaon,2019,226.0,,,86.0,1
Gram,2016-17,Narail,2019,360.0,,,200.0,1
Gram,2016-17,Narayanganj,2019,19.0,,,9.0,1
Gram,2016-17,Narsingdi,2019,4.0,,,2.0,1
Gram,2016-17,Natore,2019,49.0,,,21.0,1
Gram,2016-17,Netrakona,2019,0.0,,,0.0,1
Gram,2016-17,Nilphamari,2019,2.0,,,1.0,1
Gram,2016-17,Noakhali,2019,162.0,,,61.0,1
Gram,2016-17,Pabna,2019,152.0,,,94.0,1
Gram,2016-17,Panchagarh,2019,37.0,,,11.0,1
Gram,2016-17,Patuakhali,2019,1177.0,,,333.0,1
Gram,2016-17,Pirojpur,2019,0.0,,,0.0,1
Gram,2016-17,Rajbari,2019,391.0,,,143.0,1
Gram,2016-17,Rajshahi,2019,4022.0,,,2067.0,1
Gram,2016-17,Rangamati,2019,0.0,,,0.0,1
Gram,2016-17,Rangpur,2019,26.0,,,15.0,1
Gram,2016-17,Satkhira,2019,3.0,,,1.0,1
Gram,2016-17,Shariatpur,2019,351.0,,,172.0,1
Gram,2016-17,Sherpur,2019,34.0,,,16.0,1
Gram,2016-17,Sirajganj,2019,72.0,,,29.0,1
Gram,2016-17,Sunamganj,2019,0.0,,,0.0,1
Gram,2016-17,Sylhet,2019,0.0,,,0.0,1
Gram,2016-17,Tangail,2019,3.0,,,1.0,1
Gram,2016-17,Thakurgaon,2019,98.0,,,48.0,1
Gram,2017-18,Bagerhat,2019,8.0,,,3.0,1
Gram,2017-18,Bandarban,2019,6.0,,,3.0,1
Gram,2017-18,Barguna,2019,89.0,,,29.0,1
Gram,2017-18,Barishal,2019,988.0,,,385.0,1
Gram,2017-18,Bhola,2019,275.0,,,132.0,1
Gram,2017-18,Bogura,2019,26.0,,,11.0,1
Gram,2017-18,Brahmanbaria,2019,0.0,,,0.0,1
Gram,2017-18,Chandpur,2019,0.0,,,0.0,1
Gram,2017-18,Chapainababganj,2019,1697.0,,,412.0,1
Gram,2017-18,Chattogram,2019,73.0,,,25.0,1
Gram,2017-18,Chuadanga,2019,113.0,,,39.0,1
Gram,2017-18,Cox's Bazar,2019,0.0,,,0.0,1
Gram,2017-18,Cumilla,2019,0.0,,,0.0,1
Gram,2017-18,Dhaka,2019,6.0,,,2.0,1
Gram,2017-18,Dinajpur,2019,13.0,,,4.0,1
Gram,2017-18,Faridpur,2019,343.0,,,119.0,1
Gram,2017-18,Feni,2019,47.0,,,25.0,1
Gram,2017-18,Gaibandha,2019,27.0,,,16.0,1
Gram,2017-18,Gazipur,2019,48.0,,,19.0,1
Gram,2017-18,Gopalganj,2019,105.0,,,38.0,1
Gram,2017-18,Habiganj,2019,0.0,,,0.0,1
Gram,2017-18,Jamalpur,2019,83.0,,,29.0,1
Gram,2017-18,Jashore,2019,258.0,,,115.0,1
Gram,2017-18,Jhalokati,2019,245.0,,,87.0,1
Gram,2017-18,Jhenaidah,2019,78.0,,,37.0,1
Gram,2017-18,Joypurhat,2019,0.0,,,0.0,1
Gram,2017-18,Khagrachhari,2019,0.0,,,0.0,1
Gram,2017-18,Khulna,2019,3.0,,,1.0,1
Gram,2017-18,Kishoreganj,2019,8.0,,,2.0,1
Gram,2017-18,Kurigram,2019,243.0,,,95.0,1
Gram,2017-18,Kushtia,2019,150.0,,,73.0,1
Gram,2017-18,Lakshmipur,2019,22.0,,,4.0,1
Gram,2017-18,Lalmonirhat,2019,9.0,,,6.0,1
Gram,2017-18,Madaripur,2019,1289.0,,,453.0,1
Gram,2017-18,Magura,2019,383.0,,,116.0,1
Gram,2017-18,Manikganj,2019,4.0,,,1.0,1
Gram,2017-18,Meherpur,2019,21.0,,,7.0,1
Gram,2017-18,Moulvibazar,2019,3.0,,,4.0,1
Gram,2017-18,Munshiganj,2019,0.0,,,0.0,1
Gram,2017-18,Mymensingh,2019,51.0,,,24.0,1
Gram,2017-18,Naogaon,2019,225.0,,,86.0,1
Gram,2017-18,Narail,2019,360.0,,,150.0,1
Gram,2017-18,Narayanganj,2019,19.0,,,9.0,1
Gram,2017-18,Narsingdi,2019,5.0,,,1.0,1
Gram,2017-18,Natore,2019,49.0,,,21.0,1
Gram,2017-18,Netrakona,2019,0.0,,,0.0,1
Gram,2017-18,Nilphamari,2019,0.0,,,0.0,1
Gram,2017-18,Noakhali,2019,283.0,,,109.0,1
Gram,2017-18,Pabna,2019,158.0,,,100.0,1
Gram,2017-18,Panchagarh,2019,38.0,,,11.0,1
Gram,2017-18,Patuakhali,2019,945.0,,,367.0,1
Gram,2017-18,Pirojpur,2019,0.0,,,0.0,1
Gram,2017-18,Rajbari,2019,58.0,,,28.0,1
Gram,2017-18,Rajshahi,2019,3033.0,,,1502.0,1
Gram,2017-18,Rangamati,2019,0.0,,,0.0,1
Gram,2017-18,Rangpur,2019,23.0,,,12.0,1
Gram,2017-18,Satkhira,2019,2.0,,,1.0,1
Gram,2017-18,Shariatpur,2019,322.0,,,171.0,1
Gram,2017-18,Sherpur,2019,38.0,,,18.0,1
Gram,2017-18,Sirajganj,2019,72.0,,,29.0,1
Gram,2017-18,Sunamganj,2019,0.0,,,0.0,1
Gram,2017-18,Sylhet,2019,0.0,,,0.0,1
Gram,2017-18,Tangail,2019,3.0,,,1.0,1
Gram,2017-18,Thakurgaon,2019,74.0,,,32.0,1
Groundnut,2015-16,Bagerhat,2019,39.0,,,25.0,1
Groundnut,2015-16,Bandarban,2019,177.0,,,118.0,1
Groundnut,2015-16,Barguna,2019,175.0,,,168.0,1
Groundnut,2015-16,Barishal,2019,29.0,,,22.0,1
Groundnut,2015-16,Bhola,2019,3467.0,,,2689.0,1
Groundnut,2015-16,Bogura,2019,1596.0,,,851.0,1
Groundnut,2015-16,Brahmanbaria,2019,336.0,,,204.0,1
Groundnut,2015-16,Chandpur,2019,278.0,,,154.0,1
Groundnut,2015-16,Chapainababganj,2019,0.0,,,0.0,1
Groundnut,2015-16,Chattogram,2019,1608.0,,,1386.0,1
Groundnut,2015-16,Chuadanga,2019,132.0,,,95.0,1
Groundnut,2015-16,Cox's Bazar,2019,1054.0,,,1213.0,1
Groundnut,2015-16,Cumilla,2019,576.0,,,560.0,1
Groundnut,2015-16,Dhaka,2019,726.0,,,441.0,1
Groundnut,2015-16,Dinajpur,2019,98.0,,,52.0,1
Groundnut,2015-16,Faridpur,2019,5509.0,,,6182.0,1
Groundnut,2015-16,Feni,2019,798.0,,,545.0,1
Groundnut,2015-16,Gaibandha,2019,1273.0,,,1085.0,1
Groundnut,2015-16,Gazipur,2019,263.0,,,124.0,1
Groundnut,2015-16,Gopalganj,2019,1811.0,,,1708.0,1
Groundnut,2015-16,Habiganj,2019,216.0,,,80.0,1
Groundnut,2015-16,Jamalpur,2019,1387.0,,,1314.0,1
Groundnut,2015-16,Jashore,2019,17.0,,,8.0,1
Groundnut,2015-16,Jhalokati,2019,17.0,,,5.0,1
Groundnut,2015-16,Jhenaidah,2019,714.0,,,846.0,1
Groundnut,2015-16,Joypurhat,2019,0.0,,,0.0,1
Groundnut,2015-16,Khagrachhari,2019,101.0,,,117.0,1
Groundnut,2015-16,Khulna,2019,0.0,,,0.0,1
Groundnut,2015-16,Kishoreganj,2019,2099.0,,,1807.0,1
Groundnut,2015-16,Kurigram,2019,3335.0,,,1847.0,1
Groundnut,2015-16,Kushtia,2019,610.0,,,363.0,1
Groundnut,2015-16,Lakshmipur,2019,6416.0,,,3111.0,1
Groundnut,2015-16,Lalmonirhat,2019,2891.0,,,2383.0,1
Groundnut,2015-16,Madaripur,2019,466.0,,,294.0,1
Groundnut,2015-16,Magura,2019,73.0,,,144.0,1
Groundnut,2015-16,Manikganj,2019,3557.0,,,2088.0,1
Groundnut,2015-16,Meherpur,2019,0.0,,,0.0,1
Groundnut,2015-16,Moulvibazar,2019,25.0,,,12.0,1
Groundnut,2015-16,Munshiganj,2019,199.0,,,153.0,1
Groundnut,2015-16,Mymensingh,2019,833.0,,,474.0,1
Groundnut,2015-16,Naogaon,2019,49.0,,,29.0,1
Groundnut,2015-16,Narail,2019,1125.0,,,1085.0,1
Groundnut,2015-16,Narayanganj,2019,542.0,,,328.0,1
Groundnut,2015-16,Narsingdi,2019,690.0,,,355.0,1
Groundnut,2015-16,Natore,2019,1199.0,,,626.0,1
Groundnut,2015-16,Netrakona,2019,161.0,,,166.0,1
Groundnut,2015-16,Nilphamari,2019,294.0,,,155.0,1
Groundnut,2015-16,Noakhali,2019,6778.0,,,3284.0,1
Groundnut,2015-16,Pabna,2019,1207.0,,,988.0,1
Groundnut,2015-16,Panchagarh,2019,22403.0,,,15172.0,1
Groundnut,2015-16,Patuakhali,2019,1187.0,,,474.0,1
Groundnut,2015-16,Pirojpur,2019,10.0,,,6.0,1
Groundnut,2015-16,Rajbari,2019,910.0,,,916.0,1
Groundnut,2015-16,Rajshahi,2019,188.0,,,152.0,1
Groundnut,2015-16,Rangamati,2019,67.0,,,34.0,1
Groundnut,2015-16,Rangpur,2019,229.0,,,150.0,1
Groundnut,2015-16,Satkhira,2019,0.0,,,0.0,1
Groundnut,2015-16,Shariatpur,2019,741.0,,,905.0,1
Groundnut,2015-16,Sherpur,2019,116.0,,,106.0,1
Groundnut,2015-16,Sirajganj,2019,1558.0,,,983.0,1
Groundnut,2015-16,Sunamganj,2019,2524.0,,,1774.0,1
Groundnut,2015-16,Sylhet,2019,31.0,,,25.0,1
Groundnut,2015-16,Tangail,2019,3203.0,,,1799.0,1
Groundnut,2015-16,Thakurgaon,2019,132.0,,,84.0,1
Groundnut,2016-17,Bagerhat,2019,47.0,,,30.0,1
Groundnut,2016-17,Bandarban,2019,182.0,,,120.0,1
Groundnut,2016-17,Barguna,2019,182.0,,,120.0,1
Groundnut,2016-17,Barishal,2019,30.0,,,24.0,1
Groundnut,2016-17,Bhola,2019,5606.0,,,4100.0,1
Groundnut,2016-17,Bogura,2019,1484.0,,,796.0,1
Groundnut,2016-17,Brahmanbaria,2019,319.0,,,198.0,1
Groundnut,2016-17,Chandpur,2019,264.0,,,154.0,1
Groundnut,2016-17,Chapainababganj,2019,0.0,,,0.0,1
Groundnut,2016-17,Chattogram,2019,2136.0,,,1908.0,1
Groundnut,2016-17,Chuadanga,2019,146.0,,,96.0,1
Groundnut,2016-17,Cox's Bazar,2019,1065.0,,,1243.0,1
Groundnut,2016-17,Cumilla,2019,530.0,,,531.0,1
Groundnut,2016-17,Dhaka,2019,541.0,,,327.0,1
Groundnut,2016-17,Dinajpur,2019,81.0,,,46.0,1
Groundnut,2016-17,Faridpur,2019,5316.0,,,5883.0,1
Groundnut,2016-17,Feni,2019,596.0,,,411.0,1
Groundnut,2016-17,Gaibandha,2019,1299.0,,,1270.0,1
Groundnut,2016-17,Gazipur,2019,190.0,,,122.0,1
Groundnut,2016-17,Gopalganj,2019,2009.0,,,1762.0,1
Groundnut,2016-17,Habiganj,2019,212.0,,,656.0,1
Groundnut,2016-17,Jamalpur,2019,133.0,,,1321.0,1
Groundnut,2016-17,Jashore,2019,17.0,,,9.0,1
Groundnut,2016-17,Jhalokati,2019,39.0,,,18.0,1
Groundnut,2016-17,Jhenaidah,2019,715.0,,,851.0,1
Groundnut,2016-17,Joypurhat,2019,0.0,,,0.0,1
Groundnut,2016-17,Khagrachhari,2019,108.0,,,120.0,1
Groundnut,2016-17,Khulna,2019,0.0,,,0.0,1
Groundnut,2016-17,Kishoreganj,2019,2045.0,,,1776.0,1
Groundnut,2016-17,Kurigram,2019,3406.0,,,2158.0,1
Groundnut,2016-17,Kushtia,2019,601.0,,,364.0,1
Groundnut,2016-17,Lakshmipur,2019,6269.0,,,3084.0,1
Groundnut,2016-17,Lalmonirhat,2019,2853.0,,,2447.0,1
Groundnut,2016-17,Madaripur,2019,480.0,,,327.0,1
Groundnut,2016-17,Magura,2019,80.0,,,139.0,1
Groundnut,2016-17,Manikganj,2019,2468.0,,,1405.0,1
Groundnut,2016-17,Meherpur,2019,5.0,,,2.0,1
Groundnut,2016-17,Moulvibazar,2019,27.0,,,481.0,1
Groundnut,2016-17,Munshiganj,2019,189.0,,,113.0,1
Groundnut,2016-17,Mymensingh,2019,835.0,,,503.0,1
Groundnut,2016-17,Naogaon,2019,185.0,,,127.0,1
Groundnut,2016-17,Narail,2019,1133.0,,,1101.0,1
Groundnut,2016-17,Narayanganj,2019,529.0,,,301.0,1
Groundnut,2016-17,Narsingdi,2019,680.0,,,350.0,1
Groundnut,2016-17,Natore,2019,1216.0,,,642.0,1
Groundnut,2016-17,Netrakona,2019,173.0,,,178.0,1
Groundnut,2016-17,Nilphamari,2019,312.0,,,166.0,1
Groundnut,2016-17,Noakhali,2019,9372.0,,,4394.0,1
Groundnut,2016-17,Pabna,2019,1453.0,,,1202.0,1
Groundnut,2016-17,Panchagarh,2019,22088.0,,,15036.0,1
Groundnut,2016-17,Patuakhali,2019,1198.0,,,489.0,1
Groundnut,2016-17,Pirojpur,2019,12.0,,,8.0,1
Groundnut,2016-17,Rajbari,2019,886.0,,,876.0,1
Groundnut,2016-17,Rajshahi,2019,217.0,,,176.0,1
Groundnut,2016-17,Rangamati,2019,77.0,,,46.0,1
Groundnut,2016-17,Rangpur,2019,214.0,,,143.0,1
Groundnut,2016-17,Satkhira,2019,0.0,,,0.0,1
Groundnut,2016-17,Shariatpur,2019,661.0,,,661.0,1
Groundnut,2016-17,Sherpur,2019,105.0,,,116.0,1
Groundnut,2016-17,Sirajganj,2019,2285.0,,,1539.0,1
Groundnut,2016-17,Sunamganj,2019,2492.0,,,859.0,1
Groundnut,2016-17,Sylhet,2019,32.0,,,844.0,1
Groundnut,2016-17,Tangail,2019,3226.0,,,1812.0,1
Groundnut,2016-17,Thakurgaon,2019,137.0,,,79.0,1
Groundnut,2017-18,Bagerhat,2019,48.0,,,31.0,1
Groundnut,2017-18,Bandarban,2019,186.0,,,123.0,1
Groundnut,2017-18,Barguna,2019,172.0,,,165.0,1
Groundnut,2017-18,Barishal,2019,38.0,,,32.0,1
Groundnut,2017-18,Bhola,2019,4579.0,,,3447.0,1
Groundnut,2017-18,Bogura,2019,1550.0,,,810.0,1
Groundnut,2017-18,Brahmanbaria,2019,367.0,,,337.0,1
Groundnut,2017-18,Chandpur,2019,264.0,,,154.0,1
Groundnut,2017-18,Chapainababganj,2019,0.0,,,0.0,1
Groundnut,2017-18,Chattogram,2019,2130.0,,,1900.0,1
Groundnut,2017-18,Chuadanga,2019,148.0,,,99.0,1
Groundnut,2017-18,Cox's Bazar,2019,1062.0,,,1239.0,1
Groundnut,2017-18,Cumilla,2019,225.0,,,101.0,1
Groundnut,2017-18,Dhaka,2019,494.0,,,309.0,1
Groundnut,2017-18,Dinajpur,2019,61.0,,,35.0,1
Groundnut,2017-18,Faridpur,2019,13193.0,,,11710.0,1
Groundnut,2017-18,Feni,2019,596.0,,,411.0,1
Groundnut,2017-18,Gaibandha,2019,1751.0,,,1613.0,1
Groundnut,2017-18,Gazipur,2019,245.0,,,107.0,1
Groundnut,2017-18,Gopalganj,2019,66.0,,,54.0,1
Groundnut,2017-18,Habiganj,2019,150.0,,,90.0,1
Groundnut,2017-18,Jamalpur,2019,1335.0,,,1321.0,1
Groundnut,2017-18,Jashore,2019,16.0,,,8.0,1
Groundnut,2017-18,Jhalokati,2019,40.0,,,20.0,1
Groundnut,2017-18,Jhenaidah,2019,757.0,,,856.0,1
Groundnut,2017-18,Joypurhat,2019,0.0,,,0.0,1
Groundnut,2017-18,Khagrachhari,2019,115.0,,,128.0,1
Groundnut,2017-18,Khulna,2019,0.0,,,0.0,1
Groundnut,2017-18,Kishoreganj,2019,1969.0,,,1736.0,1
Groundnut,2017-18,Kurigram,2019,2743.0,,,1698.0,1
Groundnut,2017-18,Kushtia,2019,618.0,,,376.0,1
Groundnut,2017-18,Lakshmipur,2019,6296.0,,,3086.0,1
Groundnut,2017-18,Lalmonirhat,2019,2109.0,,,1604.0,1
Groundnut,2017-18,Madaripur,2019,493.0,,,215.0,1
Groundnut,2017-18,Magura,2019,85.0,,,154.0,1
Groundnut,2017-18,Manikganj,2019,1920.0,,,1075.0,1
Groundnut,2017-18,Meherpur,2019,0.0,,,0.0,1
Groundnut,2017-18,Moulvibazar,2019,49.0,,,24.0,1
Groundnut,2017-18,Munshiganj,2019,163.0,,,114.0,1
Groundnut,2017-18,Mymensingh,2019,611.0,,,299.0,1
Groundnut,2017-18,Naogaon,2019,288.0,,,192.0,1
Groundnut,2017-18,Narail,2019,1152.0,,,1108.0,1
Groundnut,2017-18,Narayanganj,2019,533.0,,,282.0,1
Groundnut,2017-18,Narsingdi,2019,752.0,,,488.0,1
Groundnut,2017-18,Natore,2019,1226.0,,,653.0,1
Groundnut,2017-18,Netrakona,2019,185.0,,,181.0,1
Groundnut,2017-18,Nilphamari,2019,230.0,,,135.0,1
Groundnut,2017-18,Noakhali,2019,9450.0,,,4590.0,1
Groundnut,2017-18,Pabna,2019,1467.0,,,1229.0,1
Groundnut,2017-18,Panchagarh,2019,22421.0,,,15694.0,1
Groundnut,2017-18,Patuakhali,2019,648.0,,,345.0,1
Groundnut,2017-18,Pirojpur,2019,13.0,,,9.0,1
Groundnut,2017-18,Rajbari,2019,889.0,,,847.0,1
Groundnut,2017-18,Rajshahi,2019,256.0,,,229.0,1
Groundnut,2017-18,Rangamati,2019,52.0,,,30.0,1
Groundnut,2017-18,Rangpur,2019,218.0,,,130.0,1
Groundnut,2017-18,Satkhira,2019,0.0,,,0.0,1
Groundnut,2017-18,Shariatpur,2019,668.0,,,666.0,1
Groundnut,2017-18,Sherpur,2019,0.0,,,0.0,1
Groundnut,2017-18,Sirajganj,2019,1141.0,,,836.0,1
Groundnut,2017-18,Sunamganj,2019,2501.0,,,1867.0,1
Groundnut,2017-18,Sylhet,2019,43.0,,,35.0,1
Groundnut,2017-18,Tangail,2019,3172.0,,,1773.0,1
Groundnut,2017-18,Thakurgaon,2019,59.0,,,28.0,1
Jute,2017-18,Bagerhat,2019,2887.0,1168.0,1.968,2299.6,1
Jute,2017-18,Bandarban,2019,0.0,0.0,0.0,0.0,1
Jute,2017-18,Barguna,2019,0.0,0.0,0.0,0.0,1
Jute,2017-18,Barishal,2019,19583.0,7925.0,2.013,15953.7,1
Jute,2017-18,Bhola,2019,0.0,0.0,0.0,0.0,1
Jute,2017-18,Bogura,2019,34082.0,13792.0,2.322,32032.3,1
Jute,2017-18,Brahmanbaria,2019,7443.0,3012.0,2.188,6590.3,1
Jute,2017-18,Chandpur,2019,10617.0,4296.0,1.861,7994.4,1
Jute,2017-18,Chapainababganj,2019,2070.0,838.0,1.793,1502.3,1
Jute,2017-18,Chattogram,2019,0.0,0.0,0.0,0.0,1
Jute,2017-18,Chuadanga,2019,59114.0,23922.0,2.345,56095.1,1
Jute,2017-18,Cumilla,2019,1064.0,431.0,1.704,733.6,1
Jute,2017-18,Dhaka,2019,13380.0,5415.0,1.829,9904.8,1
Jute,2017-18,Dinajpur,2019,25267.0,10225.0,2.134,21822.0,1
Jute,2017-18,Faridpur,2019,190556.0,77114.0,1.802,138989.4,1
Jute,2017-18,Feni,2019,0.0,0.0,0.0,0.0,1
Jute,2017-18,Gaibandha,2019,33551.0,13577.0,2.206,29950.5,1
Jute,2017-18,Gazipur,2019,1781.0,721.0,1.628,1173.0,1
Jute,2017-18,Gopalganj,2019,60367.0,24429.0,1.695,41402.2,1
Jute,2017-18,Habiganj,2019,700.0,283.0,1.807,511.8,1
Jute,2017-18,Jamalpur,2019,110512.0,44722.0,1.91,85418.5,1
Jute,2017-18,Jashore,2019,67687.0,27391.0,2.287,62633.8,1
Jute,2017-18,Jhalokati,2019,0.0,0.0,0.0,0.0,1
Jute,2017-18,Jhenaidah,2019,56220.0,22751.0,2.336,53144.9,1
Jute,2017-18,Joypurhat,2019,3396.0,1374.0,2.327,3197.9,1
Jute,2017-18,Khagrachhari,2019,0.0,0.0,0.0,0.0,1
Jute,2017-18,Khulna,2019,5374.0,2175.0,2.076,4514.6,1
Jute,2017-18,Kishoreganj,2019,30935.0,12519.0,1.708,21384.9,1
Jute,2017-18,Kurigram,2019,41873.0,16945.0,2.049,34720.4,1
Jute,2017-18,Kushtia,2019,97181.0,39327.0,2.161,84988.7,1
Jute,2017-18,Lakshmipur,2019,0.0,0.0,0.0,0.0,1
Jute,2017-18,Lalmonirhat,2019,9736.0,3940.0,2.318,9132.8,1
Jute,2017-18,Madaripur,2019,75545.0,30571.0,1.982,60584.4,1
Jute,2017-18,Magura,2019,94475.0,38232.0,1.941,74222.9,1
Jute,2017-18,Manikganj,2019,13359.0,5406.0,1.663,8992.5,1
Jute,2017-18,Meherpur,2019,60633.0,24537.0,2.309,56656.5,1
Jute,2017-18,Moulvibazar,2019,0.0,0.0,0.0,0.0,1
Jute,2017-18,Munshiganj,2019,8391.0,3396.0,1.444,4902.3,1
Jute,2017-18,Mymensingh,2019,21455.0,8682.0,1.663,14442.3,1
Jute,2017-18,Naogaon,2019,16297.0,6595.0,2.269,14962.1,1
Jute,2017-18,Narail,2019,53703.0,21732.0,2.085,45309.0,1
Jute,2017-18,Narayanganj,2019,1071.0,433.0,1.637,709.2,1
Jute,2017-18,Narsingdi,2019,8235.0,3333.0,1.892,6305.4,1
Jute,2017-18,Natore,2019,38021.0,15386.0,2.085,32078.2,1
Jute,2017-18,Netrakona,2019,13921.0,5634.0,1.699,9573.0,1
Jute,2017-18,Nilphamari,2019,22149.0,8963.0,1.946,17441.3,1
Jute,2017-18,Noakhali,2019,0.0,0.0,0.0,0.0,1
Jute,2017-18,Pabna,2019,91997.0,37229.0,2.318,86297.2,1
Jute,2017-18,Panchagarh,2019,23951.0,9692.0,1.91,18512.5,1
Jute,2017-18,Patuakhali,2019,0.0,0.0,0.0,0.0,1
Jute,2017-18,Pirojpur,2019,914.0,370.0,1.09,403.0,1
Jute,2017-18,Rajbari,2019,109474.0,44302.0,2.071,91766.9,1
Jute,2017-18,Rajshahi,2019,31405.0,12709.0,2.282,29003.4,1
Jute,2017-18,Rangamati,2019,0.0,0.0,0.0,0.0,1
Jute,2017-18,Rangpur,2019,29034.0,11749.0,2.26,26550.3,1
Jute,2017-18,Satkhira,2019,27291.0,11044.0,1.905,21044.7,1
Jute,2017-18,Shariatpur,2019,63202.0,25576.0,1.856,47474.9,1
Jute,2017-18,Sherpur,2019,11234.0,4546.0,1.923,8744.3,1
Jute,2017-18,Sirajganj,2019,48746.0,19726.0,1.892,37323.7,1
Jute,2017-18,Sunamganj,2019,2294.0,928.0,1.78,1652.4,1
Jute,2017-18,Sylhet,2019,18.0,7.0,1.681,12.3,1
Jute,2017-18,Tangail,2019,48350.0,19566.0,1.834,35880.1,1
Jute,2017-18,Thakurgaon,2019,22563.0,9131.0,2.121,19363.8,1
Lentil,2015-16,Bagerhat,2019,1545.0,,,507.0,1
Lentil,2015-16,Bandarban,2019,28.0,,,10.0,1
Lentil,2015-16,Barguna,2019,152.0,,,97.0,1
Lentil,2015-16,Barishal,2019,4044.0,,,1568.0,1
Lentil,2015-16,Bhola,2019,1924.0,,,1134.0,1
Lentil,2015-16,Bogura,2019,1168.0,,,468.0,1
Lentil,2015-16,Brahmanbaria,2019,3037.0,,,624.0,1
Lentil,2015-16,Chandpur,2019,668.0,,,318.0,1
Lentil,2015-16,Chapainababganj,2019,666.0,,,414.0,1
Lentil,2015-16,Chattogram,2019,198.0,,,43.0,1
Lentil,2015-16,Chuadanga,2019,4350.0,,,1686.0,1
Lentil,2015-16,Cox's Bazar,2019,0.0,,,0.0,1
Lentil,2015-16,Cumilla,2019,1580.0,,,608.0,1
Lentil,2015-16,Dhaka,2019,810.0,,,250.0,1
Lentil,2015-16,Dinajpur,2019,245.0,,,82.0,1
Lentil,2015-16,Faridpur,2019,33145.0,,,14745.0,1
Lentil,2015-16,Feni,2019,3108.0,,,968.0,1
Lentil,2015-16,Gaibandha,2019,1462.0,,,1223.0,1
Lentil,2015-16,Gazipur,2019,206.0,,,74.0,1
Lentil,2015-16,Gopalganj,2019,10694.0,,,4294.0,1
Lentil,2015-16,Habiganj,2019,219.0,,,86.0,1
Lentil,2015-16,Jamalpur,2019,1153.0,,,355.0,1
Lentil,2015-16,Jashore,2019,28003.0,,,11455.0,1
Lentil,2015-16,Jhalokati,2019,718.0,,,262.0,1
Lentil,2015-16,Jhenaidah,2019,31145.0,,,12826.0,1
Lentil,2015-16,Joypurhat,2019,341.0,,,154.0,1
Lentil,2015-16,Khagrachhari,2019,70.0,,,13.0,1
Lentil,2015-16,Khulna,2019,265.0,,,87.0,1
Lentil,2015-16,Kishoreganj,2019,318.0,,,108.0,1
Lentil,2015-16,Kurigram,2019,1599.0,,,616.0,1
Lentil,2015-16,Kushtia,2019,17557.0,,,9696.0,1
Lentil,2015-16,Lakshmipur,2019,82.0,,,15.0,1
Lentil,2015-16,Lalmonirhat,2019,109.0,,,46.0,1
Lentil,2015-16,Madaripur,2019,12375.0,,,5039.0,1
Lentil,2015-16,Magura,2019,44022.0,,,15964.0,1
Lentil,2015-16,Manikganj,2019,2287.0,,,875.0,1
Lentil,2015-16,Meherpur,2019,13012.0,,,5508.0,1
Lentil,2015-16,Moulvibazar,2019,75.0,,,36.0,1
Lentil,2015-16,Munshiganj,2019,99.0,,,35.0,1
Lentil,2015-16,Mymensingh,2019,845.0,,,415.0,1
Lentil,2015-16,Naogaon,2019,468.0,,,227.0,1
Lentil,2015-16,Narail,2019,14162.0,,,6483.0,1
Lentil,2015-16,Narayanganj,2019,423.0,,,139.0,1
Lentil,2015-16,Narsingdi,2019,55.0,,,16.0,1
Lentil,2015-16,Natore,2019,40102.0,,,16301.0,1
Lentil,2015-16,Netrakona,2019,143.0,,,49.0,1
Lentil,2015-16,Nilphamari,2019,36.0,,,17.0,1
Lentil,2015-16,Noakhali,2019,240.0,,,62.0,1
Lentil,2015-16,Pabna,2019,27775.0,,,12005.0,1
Lentil,2015-16,Panchagarh,2019,173.0,,,68.0,1
Lentil,2015-16,Patuakhali,2019,740.0,,,148.0,1
Lentil,2015-16,Pirojpur,2019,62.0,,,26.0,1
Lentil,2015-16,Rajbari,2019,14857.0,,,6992.0,1
Lentil,2015-16,Rajshahi,2019,42704.0,,,16665.0,1
Lentil,2015-16,Rangamati,2019,114.0,,,55.0,1
Lentil,2015-16,Rangpur,2019,248.0,,,126.0,1
Lentil,2015-16,Satkhira,2019,997.0,,,342.0,1
Lentil,2015-16,Shariatpur,2019,6240.0,,,2860.0,1
Lentil,2015-16,Sherpur,2019,107.0,,,36.0,1
Lentil,2015-16,Sirajganj,2019,5441.0,,,2047.0,1
Lentil,2015-16,Sunamganj,2019,0.0,,,0.0,1
Lentil,2015-16,Sylhet,2019,14.0,,,4.0,1
Lentil,2015-16,Tangail,2019,2939.0,,,768.0,1
Lentil,2015-16,Thakurgaon,2019,289.0,,,88.0,1
Lentil,2016-17,Bagerhat,2019,1500.0,,,495.0,1
Lentil,2016-17,Bandarban,2019,27.0,,,10.0,1
Lentil,2016-17,Barguna,2019,147.0,,,74.0,1
Lentil,2016-17,Barishal,2019,4000.0,,,1500.0,1
Lentil,2016-17,Bhola,2019,1760.0,,,1006.0,1
Lentil,2016-17,Bogura,2019,1092.0,,,440.0,1
Lentil,2016-17,Brahmanbaria,2019,3041.0,,,594.0,1
Lentil,2016-17,Chandpur,2019,529.0,,,214.0,1
Lentil,2016-17,Chapainababganj,2019,991.0,,,700.0,1
Lentil,2016-17,Chattogram,2019,199.0,,,44.0,1
Lentil,2016-17,Chuadanga,2019,4353.0,,,1676.0,1
Lentil,2016-17,Cox's Bazar,2019,0.0,,,0.0,1
Lentil,2016-17,Cumilla,2019,1362.0,,,522.0,1
Lentil,2016-17,Dhaka,2019,783.0,,,246.0,1
Lentil,2016-17,Dinajpur,2019,269.0,,,92.0,1
Lentil,2016-17,Faridpur,2019,34093.0,,,14112.0,1
Lentil,2016-17,Feni,2019,2727.0,,,982.0,1
Lentil,2016-17,Gaibandha,2019,1352.0,,,1010.0,1
Lentil,2016-17,Gazipur,2019,206.0,,,76.0,1
Lentil,2016-17,Gopalganj,2019,10694.0,,,4294.0,1
Lentil,2016-17,Habiganj,2019,227.0,,,88.0,1
Lentil,2016-17,Jamalpur,2019,1158.0,,,356.0,1
Lentil,2016-17,Jashore,2019,29319.0,,,13849.0,1
Lentil,2016-17,Jhalokati,2019,670.0,,,368.0,1
Lentil,2016-17,Jhenaidah,2019,34319.0,,,19431.0,1
Lentil,2016-17,Joypurhat,2019,330.0,,,151.0,1
Lentil,2016-17,Khagrachhari,2019,72.0,,,14.0,1
Lentil,2016-17,Khulna,2019,232.0,,,76.0,1
Lentil,2016-17,Kishoreganj,2019,312.0,,,107.0,1
Lentil,2016-17,Kurigram,2019,1605.0,,,626.0,1
Lentil,2016-17,Kushtia,2019,19223.0,,,12021.0,1
Lentil,2016-17,Lakshmipur,2019,76.0,,,14.0,1
Lentil,2016-17,Lalmonirhat,2019,120.0,,,51.0,1
Lentil,2016-17,Madaripur,2019,12348.0,,,5411.0,1
Lentil,2016-17,Magura,2019,43415.0,,,15520.0,1
Lentil,2016-17,Manikganj,2019,855.0,,,839.0,1
Lentil,2016-17,Meherpur,2019,16275.0,,,8189.0,1
Lentil,2016-17,Moulvibazar,2019,77.0,,,34.0,1
Lentil,2016-17,Munshiganj,2019,105.0,,,37.0,1
Lentil,2016-17,Mymensingh,2019,797.0,,,396.0,1
Lentil,2016-17,Naogaon,2019,454.0,,,215.0,1
Lentil,2016-17,Narail,2019,15969.0,,,7177.0,1
Lentil,2016-17,Narayanganj,2019,397.0,,,113.0,1
Lentil,2016-17,Narsingdi,2019,53.0,,,15.0,1
Lentil,2016-17,Natore,2019,37830.0,,,15386.0,1
Lentil,2016-17,Netrakona,2019,104.0,,,40.0,1
Lentil,2016-17,Nilphamari,2019,34.0,,,16.0,1
Lentil,2016-17,Noakhali,2019,299.0,,,70.0,1
Lentil,2016-17,Pabna,2019,27722.0,,,13649.0,1
Lentil,2016-17,Panchagarh,2019,176.0,,,65.0,1
Lentil,2016-17,Patuakhali,2019,710.0,,,129.0,1
Lentil,2016-17,Pirojpur,2019,62.0,,,26.0,1
Lentil,2016-17,Rajbari,2019,15659.0,,,7510.0,1
Lentil,2016-17,Rajshahi,2019,35704.0,,,12065.0,1
Lentil,2016-17,Rangamati,2019,68.0,,,26.0,1
Lentil,2016-17,Rangpur,2019,254.0,,,126.0,1
Lentil,2016-17,Satkhira,2019,924.0,,,327.0,1
Lentil,2016-17,Shariatpur,2019,6074.0,,,2955.0,1
Lentil,2016-17,Sherpur,2019,124.0,,,41.0,1
Lentil,2016-17,Sirajganj,2019,5753.0,,,2371.0,1
Lentil,2016-17,Sunamganj,2019,0.0,,,0.0,1
Lentil,2016-17,Sylhet,2019,7.0,,,2.0,1
Lentil,2016-17,Tangail,2019,2896.0,,,759.0,1
Lentil,2016-17,Thakurgaon,2019,291.0,,,89.0,1
Lentil,2017-18,Bagerhat,2019,1486.0,,,479.0,1
Lentil,2017-18,Bandarban,2019,27.0,,,10.0,1
Lentil,2017-18,Barguna,2019,151.0,,,76.0,1
Lentil,2017-18,Barishal,2019,4212.0,,,1685.0,1
Lentil,2017-18,Bhola,2019,1649.0,,,968.0,1
Lentil,2017-18,Bogura,2019,1073.0,,,434.0,1
Lentil,2017-18,Brahmanbaria,2019,2990.0,,,578.0,1
Lentil,2017-18,Chandpur,2019,529.0,,,213.0,1
Lentil,2017-18,Chapainababganj,2019,4470.0,,,1053.0,1
Lentil,2017-18,Chattogram,2019,201.0,,,44.0,1
Lentil,2017-18,Chuadanga,2019,4340.0,,,1751.0,1
Lentil,2017-18,Cox's Bazar,2019,0.0,,,0.0,1
Lentil,2017-18,Cumilla,2019,929.0,,,349.0,1
Lentil,2017-18,Dhaka,2019,772.0,,,300.0,1
Lentil,2017-18,Dinajpur,2019,277.0,,,95.0,1
Lentil,2017-18,Faridpur,2019,33145.0,,,14745.0,1
Lentil,2017-18,Feni,2019,2707.0,,,936.0,1
Lentil,2017-18,Gaibandha,2019,1358.0,,,1017.0,1
Lentil,2017-18,Gazipur,2019,136.0,,,35.0,1
Lentil,2017-18,Gopalganj,2019,10320.0,,,3831.0,1
Lentil,2017-18,Habiganj,2019,250.0,,,113.0,1
Lentil,2017-18,Jamalpur,2019,808.0,,,253.0,1
Lentil,2017-18,Jashore,2019,25401.0,,,11999.0,1
Lentil,2017-18,Jhalokati,2019,680.0,,,265.0,1
Lentil,2017-18,Jhenaidah,2019,28601.0,,,16383.0,1
Lentil,2017-18,Joypurhat,2019,326.0,,,154.0,1
Lentil,2017-18,Khagrachhari,2019,76.0,,,15.0,1
Lentil,2017-18,Khulna,2019,161.0,,,51.0,1
Lentil,2017-18,Kishoreganj,2019,292.0,,,217.0,1
Lentil,2017-18,Kurigram,2019,1347.0,,,502.0,1
Lentil,2017-18,Kushtia,2019,21172.0,,,13687.0,1
Lentil,2017-18,Lakshmipur,2019,70.0,,,13.0,1
Lentil,2017-18,Lalmonirhat,2019,117.0,,,48.0,1
Lentil,2017-18,Madaripur,2019,11285.0,,,4916.0,1
Lentil,2017-18,Magura,2019,40304.0,,,14796.0,1
Lentil,2017-18,Manikganj,2019,2263.0,,,822.0,1
Lentil,2017-18,Meherpur,2019,17637.0,,,9391.0,1
Lentil,2017-18,Moulvibazar,2019,77.0,,,35.0,1
Lentil,2017-18,Munshiganj,2019,75.0,,,27.0,1
Lentil,2017-18,Mymensingh,2019,701.0,,,362.0,1
Lentil,2017-18,Naogaon,2019,453.0,,,217.0,1
Lentil,2017-18,Narail,2019,12979.0,,,5872.0,1
Lentil,2017-18,Narayanganj,2019,384.0,,,113.0,1
Lentil,2017-18,Narsingdi,2019,50.0,,,16.0,1
Lentil,2017-18,Natore,2019,37553.0,,,15086.0,1
Lentil,2017-18,Netrakona,2019,154.0,,,51.0,1
Lentil,2017-18,Nilphamari,2019,34.0,,,13.0,1
Lentil,2017-18,Noakhali,2019,247.0,,,51.0,1
Lentil,2017-18,Pabna,2019,27154.0,,,13277.0,1
Lentil,2017-18,Panchagarh,2019,186.0,,,71.0,1
Lentil,2017-18,Patuakhali,2019,692.0,,,321.0,1
Lentil,2017-18,Pirojpur,2019,67.0,,,31.0,1
Lentil,2017-18,Rajbari,2019,18659.0,,,8710.0,1
Lentil,2017-18,Rajshahi,2019,48052.0,,,23544.0,1
Lentil,2017-18,Rangamati,2019,69.0,,,27.0,1
Lentil,2017-18,Rangpur,2019,218.0,,,108.0,1
Lentil,2017-18,Satkhira,2019,839.0,,,230.0,1
Lentil,2017-18,Shariatpur,2019,5787.0,,,2843.0,1
Lentil,2017-18,Sherpur,2019,124.0,,,44.0,1
Lentil,2017-18,Sirajganj,2019,6206.0,,,2524.0,1
Lentil,2017-18,Sunamganj,2019,0.0,,,0.0,1
Lentil,2017-18,Sylhet,2019,0.0,,,0.0,1
Lentil,2017-18,Tangail,2019,2782.0,,,729.0,1
Lentil,2017-18,Thakurgaon,2019,295.0,,,107.0,1
Maize,2015-16,Bagerhat,2019,383.0,,,787.0,1
Maize,2015-16,Bandarban,2019,736.0,,,1086.0,1
Maize,2015-16,Barguna,2019,114.0,,,156.0,1
Maize,2015-16,Barishal,2019,274.0,,,422.0,1
Maize,2015-16,Bhola,2019,481.0,,,795.0,1
Maize,2015-16,Bogura,2019,19524.0,,,47769.0,1
Maize,2015-16,Brahmanbaria,2019,1.0,,,1.0,1
Maize,2015-16,Chandpur,2019,2240.0,,,4575.0,1
Maize,2015-16,Chapainababganj,2019,14396.0,,,36519.0,1
Maize,2015-16,Chattogram,2019,95.0,,,211.0,1
Maize,2015-16,Chuadanga,2019,117113.0,,,453774.0,1
Maize,2015-16,Cox's Bazar,2019,186.0,,,387.0,1
Maize,2015-16,Cumilla,2019,19086.0,,,40229.0,1
Maize,2015-16,Dhaka,2019,11201.0,,,28006.0,1
Maize,2015-16,Dinajpur,2019,160233.0,,,497838.0,1
Maize,2015-16,Faridpur,2019,416.0,,,1350.0,1
Maize,2015-16,Feni,2019,6.0,,,3.0,1
Maize,2015-16,Gaibandha,2019,24386.0,,,69121.0,1
Maize,2015-16,Gazipur,2019,146.0,,,210.0,1
Maize,2015-16,Gopalganj,2019,5.0,,,10.0,1
Maize,2015-16,Habiganj,2019,0.0,,,0.0,1
Maize,2015-16,Jamalpur,2019,17439.0,,,66007.0,1
Maize,2015-16,Jashore,2019,655.0,,,1689.0,1
Maize,2015-16,Jhalokati,2019,140.0,,,312.0,1
Maize,2015-16,Jhenaidah,2019,23102.0,,,73788.0,1
Maize,2015-16,Joypurhat,2019,656.0,,,1595.0,1
Maize,2015-16,Khagrachhari,2019,1295.0,,,1459.0,1
Maize,2015-16,Khulna,2019,123.0,,,201.0,1
Maize,2015-16,Kishoreganj,2019,5731.0,,,14342.0,1
Maize,2015-16,Kurigram,2019,5977.0,,,18394.0,1
Maize,2015-16,Kushtia,2019,14552.0,,,37161.0,1
Maize,2015-16,Lakshmipur,2019,0.0,,,0.0,1
Maize,2015-16,Lalmonirhat,2019,63514.0,,,189163.0,1
Maize,2015-16,Madaripur,2019,60.0,,,125.0,1
Maize,2015-16,Magura,2019,32.0,,,82.0,1
Maize,2015-16,Manikganj,2019,46385.0,,,119943.0,1
Maize,2015-16,Meherpur,2019,9043.0,,,35024.0,1
Maize,2015-16,Moulvibazar,2019,0.0,,,0.0,1
Maize,2015-16,Munshiganj,2019,711.0,,,982.0,1
Maize,2015-16,Mymensingh,2019,525.0,,,1270.0,1
Maize,2015-16,Naogaon,2019,5063.0,,,13568.0,1
Maize,2015-16,Narail,2019,0.0,,,0.0,1
Maize,2015-16,Narayanganj,2019,95.0,,,119.0,1
Maize,2015-16,Narsingdi,2019,9.0,,,7.0,1
Maize,2015-16,Natore,2019,3480.0,,,5671.0,1
Maize,2015-16,Netrakona,2019,51.0,,,111.0,1
Maize,2015-16,Nilphamari,2019,40617.0,,,116749.0,1
Maize,2015-16,Noakhali,2019,2.0,,,2.0,1
Maize,2015-16,Pabna,2019,1393.0,,,4280.0,1
Maize,2015-16,Panchagarh,2019,31057.0,,,92692.0,1
Maize,2015-16,Patuakhali,2019,133.0,,,235.0,1
Maize,2015-16,Pirojpur,2019,572.0,,,1017.0,1
Maize,2015-16,Rajbari,2019,133.0,,,354.0,1
Maize,2015-16,Rajshahi,2019,33852.0,,,72708.0,1
Maize,2015-16,Rangamati,2019,1564.0,,,3233.0,1
Maize,2015-16,Rangpur,2019,50635.0,,,132386.0,1
Maize,2015-16,Satkhira,2019,354.0,,,997.0,1
Maize,2015-16,Shariatpur,2019,6.0,,,14.0,1
Maize,2015-16,Sherpur,2019,1488.0,,,3332.0,1
Maize,2015-16,Sirajganj,2019,18930.0,,,50601.0,1
Maize,2015-16,Sunamganj,2019,39.0,,,101.0,1
Maize,2015-16,Sylhet,2019,0.0,,,0.0,1
Maize,2015-16,Tangail,2019,2300.0,,,5688.0,1
Maize,2015-16,Thakurgaon,2019,74652.0,,,197158.0,1
Maize,2016-17,Bagerhat,2019,384.0,,,816.0,1
Maize,2016-17,Bandarban,2019,741.0,,,575.0,1
Maize,2016-17,Barguna,2019,125.0,,,170.0,1
Maize,2016-17,Barishal,2019,322.0,,,557.0,1
Maize,2016-17,Bhola,2019,858.0,,,1011.0,1
Maize,2016-17,Bogura,2019,17710.0,,,43592.0,1
Maize,2016-17,Brahmanbaria,2019,0.0,,,0.0,1
Maize,2016-17,Chandpur,2019,15130.0,,,38570.0,1
Maize,2016-17,Chapainababganj,2019,14027.0,,,41157.0,1
Maize,2016-17,Chattogram,2019,226.0,,,618.0,1
Maize,2016-17,Chuadanga,2019,121679.0,,,474828.0,1
Maize,2016-17,Cox's Bazar,2019,205.0,,,425.0,1
Maize,2016-17,Cumilla,2019,22207.0,,,38589.0,1
Maize,2016-17,Dhaka,2019,11433.0,,,32392.0,1
Maize,2016-17,Dinajpur,2019,167625.0,,,530717.0,1
Maize,2016-17,Faridpur,2019,960.0,,,3516.0,1
Maize,2016-17,Feni,2019,7.0,,,4.0,1
Maize,2016-17,Gaibandha,2019,27234.0,,,85181.0,1
Maize,2016-17,Gazipur,2019,130.0,,,184.0,1
Maize,2016-17,Gopalganj,2019,16.0,,,12.0,1
Maize,2016-17,Habiganj,2019,15.0,,,27.0,1
Maize,2016-17,Jamalpur,2019,18304.0,,,74947.0,1
Maize,2016-17,Jashore,2019,767.0,,,2252.0,1
Maize,2016-17,Jhalokati,2019,176.0,,,257.0,1
Maize,2016-17,Jhenaidah,2019,31077.0,,,100385.0,1
Maize,2016-17,Joypurhat,2019,857.0,,,2156.0,1
Maize,2016-17,Khagrachhari,2019,1332.0,,,1495.0,1
Maize,2016-17,Khulna,2019,54.0,,,129.0,1
Maize,2016-17,Kishoreganj,2019,9871.0,,,28923.0,1
Maize,2016-17,Kurigram,2019,17740.0,,,49319.0,1
Maize,2016-17,Kushtia,2019,17870.0,,,58621.0,1
Maize,2016-17,Lakshmipur,2019,0.0,,,0.0,1
Maize,2016-17,Lalmonirhat,2019,67068.0,,,191225.0,1
Maize,2016-17,Madaripur,2019,156.0,,,349.0,1
Maize,2016-17,Magura,2019,38.0,,,86.0,1
Maize,2016-17,Manikganj,2019,49345.0,,,126457.0,1
Maize,2016-17,Meherpur,2019,18726.0,,,82783.0,1
Maize,2016-17,Moulvibazar,2019,8.0,,,16.0,1
Maize,2016-17,Munshiganj,2019,1782.0,,,3725.0,1
Maize,2016-17,Mymensingh,2019,889.0,,,2701.0,1
Maize,2016-17,Naogaon,2019,17112.0,,,60556.0,1
Maize,2016-17,Narail,2019,0.0,,,0.0,1
Maize,2016-17,Narayanganj,2019,139.0,,,227.0,1
Maize,2016-17,Narsingdi,2019,5.0,,,13.0,1
Maize,2016-17,Natore,2019,4153.0,,,7676.0,1
Maize,2016-17,Netrakona,2019,0.0,,,0.0,1
Maize,2016-17,Nilphamari,2019,45978.0,,,150029.0,1
Maize,2016-17,Noakhali,2019,3.0,,,3.0,1
Maize,2016-17,Pabna,2019,1719.0,,,3438.0,1
Maize,2016-17,Panchagarh,2019,45788.0,,,179313.0,1
Maize,2016-17,Patuakhali,2019,111.0,,,149.0,1
Maize,2016-17,Pirojpur,2019,619.0,,,1123.0,1
Maize,2016-17,Rajbari,2019,114.0,,,621.0,1
Maize,2016-17,Rajshahi,2019,33589.0,,,83188.0,1
Maize,2016-17,Rangamati,2019,1500.0,,,2612.0,1
Maize,2016-17,Rangpur,2019,56513.0,,,161567.0,1
Maize,2016-17,Satkhira,2019,189.0,,,560.0,1
Maize,2016-17,Shariatpur,2019,84.0,,,221.0,1
Maize,2016-17,Sherpur,2019,1013.0,,,2122.0,1
Maize,2016-17,Sirajganj,2019,23250.0,,,77918.0,1
Maize,2016-17,Sunamganj,2019,0.0,,,0.0,1
Maize,2016-17,Sylhet,2019,29.0,,,47.0,1
Maize,2016-17,Tangail,2019,2741.0,,,5923.0,1
Maize,2016-17,Thakurgaon,2019,91257.0,,,269319.0,1
Maize,2017-18,Bagerhat,2019,354.0,,,654.0,1
Maize,2017-18,Bandarban,2019,749.0,,,582.0,1
Maize,2017-18,Barguna,2019,128.0,,,228.0,1
Maize,2017-18,Barishal,2019,322.0,,,559.0,1
Maize,2017-18,Bhola,2019,390.0,,,633.0,1
Maize,2017-18,Bogura,2019,13798.0,,,37721.0,1
Maize,2017-18,Brahmanbaria,2019,75.0,,,7.0,1
Maize,2017-18,Chandpur,2019,16986.0,,,32345.0,1
Maize,2017-18,Chapainababganj,2019,14153.0,,,38862.0,1
Maize,2017-18,Chattogram,2019,63.0,,,143.0,1
Maize,2017-18,Chuadanga,2019,111093.0,,,437740.0,1
Maize,2017-18,Cox's Bazar,2019,0.0,,,0.0,1
Maize,2017-18,Cumilla,2019,19856.0,,,38783.0,1
Maize,2017-18,Dhaka,2019,11341.0,,,32256.0,1
Maize,2017-18,Dinajpur,2019,152687.0,,,498295.0,1
Maize,2017-18,Faridpur,2019,903.0,,,2378.0,1
Maize,2017-18,Feni,2019,90.0,,,207.0,1
Maize,2017-18,Gaibandha,2019,27744.0,,,88643.0,1
Maize,2017-18,Gazipur,2019,42.0,,,82.0,1
Maize,2017-18,Gopalganj,2019,81.0,,,259.0,1
Maize,2017-18,Habiganj,2019,16.0,,,28.0,1
Maize,2017-18,Jamalpur,2019,20742.0,,,82570.0,1
Maize,2017-18,Jashore,2019,868.0,,,2642.0,1
Maize,2017-18,Jhalokati,2019,140.0,,,247.0,1
Maize,2017-18,Jhenaidah,2019,36928.0,,,135062.0,1
Maize,2017-18,Joypurhat,2019,859.0,,,2158.0,1
Maize,2017-18,Khagrachhari,2019,1295.0,,,2443.0,1
Maize,2017-18,Khulna,2019,54.0,,,99.0,1
Maize,2017-18,Kishoreganj,2019,9307.0,,,2553.0,1
Maize,2017-18,Kurigram,2019,19552.0,,,57366.0,1
Maize,2017-18,Kushtia,2019,16018.0,,,59848.0,1
Maize,2017-18,Lakshmipur,2019,0.0,,,0.0,1
Maize,2017-18,Lalmonirhat,2019,77555.0,,,250864.0,1
Maize,2017-18,Madaripur,2019,153.0,,,523.0,1
Maize,2017-18,Magura,2019,118.0,,,218.0,1
Maize,2017-18,Manikganj,2019,52148.0,,,140675.0,1
Maize,2017-18,Meherpur,2019,21034.0,,,100678.0,1
Maize,2017-18,Moulvibazar,2019,9.0,,,17.0,1
Maize,2017-18,Munshiganj,2019,2250.0,,,4400.0,1
Maize,2017-18,Mymensingh,2019,288.0,,,753.0,1
Maize,2017-18,Naogaon,2019,17942.0,,,65428.0,1
Maize,2017-18,Narail,2019,0.0,,,0.0,1
Maize,2017-18,Narayanganj,2019,67.0,,,214.0,1
Maize,2017-18,Narsingdi,2019,38.0,,,2752.0,1
Maize,2017-18,Natore,2019,14246.0,,,44230.0,1
Maize,2017-18,Netrakona,2019,0.0,,,0.0,1
Maize,2017-18,Nilphamari,2019,52964.0,,,180901.0,1
Maize,2017-18,Noakhali,2019,0.0,,,0.0,1
Maize,2017-18,Pabna,2019,1808.0,,,4850.0,1
Maize,2017-18,Panchagarh,2019,46950.0,,,178980.0,1
Maize,2017-18,Patuakhali,2019,114.0,,,188.0,1
Maize,2017-18,Pirojpur,2019,625.0,,,1192.0,1
Maize,2017-18,Rajbari,2019,269.0,,,789.0,1
Maize,2017-18,Rajshahi,2019,33003.0,,,87143.0,1
Maize,2017-18,Rangamati,2019,1201.0,,,1775.0,1
Maize,2017-18,Rangpur,2019,61893.0,,,282888.0,1
Maize,2017-18,Satkhira,2019,157.0,,,5290.0,1
Maize,2017-18,Shariatpur,2019,53.0,,,110.0,1
Maize,2017-18,Sherpur,2019,1548.0,,,3477.0,1
Maize,2017-18,Sirajganj,2019,23171.0,,,78474.0,1
Maize,2017-18,Sunamganj,2019,0.0,,,0.0,1
Maize,2017-18,Sylhet,2019,29.0,,,28.0,1
Maize,2017-18,Tangail,2019,5439.0,,,14470.0,1
Maize,2017-18,Thakurgaon,2019,97876.0,,,281402.0,1
Mung,2015-16,Bagerhat,2019,487.0,,,113.0,1
Mung,2015-16,Bandarban,2019,48.0,,,18.0,1
Mung,2015-16,Barguna,2019,2680.0,,,807.0,1
Mung,2015-16,Barishal,2019,9062.0,,,4266.0,1
Mung,2015-16,Bhola,2019,26836.0,,,9602.0,1
Mung,2015-16,Bogura,2019,7.0,,,2.0,1
Mung,2015-16,Brahmanbaria,2019,29.0,,,7.0,1
Mung,2015-16,Chandpur,2019,474.0,,,187.0,1
Mung,2015-16,Chapainababganj,2019,0.0,,,0.0,1
Mung,2015-16,Chattogram,2019,1638.0,,,487.0,1
Mung,2015-16,Chuadanga,2019,602.0,,,407.0,1
Mung,2015-16,Cox's Bazar,2019,14.0,,,5.0,1
Mung,2015-16,Cumilla,2019,4.0,,,3.0,1
Mung,2015-16,Dhaka,2019,69.0,,,24.0,1
Mung,2015-16,Dinajpur,2019,114.0,,,38.0,1
Mung,2015-16,Faridpur,2019,950.0,,,328.0,1
Mung,2015-16,Feni,2019,368.0,,,103.0,1
Mung,2015-16,Gaibandha,2019,104.0,,,52.0,1
Mung,2015-16,Gazipur,2019,97.0,,,26.0,1
Mung,2015-16,Gopalganj,2019,213.0,,,89.0,1
Mung,2015-16,Habiganj,2019,0.0,,,0.0,1
Mung,2015-16,Jamalpur,2019,83.0,,,27.0,1
Mung,2015-16,Jashore,2019,1833.0,,,692.0,1
Mung,2015-16,Jhalokati,2019,1421.0,,,534.0,1
Mung,2015-16,Jhenaidah,2019,1650.0,,,701.0,1
Mung,2015-16,Joypurhat,2019,21.0,,,6.0,1
Mung,2015-16,Khagrachhari,2019,0.0,,,0.0,1
Mung,2015-16,Khulna,2019,153.0,,,46.0,1
Mung,2015-16,Kishoreganj,2019,230.0,,,76.0,1
Mung,2015-16,Kurigram,2019,148.0,,,55.0,1
Mung,2015-16,Kushtia,2019,209.0,,,109.0,1
Mung,2015-16,Lakshmipur,2019,1660.0,,,403.0,1
Mung,2015-16,Lalmonirhat,2019,57.0,,,31.0,1
Mung,2015-16,Madaripur,2019,514.0,,,167.0,1
Mung,2015-16,Magura,2019,132.0,,,43.0,1
Mung,2015-16,Manikganj,2019,271.0,,,87.0,1
Mung,2015-16,Meherpur,2019,71.0,,,25.0,1
Mung,2015-16,Moulvibazar,2019,0.0,,,0.0,1
Mung,2015-16,Munshiganj,2019,0.0,,,0.0,1
Mung,2015-16,Mymensingh,2019,202.0,,,85.0,1
Mung,2015-16,Naogaon,2019,185.0,,,76.0,1
Mung,2015-16,Narail,2019,211.0,,,63.0,1
Mung,2015-16,Narayanganj,2019,34.0,,,13.0,1
Mung,2015-16,Narsingdi,2019,41.0,,,13.0,1
Mung,2015-16,Natore,2019,22650.0,,,7742.0,1
Mung,2015-16,Netrakona,2019,14.0,,,3.0,1
Mung,2015-16,Nilphamari,2019,9.0,,,7.0,1
Mung,2015-16,Noakhali,2019,2651.0,,,912.0,1
Mung,2015-16,Pabna,2019,456.0,,,164.0,1
Mung,2015-16,Panchagarh,2019,221.0,,,93.0,1
Mung,2015-16,Patuakhali,2019,13917.0,,,2232.0,1
Mung,2015-16,Pirojpur,2019,582.0,,,176.0,1
Mung,2015-16,Rajbari,2019,195.0,,,76.0,1
Mung,2015-16,Rajshahi,2019,10966.0,,,5511.0,1
Mung,2015-16,Rangamati,2019,0.0,,,0.0,1
Mung,2015-16,Rangpur,2019,89.0,,,45.0,1
Mung,2015-16,Satkhira,2019,26.0,,,7.0,1
Mung,2015-16,Shariatpur,2019,279.0,,,113.0,1
Mung,2015-16,Sherpur,2019,9.0,,,3.0,1
Mung,2015-16,Sirajganj,2019,0.0,,,0.0,1
Mung,2015-16,Sunamganj,2019,0.0,,,0.0,1
Mung,2015-16,Sylhet,2019,0.0,,,0.0,1
Mung,2015-16,Tangail,2019,0.0,,,0.0,1
Mung,2015-16,Thakurgaon,2019,180.0,,,54.0,1
Mung,2016-17,Bagerhat,2019,515.0,,,143.0,1
Mung,2016-17,Bandarban,2019,48.0,,,18.0,1
Mung,2016-17,Barguna,2019,2726.0,,,806.0,1
Mung,2016-17,Barishal,2019,9900.0,,,4284.0,1
Mung,2016-17,Bhola,2019,24815.0,,,8737.0,1
Mung,2016-17,Bogura,2019,14.0,,,5.0,1
Mung,2016-17,Brahmanbaria,2019,37.0,,,17.0,1
Mung,2016-17,Chandpur,2019,154.0,,,60.0,1
Mung,2016-17,Chapainababganj,2019,52.0,,,14.0,1
Mung,2016-17,Chattogram,2019,1639.0,,,487.0,1
Mung,2016-17,Chuadanga,2019,600.0,,,408.0,1
Mung,2016-17,Cox's Bazar,2019,0.0,,,0.0,1
Mung,2016-17,Cumilla,2019,4.0,,,3.0,1
Mung,2016-17,Dhaka,2019,72.0,,,25.0,1
Mung,2016-17,Dinajpur,2019,80.0,,,28.0,1
Mung,2016-17,Faridpur,2019,1002.0,,,367.0,1
Mung,2016-17,Feni,2019,435.0,,,107.0,1
Mung,2016-17,Gaibandha,2019,106.0,,,50.0,1
Mung,2016-17,Gazipur,2019,91.0,,,24.0,1
Mung,2016-17,Gopalganj,2019,230.0,,,94.0,1
Mung,2016-17,Habiganj,2019,0.0,,,0.0,1
Mung,2016-17,Jamalpur,2019,92.0,,,30.0,1
Mung,2016-17,Jashore,2019,1804.0,,,697.0,1
Mung,2016-17,Jhalokati,2019,1227.0,,,318.0,1
Mung,2016-17,Jhenaidah,2019,1680.0,,,732.0,1
Mung,2016-17,Joypurhat,2019,20.0,,,6.0,1
Mung,2016-17,Khagrachhari,2019,0.0,,,0.0,1
Mung,2016-17,Khulna,2019,148.0,,,44.0,1
Mung,2016-17,Kishoreganj,2019,246.0,,,91.0,1
Mung,2016-17,Kurigram,2019,150.0,,,58.0,1
Mung,2016-17,Kushtia,2019,158.0,,,84.0,1
Mung,2016-17,Lakshmipur,2019,1606.0,,,393.0,1
Mung,2016-17,Lalmonirhat,2019,57.0,,,32.0,1
Mung,2016-17,Madaripur,2019,447.0,,,147.0,1
Mung,2016-17,Magura,2019,118.0,,,38.0,1
Mung,2016-17,Manikganj,2019,252.0,,,75.0,1
Mung,2016-17,Meherpur,2019,71.0,,,25.0,1
Mung,2016-17,Moulvibazar,2019,11.0,,,3.0,1
Mung,2016-17,Munshiganj,2019,0.0,,,0.0,1
Mung,2016-17,Mymensingh,2019,203.0,,,84.0,1
Mung,2016-17,Naogaon,2019,169.0,,,71.0,1
Mung,2016-17,Narail,2019,239.0,,,72.0,1
Mung,2016-17,Narayanganj,2019,29.0,,,12.0,1
Mung,2016-17,Narsingdi,2019,37.0,,,11.0,1
Mung,2016-17,Natore,2019,21879.0,,,7262.0,1
Mung,2016-17,Netrakona,2019,0.0,,,0.0,1
Mung,2016-17,Nilphamari,2019,9.0,,,7.0,1
Mung,2016-17,Noakhali,2019,2196.0,,,579.0,1
Mung,2016-17,Pabna,2019,488.0,,,196.0,1
Mung,2016-17,Panchagarh,2019,224.0,,,93.0,1
Mung,2016-17,Patuakhali,2019,13585.0,,,1980.0,1
Mung,2016-17,Pirojpur,2019,569.0,,,191.0,1
Mung,2016-17,Rajbari,2019,166.0,,,65.0,1
Mung,2016-17,Rajshahi,2019,11386.0,,,5490.0,1
Mung,2016-17,Rangamati,2019,0.0,,,0.0,1
Mung,2016-17,Rangpur,2019,88.0,,,43.0,1
Mung,2016-17,Satkhira,2019,24.0,,,6.0,1
Mung,2016-17,Shariatpur,2019,250.0,,,122.0,1
Mung,2016-17,Sherpur,2019,9.0,,,3.0,1
Mung,2016-17,Sirajganj,2019,0.0,,,0.0,1
Mung,2016-17,Sunamganj,2019,0.0,,,0.0,1
Mung,2016-17,Sylhet,2019,6.0,,,2.0,1
Mung,2016-17,Tangail,2019,0.0,,,0.0,1
Mung,2016-17,Thakurgaon,2019,148.0,,,44.0,1
Mung,2017-18,Bagerhat,2019,489.0,,,134.0,1
Mung,2017-18,Bandarban,2019,48.0,,,18.0,1
Mung,2017-18,Barguna,2019,2650.0,,,823.0,1
Mung,2017-18,Barishal,2019,9585.0,,,3380.0,1
Mung,2017-18,Bhola,2019,24261.0,,,9833.0,1
Mung,2017-18,Bogura,2019,17.0,,,5.0,1
Mung,2017-18,Brahmanbaria,2019,36.0,,,18.0,1
Mung,2017-18,Chandpur,2019,154.0,,,60.0,1
Mung,2017-18,Chapainababganj,2019,55.0,,,17.0,1
Mung,2017-18,Chattogram,2019,1641.0,,,488.0,1
Mung,2017-18,Chuadanga,2019,606.0,,,400.0,1
Mung,2017-18,Cox's Bazar,2019,0.0,,,0.0,1
Mung,2017-18,Cumilla,2019,5.0,,,3.0,1
Mung,2017-18,Dhaka,2019,62.0,,,37.0,1
Mung,2017-18,Dinajpur,2019,42.0,,,17.0,1
Mung,2017-18,Faridpur,2019,950.0,,,328.0,1
Mung,2017-18,Feni,2019,440.0,,,110.0,1
Mung,2017-18,Gaibandha,2019,130.0,,,56.0,1
Mung,2017-18,Gazipur,2019,87.0,,,22.0,1
Mung,2017-18,Gopalganj,2019,230.0,,,97.0,1
Mung,2017-18,Habiganj,2019,0.0,,,0.0,1
Mung,2017-18,Jamalpur,2019,92.0,,,31.0,1
Mung,2017-18,Jashore,2019,1740.0,,,678.0,1
Mung,2017-18,Jhalokati,2019,1247.0,,,310.0,1
Mung,2017-18,Jhenaidah,2019,1600.0,,,680.0,1
Mung,2017-18,Joypurhat,2019,20.0,,,6.0,1
Mung,2017-18,Khagrachhari,2019,0.0,,,0.0,1
Mung,2017-18,Khulna,2019,86.0,,,24.0,1
Mung,2017-18,Kishoreganj,2019,263.0,,,98.0,1
Mung,2017-18,Kurigram,2019,138.0,,,50.0,1
Mung,2017-18,Kushtia,2019,162.0,,,85.0,1
Mung,2017-18,Lakshmipur,2019,1589.0,,,390.0,1
Mung,2017-18,Lalmonirhat,2019,65.0,,,35.0,1
Mung,2017-18,Madaripur,2019,485.0,,,157.0,1
Mung,2017-18,Magura,2019,121.0,,,38.0,1
Mung,2017-18,Manikganj,2019,253.0,,,77.0,1
Mung,2017-18,Meherpur,2019,70.0,,,26.0,1
Mung,2017-18,Moulvibazar,2019,11.0,,,3.0,1
Mung,2017-18,Munshiganj,2019,48.0,,,14.0,1
Mung,2017-18,Mymensingh,2019,198.0,,,81.0,1
Mung,2017-18,Naogaon,2019,163.0,,,73.0,1
Mung,2017-18,Narail,2019,546.0,,,171.0,1
Mung,2017-18,Narayanganj,2019,29.0,,,12.0,1
Mung,2017-18,Narsingdi,2019,17.0,,,10.0,1
Mung,2017-18,Natore,2019,15879.0,,,5062.0,1
Mung,2017-18,Netrakona,2019,18.0,,,5.0,1
Mung,2017-18,Nilphamari,2019,0.0,,,0.0,1
Mung,2017-18,Noakhali,2019,2149.0,,,534.0,1
Mung,2017-18,Pabna,2019,503.0,,,202.0,1
Mung,2017-18,Panchagarh,2019,232.0,,,102.0,1
Mung,2017-18,Patuakhali,2019,12607.0,,,4629.0,1
Mung,2017-18,Pirojpur,2019,591.0,,,208.0,1
Mung,2017-18,Rajbari,2019,153.0,,,60.0,1
Mung,2017-18,Rajshahi,2019,9577.0,,,4198.0,1
Mung,2017-18,Rangamati,2019,0.0,,,0.0,1
Mung,2017-18,Rangpur,2019,78.0,,,35.0,1
Mung,2017-18,Satkhira,2019,23.0,,,6.0,1
Mung,2017-18,Shariatpur,2019,231.0,,,111.0,1
Mung,2017-18,Sherpur,2019,10.0,,,3.0,1
Mung,2017-18,Sirajganj,2019,0.0,,,0.0,1
Mung,2017-18,Sunamganj,2019,0.0,,,0.0,1
Mung,2017-18,Sylhet,2019,6.0,,,2.0,1
Mung,2017-18,Tangail,2019,0.0,,,0.0,1
Mung,2017-18,Thakurgaon,2019,167.0,,,50.0,1
Mustard,2015-16,Bagerhat,2019,1702.0,,,641.0,1
Mustard,2015-16,Bandarban,2019,316.0,,,80.0,1
Mustard,2015-16,Barguna,2019,97.0,,,60.0,1
Mustard,2015-16,Barishal,2019,2126.0,,,826.0,1
Mustard,2015-16,Bhola,2019,1779.0,,,735.0,1
Mustard,2015-16,Bogura,2019,53281.0,,,26072.0,1
Mustard,2015-16,Brahmanbaria,2019,26423.0,,,17780.0,1
Mustard,2015-16,Chandpur,2019,3664.0,,,1603.0,1
Mustard,2015-16,Chapainababganj,2019,19111.0,,,6519.0,1
Mustard,2015-16,Chattogram,2019,794.0,,,210.0,1
Mustard,2015-16,Chuadanga,2019,4981.0,,,2966.0,1
Mustard,2015-16,Cox's Bazar,2019,381.0,,,111.0,1
Mustard,2015-16,Cumilla,2019,10060.0,,,4858.0,1
Mustard,2015-16,Dhaka,2019,22630.0,,,10157.0,1
Mustard,2015-16,Dinajpur,2019,5149.0,,,16395.0,1
Mustard,2015-16,Faridpur,2019,19719.0,,,6325.0,1
Mustard,2015-16,Feni,2019,496.0,,,204.0,1
Mustard,2015-16,Gaibandha,2019,3400.0,,,1600.0,1
Mustard,2015-16,Gazipur,2019,3964.0,,,1047.0,1
Mustard,2015-16,Gopalganj,2019,8955.0,,,2998.0,1
Mustard,2015-16,Habiganj,2019,2080.0,,,834.0,1
Mustard,2015-16,Jamalpur,2019,19184.0,,,7831.0,1
Mustard,2015-16,Jashore,2019,26323.0,,,10230.0,1
Mustard,2015-16,Jhalokati,2019,564.0,,,180.0,1
Mustard,2015-16,Jhenaidah,2019,8387.0,,,3653.0,1
Mustard,2015-16,Joypurhat,2019,6078.0,,,3999.0,1
Mustard,2015-16,Khagrachhari,2019,156.0,,,62.0,1
Mustard,2015-16,Khulna,2019,712.0,,,254.0,1
Mustard,2015-16,Kishoreganj,2019,2657.0,,,1333.0,1
Mustard,2015-16,Kurigram,2019,13684.0,,,6566.0,1
Mustard,2015-16,Kushtia,2019,6749.0,,,3874.0,1
Mustard,2015-16,Lakshmipur,2019,228.0,,,74.0,1
Mustard,2015-16,Lalmonirhat,2019,1905.0,,,982.0,1
Mustard,2015-16,Madaripur,2019,26750.0,,,11090.0,1
Mustard,2015-16,Magura,2019,12677.0,,,4234.0,1
Mustard,2015-16,Manikganj,2019,47448.0,,,20200.0,1
Mustard,2015-16,Meherpur,2019,14325.0,,,7732.0,1
Mustard,2015-16,Moulvibazar,2019,737.0,,,2356.0,1
Mustard,2015-16,Munshiganj,2019,3645.0,,,1295.0,1
Mustard,2015-16,Mymensingh,2019,4244.0,,,1688.0,1
Mustard,2015-16,Naogaon,2019,51303.0,,,26999.0,1
Mustard,2015-16,Narail,2019,7898.0,,,2648.0,1
Mustard,2015-16,Narayanganj,2019,1906.0,,,730.0,1
Mustard,2015-16,Narsingdi,2019,3445.0,,,1475.0,1
Mustard,2015-16,Natore,2019,6016.0,,,358.0,1
Mustard,2015-16,Netrakona,2019,2537.0,,,1251.0,1
Mustard,2015-16,Nilphamari,2019,2105.0,,,1243.0,1
Mustard,2015-16,Noakhali,2019,47.0,,,12.0,1
Mustard,2015-16,Pabna,2019,42336.0,,,15565.0,1
Mustard,2015-16,Panchagarh,2019,2743.0,,,1253.0,1
Mustard,2015-16,Patuakhali,2019,117.0,,,29.0,1
Mustard,2015-16,Pirojpur,2019,79.0,,,17.0,1
Mustard,2015-16,Rajbari,2019,5583.0,,,1891.0,1
Mustard,2015-16,Rajshahi,2019,40701.0,,,19270.0,1
Mustard,2015-16,Rangamati,2019,519.0,,,284.0,1
Mustard,2015-16,Rangpur,2019,4784.0,,,2333.0,1
Mustard,2015-16,Satkhira,2019,0.0,,,0.0,1
Mustard,2015-16,Shariatpur,2019,18657.0,,,8370.0,1
Mustard,2015-16,Sherpur,2019,5187.0,,,2127.0,1
Mustard,2015-16,Sirajganj,2019,122782.0,,,52504.0,1
Mustard,2015-16,Sunamganj,2019,1305.0,,,513.0,1
Mustard,2015-16,Sylhet,2019,2746.0,,,1703.0,1
Mustard,2015-16,Tangail,2019,61365.0,,,25146.0,1
Mustard,2015-16,Thakurgaon,2019,15303.0,,,6534.0,1
Mustard,2016-17,Bagerhat,2019,1720.0,,,652.0,1
Mustard,2016-17,Bandarban,2019,308.0,,,78.0,1
Mustard,2016-17,Barguna,2019,95.0,,,54.0,1
Mustard,2016-17,Barishal,2019,1969.0,,,804.0,1
Mustard,2016-17,Bhola,2019,1783.0,,,862.0,1
Mustard,2016-17,Bogura,2019,39868.0,,,17933.0,1
Mustard,2016-17,Brahmanbaria,2019,26864.0,,,18276.0,1
Mustard,2016-17,Chandpur,2019,5868.0,,,3079.0,1
Mustard,2016-17,Chapainababganj,2019,19111.0,,,7559.0,1
Mustard,2016-17,Chattogram,2019,792.0,,,209.0,1
Mustard,2016-17,Chuadanga,2019,4566.0,,,2814.0,1
Mustard,2016-17,Cox's Bazar,2019,391.0,,,209.0,1
Mustard,2016-17,Cumilla,2019,8464.0,,,4035.0,1
Mustard,2016-17,Dhaka,2019,58473.0,,,22554.0,1
Mustard,2016-17,Dinajpur,2019,27033.0,,,14622.0,1
Mustard,2016-17,Faridpur,2019,18500.0,,,5173.0,1
Mustard,2016-17,Feni,2019,560.0,,,175.0,1
Mustard,2016-17,Gaibandha,2019,6677.0,,,2742.0,1
Mustard,2016-17,Gazipur,2019,3962.0,,,1036.0,1
Mustard,2016-17,Gopalganj,2019,9082.0,,,3188.0,1
Mustard,2016-17,Habiganj,2019,1929.0,,,769.0,1
Mustard,2016-17,Jamalpur,2019,18718.0,,,7728.0,1
Mustard,2016-17,Jashore,2019,24905.0,,,9836.0,1
Mustard,2016-17,Jhalokati,2019,549.0,,,182.0,1
Mustard,2016-17,Jhenaidah,2019,7996.0,,,3841.0,1
Mustard,2016-17,Joypurhat,2019,5544.0,,,3665.0,1
Mustard,2016-17,Khagrachhari,2019,344.0,,,117.0,1
Mustard,2016-17,Khulna,2019,709.0,,,256.0,1
Mustard,2016-17,Kishoreganj,2019,1872.0,,,763.0,1
Mustard,2016-17,Kurigram,2019,11620.0,,,4711.0,1
Mustard,2016-17,Kushtia,2019,7107.0,,,4248.0,1
Mustard,2016-17,Lakshmipur,2019,221.0,,,75.0,1
Mustard,2016-17,Lalmonirhat,2019,1926.0,,,1008.0,1
Mustard,2016-17,Madaripur,2019,14081.0,,,6171.0,1
Mustard,2016-17,Magura,2019,11557.0,,,3860.0,1
Mustard,2016-17,Manikganj,2019,48243.0,,,20123.0,1
Mustard,2016-17,Meherpur,2019,15332.0,,,8633.0,1
Mustard,2016-17,Moulvibazar,2019,736.0,,,2241.0,1
Mustard,2016-17,Munshiganj,2019,5432.0,,,2474.0,1
Mustard,2016-17,Mymensingh,2019,3437.0,,,1413.0,1
Mustard,2016-17,Naogaon,2019,53375.0,,,28359.0,1
Mustard,2016-17,Narail,2019,7898.0,,,2688.0,1
Mustard,2016-17,Narayanganj,2019,1823.0,,,702.0,1
Mustard,2016-17,Narsingdi,2019,4199.0,,,1535.0,1
Mustard,2016-17,Natore,2019,6146.0,,,2413.0,1
Mustard,2016-17,Netrakona,2019,2292.0,,,1117.0,1
Mustard,2016-17,Nilphamari,2019,2315.0,,,1406.0,1
Mustard,2016-17,Noakhali,2019,44.0,,,9.0,1
Mustard,2016-17,Pabna,2019,40296.0,,,14986.0,1
Mustard,2016-17,Panchagarh,2019,2709.0,,,1252.0,1
Mustard,2016-17,Patuakhali,2019,111.0,,,25.0,1
Mustard,2016-17,Pirojpur,2019,97.0,,,25.0,1
Mustard,2016-17,Rajbari,2019,5142.0,,,2258.0,1
Mustard,2016-17,Rajshahi,2019,38732.0,,,8495.0,1
Mustard,2016-17,Rangamati,2019,526.0,,,272.0,1
Mustard,2016-17,Rangpur,2019,4699.0,,,2278.0,1
Mustard,2016-17,Satkhira,2019,12757.0,,,6654.0,1
Mustard,2016-17,Shariatpur,2019,13116.0,,,6289.0,1
Mustard,2016-17,Sherpur,2019,5195.0,,,2406.0,1
Mustard,2016-17,Sirajganj,2019,122525.0,,,54164.0,1
Mustard,2016-17,Sunamganj,2019,1298.0,,,475.0,1
Mustard,2016-17,Sylhet,2019,2618.0,,,1763.0,1
Mustard,2016-17,Tangail,2019,71992.0,,,29701.0,1
Mustard,2016-17,Thakurgaon,2019,13011.0,,,5420.0,1
Mustard,2017-18,Bagerhat,2019,1690.0,,,640.0,1
Mustard,2017-18,Bandarban,2019,308.0,,,79.0,1
Mustard,2017-18,Barguna,2019,92.0,,,53.0,1
Mustard,2017-18,Barishal,2019,1838.0,,,753.0,1
Mustard,2017-18,Bhola,2019,2117.0,,,1035.0,1
Mustard,2017-18,Bogura,2019,39995.0,,,19309.0,1
Mustard,2017-18,Brahmanbaria,2019,19525.0,,,15208.0,1
Mustard,2017-18,Chandpur,2019,3918.0,,,1826.0,1
Mustard,2017-18,Chapainababganj,2019,19111.0,,,6519.0,1
Mustard,2017-18,Chattogram,2019,794.0,,,210.0,1
Mustard,2017-18,Chuadanga,2019,4428.0,,,3631.0,1
Mustard,2017-18,Cox's Bazar,2019,381.0,,,204.0,1
Mustard,2017-18,Cumilla,2019,7422.0,,,3592.0,1
Mustard,2017-18,Dhaka,2019,24270.0,,,10025.0,1
Mustard,2017-18,Dinajpur,2019,30499.0,,,16379.0,1
Mustard,2017-18,Faridpur,2019,19719.0,,,6325.0,1
Mustard,2017-18,Feni,2019,547.0,,,177.0,1
Mustard,2017-18,Gaibandha,2019,4771.0,,,2040.0,1
Mustard,2017-18,Gazipur,2019,3949.0,,,1529.0,1
Mustard,2017-18,Gopalganj,2019,9082.0,,,3188.0,1
Mustard,2017-18,Habiganj,2019,1972.0,,,805.0,1
Mustard,2017-18,Jamalpur,2019,23034.0,,,9512.0,1
Mustard,2017-18,Jashore,2019,22034.0,,,8578.0,1
Mustard,2017-18,Jhalokati,2019,568.0,,,208.0,1
Mustard,2017-18,Jhenaidah,2019,7568.0,,,3545.0,1
Mustard,2017-18,Joypurhat,2019,5771.0,,,4793.0,1
Mustard,2017-18,Khagrachhari,2019,352.0,,,122.0,1
Mustard,2017-18,Khulna,2019,703.0,,,251.0,1
Mustard,2017-18,Kishoreganj,2019,1664.0,,,641.0,1
Mustard,2017-18,Kurigram,2019,10262.0,,,5916.0,1
Mustard,2017-18,Kushtia,2019,6575.0,,,3924.0,1
Mustard,2017-18,Lakshmipur,2019,223.0,,,68.0,1
Mustard,2017-18,Lalmonirhat,2019,1925.0,,,1011.0,1
Mustard,2017-18,Madaripur,2019,16348.0,,,7307.0,1
Mustard,2017-18,Magura,2019,11566.0,,,4416.0,1
Mustard,2017-18,Manikganj,2019,46183.0,,,19782.0,1
Mustard,2017-18,Meherpur,2019,13130.0,,,7483.0,1
Mustard,2017-18,Moulvibazar,2019,736.0,,,2243.0,1
Mustard,2017-18,Munshiganj,2019,5378.0,,,2461.0,1
Mustard,2017-18,Mymensingh,2019,5892.0,,,1306.0,1
Mustard,2017-18,Naogaon,2019,53833.0,,,28455.0,1
Mustard,2017-18,Narail,2019,6221.0,,,2485.0,1
Mustard,2017-18,Narayanganj,2019,1818.0,,,700.0,1
Mustard,2017-18,Narsingdi,2019,3860.0,,,1425.0,1
Mustard,2017-18,Natore,2019,5476.0,,,2157.0,1
Mustard,2017-18,Netrakona,2019,2314.0,,,1146.0,1
Mustard,2017-18,Nilphamari,2019,2210.0,,,1321.0,1
Mustard,2017-18,Noakhali,2019,41.0,,,8.0,1
Mustard,2017-18,Pabna,2019,38815.0,,,14141.0,1
Mustard,2017-18,Panchagarh,2019,2686.0,,,1245.0,1
Mustard,2017-18,Patuakhali,2019,98.0,,,52.0,1
Mustard,2017-18,Pirojpur,2019,97.0,,,32.0,1
Mustard,2017-18,Rajbari,2019,2665.0,,,1146.0,1
Mustard,2017-18,Rajshahi,2019,37535.0,,,19989.0,1
Mustard,2017-18,Rangamati,2019,502.0,,,259.0,1
Mustard,2017-18,Rangpur,2019,4720.0,,,2258.0,1
Mustard,2017-18,Satkhira,2019,13269.0,,,6981.0,1
Mustard,2017-18,Shariatpur,2019,12194.0,,,6156.0,1
Mustard,2017-18,Sherpur,2019,5284.0,,,2406.0,1
Mustard,2017-18,Sirajganj,2019,120576.0,,,52726.0,1
Mustard,2017-18,Sunamganj,2019,1301.0,,,478.0,1
Mustard,2017-18,Sylhet,2019,2475.0,,,1779.0,1
Mustard,2017-18,Tangail,2019,55961.0,,,23198.0,1
Mustard,2017-18,Thakurgaon,2019,9583.0,,,3900.0,1
Onion,2015-16,Bagerhat,2019,333.0,,,717.0,1
Onion,2015-16,Bandarban,2019,118.0,,,175.0,1
Onion,2015-16,Barguna,2019,108.0,,,124.0,1
Onion,2015-16,Barishal,2019,553.0,,,541.0,1
Onion,2015-16,Bhola,2019,1789.0,,,3209.0,1
Onion,2015-16,Bogura,2019,4630.0,,,11167.0,1
Onion,2015-16,Brahmanbaria,2019,1415.0,,,2918.0,1
Onion,2015-16,Chandpur,2019,1724.0,,,4318.0,1
Onion,2015-16,Chapainababganj,2019,6637.0,,,24153.0,1
Onion,2015-16,Chattogram,2019,162.0,,,235.0,1
Onion,2015-16,Chuadanga,2019,1588.0,,,9030.0,1
Onion,2015-16,Cox's Bazar,2019,171.0,,,289.0,1
Onion,2015-16,Cumilla,2019,616.0,,,1767.0,1
Onion,2015-16,Dhaka,2019,1306.0,,,6446.0,1
Onion,2015-16,Dinajpur,2019,6129.0,,,20904.0,1
Onion,2015-16,Faridpur,2019,72721.0,,,290417.0,1
Onion,2015-16,Feni,2019,32.0,,,25.0,1
Onion,2015-16,Gaibandha,2019,2251.0,,,6487.0,1
Onion,2015-16,Gazipur,2019,401.0,,,754.0,1
Onion,2015-16,Gopalganj,2019,5057.0,,,14723.0,1
Onion,2015-16,Habiganj,2019,223.0,,,619.0,1
Onion,2015-16,Jamalpur,2019,3900.0,,,10721.0,1
Onion,2015-16,Jashore,2019,3230.0,,,13307.0,1
Onion,2015-16,Jhalokati,2019,70.0,,,96.0,1
Onion,2015-16,Jhenaidah,2019,13021.0,,,53701.0,1
Onion,2015-16,Joypurhat,2019,1913.0,,,5483.0,1
Onion,2015-16,Khagrachhari,2019,55.0,,,82.0,1
Onion,2015-16,Khulna,2019,318.0,,,672.0,1
Onion,2015-16,Kishoreganj,2019,1278.0,,,3995.0,1
Onion,2015-16,Kurigram,2019,1410.0,,,3197.0,1
Onion,2015-16,Kushtia,2019,25376.0,,,109645.0,1
Onion,2015-16,Lakshmipur,2019,463.0,,,795.0,1
Onion,2015-16,Lalmonirhat,2019,1152.0,,,3642.0,1
Onion,2015-16,Madaripur,2019,9214.0,,,42977.0,1
Onion,2015-16,Magura,2019,13656.0,,,54327.0,1
Onion,2015-16,Manikganj,2019,18066.0,,,48146.0,1
Onion,2015-16,Meherpur,2019,7420.0,,,68720.0,1
Onion,2015-16,Moulvibazar,2019,79.0,,,157.0,1
Onion,2015-16,Munshiganj,2019,507.0,,,938.0,1
Onion,2015-16,Mymensingh,2019,1508.0,,,4012.0,1
Onion,2015-16,Naogaon,2019,7767.0,,,28647.0,1
Onion,2015-16,Narail,2019,1610.0,,,4907.0,1
Onion,2015-16,Narayanganj,2019,652.0,,,1373.0,1
Onion,2015-16,Narsingdi,2019,383.0,,,702.0,1
Onion,2015-16,Natore,2019,6582.0,,,18835.0,1
Onion,2015-16,Netrakona,2019,770.0,,,2006.0,1
Onion,2015-16,Nilphamari,2019,2152.0,,,7925.0,1
Onion,2015-16,Noakhali,2019,389.0,,,579.0,1
Onion,2015-16,Pabna,2019,105980.0,,,415372.0,1
Onion,2015-16,Panchagarh,2019,3005.0,,,9816.0,1
Onion,2015-16,Patuakhali,2019,105.0,,,89.0,1
Onion,2015-16,Pirojpur,2019,44.0,,,53.0,1
Onion,2015-16,Rajbari,2019,53325.0,,,227368.0,1
Onion,2015-16,Rajshahi,2019,27216.0,,,142095.0,1
Onion,2015-16,Rangamati,2019,98.0,,,171.0,1
Onion,2015-16,Rangpur,2019,4489.0,,,14690.0,1
Onion,2015-16,Satkhira,2019,1078.0,,,3501.0,1
Onion,2015-16,Shariatpur,2019,6180.0,,,19488.0,1
Onion,2015-16,Sherpur,2019,1173.0,,,3378.0,1
Onion,2015-16,Sirajganj,2019,1675.0,,,3975.0,1
Onion,2015-16,Sunamganj,2019,263.0,,,623.0,1
Onion,2015-16,Sylhet,2019,138.0,,,109.0,1
Onion,2015-16,Tangail,2019,1852.0,,,4013.0,1
Onion,2015-16,Thakurgaon,2019,880.0,,,1988.0,1
Onion,2016-17,Bagerhat,2019,346.0,,,755.0,1
Onion,2016-17,Bandarban,2019,117.0,,,174.0,1
Onion,2016-17,Barguna,2019,106.0,,,124.0,1
Onion,2016-17,Barishal,2019,408.0,,,505.0,1
Onion,2016-17,Bhola,2019,1421.0,,,2560.0,1
Onion,2016-17,Bogura,2019,4548.0,,,10350.0,1
Onion,2016-17,Brahmanbaria,2019,1318.0,,,2698.0,1
Onion,2016-17,Chandpur,2019,1692.0,,,3609.0,1
Onion,2016-17,Chapainababganj,2019,6438.0,,,23558.0,1
Onion,2016-17,Chattogram,2019,167.0,,,241.0,1
Onion,2016-17,Chuadanga,2019,1564.0,,,8765.0,1
Onion,2016-17,Cox's Bazar,2019,87.0,,,141.0,1
Onion,2016-17,Cumilla,2019,504.0,,,1465.0,1
Onion,2016-17,Dhaka,2019,1266.0,,,6405.0,1
Onion,2016-17,Dinajpur,2019,5655.0,,,18931.0,1
Onion,2016-17,Faridpur,2019,81970.0,,,385669.0,1
Onion,2016-17,Feni,2019,29.0,,,22.0,1
Onion,2016-17,Gaibandha,2019,2622.0,,,6292.0,1
Onion,2016-17,Gazipur,2019,409.0,,,782.0,1
Onion,2016-17,Gopalganj,2019,5068.0,,,14808.0,1
Onion,2016-17,Habiganj,2019,221.0,,,629.0,1
Onion,2016-17,Jamalpur,2019,3886.0,,,10667.0,1
Onion,2016-17,Jashore,2019,3248.0,,,13475.0,1
Onion,2016-17,Jhalokati,2019,83.0,,,127.0,1
Onion,2016-17,Jhenaidah,2019,16236.0,,,84176.0,1
Onion,2016-17,Joypurhat,2019,1848.0,,,5331.0,1
Onion,2016-17,Khagrachhari,2019,44.0,,,71.0,1
Onion,2016-17,Khulna,2019,336.0,,,656.0,1
Onion,2016-17,Kishoreganj,2019,1282.0,,,4031.0,1
Onion,2016-17,Kurigram,2019,1420.0,,,3323.0,1
Onion,2016-17,Kushtia,2019,25726.0,,,127547.0,1
Onion,2016-17,Lakshmipur,2019,434.0,,,788.0,1
Onion,2016-17,Lalmonirhat,2019,1180.0,,,3730.0,1
Onion,2016-17,Madaripur,2019,9606.0,,,51830.0,1
Onion,2016-17,Magura,2019,13897.0,,,55454.0,1
Onion,2016-17,Manikganj,2019,17808.0,,,48103.0,1
Onion,2016-17,Meherpur,2019,7265.0,,,73473.0,1
Onion,2016-17,Moulvibazar,2019,79.0,,,160.0,1
Onion,2016-17,Munshiganj,2019,526.0,,,953.0,1
Onion,2016-17,Mymensingh,2019,1517.0,,,3963.0,1
Onion,2016-17,Naogaon,2019,7016.0,,,26430.0,1
Onion,2016-17,Narail,2019,1552.0,,,4680.0,1
Onion,2016-17,Narayanganj,2019,655.0,,,1410.0,1
Onion,2016-17,Narsingdi,2019,375.0,,,661.0,1
Onion,2016-17,Natore,2019,5493.0,,,18192.0,1
Onion,2016-17,Netrakona,2019,783.0,,,2074.0,1
Onion,2016-17,Nilphamari,2019,2184.0,,,8024.0,1
Onion,2016-17,Noakhali,2019,398.0,,,593.0,1
Onion,2016-17,Pabna,2019,104916.0,,,431091.0,1
Onion,2016-17,Panchagarh,2019,3018.0,,,9857.0,1
Onion,2016-17,Patuakhali,2019,106.0,,,82.0,1
Onion,2016-17,Pirojpur,2019,53.0,,,65.0,1
Onion,2016-17,Rajbari,2019,64638.0,,,169417.0,1
Onion,2016-17,Rajshahi,2019,27571.0,,,160873.0,1
Onion,2016-17,Rangamati,2019,100.0,,,175.0,1
Onion,2016-17,Rangpur,2019,4529.0,,,14952.0,1
Onion,2016-17,Satkhira,2019,1036.0,,,3335.0,1
Onion,2016-17,Shariatpur,2019,6141.0,,,23576.0,1
Onion,2016-17,Sherpur,2019,1197.0,,,3426.0,1
Onion,2016-17,Sirajganj,2019,1492.0,,,4125.0,1
Onion,2016-17,Sunamganj,2019,317.0,,,811.0,1
Onion,2016-17,Sylhet,2019,135.0,,,150.0,1
Onion,2016-17,Tangail,2019,2006.0,,,4177.0,1
Onion,2016-17,Thakurgaon,2019,881.0,,,1985.0,1
Onion,2017-18,Bagerhat,2019,345.0,,,752.0,1
Onion,2017-18,Bandarban,2019,119.0,,,179.0,1
Onion,2017-18,Barguna,2019,108.0,,,128.0,1
Onion,2017-18,Barishal,2019,564.0,,,625.0,1
Onion,2017-18,Bhola,2019,1372.0,,,2648.0,1
Onion,2017-18,Bogura,2019,4721.0,,,10824.0,1
Onion,2017-18,Brahmanbaria,2019,354.0,,,1012.0,1
Onion,2017-18,Chandpur,2019,1672.0,,,4336.0,1
Onion,2017-18,Chapainababganj,2019,6440.0,,,23500.0,1
Onion,2017-18,Chattogram,2019,172.0,,,248.0,1
Onion,2017-18,Chuadanga,2019,1603.0,,,9244.0,1
Onion,2017-18,Cox's Bazar,2019,76.0,,,132.0,1
Onion,2017-18,Cumilla,2019,298.0,,,874.0,1
Onion,2017-18,Dhaka,2019,1243.0,,,4168.0,1
Onion,2017-18,Dinajpur,2019,5480.0,,,17257.0,1
Onion,2017-18,Faridpur,2019,67859.0,,,265501.0,1
Onion,2017-18,Feni,2019,33.0,,,26.0,1
Onion,2017-18,Gaibandha,2019,2310.0,,,5574.0,1
Onion,2017-18,Gazipur,2019,423.0,,,829.0,1
Onion,2017-18,Gopalganj,2019,4974.0,,,14478.0,1
Onion,2017-18,Habiganj,2019,225.0,,,633.0,1
Onion,2017-18,Jamalpur,2019,3742.0,,,10891.0,1
Onion,2017-18,Jashore,2019,3222.0,,,13481.0,1
Onion,2017-18,Jhalokati,2019,68.0,,,83.0,1
Onion,2017-18,Jhenaidah,2019,16078.0,,,83520.0,1
Onion,2017-18,Joypurhat,2019,1722.0,,,5362.0,1
Onion,2017-18,Khagrachhari,2019,49.0,,,79.0,1
Onion,2017-18,Khulna,2019,336.0,,,656.0,1
Onion,2017-18,Kishoreganj,2019,1299.0,,,4048.0,1
Onion,2017-18,Kurigram,2019,1110.0,,,2367.0,1
Onion,2017-18,Kushtia,2019,25389.0,,,128084.0,1
Onion,2017-18,Lakshmipur,2019,470.0,,,788.0,1
Onion,2017-18,Lalmonirhat,2019,1166.0,,,3657.0,1
Onion,2017-18,Madaripur,2019,9631.0,,,52262.0,1
Onion,2017-18,Magura,2019,13939.0,,,55612.0,1
Onion,2017-18,Manikganj,2019,18115.0,,,48014.0,1
Onion,2017-18,Meherpur,2019,4350.0,,,50621.0,1
Onion,2017-18,Moulvibazar,2019,81.0,,,161.0,1
Onion,2017-18,Munshiganj,2019,542.0,,,981.0,1
Onion,2017-18,Mymensingh,2019,1437.0,,,3830.0,1
Onion,2017-18,Naogaon,2019,6613.0,,,24775.0,1
Onion,2017-18,Narail,2019,1341.0,,,4367.0,1
Onion,2017-18,Narayanganj,2019,644.0,,,1387.0,1
Onion,2017-18,Narsingdi,2019,338.0,,,601.0,1
Onion,2017-18,Natore,2019,7586.0,,,24674.0,1
Onion,2017-18,Netrakona,2019,804.0,,,2135.0,1
Onion,2017-18,Nilphamari,2019,2260.0,,,7702.0,1
Onion,2017-18,Noakhali,2019,368.0,,,534.0,1
Onion,2017-18,Pabna,2019,104644.0,,,432046.0,1
Onion,2017-18,Panchagarh,2019,3040.0,,,10011.0,1
Onion,2017-18,Patuakhali,2019,102.0,,,118.0,1
Onion,2017-18,Pirojpur,2019,53.0,,,67.0,1
Onion,2017-18,Rajbari,2019,65800.0,,,221339.0,1
Onion,2017-18,Rajshahi,2019,26500.0,,,123750.0,1
Onion,2017-18,Rangamati,2019,109.0,,,171.0,1
Onion,2017-18,Rangpur,2019,4783.0,,,15980.0,1
Onion,2017-18,Satkhira,2019,1015.0,,,3313.0,1
Onion,2017-18,Shariatpur,2019,6072.0,,,23251.0,1
Onion,2017-18,Sherpur,2019,1210.0,,,3488.0,1
Onion,2017-18,Sirajganj,2019,1271.0,,,3246.0,1
Onion,2017-18,Sunamganj,2019,320.0,,,816.0,1
Onion,2017-18,Sylhet,2019,141.0,,,162.0,1
Onion,2017-18,Tangail,2019,1996.0,,,4143.0,1
Onion,2017-18,Thakurgaon,2019,958.0,,,2173.0,1
Potato,2016-17,Bagerhat,2019,1296.0,524.0,15.6,8182.0,1
Potato,2016-17,Bandarban,2019,926.0,375.0,9.866,3697.0,1
Potato,2016-17,Barguna,2019,1449.0,586.0,18.006,10558.0,1
Potato,2016-17,Barishal,2019,3948.0,1598.0,20.286,32411.0,1
Potato,2016-17,Bhola,2019,20041.0,8110.0,26.687,216434.0,1
Potato,2016-17,Bogura,2019,159657.0,64610.0,18.871,1219265.0,1
Potato,2016-17,Brahmanbaria,2019,4410.0,1785.0,13.278,23696.0,1
Potato,2016-17,Chandpur,2019,33987.0,13754.0,21.709,298576.0,1
Potato,2016-17,Chapainababganj,2019,3786.0,1532.0,18.756,28736.0,1
Potato,2016-17,Chattogram,2019,11327.0,4584.0,14.101,64637.0,1
Potato,2016-17,Chuadanga,2019,4606.0,1864.0,21.734,40510.0,1
Potato,2016-17,Cumilla,2019,32753.0,13254.0,18.48,244940.0,1
Potato,2016-17,Dhaka,2019,4942.0,2000.0,20.749,41497.0,1
Potato,2016-17,Dinajpur,2019,120740.0,48861.0,19.936,974066.0,1
Potato,2016-17,Faridpur,2019,640.0,259.0,23.657,6127.0,1
Potato,2016-17,Feni,2019,592.0,240.0,12.617,3023.0,1
Potato,2016-17,Gaibandha,2019,21938.0,8878.0,15.834,140572.0,1
Potato,2016-17,Gazipur,2019,669.0,271.0,13.848,3749.0,1
Potato,2016-17,Gopalganj,2019,505.0,204.0,22.384,4574.0,1
Potato,2016-17,Habiganj,2019,4841.0,1959.0,11.096,21739.0,1
Potato,2016-17,Jamalpur,2019,12487.0,5053.0,17.594,88908.0,1
Potato,2016-17,Jashore,2019,7762.0,3141.0,23.346,73332.0,1
Potato,2016-17,Jhalokati,2019,688.0,278.0,16.128,4490.0,1
Potato,2016-17,Jhenaidah,2019,4162.0,1684.0,20.722,34901.0,1
Potato,2016-17,Joypurhat,2019,86683.0,35079.0,19.321,677761.0,1
Potato,2016-17,Khagrachhari,2019,364.0,147.0,13.61,2005.0,1
Potato,2016-17,Khulna,2019,1563.0,633.0,14.314,9054.0,1
Potato,2016-17,Kishoreganj,2019,10402.0,4209.0,13.007,54754.0,1
Potato,2016-17,Kurigram,2019,17447.0,7060.0,20.076,141745.0,1
Potato,2016-17,Kushtia,2019,5504.0,2227.0,21.817,48593.0,1
Potato,2016-17,Lakshmipur,2019,707.0,286.0,11.152,3191.0,1
Potato,2016-17,Lalmonirhat,2019,13080.0,5293.0,18.324,96992.0,1
Potato,2016-17,Madaripur,2019,1857.0,751.0,18.91,14211.0,1
Potato,2016-17,Magura,2019,85.0,34.0,15.043,517.0,1
Potato,2016-17,Manikganj,2019,5511.0,2230.0,20.151,44940.0,1
Potato,2016-17,Meherpur,2019,3480.0,1408.0,23.21,32687.0,1
Potato,2016-17,Moulvibazar,2019,5033.0,2037.0,11.502,23426.0,1
Potato,2016-17,Munshiganj,2019,93041.0,37652.0,32.708,1231517.0,1
Potato,2016-17,Mymensingh,2019,10044.0,4065.0,10.054,40865.0,1
Potato,2016-17,Naogaon,2019,63799.0,25818.0,16.663,430207.0,1
Potato,2016-17,Narail,2019,63.0,25.0,13.356,341.0,1
Potato,2016-17,Narayanganj,2019,6082.0,2461.0,28.558,70288.0,1
Potato,2016-17,Narsingdi,2019,3833.0,1551.0,12.733,19750.0,1
Potato,2016-17,Natore,2019,1472.0,596.0,16.297,9708.0,1
Potato,2016-17,Netrakona,2019,4359.0,1764.0,8.376,14775.0,1
Potato,2016-17,Nilphamari,2019,58575.0,23704.0,19.288,457207.0,1
Potato,2016-17,Noakhali,2019,579.0,234.0,10.99,2575.0,1
Potato,2016-17,Pabna,2019,2303.0,932.0,12.6,11743.0,1
Potato,2016-17,Panchagarh,2019,25510.0,10323.0,19.819,204601.0,1
Potato,2016-17,Patuakhali,2019,1138.0,461.0,14.981,6899.0,1
Potato,2016-17,Pirojpur,2019,2243.0,908.0,12.262,11130.0,1
Potato,2016-17,Rajbari,2019,372.0,151.0,19.004,2861.0,1
Potato,2016-17,Rajshahi,2019,105514.0,42699.0,24.958,1065688.0,1
Potato,2016-17,Rangamati,2019,807.0,327.0,10.778,3520.0,1
Potato,2016-17,Rangpur,2019,135599.0,54874.0,20.651,1133178.0,1
Potato,2016-17,Satkhira,2019,8238.0,3334.0,17.281,57611.0,1
Potato,2016-17,Shariatpur,2019,4552.0,1842.0,24.863,45800.0,1
Potato,2016-17,Sherpur,2019,13205.0,5344.0,18.266,97609.0,1
Potato,2016-17,Sirajganj,2019,7810.0,3161.0,13.167,41614.0,1
Potato,2016-17,Sunamganj,2019,3846.0,1556.0,11.401,17745.0,1
Potato,2016-17,Sylhet,2019,3252.0,1316.0,10.307,13564.0,1
Potato,2016-17,Tangail,2019,8934.0,3615.0,13.603,49180.0,1
Potato,2016-17,Thakurgaon,2019,57628.0,23321.0,18.373,428479.0,1
Potato,2017-18,Bagerhat,2019,2445.0,989.0,15.228,15067.0,1
Potato,2017-18,Bandarban,2019,1357.0,549.0,9.737,5347.0,1
Potato,2017-18,Barguna,2019,677.0,274.0,18.402,5041.0,1
Potato,2017-18,Barishal,2019,3805.0,1540.0,19.832,30539.0,1
Potato,2017-18,Bhola,2019,18113.0,7330.0,26.654,195369.0,1
Potato,2017-18,Bogura,2019,147333.0,59622.0,19.035,1134920.0,1
Potato,2017-18,Brahmanbaria,2019,4942.0,2000.0,13.053,26106.0,1
Potato,2017-18,Chandpur,2019,25353.0,10260.0,17.187,176333.0,1
Potato,2017-18,Chapainababganj,2019,3646.0,1475.0,18.669,27546.0,1
Potato,2017-18,Chattogram,2019,11873.0,4805.0,14.401,69192.0,1
Potato,2017-18,Chuadanga,2019,3553.0,1438.0,21.721,31230.0,1
Potato,2017-18,Cumilla,2019,28750.0,11634.0,18.407,214160.0,1
Potato,2017-18,Dhaka,2019,4710.0,1906.0,21.5,40980.0,1
Potato,2017-18,Dinajpur,2019,121445.0,49146.0,19.932,979600.0,1
Potato,2017-18,Faridpur,2019,736.0,298.0,23.198,6909.0,1
Potato,2017-18,Feni,2019,634.0,257.0,13.422,3444.0,1
Potato,2017-18,Gaibandha,2019,16992.0,6876.0,16.597,114125.0,1
Potato,2017-18,Gazipur,2019,340.0,138.0,13.009,1790.0,1
Potato,2017-18,Gopalganj,2019,751.0,304.0,22.308,6780.0,1
Potato,2017-18,Habiganj,2019,4649.0,1881.0,11.926,22437.0,1
Potato,2017-18,Jamalpur,2019,12138.0,4912.0,18.163,89217.0,1
Potato,2017-18,Jashore,2019,8701.0,3521.0,23.747,83615.0,1
Potato,2017-18,Jhalokati,2019,1052.0,426.0,19.832,8443.0,1
Potato,2017-18,Jhenaidah,2019,3899.0,1578.0,20.74,32725.0,1
Potato,2017-18,Joypurhat,2019,94565.0,38268.0,19.563,748632.0,1
Potato,2017-18,Khagrachhari,2019,1397.0,565.0,10.53,5953.0,1
Potato,2017-18,Khulna,2019,1169.0,473.0,15.283,7230.0,1
Potato,2017-18,Kishoreganj,2019,13454.0,5445.0,13.13,71488.0,1
Potato,2017-18,Kurigram,2019,16295.0,6594.0,20.984,138370.0,1
Potato,2017-18,Kushtia,2019,6007.0,2431.0,21.781,52946.0,1
Potato,2017-18,Lakshmipur,2019,650.0,263.0,13.39,3522.0,1
Potato,2017-18,Lalmonirhat,2019,11688.0,4730.0,19.278,91184.0,1
Potato,2017-18,Madaripur,2019,1265.0,512.0,19.395,9929.0,1
Potato,2017-18,Magura,2019,72.0,29.0,15.509,452.0,1
Potato,2017-18,Manikganj,2019,3788.0,1533.0,20.122,30846.0,1
Potato,2017-18,Meherpur,2019,3203.0,1296.0,22.787,29536.0,1
Potato,2017-18,Moulvibazar,2019,4953.0,2004.0,11.89,23831.0,1
Potato,2017-18,Munshiganj,2019,89748.0,36319.0,32.613,1184479.0,1
Potato,2017-18,Mymensingh,2019,9746.0,3944.0,9.99,39402.0,1
Potato,2017-18,Naogaon,2019,55697.0,22539.0,16.569,373450.0,1
Potato,2017-18,Narail,2019,79.0,32.0,14.609,467.0,1
Potato,2017-18,Narayanganj,2019,7440.0,3011.0,28.186,84862.0,1
Potato,2017-18,Narsingdi,2019,3322.0,1344.0,14.923,20062.0,1
Potato,2017-18,Natore,2019,146.0,59.0,16.31,964.0,1
Potato,2017-18,Netrakona,2019,4618.0,1869.0,9.559,17865.0,1
Potato,2017-18,Nilphamari,2019,56425.0,22834.0,18.988,433573.0,1
Potato,2017-18,Noakhali,2019,202.0,82.0,13.49,1103.0,1
Potato,2017-18,Pabna,2019,2098.0,849.0,12.768,10841.0,1
Potato,2017-18,Panchagarh,2019,24998.0,10116.0,19.809,200389.0,1
Potato,2017-18,Patuakhali,2019,1153.0,467.0,18.439,8603.0,1
Potato,2017-18,Pirojpur,2019,2634.0,1066.0,13.396,14279.0,1
Potato,2017-18,Rajbari,2019,421.0,170.0,18.331,3123.0,1
Potato,2017-18,Rajshahi,2019,98720.0,39950.0,25.579,1021886.0,1
Potato,2017-18,Rangamati,2019,218.0,88.0,11.138,983.0,1
Potato,2017-18,Rangpur,2019,126439.0,51167.0,20.125,1029722.0,1
Potato,2017-18,Satkhira,2019,7537.0,3050.0,17.17,52370.0,1
Potato,2017-18,Shariatpur,2019,4940.0,1999.0,24.847,49672.0,1
Potato,2017-18,Sherpur,2019,11093.0,4489.0,17.092,76728.0,1
Potato,2017-18,Sirajganj,2019,6978.0,2824.0,14.072,39738.0,1
Potato,2017-18,Sunamganj,2019,4110.0,1663.0,11.489,19109.0,1
Potato,2017-18,Sylhet,2019,3252.0,1316.0,11.028,14514.0,1
Potato,2017-18,Tangail,2019,7513.0,3040.0,13.138,39943.0,1
Potato,2017-18,Thakurgaon,2019,58834.0,23809.0,18.729,445918.0,1
Sugarcane,2015-16,Bogura,2019,1198.0,,,23995.0,1
Sugarcane,2015-16,Chapainababganj,2019,12081.0,,,163587.0,1
Sugarcane,2015-16,Dinajpur,2019,5842.0,,,84119.0,1
Sugarcane,2015-16,Gaibandha,2019,5974.0,,,153152.0,1
Sugarcane,2015-16,Habiganj,2019,2647.0,,,7481.0,1
Sugarcane,2015-16,Jamalpur,2019,12088.0,,,233498.0,1
Sugarcane,2015-16,Joypurhat,2019,2239.0,,,47489.0,1
Sugarcane,2015-16,Kurigram,2019,712.0,,,10401.0,1
Sugarcane,2015-16,Lalmonirhat,2019,264.0,,,3341.0,1
Sugarcane,2015-16,Magura,2019,507.0,,,7167.0,1
Sugarcane,2015-16,Meherpur,2019,1009.0,,,20196.0,1
Sugarcane,2015-16,Moulvibazar,2019,140.0,,,413.0,1
Sugarcane,2015-16,Mymensingh,2019,5768.0,,,86251.0,1
Sugarcane,2015-16,Naogaon,2019,1437.0,,,28534.0,1
Sugarcane,2015-16,Narail,2019,1706.0,,,26647.0,1
Sugarcane,2015-16,Natore,2019,56432.0,,,1213101.0,1
Sugarcane,2015-16,Netrakona,2019,54.0,,,662.0,1
Sugarcane,2015-16,Nilphamari,2019,190.0,,,4561.0,1
Sugarcane,2015-16,Pabna,2019,9529.0,,,180595.0,1
Sugarcane,2015-16,Panchagarh,2019,10215.0,,,103915.0,1
Sugarcane,2015-16,Rajshahi,2019,27579.0,,,503722.0,1
Sugarcane,2015-16,Rangpur,2019,4753.0,,,103105.0,1
Sugarcane,2015-16,Satkhira,2019,322.0,,,6315.0,1
Sugarcane,2015-16,Sherpur,2019,206.0,,,4373.0,1
Sugarcane,2015-16,Sirajganj,2019,3136.0,,,51154.0,1
Sugarcane,2015-16,Sunamganj,2019,326.0,,,3996.0,1
Sugarcane,2015-16,Sylhet,2019,10.0,,,14.0,1
Sugarcane,2015-16,Thakurgaon,2019,10680.0,,,149665.0,1
Sugarcane,2016-17,Bogura,2019,751.0,,,14746.0,1
Sugarcane,2016-17,Chapainababganj,2019,3190.0,,,33123.0,1
Sugarcane,2016-17,Dinajpur,2019,5626.0,,,80118.0,1
Sugarcane,2016-17,Gaibandha,2019,5968.0,,,152293.0,1
Sugarcane,2016-17,Habiganj,2019,2425.0,,,7185.0,1
Sugarcane,2016-17,Jamalpur,2019,12310.0,,,225997.0,1
Sugarcane,2016-17,Joypurhat,2019,2207.0,,,46859.0,1
Sugarcane,2016-17,Kurigram,2019,708.0,,,10895.0,1
Sugarcane,2016-17,Lalmonirhat,2019,263.0,,,3527.0,1
Sugarcane,2016-17,Magura,2019,343.0,,,4537.0,1
Sugarcane,2016-17,Meherpur,2019,927.0,,,16863.0,1
Sugarcane,2016-17,Moulvibazar,2019,137.0,,,408.0,1
Sugarcane,2016-17,Mymensingh,2019,5680.0,,,85530.0,1
Sugarcane,2016-17,Naogaon,2019,1410.0,,,27744.0,1
Sugarcane,2016-17,Narail,2019,1683.0,,,26477.0,1
Sugarcane,2016-17,Natore,2019,60685.0,,,1189958.0,1
Sugarcane,2016-17,Netrakona,2019,60.0,,,726.0,1
Sugarcane,2016-17,Nilphamari,2019,183.0,,,4420.0,1
Sugarcane,2016-17,Pabna,2019,8356.0,,,159821.0,1
Sugarcane,2016-17,Panchagarh,2019,10057.0,,,94924.0,1
Sugarcane,2016-17,Rajshahi,2019,24731.0,,,463103.0,1
Sugarcane,2016-17,Rangpur,2019,4739.0,,,103063.0,1
Sugarcane,2016-17,Satkhira,2019,343.0,,,6656.0,1
Sugarcane,2016-17,Sherpur,2019,205.0,,,4353.0,1
Sugarcane,2016-17,Sirajganj,2019,2774.0,,,48541.0,1
Sugarcane,2016-17,Sunamganj,2019,327.0,,,2883.0,1
Sugarcane,2016-17,Sylhet,2019,18.0,,,150.0,1
Sugarcane,2016-17,Thakurgaon,2019,10660.0,,,138700.0,1
Sugarcane,2017-18,Bogura,2019,670.0,,,13233.0,1
Sugarcane,2017-18,Chapainababganj,2019,3664.0,,,62815.0,1
Sugarcane,2017-18,Dinajpur,2019,4640.0,,,67785.0,1
Sugarcane,2017-18,Gaibandha,2019,5964.0,,,153298.0,1
Sugarcane,2017-18,Habiganj,2019,2434.0,,,7128.0,1
Sugarcane,2017-18,Jamalpur,2019,12513.0,,,231028.0,1
Sugarcane,2017-18,Joypurhat,2019,2206.0,,,46846.0,1
Sugarcane,2017-18,Kurigram,2019,711.0,,,10568.0,1
Sugarcane,2017-18,Lalmonirhat,2019,277.0,,,3541.0,1
Sugarcane,2017-18,Magura,2019,294.0,,,3746.0,1
Sugarcane,2017-18,Meherpur,2019,930.0,,,16956.0,1
Sugarcane,2017-18,Moulvibazar,2019,128.0,,,384.0,1
Sugarcane,2017-18,Mymensingh,2019,5624.0,,,84238.0,1
Sugarcane,2017-18,Naogaon,2019,1242.0,,,24823.0,1
Sugarcane,2017-18,Narail,2019,1779.0,,,27541.0,1
Sugarcane,2017-18,Natore,2019,60480.0,,,1185036.0,1
Sugarcane,2017-18,Netrakona,2019,63.0,,,734.0,1
Sugarcane,2017-18,Nilphamari,2019,190.0,,,5013.0,1
Sugarcane,2017-18,Pabna,2019,8355.0,,,24046.0,1
Sugarcane,2017-18,Panchagarh,2019,9705.0,,,125130.0,1
Sugarcane,2017-18,Rajshahi,2019,24649.0,,,448486.0,1
Sugarcane,2017-18,Rangpur,2019,4082.0,,,90700.0,1
Sugarcane,2017-18,Satkhira,2019,310.0,,,5907.0,1
Sugarcane,2017-18,Sherpur,2019,224.0,,,4790.0,1
Sugarcane,2017-18,Sirajganj,2019,2758.0,,,47918.0,1
Sugarcane,2017-18,Sunamganj,2019,330.0,,,3011.0,1
Sugarcane,2017-18,Sylhet,2019,20.0,,,154.0,1
Sugarcane,2017-18,Thakurgaon,2019,10776.0,,,134902.0,1
Wheat,2016-17,Bagerhat,2019,719.0,291.0,2.646,770.0,1
Wheat,2016-17,Bandarban,2019,0.0,0.0,0.0,0.0,1
Wheat,2016-17,Barguna,2019,0.0,0.0,0.0,0.0,1
Wheat,2016-17,Barishal,2019,635.0,257.0,2.512,645.0,1
Wheat,2016-17,Bhola,2019,3648.0,1476.0,3.227,4763.0,1
Wheat,2016-17,Bogura,2019,5965.0,2414.0,2.518,6079.0,1
Wheat,2016-17,Brahmanbaria,2019,2786.0,1127.0,2.054,2316.0,1
Wheat,2016-17,Chandpur,2019,1503.0,608.0,2.359,1435.0,1
Wheat,2016-17,Chapainababganj,2019,74451.0,30129.0,3.201,96433.0,1
Wheat,2016-17,Chattogram,2019,14.0,6.0,1.135,6.0,1
Wheat,2016-17,Chuadanga,2019,4500.0,1821.0,2.938,5350.0,1
Wheat,2016-17,Cumilla,2019,4233.0,1713.0,2.264,3879.0,1
Wheat,2016-17,Dhaka,2019,688.0,278.0,2.664,742.0,1
Wheat,2016-17,Dinajpur,2019,56390.0,22820.0,3.271,74639.0,1
Wheat,2016-17,Faridpur,2019,71794.0,29053.0,3.111,90392.0,1
Wheat,2016-17,Feni,2019,39.0,16.0,1.88,30.0,1
Wheat,2016-17,Gaibandha,2019,8754.0,3543.0,2.461,8718.0,1
Wheat,2016-17,Gazipur,2019,163.0,66.0,1.896,125.0,1
Wheat,2016-17,Gopalganj,2019,19884.0,8047.0,3.144,25302.0,1
Wheat,2016-17,Habiganj,2019,1299.0,526.0,1.981,1042.0,1
Wheat,2016-17,Jamalpur,2019,18888.0,7644.0,2.658,20319.0,1
Wheat,2016-17,Jashore,2019,6655.0,2693.0,2.87,7728.0,1
Wheat,2016-17,Jhalokati,2019,254.0,103.0,3.036,312.0,1
Wheat,2016-17,Jhenaidah,2019,7450.0,3015.0,3.111,9380.0,1
Wheat,2016-17,Joypurhat,2019,3046.0,1233.0,2.594,3197.0,1
Wheat,2016-17,Khagrachhari,2019,0.0,0.0,0.0,0.0,1
Wheat,2016-17,Khulna,2019,930.0,376.0,2.396,902.0,1
Wheat,2016-17,Kishoreganj,2019,3292.0,1332.0,2.283,3041.0,1
Wheat,2016-17,Kurigram,2019,29732.0,12032.0,3.234,38910.0,1
Wheat,2016-17,Kushtia,2019,14706.0,5951.0,3.809,22671.0,1
Wheat,2016-17,Lakshmipur,2019,20.0,8.0,1.895,15.0,1
Wheat,2016-17,Lalmonirhat,2019,3978.0,1610.0,3.095,4982.0,1
Wheat,2016-17,Madaripur,2019,14680.0,5941.0,3.2,19009.0,1
Wheat,2016-17,Magura,2019,15259.0,6175.0,2.684,16575.0,1
Wheat,2016-17,Manikganj,2019,2730.0,1105.0,2.359,2606.0,1
Wheat,2016-17,Meherpur,2019,13864.0,5610.0,3.546,19893.0,1
Wheat,2016-17,Moulvibazar,2019,166.0,67.0,2.248,151.0,1
Wheat,2016-17,Munshiganj,2019,44.0,18.0,1.944,35.0,1
Wheat,2016-17,Mymensingh,2019,3251.0,1316.0,2.461,3238.0,1
Wheat,2016-17,Naogaon,2019,72819.0,29468.0,3.129,92199.0,1
Wheat,2016-17,Narail,2019,11192.0,4529.0,2.777,12579.0,1
Wheat,2016-17,Narayanganj,2019,410.0,166.0,1.947,323.0,1
Wheat,2016-17,Narsingdi,2019,373.0,151.0,2.333,352.0,1
Wheat,2016-17,Natore,2019,54054.0,21874.0,3.251,71104.0,1
Wheat,2016-17,Netrakona,2019,1955.0,791.0,2.395,1894.0,1
Wheat,2016-17,Nilphamari,2019,15101.0,6111.0,3.059,18692.0,1
Wheat,2016-17,Noakhali,2019,4.0,2.0,2.038,3.0,1
Wheat,2016-17,Pabna,2019,81575.0,33012.0,3.155,104138.0,1
Wheat,2016-17,Panchagarh,2019,65225.0,26395.0,3.383,89304.0,1
Wheat,2016-17,Patuakhali,2019,74.0,30.0,1.341,40.0,1
Wheat,2016-17,Pirojpur,2019,198.0,80.0,2.613,209.0,1
Wheat,2016-17,Rajbari,2019,33178.0,13426.0,3.01,40411.0,1
Wheat,2016-17,Rajshahi,2019,67568.0,27343.0,3.247,88779.0,1
Wheat,2016-17,Rangamati,2019,0.0,0.0,0.0,0.0,1
Wheat,2016-17,Rangpur,2019,8876.0,3592.0,3.106,11155.0,1
Wheat,2016-17,Satkhira,2019,4252.0,1721.0,2.737,4709.0,1
Wheat,2016-17,Shariatpur,2019,9806.0,3968.0,3.214,12753.0,1
Wheat,2016-17,Sherpur,2019,5521.0,2234.0,2.716,6069.0,1
Wheat,2016-17,Sirajganj,2019,14838.0,6005.0,2.596,15586.0,1
Wheat,2016-17,Sunamganj,2019,1400.0,567.0,2.747,1556.0,1
Wheat,2016-17,Sylhet,2019,611.0,247.0,1.868,462.0,1
Wheat,2016-17,Tangail,2019,14832.0,6002.0,2.783,16703.0,1
Wheat,2016-17,Thakurgaon,2019,166071.0,67205.0,3.375,226821.0,1
Wheat,2017-18,Bagerhat,2019,411.0,166.0,2.643,440.0,1
Wheat,2017-18,Bandarban,2019,0.0,0.0,0.0,0.0,1
Wheat,2017-18,Barguna,2019,0.0,0.0,0.0,0.0,1
Wheat,2017-18,Barishal,2019,1278.0,517.0,2.604,1347.0,1
Wheat,2017-18,Bhola,2019,3479.0,1408.0,3.238,4558.0,1
Wheat,2017-18,Bogura,2019,6615.0,2677.0,2.523,6753.0,1
Wheat,2017-18,Brahmanbaria,2019,1745.0,706.0,2.332,1647.0,1
Wheat,2017-18,Chandpur,2019,782.0,316.0,2.659,842.0,1
Wheat,2017-18,Chapainababganj,2019,61590.0,24924.0,3.377,84166.0,1
Wheat,2017-18,Chattogram,2019,0.0,0.0,0.0,0.0,1
Wheat,2017-18,Chuadanga,2019,1659.0,671.0,2.687,1804.0,1
Wheat,2017-18,Cumilla,2019,3575.0,1447.0,2.567,3714.0,1
Wheat,2017-18,Dhaka,2019,659.0,267.0,2.684,716.0,1
Wheat,2017-18,Dinajpur,2019,23884.0,9665.0,2.892,27949.0,1
Wheat,2017-18,Faridpur,2019,68818.0,27849.0,3.132,87211.0,1
Wheat,2017-18,Feni,2019,44.0,18.0,2.196,39.0,1
Wheat,2017-18,Gaibandha,2019,7319.0,2962.0,2.548,7546.0,1
Wheat,2017-18,Gazipur,2019,0.0,0.0,0.0,0.0,1
Wheat,2017-18,Gopalganj,2019,17798.0,7202.0,2.96,21319.0,1
Wheat,2017-18,Habiganj,2019,1341.0,543.0,1.979,1074.0,1
Wheat,2017-18,Jamalpur,2019,13643.0,5521.0,2.718,15008.0,1
Wheat,2017-18,Jashore,2019,698.0,282.0,2.77,782.0,1
Wheat,2017-18,Jhalokati,2019,259.0,105.0,3.043,319.0,1
Wheat,2017-18,Jhenaidah,2019,6578.0,2662.0,3.102,8257.0,1
Wheat,2017-18,Joypurhat,2019,2965.0,1200.0,2.547,3056.0,1
Wheat,2017-18,Khagrachhari,2019,0.0,0.0,0.0,0.0,1
Wheat,2017-18,Khulna,2019,522.0,211.0,2.395,506.0,1
Wheat,2017-18,Kishoreganj,2019,1395.0,565.0,2.203,1243.0,1
Wheat,2017-18,Kurigram,2019,22066.0,8930.0,3.238,28911.0,1
Wheat,2017-18,Kushtia,2019,21631.0,8754.0,3.828,33508.0,1
Wheat,2017-18,Lakshmipur,2019,8.0,3.0,0.0,0.0,1
Wheat,2017-18,Lalmonirhat,2019,3980.0,1611.0,2.758,4442.0,1
Wheat,2017-18,Madaripur,2019,12802.0,5181.0,3.191,16529.0,1
Wheat,2017-18,Magura,2019,10593.0,4287.0,2.739,11740.0,1
Wheat,2017-18,Manikganj,2019,6532.0,2643.0,2.473,6537.0,1
Wheat,2017-18,Meherpur,2019,16335.0,6610.0,3.616,23902.0,1
Wheat,2017-18,Moulvibazar,2019,190.0,77.0,2.165,166.0,1
Wheat,2017-18,Munshiganj,2019,26.0,11.0,1.733,18.0,1
Wheat,2017-18,Mymensingh,2019,3136.0,1269.0,2.869,3641.0,1
Wheat,2017-18,Naogaon,2019,69129.0,27975.0,3.14,87837.0,1
Wheat,2017-18,Narail,2019,4066.0,1645.0,2.768,4555.0,1
Wheat,2017-18,Narayanganj,2019,8.0,3.0,2.316,7.0,1
Wheat,2017-18,Narsingdi,2019,2329.0,942.0,2.527,2382.0,1
Wheat,2017-18,Natore,2019,46986.0,19014.0,3.123,59386.0,1
Wheat,2017-18,Netrakona,2019,3980.0,1611.0,2.356,3794.0,1
Wheat,2017-18,Nilphamari,2019,12204.0,4939.0,3.204,15826.0,1
Wheat,2017-18,Noakhali,2019,0.0,0.0,0.0,0.0,1
Wheat,2017-18,Pabna,2019,62778.0,25405.0,3.09,78502.0,1
Wheat,2017-18,Panchagarh,2019,54489.0,22051.0,3.291,72571.0,1
Wheat,2017-18,Patuakhali,2019,148.0,60.0,1.254,75.0,1
Wheat,2017-18,Pirojpur,2019,87.0,35.0,2.54,89.0,1
Wheat,2017-18,Rajbari,2019,29616.0,11985.0,2.846,34104.0,1
Wheat,2017-18,Rajshahi,2019,54683.0,22129.0,3.254,72013.0,1
Wheat,2017-18,Rangamati,2019,0.0,0.0,0.0,0.0,1
Wheat,2017-18,Rangpur,2019,6684.0,2705.0,3.05,8251.0,1
Wheat,2017-18,Satkhira,2019,2473.0,1001.0,2.721,2724.0,1
Wheat,2017-18,Shariatpur,2019,9727.0,3936.0,3.252,12802.0,1
Wheat,2017-18,Sherpur,2019,1579.0,639.0,2.43,1552.0,1
Wheat,2017-18,Sirajganj,2019,14483.0,5861.0,2.68,15705.0,1
Wheat,2017-18,Sunamganj,2019,1385.0,560.0,2.647,1484.0,1
Wheat,2017-18,Sylhet,2019,865.0,350.0,2.255,789.0,1
Wheat,2017-18,Tangail,2019,14997.0,6069.0,3.024,18350.0,1
Wheat,2017-18,Thakurgaon,2019,150831.0,61038.0,3.226,196885.0,1
