crop,crop_year,district,edition,area_acres,area_ha,yield_mt_per_ha,production_mt,n_tables
Aman,2013-14,Bagerhat,2016,201083.0,81374.0,2.168,176419.0,1
Aman,2013-14,Bandarban,2016,21579.0,8733.0,2.636,23019.0,1
Aman,2013-14,Barguna,2016,229226.0,92763.0,1.861,172671.0,1
Aman,2013-14,Barishal,2016,301184.0,121883.0,2.016,245713.0,1
Aman,2013-14,Bhola,2016,435335.0,176171.0,1.934,340665.0,1
Aman,2013-14,Bogura,2016,455471.0,184319.0,2.544,468936.0,1
Aman,2013-14,Brahmanbaria,2016,141598.0,57302.0,2.361,135267.0,1
Aman,2013-14,Chandpur,2016,91446.0,37006.0,1.895,70130.0,1
Aman,2013-14,Chapainababganj,2016,117370.0,47497.0,2.494,118453.0,1
Aman,2013-14,Chattogram,2016,440237.0,178154.0,2.678,477130.0,1
Aman,2013-14,Chuadanga,2016,96849.0,39193.0,2.78,108973.0,1
Aman,2013-14,Cox's Bazar,2016,178357.0,72177.0,2.489,179658.0,1
Aman,2013-14,Cumilla,2016,347072.0,140452.0,2.328,326956.0,1
Aman,2013-14,Dhaka,2016,39810.0,16110.0,1.594,25676.0,1
Aman,2013-14,Dinajpur,2016,610979.0,247250.0,2.637,652120.0,1
Aman,2013-14,Faridpur,2016,159560.0,64570.0,2.036,131451.0,1
Aman,2013-14,Feni,2016,165594.0,67012.0,2.933,196532.0,1
Aman,2013-14,Gaibandha,2016,297344.0,120329.0,2.543,305946.0,1
Aman,2013-14,Gazipur,2016,104706.0,42372.0,2.301,97502.0,1
Aman,2013-14,Gopalganj,2016,43006.0,17404.0,1.233,21450.0,1
Aman,2013-14,Habiganj,2016,207691.0,84048.0,2.331,195879.0,1
Aman,2013-14,Jamalpur,2016,265882.0,107597.0,2.336,251298.0,1
Aman,2013-14,Jashore,2016,325438.0,131698.0,2.412,317704.0,1
Aman,2013-14,Jhalokati,2016,106325.0,43027.0,1.461,62868.0,1
Aman,2013-14,Jhenaidah,2016,207138.0,83824.0,3.004,251848.0,1
Aman,2013-14,Joypurhat,2016,166687.0,67455.0,2.772,186971.0,1
Aman,2013-14,Khagrachhari,2016,67204.0,27196.0,2.873,78135.0,1
Aman,2013-14,Khulna,2016,239487.0,96915.0,2.588,250786.0,1
Aman,2013-14,Kishoreganj,2016,181400.0,73409.0,2.394,175719.0,1
Aman,2013-14,Kurigram,2016,267999.0,108453.0,2.216,240339.0,1
Aman,2013-14,Kushtia,2016,183789.0,74375.0,2.528,188019.0,1
Aman,2013-14,Lakshmipur,2016,207166.0,83836.0,2.32,194512.0,1
Aman,2013-14,Lalmonirhat,2016,192218.0,77786.0,2.646,205795.0,1
Aman,2013-14,Madaripur,2016,55938.0,22637.0,1.408,31882.0,1
Aman,2013-14,Magura,2016,134596.0,54468.0,2.31,125844.0,1
Aman,2013-14,Manikganj,2016,81215.0,32866.0,1.208,39699.0,1
Aman,2013-14,Meherpur,2016,58241.0,23569.0,2.612,61566.0,1
Aman,2013-14,Moulvibazar,2016,249572.0,100996.0,2.609,263539.0,1
Aman,2013-14,Munshiganj,2016,34972.0,14152.0,1.164,16474.0,1
Aman,2013-14,Mymensingh,2016,634684.0,256843.0,2.195,563878.0,1
Aman,2013-14,Naogaon,2016,504481.0,204152.0,2.838,579316.0,1
Aman,2013-14,Narail,2016,87304.0,35330.0,1.787,63136.0,1
Aman,2013-14,Narayanganj,2016,26321.0,10652.0,1.287,13714.0,1
Aman,2013-14,Narsingdi,2016,101441.0,41051.0,2.151,88303.0,1
Aman,2013-14,Natore,2016,181621.0,73498.0,2.225,163500.0,1
Aman,2013-14,Netrakona,2016,346639.0,140277.0,2.246,315133.0,1
Aman,2013-14,Nilphamari,2016,260619.0,105467.0,2.622,276585.0,1
Aman,2013-14,Noakhali,2016,306912.0,124201.0,1.899,235917.0,1
Aman,2013-14,Pabna,2016,195229.0,79005.0,2.111,166802.0,1
Aman,2013-14,Panchagarh,2016,231901.0,93845.0,2.628,246586.0,1
Aman,2013-14,Patuakhali,2016,500714.0,202628.0,1.728,350174.0,1
Aman,2013-14,Pirojpur,2016,144566.0,58503.0,1.744,102025.0,1
Aman,2013-14,Rajbari,2016,105241.0,42589.0,2.398,102145.0,1
Aman,2013-14,Rajshahi,2016,167416.0,67750.0,2.803,189894.0,1
Aman,2013-14,Rangamati,2016,24542.0,9932.0,2.726,27076.0,1
Aman,2013-14,Rangpur,2016,384166.0,155464.0,2.743,426408.0,1
Aman,2013-14,Satkhira,2016,227391.0,92020.0,2.976,273827.0,1
Aman,2013-14,Shariatpur,2016,35293.0,14282.0,1.372,19593.0,1
Aman,2013-14,Sherpur,2016,207851.0,84113.0,2.044,171891.0,1
Aman,2013-14,Sirajganj,2016,189450.0,76666.0,2.243,171957.0,1
Aman,2013-14,Sunamganj,2016,127218.0,51482.0,2.388,122944.0,1
Aman,2013-14,Sylhet,2016,351171.0,142111.0,2.512,356986.0,1
Aman,2013-14,Tangail,2016,318362.0,128834.0,2.011,259119.0,1
Aman,2013-14,Thakurgaon,2016,294511.0,119182.0,2.709,322856.0,1
Aman,2014-15,Bagerhat,2016,204315.0,82682.0,2.184,180613.0,1
Aman,2014-15,Bandarban,2016,23294.0,9427.0,2.519,23749.0,1
Aman,2014-15,Barguna,2016,229281.0,92785.0,1.763,163600.0,1
Aman,2014-15,Barishal,2016,293618.0,118821.0,1.942,230758.0,1
Aman,2014-15,Bhola,2016,425541.0,172207.0,1.942,334501.0,1
Aman,2014-15,Bogura,2016,448004.0,181297.0,2.65,480483.0,1
Aman,2014-15,Brahmanbaria,2016,154885.0,62679.0,2.339,146601.0,1
Aman,2014-15,Chandpur,2016,105836.0,42830.0,1.661,71142.0,1
Aman,2014-15,Chapainababganj,2016,129945.0,52586.0,2.618,137678.0,1
Aman,2014-15,Chattogram,2016,437253.0,176947.0,2.799,495198.0,1
Aman,2014-15,Chuadanga,2016,90259.0,36526.0,2.738,99997.0,1
Aman,2014-15,Cox's Bazar,2016,179172.0,72507.0,2.416,175192.0,1
Aman,2014-15,Cumilla,2016,343998.0,139208.0,2.103,292803.0,1
Aman,2014-15,Dhaka,2016,31759.0,12852.0,1.214,15604.0,1
Aman,2014-15,Dinajpur,2016,616823.0,249615.0,2.461,614367.0,1
Aman,2014-15,Faridpur,2016,128015.0,51805.0,2.318,120064.0,1
Aman,2014-15,Feni,2016,163459.0,66148.0,2.83,187203.0,1
Aman,2014-15,Gaibandha,2016,310915.0,125820.0,2.561,322175.0,1
Aman,2014-15,Gazipur,2016,103869.0,42034.0,2.416,101542.0,1
Aman,2014-15,Gopalganj,2016,54197.0,21932.0,1.335,29274.0,1
Aman,2014-15,Habiganj,2016,227794.0,92183.0,2.068,190599.0,1
Aman,2014-15,Jamalpur,2016,207753.0,84073.0,2.546,214042.0,1
Aman,2014-15,Jashore,2016,322696.0,130588.0,2.596,338975.0,1
Aman,2014-15,Jhalokati,2016,110082.0,44548.0,1.749,77925.0,1
Aman,2014-15,Jhenaidah,2016,211994.0,85789.0,2.812,241220.0,1
Aman,2014-15,Joypurhat,2016,166204.0,67259.0,2.796,188077.0,1
Aman,2014-15,Khagrachhari,2016,68359.0,27663.0,2.833,78366.0,1
Aman,2014-15,Khulna,2016,247129.0,100008.0,2.551,255133.0,1
Aman,2014-15,Kishoreganj,2016,184012.0,74466.0,2.527,188211.0,1
Aman,2014-15,Kurigram,2016,256283.0,103712.0,2.358,244592.0,1
Aman,2014-15,Kushtia,2016,196630.0,79572.0,2.608,207546.0,1
Aman,2014-15,Lakshmipur,2016,204593.0,82794.0,2.443,202248.0,1
Aman,2014-15,Lalmonirhat,2016,191750.0,77597.0,2.726,211545.0,1
Aman,2014-15,Madaripur,2016,60917.0,24652.0,1.49,36743.0,1
Aman,2014-15,Magura,2016,140570.0,56886.0,2.554,145287.0,1
Aman,2014-15,Manikganj,2016,98733.0,39955.0,1.303,52046.0,1
Aman,2014-15,Meherpur,2016,58717.0,23761.0,2.973,70650.0,1
Aman,2014-15,Moulvibazar,2016,227241.0,91959.0,2.477,227829.0,1
Aman,2014-15,Munshiganj,2016,47162.0,19085.0,1.199,22886.0,1
Aman,2014-15,Mymensingh,2016,638900.0,258549.0,2.463,636761.0,1
Aman,2014-15,Naogaon,2016,527641.0,213525.0,2.836,605457.0,1
Aman,2014-15,Narail,2016,87207.0,35291.0,2.034,71785.0,1
Aman,2014-15,Narayanganj,2016,23098.0,9347.0,1.339,12516.0,1
Aman,2014-15,Narsingdi,2016,97029.0,39266.0,2.331,91527.0,1
Aman,2014-15,Natore,2016,180457.0,73027.0,2.388,174355.0,1
Aman,2014-15,Netrakona,2016,304282.0,123136.0,2.338,287835.0,1
Aman,2014-15,Nilphamari,2016,263626.0,106684.0,2.839,302918.0,1
Aman,2014-15,Noakhali,2016,313536.0,126881.0,1.957,248264.0,1
Aman,2014-15,Pabna,2016,220886.0,89388.0,2.126,190075.0,1
Aman,2014-15,Panchagarh,2016,228474.0,92458.0,2.707,250306.0,1
Aman,2014-15,Patuakhali,2016,502777.0,203463.0,1.76,358070.0,1
Aman,2014-15,Pirojpur,2016,151121.0,61155.0,1.884,115192.0,1
Aman,2014-15,Rajbari,2016,91523.0,37037.0,2.518,93275.0,1
Aman,2014-15,Rajshahi,2016,170323.0,68926.0,2.897,199696.0,1
Aman,2014-15,Rangamati,2016,24900.0,10076.0,2.76,27810.0,1
Aman,2014-15,Rangpur,2016,388989.0,157415.0,2.767,435563.0,1
Aman,2014-15,Satkhira,2016,230416.0,93244.0,2.994,279166.0,1
Aman,2014-15,Shariatpur,2016,36215.0,14655.0,1.488,21802.0,1
Aman,2014-15,Sherpur,2016,205805.0,83285.0,2.069,172290.0,1
Aman,2014-15,Sirajganj,2016,218728.0,88514.0,2.376,210269.0,1
Aman,2014-15,Sunamganj,2016,129819.0,52535.0,2.102,110452.0,1
Aman,2014-15,Sylhet,2016,319540.0,129311.0,2.13,275476.0,1
Aman,2014-15,Tangail,2016,306072.0,123861.0,2.124,263074.0,1
Aman,2014-15,Thakurgaon,2016,300796.0,121726.0,2.791,339766.0,1
Aus,2013-14,Bagerhat,2016,21599.0,8741.0,2.129,18613.0,1
Aus,2013-14,Bandarban,2016,19040.0,7705.0,1.941,14955.0,1
Aus,2013-14,Barguna,2016,104754.0,42392.0,2.668,113110.0,1
Aus,2013-14,Barishal,2016,86536.0,35019.0,1.38,48335.0,1
Aus,2013-14,Bhola,2016,150541.0,60921.0,1.338,81528.0,1
Aus,2013-14,Bogura,2016,57296.0,23186.0,2.42,56120.0,1
Aus,2013-14,Brahmanbaria,2016,9580.0,3877.0,2.096,8127.0,1
Aus,2013-14,Chandpur,2016,25344.0,10256.0,2.199,22552.0,1
Aus,2013-14,Chapainababganj,2016,117246.0,47447.0,2.179,103380.0,1
Aus,2013-14,Chattogram,2016,109163.0,44176.0,2.507,110759.0,1
Aus,2013-14,Chuadanga,2016,53095.0,21486.0,2.691,57826.0,1
Aus,2013-14,Cox's Bazar,2016,5347.0,2164.0,2.194,4747.0,1
Aus,2013-14,Cumilla,2016,172392.0,69763.0,2.709,189004.0,1
Aus,2013-14,Dhaka,2016,1178.0,477.0,1.988,948.0,1
Aus,2013-14,Dinajpur,2016,9484.0,3838.0,2.192,8411.0,1
Aus,2013-14,Faridpur,2016,18764.0,7593.0,1.221,9273.0,1
Aus,2013-14,Feni,2016,33181.0,13428.0,2.013,27035.0,1
Aus,2013-14,Gaibandha,2016,110.0,45.0,1.789,80.0,1
Aus,2013-14,Gazipur,2016,6004.0,2430.0,2.603,6324.0,1
Aus,2013-14,Gopalganj,2016,7708.0,3119.0,1.818,5669.0,1
Aus,2013-14,Habiganj,2016,84818.0,34324.0,2.519,86459.0,1
Aus,2013-14,Jamalpur,2016,1842.0,745.0,1.42,1059.0,1
Aus,2013-14,Jashore,2016,97520.0,39464.0,2.661,105021.0,1
Aus,2013-14,Jhalokati,2016,51019.0,20646.0,2.175,44910.0,1
Aus,2013-14,Jhenaidah,2016,52767.0,21354.0,2.88,61502.0,1
Aus,2013-14,Joypurhat,2016,24.0,10.0,1.956,19.0,1
Aus,2013-14,Khagrachhari,2016,6114.0,2474.0,1.847,4570.0,1
Aus,2013-14,Khulna,2016,9763.0,3951.0,1.423,5621.0,1
Aus,2013-14,Kishoreganj,2016,48461.0,19611.0,2.425,47548.0,1
Aus,2013-14,Kurigram,2016,412.0,167.0,1.49,248.0,1
Aus,2013-14,Kushtia,2016,91970.0,37218.0,2.488,92602.0,1
Aus,2013-14,Lakshmipur,2016,82454.0,33367.0,1.735,57894.0,1
Aus,2013-14,Lalmonirhat,2016,0.0,0.0,0.0,0.0,1
Aus,2013-14,Madaripur,2016,5650.0,2286.0,1.461,3341.0,1
Aus,2013-14,Magura,2016,19414.0,7856.0,2.216,17413.0,1
Aus,2013-14,Manikganj,2016,1158.0,469.0,2.048,960.0,1
Aus,2013-14,Meherpur,2016,21175.0,8569.0,3.269,28013.0,1
Aus,2013-14,Moulvibazar,2016,69615.0,28172.0,2.683,75584.0,1
Aus,2013-14,Munshiganj,2016,1550.0,627.0,2.259,1417.0,1
Aus,2013-14,Mymensingh,2016,75564.0,30579.0,2.076,63482.0,1
Aus,2013-14,Naogaon,2016,124382.0,50335.0,2.829,142396.0,1
Aus,2013-14,Narail,2016,13646.0,5522.0,1.413,7802.0,1
Aus,2013-14,Narayanganj,2016,370.0,150.0,2.297,344.0,1
Aus,2013-14,Narsingdi,2016,664.0,269.0,1.558,419.0,1
Aus,2013-14,Natore,2016,21109.0,8542.0,1.996,17047.0,1
Aus,2013-14,Netrakona,2016,1804.0,730.0,1.715,1252.0,1
Aus,2013-14,Nilphamari,2016,0.0,0.0,0.0,0.0,1
Aus,2013-14,Noakhali,2016,142964.0,57854.0,1.618,93622.0,1
Aus,2013-14,Pabna,2016,57176.0,23138.0,1.616,37391.0,1
Aus,2013-14,Panchagarh,2016,2.0,1.0,1.236,1.0,1
Aus,2013-14,Patuakhali,2016,149043.0,60314.0,1.745,105251.0,1
Aus,2013-14,Pirojpur,2016,67451.0,27296.0,1.844,50345.0,1
Aus,2013-14,Rajbari,2016,8080.0,3270.0,1.253,4096.0,1
Aus,2013-14,Rajshahi,2016,92072.0,37260.0,2.574,95889.0,1
Aus,2013-14,Rangamati,2016,14036.0,5680.0,1.755,9968.0,1
Aus,2013-14,Rangpur,2016,0.0,0.0,0.0,0.0,1
Aus,2013-14,Satkhira,2016,20873.0,8447.0,2.72,22977.0,1
Aus,2013-14,Shariatpur,2016,18518.0,7494.0,1.378,10327.0,1
Aus,2013-14,Sherpur,2016,15490.0,6268.0,2.175,13631.0,1
Aus,2013-14,Sirajganj,2016,15380.0,6224.0,2.39,14875.0,1
Aus,2013-14,Sunamganj,2016,7623.0,3085.0,2.566,7915.0,1
Aus,2013-14,Sylhet,2016,91034.0,36839.0,2.729,100550.0,1
Aus,2013-14,Tangail,2016,2905.0,1176.0,1.811,2129.0,1
Aus,2013-14,Thakurgaon,2016,3377.0,1367.0,2.454,3353.0,1
Aus,2014-15,Bagerhat,2016,20258.0,8198.0,2.404,19709.0,1
Aus,2014-15,Bandarban,2016,19013.0,7694.0,1.803,13871.0,1
Aus,2014-15,Barguna,2016,97047.0,39273.0,2.41,94652.0,1
Aus,2014-15,Barishal,2016,83188.0,33664.0,1.458,49084.0,1
Aus,2014-15,Bhola,2016,184434.0,74636.0,1.351,100811.0,1
Aus,2014-15,Bogura,2016,56081.0,22695.0,2.297,52125.0,1
Aus,2014-15,Brahmanbaria,2016,11714.0,4740.0,2.131,10100.0,1
Aus,2014-15,Chandpur,2016,29308.0,11860.0,2.19,25969.0,1
Aus,2014-15,Chapainababganj,2016,111406.0,45084.0,2.403,108316.0,1
Aus,2014-15,Chattogram,2016,108575.0,43938.0,2.459,108026.0,1
Aus,2014-15,Chuadanga,2016,63034.0,25508.0,2.755,70287.0,1
Aus,2014-15,Cox's Bazar,2016,4405.0,1783.0,2.305,4109.0,1
Aus,2014-15,Cumilla,2016,169961.0,68779.0,2.505,172305.0,1
Aus,2014-15,Dhaka,2016,1711.0,692.0,2.041,1413.0,1
Aus,2014-15,Dinajpur,2016,12067.0,4883.0,2.297,11216.0,1
Aus,2014-15,Faridpur,2016,16626.0,6728.0,1.575,10599.0,1
Aus,2014-15,Feni,2016,29269.0,11845.0,2.224,26338.0,1
Aus,2014-15,Gaibandha,2016,804.0,325.0,1.845,600.0,1
Aus,2014-15,Gazipur,2016,4131.0,1672.0,2.435,4071.0,1
Aus,2014-15,Gopalganj,2016,6598.0,2670.0,1.48,3952.0,1
Aus,2014-15,Habiganj,2016,86028.0,34814.0,2.397,83459.0,1
Aus,2014-15,Jamalpur,2016,3562.0,1441.0,1.755,2530.0,1
Aus,2014-15,Jashore,2016,84690.0,34272.0,2.813,96397.0,1
Aus,2014-15,Jhalokati,2016,46135.0,18670.0,1.951,36433.0,1
Aus,2014-15,Jhenaidah,2016,52867.0,21394.0,2.797,59845.0,1
Aus,2014-15,Joypurhat,2016,0.0,0.0,0.0,0.0,1
Aus,2014-15,Khagrachhari,2016,6406.0,2592.0,1.808,4688.0,1
Aus,2014-15,Khulna,2016,8392.0,3396.0,1.332,4525.0,1
Aus,2014-15,Kishoreganj,2016,47331.0,19154.0,2.383,45640.0,1
Aus,2014-15,Kurigram,2016,2057.0,832.0,1.947,1621.0,1
Aus,2014-15,Kushtia,2016,87950.0,35591.0,2.47,87904.0,1
Aus,2014-15,Lakshmipur,2016,80036.0,32389.0,1.785,57798.0,1
Aus,2014-15,Lalmonirhat,2016,0.0,0.0,0.0,0.0,1
Aus,2014-15,Madaripur,2016,3755.0,1520.0,1.337,2031.0,1
Aus,2014-15,Magura,2016,18244.0,7383.0,2.026,14961.0,1
Aus,2014-15,Manikganj,2016,1977.0,800.0,2.027,1622.0,1
Aus,2014-15,Meherpur,2016,20979.0,8490.0,3.0,25465.0,1
Aus,2014-15,Moulvibazar,2016,76890.0,31116.0,2.629,81801.0,1
Aus,2014-15,Munshiganj,2016,865.0,350.0,2.345,821.0,1
Aus,2014-15,Mymensingh,2016,65658.0,26570.0,2.368,62927.0,1
Aus,2014-15,Naogaon,2016,127603.0,51638.0,2.795,144322.0,1
Aus,2014-15,Narail,2016,11430.0,4625.0,1.488,6881.0,1
Aus,2014-15,Narayanganj,2016,51.0,21.0,2.352,49.0,1
Aus,2014-15,Narsingdi,2016,739.0,299.0,1.584,474.0,1
Aus,2014-15,Natore,2016,19096.0,7728.0,2.086,16122.0,1
Aus,2014-15,Netrakona,2016,532.0,215.0,1.534,330.0,1
Aus,2014-15,Nilphamari,2016,0.0,0.0,0.0,0.0,1
Aus,2014-15,Noakhali,2016,132752.0,53722.0,1.739,93409.0,1
Aus,2014-15,Pabna,2016,50573.0,20466.0,1.651,33782.0,1
Aus,2014-15,Panchagarh,2016,0.0,0.0,0.0,0.0,1
Aus,2014-15,Patuakhali,2016,144419.0,58443.0,1.97,115113.0,1
Aus,2014-15,Pirojpur,2016,65031.0,26317.0,2.077,54668.0,1
Aus,2014-15,Rajbari,2016,5265.0,2131.0,1.157,2465.0,1
Aus,2014-15,Rajshahi,2016,96094.0,38887.0,2.866,111467.0,1
Aus,2014-15,Rangamati,2016,17241.0,6977.0,1.636,11414.0,1
Aus,2014-15,Rangpur,2016,3275.0,1325.0,2.594,3438.0,1
Aus,2014-15,Satkhira,2016,20051.0,8114.0,2.481,20133.0,1
Aus,2014-15,Shariatpur,2016,22532.0,9118.0,1.321,12043.0,1
Aus,2014-15,Sherpur,2016,13338.0,5398.0,2.026,10937.0,1
Aus,2014-15,Sirajganj,2016,16600.0,6718.0,2.293,15405.0,1
Aus,2014-15,Sunamganj,2016,11180.0,4524.0,2.563,11595.0,1
Aus,2014-15,Sylhet,2016,93589.0,37873.0,2.603,98593.0,1
Aus,2014-15,Tangail,2016,902.0,365.0,1.496,546.0,1
Aus,2014-15,Thakurgaon,2016,7558.0,3059.0,2.251,6884.0,1
Boro,2013-14,Bagerhat,2016,117362.0,47494.0,3.193,178203.0,3
Boro,2013-14,Bandarban,2016,8761.0,3546.0,2.4333333333333336,10621.0,3
Boro,2013-14,Barguna,2016,1077.0,436.0,1.6633333333333333,1277.0,3
Boro,2013-14,Barishal,2016,150047.0,60721.0,3.3496666666666663,226890.0,3
Boro,2013-14,Bhola,2016,131006.0,53015.0,3.3343333333333334,171108.0,3
Boro,2013-14,Bogura,2016,461593.0,186796.0,3.7913333333333337,756043.0,3
Boro,2013-14,Brahmanbaria,2016,265204.0,107322.0,3.3876666666666666,404163.0,3
Boro,2013-14,Chandpur,2016,158722.0,64231.0,3.066333333333333,210305.0,3
Boro,2013-14,Chapainababganj,2016,125329.0,50718.0,2.6626666666666665,196834.0,3
Boro,2013-14,Chattogram,2016,156762.0,63438.0,2.474,213771.0,3
Boro,2013-14,Chuadanga,2016,101707.0,41159.0,2.748333333333333,150362.0,3
Boro,2013-14,Cox's Bazar,2016,123297.0,49895.0,3.3783333333333334,177172.0,3
Boro,2013-14,Cumilla,2016,397271.0,160766.0,3.433666666666667,615555.0,3
Boro,2013-14,Dhaka,2016,116425.0,47115.0,3.8273333333333333,200561.0,3
Boro,2013-14,Dinajpur,2016,431169.0,174484.0,2.941333333333333,717878.0,3
Boro,2013-14,Faridpur,2016,79968.0,32362.0,3.781333333333334,139741.0,3
Boro,2013-14,Feni,2016,81950.0,33163.0,2.594333333333333,121469.0,3
Boro,2013-14,Gaibandha,2016,295808.0,119707.0,3.4819999999999998,484925.0,3
Boro,2013-14,Gazipur,2016,149429.0,60471.0,3.3166666666666664,228161.0,3
Boro,2013-14,Gopalganj,2016,190461.0,77075.0,3.6123333333333334,353127.0,3
Boro,2013-14,Habiganj,2016,253443.0,102562.0,2.9796666666666667,335085.0,3
Boro,2013-14,Jamalpur,2016,318134.0,128742.0,3.5266666666666673,506840.0,3
Boro,2013-14,Jashore,2016,392454.0,158817.0,3.7496666666666667,654035.0,3
Boro,2013-14,Jhalokati,2016,27694.0,11207.0,3.535,44775.0,3
Boro,2013-14,Jhenaidah,2016,216308.0,87535.0,3.1413333333333333,364891.0,3
Boro,2013-14,Joypurhat,2016,170458.0,68981.0,3.114333333333333,313101.0,3
Boro,2013-14,Khagrachhari,2016,25280.0,10230.0,2.390333333333333,34202.0,3
Boro,2013-14,Khulna,2016,121589.0,49204.0,3.394666666666667,198721.0,3
Boro,2013-14,Kishoreganj,2016,411155.0,166385.0,3.4333333333333336,673689.0,3
Boro,2013-14,Kurigram,2016,239508.0,96923.0,3.5536666666666665,410475.0,3
Boro,2013-14,Kushtia,2016,87037.0,35222.0,2.956666666666667,142749.0,3
Boro,2013-14,Lakshmipur,2016,68304.0,27641.0,2.7906666666666666,114550.0,3
Boro,2013-14,Lalmonirhat,2016,131646.0,53274.0,3.3086666666666673,217658.0,3
Boro,2013-14,Madaripur,2016,99970.0,40456.0,3.7129999999999996,164460.0,3
Boro,2013-14,Magura,2016,96647.0,39111.0,2.9106666666666663,154191.0,3
Boro,2013-14,Manikganj,2016,146376.0,59235.0,3.814333333333334,256514.0,3
Boro,2013-14,Meherpur,2016,53849.0,21791.0,2.9293333333333336,86868.0,3
Boro,2013-14,Moulvibazar,2016,118060.0,47777.0,3.107666666666667,146683.0,3
Boro,2013-14,Munshiganj,2016,61263.0,24791.0,1.8259999999999998,100077.0,3
Boro,2013-14,Mymensingh,2016,646955.0,261808.0,3.6223333333333336,1076409.0,3
Boro,2013-14,Naogaon,2016,476060.0,192651.0,3.219333333333333,863446.0,3
Boro,2013-14,Narail,2016,85464.0,34586.0,3.230333333333333,121432.0,3
Boro,2013-14,Narayanganj,2016,69119.0,27971.0,3.551,117576.0,3
Boro,2013-14,Narsingdi,2016,132769.0,53728.0,3.533666666666667,205812.0,3
Boro,2013-14,Natore,2016,139970.0,56643.0,4.105666666666667,249564.0,3
Boro,2013-14,Netrakona,2016,431989.0,174817.0,3.7010000000000005,707864.0,3
Boro,2013-14,Nilphamari,2016,204352.0,82697.0,2.747666666666667,331808.0,3
Boro,2013-14,Noakhali,2016,152793.0,61832.0,2.7399999999999998,259655.0,3
Boro,2013-14,Pabna,2016,173743.0,70310.0,3.524666666666667,294646.0,3
Boro,2013-14,Panchagarh,2016,99324.0,40194.0,2.86,153027.0,3
Boro,2013-14,Patuakhali,2016,6688.0,2707.0,1.5706666666666667,6380.0,3
Boro,2013-14,Pirojpur,2016,48557.0,19650.0,3.472,70660.0,3
Boro,2013-14,Rajbari,2016,41014.0,16598.0,3.728,68464.0,3
Boro,2013-14,Rajshahi,2016,180726.0,73136.0,3.0229999999999997,286351.0,3
Boro,2013-14,Rangamati,2016,18759.0,7592.0,2.7596666666666665,30629.0,3
Boro,2013-14,Rangpur,2016,331530.0,134163.0,2.9933333333333336,572403.0,3
Boro,2013-14,Satkhira,2016,186159.0,75335.0,2.8403333333333336,287339.0,3
Boro,2013-14,Shariatpur,2016,72567.0,29366.0,3.8413333333333335,126113.0,3
Boro,2013-14,Sherpur,2016,215189.0,87082.0,3.515333333333333,353366.0,3
Boro,2013-14,Sirajganj,2016,342373.0,138551.0,3.6946666666666665,569664.0,3
Boro,2013-14,Sunamganj,2016,460322.0,186282.0,3.142333333333333,649667.0,3
Boro,2013-14,Sylhet,2016,170795.0,69117.0,3.2456666666666667,199833.0,3
Boro,2013-14,Tangail,2016,410639.0,166177.0,3.760333333333333,682506.0,3
Boro,2013-14,Thakurgaon,2016,156955.0,63516.0,2.7703333333333333,244862.0,3
Boro,2014-15,Bagerhat,2016,121130.0,49018.0,3.3206666666666664,190876.0,3
Boro,2014-15,Bandarban,2016,10978.0,4443.0,2.404333333333333,14829.0,3
Boro,2014-15,Barguna,2016,726.0,294.0,0.9653333333333333,851.0,3
Boro,2014-15,Barishal,2016,140027.0,56666.0,3.2246666666666663,203562.0,3
Boro,2014-15,Bhola,2016,139313.0,56377.0,3.3253333333333335,173804.0,3
Boro,2014-15,Bogura,2016,469850.0,190138.0,3.672,688437.0,3
Boro,2014-15,Brahmanbaria,2016,268431.0,108629.0,3.4160000000000004,417044.0,3
Boro,2014-15,Chandpur,2016,159197.0,64423.0,3.267666666666667,221831.0,3
Boro,2014-15,Chapainababganj,2016,120452.0,48745.0,2.687,182010.0,3
Boro,2014-15,Chattogram,2016,163493.0,66162.0,2.582666666666667,229999.0,3
Boro,2014-15,Chuadanga,2016,96880.0,39205.0,2.696333333333333,147070.0,3
Boro,2014-15,Cox's Bazar,2016,122336.0,49506.0,3.328666666666667,168003.0,3
Boro,2014-15,Cumilla,2016,391810.0,158557.0,3.288,576496.0,3
Boro,2014-15,Dhaka,2016,115814.0,46868.0,4.030666666666666,205638.0,3
Boro,2014-15,Dinajpur,2016,442342.0,179006.0,2.9116666666666666,735364.0,3
Boro,2014-15,Faridpur,2016,72886.0,29496.0,3.770666666666667,120612.0,3
Boro,2014-15,Feni,2016,77898.0,31524.0,2.5656666666666665,111634.0,3
Boro,2014-15,Gaibandha,2016,307024.0,124247.0,3.4136666666666664,480520.0,3
Boro,2014-15,Gazipur,2016,149509.0,60503.0,3.5140000000000007,231718.0,3
Boro,2014-15,Gopalganj,2016,199907.0,80899.0,3.7423333333333333,369964.0,3
Boro,2014-15,Habiganj,2016,278283.0,112615.0,3.0760000000000005,405436.0,3
Boro,2014-15,Jamalpur,2016,322547.0,130528.0,3.3890000000000007,503034.0,3
Boro,2014-15,Jashore,2016,388458.0,157200.0,3.8646666666666665,661229.0,3
Boro,2014-15,Jhalokati,2016,23398.0,9469.0,3.5493333333333332,36356.0,3
Boro,2014-15,Jhenaidah,2016,214866.0,86951.0,3.2099999999999995,368315.0,3
Boro,2014-15,Joypurhat,2016,170996.0,69198.0,2.6809999999999996,283055.0,3
Boro,2014-15,Khagrachhari,2016,25537.0,10335.0,2.3673333333333333,35101.0,3
Boro,2014-15,Khulna,2016,118687.0,48029.0,3.262,178972.0,3
Boro,2014-15,Kishoreganj,2016,420234.0,170059.0,3.6776666666666666,713696.0,3
Boro,2014-15,Kurigram,2016,249683.0,101042.0,3.483333333333333,416497.0,3
Boro,2014-15,Kushtia,2016,90214.0,36508.0,2.6809999999999996,141938.0,3
Boro,2014-15,Lakshmipur,2016,65474.0,26496.0,2.6466666666666665,100316.0,3
Boro,2014-15,Lalmonirhat,2016,125607.0,50831.0,3.356,204704.0,3
Boro,2014-15,Madaripur,2016,96993.0,39250.0,3.8023333333333333,166068.0,3
Boro,2014-15,Magura,2016,94172.0,38109.0,2.8223333333333334,148980.0,3
Boro,2014-15,Manikganj,2016,144337.0,58410.0,3.78,265448.0,3
Boro,2014-15,Meherpur,2016,53706.0,21734.0,3.2159999999999997,92927.0,3
Boro,2014-15,Moulvibazar,2016,124905.0,50547.0,3.3213333333333335,165083.0,3
Boro,2014-15,Munshiganj,2016,61265.0,24792.0,3.5863333333333336,104440.0,3
Boro,2014-15,Mymensingh,2016,654973.0,265054.0,3.610333333333333,1080151.0,3
Boro,2014-15,Naogaon,2016,500960.0,202727.0,3.1176666666666666,844183.0,3
Boro,2014-15,Narail,2016,92021.0,37240.0,3.578333333333333,148926.0,3
Boro,2014-15,Narayanganj,2016,66127.0,26760.0,3.317,101839.0,3
Boro,2014-15,Narsingdi,2016,125561.0,50812.0,3.7736666666666667,196927.0,3
Boro,2014-15,Natore,2016,136334.0,55171.0,4.198666666666667,253141.0,3
Boro,2014-15,Netrakona,2016,439222.0,177743.0,3.5080000000000005,702750.0,3
Boro,2014-15,Nilphamari,2016,203087.0,82184.0,3.001,359308.0,3
Boro,2014-15,Noakhali,2016,147811.0,59816.0,2.847,262472.0,3
Boro,2014-15,Pabna,2016,171494.0,69401.0,3.4773333333333336,277632.0,3
Boro,2014-15,Panchagarh,2016,101897.0,41236.0,2.9303333333333335,168532.0,3
Boro,2014-15,Patuakhali,2016,5327.0,2156.0,1.413,4842.0,3
Boro,2014-15,Pirojpur,2016,52295.0,21162.0,3.3629999999999995,79711.0,3
Boro,2014-15,Rajbari,2016,43161.0,17467.0,3.6649999999999996,74343.0,3
Boro,2014-15,Rajshahi,2016,179050.0,72457.0,3.1176666666666666,298819.0,3
Boro,2014-15,Rangamati,2016,18786.0,7602.0,2.659333333333333,29896.0,3
Boro,2014-15,Rangpur,2016,333970.0,135151.0,3.099,605244.0,3
Boro,2014-15,Satkhira,2016,185172.0,74936.0,2.789,293943.0,3
Boro,2014-15,Shariatpur,2016,67611.0,27361.0,3.828666666666667,118593.0,3
Boro,2014-15,Sherpur,2016,220475.0,89221.0,3.3770000000000002,349133.0,3
Boro,2014-15,Sirajganj,2016,343735.0,139102.0,3.736333333333333,591063.0,3
Boro,2014-15,Sunamganj,2016,476190.0,192704.0,3.268333333333333,695855.0,3
Boro,2014-15,Sylhet,2016,179747.0,72740.0,3.0210000000000004,212738.0,3
Boro,2014-15,Tangail,2016,418797.0,169478.0,3.7543333333333333,729911.0,3
Boro,2014-15,Thakurgaon,2016,157505.0,63739.0,2.853333333333333,250353.0,3
Chili,2013-14,Bagerhat,2016,1063.0,,1.038,495.0,2
Chili,2013-14,Bandarban,2016,1356.0,,2.9160000000000004,1656.0,2
Chili,2013-14,Barguna,2016,715.0,,0.596,172.0,2
Chili,2013-14,Barishal,2016,2890.0,,0.7675,832.0,2
Chili,2013-14,Bhola,2016,36042.0,,0.657,9587.0,2
Chili,2013-14,Bogura,2016,9474.0,,1.197,4848.0,2
Chili,2013-14,Brahmanbaria,2016,2336.0,,0.955,1076.0,2
Chili,2013-14,Chandpur,2016,5736.0,,0.9105,2316.0,2
Chili,2013-14,Chapainababganj,2016,405.0,,1.4505,241.0,2
Chili,2013-14,Chattogram,2016,7282.0,,0.907,2697.0,2
Chili,2013-14,Chuadanga,2016,2860.0,,1.2925,1603.0,2
Chili,2013-14,Cox's Bazar,2016,1855.0,,2.434,901.0,2
Chili,2013-14,Cumilla,2016,8634.0,,1.7714999999999999,4548.0,2
Chili,2013-14,Dhaka,2016,1704.0,,1.032,682.0,2
Chili,2013-14,Dinajpur,2016,2802.0,,1.596,1686.0,2
Chili,2013-14,Faridpur,2016,7037.0,,1.5705,4311.0,2
Chili,2013-14,Feni,2016,1102.0,,0.723,329.0,2
Chili,2013-14,Gaibandha,2016,1252.0,,1.091,570.0,2
Chili,2013-14,Gazipur,2016,281.0,,1.206,102.0,2
Chili,2013-14,Gopalganj,2016,826.0,,1.8735,667.0,2
Chili,2013-14,Habiganj,2016,701.0,,1.4455,401.0,2
Chili,2013-14,Jamalpur,2016,14303.0,,0.7315,4783.0,2
Chili,2013-14,Jashore,2016,3511.0,,1.305,1637.0,2
Chili,2013-14,Jhalokati,2016,1220.0,,0.766,314.0,2
Chili,2013-14,Jhenaidah,2016,3649.0,,1.171,1703.0,2
Chili,2013-14,Joypurhat,2016,743.0,,1.1684999999999999,351.0,2
Chili,2013-14,Khagrachhari,2016,1092.0,,0.8145,364.0,2
Chili,2013-14,Khulna,2016,717.0,,3.7725,1098.0,2
Chili,2013-14,Kishoreganj,2016,4183.0,,1.2355,2059.0,2
Chili,2013-14,Kurigram,2016,1592.0,,1.175,863.0,2
Chili,2013-14,Kushtia,2016,1825.0,,1.688,1151.0,2
Chili,2013-14,Lakshmipur,2016,5583.0,,0.844,1956.0,2
Chili,2013-14,Lalmonirhat,2016,1143.0,,1.6925,859.0,2
Chili,2013-14,Madaripur,2016,1714.0,,0.823,559.0,2
Chili,2013-14,Magura,2016,760.0,,1.6199999999999999,488.0,2
Chili,2013-14,Manikganj,2016,2545.0,,1.0034999999999998,1209.0,2
Chili,2013-14,Meherpur,2016,2216.0,,1.4605000000000001,1042.0,2
Chili,2013-14,Moulvibazar,2016,475.0,,1.6404999999999998,332.0,2
Chili,2013-14,Munshiganj,2016,1180.0,,1.2294999999999998,665.0,2
Chili,2013-14,Mymensingh,2016,4172.0,,1.416,2238.0,2
Chili,2013-14,Naogaon,2016,1277.0,,1.48,764.0,2
Chili,2013-14,Narail,2016,925.0,,5.513,2065.0,2
Chili,2013-14,Narayanganj,2016,794.0,,1.133,359.0,2
Chili,2013-14,Narsingdi,2016,2205.0,,0.783,792.0,2
Chili,2013-14,Natore,2016,1640.0,,0.9815,659.0,2
Chili,2013-14,Netrakona,2016,1042.0,,1.438,598.0,2
Chili,2013-14,Nilphamari,2016,4376.0,,4.076,11578.0,2
Chili,2013-14,Noakhali,2016,10474.0,,0.719,3047.0,2
Chili,2013-14,Pabna,2016,8380.0,,1.4465,4927.0,2
Chili,2013-14,Panchagarh,2016,8251.0,,1.258,4221.0,2
Chili,2013-14,Patuakhali,2016,1642.0,,0.487,323.0,2
Chili,2013-14,Pirojpur,2016,1160.0,,1.006,365.0,2
Chili,2013-14,Rajbari,2016,2275.0,,1.145,1055.0,2
Chili,2013-14,Rajshahi,2016,2633.0,,2.0105,2172.0,2
Chili,2013-14,Rangamati,2016,2143.0,,1.2469999999999999,1103.0,2
Chili,2013-14,Rangpur,2016,2425.0,,1.093,1117.0,2
Chili,2013-14,Satkhira,2016,1242.0,,3.5945,1811.0,2
Chili,2013-14,Shariatpur,2016,1211.0,,1.2429999999999999,678.0,2
Chili,2013-14,Sherpur,2016,2958.0,,0.9315,1171.0,2
Chili,2013-14,Sirajganj,2016,8639.0,,1.212,5438.0,2
Chili,2013-14,Sunamganj,2016,295.0,,1.71,152.0,2
Chili,2013-14,Sylhet,2016,854.0,,1.208,418.0,2
Chili,2013-14,Tangail,2016,3562.0,,0.7585,1113.0,2
Chili,2013-14,Thakurgaon,2016,2535.0,,0.9105000000000001,729.0,2
Chili,2014-15,Bagerhat,2016,1121.0,,1.105,521.0,2
Chili,2014-15,Bandarban,2016,1282.0,,2.5985,1436.0,2
Chili,2014-15,Barguna,2016,803.0,,0.655,213.0,2
Chili,2014-15,Barishal,2016,2864.0,,0.8005,902.0,2
Chili,2014-15,Bhola,2016,36054.0,,0.766,11177.0,2
Chili,2014-15,Bogura,2016,9500.0,,1.2120000000000002,4977.0,2
Chili,2014-15,Brahmanbaria,2016,2372.0,,1.1219999999999999,1177.0,2
Chili,2014-15,Chandpur,2016,5807.0,,0.996,2340.0,2
Chili,2014-15,Chapainababganj,2016,402.0,,1.48,254.0,2
Chili,2014-15,Chattogram,2016,7328.0,,0.898,2752.0,2
Chili,2014-15,Chuadanga,2016,2835.0,,1.731,2235.0,2
Chili,2014-15,Cox's Bazar,2016,1879.0,,2.459,949.0,2
Chili,2014-15,Cumilla,2016,8638.0,,1.8375,5183.0,2
Chili,2014-15,Dhaka,2016,1771.0,,1.7915,937.0,2
Chili,2014-15,Dinajpur,2016,3196.0,,1.517,1900.0,2
Chili,2014-15,Faridpur,2016,7343.0,,2.6615,8041.0,2
Chili,2014-15,Feni,2016,1128.0,,1.001,351.0,2
Chili,2014-15,Gaibandha,2016,1282.0,,1.7125,798.0,2
Chili,2014-15,Gazipur,2016,308.0,,1.2235,130.0,2
Chili,2014-15,Gopalganj,2016,941.0,,2.785,917.0,2
Chili,2014-15,Habiganj,2016,767.0,,1.4605000000000001,440.0,2
Chili,2014-15,Jamalpur,2016,14194.0,,0.746,4803.0,2
Chili,2014-15,Jashore,2016,3636.0,,1.0675,1543.0,2
Chili,2014-15,Jhalokati,2016,1298.0,,0.61,320.0,2
Chili,2014-15,Jhenaidah,2016,4117.0,,1.097,1825.0,2
Chili,2014-15,Joypurhat,2016,721.0,,1.212,360.0,2
Chili,2014-15,Khagrachhari,2016,1138.0,,0.813,378.0,2
Chili,2014-15,Khulna,2016,702.0,,3.6710000000000003,1049.0,2
Chili,2014-15,Kishoreganj,2016,4125.0,,1.1665,1870.0,2
Chili,2014-15,Kurigram,2016,1628.0,,1.8225,1009.0,2
Chili,2014-15,Kushtia,2016,1953.0,,1.819,1364.0,2
Chili,2014-15,Lakshmipur,2016,5558.0,,0.899,2023.0,2
Chili,2014-15,Lalmonirhat,2016,923.0,,2.303,850.0,2
Chili,2014-15,Madaripur,2016,1588.0,,0.724,475.0,2
Chili,2014-15,Magura,2016,729.0,,1.68,502.0,2
Chili,2014-15,Manikganj,2016,2654.0,,1.074,1258.0,2
Chili,2014-15,Meherpur,2016,2393.0,,1.5,1158.0,2
Chili,2014-15,Moulvibazar,2016,704.0,,1.8495,528.0,2
Chili,2014-15,Munshiganj,2016,1284.0,,1.2495,719.0,2
Chili,2014-15,Mymensingh,2016,4129.0,,1.5594999999999999,2443.0,2
Chili,2014-15,Naogaon,2016,1288.0,,1.615,836.0,2
Chili,2014-15,Narail,2016,917.0,,5.492,2038.0,2
Chili,2014-15,Narayanganj,2016,804.0,,1.2530000000000001,395.0,2
Chili,2014-15,Narsingdi,2016,2241.0,,1.139,853.0,2
Chili,2014-15,Natore,2016,1654.0,,1.0725,715.0,2
Chili,2014-15,Netrakona,2016,1095.0,,1.4455,649.0,2
Chili,2014-15,Nilphamari,2016,5238.0,,4.5355,12328.0,2
Chili,2014-15,Noakhali,2016,10470.0,,0.719,3052.0,2
Chili,2014-15,Pabna,2016,8907.0,,1.4765000000000001,5337.0,2
Chili,2014-15,Panchagarh,2016,7039.0,,1.3780000000000001,3955.0,2
Chili,2014-15,Patuakhali,2016,1640.0,,0.554,367.0,2
Chili,2014-15,Pirojpur,2016,1198.0,,1.2355,400.0,2
Chili,2014-15,Rajbari,2016,4844.0,,1.028,1973.0,2
Chili,2014-15,Rajshahi,2016,3025.0,,2.6315,3227.0,2
Chili,2014-15,Rangamati,2016,2250.0,,1.2715,1186.0,2
Chili,2014-15,Rangpur,2016,2597.0,,1.2305000000000001,1366.0,2
Chili,2014-15,Satkhira,2016,1214.0,,3.61,1783.0,2
Chili,2014-15,Shariatpur,2016,1210.0,,1.143,638.0,2
Chili,2014-15,Sherpur,2016,2959.0,,0.9450000000000001,1169.0,2
Chili,2014-15,Sirajganj,2016,8593.0,,2.183,5697.0,2
Chili,2014-15,Sunamganj,2016,310.0,,1.292,162.0,2
Chili,2014-15,Sylhet,2016,865.0,,1.362,477.0,2
Chili,2014-15,Tangail,2016,3559.0,,0.797,1162.0,2
Chili,2014-15,Thakurgaon,2016,2742.0,,1.0215,976.0,2
Garlic,2013-14,Bagerhat,2016,124.0,,2.651,133.0,1
Garlic,2013-14,Bandarban,2016,81.0,,2.105,69.0,1
Garlic,2013-14,Barguna,2016,53.0,,1.772,38.0,1
Garlic,2013-14,Barishal,2016,314.0,,2.071,263.0,1
Garlic,2013-14,Bhola,2016,1834.0,,3.808,2827.0,1
Garlic,2013-14,Bogura,2016,849.0,,5.076,1744.0,1
Garlic,2013-14,Brahmanbaria,2016,754.0,,3.516,1073.0,1
Garlic,2013-14,Chandpur,2016,1422.0,,11.715,6741.0,1
Garlic,2013-14,Chapainababganj,2016,5502.0,,4.347,9679.0,1
Garlic,2013-14,Chattogram,2016,141.0,,1.455,83.0,1
Garlic,2013-14,Chuadanga,2016,1070.0,,7.954,3444.0,1
Garlic,2013-14,Cox's Bazar,2016,74.0,,2.471,74.0,1
Garlic,2013-14,Cumilla,2016,1129.0,,4.722,2157.0,1
Garlic,2013-14,Dhaka,2016,1836.0,,7.537,5599.0,1
Garlic,2013-14,Dinajpur,2016,3609.0,,6.405,9353.0,1
Garlic,2013-14,Faridpur,2016,4500.0,,3.625,6600.0,1
Garlic,2013-14,Feni,2016,38.0,,1.69,26.0,1
Garlic,2013-14,Gaibandha,2016,717.0,,3.38,981.0,1
Garlic,2013-14,Gazipur,2016,146.0,,4.3,254.0,1
Garlic,2013-14,Gopalganj,2016,327.0,,6.22,823.0,1
Garlic,2013-14,Habiganj,2016,92.0,,3.331,124.0,1
Garlic,2013-14,Jamalpur,2016,1216.0,,4.885,2404.0,1
Garlic,2013-14,Jashore,2016,1183.0,,7.035,3368.0,1
Garlic,2013-14,Jhalokati,2016,18.0,,2.609,19.0,1
Garlic,2013-14,Jhenaidah,2016,2764.0,,7.216,8070.0,1
Garlic,2013-14,Joypurhat,2016,293.0,,5.12,607.0,1
Garlic,2013-14,Khagrachhari,2016,43.0,,2.471,43.0,1
Garlic,2013-14,Khulna,2016,115.0,,4.211,196.0,1
Garlic,2013-14,Kishoreganj,2016,1190.0,,5.869,2826.0,1
Garlic,2013-14,Kurigram,2016,525.0,,3.408,724.0,1
Garlic,2013-14,Kushtia,2016,2735.0,,5.491,6077.0,1
Garlic,2013-14,Lakshmipur,2016,394.0,,1.717,274.0,1
Garlic,2013-14,Lalmonirhat,2016,596.0,,7.02,1693.0,1
Garlic,2013-14,Madaripur,2016,327.0,,6.235,825.0,1
Garlic,2013-14,Magura,2016,1982.0,,7.762,6225.0,1
Garlic,2013-14,Manikganj,2016,1542.0,,3.361,2097.0,1
Garlic,2013-14,Meherpur,2016,904.0,,8.046,2943.0,1
Garlic,2013-14,Moulvibazar,2016,93.0,,1.861,70.0,1
Garlic,2013-14,Munshiganj,2016,311.0,,3.044,383.0,1
Garlic,2013-14,Mymensingh,2016,993.0,,4.324,1738.0,1
Garlic,2013-14,Naogaon,2016,2961.0,,5.985,7172.0,1
Garlic,2013-14,Narail,2016,492.0,,6.966,1387.0,1
Garlic,2013-14,Narayanganj,2016,175.0,,1.609,114.0,1
Garlic,2013-14,Narsingdi,2016,250.0,,2.866,290.0,1
Garlic,2013-14,Natore,2016,41182.0,,6.736,112277.0,1
Garlic,2013-14,Netrakona,2016,545.0,,4.144,914.0,1
Garlic,2013-14,Nilphamari,2016,893.0,,5.006,1809.0,1
Garlic,2013-14,Noakhali,2016,687.0,,2.172,604.0,1
Garlic,2013-14,Pabna,2016,13666.0,,5.513,30491.0,1
Garlic,2013-14,Panchagarh,2016,1237.0,,4.52,2262.0,1
Garlic,2013-14,Patuakhali,2016,383.0,,2.039,316.0,1
Garlic,2013-14,Pirojpur,2016,45.0,,2.362,43.0,1
Garlic,2013-14,Rajbari,2016,8290.0,,5.708,19150.0,1
Garlic,2013-14,Rajshahi,2016,7492.0,,7.169,21731.0,1
Garlic,2013-14,Rangamati,2016,59.0,,3.726,89.0,1
Garlic,2013-14,Rangpur,2016,2085.0,,4.27,3602.0,1
Garlic,2013-14,Satkhira,2016,684.0,,5.207,1441.0,1
Garlic,2013-14,Shariatpur,2016,2716.0,,5.179,5694.0,1
Garlic,2013-14,Sherpur,2016,350.0,,4.829,684.0,1
Garlic,2013-14,Sirajganj,2016,2369.0,,6.521,6251.0,1
Garlic,2013-14,Sunamganj,2016,99.0,,2.545,102.0,1
Garlic,2013-14,Sylhet,2016,22.0,,2.471,22.0,1
Garlic,2013-14,Tangail,2016,1299.0,,3.408,1791.0,1
Garlic,2013-14,Thakurgaon,2016,721.0,,3.927,1146.0,1
Garlic,2014-15,Bagerhat,2016,141.0,,2.77,158.0,1
Garlic,2014-15,Bandarban,2016,66.0,,4.606,123.0,1
Garlic,2014-15,Barguna,2016,60.0,,2.058,50.0,1
Garlic,2014-15,Barishal,2016,361.0,,1.416,207.0,1
Garlic,2014-15,Bhola,2016,1747.0,,3.571,2524.0,1
Garlic,2014-15,Bogura,2016,855.0,,4.349,1505.0,1
Garlic,2014-15,Brahmanbaria,2016,896.0,,3.257,1181.0,1
Garlic,2014-15,Chandpur,2016,1134.0,,5.392,2474.0,1
Garlic,2014-15,Chapainababganj,2016,5407.0,,4.295,9399.0,1
Garlic,2014-15,Chattogram,2016,138.0,,2.328,130.0,1
Garlic,2014-15,Chuadanga,2016,971.0,,7.374,2897.0,1
Garlic,2014-15,Cox's Bazar,2016,76.0,,2.407,74.0,1
Garlic,2014-15,Cumilla,2016,1024.0,,4.507,1868.0,1
Garlic,2014-15,Dhaka,2016,2329.0,,5.523,5205.0,1
Garlic,2014-15,Dinajpur,2016,4723.0,,6.38,12193.0,1
Garlic,2014-15,Faridpur,2016,5910.0,,3.274,7828.0,1
Garlic,2014-15,Feni,2016,42.0,,1.705,29.0,1
Garlic,2014-15,Gaibandha,2016,760.0,,3.467,1066.0,1
Garlic,2014-15,Gazipur,2016,158.0,,4.411,282.0,1
Garlic,2014-15,Gopalganj,2016,392.0,,5.894,935.0,1
Garlic,2014-15,Habiganj,2016,126.0,,5.726,292.0,1
Garlic,2014-15,Jamalpur,2016,1284.0,,4.92,2556.0,1
Garlic,2014-15,Jashore,2016,1229.0,,7.235,3599.0,1
Garlic,2014-15,Jhalokati,2016,18.0,,2.333,17.0,1
Garlic,2014-15,Jhenaidah,2016,2809.0,,7.544,8575.0,1
Garlic,2014-15,Joypurhat,2016,303.0,,5.928,727.0,1
Garlic,2014-15,Khagrachhari,2016,40.0,,2.348,38.0,1
Garlic,2014-15,Khulna,2016,134.0,,4.169,226.0,1
Garlic,2014-15,Kishoreganj,2016,1216.0,,5.918,2912.0,1
Garlic,2014-15,Kurigram,2016,557.0,,3.744,844.0,1
Garlic,2014-15,Kushtia,2016,2879.0,,5.879,6849.0,1
Garlic,2014-15,Lakshmipur,2016,252.0,,2.078,212.0,1
Garlic,2014-15,Lalmonirhat,2016,584.0,,3.064,724.0,1
Garlic,2014-15,Madaripur,2016,1368.0,,4.181,2315.0,1
Garlic,2014-15,Magura,2016,2186.0,,7.893,6983.0,1
Garlic,2014-15,Manikganj,2016,1453.0,,3.524,2072.0,1
Garlic,2014-15,Meherpur,2016,901.0,,8.291,3023.0,1
Garlic,2014-15,Moulvibazar,2016,63.0,,3.922,100.0,1
Garlic,2014-15,Munshiganj,2016,237.0,,2.889,277.0,1
Garlic,2014-15,Mymensingh,2016,1062.0,,5.1,2192.0,1
Garlic,2014-15,Naogaon,2016,2964.0,,6.193,7427.0,1
Garlic,2014-15,Narail,2016,334.0,,6.059,819.0,1
Garlic,2014-15,Narayanganj,2016,172.0,,2.212,154.0,1
Garlic,2014-15,Narsingdi,2016,242.0,,2.716,266.0,1
Garlic,2014-15,Natore,2016,44400.0,,7.337,131818.0,1
Garlic,2014-15,Netrakona,2016,596.0,,3.959,955.0,1
Garlic,2014-15,Nilphamari,2016,1102.0,,7.065,3151.0,1
Garlic,2014-15,Noakhali,2016,677.0,,2.18,597.0,1
Garlic,2014-15,Pabna,2016,15088.0,,6.104,37274.0,1
Garlic,2014-15,Panchagarh,2016,1369.0,,6.252,3463.0,1
Garlic,2014-15,Patuakhali,2016,391.0,,1.851,293.0,1
Garlic,2014-15,Pirojpur,2016,47.0,,2.471,47.0,1
Garlic,2014-15,Rajbari,2016,11271.0,,5.607,25579.0,1
Garlic,2014-15,Rajshahi,2016,7064.0,,7.033,20102.0,1
Garlic,2014-15,Rangamati,2016,51.0,,3.393,70.0,1
Garlic,2014-15,Rangpur,2016,2129.0,,4.831,4163.0,1
Garlic,2014-15,Satkhira,2016,654.0,,6.029,1596.0,1
Garlic,2014-15,Shariatpur,2016,2548.0,,5.352,5518.0,1
Garlic,2014-15,Sherpur,2016,365.0,,4.725,698.0,1
Garlic,2014-15,Sirajganj,2016,1403.0,,6.472,3674.0,1
Garlic,2014-15,Sunamganj,2016,142.0,,4.072,234.0,1
Garlic,2014-15,Sylhet,2016,6.0,,9.062,22.0,1
Garlic,2014-15,Tangail,2016,1294.0,,3.45,1807.0,1
Garlic,2014-15,Thakurgaon,2016,775.0,,4.263,1337.0,1
Gram,2013-14,Bagerhat,2016,6.0,,0.413,1.0,1
Gram,2013-14,Bandarban,2016,0.0,,,0.0,1
Gram,2013-14,Barguna,2016,280.0,,0.521,59.0,1
Gram,2013-14,Barishal,2016,1051.0,,0.811,345.0,1
Gram,2013-14,Bhola,2016,280.0,,1.932,219.0,1
Gram,2013-14,Bogura,2016,26.0,,0.951,10.0,1
Gram,2013-14,Brahmanbaria,2016,0.0,,,0.0,1
Gram,2013-14,Chandpur,2016,0.0,,,0.0,1
Gram,2013-14,Chapainababganj,2016,2836.0,,0.605,695.0,1
Gram,2013-14,Chattogram,2016,80.0,,0.803,26.0,1
Gram,2013-14,Chuadanga,2016,106.0,,0.909,39.0,1
Gram,2013-14,Cox's Bazar,2016,0.0,,,0.0,1
Gram,2013-14,Cumilla,2016,0.0,,,0.0,1
Gram,2013-14,Dhaka,2016,4.0,,0.618,1.0,1
Gram,2013-14,Dinajpur,2016,25.0,,0.791,8.0,1
Gram,2013-14,Faridpur,2016,427.0,,0.902,156.0,1
Gram,2013-14,Feni,2016,57.0,,1.04,24.0,1
Gram,2013-14,Gaibandha,2016,0.0,,,0.0,1
Gram,2013-14,Gazipur,2016,41.0,,0.904,15.0,1
Gram,2013-14,Gopalganj,2016,99.0,,1.023,41.0,1
Gram,2013-14,Habiganj,2016,0.0,,,0.0,1
Gram,2013-14,Jamalpur,2016,70.0,,0.741,21.0,1
Gram,2013-14,Jashore,2016,356.0,,1.006,145.0,1
Gram,2013-14,Jhalokati,2016,260.0,,0.828,87.0,1
Gram,2013-14,Jhenaidah,2016,748.0,,0.951,288.0,1
Gram,2013-14,Joypurhat,2016,28.0,,0.882,10.0,1
Gram,2013-14,Khagrachhari,2016,0.0,,,0.0,1
Gram,2013-14,Khulna,2016,66.0,,0.86,23.0,1
Gram,2013-14,Kishoreganj,2016,7.0,,0.707,2.0,1
Gram,2013-14,Kurigram,2016,245.0,,0.887,88.0,1
Gram,2013-14,Kushtia,2016,187.0,,1.189,90.0,1
Gram,2013-14,Lakshmipur,2016,31.0,,0.398,5.0,1
Gram,2013-14,Lalmonirhat,2016,11.0,,1.347,6.0,1
Gram,2013-14,Madaripur,2016,1532.0,,0.825,512.0,1
Gram,2013-14,Magura,2016,204.0,,0.932,77.0,1
Gram,2013-14,Manikganj,2016,7.0,,1.06,3.0,1
Gram,2013-14,Meherpur,2016,24.0,,0.927,9.0,1
Gram,2013-14,Moulvibazar,2016,0.0,,,0.0,1
Gram,2013-14,Munshiganj,2016,0.0,,,0.0,1
Gram,2013-14,Mymensingh,2016,215.0,,1.275,111.0,1
Gram,2013-14,Naogaon,2016,357.0,,0.996,144.0,1
Gram,2013-14,Narail,2016,985.0,,0.89,355.0,1
Gram,2013-14,Narayanganj,2016,27.0,,1.006,11.0,1
Gram,2013-14,Narsingdi,2016,9.0,,0.549,2.0,1
Gram,2013-14,Natore,2016,105.0,,0.848,36.0,1
Gram,2013-14,Netrakona,2016,0.0,,,0.0,1
Gram,2013-14,Nilphamari,2016,22.0,,1.011,9.0,1
Gram,2013-14,Noakhali,2016,145.0,,0.887,52.0,1
Gram,2013-14,Pabna,2016,111.0,,1.045,47.0,1
Gram,2013-14,Panchagarh,2016,67.0,,0.665,18.0,1
Gram,2013-14,Patuakhali,2016,1150.0,,0.568,265.0,1
Gram,2013-14,Pirojpur,2016,0.0,,,0.0,1
Gram,2013-14,Rajbari,2016,320.0,,0.865,112.0,1
Gram,2013-14,Rajshahi,2016,3984.0,,0.996,1604.0,1
Gram,2013-14,Rangamati,2016,0.0,,,0.0,1
Gram,2013-14,Rangpur,2016,26.0,,1.329,14.0,1
Gram,2013-14,Satkhira,2016,29.0,,0.853,10.0,1
Gram,2013-14,Shariatpur,2016,0.0,,,0.0,1
Gram,2013-14,Sherpur,2016,21.0,,0.941,8.0,1
Gram,2013-14,Sirajganj,2016,229.0,,1.068,99.0,1
Gram,2013-14,Sunamganj,2016,0.0,,,0.0,1
Gram,2013-14,Sylhet,2016,0.0,,,0.0,1
Gram,2013-14,Tangail,2016,9.0,,0.823,3.0,1
Gram,2013-14,Thakurgaon,2016,112.0,,0.927,42.0,1
Gram,2014-15,Bagerhat,2016,9.0,,0.823,3.0,1
Gram,2014-15,Bandarban,2016,6.0,,1.648,4.0,1
Gram,2014-15,Barguna,2016,335.0,,0.848,115.0,1
Gram,2014-15,Barishal,2016,1014.0,,0.793,325.0,1
Gram,2014-15,Bhola,2016,364.0,,1.507,222.0,1
Gram,2014-15,Bogura,2016,26.0,,0.951,10.0,1
Gram,2014-15,Brahmanbaria,2016,0.0,,,0.0,1
Gram,2014-15,Chandpur,2016,0.0,,,0.0,1
Gram,2014-15,Chapainababganj,2016,2710.0,,0.603,662.0,1
Gram,2014-15,Chattogram,2016,73.0,,0.845,25.0,1
Gram,2014-15,Chuadanga,2016,102.0,,0.922,38.0,1
Gram,2014-15,Cox's Bazar,2016,0.0,,,0.0,1
Gram,2014-15,Cumilla,2016,0.0,,,0.0,1
Gram,2014-15,Dhaka,2016,5.0,,0.494,1.0,1
Gram,2014-15,Dinajpur,2016,24.0,,1.132,11.0,1
Gram,2014-15,Faridpur,2016,253.0,,0.996,102.0,1
Gram,2014-15,Feni,2016,48.0,,1.03,20.0,1
Gram,2014-15,Gaibandha,2016,60.0,,1.441,35.0,1
Gram,2014-15,Gazipur,2016,42.0,,0.941,16.0,1
Gram,2014-15,Gopalganj,2016,65.0,,0.951,25.0,1
Gram,2014-15,Habiganj,2016,0.0,,,0.0,1
Gram,2014-15,Jamalpur,2016,81.0,,0.855,28.0,1
Gram,2014-15,Jashore,2016,317.0,,1.122,144.0,1
Gram,2014-15,Jhalokati,2016,288.0,,0.857,100.0,1
Gram,2014-15,Jhenaidah,2016,642.0,,1.008,262.0,1
Gram,2014-15,Joypurhat,2016,22.0,,0.675,6.0,1
Gram,2014-15,Khagrachhari,2016,0.0,,,0.0,1
Gram,2014-15,Khulna,2016,7.0,,0.707,2.0,1
Gram,2014-15,Kishoreganj,2016,8.0,,0.618,2.0,1
Gram,2014-15,Kurigram,2016,250.0,,0.998,101.0,1
Gram,2014-15,Kushtia,2016,178.0,,1.208,87.0,1
Gram,2014-15,Lakshmipur,2016,30.0,,0.413,5.0,1
Gram,2014-15,Lalmonirhat,2016,13.0,,1.52,8.0,1
Gram,2014-15,Madaripur,2016,1554.0,,0.845,531.0,1
Gram,2014-15,Magura,2016,283.0,,0.865,99.0,1
Gram,2014-15,Manikganj,2016,5.0,,0.988,2.0,1
Gram,2014-15,Meherpur,2016,22.0,,0.899,8.0,1
Gram,2014-15,Moulvibazar,2016,0.0,,1.236,1.0,1
Gram,2014-15,Munshiganj,2016,0.0,,,0.0,1
Gram,2014-15,Mymensingh,2016,214.0,,1.49,129.0,1
Gram,2014-15,Naogaon,2016,292.0,,0.949,112.0,1
Gram,2014-15,Narail,2016,485.0,,1.411,277.0,1
Gram,2014-15,Narayanganj,2016,23.0,,1.181,11.0,1
Gram,2014-15,Narsingdi,2016,6.0,,0.823,2.0,1
Gram,2014-15,Natore,2016,61.0,,0.932,23.0,1
Gram,2014-15,Netrakona,2016,0.0,,,0.0,1
Gram,2014-15,Nilphamari,2016,20.0,,1.236,10.0,1
Gram,2014-15,Noakhali,2016,148.0,,0.934,56.0,1
Gram,2014-15,Pabna,2016,117.0,,1.31,62.0,1
Gram,2014-15,Panchagarh,2016,45.0,,0.66,12.0,1
Gram,2014-15,Patuakhali,2016,1455.0,,0.618,364.0,1
Gram,2014-15,Pirojpur,2016,0.0,,,0.0,1
Gram,2014-15,Rajbari,2016,473.0,,0.899,172.0,1
Gram,2014-15,Rajshahi,2016,4730.0,,1.139,2182.0,1
Gram,2014-15,Rangamati,2016,0.0,,,0.0,1
Gram,2014-15,Rangpur,2016,22.0,,1.347,12.0,1
Gram,2014-15,Satkhira,2016,4.0,,0.618,1.0,1
Gram,2014-15,Shariatpur,2016,348.0,,1.213,171.0,1
Gram,2014-15,Sherpur,2016,20.0,,0.865,7.0,1
Gram,2014-15,Sirajganj,2016,61.0,,0.971,24.0,1
Gram,2014-15,Sunamganj,2016,0.0,,,0.0,1
Gram,2014-15,Sylhet,2016,0.0,,,0.0,1
Gram,2014-15,Tangail,2016,5.0,,0.494,1.0,1
Gram,2014-15,Thakurgaon,2016,101.0,,1.077,44.0,1
Groundnut,2013-14,Bagerhat,2016,30.0,,1.564,19.0,1
Groundnut,2013-14,Bandarban,2016,308.0,,1.9,237.0,1
Groundnut,2013-14,Barguna,2016,120.0,,1.154,56.0,1
Groundnut,2013-14,Barishal,2016,42.0,,1.764,30.0,1
Groundnut,2013-14,Bhola,2016,3305.0,,1.977,2644.0,1
Groundnut,2013-14,Bogura,2016,1718.0,,1.421,988.0,1
Groundnut,2013-14,Brahmanbaria,2016,1127.0,,4.319,1970.0,1
Groundnut,2013-14,Chandpur,2016,255.0,,1.307,135.0,1
Groundnut,2013-14,Chapainababganj,2016,0.0,,,0.0,1
Groundnut,2013-14,Chattogram,2016,2165.0,,2.197,1925.0,1
Groundnut,2013-14,Chuadanga,2016,49.0,,1.03,35.0,1
Groundnut,2013-14,Cox's Bazar,2016,1061.0,,4.3,1847.0,1
Groundnut,2013-14,Cumilla,2016,603.0,,2.422,591.0,1
Groundnut,2013-14,Dhaka,2016,634.0,,1.473,378.0,1
Groundnut,2013-14,Dinajpur,2016,191.0,,1.124,87.0,1
Groundnut,2013-14,Faridpur,2016,6743.0,,2.582,705.0,1
Groundnut,2013-14,Feni,2016,833.0,,1.675,565.0,1
Groundnut,2013-14,Gaibandha,2016,1264.0,,2.016,1032.0,1
Groundnut,2013-14,Gazipur,2016,343.0,,1.102,150.0,1
Groundnut,2013-14,Gopalganj,2016,2599.0,,2.698,2839.0,1
Groundnut,2013-14,Habiganj,2016,234.0,,1.666,159.0,1
Groundnut,2013-14,Jamalpur,2016,1332.0,,2.278,1228.0,1
Groundnut,2013-14,Jashore,2016,14.0,,1.236,7.0,1
Groundnut,2013-14,Jhalokati,2016,16.0,,1.391,9.0,1
Groundnut,2013-14,Jhenaidah,2016,695.0,,3.225,907.0,1
Groundnut,2013-14,Joypurhat,2016,0.0,,,0.0,1
Groundnut,2013-14,Khagrachhari,2016,91.0,,2.824,104.0,1
Groundnut,2013-14,Khulna,2016,16.0,,1.391,9.0,1
Groundnut,2013-14,Kishoreganj,2016,1850.0,,1.829,1370.0,1
Groundnut,2013-14,Kurigram,2016,2110.0,,2.432,2078.0,1
Groundnut,2013-14,Kushtia,2016,625.0,,1.586,421.0,1
Groundnut,2013-14,Lakshmipur,2016,6104.0,,1.189,2939.0,1
Groundnut,2013-14,Lalmonirhat,2016,1108.0,,1.945,872.0,1
Groundnut,2013-14,Madaripur,2016,503.0,,1.68,342.0,1
Groundnut,2013-14,Magura,2016,67.0,,4.315,117.0,1
Groundnut,2013-14,Manikganj,2016,950.0,,1.814,697.0,1
Groundnut,2013-14,Meherpur,2016,14.0,,1.058,6.0,1
Groundnut,2013-14,Moulvibazar,2016,0.0,,,0.0,1
Groundnut,2013-14,Munshiganj,2016,184.0,,1.814,135.0,1
Groundnut,2013-14,Mymensingh,2016,885.0,,1.621,581.0,1
Groundnut,2013-14,Naogaon,2016,37.0,,1.268,19.0,1
Groundnut,2013-14,Narail,2016,1039.0,,1.438,605.0,1
Groundnut,2013-14,Narayanganj,2016,641.0,,2.138,555.0,1
Groundnut,2013-14,Narsingdi,2016,694.0,,1.317,370.0,1
Groundnut,2013-14,Natore,2016,224.0,,1.003,91.0,1
Groundnut,2013-14,Netrakona,2016,181.0,,2.402,176.0,1
Groundnut,2013-14,Nilphamari,2016,203.0,,1.253,103.0,1
Groundnut,2013-14,Noakhali,2016,6748.0,,1.208,3297.0,1
Groundnut,2013-14,Pabna,2016,798.0,,1.982,640.0,1
Groundnut,2013-14,Panchagarh,2016,13399.0,,1.505,8171.0,1
Groundnut,2013-14,Patuakhali,2016,654.0,,0.865,229.0,1
Groundnut,2013-14,Pirojpur,2016,38.0,,1.3,20.0,1
Groundnut,2013-14,Rajbari,2016,676.0,,3.321,909.0,1
Groundnut,2013-14,Rajshahi,2016,231.0,,1.967,184.0,1
Groundnut,2013-14,Rangamati,2016,67.0,,1.253,34.0,1
Groundnut,2013-14,Rangpur,2016,186.0,,1.633,123.0,1
Groundnut,2013-14,Satkhira,2016,0.0,,,0.0,1
Groundnut,2013-14,Shariatpur,2016,561.0,,10.987,2494.0,1
Groundnut,2013-14,Sherpur,2016,117.0,,2.261,107.0,1
Groundnut,2013-14,Sirajganj,2016,1579.0,,1.122,972.0,1
Groundnut,2013-14,Sunamganj,2016,1097.0,,1.5,666.0,1
Groundnut,2013-14,Sylhet,2016,57.0,,1.127,26.0,1
Groundnut,2013-14,Tangail,2016,3098.0,,1.32,1654.0,1
Groundnut,2013-14,Thakurgaon,2016,57.0,,1.473,34.0,1
Groundnut,2014-15,Bagerhat,2016,31.0,,1.515,15.0,1
Groundnut,2014-15,Bandarban,2016,171.0,,1.648,114.0,1
Groundnut,2014-15,Barguna,2016,177.0,,3.168,227.0,1
Groundnut,2014-15,Barishal,2016,42.0,,1.764,30.0,1
Groundnut,2014-15,Bhola,2016,3334.0,,2.34,3158.0,1
Groundnut,2014-15,Bogura,2016,1600.0,,1.418,919.0,1
Groundnut,2014-15,Brahmanbaria,2016,171.0,,1.663,115.0,1
Groundnut,2014-15,Chandpur,2016,264.0,,4.922,526.0,1
Groundnut,2014-15,Chapainababganj,2016,0.0,,,0.0,1
Groundnut,2014-15,Chattogram,2016,1589.0,,2.271,1369.0,1
Groundnut,2014-15,Chuadanga,2016,65.0,,1.787,47.0,1
Groundnut,2014-15,Cox's Bazar,2016,1004.0,,2.778,1129.0,1
Groundnut,2014-15,Cumilla,2016,624.0,,2.464,630.0,1
Groundnut,2014-15,Dhaka,2016,660.0,,1.483,396.0,1
Groundnut,2014-15,Dinajpur,2016,37.0,,1.201,18.0,1
Groundnut,2014-15,Faridpur,2016,5566.0,,2.78,6262.0,1
Groundnut,2014-15,Feni,2016,782.0,,1.685,533.0,1
Groundnut,2014-15,Gaibandha,2016,1201.0,,2.036,990.0,1
Groundnut,2014-15,Gazipur,2016,305.0,,1.053,130.0,1
Groundnut,2014-15,Gopalganj,2016,2032.0,,2.259,1857.0,1
Groundnut,2014-15,Habiganj,2016,216.0,,0.907,79.0,1
Groundnut,2014-15,Jamalpur,2016,1362.0,,2.367,1305.0,1
Groundnut,2014-15,Jashore,2016,16.0,,1.236,8.0,1
Groundnut,2014-15,Jhalokati,2016,17.0,,0.727,5.0,1
Groundnut,2014-15,Jhenaidah,2016,705.0,,2.931,845.0,1
Groundnut,2014-15,Joypurhat,2016,0.0,,,0.0,1
Groundnut,2014-15,Khagrachhari,2016,96.0,,2.884,112.0,1
Groundnut,2014-15,Khulna,2016,28.0,,1.236,14.0,1
Groundnut,2014-15,Kishoreganj,2016,2141.0,,1.698,1470.0,1
Groundnut,2014-15,Kurigram,2016,2997.0,,1.285,1559.0,1
Groundnut,2014-15,Kushtia,2016,594.0,,1.49,358.0,1
Groundnut,2014-15,Lakshmipur,2016,6414.0,,1.174,3047.0,1
Groundnut,2014-15,Lalmonirhat,2016,1679.0,,1.836,1249.0,1
Groundnut,2014-15,Madaripur,2016,492.0,,1.554,332.0,1
Groundnut,2014-15,Magura,2016,21.0,,2.824,24.0,1
Groundnut,2014-15,Manikganj,2016,1562.0,,1.527,965.0,1
Groundnut,2014-15,Meherpur,2016,26.0,,2.565,27.0,1
Groundnut,2014-15,Moulvibazar,2016,23.0,,1.181,11.0,1
Groundnut,2014-15,Munshiganj,2016,199.0,,1.838,148.0,1
Groundnut,2014-15,Mymensingh,2016,923.0,,1.53,571.0,1
Groundnut,2014-15,Naogaon,2016,27.0,,1.374,15.0,1
Groundnut,2014-15,Narail,2016,1081.0,,2.456,1074.0,1
Groundnut,2014-15,Narayanganj,2016,571.0,,1.52,351.0,1
Groundnut,2014-15,Narsingdi,2016,689.0,,1.248,348.0,1
Groundnut,2014-15,Natore,2016,1192.0,,1.27,613.0,1
Groundnut,2014-15,Netrakona,2016,193.0,,2.407,188.0,1
Groundnut,2014-15,Nilphamari,2016,202.0,,1.236,101.0,1
Groundnut,2014-15,Noakhali,2016,6753.0,,1.208,3304.0,1
Groundnut,2014-15,Pabna,2016,1198.0,,0.922,883.0,1
Groundnut,2014-15,Panchagarh,2016,17451.0,,1.52,11809.0,1
Groundnut,2014-15,Patuakhali,2016,890.0,,0.692,249.0,1
Groundnut,2014-15,Pirojpur,2016,9.0,,1.374,5.0,1
Groundnut,2014-15,Rajbari,2016,437.0,,3.2,561.0,1
Groundnut,2014-15,Rajshahi,2016,210.0,,2.189,186.0,1
Groundnut,2014-15,Rangamati,2016,64.0,,1.631,31.0,1
Groundnut,2014-15,Rangpur,2016,174.0,,1.74,126.0,1
Groundnut,2014-15,Satkhira,2016,0.0,,,0.0,1
Groundnut,2014-15,Shariatpur,2016,745.0,,8.021,2418.0,1
Groundnut,2014-15,Sherpur,2016,109.0,,2.244,99.0,1
Groundnut,2014-15,Sirajganj,2016,1550.0,,1.693,1061.0,1
Groundnut,2014-15,Sunamganj,2016,2434.0,,1.782,1757.0,1
Groundnut,2014-15,Sylhet,2016,36.0,,2.128,31.0,1
Groundnut,2014-15,Tangail,2016,3145.0,,1.367,1741.0,1
Groundnut,2014-15,Thakurgaon,2016,138.0,,1.557,87.0,1
Jute,2013-14,Bagerhat,2016,3510.0,1420.0,1.722,2445.4,1
Jute,2013-14,Bandarban,2016,0.0,0.0,0.0,0.0,1
Jute,2013-14,Barguna,2016,0.0,0.0,0.0,0.0,1
Jute,2013-14,Barishal,2016,13060.0,5285.0,1.565,8269.9,1
Jute,2013-14,Bhola,2016,0.0,0.0,0.0,0.0,1
Jute,2013-14,Bogura,2016,36321.0,14698.0,2.183,32093.7,1
Jute,2013-14,Brahmanbaria,2016,8082.0,3271.0,2.013,6584.1,1
Jute,2013-14,Chandpur,2016,10718.0,4337.0,1.798,7798.1,1
Jute,2013-14,Chapainababganj,2016,999.0,404.0,2.103,850.0,1
Jute,2013-14,Chattogram,2016,0.0,0.0,0.0,0.0,1
Jute,2013-14,Chuadanga,2016,46567.0,18845.0,2.439,45963.1,1
Jute,2013-14,Cox's Bazar,2016,0.0,0.0,0.0,0.0,1
Jute,2013-14,Cumilla,2016,2572.0,1041.0,1.565,1628.6,1
Jute,2013-14,Dhaka,2016,13773.0,5574.0,1.699,9471.2,1
Jute,2013-14,Dinajpur,2016,22389.0,9060.0,2.165,19620.7,1
Jute,2013-14,Faridpur,2016,176626.0,71477.0,1.834,131072.3,1
Jute,2013-14,Feni,2016,0.0,0.0,0.0,0.0,1
Jute,2013-14,Gaibandha,2016,25659.0,10384.0,2.219,23045.1,1
Jute,2013-14,Gazipur,2016,3488.0,1412.0,1.731,2442.9,1
Jute,2013-14,Gopalganj,2016,55006.0,22260.0,2.112,47007.1,1
Jute,2013-14,Habiganj,2016,223.0,90.0,1.394,125.9,1
Jute,2013-14,Jamalpur,2016,93323.0,37766.0,1.919,72471.1,1
Jute,2013-14,Jashore,2016,57912.0,23436.0,2.296,53798.6,1
Jute,2013-14,Jhalokati,2016,206.0,83.0,1.632,136.1,1
Jute,2013-14,Jhenaidah,2016,50976.0,20629.0,1.968,40603.6,1
Jute,2013-14,Joypurhat,2016,5259.0,2128.0,2.381,5066.7,1
Jute,2013-14,Khagrachhari,2016,0.0,0.0,0.0,0.0,1
Jute,2013-14,Khulna,2016,5175.0,2094.0,1.915,4009.3,1
Jute,2013-14,Kishoreganj,2016,14930.0,6042.0,1.865,11269.1,1
Jute,2013-14,Kurigram,2016,48044.0,19442.0,2.143,41667.7,1
Jute,2013-14,Kushtia,2016,83990.0,33989.0,2.143,72843.1,1
Jute,2013-14,Lakshmipur,2016,344.0,139.0,1.56,217.2,1
Jute,2013-14,Lalmonirhat,2016,12580.0,5091.0,2.282,11618.0,1
Jute,2013-14,Madaripur,2016,62554.0,25314.0,1.78,45058.6,1
Jute,2013-14,Magura,2016,73870.0,29894.0,1.901,56828.6,1
Jute,2013-14,Manikganj,2016,13048.0,5280.0,1.654,8735.8,1
Jute,2013-14,Meherpur,2016,58660.0,23738.0,2.663,63221.0,1
Jute,2013-14,Moulvibazar,2016,0.0,0.0,0.0,0.0,1
Jute,2013-14,Munshiganj,2016,8710.0,3525.0,1.421,5009.7,1
Jute,2013-14,Mymensingh,2016,20567.0,8323.0,1.699,14143.1,1
Jute,2013-14,Naogaon,2016,18676.0,7558.0,2.524,19077.7,1
Jute,2013-14,Narail,2016,45064.0,18236.0,1.722,31397.5,1
Jute,2013-14,Narayanganj,2016,980.0,397.0,1.533,608.2,1
Jute,2013-14,Narsingdi,2016,9486.0,3839.0,1.862,7142.7,1
Jute,2013-14,Natore,2016,41430.0,16766.0,2.201,36908.7,1
Jute,2013-14,Netrakona,2016,15347.0,6211.0,1.762,10943.4,1
Jute,2013-14,Nilphamari,2016,22736.0,9201.0,1.959,18027.2,1
Jute,2013-14,Noakhali,2016,0.0,0.0,0.0,0.0,1
Jute,2013-14,Pabna,2016,79234.0,32064.0,2.291,73462.5,1
Jute,2013-14,Panchagarh,2016,21434.0,8674.0,1.78,15439.3,1
Jute,2013-14,Patuakhali,2016,0.0,0.0,0.0,0.0,1
Jute,2013-14,Pirojpur,2016,1030.0,417.0,1.309,545.8,1
Jute,2013-14,Rajbari,2016,91539.0,37044.0,1.946,72082.3,1
Jute,2013-14,Rajshahi,2016,25397.0,10278.0,2.461,25298.2,1
Jute,2013-14,Rangamati,2016,0.0,0.0,0.0,0.0,1
Jute,2013-14,Rangpur,2016,27260.0,11032.0,2.372,26164.6,1
Jute,2013-14,Satkhira,2016,25986.0,10516.0,2.044,21499.9,1
Jute,2013-14,Shariatpur,2016,48825.0,19758.0,2.004,39598.9,1
Jute,2013-14,Sherpur,2016,13772.0,5573.0,1.883,10494.9,1
Jute,2013-14,Sirajganj,2016,50568.0,20464.0,1.784,36516.8,1
Jute,2013-14,Sunamganj,2016,98.0,40.0,1.385,55.0,1
Jute,2013-14,Sylhet,2016,0.0,0.0,0.0,0.0,1
Jute,2013-14,Tangail,2016,53435.0,21624.0,1.865,40332.3,1
Jute,2013-14,Thakurgaon,2016,23680.0,9583.0,1.932,18517.9,1
Jute,2014-15,Bagerhat,2016,3157.0,1278.0,1.937,2474.5,1
Jute,2014-15,Bandarban,2016,0.0,0.0,0.0,0.0,1
Jute,2014-15,Barguna,2016,0.0,0.0,0.0,0.0,1
Jute,2014-15,Barishal,2016,12885.0,5214.0,1.65,8603.3,1
Jute,2014-15,Bhola,2016,0.0,0.0,0.0,0.0,1
Jute,2014-15,Bogura,2016,40639.0,16446.0,2.107,34655.6,1
Jute,2014-15,Brahmanbaria,2016,8982.0,3635.0,1.995,7252.2,1
Jute,2014-15,Chandpur,2016,11075.0,4482.0,1.843,8258.8,1
Jute,2014-15,Chapainababganj,2016,1236.0,500.0,1.731,865.8,1
Jute,2014-15,Chattogram,2016,0.0,0.0,0.0,0.0,1
Jute,2014-15,Chuadanga,2016,46012.0,18620.0,2.336,43495.3,1
Jute,2014-15,Cox's Bazar,2016,0.0,0.0,0.0,0.0,1
Jute,2014-15,Cumilla,2016,2817.0,1140.0,1.829,2085.3,1
Jute,2014-15,Dhaka,2016,13670.0,5532.0,1.91,10566.0,1
Jute,2014-15,Dinajpur,2016,21668.0,8769.0,2.04,17888.0,1
Jute,2014-15,Faridpur,2016,178731.0,72329.0,1.843,133282.9,1
Jute,2014-15,Feni,2016,0.0,0.0,0.0,0.0,1
Jute,2014-15,Gaibandha,2016,30181.0,12214.0,2.183,26668.2,1
Jute,2014-15,Gazipur,2016,3292.0,1332.0,1.686,2245.9,1
Jute,2014-15,Gopalganj,2016,54237.0,21949.0,1.919,42118.4,1
Jute,2014-15,Habiganj,2016,1057.0,428.0,1.699,726.8,1
Jute,2014-15,Jamalpur,2016,95552.0,38668.0,1.919,74202.2,1
Jute,2014-15,Jashore,2016,56809.0,22989.0,2.34,53804.8,1
Jute,2014-15,Jhalokati,2016,0.0,0.0,0.0,0.0,1
Jute,2014-15,Jhenaidah,2016,49502.0,20032.0,2.009,40237.8,1
Jute,2014-15,Joypurhat,2016,4042.0,1636.0,2.318,3791.6,1
Jute,2014-15,Khagrachhari,2016,0.0,0.0,0.0,0.0,1
Jute,2014-15,Khulna,2016,4427.0,1792.0,2.013,3606.5,1
Jute,2014-15,Kishoreganj,2016,15698.0,6353.0,1.865,11848.8,1
Jute,2014-15,Kurigram,2016,47864.0,19370.0,2.179,42206.4,1
Jute,2014-15,Kushtia,2016,86084.0,34836.0,2.049,71379.2,1
Jute,2014-15,Lakshmipur,2016,101.0,41.0,1.291,52.8,1
Jute,2014-15,Lalmonirhat,2016,12189.0,4933.0,2.251,11102.1,1
Jute,2014-15,Madaripur,2016,61552.0,24909.0,1.82,45342.0,1
Jute,2014-15,Magura,2016,80287.0,32490.0,1.991,64678.6,1
Jute,2014-15,Manikganj,2016,11266.0,4559.0,1.641,7481.5,1
Jute,2014-15,Meherpur,2016,57685.0,23344.0,2.439,56937.0,1
Jute,2014-15,Moulvibazar,2016,0.0,0.0,0.0,0.0,1
Jute,2014-15,Munshiganj,2016,7766.0,3143.0,1.439,4523.1,1
Jute,2014-15,Mymensingh,2016,20149.0,8154.0,1.491,12156.7,1
Jute,2014-15,Naogaon,2016,16398.0,6636.0,2.475,16423.4,1
Jute,2014-15,Narail,2016,43884.0,17759.0,2.044,36308.1,1
Jute,2014-15,Narayanganj,2016,1061.0,429.0,1.596,685.3,1
Jute,2014-15,Narsingdi,2016,8911.0,3606.0,1.874,6758.3,1
Jute,2014-15,Natore,2016,40037.0,16202.0,2.17,35159.3,1
Jute,2014-15,Netrakona,2016,14848.0,6009.0,1.578,9483.0,1
Jute,2014-15,Nilphamari,2016,21331.0,8632.0,2.112,18229.1,1
Jute,2014-15,Noakhali,2016,0.0,0.0,0.0,0.0,1
Jute,2014-15,Pabna,2016,85569.0,34628.0,2.3,79646.5,1
Jute,2014-15,Panchagarh,2016,20882.0,8450.0,1.829,15458.5,1
Jute,2014-15,Patuakhali,2016,0.0,0.0,0.0,0.0,1
Jute,2014-15,Pirojpur,2016,915.0,370.0,1.255,464.8,1
Jute,2014-15,Rajbari,2016,94647.0,38302.0,1.964,75216.7,1
Jute,2014-15,Rajshahi,2016,27229.0,11019.0,2.26,24899.7,1
Jute,2014-15,Rangamati,2016,0.0,0.0,0.0,0.0,1
Jute,2014-15,Rangpur,2016,27455.0,11110.0,2.282,25355.5,1
Jute,2014-15,Satkhira,2016,26008.0,10525.0,2.237,23547.3,1
Jute,2014-15,Shariatpur,2016,56292.0,22780.0,1.897,43203.6,1
Jute,2014-15,Sherpur,2016,14774.0,5979.0,1.892,11312.1,1
Jute,2014-15,Sirajganj,2016,47614.0,19268.0,1.856,35765.8,1
Jute,2014-15,Sunamganj,2016,173.0,70.0,1.444,101.1,1
Jute,2014-15,Sylhet,2016,0.0,0.0,0.0,0.0,1
Jute,2014-15,Tangail,2016,51212.0,20724.0,1.937,40141.1,1
Jute,2014-15,Thakurgaon,2016,22248.0,9003.0,2.031,18286.1,1
Lentil,2013-14,Bagerhat,2016,1438.0,,0.803,467.0,1
Lentil,2013-14,Bandarban,2016,40.0,,0.803,13.0,1
Lentil,2013-14,Barguna,2016,230.0,,0.376,35.0,1
Lentil,2013-14,Barishal,2016,3215.0,,0.749,973.0,1
Lentil,2013-14,Bhola,2016,1308.0,,1.46,773.0,1
Lentil,2013-14,Bogura,2016,2350.0,,0.986,938.0,1
Lentil,2013-14,Brahmanbaria,2016,1418.0,,0.588,337.0,1
Lentil,2013-14,Chandpur,2016,876.0,,1.7,603.0,1
Lentil,2013-14,Chapainababganj,2016,647.0,,0.657,172.0,1
Lentil,2013-14,Chattogram,2016,221.0,,0.514,46.0,1
Lentil,2013-14,Chuadanga,2016,4390.0,,0.924,1641.0,1
Lentil,2013-14,Cox's Bazar,2016,0.0,,,0.0,1
Lentil,2013-14,Cumilla,2016,1935.0,,0.966,757.0,1
Lentil,2013-14,Dhaka,2016,879.0,,0.749,266.0,1
Lentil,2013-14,Dinajpur,2016,333.0,,0.815,110.0,1
Lentil,2013-14,Faridpur,2016,33121.0,,1.095,14680.0,1
Lentil,2013-14,Feni,2016,814.0,,0.944,311.0,1
Lentil,2013-14,Gaibandha,2016,1488.0,,2.098,1263.0,1
Lentil,2013-14,Gazipur,2016,155.0,,0.702,44.0,1
Lentil,2013-14,Gopalganj,2016,7364.0,,1.161,3459.0,1
Lentil,2013-14,Habiganj,2016,50.0,,1.137,23.0,1
Lentil,2013-14,Jamalpur,2016,1007.0,,0.697,284.0,1
Lentil,2013-14,Jashore,2016,22154.0,,1.033,9253.0,1
Lentil,2013-14,Jhalokati,2016,686.0,,0.872,242.0,1
Lentil,2013-14,Jhenaidah,2016,27281.0,,1.327,14642.0,1
Lentil,2013-14,Joypurhat,2016,351.0,,0.731,104.0,1
Lentil,2013-14,Khagrachhari,2016,66.0,,0.413,11.0,1
Lentil,2013-14,Khulna,2016,259.0,,0.791,83.0,1
Lentil,2013-14,Kishoreganj,2016,407.0,,0.845,139.0,1
Lentil,2013-14,Kurigram,2016,1473.0,,0.897,534.0,1
Lentil,2013-14,Kushtia,2016,14575.0,,1.426,8417.0,1
Lentil,2013-14,Lakshmipur,2016,117.0,,0.591,28.0,1
Lentil,2013-14,Lalmonirhat,2016,129.0,,0.959,50.0,1
Lentil,2013-14,Madaripur,2016,10457.0,,1.07,4525.0,1
Lentil,2013-14,Magura,2016,30514.0,,1.11,13703.0,1
Lentil,2013-14,Manikganj,2016,2383.0,,1.006,969.0,1
Lentil,2013-14,Meherpur,2016,10963.0,,1.423,6317.0,1
Lentil,2013-14,Moulvibazar,2016,18.0,,1.236,9.0,1
Lentil,2013-14,Munshiganj,2016,100.0,,0.815,33.0,1
Lentil,2013-14,Mymensingh,2016,880.0,,1.045,372.0,1
Lentil,2013-14,Naogaon,2016,668.0,,1.139,308.0,1
Lentil,2013-14,Narail,2016,13017.0,,1.063,5592.0,1
Lentil,2013-14,Narayanganj,2016,471.0,,0.687,131.0,1
Lentil,2013-14,Narsingdi,2016,74.0,,0.702,21.0,1
Lentil,2013-14,Natore,2016,39065.0,,1.181,18684.0,1
Lentil,2013-14,Netrakona,2016,132.0,,0.749,40.0,1
Lentil,2013-14,Nilphamari,2016,38.0,,0.909,14.0,1
Lentil,2013-14,Noakhali,2016,250.0,,0.623,63.0,1
Lentil,2013-14,Pabna,2016,24998.0,,1.058,10701.0,1
Lentil,2013-14,Panchagarh,2016,160.0,,0.865,56.0,1
Lentil,2013-14,Patuakhali,2016,727.0,,0.405,119.0,1
Lentil,2013-14,Pirojpur,2016,50.0,,0.593,12.0,1
Lentil,2013-14,Rajbari,2016,15000.0,,1.07,6500.0,1
Lentil,2013-14,Rajshahi,2016,35069.0,,1.371,19463.0,1
Lentil,2013-14,Rangamati,2016,65.0,,0.912,24.0,1
Lentil,2013-14,Rangpur,2016,250.0,,1.097,111.0,1
Lentil,2013-14,Satkhira,2016,755.0,,0.825,252.0,1
Lentil,2013-14,Shariatpur,2016,6944.0,,1.24,3486.0,1
Lentil,2013-14,Sherpur,2016,120.0,,0.823,40.0,1
Lentil,2013-14,Sirajganj,2016,10312.0,,1.03,4304.0,1
Lentil,2013-14,Sunamganj,2016,5.0,,2.965,6.0,1
Lentil,2013-14,Sylhet,2016,10.0,,1.483,6.0,1
Lentil,2013-14,Tangail,2016,3058.0,,0.628,777.0,1
Lentil,2013-14,Thakurgaon,2016,307.0,,0.692,86.0,1
Lentil,2014-15,Bagerhat,2016,1505.0,,0.786,479.0,1
Lentil,2014-15,Bandarban,2016,30.0,,0.66,8.0,1
Lentil,2014-15,Barguna,2016,296.0,,0.544,65.0,1
Lentil,2014-15,Barishal,2016,4082.0,,0.974,1607.0,1
Lentil,2014-15,Bhola,2016,1549.0,,1.357,850.0,1
Lentil,2014-15,Bogura,2016,1152.0,,0.988,461.0,1
Lentil,2014-15,Brahmanbaria,2016,3096.0,,0.514,644.0,1
Lentil,2014-15,Chandpur,2016,690.0,,1.404,392.0,1
Lentil,2014-15,Chapainababganj,2016,656.0,,0.66,175.0,1
Lentil,2014-15,Chattogram,2016,204.0,,0.534,44.0,1
Lentil,2014-15,Chuadanga,2016,4379.0,,0.949,1683.0,1
Lentil,2014-15,Cox's Bazar,2016,0.0,,,0.0,1
Lentil,2014-15,Cumilla,2016,1921.0,,0.966,751.0,1
Lentil,2014-15,Dhaka,2016,601.0,,0.687,167.0,1
Lentil,2014-15,Dinajpur,2016,264.0,,0.815,87.0,1
Lentil,2014-15,Faridpur,2016,33171.0,,1.107,14861.0,1
Lentil,2014-15,Feni,2016,3117.0,,0.848,1069.0,1
Lentil,2014-15,Gaibandha,2016,1446.0,,2.091,1223.0,1
Lentil,2014-15,Gazipur,2016,210.0,,0.882,75.0,1
Lentil,2014-15,Gopalganj,2016,9707.0,,1.006,3949.0,1
Lentil,2014-15,Habiganj,2016,219.0,,0.949,84.0,1
Lentil,2014-15,Jamalpur,2016,1137.0,,0.756,348.0,1
Lentil,2014-15,Jashore,2016,26058.0,,1.191,12564.0,1
Lentil,2014-15,Jhalokati,2016,723.0,,0.895,262.0,1
Lentil,2014-15,Jhenaidah,2016,30057.0,,1.401,17050.0,1
Lentil,2014-15,Joypurhat,2016,362.0,,1.112,163.0,1
Lentil,2014-15,Khagrachhari,2016,68.0,,0.4,11.0,1
Lentil,2014-15,Khulna,2016,264.0,,0.815,87.0,1
Lentil,2014-15,Kishoreganj,2016,349.0,,0.87,123.0,1
Lentil,2014-15,Kurigram,2016,1861.0,,0.927,697.0,1
Lentil,2014-15,Kushtia,2016,14662.0,,1.48,8784.0,1
Lentil,2014-15,Lakshmipur,2016,78.0,,0.442,14.0,1
Lentil,2014-15,Lalmonirhat,2016,120.0,,1.07,52.0,1
Lentil,2014-15,Madaripur,2016,10360.0,,1.184,4961.0,1
Lentil,2014-15,Magura,2016,34350.0,,1.09,15143.0,1
Lentil,2014-15,Manikganj,2016,2365.0,,0.956,916.0,1
Lentil,2014-15,Meherpur,2016,11500.0,,1.248,5802.0,1
Lentil,2014-15,Moulvibazar,2016,52.0,,1.379,29.0,1
Lentil,2014-15,Munshiganj,2016,98.0,,0.808,32.0,1
Lentil,2014-15,Mymensingh,2016,855.0,,1.176,407.0,1
Lentil,2014-15,Naogaon,2016,529.0,,1.065,228.0,1
Lentil,2014-15,Narail,2016,13982.0,,1.102,6233.0,1
Lentil,2014-15,Narayanganj,2016,445.0,,0.811,146.0,1
Lentil,2014-15,Narsingdi,2016,64.0,,0.694,18.0,1
Lentil,2014-15,Natore,2016,41186.0,,1.134,18901.0,1
Lentil,2014-15,Netrakona,2016,145.0,,0.835,49.0,1
Lentil,2014-15,Nilphamari,2016,43.0,,1.206,21.0,1
Lentil,2014-15,Noakhali,2016,252.0,,0.687,70.0,1
Lentil,2014-15,Pabna,2016,26058.0,,1.112,11730.0,1
Lentil,2014-15,Panchagarh,2016,168.0,,0.941,64.0,1
Lentil,2014-15,Patuakhali,2016,770.0,,0.447,139.0,1
Lentil,2014-15,Pirojpur,2016,57.0,,0.694,16.0,1
Lentil,2014-15,Rajbari,2016,16708.0,,1.087,7351.0,1
Lentil,2014-15,Rajshahi,2016,39125.0,,1.245,19718.0,1
Lentil,2014-15,Rangamati,2016,58.0,,1.023,24.0,1
Lentil,2014-15,Rangpur,2016,244.0,,1.245,123.0,1
Lentil,2014-15,Satkhira,2016,989.0,,0.949,380.0,1
Lentil,2014-15,Shariatpur,2016,6255.0,,1.218,3081.0,1
Lentil,2014-15,Sherpur,2016,98.0,,0.808,32.0,1
Lentil,2014-15,Sirajganj,2016,5283.0,,0.922,1970.0,1
Lentil,2014-15,Sunamganj,2016,0.0,,,0.0,1
Lentil,2014-15,Sylhet,2016,0.0,,,0.0,1
Lentil,2014-15,Tangail,2016,3000.0,,0.63,765.0,1
Lentil,2014-15,Thakurgaon,2016,294.0,,0.697,83.0,1
Maize,2013-14,Bagerhat,2016,530.0,,7.749,1131.0,1
Maize,2013-14,Bandarban,2016,663.0,,7.811,1013.0,1
Maize,2013-14,Barguna,2016,127.0,,3.637,187.0,1
Maize,2013-14,Barishal,2016,186.0,,4.371,329.0,1
Maize,2013-14,Bhola,2016,535.0,,3.964,858.0,1
Maize,2013-14,Bogura,2016,23844.0,,11.824,58053.0,1
Maize,2013-14,Brahmanbaria,2016,0.0,,,0.0,1
Maize,2013-14,Chandpur,2016,693.0,,11.943,1045.0,1
Maize,2013-14,Chapainababganj,2016,15075.0,,8.96,33947.0,1
Maize,2013-14,Chattogram,2016,11.0,,1.796,8.0,1
Maize,2013-14,Chuadanga,2016,117975.0,,10.816,398907.0,1
Maize,2013-14,Cox's Bazar,2016,172.0,,3.002,209.0,1
Maize,2013-14,Cumilla,2016,17496.0,,4.809,34045.0,1
Maize,2013-14,Dhaka,2016,9802.0,,10.01,26287.0,1
Maize,2013-14,Dinajpur,2016,142585.0,,13.858,445731.0,1
Maize,2013-14,Faridpur,2016,718.0,,7.352,2136.0,1
Maize,2013-14,Feni,2016,1.0,,2.471,1.0,1
Maize,2013-14,Gaibandha,2016,19784.0,,10.396,53896.0,1
Maize,2013-14,Gazipur,2016,303.0,,7.994,495.0,1
Maize,2013-14,Gopalganj,2016,1.0,,7.413,3.0,1
Maize,2013-14,Habiganj,2016,0.0,,,0.0,1
Maize,2013-14,Jamalpur,2016,10012.0,,8.179,33137.0,1
Maize,2013-14,Jashore,2016,606.0,,5.35,1312.0,1
Maize,2013-14,Jhalokati,2016,116.0,,7.925,372.0,1
Maize,2013-14,Jhenaidah,2016,35022.0,,7.831,110993.0,1
Maize,2013-14,Joypurhat,2016,819.0,,10.122,1705.0,1
Maize,2013-14,Khagrachhari,2016,1442.0,,5.987,1798.0,1
Maize,2013-14,Khulna,2016,70.0,,9.104,139.0,1
Maize,2013-14,Kishoreganj,2016,4951.0,,5.992,12005.0,1
Maize,2013-14,Kurigram,2016,2855.0,,13.463,8151.0,1
Maize,2013-14,Kushtia,2016,15228.0,,10.008,36552.0,1
Maize,2013-14,Lakshmipur,2016,0.0,,,0.0,1
Maize,2013-14,Lalmonirhat,2016,60655.0,,13.977,179111.0,1
Maize,2013-14,Madaripur,2016,60.0,,5.147,125.0,1
Maize,2013-14,Magura,2016,9.0,,6.039,22.0,1
Maize,2013-14,Manikganj,2016,25716.0,,10.522,75474.0,1
Maize,2013-14,Meherpur,2016,10120.0,,8.424,34504.0,1
Maize,2013-14,Moulvibazar,2016,0.0,,,0.0,1
Maize,2013-14,Munshiganj,2016,2134.0,,5.995,2991.0,1
Maize,2013-14,Mymensingh,2016,880.0,,7.085,2523.0,1
Maize,2013-14,Naogaon,2016,10526.0,,10.485,20703.0,1
Maize,2013-14,Narail,2016,0.0,,,0.0,1
Maize,2013-14,Narayanganj,2016,264.0,,6.598,347.0,1
Maize,2013-14,Narsingdi,2016,46.0,,6.558,63.0,1
Maize,2013-14,Natore,2016,2774.0,,9.323,4791.0,1
Maize,2013-14,Netrakona,2016,22.0,,4.831,43.0,1
Maize,2013-14,Nilphamari,2016,37127.0,,10.527,83200.0,1
Maize,2013-14,Noakhali,2016,3.0,,2.471,3.0,1
Maize,2013-14,Pabna,2016,893.0,,7.552,1146.0,1
Maize,2013-14,Panchagarh,2016,24646.0,,11.528,61137.0,1
Maize,2013-14,Patuakhali,2016,123.0,,3.677,183.0,1
Maize,2013-14,Pirojpur,2016,443.0,,4.609,826.0,1
Maize,2013-14,Rajbari,2016,335.0,,6.373,864.0,1
Maize,2013-14,Rajshahi,2016,30358.0,,11.55,70243.0,1
Maize,2013-14,Rangamati,2016,1479.0,,5.446,1662.0,1
Maize,2013-14,Rangpur,2016,41461.0,,12.798,114674.0,1
Maize,2013-14,Satkhira,2016,41.0,,5.303,88.0,1
Maize,2013-14,Shariatpur,2016,22.0,,0.225,2.0,1
Maize,2013-14,Sherpur,2016,1519.0,,5.753,3536.0,1
Maize,2013-14,Sirajganj,2016,17537.0,,12.076,50370.0,1
Maize,2013-14,Sunamganj,2016,0.0,,,0.0,1
Maize,2013-14,Sylhet,2016,0.0,,,0.0,1
Maize,2013-14,Tangail,2016,1709.0,,5.481,3791.0,1
Maize,2013-14,Thakurgaon,2016,66115.0,,10.982,146705.0,1
Maize,2014-15,Bagerhat,2016,442.0,,4.371,782.0,1
Maize,2014-15,Bandarban,2016,737.0,,10.673,1536.0,1
Maize,2014-15,Barguna,2016,103.0,,3.408,142.0,1
Maize,2014-15,Barishal,2016,223.0,,4.411,398.0,1
Maize,2014-15,Bhola,2016,483.0,,4.038,789.0,1
Maize,2014-15,Bogura,2016,21063.0,,11.725,51280.0,1
Maize,2014-15,Brahmanbaria,2016,0.0,,,0.0,1
Maize,2014-15,Chandpur,2016,2070.0,,11.864,3536.0,1
Maize,2014-15,Chapainababganj,2016,13721.0,,8.889,29541.0,1
Maize,2014-15,Chattogram,2016,15.0,,1.977,12.0,1
Maize,2014-15,Chuadanga,2016,108734.0,,12.795,423380.0,1
Maize,2014-15,Cox's Bazar,2016,200.0,,3.089,250.0,1
Maize,2014-15,Cumilla,2016,32927.0,,10.178,68247.0,1
Maize,2014-15,Dhaka,2016,9093.0,,11.041,26320.0,1
Maize,2014-15,Dinajpur,2016,146335.0,,14.337,460759.0,1
Maize,2014-15,Faridpur,2016,497.0,,7.866,1582.0,1
Maize,2014-15,Feni,2016,5.0,,2.965,6.0,1
Maize,2014-15,Gaibandha,2016,21578.0,,11.456,60394.0,1
Maize,2014-15,Gazipur,2016,153.0,,8.184,239.0,1
Maize,2014-15,Gopalganj,2016,36.0,,10.974,103.0,1
Maize,2014-15,Habiganj,2016,0.0,,,0.0,1
Maize,2014-15,Jamalpur,2016,12136.0,,7.564,37148.0,1
Maize,2014-15,Jashore,2016,739.0,,17.481,1906.0,1
Maize,2014-15,Jhalokati,2016,138.0,,5.444,304.0,1
Maize,2014-15,Jhenaidah,2016,35515.0,,6.593,94769.0,1
Maize,2014-15,Joypurhat,2016,896.0,,12.519,2310.0,1
Maize,2014-15,Khagrachhari,2016,1255.0,,5.165,1369.0,1
Maize,2014-15,Khulna,2016,145.0,,11.851,287.0,1
Maize,2014-15,Kishoreganj,2016,5042.0,,6.336,12929.0,1
Maize,2014-15,Kurigram,2016,4472.0,,12.805,11647.0,1
Maize,2014-15,Kushtia,2016,15030.0,,10.964,37540.0,1
Maize,2014-15,Lakshmipur,2016,0.0,,,0.0,1
Maize,2014-15,Lalmonirhat,2016,61471.0,,13.972,179883.0,1
Maize,2014-15,Madaripur,2016,68.0,,6.178,170.0,1
Maize,2014-15,Magura,2016,35.0,,6.071,86.0,1
Maize,2014-15,Manikganj,2016,41427.0,,11.629,102967.0,1
Maize,2014-15,Meherpur,2016,7355.0,,7.875,23440.0,1
Maize,2014-15,Moulvibazar,2016,0.0,,,0.0,1
Maize,2014-15,Munshiganj,2016,1065.0,,6.081,1576.0,1
Maize,2014-15,Mymensingh,2016,627.0,,5.817,1476.0,1
Maize,2014-15,Naogaon,2016,11425.0,,10.519,23304.0,1
Maize,2014-15,Narail,2016,0.0,,,0.0,1
Maize,2014-15,Narayanganj,2016,86.0,,6.467,114.0,1
Maize,2014-15,Narsingdi,2016,31.0,,5.624,39.0,1
Maize,2014-15,Natore,2016,2879.0,,9.212,5004.0,1
Maize,2014-15,Netrakona,2016,22.0,,5.053,45.0,1
Maize,2014-15,Nilphamari,2016,36945.0,,13.208,103241.0,1
Maize,2014-15,Noakhali,2016,5.0,,2.965,6.0,1
Maize,2014-15,Pabna,2016,1243.0,,8.394,1850.0,1
Maize,2014-15,Panchagarh,2016,24485.0,,10.005,59128.0,1
Maize,2014-15,Patuakhali,2016,101.0,,4.208,172.0,1
Maize,2014-15,Pirojpur,2016,608.0,,4.584,1128.0,1
Maize,2014-15,Rajbari,2016,275.0,,11.888,671.0,1
Maize,2014-15,Rajshahi,2016,36058.0,,11.649,82054.0,1
Maize,2014-15,Rangamati,2016,1490.0,,6.084,1916.0,1
Maize,2014-15,Rangpur,2016,49436.0,,12.343,126356.0,1
Maize,2014-15,Satkhira,2016,141.0,,5.555,317.0,1
Maize,2014-15,Shariatpur,2016,8.0,,1.853,6.0,1
Maize,2014-15,Sherpur,2016,1502.0,,5.629,3422.0,1
Maize,2014-15,Sirajganj,2016,19160.0,,11.933,48251.0,1
Maize,2014-15,Sunamganj,2016,30.0,,6.178,75.0,1
Maize,2014-15,Sylhet,2016,0.0,,,0.0,1
Maize,2014-15,Tangail,2016,2113.0,,6.4,5472.0,1
Maize,2014-15,Thakurgaon,2016,69995.0,,11.913,170324.0,1
Mung,2013-14,Bagerhat,2016,795.0,,0.541,174.0,1
Mung,2013-14,Bandarban,2016,62.0,,1.117,28.0,1
Mung,2013-14,Barguna,2016,2183.0,,0.467,413.0,1
Mung,2013-14,Barishal,2016,9521.0,,0.667,2575.0,1
Mung,2013-14,Bhola,2016,24082.0,,0.788,7692.0,1
Mung,2013-14,Bogura,2016,12.0,,0.823,4.0,1
Mung,2013-14,Brahmanbaria,2016,18.0,,0.687,5.0,1
Mung,2013-14,Chandpur,2016,611.0,,1.443,357.0,1
Mung,2013-14,Chapainababganj,2016,35.0,,0.707,10.0,1
Mung,2013-14,Chattogram,2016,1650.0,,0.835,558.0,1
Mung,2013-14,Chuadanga,2016,586.0,,1.582,375.0,1
Mung,2013-14,Cox's Bazar,2016,14.0,,0.882,5.0,1
Mung,2013-14,Cumilla,2016,4.0,,1.853,3.0,1
Mung,2013-14,Dhaka,2016,76.0,,0.813,25.0,1
Mung,2013-14,Dinajpur,2016,69.0,,2.686,75.0,1
Mung,2013-14,Faridpur,2016,1000.0,,0.84,340.0,1
Mung,2013-14,Feni,2016,161.0,,1.152,75.0,1
Mung,2013-14,Gaibandha,2016,91.0,,1.547,57.0,1
Mung,2013-14,Gazipur,2016,94.0,,0.657,25.0,1
Mung,2013-14,Gopalganj,2016,191.0,,0.88,68.0,1
Mung,2013-14,Habiganj,2016,0.0,,,0.0,1
Mung,2013-14,Jamalpur,2016,93.0,,0.717,27.0,1
Mung,2013-14,Jashore,2016,2148.0,,0.904,787.0,1
Mung,2013-14,Jhalokati,2016,1092.0,,0.899,397.0,1
Mung,2013-14,Jhenaidah,2016,2009.0,,0.754,613.0,1
Mung,2013-14,Joypurhat,2016,27.0,,0.731,8.0,1
Mung,2013-14,Khagrachhari,2016,0.0,,,0.0,1
Mung,2013-14,Khulna,2016,220.0,,0.741,66.0,1
Mung,2013-14,Kishoreganj,2016,257.0,,0.818,85.0,1
Mung,2013-14,Kurigram,2016,132.0,,0.88,47.0,1
Mung,2013-14,Kushtia,2016,256.0,,1.169,121.0,1
Mung,2013-14,Lakshmipur,2016,2023.0,,0.462,379.0,1
Mung,2013-14,Lalmonirhat,2016,53.0,,1.399,30.0,1
Mung,2013-14,Madaripur,2016,537.0,,0.786,171.0,1
Mung,2013-14,Magura,2016,120.0,,0.803,39.0,1
Mung,2013-14,Manikganj,2016,267.0,,0.806,87.0,1
Mung,2013-14,Meherpur,2016,74.0,,0.902,27.0,1
Mung,2013-14,Moulvibazar,2016,26.0,,1.045,11.0,1
Mung,2013-14,Munshiganj,2016,5.0,,0.988,2.0,1
Mung,2013-14,Mymensingh,2016,210.0,,0.988,84.0,1
Mung,2013-14,Naogaon,2016,237.0,,0.897,86.0,1
Mung,2013-14,Narail,2016,253.0,,0.675,69.0,1
Mung,2013-14,Narayanganj,2016,41.0,,0.964,16.0,1
Mung,2013-14,Narsingdi,2016,47.0,,0.736,14.0,1
Mung,2013-14,Natore,2016,18959.0,,0.704,5394.0,1
Mung,2013-14,Netrakona,2016,13.0,,0.571,3.0,1
Mung,2013-14,Nilphamari,2016,8.0,,1.544,5.0,1
Mung,2013-14,Noakhali,2016,3608.0,,0.608,887.0,1
Mung,2013-14,Pabna,2016,294.0,,0.934,111.0,1
Mung,2013-14,Panchagarh,2016,838.0,,0.941,319.0,1
Mung,2013-14,Patuakhali,2016,8560.0,,0.479,1661.0,1
Mung,2013-14,Pirojpur,2016,523.0,,0.581,123.0,1
Mung,2013-14,Rajbari,2016,170.0,,0.944,65.0,1
Mung,2013-14,Rajshahi,2016,11423.0,,1.436,6639.0,1
Mung,2013-14,Rangamati,2016,0.0,,,0.0,1
Mung,2013-14,Rangpur,2016,38.0,,1.236,19.0,1
Mung,2013-14,Satkhira,2016,54.0,,0.64,14.0,1
Mung,2013-14,Shariatpur,2016,174.0,,1.095,77.0,1
Mung,2013-14,Sherpur,2016,11.0,,0.675,3.0,1
Mung,2013-14,Sirajganj,2016,5.0,,0.988,2.0,1
Mung,2013-14,Sunamganj,2016,7.0,,1.411,4.0,1
Mung,2013-14,Sylhet,2016,0.0,,,0.0,1
Mung,2013-14,Tangail,2016,0.0,,,0.0,1
Mung,2013-14,Thakurgaon,2016,1011.0,,0.62,254.0,1
Mung,2014-15,Bagerhat,2016,588.0,,0.497,118.0,1
Mung,2014-15,Bandarban,2016,48.0,,0.927,18.0,1
Mung,2014-15,Barguna,2016,2315.0,,0.536,502.0,1
Mung,2014-15,Barishal,2016,9432.0,,0.867,3313.0,1
Mung,2014-15,Bhola,2016,23935.0,,0.823,7968.0,1
Mung,2014-15,Bogura,2016,15.0,,0.823,5.0,1
Mung,2014-15,Brahmanbaria,2016,18.0,,0.687,5.0,1
Mung,2014-15,Chandpur,2016,575.0,,1.423,331.0,1
Mung,2014-15,Chapainababganj,2016,35.0,,0.707,10.0,1
Mung,2014-15,Chattogram,2016,1650.0,,0.734,490.0,1
Mung,2014-15,Chuadanga,2016,600.0,,1.675,407.0,1
Mung,2014-15,Cox's Bazar,2016,14.0,,0.882,5.0,1
Mung,2014-15,Cumilla,2016,4.0,,1.853,3.0,1
Mung,2014-15,Dhaka,2016,75.0,,0.823,25.0,1
Mung,2014-15,Dinajpur,2016,141.0,,0.86,49.0,1
Mung,2014-15,Faridpur,2016,1003.0,,0.887,360.0,1
Mung,2014-15,Feni,2016,261.0,,0.993,105.0,1
Mung,2014-15,Gaibandha,2016,103.0,,1.273,53.0,1
Mung,2014-15,Gazipur,2016,96.0,,0.67,26.0,1
Mung,2014-15,Gopalganj,2016,199.0,,0.895,72.0,1
Mung,2014-15,Habiganj,2016,0.0,,,0.0,1
Mung,2014-15,Jamalpur,2016,82.0,,0.754,25.0,1
Mung,2014-15,Jashore,2016,2187.0,,0.835,739.0,1
Mung,2014-15,Jhalokati,2016,1305.0,,0.934,493.0,1
Mung,2014-15,Jhenaidah,2016,1653.0,,0.956,640.0,1
Mung,2014-15,Joypurhat,2016,25.0,,0.692,7.0,1
Mung,2014-15,Khagrachhari,2016,0.0,,,0.0,1
Mung,2014-15,Khulna,2016,157.0,,0.739,47.0,1
Mung,2014-15,Kishoreganj,2016,219.0,,0.791,70.0,1
Mung,2014-15,Kurigram,2016,138.0,,0.895,50.0,1
Mung,2014-15,Kushtia,2016,232.0,,1.236,116.0,1
Mung,2014-15,Lakshmipur,2016,1703.0,,0.596,411.0,1
Mung,2014-15,Lalmonirhat,2016,59.0,,1.381,33.0,1
Mung,2014-15,Madaripur,2016,521.0,,0.778,164.0,1
Mung,2014-15,Magura,2016,134.0,,0.773,42.0,1
Mung,2014-15,Manikganj,2016,267.0,,0.741,80.0,1
Mung,2014-15,Meherpur,2016,70.0,,0.954,27.0,1
Mung,2014-15,Moulvibazar,2016,20.0,,0.865,7.0,1
Mung,2014-15,Munshiganj,2016,5.0,,0.988,2.0,1
Mung,2014-15,Mymensingh,2016,187.0,,0.979,74.0,1
Mung,2014-15,Naogaon,2016,184.0,,0.981,73.0,1
Mung,2014-15,Narail,2016,206.0,,0.707,59.0,1
Mung,2014-15,Narayanganj,2016,36.0,,0.961,14.0,1
Mung,2014-15,Narsingdi,2016,39.0,,0.697,11.0,1
Mung,2014-15,Natore,2016,19229.0,,0.731,5689.0,1
Mung,2014-15,Netrakona,2016,14.0,,0.529,3.0,1
Mung,2014-15,Nilphamari,2016,9.0,,1.648,6.0,1
Mung,2014-15,Noakhali,2016,3619.0,,0.613,897.0,1
Mung,2014-15,Pabna,2016,327.0,,0.991,131.0,1
Mung,2014-15,Panchagarh,2016,665.0,,1.297,349.0,1
Mung,2014-15,Patuakhali,2016,8075.0,,0.494,1615.0,1
Mung,2014-15,Pirojpur,2016,520.0,,0.633,133.0,1
Mung,2014-15,Rajbari,2016,214.0,,0.971,84.0,1
Mung,2014-15,Rajshahi,2016,11537.0,,1.344,6278.0,1
Mung,2014-15,Rangamati,2016,0.0,,,0.0,1
Mung,2014-15,Rangpur,2016,60.0,,1.236,30.0,1
Mung,2014-15,Satkhira,2016,33.0,,0.675,9.0,1
Mung,2014-15,Shariatpur,2016,254.0,,1.09,112.0,1
Mung,2014-15,Sherpur,2016,8.0,,0.618,2.0,1
Mung,2014-15,Sirajganj,2016,0.0,,,0.0,1
Mung,2014-15,Sunamganj,2016,0.0,,,0.0,1
Mung,2014-15,Sylhet,2016,0.0,,,0.0,1
Mung,2014-15,Tangail,2016,0.0,,,0.0,1
Mung,2014-15,Thakurgaon,2016,976.0,,0.887,350.0,1
Mustard,2013-14,Bagerhat,2016,1508.0,,0.877,536.0,1
Mustard,2013-14,Bandarban,2016,287.0,,0.731,85.0,1
Mustard,2013-14,Barguna,2016,68.0,,0.363,10.0,1
Mustard,2013-14,Barishal,2016,1735.0,,0.684,482.0,1
Mustard,2013-14,Bhola,2016,985.0,,1.026,409.0,1
Mustard,2013-14,Bogura,2016,48581.0,,1.376,23610.0,1
Mustard,2013-14,Brahmanbaria,2016,13987.0,,0.845,4784.0,1
Mustard,2013-14,Chandpur,2016,3348.0,,1.026,1390.0,1
Mustard,2013-14,Chapainababganj,2016,13195.0,,0.806,4302.0,1
Mustard,2013-14,Chattogram,2016,340.0,,1.431,197.0,1
Mustard,2013-14,Chuadanga,2016,7476.0,,1.374,4158.0,1
Mustard,2013-14,Cox's Bazar,2016,350.0,,1.327,188.0,1
Mustard,2013-14,Cumilla,2016,10011.0,,1.184,4805.0,1
Mustard,2013-14,Dhaka,2016,29814.0,,0.951,11508.0,1
Mustard,2013-14,Dinajpur,2016,0.0,,,0.0,1
Mustard,2013-14,Faridpur,2016,21335.0,,0.731,6325.0,1
Mustard,2013-14,Feni,2016,431.0,,0.566,99.0,1
Mustard,2013-14,Gaibandha,2016,4367.0,,0.969,1711.0,1
Mustard,2013-14,Gazipur,2016,4022.0,,0.707,1151.0,1
Mustard,2013-14,Gopalganj,2016,12605.0,,0.66,3365.0,1
Mustard,2013-14,Habiganj,2016,383.0,,0.709,110.0,1
Mustard,2013-14,Jamalpur,2016,2162.0,,7.974,6978.0,1
Mustard,2013-14,Jashore,2016,26675.0,,0.961,10376.0,1
Mustard,2013-14,Jhalokati,2016,296.0,,0.408,49.0,1
Mustard,2013-14,Jhenaidah,2016,7754.0,,1.008,3163.0,1
Mustard,2013-14,Joypurhat,2016,5463.0,,1.184,2616.0,1
Mustard,2013-14,Khagrachhari,2016,330.0,,0.845,113.0,1
Mustard,2013-14,Khulna,2016,572.0,,0.704,163.0,1
Mustard,2013-14,Kishoreganj,2016,2706.0,,1.021,1120.0,1
Mustard,2013-14,Kurigram,2016,5537.0,,0.788,1767.0,1
Mustard,2013-14,Kushtia,2016,6720.0,,1.589,4320.0,1
Mustard,2013-14,Lakshmipur,2016,152.0,,0.764,47.0,1
Mustard,2013-14,Lalmonirhat,2016,1428.0,,0.909,526.0,1
Mustard,2013-14,Madaripur,2016,12436.0,,1.06,5329.0,1
Mustard,2013-14,Magura,2016,10863.0,,0.771,3388.0,1
Mustard,2013-14,Manikganj,2016,36250.0,,1.265,18596.0,1
Mustard,2013-14,Meherpur,2016,11955.0,,1.374,6652.0,1
Mustard,2013-14,Moulvibazar,2016,157.0,,0.897,57.0,1
Mustard,2013-14,Munshiganj,2016,3842.0,,1.465,2282.0,1
Mustard,2013-14,Mymensingh,2016,4484.0,,0.769,1395.0,1
Mustard,2013-14,Naogaon,2016,51287.0,,1.206,25028.0,1
Mustard,2013-14,Narail,2016,8046.0,,0.662,2155.0,1
Mustard,2013-14,Narayanganj,2016,2662.0,,0.951,1025.0,1
Mustard,2013-14,Narsingdi,2016,3992.0,,0.885,1430.0,1
Mustard,2013-14,Natore,2016,7177.0,,0.88,2556.0,1
Mustard,2013-14,Netrakona,2016,2391.0,,1.068,1033.0,1
Mustard,2013-14,Nilphamari,2016,1251.0,,1.211,613.0,1
Mustard,2013-14,Noakhali,2016,46.0,,0.482,9.0,1
Mustard,2013-14,Pabna,2016,14810.0,,0.969,5812.0,1
Mustard,2013-14,Panchagarh,2016,1322.0,,1.045,559.0,1
Mustard,2013-14,Patuakhali,2016,175.0,,0.141,10.0,1
Mustard,2013-14,Pirojpur,2016,57.0,,0.823,19.0,1
Mustard,2013-14,Rajbari,2016,7435.0,,0.833,2509.0,1
Mustard,2013-14,Rajshahi,2016,46549.0,,1.134,21365.0,1
Mustard,2013-14,Rangamati,2016,514.0,,1.134,236.0,1
Mustard,2013-14,Rangpur,2016,3012.0,,0.845,1031.0,1
Mustard,2013-14,Satkhira,2016,3234.0,,0.801,1049.0,1
Mustard,2013-14,Shariatpur,2016,10212.0,,1.258,5198.0,1
Mustard,2013-14,Sherpur,2016,3656.0,,1.117,1653.0,1
Mustard,2013-14,Sirajganj,2016,143535.0,,0.761,44293.0,1
Mustard,2013-14,Sunamganj,2016,517.0,,0.835,175.0,1
Mustard,2013-14,Sylhet,2016,1402.0,,1.152,654.0,1
Mustard,2013-14,Tangail,2016,75250.0,,0.702,21371.0,1
Mustard,2013-14,Thakurgaon,2016,7720.0,,0.904,2825.0,1
Mustard,2014-15,Bagerhat,2016,1708.0,,0.887,613.0,1
Mustard,2014-15,Bandarban,2016,332.0,,0.633,85.0,1
Mustard,2014-15,Barguna,2016,0.0,,,0.0,1
Mustard,2014-15,Barishal,2016,1251.0,,0.941,477.0,1
Mustard,2014-15,Bhola,2016,1046.0,,1.05,445.0,1
Mustard,2014-15,Bogura,2016,52023.0,,1.201,25283.0,1
Mustard,2014-15,Brahmanbaria,2016,27974.0,,1.764,19975.0,1
Mustard,2014-15,Chandpur,2016,2008.0,,1.369,1114.0,1
Mustard,2014-15,Chapainababganj,2016,14913.0,,0.853,5151.0,1
Mustard,2014-15,Chattogram,2016,789.0,,0.645,206.0,1
Mustard,2014-15,Chuadanga,2016,6833.0,,1.46,4041.0,1
Mustard,2014-15,Cox's Bazar,2016,377.0,,1.48,226.0,1
Mustard,2014-15,Cumilla,2016,10248.0,,1.196,4960.0,1
Mustard,2014-15,Dhaka,2016,29455.0,,0.949,11305.0,1
Mustard,2014-15,Dinajpur,2016,22729.0,,1.275,11731.0,1
Mustard,2014-15,Faridpur,2016,20440.0,,0.793,6568.0,1
Mustard,2014-15,Feni,2016,503.0,,0.563,115.0,1
Mustard,2014-15,Gaibandha,2016,0.0,,,0.0,1
Mustard,2014-15,Gazipur,2016,5178.0,,0.68,1425.0,1
Mustard,2014-15,Gopalganj,2016,8537.0,,0.818,2824.0,1
Mustard,2014-15,Habiganj,2016,1050.0,,2.387,1015.0,1
Mustard,2014-15,Jamalpur,2016,18967.0,,0.986,7574.0,1
Mustard,2014-15,Jashore,2016,26858.0,,1.008,10966.0,1
Mustard,2014-15,Jhalokati,2016,583.0,,0.783,185.0,1
Mustard,2014-15,Jhenaidah,2016,12241.0,,1.06,5256.0,1
Mustard,2014-15,Joypurhat,2016,2326.0,,1.628,1533.0,1
Mustard,2014-15,Khagrachhari,2016,341.0,,0.848,117.0,1
Mustard,2014-15,Khulna,2016,691.0,,0.771,216.0,1
Mustard,2014-15,Kishoreganj,2016,2591.0,,1.102,1157.0,1
Mustard,2014-15,Kurigram,2016,12569.0,,1.186,6033.0,1
Mustard,2014-15,Kushtia,2016,6788.0,,1.386,3808.0,1
Mustard,2014-15,Lakshmipur,2016,242.0,,0.815,80.0,1
Mustard,2014-15,Lalmonirhat,2016,1603.0,,1.28,830.0,1
Mustard,2014-15,Madaripur,2016,12370.0,,1.085,5430.0,1
Mustard,2014-15,Magura,2016,10258.0,,1.441,5982.0,1
Mustard,2014-15,Manikganj,2016,43327.0,,0.887,15557.0,1
Mustard,2014-15,Meherpur,2016,14570.0,,1.374,8104.0,1
Mustard,2014-15,Moulvibazar,2016,447.0,,9.795,1772.0,1
Mustard,2014-15,Munshiganj,2016,4085.0,,0.512,847.0,1
Mustard,2014-15,Mymensingh,2016,4201.0,,0.976,1662.0,1
Mustard,2014-15,Naogaon,2016,49776.0,,1.26,25372.0,1
Mustard,2014-15,Narail,2016,7880.0,,0.694,2217.0,1
Mustard,2014-15,Narayanganj,2016,2774.0,,0.944,1060.0,1
Mustard,2014-15,Narsingdi,2016,3999.0,,0.919,1488.0,1
Mustard,2014-15,Natore,2016,8571.0,,1.201,4165.0,1
Mustard,2014-15,Netrakona,2016,2745.0,,1.139,1267.0,1
Mustard,2014-15,Nilphamari,2016,1372.0,,1.245,692.0,1
Mustard,2014-15,Noakhali,2016,54.0,,0.593,13.0,1
Mustard,2014-15,Pabna,2016,31449.0,,1.307,16640.0,1
Mustard,2014-15,Panchagarh,2016,2169.0,,1.06,932.0,1
Mustard,2014-15,Patuakhali,2016,117.0,,0.568,27.0,1
Mustard,2014-15,Pirojpur,2016,65.0,,0.531,14.0,1
Mustard,2014-15,Rajbari,2016,5992.0,,0.848,2055.0,1
Mustard,2014-15,Rajshahi,2016,41946.0,,1.265,21505.0,1
Mustard,2014-15,Rangamati,2016,505.0,,1.325,271.0,1
Mustard,2014-15,Rangpur,2016,4152.0,,1.186,1994.0,1
Mustard,2014-15,Satkhira,2016,14309.0,,1.364,6417.0,1
Mustard,2014-15,Shariatpur,2016,12592.0,,1.347,6867.0,1
Mustard,2014-15,Sherpur,2016,4224.0,,1.006,1719.0,1
Mustard,2014-15,Sirajganj,2016,140797.0,,0.991,56508.0,1
Mustard,2014-15,Sunamganj,2016,1021.0,,1.678,694.0,1
Mustard,2014-15,Sylhet,2016,2133.0,,2.674,2310.0,1
Mustard,2014-15,Tangail,2016,66426.0,,0.907,24408.0,1
Mustard,2014-15,Thakurgaon,2016,15362.0,,0.988,6145.0,1
Onion,2013-14,Bagerhat,2016,318.0,,4.678,602.0,1
Onion,2013-14,Bandarban,2016,128.0,,3.378,175.0,1
Onion,2013-14,Barguna,2016,80.0,,1.915,62.0,1
Onion,2013-14,Barishal,2016,366.0,,2.943,436.0,1
Onion,2013-14,Bhola,2016,1555.0,,4.156,2616.0,1
Onion,2013-14,Bogura,2016,5934.0,,6.375,15311.0,1
Onion,2013-14,Brahmanbaria,2016,1305.0,,5.128,2708.0,1
Onion,2013-14,Chandpur,2016,2338.0,,5.291,5005.0,1
Onion,2013-14,Chapainababganj,2016,6716.0,,7.999,21743.0,1
Onion,2013-14,Chattogram,2016,145.0,,3.39,199.0,1
Onion,2013-14,Chuadanga,2016,1576.0,,11.849,7557.0,1
Onion,2013-14,Cox's Bazar,2016,167.0,,3.506,237.0,1
Onion,2013-14,Cumilla,2016,727.0,,6.632,1951.0,1
Onion,2013-14,Dhaka,2016,1273.0,,8.772,4519.0,1
Onion,2013-14,Dinajpur,2016,5739.0,,5.424,12598.0,1
Onion,2013-14,Faridpur,2016,53411.0,,9.924,214508.0,1
Onion,2013-14,Feni,2016,29.0,,2.301,27.0,1
Onion,2013-14,Gaibandha,2016,2561.0,,2.713,2812.0,1
Onion,2013-14,Gazipur,2016,404.0,,4.117,673.0,1
Onion,2013-14,Gopalganj,2016,4142.0,,7.433,12461.0,1
Onion,2013-14,Habiganj,2016,175.0,,4.843,343.0,1
Onion,2013-14,Jamalpur,2016,4008.0,,6.702,10871.0,1
Onion,2013-14,Jashore,2016,3112.0,,10.122,12748.0,1
Onion,2013-14,Jhalokati,2016,80.0,,3.089,100.0,1
Onion,2013-14,Jhenaidah,2016,13115.0,,9.489,50366.0,1
Onion,2013-14,Joypurhat,2016,2058.0,,7.06,5880.0,1
Onion,2013-14,Khagrachhari,2016,50.0,,4.349,88.0,1
Onion,2013-14,Khulna,2016,333.0,,6.054,816.0,1
Onion,2013-14,Kishoreganj,2016,1281.0,,7.416,3844.0,1
Onion,2013-14,Kurigram,2016,1399.0,,7.319,4144.0,1
Onion,2013-14,Kushtia,2016,21572.0,,8.318,72605.0,1
Onion,2013-14,Lakshmipur,2016,350.0,,5.931,840.0,1
Onion,2013-14,Lalmonirhat,2016,1158.0,,9.252,4336.0,1
Onion,2013-14,Madaripur,2016,3723.0,,9.274,13974.0,1
Onion,2013-14,Magura,2016,8618.0,,8.073,28155.0,1
Onion,2013-14,Manikganj,2016,18350.0,,5.923,43985.0,1
Onion,2013-14,Meherpur,2016,3734.0,,27.049,40872.0,1
Onion,2013-14,Moulvibazar,2016,100.0,,3.509,142.0,1
Onion,2013-14,Munshiganj,2016,549.0,,4.478,995.0,1
Onion,2013-14,Mymensingh,2016,1741.0,,5.365,3780.0,1
Onion,2013-14,Naogaon,2016,8436.0,,9.684,33060.0,1
Onion,2013-14,Narail,2016,1335.0,,7.838,4235.0,1
Onion,2013-14,Narayanganj,2016,228.0,,32.374,2987.0,1
Onion,2013-14,Narsingdi,2016,399.0,,4.576,739.0,1
Onion,2013-14,Natore,2016,6630.0,,10.351,27776.0,1
Onion,2013-14,Netrakona,2016,676.0,,7.139,1953.0,1
Onion,2013-14,Nilphamari,2016,1979.0,,8.137,6517.0,1
Onion,2013-14,Noakhali,2016,413.0,,3.801,635.0,1
Onion,2013-14,Pabna,2016,84636.0,,9.635,329955.0,1
Onion,2013-14,Panchagarh,2016,2921.0,,6.487,7668.0,1
Onion,2013-14,Patuakhali,2016,95.0,,1.846,71.0,1
Onion,2013-14,Pirojpur,2016,35.0,,2.684,38.0,1
Onion,2013-14,Rajbari,2016,44100.0,,8.879,158430.0,1
Onion,2013-14,Rajshahi,2016,27387.0,,13.729,152161.0,1
Onion,2013-14,Rangamati,2016,96.0,,4.324,168.0,1
Onion,2013-14,Rangpur,2016,4330.0,,6.763,11852.0,1
Onion,2013-14,Satkhira,2016,1170.0,,7.549,3574.0,1
Onion,2013-14,Shariatpur,2016,6289.0,,7.831,19930.0,1
Onion,2013-14,Sherpur,2016,1106.0,,7.132,3192.0,1
Onion,2013-14,Sirajganj,2016,2646.0,,9.356,10017.0,1
Onion,2013-14,Sunamganj,2016,123.0,,5.345,266.0,1
Onion,2013-14,Sylhet,2016,181.0,,2.607,191.0,1
Onion,2013-14,Tangail,2016,1974.0,,5.036,4023.0,1
Onion,2013-14,Thakurgaon,2016,1256.0,,4.804,2442.0,1
Onion,2014-15,Bagerhat,2016,322.0,,5.194,677.0,1
Onion,2014-15,Bandarban,2016,118.0,,3.341,173.0,1
Onion,2014-15,Barguna,2016,108.0,,2.906,127.0,1
Onion,2014-15,Barishal,2016,514.0,,2.202,458.0,1
Onion,2014-15,Bhola,2016,1606.0,,4.394,2855.0,1
Onion,2014-15,Bogura,2016,5186.0,,6.205,13023.0,1
Onion,2014-15,Brahmanbaria,2016,1494.0,,5.911,3122.0,1
Onion,2014-15,Chandpur,2016,2099.0,,6.141,5216.0,1
Onion,2014-15,Chapainababganj,2016,6487.0,,8.08,21210.0,1
Onion,2014-15,Chattogram,2016,154.0,,3.467,216.0,1
Onion,2014-15,Chuadanga,2016,1832.0,,13.92,10320.0,1
Onion,2014-15,Cox's Bazar,2016,161.0,,3.393,221.0,1
Onion,2014-15,Cumilla,2016,677.0,,6.892,1888.0,1
Onion,2014-15,Dhaka,2016,1287.0,,12.202,6355.0,1
Onion,2014-15,Dinajpur,2016,5692.0,,8.083,18617.0,1
Onion,2014-15,Faridpur,2016,78908.0,,11.795,376651.0,1
Onion,2014-15,Feni,2016,31.0,,1.992,25.0,1
Onion,2014-15,Gaibandha,2016,2232.0,,7.51,6782.0,1
Onion,2014-15,Gazipur,2016,400.0,,4.534,734.0,1
Onion,2014-15,Gopalganj,2016,4472.0,,7.868,14238.0,1
Onion,2014-15,Habiganj,2016,229.0,,6.647,616.0,1
Onion,2014-15,Jamalpur,2016,4008.0,,6.702,10871.0,1
Onion,2014-15,Jashore,2016,3160.0,,10.23,13082.0,1
Onion,2014-15,Jhalokati,2016,72.0,,2.815,82.0,1
Onion,2014-15,Jhenaidah,2016,13021.0,,9.674,50982.0,1
Onion,2014-15,Joypurhat,2016,2066.0,,6.993,5847.0,1
Onion,2014-15,Khagrachhari,2016,54.0,,4.302,94.0,1
Onion,2014-15,Khulna,2016,368.0,,5.95,886.0,1
Onion,2014-15,Kishoreganj,2016,1294.0,,7.668,4015.0,1
Onion,2014-15,Kurigram,2016,1598.0,,5.738,3711.0,1
Onion,2014-15,Kushtia,2016,21714.0,,10.307,90562.0,1
Onion,2014-15,Lakshmipur,2016,516.0,,4.349,908.0,1
Onion,2014-15,Lalmonirhat,2016,1206.0,,7.655,3736.0,1
Onion,2014-15,Madaripur,2016,5310.0,,10.952,23534.0,1
Onion,2014-15,Magura,2016,12109.0,,10.93,53556.0,1
Onion,2014-15,Manikganj,2016,16425.0,,6.497,43187.0,1
Onion,2014-15,Meherpur,2016,4115.0,,27.57,45913.0,1
Onion,2014-15,Moulvibazar,2016,79.0,,4.91,157.0,1
Onion,2014-15,Munshiganj,2016,332.0,,4.801,645.0,1
Onion,2014-15,Mymensingh,2016,1646.0,,6.543,4358.0,1
Onion,2014-15,Naogaon,2016,8678.0,,9.511,33404.0,1
Onion,2014-15,Narail,2016,1589.0,,7.411,4765.0,1
Onion,2014-15,Narayanganj,2016,618.0,,5.649,1413.0,1
Onion,2014-15,Narsingdi,2016,396.0,,4.673,749.0,1
Onion,2014-15,Natore,2016,6619.0,,6.929,18560.0,1
Onion,2014-15,Netrakona,2016,707.0,,6.595,1887.0,1
Onion,2014-15,Nilphamari,2016,2397.0,,9.657,9368.0,1
Onion,2014-15,Noakhali,2016,403.0,,3.741,610.0,1
Onion,2014-15,Pabna,2016,98613.0,,10.03,400284.0,1
Onion,2014-15,Panchagarh,2016,3001.0,,7.9,9594.0,1
Onion,2014-15,Patuakhali,2016,111.0,,1.982,89.0,1
Onion,2014-15,Pirojpur,2016,39.0,,2.726,43.0,1
Onion,2014-15,Rajbari,2016,49625.0,,9.21,184950.0,1
Onion,2014-15,Rajshahi,2016,25393.0,,14.34,147367.0,1
Onion,2014-15,Rangamati,2016,96.0,,4.376,170.0,1
Onion,2014-15,Rangpur,2016,4385.0,,8.056,14294.0,1
Onion,2014-15,Satkhira,2016,1014.0,,8.088,3319.0,1
Onion,2014-15,Shariatpur,2016,6176.0,,7.954,19880.0,1
Onion,2014-15,Sherpur,2016,1106.0,,7.132,3192.0,1
Onion,2014-15,Sirajganj,2016,1788.0,,5.81,4203.0,1
Onion,2014-15,Sunamganj,2016,212.0,,7.169,615.0,1
Onion,2014-15,Sylhet,2016,87.0,,3.039,107.0,1
Onion,2014-15,Tangail,2016,1970.0,,5.044,4020.0,1
Onion,2014-15,Thakurgaon,2016,997.0,,4.633,1869.0,1
Potato,2013-14,Bagerhat,2016,1294.0,524.0,13.347,6989.0,1
Potato,2013-14,Bandarban,2016,658.0,266.0,10.662,2839.0,1
Potato,2013-14,Barguna,2016,2238.0,906.0,16.876,15284.0,1
Potato,2013-14,Barishal,2016,1164.0,471.0,20.379,9599.0,1
Potato,2013-14,Bhola,2016,12956.0,5243.0,21.515,112803.0,1
Potato,2013-14,Bogura,2016,141121.0,57109.0,17.328,989555.0,1
Potato,2013-14,Brahmanbaria,2016,5265.0,2131.0,12.478,26585.0,1
Potato,2013-14,Chandpur,2016,31434.0,12721.0,21.092,268310.0,1
Potato,2013-14,Chapainababganj,2016,2855.0,1155.0,18.617,21509.0,1
Potato,2013-14,Chattogram,2016,10467.0,4236.0,13.63,57733.0,1
Potato,2013-14,Chuadanga,2016,3680.0,1489.0,20.515,30551.0,1
Potato,2013-14,Cox's Bazar,2016,1144.0,463.0,9.65,4467.0,1
Potato,2013-14,Cumilla,2016,35091.0,14201.0,19.872,282194.0,1
Potato,2013-14,Dhaka,2016,5223.0,2114.0,19.446,41101.0,1
Potato,2013-14,Dinajpur,2016,106291.0,43014.0,17.622,757983.0,1
Potato,2013-14,Faridpur,2016,2141.0,866.0,11.468,9936.0,1
Potato,2013-14,Feni,2016,525.0,212.0,12.36,2626.0,1
Potato,2013-14,Gaibandha,2016,22112.0,8948.0,15.475,138478.0,1
Potato,2013-14,Gazipur,2016,675.0,273.0,12.294,3358.0,1
Potato,2013-14,Gopalganj,2016,420.0,170.0,19.191,3262.0,1
Potato,2013-14,Habiganj,2016,4305.0,1742.0,9.763,17009.0,1
Potato,2013-14,Jamalpur,2016,11123.0,4501.0,17.067,76822.0,1
Potato,2013-14,Jashore,2016,6661.0,2696.0,22.583,60874.0,1
Potato,2013-14,Jhalokati,2016,465.0,188.0,15.273,2874.0,1
Potato,2013-14,Jhenaidah,2016,3822.0,1547.0,20.371,31508.0,1
Potato,2013-14,Joypurhat,2016,83400.0,33750.0,20.527,692798.0,1
Potato,2013-14,Khagrachhari,2016,1214.0,491.0,9.701,4766.0,1
Potato,2013-14,Khulna,2016,1190.0,482.0,12.891,6208.0,1
Potato,2013-14,Kishoreganj,2016,9616.0,3891.0,12.991,50551.0,1
Potato,2013-14,Kurigram,2016,16557.0,6700.0,20.244,135642.0,1
Potato,2013-14,Kushtia,2016,4467.0,1808.0,21.464,38801.0,1
Potato,2013-14,Lakshmipur,2016,247.0,100.0,10.393,1039.0,1
Potato,2013-14,Lalmonirhat,2016,9522.0,3853.0,15.576,60018.0,1
Potato,2013-14,Madaripur,2016,1465.0,593.0,17.597,10433.0,1
Potato,2013-14,Magura,2016,171.0,69.0,15.37,1064.0,1
Potato,2013-14,Manikganj,2016,5187.0,2099.0,20.895,43861.0,1
Potato,2013-14,Meherpur,2016,3289.0,1331.0,23.381,31120.0,1
Potato,2013-14,Moulvibazar,2016,3150.0,1275.0,11.647,14847.0,1
Potato,2013-14,Munshiganj,2016,90773.0,36734.0,32.767,1203666.0,1
Potato,2013-14,Mymensingh,2016,10876.0,4401.0,9.491,41773.0,1
Potato,2013-14,Naogaon,2016,51440.0,20817.0,16.414,341689.0,1
Potato,2013-14,Narail,2016,99.0,40.0,13.327,534.0,1
Potato,2013-14,Narayanganj,2016,7016.0,2839.0,23.05,65444.0,1
Potato,2013-14,Narsingdi,2016,3201.0,1295.0,12.034,15589.0,1
Potato,2013-14,Natore,2016,2186.0,885.0,17.464,15449.0,1
Potato,2013-14,Netrakona,2016,3375.0,1366.0,7.877,10758.0,1
Potato,2013-14,Nilphamari,2016,52597.0,21285.0,17.564,373857.0,1
Potato,2013-14,Noakhali,2016,454.0,184.0,10.907,2004.0,1
Potato,2013-14,Pabna,2016,2391.0,968.0,10.962,10606.0,1
Potato,2013-14,Panchagarh,2016,25640.0,10376.0,13.436,139408.0,1
Potato,2013-14,Patuakhali,2016,1033.0,418.0,15.04,6287.0,1
Potato,2013-14,Pirojpur,2016,2188.0,885.0,10.695,9470.0,1
Potato,2013-14,Rajbari,2016,387.0,157.0,17.547,2748.0,1
Potato,2013-14,Rajshahi,2016,90750.0,36725.0,20.938,768946.0,1
Potato,2013-14,Rangamati,2016,1018.0,412.0,10.346,4262.0,1
Potato,2013-14,Rangpur,2016,124547.0,50401.0,20.645,1040517.0,1
Potato,2013-14,Satkhira,2016,8645.0,3498.0,15.766,55155.0,1
Potato,2013-14,Shariatpur,2016,3438.0,1391.0,21.436,29824.0,1
Potato,2013-14,Sherpur,2016,11041.0,4468.0,17.603,78651.0,1
Potato,2013-14,Sirajganj,2016,6231.0,2522.0,12.727,32092.0,1
Potato,2013-14,Sunamganj,2016,1256.0,508.0,10.404,5288.0,1
Potato,2013-14,Sylhet,2016,3302.0,1336.0,9.507,12703.0,1
Potato,2013-14,Tangail,2016,8311.0,3363.0,12.611,42416.0,1
Potato,2013-14,Thakurgaon,2016,76927.0,31131.0,18.486,575490.0,1
Potato,2014-15,Bagerhat,2016,1814.0,734.0,14.156,10392.0,1
Potato,2014-15,Bandarban,2016,830.0,336.0,9.822,3299.0,1
Potato,2014-15,Barguna,2016,2215.0,896.0,17.494,15681.0,1
Potato,2014-15,Barishal,2016,1381.0,559.0,20.28,11334.0,1
Potato,2014-15,Bhola,2016,14415.0,5833.0,21.435,125038.0,1
Potato,2014-15,Bogura,2016,141578.0,57294.0,17.28,990012.0,1
Potato,2014-15,Brahmanbaria,2016,5551.0,2246.0,12.979,29155.0,1
Potato,2014-15,Chandpur,2016,32215.0,13037.0,21.162,275878.0,1
Potato,2014-15,Chapainababganj,2016,3337.0,1350.0,19.018,25682.0,1
Potato,2014-15,Chattogram,2016,9274.0,3753.0,13.634,51170.0,1
Potato,2014-15,Chuadanga,2016,3832.0,1551.0,20.611,31962.0,1
Potato,2014-15,Cox's Bazar,2016,2131.0,862.0,9.324,8041.0,1
Potato,2014-15,Cumilla,2016,35946.0,14547.0,19.805,288098.0,1
Potato,2014-15,Dhaka,2016,6537.0,2645.0,19.653,51989.0,1
Potato,2014-15,Dinajpur,2016,109336.0,44246.0,19.03,841979.0,1
Potato,2014-15,Faridpur,2016,711.0,288.0,18.374,5287.0,1
Potato,2014-15,Feni,2016,493.0,200.0,12.664,2526.0,1
Potato,2014-15,Gaibandha,2016,23438.0,9485.0,16.227,153908.0,1
Potato,2014-15,Gazipur,2016,679.0,275.0,12.138,3335.0,1
Potato,2014-15,Gopalganj,2016,480.0,194.0,19.124,3715.0,1
Potato,2014-15,Habiganj,2016,4996.0,2022.0,10.533,21295.0,1
Potato,2014-15,Jamalpur,2016,11132.0,4505.0,17.684,79663.0,1
Potato,2014-15,Jashore,2016,7822.0,3165.0,22.982,72745.0,1
Potato,2014-15,Jhalokati,2016,554.0,224.0,15.052,3374.0,1
Potato,2014-15,Jhenaidah,2016,4210.0,1704.0,20.223,34453.0,1
Potato,2014-15,Joypurhat,2016,82560.0,33410.0,21.077,704203.0,1
Potato,2014-15,Khagrachhari,2016,1273.0,515.0,9.54,4915.0,1
Potato,2014-15,Khulna,2016,1620.0,656.0,12.984,8512.0,1
Potato,2014-15,Kishoreganj,2016,10223.0,4137.0,12.789,52907.0,1
Potato,2014-15,Kurigram,2016,18128.0,7336.0,20.392,149593.0,1
Potato,2014-15,Kushtia,2016,5235.0,2118.0,21.284,45091.0,1
Potato,2014-15,Lakshmipur,2016,884.0,358.0,10.834,3876.0,1
Potato,2014-15,Lalmonirhat,2016,11030.0,4464.0,16.283,72682.0,1
Potato,2014-15,Madaripur,2016,1578.0,639.0,17.802,11368.0,1
Potato,2014-15,Magura,2016,212.0,86.0,15.268,1310.0,1
Potato,2014-15,Manikganj,2016,5460.0,2210.0,20.64,45605.0,1
Potato,2014-15,Meherpur,2016,3328.0,1347.0,23.481,31624.0,1
Potato,2014-15,Moulvibazar,2016,3167.0,1282.0,11.382,14587.0,1
Potato,2014-15,Munshiganj,2016,92365.0,37378.0,32.741,1223810.0,1
Potato,2014-15,Mymensingh,2016,11294.0,4570.0,9.603,43888.0,1
Potato,2014-15,Naogaon,2016,49033.0,19843.0,16.565,328686.0,1
Potato,2014-15,Narail,2016,102.0,41.0,14.219,587.0,1
Potato,2014-15,Narayanganj,2016,6661.0,2696.0,23.145,62389.0,1
Potato,2014-15,Narsingdi,2016,2397.0,970.0,13.628,13220.0,1
Potato,2014-15,Natore,2016,2430.0,983.0,17.393,17104.0,1
Potato,2014-15,Netrakona,2016,3376.0,1366.0,8.142,11123.0,1
Potato,2014-15,Nilphamari,2016,53856.0,21794.0,18.297,398780.0,1
Potato,2014-15,Noakhali,2016,456.0,185.0,10.882,2008.0,1
Potato,2014-15,Pabna,2016,3002.0,1215.0,11.346,13784.0,1
Potato,2014-15,Panchagarh,2016,26199.0,10602.0,13.844,146779.0,1
Potato,2014-15,Patuakhali,2016,1212.0,490.0,15.422,7564.0,1
Potato,2014-15,Pirojpur,2016,2696.0,1091.0,11.547,12597.0,1
Potato,2014-15,Rajbari,2016,363.0,147.0,18.404,2703.0,1
Potato,2014-15,Rajshahi,2016,89884.0,36374.0,21.032,765013.0,1
Potato,2014-15,Rangamati,2016,949.0,384.0,9.595,3685.0,1
Potato,2014-15,Rangpur,2016,125832.0,50921.0,20.459,1041781.0,1
Potato,2014-15,Satkhira,2016,8686.0,3515.0,17.49,61476.0,1
Potato,2014-15,Shariatpur,2016,3615.0,1463.0,22.062,32275.0,1
Potato,2014-15,Sherpur,2016,11952.0,4837.0,17.854,86354.0,1
Potato,2014-15,Sirajganj,2016,6953.0,2814.0,12.481,35119.0,1
Potato,2014-15,Sunamganj,2016,1225.0,496.0,9.442,4681.0,1
Potato,2014-15,Sylhet,2016,2735.0,1107.0,9.931,10991.0,1
Potato,2014-15,Tangail,2016,8571.0,3468.0,13.049,45260.0,1
Potato,2014-15,Thakurgaon,2016,78472.0,31756.0,18.779,596345.0,1
Sugarcane,2013-14,Bagerhat,2016,2205.0,,30.849,27527.0,1
Sugarcane,2013-14,Bandarban,2016,196.0,,10.351,821.0,1
Sugarcane,2013-14,Barguna,2016,157.0,,10.104,642.0,1
Sugarcane,2013-14,Barishal,2016,1608.0,,16.596,10799.0,1
Sugarcane,2013-14,Bhola,2016,581.0,,13.601,3198.0,1
Sugarcane,2013-14,Bogura,2016,1416.0,,50.658,29028.0,1
Sugarcane,2013-14,Brahmanbaria,2016,57.0,,4.683,108.0,1
Sugarcane,2013-14,Chandpur,2016,1550.0,,34.751,21798.0,1
Sugarcane,2013-14,Chapainababganj,2016,11830.0,,33.718,161423.0,1
Sugarcane,2013-14,Chattogram,2016,2851.0,,11.177,12896.0,1
Sugarcane,2013-14,Chuadanga,2016,5293.0,,62.368,133592.0,1
Sugarcane,2013-14,Cox's Bazar,2016,746.0,,13.705,4137.0,1
Sugarcane,2013-14,Cumilla,2016,645.0,,13.517,3528.0,1
Sugarcane,2013-14,Dhaka,2016,300.0,,20.856,2532.0,1
Sugarcane,2013-14,Dinajpur,2016,6482.0,,35.468,93038.0,1
Sugarcane,2013-14,Faridpur,2016,12090.0,,36.387,178030.0,1
Sugarcane,2013-14,Feni,2016,340.0,,25.438,3500.0,1
Sugarcane,2013-14,Gaibandha,2016,6106.0,,63.391,156638.0,1
Sugarcane,2013-14,Gazipur,2016,4398.0,,18.113,32239.0,1
Sugarcane,2013-14,Gopalganj,2016,1877.0,,32.804,24918.0,1
Sugarcane,2013-14,Habiganj,2016,2630.0,,5.651,6014.0,1
Sugarcane,2013-14,Jamalpur,2016,12843.0,,50.094,260356.0,1
Sugarcane,2013-14,Jashore,2016,1273.0,,46.504,23956.0,1
Sugarcane,2013-14,Jhalokati,2016,262.0,,9.951,1055.0,1
Sugarcane,2013-14,Jhenaidah,2016,4015.0,,58.76,95471.0,1
Sugarcane,2013-14,Joypurhat,2016,2426.0,,50.588,49664.0,1
Sugarcane,2013-14,Khagrachhari,2016,606.0,,25.759,6317.0,1
Sugarcane,2013-14,Khulna,2016,255.0,,34.712,3582.0,1
Sugarcane,2013-14,Kishoreganj,2016,142.0,,19.769,1136.0,1
Sugarcane,2013-14,Kurigram,2016,473.0,,29.992,5741.0,1
Sugarcane,2013-14,Kushtia,2016,11932.0,,49.743,240196.0,1
Sugarcane,2013-14,Lakshmipur,2016,422.0,,21.595,3688.0,1
Sugarcane,2013-14,Lalmonirhat,2016,281.0,,30.681,3489.0,1
Sugarcane,2013-14,Madaripur,2016,1407.0,,40.015,22784.0,1
Sugarcane,2013-14,Magura,2016,620.0,,36.449,9145.0,1
Sugarcane,2013-14,Manikganj,2016,4725.0,,14.908,28504.0,1
Sugarcane,2013-14,Meherpur,2016,1021.0,,48.54,20056.0,1
Sugarcane,2013-14,Moulvibazar,2016,301.0,,7.725,941.0,1
Sugarcane,2013-14,Munshiganj,2016,295.0,,18.738,2237.0,1
Sugarcane,2013-14,Mymensingh,2016,5174.0,,18.301,38320.0,1
Sugarcane,2013-14,Naogaon,2016,3679.0,,39.115,58235.0,1
Sugarcane,2013-14,Narail,2016,1782.0,,38.154,27514.0,1
Sugarcane,2013-14,Narayanganj,2016,172.0,,13.851,964.0,1
Sugarcane,2013-14,Narsingdi,2016,116.0,,25.628,1203.0,1
Sugarcane,2013-14,Natore,2016,53278.0,,52.259,1126717.0,1
Sugarcane,2013-14,Netrakona,2016,66.0,,26.957,720.0,1
Sugarcane,2013-14,Nilphamari,2016,187.0,,57.376,4342.0,1
Sugarcane,2013-14,Noakhali,2016,360.0,,14.093,2053.0,1
Sugarcane,2013-14,Pabna,2016,9462.0,,47.312,181162.0,1
Sugarcane,2013-14,Panchagarh,2016,10732.0,,21.921,95200.0,1
Sugarcane,2013-14,Patuakhali,2016,94.0,,10.332,393.0,1
Sugarcane,2013-14,Pirojpur,2016,396.0,,22.171,3553.0,1
Sugarcane,2013-14,Rajbari,2016,8325.0,,42.058,141695.0,1
Sugarcane,2013-14,Rajshahi,2016,37325.0,,46.546,703040.0,1
Sugarcane,2013-14,Rangamati,2016,540.0,,39.802,8698.0,1
Sugarcane,2013-14,Rangpur,2016,4970.0,,55.652,111930.0,1
Sugarcane,2013-14,Satkhira,2016,1492.0,,12.6,7608.0,1
Sugarcane,2013-14,Shariatpur,2016,1069.0,,34.927,15109.0,1
Sugarcane,2013-14,Sherpur,2016,313.0,,51.886,6572.0,1
Sugarcane,2013-14,Sirajganj,2016,3352.0,,43.946,59611.0,1
Sugarcane,2013-14,Sunamganj,2016,155.0,,5.182,325.0,1
Sugarcane,2013-14,Sylhet,2016,22.0,,5.053,45.0,1
Sugarcane,2013-14,Tangail,2016,3934.0,,42.661,67915.0,1
Sugarcane,2013-14,Thakurgaon,2016,11460.0,,34.65,160696.0,1
Wheat,2013-14,Bagerhat,2016,481.0,195.0,2.543,495.0,1
Wheat,2013-14,Bandarban,2016,0.0,0.0,0.0,0.0,1
Wheat,2013-14,Barguna,2016,8.0,3.0,0.95,3.0,1
Wheat,2013-14,Barishal,2016,2539.0,1027.0,1.904,1956.0,1
Wheat,2013-14,Bhola,2016,6784.0,2745.0,2.972,8159.0,1
Wheat,2013-14,Bogura,2016,4307.0,1743.0,2.457,4283.0,1
Wheat,2013-14,Brahmanbaria,2016,4573.0,1851.0,2.153,3984.0,1
Wheat,2013-14,Chandpur,2016,3088.0,1250.0,2.521,3150.0,1
Wheat,2013-14,Chapainababganj,2016,72637.0,29395.0,3.168,93108.0,1
Wheat,2013-14,Chattogram,2016,11.0,4.0,1.487,7.0,1
Wheat,2013-14,Chuadanga,2016,13920.0,5633.0,3.258,18352.0,1
Wheat,2013-14,Cox's Bazar,2016,0.0,0.0,0.0,0.0,1
Wheat,2013-14,Cumilla,2016,3475.0,1406.0,2.294,3226.0,1
Wheat,2013-14,Dhaka,2016,743.0,301.0,2.361,710.0,1
Wheat,2013-14,Dinajpur,2016,47390.0,19178.0,3.117,59773.0,1
Wheat,2013-14,Faridpur,2016,79946.0,32352.0,3.178,102805.0,1
Wheat,2013-14,Feni,2016,113.0,46.0,2.668,122.0,1
Wheat,2013-14,Gaibandha,2016,8850.0,3581.0,2.302,8245.0,1
Wheat,2013-14,Gazipur,2016,306.0,124.0,1.656,205.0,1
Wheat,2013-14,Gopalganj,2016,13980.0,5657.0,3.199,18097.0,1
Wheat,2013-14,Habiganj,2016,1114.0,451.0,2.043,921.0,1
Wheat,2013-14,Jamalpur,2016,19776.0,8003.0,2.56,20485.0,1
Wheat,2013-14,Jashore,2016,10112.0,4092.0,3.015,12339.0,1
Wheat,2013-14,Jhalokati,2016,126.0,51.0,2.212,113.0,1
Wheat,2013-14,Jhenaidah,2016,17921.0,7252.0,2.848,20657.0,1
Wheat,2013-14,Joypurhat,2016,3825.0,1548.0,2.336,3615.0,1
Wheat,2013-14,Khagrachhari,2016,0.0,0.0,0.0,0.0,1
Wheat,2013-14,Khulna,2016,647.0,262.0,2.12,555.0,1
Wheat,2013-14,Kishoreganj,2016,4110.0,1663.0,1.73,2878.0,1
Wheat,2013-14,Kurigram,2016,28066.0,11358.0,2.746,31188.0,1
Wheat,2013-14,Kushtia,2016,41327.0,16724.0,2.978,49811.0,1
Wheat,2013-14,Lakshmipur,2016,58.0,23.0,1.098,26.0,1
Wheat,2013-14,Lalmonirhat,2016,3625.0,1467.0,2.87,4210.0,1
Wheat,2013-14,Madaripur,2016,12820.0,5188.0,3.182,16510.0,1
Wheat,2013-14,Magura,2016,26211.0,10607.0,2.71,28745.0,1
Wheat,2013-14,Manikganj,2016,2191.0,887.0,2.298,2037.0,1
Wheat,2013-14,Meherpur,2016,42836.0,17335.0,3.145,54524.0,1
Wheat,2013-14,Moulvibazar,2016,238.0,96.0,2.226,214.0,1
Wheat,2013-14,Munshiganj,2016,138.0,56.0,1.738,97.0,1
Wheat,2013-14,Mymensingh,2016,4815.0,1949.0,2.532,4934.0,1
Wheat,2013-14,Naogaon,2016,46521.0,18826.0,3.215,60535.0,1
Wheat,2013-14,Narail,2016,9220.0,3731.0,2.822,10528.0,1
Wheat,2013-14,Narayanganj,2016,574.0,232.0,1.646,382.0,1
Wheat,2013-14,Narsingdi,2016,1020.0,413.0,1.964,811.0,1
Wheat,2013-14,Natore,2016,63867.0,25846.0,3.178,82128.0,1
Wheat,2013-14,Netrakona,2016,4573.0,1851.0,1.683,3115.0,1
Wheat,2013-14,Nilphamari,2016,9734.0,3939.0,2.743,10806.0,1
Wheat,2013-14,Noakhali,2016,74.0,30.0,1.667,50.0,1
Wheat,2013-14,Pabna,2016,96169.0,38917.0,3.144,122338.0,1
Wheat,2013-14,Panchagarh,2016,41500.0,16794.0,3.211,53924.0,1
Wheat,2013-14,Patuakhali,2016,93.0,38.0,1.036,39.0,1
Wheat,2013-14,Pirojpur,2016,176.0,71.0,2.432,173.0,1
Wheat,2013-14,Rajbari,2016,41863.0,16941.0,2.921,49489.0,1
Wheat,2013-14,Rajshahi,2016,72822.0,29469.0,3.138,92475.0,1
Wheat,2013-14,Rangamati,2016,0.0,0.0,0.0,0.0,1
Wheat,2013-14,Rangpur,2016,8150.0,3298.0,2.819,9297.0,1
Wheat,2013-14,Satkhira,2016,2672.0,1081.0,2.429,2626.0,1
Wheat,2013-14,Shariatpur,2016,11895.0,4814.0,2.965,14270.0,1
Wheat,2013-14,Sherpur,2016,3137.0,1269.0,2.607,3309.0,1
Wheat,2013-14,Sirajganj,2016,14695.0,5947.0,2.585,15370.0,1
Wheat,2013-14,Sunamganj,2016,181.0,73.0,1.833,134.0,1
Wheat,2013-14,Sylhet,2016,213.0,86.0,2.202,190.0,1
Wheat,2013-14,Tangail,2016,16607.0,6720.0,2.552,17153.0,1
Wheat,2013-14,Thakurgaon,2016,132739.0,53717.0,3.227,173319.0,1
Wheat,2014-15,Bagerhat,2016,729.0,295.0,2.744,810.0,1
Wheat,2014-15,Bandarban,2016,0.0,0.0,0.0,0.0,1
Wheat,2014-15,Barguna,2016,47.0,19.0,1.319,25.0,1
Wheat,2014-15,Barishal,2016,3498.0,1416.0,2.207,3125.0,1
Wheat,2014-15,Bhola,2016,8354.0,3381.0,2.943,9951.0,1
Wheat,2014-15,Bogura,2016,4588.0,1857.0,2.437,4525.0,1
Wheat,2014-15,Brahmanbaria,2016,4463.0,1806.0,0.0,3788.0,1
Wheat,2014-15,Chandpur,2016,2713.0,1098.0,2.695,2959.0,1
Wheat,2014-15,Chapainababganj,2016,69480.0,28117.0,3.207,90176.0,1
Wheat,2014-15,Chattogram,2016,10.0,4.0,1.123,5.0,1
Wheat,2014-15,Chuadanga,2016,16677.0,6749.0,3.32,22404.0,1
Wheat,2014-15,Cox's Bazar,2016,0.0,0.0,0.0,0.0,1
Wheat,2014-15,Cumilla,2016,3433.0,1389.0,2.21,3070.0,1
Wheat,2014-15,Dhaka,2016,783.0,317.0,2.26,716.0,1
Wheat,2014-15,Dinajpur,2016,51605.0,20883.0,3.18,66399.0,1
Wheat,2014-15,Faridpur,2016,81647.0,33041.0,3.141,103773.0,1
Wheat,2014-15,Feni,2016,101.0,41.0,2.569,105.0,1
Wheat,2014-15,Gaibandha,2016,6491.0,2627.0,2.327,6113.0,1
Wheat,2014-15,Gazipur,2016,213.0,86.0,1.813,156.0,1
Wheat,2014-15,Gopalganj,2016,18469.0,7474.0,3.187,23819.0,1
Wheat,2014-15,Habiganj,2016,1055.0,427.0,1.997,853.0,1
Wheat,2014-15,Jamalpur,2016,21090.0,8535.0,2.65,22617.0,1
Wheat,2014-15,Jashore,2016,7531.0,3048.0,3.085,9403.0,1
Wheat,2014-15,Jhalokati,2016,185.0,75.0,2.229,167.0,1
Wheat,2014-15,Jhenaidah,2016,17325.0,7011.0,3.219,22570.0,1
Wheat,2014-15,Joypurhat,2016,2653.0,1074.0,2.487,2670.0,1
Wheat,2014-15,Khagrachhari,2016,1.0,0.0,2.584,1.0,1
Wheat,2014-15,Khulna,2016,1267.0,513.0,2.581,1323.0,1
Wheat,2014-15,Kishoreganj,2016,3523.0,1426.0,1.771,2525.0,1
Wheat,2014-15,Kurigram,2016,28749.0,11634.0,3.135,36475.0,1
Wheat,2014-15,Kushtia,2016,40030.0,16199.0,3.21,51999.0,1
Wheat,2014-15,Lakshmipur,2016,37.0,15.0,0.0,17.0,1
Wheat,2014-15,Lalmonirhat,2016,3481.0,1409.0,2.91,4099.0,1
Wheat,2014-15,Madaripur,2016,12067.0,4883.0,3.159,15427.0,1
Wheat,2014-15,Magura,2016,23732.0,9604.0,2.885,27709.0,1
Wheat,2014-15,Manikganj,2016,2802.0,1134.0,2.481,2814.0,1
Wheat,2014-15,Meherpur,2016,42830.0,17332.0,3.298,57155.0,1
Wheat,2014-15,Moulvibazar,2016,203.0,82.0,2.282,187.0,1
Wheat,2014-15,Munshiganj,2016,62.0,25.0,1.708,43.0,1
Wheat,2014-15,Mymensingh,2016,3736.0,1512.0,2.259,3415.0,1
Wheat,2014-15,Naogaon,2016,49799.0,20153.0,3.137,63220.0,1
Wheat,2014-15,Narail,2016,9084.0,3676.0,2.7,9925.0,1
Wheat,2014-15,Narayanganj,2016,560.0,227.0,1.753,397.0,1
Wheat,2014-15,Narsingdi,2016,700.0,283.0,2.201,623.0,1
Wheat,2014-15,Natore,2016,62370.0,25240.0,3.217,81204.0,1
Wheat,2014-15,Netrakona,2016,3165.0,1281.0,1.9,2434.0,1
Wheat,2014-15,Nilphamari,2016,11866.0,4802.0,2.92,14023.0,1
Wheat,2014-15,Noakhali,2016,24.0,10.0,2.361,23.0,1
Wheat,2014-15,Pabna,2016,101845.0,41214.0,3.067,126403.0,1
Wheat,2014-15,Panchagarh,2016,41170.0,16661.0,3.207,53433.0,1
Wheat,2014-15,Patuakhali,2016,300.0,121.0,1.024,124.0,1
Wheat,2014-15,Pirojpur,2016,267.0,108.0,2.429,262.0,1
Wheat,2014-15,Rajbari,2016,41110.0,16636.0,2.901,48261.0,1
Wheat,2014-15,Rajshahi,2016,70898.0,28691.0,3.265,93684.0,1
Wheat,2014-15,Rangamati,2016,0.0,0.0,0.0,0.0,1
Wheat,2014-15,Rangpur,2016,8247.0,3337.0,2.898,9672.0,1
Wheat,2014-15,Satkhira,2016,3684.0,1491.0,2.629,3919.0,1
Wheat,2014-15,Shariatpur,2016,10790.0,4366.0,3.155,13774.0,1
Wheat,2014-15,Sherpur,2016,2783.0,1126.0,2.506,2822.0,1
Wheat,2014-15,Sirajganj,2016,15614.0,6319.0,2.593,16383.0,1
Wheat,2014-15,Sunamganj,2016,598.0,242.0,1.881,455.0,1
Wheat,2014-15,Sylhet,2016,382.0,155.0,1.786,276.0,1
Wheat,2014-15,Tangail,2016,15029.0,6082.0,2.613,15893.0,1
Wheat,2014-15,Thakurgaon,2016,143466.0,58058.0,3.227,187325.0,1
