crop,crop_year,district,edition,area_acres,area_ha,yield_mt_per_ha,production_mt,n_tables
Aman,2018-19,Bagerhat,2021,170832.0,69132.0,1.69,116802.0,1
Aman,2018-19,Bandarban,2021,24280.0,9826.0,2.667,26210.0,1
Aman,2018-19,Barguna,2021,202011.0,81749.0,1.927,157492.0,1
Aman,2018-19,Barishal,2021,301636.0,122065.0,1.71,208723.0,1
Aman,2018-19,Bhola,2021,430608.0,174258.0,2.43,423522.0,1
Aman,2018-19,Bogura,2021,433868.0,175577.0,2.665,467997.0,1
Aman,2018-19,Brahmanbaria,2021,133122.0,53872.0,2.472,133161.0,1
Aman,2018-19,Chandpur,2021,109143.0,44168.0,1.798,79413.0,1
Aman,2018-19,Chapainababganj,2021,131763.0,53322.0,2.681,142977.0,1
Aman,2018-19,Chattogram,2021,419393.0,169719.0,2.567,435740.0,1
Aman,2018-19,Chuadanga,2021,80756.0,32680.0,2.748,89821.0,1
Aman,2018-19,Cox's Bazar,2021,181366.0,73395.0,2.672,196112.0,1
Aman,2018-19,Cumilla,2021,333029.0,134770.0,2.346,316154.0,1
Aman,2018-19,Dhaka,2021,19917.0,8060.0,1.561,12583.0,1
Aman,2018-19,Dinajpur,2021,643425.0,260380.0,2.958,770155.0,1
Aman,2018-19,Faridpur,2021,205837.0,83298.0,2.59,215743.0,1
Aman,2018-19,Feni,2021,152599.0,61753.0,2.602,160699.0,1
Aman,2018-19,Gaibandha,2021,309626.0,125299.0,2.791,349760.0,1
Aman,2018-19,Gazipur,2021,108392.0,43864.0,2.66,116674.0,1
Aman,2018-19,Gopalganj,2021,65828.0,26639.0,1.521,40506.0,1
Aman,2018-19,Habiganj,2021,253580.0,102618.0,2.499,256459.0,1
Aman,2018-19,Jamalpur,2021,254033.0,102802.0,2.391,245755.0,1
Aman,2018-19,Jashore,2021,311921.0,126228.0,2.887,364433.0,1
Aman,2018-19,Jhalokati,2021,117242.0,47445.0,1.54,73084.0,1
Aman,2018-19,Jhenaidah,2021,244731.0,99037.0,2.848,282094.0,1
Aman,2018-19,Joypurhat,2021,187872.0,76028.0,2.869,218127.0,1
Aman,2018-19,Khagrachhari,2021,66123.0,26758.0,2.727,72981.0,1
Aman,2018-19,Khulna,2021,236253.0,95606.0,2.347,224346.0,1
Aman,2018-19,Kishoreganj,2021,175299.0,70940.0,2.773,196690.0,1
Aman,2018-19,Kurigram,2021,286905.0,116104.0,2.71,314620.0,1
Aman,2018-19,Kushtia,2021,209143.0,84636.0,2.852,241348.0,1
Aman,2018-19,Lakshmipur,2021,179248.0,72538.0,2.554,185273.0,1
Aman,2018-19,Lalmonirhat,2021,206199.0,83444.0,2.865,239059.0,1
Aman,2018-19,Madaripur,2021,65392.0,26463.0,1.643,43480.0,1
Aman,2018-19,Magura,2021,141794.0,57381.0,2.685,154063.0,1
Aman,2018-19,Manikganj,2021,86197.0,34882.0,1.299,45328.0,1
Aman,2018-19,Meherpur,2021,62593.0,25330.0,2.745,69537.0,1
Aman,2018-19,Moulvibazar,2021,259729.0,105107.0,2.868,301451.0,1
Aman,2018-19,Munshiganj,2021,50877.0,20589.0,1.009,20772.0,1
Aman,2018-19,Mymensingh,2021,661952.0,267877.0,2.42,648376.0,1
Aman,2018-19,Naogaon,2021,402752.0,162985.0,2.723,443820.0,1
Aman,2018-19,Narail,2021,96890.0,39209.0,2.179,85418.0,1
Aman,2018-19,Narayanganj,2021,26236.0,10617.0,1.518,16118.0,1
Aman,2018-19,Narsingdi,2021,100231.0,40561.0,2.501,101431.0,1
Aman,2018-19,Natore,2021,191156.0,77357.0,2.475,191444.0,1
Aman,2018-19,Netrakona,2021,319577.0,129326.0,2.269,293442.0,1
Aman,2018-19,Nilphamari,2021,277937.0,112475.0,3.014,338997.0,1
Aman,2018-19,Noakhali,2021,363746.0,147200.0,2.233,328736.0,1
Aman,2018-19,Pabna,2021,219841.0,88965.0,2.177,193696.0,1
Aman,2018-19,Panchagarh,2021,238585.0,96550.0,2.962,285975.0,1
Aman,2018-19,Patuakhali,2021,422852.0,171119.0,1.893,323902.0,1
Aman,2018-19,Pirojpur,2021,159253.0,64446.0,1.708,110101.0,1
Aman,2018-19,Rajbari,2021,121563.0,49194.0,2.777,136599.0,1
Aman,2018-19,Rajshahi,2021,178830.0,72369.0,2.713,196312.0,1
Aman,2018-19,Rangamati,2021,23616.0,9557.0,2.65,25324.0,1
Aman,2018-19,Rangpur,2021,409123.0,165563.0,2.959,489855.0,1
Aman,2018-19,Satkhira,2021,211079.0,85419.0,2.823,241143.0,1
Aman,2018-19,Shariatpur,2021,35885.0,14522.0,1.549,22493.0,1
Aman,2018-19,Sherpur,2021,213847.0,86539.0,2.319,200707.0,1
Aman,2018-19,Sirajganj,2021,215486.0,87202.0,2.325,202740.0,1
Aman,2018-19,Sunamganj,2021,184251.0,74562.0,2.577,192140.0,1
Aman,2018-19,Sylhet,2021,356391.0,144224.0,2.455,354070.0,1
Aman,2018-19,Tangail,2021,276628.0,111945.0,2.123,237661.0,1
Aman,2018-19,Thakurgaon,2021,332128.0,134405.0,2.866,385230.0,1
Aman,2019-20,Bagerhat,2021,177975.0,72023.0,2.019,145396.0,1
Aman,2019-20,Bandarban,2021,25641.0,10376.0,2.76,28634.0,1
Aman,2019-20,Barguna,2021,191881.0,77650.0,1.787,138760.0,1
Aman,2019-20,Barishal,2021,321096.0,129941.0,1.599,207814.0,1
Aman,2019-20,Bhola,2021,394733.0,159740.0,2.379,379971.0,1
Aman,2019-20,Bogura,2021,448343.0,181435.0,2.691,488310.0,1
Aman,2019-20,Brahmanbaria,2021,137615.0,55690.0,2.705,150660.0,1
Aman,2019-20,Chandpur,2021,88640.0,35871.0,1.881,67475.0,1
Aman,2019-20,Chapainababganj,2021,125934.0,50963.0,2.607,132840.0,1
Aman,2019-20,Chattogram,2021,417317.0,168879.0,2.425,409541.0,1
Aman,2019-20,Chuadanga,2021,81295.0,32898.0,2.594,85331.0,1
Aman,2019-20,Cox's Bazar,2021,198318.0,80255.0,2.758,221303.0,1
Aman,2019-20,Cumilla,2021,287974.0,116537.0,2.251,262318.0,1
Aman,2019-20,Dhaka,2021,26997.0,10925.0,2.304,25167.0,1
Aman,2019-20,Dinajpur,2021,686614.0,277858.0,2.846,790734.0,1
Aman,2019-20,Faridpur,2021,202021.0,81753.0,2.611,213497.0,1
Aman,2019-20,Feni,2021,159979.0,64740.0,2.512,162648.0,1
Aman,2019-20,Gaibandha,2021,312713.0,126548.0,2.692,340664.0,1
Aman,2019-20,Gazipur,2021,105438.0,42668.0,2.723,116198.0,1
Aman,2019-20,Gopalganj,2021,79698.0,32252.0,1.921,61972.0,1
Aman,2019-20,Habiganj,2021,232141.0,93942.0,2.655,249447.0,1
Aman,2019-20,Jamalpur,2021,261767.0,105931.0,2.364,250458.0,1
Aman,2019-20,Jashore,2021,325657.0,131786.0,3.123,411518.0,1
Aman,2019-20,Jhalokati,2021,118050.0,47772.0,2.002,95646.0,1
Aman,2019-20,Jhenaidah,2021,252018.0,101986.0,3.002,306203.0,1
Aman,2019-20,Joypurhat,2021,187572.0,75906.0,2.836,215263.0,1
Aman,2019-20,Khagrachhari,2021,67042.0,27130.0,2.94,79770.0,1
Aman,2019-20,Khulna,2021,235275.0,95211.0,2.623,249714.0,1
Aman,2019-20,Kishoreganj,2021,172372.0,69755.0,2.893,201807.0,1
Aman,2019-20,Kurigram,2021,271768.0,109979.0,2.791,306961.0,1
Aman,2019-20,Kushtia,2021,215084.0,87040.0,3.156,274685.0,1
Aman,2019-20,Lakshmipur,2021,195707.0,79198.0,2.41,190885.0,1
Aman,2019-20,Lalmonirhat,2021,206129.0,83416.0,2.89,241070.0,1
Aman,2019-20,Madaripur,2021,55126.0,22308.0,1.846,41183.0,1
Aman,2019-20,Magura,2021,142570.0,57695.0,2.911,167927.0,1
Aman,2019-20,Manikganj,2021,52947.0,21426.0,2.114,45294.0,1
Aman,2019-20,Meherpur,2021,63458.0,25680.0,2.715,69711.0,1
Aman,2019-20,Moulvibazar,2021,255298.0,103314.0,2.763,285454.0,1
Aman,2019-20,Munshiganj,2021,45597.0,18452.0,0.79,14579.0,1
Aman,2019-20,Mymensingh,2021,650565.0,263269.0,2.438,641818.0,1
Aman,2019-20,Naogaon,2021,415743.0,168242.0,2.87,482854.0,1
Aman,2019-20,Narail,2021,103620.0,41933.0,2.473,103685.0,1
Aman,2019-20,Narayanganj,2021,23508.0,9513.0,1.262,12005.0,1
Aman,2019-20,Narsingdi,2021,92198.0,37310.0,2.854,106477.0,1
Aman,2019-20,Natore,2021,191114.0,77340.0,2.468,190846.0,1
Aman,2019-20,Netrakona,2021,320727.0,129791.0,2.489,323084.0,1
Aman,2019-20,Nilphamari,2021,252841.0,102319.0,2.623,268343.0,1
Aman,2019-20,Noakhali,2021,373322.0,151075.0,2.377,359150.0,1
Aman,2019-20,Pabna,2021,171440.0,69378.0,2.557,177425.0,1
Aman,2019-20,Panchagarh,2021,249511.0,100972.0,2.732,275851.0,1
Aman,2019-20,Patuakhali,2021,420939.0,170345.0,1.98,337294.0,1
Aman,2019-20,Pirojpur,2021,157249.0,63635.0,1.9,120910.0,1
Aman,2019-20,Rajbari,2021,111685.0,45196.0,2.294,103695.0,1
Aman,2019-20,Rajshahi,2021,180244.0,72941.0,2.783,202992.0,1
Aman,2019-20,Rangamati,2021,23686.0,9585.0,2.899,27788.0,1
Aman,2019-20,Rangpur,2021,405195.0,163974.0,3.084,505675.0,1
Aman,2019-20,Satkhira,2021,220114.0,89075.0,2.9,258281.0,1
Aman,2019-20,Shariatpur,2021,34018.0,13766.0,1.489,20499.0,1
Aman,2019-20,Sherpur,2021,210525.0,85195.0,2.422,206325.0,1
Aman,2019-20,Sirajganj,2021,207434.0,83944.0,2.607,218865.0,1
Aman,2019-20,Sunamganj,2021,198392.0,80285.0,2.814,225927.0,1
Aman,2019-20,Sylhet,2021,347257.0,140527.0,2.345,329544.0,1
Aman,2019-20,Tangail,2021,232257.0,93989.0,2.316,217658.0,1
Aman,2019-20,Thakurgaon,2021,319843.0,129433.0,2.893,374465.0,1
Aus,2018-19,Bagerhat,2021,11669.0,4722.0,2.467,11650.0,1
Aus,2018-19,Bandarban,2021,31498.0,12747.0,1.857,23672.0,1
Aus,2018-19,Barguna,2021,131780.0,53328.0,2.298,122564.0,1
Aus,2018-19,Barishal,2021,53796.0,21770.0,1.757,38239.0,1
Aus,2018-19,Bhola,2021,209401.0,84740.0,2.031,172102.0,1
Aus,2018-19,Bogura,2021,49995.0,20232.0,2.836,57385.0,1
Aus,2018-19,Brahmanbaria,2021,21312.0,8624.0,2.434,20992.0,1
Aus,2018-19,Chandpur,2021,24152.0,9774.0,2.689,26286.0,1
Aus,2018-19,Chapainababganj,2021,128535.0,52015.0,2.661,138418.0,1
Aus,2018-19,Chattogram,2021,89102.0,36058.0,2.706,97581.0,1
Aus,2018-19,Chuadanga,2021,93348.0,37776.0,2.901,109585.0,1
Aus,2018-19,Cox's Bazar,2021,7861.0,3181.0,2.813,8950.0,1
Aus,2018-19,Cumilla,2021,175597.0,71060.0,2.693,191367.0,1
Aus,2018-19,Dhaka,2021,1201.0,486.0,2.26,1098.0,1
Aus,2018-19,Dinajpur,2021,17084.0,6914.0,2.94,20324.0,1
Aus,2018-19,Faridpur,2021,30377.0,12293.0,1.291,15869.0,1
Aus,2018-19,Feni,2021,29258.0,11840.0,2.373,28102.0,1
Aus,2018-19,Gaibandha,2021,5948.0,2407.0,2.558,6157.0,1
Aus,2018-19,Gazipur,2021,3293.0,1333.0,2.937,3914.0,1
Aus,2018-19,Gopalganj,2021,7588.0,3071.0,1.552,4765.0,1
Aus,2018-19,Habiganj,2021,110953.0,44900.0,2.714,121870.0,1
Aus,2018-19,Jamalpur,2021,6545.0,2649.0,2.331,6174.0,1
Aus,2018-19,Jashore,2021,48075.0,19455.0,2.548,49574.0,1
Aus,2018-19,Jhalokati,2021,34909.0,14127.0,2.426,34279.0,1
Aus,2018-19,Jhenaidah,2021,76044.0,30773.0,2.65,81538.0,1
Aus,2018-19,Joypurhat,2021,423.0,171.0,2.751,471.0,1
Aus,2018-19,Khagrachhari,2021,9952.0,4027.0,2.376,9567.0,1
Aus,2018-19,Khulna,2021,6924.0,2802.0,1.418,3974.0,1
Aus,2018-19,Kishoreganj,2021,32770.0,13261.0,2.578,34193.0,1
Aus,2018-19,Kurigram,2021,4018.0,1626.0,2.27,3692.0,1
Aus,2018-19,Kushtia,2021,74658.0,30212.0,2.62,79165.0,1
Aus,2018-19,Lakshmipur,2021,68036.0,27533.0,2.444,67283.0,1
Aus,2018-19,Lalmonirhat,2021,11990.0,4852.0,2.913,14134.0,1
Aus,2018-19,Madaripur,2021,3465.0,1402.0,1.29,1808.0,1
Aus,2018-19,Magura,2021,6593.0,2668.0,2.36,6296.0,1
Aus,2018-19,Manikganj,2021,4529.0,1833.0,1.721,3153.0,1
Aus,2018-19,Meherpur,2021,35138.0,14220.0,2.966,42168.0,1
Aus,2018-19,Moulvibazar,2021,140169.0,56723.0,2.715,153990.0,1
Aus,2018-19,Munshiganj,2021,306.0,124.0,2.832,351.0,1
Aus,2018-19,Mymensingh,2021,38610.0,15625.0,2.669,41708.0,1
Aus,2018-19,Naogaon,2021,152254.0,61614.0,2.916,179648.0,1
Aus,2018-19,Narail,2021,13374.0,5412.0,1.777,9619.0,1
Aus,2018-19,Narayanganj,2021,2965.0,1200.0,1.422,1707.0,1
Aus,2018-19,Narsingdi,2021,1174.0,475.0,2.697,1281.0,1
Aus,2018-19,Natore,2021,18306.0,7408.0,2.436,18043.0,1
Aus,2018-19,Netrakona,2021,1525.0,617.0,2.684,1657.0,1
Aus,2018-19,Nilphamari,2021,1010.0,409.0,2.731,1116.0,1
Aus,2018-19,Noakhali,2021,95096.0,38483.0,2.295,88331.0,1
Aus,2018-19,Pabna,2021,38584.0,15614.0,2.166,33819.0,1
Aus,2018-19,Panchagarh,2021,932.0,377.0,2.782,1049.0,1
Aus,2018-19,Patuakhali,2021,75057.0,30374.0,2.226,67620.0,1
Aus,2018-19,Pirojpur,2021,42670.0,17268.0,2.28,39368.0,1
Aus,2018-19,Rajbari,2021,3096.0,1253.0,1.303,1633.0,1
Aus,2018-19,Rajshahi,2021,115102.0,46579.0,2.833,131950.0,1
Aus,2018-19,Rangamati,2021,15814.0,6400.0,1.528,9781.0,1
Aus,2018-19,Rangpur,2021,40313.0,16314.0,2.888,47115.0,1
Aus,2018-19,Satkhira,2021,15318.0,6199.0,2.644,16387.0,1
Aus,2018-19,Shariatpur,2021,21406.0,8663.0,1.695,14686.0,1
Aus,2018-19,Sherpur,2021,6604.0,2672.0,2.556,6831.0,1
Aus,2018-19,Sirajganj,2021,14707.0,5952.0,2.109,12552.0,1
Aus,2018-19,Sunamganj,2021,34241.0,13857.0,2.503,34677.0,1
Aus,2018-19,Sylhet,2021,145374.0,58830.0,2.66,156469.0,1
Aus,2018-19,Tangail,2021,2210.0,894.0,1.698,1519.0,1
Aus,2018-19,Thakurgaon,2021,37342.0,15111.0,2.926,44214.0,1
Aus,2019-20,Bagerhat,2021,12748.0,5159.0,2.69,13879.0,1
Aus,2019-20,Bandarban,2021,30419.0,12310.0,1.831,22540.0,1
Aus,2019-20,Barguna,2021,94100.0,38080.0,2.499,95152.0,1
Aus,2019-20,Barishal,2021,36159.0,14633.0,1.401,20507.0,1
Aus,2019-20,Bhola,2021,180929.0,73218.0,2.187,160144.0,1
Aus,2019-20,Bogura,2021,66686.0,26986.0,2.526,68154.0,1
Aus,2019-20,Brahmanbaria,2021,27849.0,11270.0,2.41,27157.0,1
Aus,2019-20,Chandpur,2021,21009.0,8502.0,2.337,19866.0,1
Aus,2019-20,Chapainababganj,2021,94915.0,38410.0,2.665,102365.0,1
Aus,2019-20,Chattogram,2021,82059.0,33207.0,2.636,87523.0,1
Aus,2019-20,Chuadanga,2021,96922.0,39222.0,2.678,105055.0,1
Aus,2019-20,Cox's Bazar,2021,4508.0,1824.0,2.674,4878.0,1
Aus,2019-20,Cumilla,2021,180885.0,73200.0,2.587,189367.0,1
Aus,2019-20,Dhaka,2021,1583.0,641.0,2.344,1502.0,1
Aus,2019-20,Dinajpur,2021,17023.0,6889.0,2.439,16801.0,1
Aus,2019-20,Faridpur,2021,21606.0,8743.0,1.257,10990.0,1
Aus,2019-20,Feni,2021,26313.0,10648.0,2.444,26024.0,1
Aus,2019-20,Gaibandha,2021,18451.0,7467.0,2.262,16889.0,1
Aus,2019-20,Gazipur,2021,5396.0,2184.0,2.943,6427.0,1
Aus,2019-20,Gopalganj,2021,7796.0,3155.0,1.402,4424.0,1
Aus,2019-20,Habiganj,2021,115473.0,46729.0,2.478,115798.0,1
Aus,2019-20,Jamalpur,2021,4290.0,1736.0,2.26,3924.0,1
Aus,2019-20,Jashore,2021,43119.0,17449.0,2.983,52054.0,1
Aus,2019-20,Jhalokati,2021,26600.0,10764.0,2.849,30672.0,1
Aus,2019-20,Jhenaidah,2021,75694.0,30632.0,3.069,93996.0,1
Aus,2019-20,Joypurhat,2021,463.0,187.0,2.567,481.0,1
Aus,2019-20,Khagrachhari,2021,7914.0,3203.0,2.419,7748.0,1
Aus,2019-20,Khulna,2021,9546.0,3863.0,1.729,6677.0,1
Aus,2019-20,Kishoreganj,2021,54364.0,22000.0,2.682,58994.0,1
Aus,2019-20,Kurigram,2021,8914.0,3607.0,2.314,8347.0,1
Aus,2019-20,Kushtia,2021,66222.0,26799.0,2.688,72030.0,1
Aus,2019-20,Lakshmipur,2021,44850.0,18150.0,2.482,45051.0,1
Aus,2019-20,Lalmonirhat,2021,27244.0,11025.0,2.537,27966.0,1
Aus,2019-20,Madaripur,2021,3316.0,1342.0,1.64,2200.0,1
Aus,2019-20,Magura,2021,7651.0,3096.0,2.167,6709.0,1
Aus,2019-20,Manikganj,2021,5951.0,2408.0,1.66,3997.0,1
Aus,2019-20,Meherpur,2021,37820.0,15305.0,3.132,47928.0,1
Aus,2019-20,Moulvibazar,2021,138985.0,56244.0,3.018,169741.0,1
Aus,2019-20,Munshiganj,2021,453.0,183.0,2.474,454.0,1
Aus,2019-20,Mymensingh,2021,34571.0,13990.0,2.454,34338.0,1
Aus,2019-20,Naogaon,2021,152617.0,61761.0,2.894,178708.0,1
Aus,2019-20,Narail,2021,15868.0,6421.0,1.656,10636.0,1
Aus,2019-20,Narayanganj,2021,4608.0,1865.0,2.405,4484.0,1
Aus,2019-20,Narsingdi,2021,1858.0,752.0,2.579,1939.0,1
Aus,2019-20,Natore,2021,20621.0,8345.0,2.693,22475.0,1
Aus,2019-20,Netrakona,2021,1404.0,568.0,2.326,1322.0,1
Aus,2019-20,Nilphamari,2021,2941.0,1190.0,2.325,2768.0,1
Aus,2019-20,Noakhali,2021,88433.0,35787.0,2.236,80022.0,1
Aus,2019-20,Pabna,2021,46487.0,18812.0,1.974,37135.0,1
Aus,2019-20,Panchagarh,2021,4930.0,1995.0,2.625,5236.0,1
Aus,2019-20,Patuakhali,2021,63604.0,25739.0,2.001,51492.0,1
Aus,2019-20,Pirojpur,2021,32504.0,13154.0,2.24,29466.0,1
Aus,2019-20,Rajbari,2021,4493.0,1818.0,1.771,3221.0,1
Aus,2019-20,Rajshahi,2021,116870.0,47295.0,2.841,134357.0,1
Aus,2019-20,Rangamati,2021,14365.0,5813.0,1.437,8356.0,1
Aus,2019-20,Rangpur,2021,46442.0,18794.0,2.678,50325.0,1
Aus,2019-20,Satkhira,2021,16556.0,6700.0,2.829,18954.0,1
Aus,2019-20,Shariatpur,2021,29030.0,11748.0,1.411,16578.0,1
Aus,2019-20,Sherpur,2021,8291.0,3355.0,2.252,7555.0,1
Aus,2019-20,Sirajganj,2021,20788.0,8412.0,2.446,20574.0,1
Aus,2019-20,Sunamganj,2021,47081.0,19053.0,2.371,45169.0,1
Aus,2019-20,Sylhet,2021,187614.0,75923.0,2.599,197358.0,1
Aus,2019-20,Tangail,2021,1860.0,753.0,2.429,1828.0,1
Aus,2019-20,Thakurgaon,2021,36260.0,14674.0,2.964,43488.0,1
Boro,2018-19,Bagerhat,2021,138629.0,56100.0,4.581,256997.0,1
Boro,2018-19,Bandarban,2021,15380.0,6224.0,3.897,24253.0,1
Boro,2018-19,Barguna,2021,3248.0,1314.0,2.999,3941.0,1
Boro,2018-19,Barishal,2021,125541.0,50804.0,3.84,195101.0,1
Boro,2018-19,Bhola,2021,102227.0,41369.0,3.892,161003.0,1
Boro,2018-19,Bogura,2021,459414.0,185915.0,3.817,709612.0,1
Boro,2018-19,Brahmanbaria,2021,275052.0,111308.0,4.234,471298.0,1
Boro,2018-19,Chandpur,2021,152695.0,61792.0,3.845,237576.0,1
Boro,2018-19,Chapainababganj,2021,112461.0,45511.0,3.623,164882.0,1
Boro,2018-19,Chattogram,2021,152919.0,61883.0,3.959,244972.0,1
Boro,2018-19,Chuadanga,2021,80598.0,32616.0,4.022,131195.0,1
Boro,2018-19,Cox's Bazar,2021,129363.0,52350.0,3.996,209201.0,1
Boro,2018-19,Cumilla,2021,384368.0,155545.0,4.256,661982.0,1
Boro,2018-19,Dhaka,2021,116325.0,47074.0,3.842,180847.0,1
Boro,2018-19,Dinajpur,2021,421913.0,170739.0,3.992,681567.0,1
Boro,2018-19,Faridpur,2021,56189.0,22739.0,3.82,86868.0,1
Boro,2018-19,Feni,2021,66247.0,26809.0,3.548,95107.0,1
Boro,2018-19,Gaibandha,2021,306598.0,124073.0,3.863,479310.0,1
Boro,2018-19,Gazipur,2021,145671.0,58950.0,4.139,244017.0,1
Boro,2018-19,Gopalganj,2021,182439.0,73829.0,4.8,354394.0,1
Boro,2018-19,Habiganj,2021,290146.0,117416.0,3.479,408473.0,1
Boro,2018-19,Jamalpur,2021,317764.0,128592.0,4.003,514788.0,1
Boro,2018-19,Jashore,2021,400271.0,161981.0,4.626,749344.0,1
Boro,2018-19,Jhalokati,2021,23759.0,9615.0,3.691,35488.0,1
Boro,2018-19,Jhenaidah,2021,216193.0,87489.0,4.503,393930.0,1
Boro,2018-19,Joypurhat,2021,175065.0,70845.0,4.095,290082.0,1
Boro,2018-19,Khagrachhari,2021,24906.0,10079.0,3.609,36380.0,1
Boro,2018-19,Khulna,2021,141987.0,57459.0,4.691,269538.0,1
Boro,2018-19,Kishoreganj,2021,408992.0,165510.0,4.304,712400.0,1
Boro,2018-19,Kurigram,2021,280420.0,113480.0,4.21,477747.0,1
Boro,2018-19,Kushtia,2021,86345.0,34942.0,4.229,147782.0,1
Boro,2018-19,Lakshmipur,2021,64324.0,26031.0,4.334,112820.0,1
Boro,2018-19,Lalmonirhat,2021,112540.0,45542.0,3.934,179177.0,1
Boro,2018-19,Madaripur,2021,86878.0,35157.0,4.149,145874.0,1
Boro,2018-19,Magura,2021,93499.0,37837.0,3.897,147455.0,1
Boro,2018-19,Manikganj,2021,116018.0,46950.0,4.398,206490.0,1
Boro,2018-19,Meherpur,2021,53273.0,21558.0,3.782,81545.0,1
Boro,2018-19,Moulvibazar,2021,130103.0,52650.0,3.182,167550.0,1
Boro,2018-19,Munshiganj,2021,51267.0,20747.0,4.018,83370.0,1
Boro,2018-19,Mymensingh,2021,633691.0,256441.0,3.972,1018506.0,1
Boro,2018-19,Naogaon,2021,464598.0,188013.0,4.342,816283.0,1
Boro,2018-19,Narail,2021,130250.0,52709.0,4.352,229374.0,1
Boro,2018-19,Narayanganj,2021,56655.0,22927.0,3.853,88328.0,1
Boro,2018-19,Narsingdi,2021,116933.0,47320.0,4.052,191747.0,1
Boro,2018-19,Natore,2021,151744.0,61407.0,4.486,275484.0,1
Boro,2018-19,Netrakona,2021,451465.0,182698.0,3.952,722000.0,1
Boro,2018-19,Nilphamari,2021,206117.0,83411.0,4.265,355759.0,1
Boro,2018-19,Noakhali,2021,156788.0,63448.0,4.918,312046.0,1
Boro,2018-19,Pabna,2021,135067.0,54659.0,3.762,205636.0,1
Boro,2018-19,Panchagarh,2021,82607.0,33429.0,4.183,139838.0,1
Boro,2018-19,Patuakhali,2021,2592.0,1049.0,2.634,2763.0,1
Boro,2018-19,Pirojpur,2021,55372.0,22408.0,4.267,95623.0,1
Boro,2018-19,Rajbari,2021,33255.0,13458.0,3.888,52318.0,1
Boro,2018-19,Rajshahi,2021,168249.0,68087.0,3.998,272192.0,1
Boro,2018-19,Rangamati,2021,18423.0,7455.0,3.989,29740.0,1
Boro,2018-19,Rangpur,2021,332808.0,134680.0,4.492,604948.0,1
Boro,2018-19,Satkhira,2021,184974.0,74855.0,4.082,305563.0,1
Boro,2018-19,Shariatpur,2021,62492.0,25289.0,4.305,108869.0,1
Boro,2018-19,Sherpur,2021,236917.0,95875.0,4.139,396798.0,1
Boro,2018-19,Sirajganj,2021,346667.0,140289.0,4.411,618878.0,1
Boro,2018-19,Sunamganj,2021,536352.0,217050.0,3.558,772322.0,1
Boro,2018-19,Sylhet,2021,206008.0,83367.0,2.788,232389.0,1
Boro,2018-19,Tangail,2021,416245.0,168445.0,4.332,729685.0,1
Boro,2018-19,Thakurgaon,2021,145012.0,58683.0,3.904,229103.0,1
Boro,2019-20,Bagerhat,2021,144443.0,58453.0,4.592,268437.0,1
Boro,2019-20,Bandarban,2021,15406.0,6234.0,3.921,24448.0,1
Boro,2019-20,Barguna,2021,3420.0,1384.0,3.308,4578.0,1
Boro,2019-20,Barishal,2021,120602.0,48805.0,4.039,197115.0,1
Boro,2019-20,Bhola,2021,95015.0,38450.0,3.923,150845.0,1
Boro,2019-20,Bogura,2021,459334.0,185882.0,3.882,721540.0,1
Boro,2019-20,Brahmanbaria,2021,277442.2,112275.0,4.544,510156.0,1
Boro,2019-20,Chandpur,2021,150261.8,60808.0,3.714,225864.0,1
Boro,2019-20,Chapainababganj,2021,115236.0,46633.0,4.177,194796.0,1
Boro,2019-20,Chattogram,2021,140971.0,57048.0,3.951,225424.0,1
Boro,2019-20,Chuadanga,2021,77565.0,31389.0,3.799,119258.0,1
Boro,2019-20,Cox's Bazar,2021,131214.08,53099.0,4.008,212835.0,1
Boro,2019-20,Cumilla,2021,369861.0,149675.0,4.376,655020.0,1
Boro,2019-20,Dhaka,2021,112907.0,45691.0,5.138,234756.0,1
Boro,2019-20,Dinajpur,2021,426619.0,172643.0,4.105,708694.0,1
Boro,2019-20,Faridpur,2021,57386.0,23223.0,4.614,107153.0,1
Boro,2019-20,Feni,2021,66722.0,27001.0,3.577,96580.0,1
Boro,2019-20,Gaibandha,2021,320017.0,129504.0,3.972,514340.0,1
Boro,2019-20,Gazipur,2021,146601.7,59326.0,4.153,246388.0,1
Boro,2019-20,Gopalganj,2021,182838.6,73991.0,5.117,378580.0,1
Boro,2019-20,Habiganj,2021,295694.0,119661.0,3.443,411976.0,1
Boro,2019-20,Jamalpur,2021,318066.0,128714.0,3.995,514230.0,1
Boro,2019-20,Jashore,2021,391749.0,158532.0,4.625,733189.0,1
Boro,2019-20,Jhalokati,2021,22542.0,9122.0,3.827,34909.0,1
Boro,2019-20,Jhenaidah,2021,200233.0,81030.0,4.516,365940.0,1
Boro,2019-20,Joypurhat,2021,175371.0,70969.0,3.816,270850.0,1
Boro,2019-20,Khagrachhari,2021,26890.5,10882.0,3.705,40315.0,1
Boro,2019-20,Khulna,2021,145922.0,59051.0,4.232,249918.0,1
Boro,2019-20,Kishoreganj,2021,408013.0,165114.0,4.219,696629.0,1
Boro,2019-20,Kurigram,2021,280520.0,113520.0,4.057,460534.0,1
Boro,2019-20,Kushtia,2021,84391.0,34151.0,4.061,138682.0,1
Boro,2019-20,Lakshmipur,2021,70241.0,28425.0,4.042,114894.0,1
Boro,2019-20,Lalmonirhat,2021,110257.0,44619.0,4.016,179168.0,1
Boro,2019-20,Madaripur,2021,83347.05,33729.0,4.402,148488.0,1
Boro,2019-20,Magura,2021,90565.0,36650.0,3.665,134315.0,1
Boro,2019-20,Manikganj,2021,115057.0,46561.0,4.739,220673.0,1
Boro,2019-20,Meherpur,2021,49938.0,20209.0,3.849,77792.0,1
Boro,2019-20,Moulvibazar,2021,131039.0,53029.0,3.527,187026.0,1
Boro,2019-20,Munshiganj,2021,56052.0,22683.0,4.279,97062.0,1
Boro,2019-20,Mymensingh,2021,644381.0,260767.0,3.846,1002998.0,1
Boro,2019-20,Naogaon,2021,455511.0,184335.0,4.379,807132.0,1
Boro,2019-20,Narail,2021,121723.0,49259.0,4.438,218593.0,1
Boro,2019-20,Narayanganj,2021,54032.0,21866.0,4.22,92264.0,1
Boro,2019-20,Narsingdi,2021,130431.7,52783.0,3.918,206813.0,1
Boro,2019-20,Natore,2021,144341.0,58412.0,4.348,253950.0,1
Boro,2019-20,Netrakona,2021,451943.0,182891.0,4.439,811917.0,1
Boro,2019-20,Nilphamari,2021,206092.0,83401.0,4.282,357147.0,1
Boro,2019-20,Noakhali,2021,158418.0,64108.0,4.685,300360.0,1
Boro,2019-20,Pabna,2021,128094.0,51837.0,4.116,213368.0,1
Boro,2019-20,Panchagarh,2021,76935.0,31134.0,4.219,131368.0,1
Boro,2019-20,Patuakhali,2021,2830.0,1145.0,2.912,3335.0,1
Boro,2019-20,Pirojpur,2021,55011.0,22262.0,4.201,93522.0,1
Boro,2019-20,Rajbari,2021,32406.0,13114.0,4.273,56037.0,1
Boro,2019-20,Rajshahi,2021,163475.0,66155.0,3.85,254667.0,1
Boro,2019-20,Rangamati,2021,18062.0,7309.0,4.175,30516.0,1
Boro,2019-20,Rangpur,2021,328659.0,133001.0,4.41,586531.0,1
Boro,2019-20,Satkhira,2021,186918.0,75642.0,3.863,292231.0,1
Boro,2019-20,Shariatpur,2021,64386.0,26056.0,4.759,123993.0,1
Boro,2019-20,Sherpur,2021,231382.0,93635.0,4.061,380208.0,1
Boro,2019-20,Sirajganj,2021,347443.0,140603.0,4.313,606362.0,1
Boro,2019-20,Sunamganj,2021,533537.0,215911.0,3.702,799346.0,1
Boro,2019-20,Sylhet,2021,203841.0,82490.0,3.027,249732.0,1
Boro,2019-20,Tangail,2021,413840.8,167472.0,4.026,674292.0,1
Boro,2019-20,Thakurgaon,2021,144258.0,58378.0,3.859,225252.0,1
Chili,2017-18,Bagerhat,2021,1155.0,,,498.0,2
Chili,2017-18,Bandarban,2021,829.0,,,639.0,2
Chili,2017-18,Barguna,2021,934.0,,,334.0,1
Chili,2017-18,Barishal,2021,2911.0,,,993.0,2
Chili,2017-18,Bhola,2021,33453.0,,,13899.0,2
Chili,2017-18,Bogura,2021,10698.0,,,6826.0,2
Chili,2017-18,Brahmanbaria,2021,2951.0,,,1784.0,2
Chili,2017-18,Chandpur,2021,6000.0,,,2800.0,2
Chili,2017-18,Chapainababganj,2021,427.0,,,315.0,2
Chili,2017-18,Chattogram,2021,7313.0,,,2764.0,2
Chili,2017-18,Chuadanga,2021,2966.0,,,4430.0,2
Chili,2017-18,Cox's Bazar,2021,1928.0,,,1220.0,2
Chili,2017-18,Cumilla,2021,8244.0,,,4808.0,2
Chili,2017-18,Dhaka,2021,1945.0,,,1516.0,2
Chili,2017-18,Dinajpur,2021,3867.0,,,2206.0,2
Chili,2017-18,Faridpur,2021,8205.0,,,8385.0,2
Chili,2017-18,Feni,2021,776.0,,,224.0,2
Chili,2017-18,Gaibandha,2021,1872.0,,,1171.0,2
Chili,2017-18,Gazipur,2021,1603.0,,,632.0,2
Chili,2017-18,Gopalganj,2021,851.0,,,767.0,2
Chili,2017-18,Habiganj,2021,741.0,,,666.0,2
Chili,2017-18,Jamalpur,2021,16777.0,,,6719.0,2
Chili,2017-18,Jashore,2021,3509.0,,,1665.0,2
Chili,2017-18,Jhalokati,2021,1289.0,,,481.0,2
Chili,2017-18,Jhenaidah,2021,3214.0,,,2124.0,2
Chili,2017-18,Joypurhat,2021,739.0,,,486.0,2
Chili,2017-18,Khagrachhari,2021,1222.0,,,417.0,2
Chili,2017-18,Khulna,2021,708.0,,,1081.0,2
Chili,2017-18,Kishoreganj,2021,3271.0,,,2439.0,2
Chili,2017-18,Kurigram,2021,1609.0,,,1054.0,2
Chili,2017-18,Kushtia,2021,1981.0,,,2363.0,2
Chili,2017-18,Lakshmipur,2021,4206.0,,,1467.0,2
Chili,2017-18,Lalmonirhat,2021,827.0,,,511.0,2
Chili,2017-18,Madaripur,2021,1628.0,,,729.0,2
Chili,2017-18,Magura,2021,919.0,,,744.0,2
Chili,2017-18,Manikganj,2021,7274.0,,,3588.0,2
Chili,2017-18,Meherpur,2021,2310.0,,,1219.0,2
Chili,2017-18,Moulvibazar,2021,441.0,,,181.0,2
Chili,2017-18,Munshiganj,2021,1132.0,,,663.0,2
Chili,2017-18,Mymensingh,2021,4349.0,,,3145.0,2
Chili,2017-18,Naogaon,2021,2759.0,,,1979.0,2
Chili,2017-18,Narail,2021,947.0,,,1977.0,2
Chili,2017-18,Narayanganj,2021,705.0,,,279.0,2
Chili,2017-18,Narsingdi,2021,2135.0,,,1022.0,2
Chili,2017-18,Natore,2021,1446.0,,,665.0,2
Chili,2017-18,Netrakona,2021,1289.0,,,767.0,2
Chili,2017-18,Nilphamari,2021,5120.0,,,3846.0,2
Chili,2017-18,Noakhali,2021,9615.0,,,3297.0,2
Chili,2017-18,Pabna,2021,8979.0,,,5503.0,2
Chili,2017-18,Panchagarh,2021,14769.0,,,7723.0,2
Chili,2017-18,Patuakhali,2021,2659.0,,,801.0,2
Chili,2017-18,Pirojpur,2021,1019.0,,,412.0,2
Chili,2017-18,Rajbari,2021,3783.0,,,4532.0,2
Chili,2017-18,Rajshahi,2021,3653.0,,,2498.0,2
Chili,2017-18,Rangamati,2021,2177.0,,,1111.0,2
Chili,2017-18,Rangpur,2021,4583.0,,,2338.0,2
Chili,2017-18,Satkhira,2021,1238.0,,,1493.0,2
Chili,2017-18,Shariatpur,2021,10959.0,,,6162.0,2
Chili,2017-18,Sherpur,2021,3258.0,,,1324.0,2
Chili,2017-18,Sirajganj,2021,4737.0,,,2626.0,2
Chili,2017-18,Sunamganj,2021,700.0,,,477.0,2
Chili,2017-18,Sylhet,2021,628.0,,,342.0,2
Chili,2017-18,Tangail,2021,3611.0,,,1195.0,2
Chili,2017-18,Thakurgaon,2021,1905.0,,,855.0,2
Chili,2018-19,Bagerhat,2021,1150.0,,,571.0,2
Chili,2018-19,Bandarban,2021,830.0,,,638.0,2
Chili,2018-19,Barguna,2021,935.0,,,340.0,1
Chili,2018-19,Barishal,2021,2912.0,,,995.0,2
Chili,2018-19,Bhola,2021,34268.0,,,11997.0,2
Chili,2018-19,Bogura,2021,10637.0,,,6792.0,2
Chili,2018-19,Brahmanbaria,2021,2959.0,,,1761.0,2
Chili,2018-19,Chandpur,2021,5821.0,,,2613.0,2
Chili,2018-19,Chapainababganj,2021,459.0,,,351.0,2
Chili,2018-19,Chattogram,2021,7320.0,,,2767.0,2
Chili,2018-19,Chuadanga,2021,2855.0,,,3904.0,2
Chili,2018-19,Cox's Bazar,2021,1927.0,,,1222.0,2
Chili,2018-19,Cumilla,2021,7415.0,,,4408.0,2
Chili,2018-19,Dhaka,2021,1477.0,,,3269.0,2
Chili,2018-19,Dinajpur,2021,3946.0,,,2319.0,2
Chili,2018-19,Faridpur,2021,6632.0,,,7384.0,2
Chili,2018-19,Feni,2021,749.0,,,177.0,2
Chili,2018-19,Gaibandha,2021,1757.0,,,1066.0,2
Chili,2018-19,Gazipur,2021,1597.0,,,631.0,2
Chili,2018-19,Gopalganj,2021,865.0,,,788.0,2
Chili,2018-19,Habiganj,2021,736.0,,,658.0,2
Chili,2018-19,Jamalpur,2021,16583.0,,,6647.0,2
Chili,2018-19,Jashore,2021,2623.0,,,1874.0,2
Chili,2018-19,Jhalokati,2021,1290.0,,,483.0,2
Chili,2018-19,Jhenaidah,2021,3351.0,,,5370.0,2
Chili,2018-19,Joypurhat,2021,742.0,,,483.0,2
Chili,2018-19,Khagrachhari,2021,1236.0,,,433.0,2
Chili,2018-19,Khulna,2021,702.0,,,1066.0,2
Chili,2018-19,Kishoreganj,2021,3837.0,,,3553.0,2
Chili,2018-19,Kurigram,2021,1620.0,,,1058.0,2
Chili,2018-19,Kushtia,2021,1997.0,,,2451.0,2
Chili,2018-19,Lakshmipur,2021,4201.0,,,1534.0,2
Chili,2018-19,Lalmonirhat,2021,873.0,,,888.0,2
Chili,2018-19,Madaripur,2021,1784.0,,,772.0,2
Chili,2018-19,Magura,2021,641.0,,,572.0,2
Chili,2018-19,Manikganj,2021,7304.0,,,3490.0,2
Chili,2018-19,Meherpur,2021,3022.0,,,1431.0,2
Chili,2018-19,Moulvibazar,2021,420.0,,,187.0,2
Chili,2018-19,Munshiganj,2021,1123.0,,,669.0,2
Chili,2018-19,Mymensingh,2021,4390.0,,,3205.0,2
Chili,2018-19,Naogaon,2021,2781.0,,,2015.0,2
Chili,2018-19,Narail,2021,881.0,,,1776.0,2
Chili,2018-19,Narayanganj,2021,326.0,,,118.0,2
Chili,2018-19,Narsingdi,2021,2133.0,,,869.0,2
Chili,2018-19,Natore,2021,1431.0,,,720.0,2
Chili,2018-19,Netrakona,2021,1424.0,,,833.0,2
Chili,2018-19,Nilphamari,2021,5222.0,,,3814.0,2
Chili,2018-19,Noakhali,2021,7728.0,,,2936.0,2
Chili,2018-19,Pabna,2021,8237.0,,,5588.0,2
Chili,2018-19,Panchagarh,2021,11067.0,,,7036.0,2
Chili,2018-19,Patuakhali,2021,2828.0,,,792.0,2
Chili,2018-19,Pirojpur,2021,1017.0,,,415.0,2
Chili,2018-19,Rajbari,2021,3741.0,,,5824.0,2
Chili,2018-19,Rajshahi,2021,3435.0,,,7325.0,2
Chili,2018-19,Rangamati,2021,1068.0,,,1046.0,2
Chili,2018-19,Rangpur,2021,4281.0,,,2328.0,2
Chili,2018-19,Satkhira,2021,1198.0,,,1504.0,2
Chili,2018-19,Shariatpur,2021,10344.0,,,6391.0,2
Chili,2018-19,Sherpur,2021,3375.0,,,1382.0,2
Chili,2018-19,Sirajganj,2021,4810.0,,,2675.0,2
Chili,2018-19,Sunamganj,2021,700.0,,,480.0,2
Chili,2018-19,Sylhet,2021,625.0,,,344.0,2
Chili,2018-19,Tangail,2021,3679.0,,,1239.0,2
Chili,2018-19,Thakurgaon,2021,1886.0,,,1206.0,2
Chili,2019-20,Bagerhat,2021,1145.0,,,569.0,2
Chili,2019-20,Bandarban,2021,1002.0,,,622.0,2
Chili,2019-20,Barguna,2021,975.0,,,269.0,1
Chili,2019-20,Barishal,2021,8500.0,,,3200.0,2
Chili,2019-20,Bhola,2021,25555.0,,,10262.0,2
Chili,2019-20,Bogura,2021,10756.0,,,12268.0,2
Chili,2019-20,Brahmanbaria,2021,3003.0,,,1874.0,2
Chili,2019-20,Chandpur,2021,5818.0,,,2973.0,2
Chili,2019-20,Chapainababganj,2021,515.0,,,1651.0,2
Chili,2019-20,Chattogram,2021,6367.0,,,2449.0,2
Chili,2019-20,Chuadanga,2021,2863.0,,,3953.0,2
Chili,2019-20,Cox's Bazar,2021,1907.0,,,1338.0,2
Chili,2019-20,Cumilla,2021,6755.0,,,4090.0,2
Chili,2019-20,Dhaka,2021,1780.0,,,1570.0,2
Chili,2019-20,Dinajpur,2021,4014.0,,,22427.0,2
Chili,2019-20,Faridpur,2021,6652.0,,,7399.0,2
Chili,2019-20,Feni,2021,533.0,,,208.0,2
Chili,2019-20,Gaibandha,2021,1856.0,,,1916.0,2
Chili,2019-20,Gazipur,2021,1610.0,,,655.0,2
Chili,2019-20,Gopalganj,2021,1125.0,,,986.0,2
Chili,2019-20,Habiganj,2021,739.0,,,629.0,2
Chili,2019-20,Jamalpur,2021,15610.0,,,8863.0,2
Chili,2019-20,Jashore,2021,3067.0,,,1573.0,2
Chili,2019-20,Jhalokati,2021,1286.0,,,487.0,2
Chili,2019-20,Jhenaidah,2021,3883.0,,,6691.0,2
Chili,2019-20,Joypurhat,2021,753.0,,,6533.0,2
Chili,2019-20,Khagrachhari,2021,1268.0,,,468.0,2
Chili,2019-20,Khulna,2021,709.0,,,1105.0,2
Chili,2019-20,Kishoreganj,2021,3761.0,,,3270.0,2
Chili,2019-20,Kurigram,2021,1762.0,,,1102.0,2
Chili,2019-20,Kushtia,2021,2089.0,,,2972.0,2
Chili,2019-20,Lakshmipur,2021,4190.0,,,1463.0,2
Chili,2019-20,Lalmonirhat,2021,999.0,,,1217.0,2
Chili,2019-20,Madaripur,2021,1789.0,,,927.0,2
Chili,2019-20,Magura,2021,971.0,,,1101.0,2
Chili,2019-20,Manikganj,2021,7370.0,,,3724.0,2
Chili,2019-20,Meherpur,2021,3707.0,,,1801.0,2
Chili,2019-20,Moulvibazar,2021,400.0,,,193.0,2
Chili,2019-20,Munshiganj,2021,1201.0,,,711.0,2
Chili,2019-20,Mymensingh,2021,4400.0,,,6677.0,2
Chili,2019-20,Naogaon,2021,1589.0,,,1270.0,2
Chili,2019-20,Narail,2021,931.0,,,981.0,2
Chili,2019-20,Narayanganj,2021,706.0,,,283.0,2
Chili,2019-20,Narsingdi,2021,2134.0,,,877.0,2
Chili,2019-20,Natore,2021,1433.0,,,1394.0,2
Chili,2019-20,Netrakona,2021,1948.0,,,3222.0,2
Chili,2019-20,Nilphamari,2021,5456.0,,,1279.0,2
Chili,2019-20,Noakhali,2021,7036.0,,,2653.0,2
Chili,2019-20,Pabna,2021,8811.0,,,5041.0,2
Chili,2019-20,Panchagarh,2021,11724.0,,,4750.0,2
Chili,2019-20,Patuakhali,2021,2681.0,,,601.0,2
Chili,2019-20,Pirojpur,2021,1021.0,,,419.0,2
Chili,2019-20,Rajbari,2021,4208.0,,,3623.0,2
Chili,2019-20,Rajshahi,2021,3827.0,,,8472.0,2
Chili,2019-20,Rangamati,2021,1115.0,,,527.0,2
Chili,2019-20,Rangpur,2021,4334.0,,,7243.0,2
Chili,2019-20,Satkhira,2021,1196.0,,,1074.0,2
Chili,2019-20,Shariatpur,2021,10332.0,,,6378.0,2
Chili,2019-20,Sherpur,2021,3361.0,,,847.0,2
Chili,2019-20,Sirajganj,2021,4935.0,,,3281.0,2
Chili,2019-20,Sunamganj,2021,693.0,,,482.0,2
Chili,2019-20,Sylhet,2021,626.0,,,347.0,2
Chili,2019-20,Tangail,2021,3663.0,,,1258.0,2
Chili,2019-20,Thakurgaon,2021,1907.0,,,1006.0,2
Garlic,2017-18,Bagerhat,2021,151.0,,,166.0,1
Garlic,2017-18,Bandarban,2021,69.0,,,132.0,1
Garlic,2017-18,Barguna,2021,55.0,,,47.0,1
Garlic,2017-18,Barishal,2021,352.0,,,289.0,1
Garlic,2017-18,Bhola,2021,1327.0,,,1322.0,1
Garlic,2017-18,Bogura,2021,824.0,,,1448.0,1
Garlic,2017-18,Brahmanbaria,2021,853.0,,,1134.0,1
Garlic,2017-18,Chandpur,2021,1092.0,,,1793.0,1
Garlic,2017-18,Chapainababganj,2021,6128.0,,,11059.0,1
Garlic,2017-18,Chattogram,2021,123.0,,,143.0,1
Garlic,2017-18,Chuadanga,2021,685.0,,,1605.0,1
Garlic,2017-18,Cox's Bazar,2021,24.0,,,30.0,1
Garlic,2017-18,Cumilla,2021,731.0,,,1359.0,1
Garlic,2017-18,Dhaka,2021,1855.0,,,2468.0,1
Garlic,2017-18,Dinajpur,2021,7484.0,,,22419.0,1
Garlic,2017-18,Faridpur,2021,5954.0,,,8200.0,1
Garlic,2017-18,Feni,2021,40.0,,,27.0,1
Garlic,2017-18,Gaibandha,2021,737.0,,,1006.0,1
Garlic,2017-18,Gazipur,2021,358.0,,,277.0,1
Garlic,2017-18,Gopalganj,2021,500.0,,,1245.0,1
Garlic,2017-18,Habiganj,2021,137.0,,,310.0,1
Garlic,2017-18,Jamalpur,2021,1212.0,,,2452.0,1
Garlic,2017-18,Jashore,2021,1255.0,,,3657.0,1
Garlic,2017-18,Jhalokati,2021,22.0,,,19.0,1
Garlic,2017-18,Jhenaidah,2021,3649.0,,,10541.0,1
Garlic,2017-18,Joypurhat,2021,303.0,,,736.0,1
Garlic,2017-18,Khagrachhari,2021,37.0,,,35.0,1
Garlic,2017-18,Khulna,2021,146.0,,,245.0,1
Garlic,2017-18,Kishoreganj,2021,1099.0,,,2608.0,1
Garlic,2017-18,Kurigram,2021,548.0,,,786.0,1
Garlic,2017-18,Kushtia,2021,3460.0,,,9676.0,1
Garlic,2017-18,Lakshmipur,2021,231.0,,,199.0,1
Garlic,2017-18,Lalmonirhat,2021,600.0,,,1114.0,1
Garlic,2017-18,Madaripur,2021,4244.0,,,16510.0,1
Garlic,2017-18,Magura,2021,2385.0,,,7294.0,1
Garlic,2017-18,Manikganj,2021,1493.0,,,2117.0,1
Garlic,2017-18,Meherpur,2021,936.0,,,3262.0,1
Garlic,2017-18,Moulvibazar,2021,66.0,,,107.0,1
Garlic,2017-18,Munshiganj,2021,267.0,,,331.0,1
Garlic,2017-18,Mymensingh,2021,1022.0,,,2160.0,1
Garlic,2017-18,Naogaon,2021,2860.0,,,7227.0,1
Garlic,2017-18,Narail,2021,391.0,,,1006.0,1
Garlic,2017-18,Narayanganj,2021,173.0,,,149.0,1
Garlic,2017-18,Narsingdi,2021,904.0,,,763.0,1
Garlic,2017-18,Natore,2021,57575.0,,,168103.0,1
Garlic,2017-18,Netrakona,2021,612.0,,,1077.0,1
Garlic,2017-18,Nilphamari,2021,655.0,,,1765.0,1
Garlic,2017-18,Noakhali,2021,465.0,,,699.0,1
Garlic,2017-18,Pabna,2021,23956.0,,,65853.0,1
Garlic,2017-18,Panchagarh,2021,1411.0,,,3716.0,1
Garlic,2017-18,Patuakhali,2021,323.0,,,312.0,1
Garlic,2017-18,Pirojpur,2021,61.0,,,58.0,1
Garlic,2017-18,Rajbari,2021,14196.0,,,35459.0,1
Garlic,2017-18,Rajshahi,2021,10865.0,,,35632.0,1
Garlic,2017-18,Rangamati,2021,51.0,,,78.0,1
Garlic,2017-18,Rangpur,2021,2206.0,,,4719.0,1
Garlic,2017-18,Satkhira,2021,677.0,,,1720.0,1
Garlic,2017-18,Shariatpur,2021,2720.0,,,6270.0,1
Garlic,2017-18,Sherpur,2021,409.0,,,759.0,1
Garlic,2017-18,Sirajganj,2021,1236.0,,,2542.0,1
Garlic,2017-18,Sunamganj,2021,198.0,,,392.0,1
Garlic,2017-18,Sylhet,2021,50.0,,,45.0,1
Garlic,2017-18,Tangail,2021,1304.0,,,1830.0,1
Garlic,2017-18,Thakurgaon,2021,712.0,,,1468.0,1
Garlic,2018-19,Bagerhat,2021,154.0,,,187.0,1
Garlic,2018-19,Bandarban,2021,71.0,,,134.0,1
Garlic,2018-19,Barguna,2021,54.0,,,45.0,1
Garlic,2018-19,Barishal,2021,267.0,,,437.0,1
Garlic,2018-19,Bhola,2021,1330.0,,,1340.0,1
Garlic,2018-19,Bogura,2021,856.0,,,1504.0,1
Garlic,2018-19,Brahmanbaria,2021,809.0,,,1078.0,1
Garlic,2018-19,Chandpur,2021,1084.0,,,1777.0,1
Garlic,2018-19,Chapainababganj,2021,6033.0,,,10905.0,1
Garlic,2018-19,Chattogram,2021,126.0,,,145.0,1
Garlic,2018-19,Chuadanga,2021,825.0,,,2135.0,1
Garlic,2018-19,Cox's Bazar,2021,25.0,,,30.0,1
Garlic,2018-19,Cumilla,2021,695.0,,,1306.0,1
Garlic,2018-19,Dhaka,2021,1854.0,,,2468.0,1
Garlic,2018-19,Dinajpur,2021,9068.0,,,27454.0,1
Garlic,2018-19,Faridpur,2021,5796.0,,,8250.0,1
Garlic,2018-19,Feni,2021,30.0,,,70.0,1
Garlic,2018-19,Gaibandha,2021,711.0,,,969.0,1
Garlic,2018-19,Gazipur,2021,360.0,,,283.0,1
Garlic,2018-19,Gopalganj,2021,501.0,,,1265.0,1
Garlic,2018-19,Habiganj,2021,140.0,,,319.0,1
Garlic,2018-19,Jamalpur,2021,1369.0,,,2665.0,1
Garlic,2018-19,Jashore,2021,1260.0,,,3701.0,1
Garlic,2018-19,Jhalokati,2021,24.0,,,21.0,1
Garlic,2018-19,Jhenaidah,2021,3743.0,,,10691.0,1
Garlic,2018-19,Joypurhat,2021,298.0,,,727.0,1
Garlic,2018-19,Khagrachhari,2021,42.0,,,44.0,1
Garlic,2018-19,Khulna,2021,134.0,,,242.0,1
Garlic,2018-19,Kishoreganj,2021,681.0,,,1103.0,1
Garlic,2018-19,Kurigram,2021,545.0,,,782.0,1
Garlic,2018-19,Kushtia,2021,3479.0,,,9758.0,1
Garlic,2018-19,Lakshmipur,2021,222.0,,,192.0,1
Garlic,2018-19,Lalmonirhat,2021,610.0,,,1135.0,1
Garlic,2018-19,Madaripur,2021,6643.0,,,26244.0,1
Garlic,2018-19,Magura,2021,1634.0,,,5147.0,1
Garlic,2018-19,Manikganj,2021,1470.0,,,2071.0,1
Garlic,2018-19,Meherpur,2021,991.0,,,3309.0,1
Garlic,2018-19,Moulvibazar,2021,50.0,,,96.0,1
Garlic,2018-19,Munshiganj,2021,272.0,,,339.0,1
Garlic,2018-19,Mymensingh,2021,984.0,,,2118.0,1
Garlic,2018-19,Naogaon,2021,2872.0,,,7276.0,1
Garlic,2018-19,Narail,2021,357.0,,,890.0,1
Garlic,2018-19,Narayanganj,2021,170.0,,,221.0,1
Garlic,2018-19,Narsingdi,2021,122.0,,,143.0,1
Garlic,2018-19,Natore,2021,57308.0,,,165831.0,1
Garlic,2018-19,Netrakona,2021,618.0,,,1235.0,1
Garlic,2018-19,Nilphamari,2021,1006.0,,,3037.0,1
Garlic,2018-19,Noakhali,2021,327.0,,,444.0,1
Garlic,2018-19,Pabna,2021,23594.0,,,65057.0,1
Garlic,2018-19,Panchagarh,2021,1439.0,,,3779.0,1
Garlic,2018-19,Patuakhali,2021,325.0,,,325.0,1
Garlic,2018-19,Pirojpur,2021,56.0,,,53.0,1
Garlic,2018-19,Rajbari,2021,14212.0,,,35713.0,1
Garlic,2018-19,Rajshahi,2021,10263.0,,,29894.0,1
Garlic,2018-19,Rangamati,2021,53.0,,,83.0,1
Garlic,2018-19,Rangpur,2021,2188.0,,,4585.0,1
Garlic,2018-19,Satkhira,2021,685.0,,,1709.0,1
Garlic,2018-19,Shariatpur,2021,2619.0,,,6287.0,1
Garlic,2018-19,Sherpur,2021,434.0,,,807.0,1
Garlic,2018-19,Sirajganj,2021,1259.0,,,2966.0,1
Garlic,2018-19,Sunamganj,2021,87.0,,,250.0,1
Garlic,2018-19,Sylhet,2021,41.0,,,31.0,1
Garlic,2018-19,Tangail,2021,1263.0,,,1784.0,1
Garlic,2018-19,Thakurgaon,2021,724.0,,,1503.0,1
Garlic,2019-20,Bagerhat,2021,151.0,,,201.0,1
Garlic,2019-20,Bandarban,2021,70.0,,,134.0,1
Garlic,2019-20,Barguna,2021,45.0,,,43.0,1
Garlic,2019-20,Barishal,2021,320.0,,,450.0,1
Garlic,2019-20,Bhola,2021,1406.0,,,2458.0,1
Garlic,2019-20,Bogura,2021,846.0,,,1463.0,1
Garlic,2019-20,Brahmanbaria,2021,874.0,,,1211.0,1
Garlic,2019-20,Chandpur,2021,1078.0,,,1767.0,1
Garlic,2019-20,Chapainababganj,2021,6051.0,,,10859.0,1
Garlic,2019-20,Chattogram,2021,118.0,,,119.0,1
Garlic,2019-20,Chuadanga,2021,780.0,,,2242.0,1
Garlic,2019-20,Cox's Bazar,2021,25.8,,,30.3,1
Garlic,2019-20,Cumilla,2021,684.0,,,1294.0,1
Garlic,2019-20,Dhaka,2021,1853.0,,,6519.0,1
Garlic,2019-20,Dinajpur,2021,10984.0,,,33750.0,1
Garlic,2019-20,Faridpur,2021,5767.0,,,8259.0,1
Garlic,2019-20,Feni,2021,27.0,,,63.0,1
Garlic,2019-20,Gaibandha,2021,745.0,,,1017.0,1
Garlic,2019-20,Gazipur,2021,369.0,,,293.0,1
Garlic,2019-20,Gopalganj,2021,324.3,,,809.58,1
Garlic,2019-20,Habiganj,2021,110.0,,,205.9,1
Garlic,2019-20,Jamalpur,2021,1319.0,,,2579.0,1
Garlic,2019-20,Jashore,2021,1249.0,,,3608.0,1
Garlic,2019-20,Jhalokati,2021,28.0,,,25.0,1
Garlic,2019-20,Jhenaidah,2021,3806.0,,,10816.0,1
Garlic,2019-20,Joypurhat,2021,308.0,,,744.0,1
Garlic,2019-20,Khagrachhari,2021,44.0,,,44.0,1
Garlic,2019-20,Khulna,2021,131.0,,,229.0,1
Garlic,2019-20,Kishoreganj,2021,951.0,,,2197.0,1
Garlic,2019-20,Kurigram,2021,586.0,,,821.0,1
Garlic,2019-20,Kushtia,2021,5963.0,,,16448.0,1
Garlic,2019-20,Lakshmipur,2021,210.0,,,180.0,1
Garlic,2019-20,Lalmonirhat,2021,629.0,,,1180.0,1
Garlic,2019-20,Madaripur,2021,7503.0,,,27199.0,1
Garlic,2019-20,Magura,2021,2437.0,,,7631.0,1
Garlic,2019-20,Manikganj,2021,1505.0,,,2186.0,1
Garlic,2019-20,Meherpur,2021,1299.0,,,3629.0,1
Garlic,2019-20,Moulvibazar,2021,69.0,,,111.0,1
Garlic,2019-20,Munshiganj,2021,272.15,,,331.24,1
Garlic,2019-20,Mymensingh,2021,1016.0,,,2151.0,1
Garlic,2019-20,Naogaon,2021,2873.0,,,7319.0,1
Garlic,2019-20,Narail,2021,363.0,,,907.0,1
Garlic,2019-20,Narayanganj,2021,168.57,,,169.54,1
Garlic,2019-20,Narsingdi,2021,211.0,,,226.0,1
Garlic,2019-20,Natore,2021,53704.0,,,155990.0,1
Garlic,2019-20,Netrakona,2021,755.0,,,1526.0,1
Garlic,2019-20,Nilphamari,2021,1317.0,,,3742.0,1
Garlic,2019-20,Noakhali,2021,204.0,,,293.0,1
Garlic,2019-20,Pabna,2021,23692.0,,,65095.0,1
Garlic,2019-20,Panchagarh,2021,1524.0,,,4031.0,1
Garlic,2019-20,Patuakhali,2021,301.0,,,310.0,1
Garlic,2019-20,Pirojpur,2021,59.0,,,68.0,1
Garlic,2019-20,Rajbari,2021,14182.0,,,35631.0,1
Garlic,2019-20,Rajshahi,2021,10896.0,,,34628.0,1
Garlic,2019-20,Rangamati,2021,50.0,,,80.0,1
Garlic,2019-20,Rangpur,2021,2250.0,,,4741.0,1
Garlic,2019-20,Satkhira,2021,623.0,,,1588.0,1
Garlic,2019-20,Shariatpur,2021,2669.0,,,6423.0,1
Garlic,2019-20,Sherpur,2021,448.0,,,806.0,1
Garlic,2019-20,Sirajganj,2021,1319.0,,,2855.0,1
Garlic,2019-20,Sunamganj,2021,168.0,,,381.0,1
Garlic,2019-20,Sylhet,2021,51.0,,,39.0,1
Garlic,2019-20,Tangail,2021,1266.0,,,1782.0,1
Garlic,2019-20,Thakurgaon,2021,731.0,,,1520.0,1
Gram,2017-18,Bagerhat,2021,8.0,,,3.0,1
Gram,2017-18,Bandarban,2021,6.0,,,3.0,1
Gram,2017-18,Barguna,2021,89.0,,,29.0,1
Gram,2017-18,Barishal,2021,988.0,,,385.0,1
Gram,2017-18,Bhola,2021,275.0,,,132.0,1
Gram,2017-18,Bogura,2021,26.0,,,11.0,1
Gram,2017-18,Brahmanbaria,2021,0.0,,,0.0,1
Gram,2017-18,Chandpur,2021,0.0,,,0.0,1
Gram,2017-18,Chapainababganj,2021,1697.0,,,412.0,1
Gram,2017-18,Chattogram,2021,73.0,,,25.0,1
Gram,2017-18,Chuadanga,2021,113.0,,,39.0,1
Gram,2017-18,Cox's Bazar,2021,0.0,,,0.0,1
Gram,2017-18,Cumilla,2021,0.0,,,0.0,1
Gram,2017-18,Dhaka,2021,6.0,,,2.0,1
Gram,2017-18,Dinajpur,2021,13.0,,,4.0,1
Gram,2017-18,Faridpur,2021,343.0,,,119.0,1
Gram,2017-18,Feni,2021,47.0,,,25.0,1
Gram,2017-18,Gaibandha,2021,27.0,,,16.0,1
Gram,2017-18,Gazipur,2021,48.0,,,19.0,1
Gram,2017-18,Gopalganj,2021,105.0,,,38.0,1
Gram,2017-18,Habiganj,2021,0.0,,,0.0,1
Gram,2017-18,Jamalpur,2021,83.0,,,29.0,1
Gram,2017-18,Jashore,2021,258.0,,,115.0,1
Gram,2017-18,Jhalokati,2021,245.0,,,87.0,1
Gram,2017-18,Jhenaidah,2021,78.0,,,37.0,1
Gram,2017-18,Joypurhat,2021,0.0,,,0.0,1
Gram,2017-18,Khagrachhari,2021,0.0,,,0.0,1
Gram,2017-18,Khulna,2021,3.0,,,1.0,1
Gram,2017-18,Kishoreganj,2021,8.0,,,2.0,1
Gram,2017-18,Kurigram,2021,243.0,,,95.0,1
Gram,2017-18,Kushtia,2021,150.0,,,73.0,1
Gram,2017-18,Lakshmipur,2021,22.0,,,4.0,1
Gram,2017-18,Lalmonirhat,2021,9.0,,,6.0,1
Gram,2017-18,Madaripur,2021,1289.0,,,453.0,1
Gram,2017-18,Magura,2021,383.0,,,116.0,1
Gram,2017-18,Manikganj,2021,4.0,,,1.0,1
Gram,2017-18,Meherpur,2021,21.0,,,7.0,1
Gram,2017-18,Moulvibazar,2021,3.0,,,4.0,1
Gram,2017-18,Munshiganj,2021,0.0,,,0.0,1
Gram,2017-18,Mymensingh,2021,51.0,,,24.0,1
Gram,2017-18,Naogaon,2021,225.0,,,86.0,1
Gram,2017-18,Narail,2021,360.0,,,150.0,1
Gram,2017-18,Narayanganj,2021,19.0,,,9.0,1
Gram,2017-18,Narsingdi,2021,5.0,,,1.0,1
Gram,2017-18,Natore,2021,49.0,,,21.0,1
Gram,2017-18,Netrakona,2021,0.0,,,0.0,1
Gram,2017-18,Nilphamari,2021,0.0,,,0.0,1
Gram,2017-18,Noakhali,2021,283.0,,,109.0,1
Gram,2017-18,Pabna,2021,158.0,,,100.0,1
Gram,2017-18,Panchagarh,2021,38.0,,,11.0,1
Gram,2017-18,Patuakhali,2021,945.0,,,367.0,1
Gram,2017-18,Pirojpur,2021,0.0,,,0.0,1
Gram,2017-18,Rajbari,2021,58.0,,,28.0,1
Gram,2017-18,Rajshahi,2021,3033.0,,,1502.0,1
Gram,2017-18,Rangamati,2021,0.0,,,0.0,1
Gram,2017-18,Rangpur,2021,23.0,,,12.0,1
Gram,2017-18,Satkhira,2021,2.0,,,1.0,1
Gram,2017-18,Shariatpur,2021,322.0,,,171.0,1
Gram,2017-18,Sherpur,2021,38.0,,,18.0,1
Gram,2017-18,Sirajganj,2021,72.0,,,29.0,1
Gram,2017-18,Sunamganj,2021,0.0,,,0.0,1
Gram,2017-18,Sylhet,2021,0.0,,,0.0,1
Gram,2017-18,Tangail,2021,3.0,,,1.0,1
Gram,2017-18,Thakurgaon,2021,74.0,,,32.0,1
Gram,2018-19,Bagerhat,2021,10.0,,,4.0,1
Gram,2018-19,Bandarban,2021,7.0,,,3.0,1
Gram,2018-19,Barguna,2021,41.0,,,14.0,1
Gram,2018-19,Barishal,2021,989.0,,,803.0,1
Gram,2018-19,Bhola,2021,275.0,,,168.0,1
Gram,2018-19,Bogura,2021,24.0,,,10.0,1
Gram,2018-19,Brahmanbaria,2021,0.0,,,0.0,1
Gram,2018-19,Chandpur,2021,0.0,,,0.0,1
Gram,2018-19,Chapainababganj,2021,1638.0,,,474.0,1
Gram,2018-19,Chattogram,2021,68.0,,,24.0,1
Gram,2018-19,Chuadanga,2021,125.0,,,44.0,1
Gram,2018-19,Cox's Bazar,2021,0.0,,,0.0,1
Gram,2018-19,Cumilla,2021,0.0,,,0.0,1
Gram,2018-19,Dhaka,2021,7.0,,,3.0,1
Gram,2018-19,Dinajpur,2021,4.0,,,2.0,1
Gram,2018-19,Faridpur,2021,223.0,,,90.0,1
Gram,2018-19,Feni,2021,40.0,,,18.0,1
Gram,2018-19,Gaibandha,2021,26.0,,,15.0,1
Gram,2018-19,Gazipur,2021,47.0,,,20.0,1
Gram,2018-19,Gopalganj,2021,93.0,,,44.0,1
Gram,2018-19,Habiganj,2021,3.0,,,1.0,1
Gram,2018-19,Jamalpur,2021,91.0,,,36.0,1
Gram,2018-19,Jashore,2021,246.0,,,104.0,1
Gram,2018-19,Jhalokati,2021,244.0,,,86.0,1
Gram,2018-19,Jhenaidah,2021,90.0,,,42.0,1
Gram,2018-19,Joypurhat,2021,0.0,,,0.0,1
Gram,2018-19,Khagrachhari,2021,0.0,,,0.0,1
Gram,2018-19,Khulna,2021,5.0,,,2.0,1
Gram,2018-19,Kishoreganj,2021,6.0,,,2.0,1
Gram,2018-19,Kurigram,2021,243.0,,,107.0,1
Gram,2018-19,Kushtia,2021,351.0,,,156.0,1
Gram,2018-19,Lakshmipur,2021,17.0,,,3.0,1
Gram,2018-19,Lalmonirhat,2021,10.0,,,7.0,1
Gram,2018-19,Madaripur,2021,1285.0,,,462.0,1
Gram,2018-19,Magura,2021,384.0,,,116.0,1
Gram,2018-19,Manikganj,2021,5.0,,,2.0,1
Gram,2018-19,Meherpur,2021,23.0,,,8.0,1
Gram,2018-19,Moulvibazar,2021,2.0,,,3.0,1
Gram,2018-19,Munshiganj,2021,0.0,,,0.0,1
Gram,2018-19,Mymensingh,2021,55.0,,,27.0,1
Gram,2018-19,Naogaon,2021,222.0,,,85.0,1
Gram,2018-19,Narail,2021,39.0,,,16.0,1
Gram,2018-19,Narayanganj,2021,19.0,,,7.0,1
Gram,2018-19,Narsingdi,2021,4.0,,,1.0,1
Gram,2018-19,Natore,2021,62.0,,,25.0,1
Gram,2018-19,Netrakona,2021,0.0,,,0.0,1
Gram,2018-19,Nilphamari,2021,0.0,,,0.0,1
Gram,2018-19,Noakhali,2021,87.0,,,31.0,1
Gram,2018-19,Pabna,2021,159.0,,,99.0,1
Gram,2018-19,Panchagarh,2021,38.0,,,12.0,1
Gram,2018-19,Patuakhali,2021,946.0,,,370.0,1
Gram,2018-19,Pirojpur,2021,0.0,,,0.0,1
Gram,2018-19,Rajbari,2021,59.0,,,29.0,1
Gram,2018-19,Rajshahi,2021,3053.0,,,1514.0,1
Gram,2018-19,Rangamati,2021,0.0,,,0.0,1
Gram,2018-19,Rangpur,2021,24.0,,,11.0,1
Gram,2018-19,Satkhira,2021,3.0,,,1.0,1
Gram,2018-19,Shariatpur,2021,289.0,,,158.0,1
Gram,2018-19,Sherpur,2021,39.0,,,18.0,1
Gram,2018-19,Sirajganj,2021,88.0,,,36.0,1
Gram,2018-19,Sunamganj,2021,0.0,,,0.0,1
Gram,2018-19,Sylhet,2021,0.0,,,0.0,1
Gram,2018-19,Tangail,2021,4.0,,,2.0,1
Gram,2018-19,Thakurgaon,2021,79.0,,,32.0,1
Gram,2019-20,Bagerhat,2021,8.0,,,3.0,1
Gram,2019-20,Bandarban,2021,8.0,,,4.0,1
Gram,2019-20,Barguna,2021,42.0,,,15.0,1
Gram,2019-20,Barishal,2021,905.0,,,390.0,1
Gram,2019-20,Bhola,2021,83.0,,,52.0,1
Gram,2019-20,Bogura,2021,10.0,,,4.0,1
Gram,2019-20,Brahmanbaria,2021,0.0,,,0.0,1
Gram,2019-20,Chandpur,2021,0.0,,,0.0,1
Gram,2019-20,Chapainababganj,2021,1786.0,,,688.0,1
Gram,2019-20,Chattogram,2021,26.0,,,8.0,1
Gram,2019-20,Chuadanga,2021,134.0,,,47.0,1
Gram,2019-20,Cox's Bazar,2021,0.0,,,0.0,1
Gram,2019-20,Cumilla,2021,0.0,,,0.0,1
Gram,2019-20,Dhaka,2021,6.0,,,2.0,1
Gram,2019-20,Dinajpur,2021,9.0,,,3.0,1
Gram,2019-20,Faridpur,2021,218.0,,,87.0,1
Gram,2019-20,Feni,2021,37.0,,,17.0,1
Gram,2019-20,Gaibandha,2021,30.0,,,17.0,1
Gram,2019-20,Gazipur,2021,48.0,,,21.0,1
Gram,2019-20,Gopalganj,2021,0.0,,,0.0,1
Gram,2019-20,Habiganj,2021,0.0,,,0.0,1
Gram,2019-20,Jamalpur,2021,88.0,,,35.0,1
Gram,2019-20,Jashore,2021,248.0,,,106.0,1
Gram,2019-20,Jhalokati,2021,228.0,,,86.0,1
Gram,2019-20,Jhenaidah,2021,89.0,,,44.0,1
Gram,2019-20,Joypurhat,2021,18.0,,,8.0,1
Gram,2019-20,Khagrachhari,2021,0.0,,,0.0,1
Gram,2019-20,Khulna,2021,4.0,,,1.0,1
Gram,2019-20,Kishoreganj,2021,8.0,,,3.0,1
Gram,2019-20,Kurigram,2021,242.0,,,103.0,1
Gram,2019-20,Kushtia,2021,160.0,,,77.0,1
Gram,2019-20,Lakshmipur,2021,14.0,,,4.0,1
Gram,2019-20,Lalmonirhat,2021,11.0,,,9.0,1
Gram,2019-20,Madaripur,2021,1118.0,,,349.0,1
Gram,2019-20,Magura,2021,267.0,,,103.0,1
Gram,2019-20,Manikganj,2021,4.0,,,2.0,1
Gram,2019-20,Meherpur,2021,15.0,,,6.0,1
Gram,2019-20,Moulvibazar,2021,1.75,,,1.09,1
Gram,2019-20,Munshiganj,2021,0.0,,,0.0,1
Gram,2019-20,Mymensingh,2021,57.0,,,29.0,1
Gram,2019-20,Naogaon,2021,208.0,,,77.0,1
Gram,2019-20,Narail,2021,38.0,,,17.0,1
Gram,2019-20,Narayanganj,2021,0.0,,,0.0,1
Gram,2019-20,Narsingdi,2021,5.0,,,2.0,1
Gram,2019-20,Natore,2021,71.0,,,28.0,1
Gram,2019-20,Netrakona,2021,0.0,,,0.0,1
Gram,2019-20,Nilphamari,2021,0.0,,,0.0,1
Gram,2019-20,Noakhali,2021,74.0,,,26.0,1
Gram,2019-20,Pabna,2021,155.0,,,100.0,1
Gram,2019-20,Panchagarh,2021,44.0,,,16.0,1
Gram,2019-20,Patuakhali,2021,1234.0,,,525.0,1
Gram,2019-20,Pirojpur,2021,0.0,,,0.0,1
Gram,2019-20,Rajbari,2021,57.0,,,28.0,1
Gram,2019-20,Rajshahi,2021,3088.0,,,1532.0,1
Gram,2019-20,Rangamati,2021,0.0,,,0.0,1
Gram,2019-20,Rangpur,2021,25.0,,,10.0,1
Gram,2019-20,Satkhira,2021,2.0,,,1.0,1
Gram,2019-20,Shariatpur,2021,291.0,,,159.0,1
Gram,2019-20,Sherpur,2021,60.0,,,41.0,1
Gram,2019-20,Sirajganj,2021,45.0,,,20.0,1
Gram,2019-20,Sunamganj,2021,0.0,,,0.0,1
Gram,2019-20,Sylhet,2021,0.0,,,0.0,1
Gram,2019-20,Tangail,2021,3.0,,,1.0,1
Gram,2019-20,Thakurgaon,2021,80.0,,,35.0,1
Groundnut,2017-18,Bagerhat,2021,48.0,,,31.0,1
Groundnut,2017-18,Bandarban,2021,186.0,,,123.0,1
Groundnut,2017-18,Barguna,2021,172.0,,,165.0,1
Groundnut,2017-18,Barishal,2021,38.0,,,32.0,1
Groundnut,2017-18,Bhola,2021,4579.0,,,3447.0,1
Groundnut,2017-18,Bogura,2021,1550.0,,,810.0,1
Groundnut,2017-18,Brahmanbaria,2021,367.0,,,337.0,1
Groundnut,2017-18,Chandpur,2021,264.0,,,154.0,1
Groundnut,2017-18,Chapainababganj,2021,0.0,,,0.0,1
Groundnut,2017-18,Chattogram,2021,2130.0,,,1900.0,1
Groundnut,2017-18,Chuadanga,2021,148.0,,,99.0,1
Groundnut,2017-18,Cox's Bazar,2021,1062.0,,,1239.0,1
Groundnut,2017-18,Cumilla,2021,225.0,,,101.0,1
Groundnut,2017-18,Dhaka,2021,494.0,,,309.0,1
Groundnut,2017-18,Dinajpur,2021,61.0,,,35.0,1
Groundnut,2017-18,Faridpur,2021,13193.0,,,11710.0,1
Groundnut,2017-18,Feni,2021,596.0,,,411.0,1
Groundnut,2017-18,Gaibandha,2021,1751.0,,,1613.0,1
Groundnut,2017-18,Gazipur,2021,245.0,,,107.0,1
Groundnut,2017-18,Gopalganj,2021,66.0,,,54.0,1
Groundnut,2017-18,Habiganj,2021,150.0,,,90.0,1
Groundnut,2017-18,Jamalpur,2021,1335.0,,,1321.0,1
Groundnut,2017-18,Jashore,2021,16.0,,,8.0,1
Groundnut,2017-18,Jhalokati,2021,40.0,,,20.0,1
Groundnut,2017-18,Jhenaidah,2021,757.0,,,856.0,1
Groundnut,2017-18,Joypurhat,2021,0.0,,,0.0,1
Groundnut,2017-18,Khagrachhari,2021,115.0,,,128.0,1
Groundnut,2017-18,Khulna,2021,0.0,,,0.0,1
Groundnut,2017-18,Kishoreganj,2021,1969.0,,,1736.0,1
Groundnut,2017-18,Kurigram,2021,2743.0,,,1698.0,1
Groundnut,2017-18,Kushtia,2021,618.0,,,376.0,1
Groundnut,2017-18,Lakshmipur,2021,6296.0,,,3086.0,1
Groundnut,2017-18,Lalmonirhat,2021,2109.0,,,1604.0,1
Groundnut,2017-18,Madaripur,2021,493.0,,,215.0,1
Groundnut,2017-18,Magura,2021,85.0,,,154.0,1
Groundnut,2017-18,Manikganj,2021,1920.0,,,1075.0,1
Groundnut,2017-18,Meherpur,2021,0.0,,,0.0,1
Groundnut,2017-18,Moulvibazar,2021,49.0,,,24.0,1
Groundnut,2017-18,Munshiganj,2021,163.0,,,114.0,1
Groundnut,2017-18,Mymensingh,2021,611.0,,,299.0,1
Groundnut,2017-18,Naogaon,2021,288.0,,,192.0,1
Groundnut,2017-18,Narail,2021,1152.0,,,1108.0,1
Groundnut,2017-18,Narayanganj,2021,533.0,,,282.0,1
Groundnut,2017-18,Narsingdi,2021,752.0,,,488.0,1
Groundnut,2017-18,Natore,2021,1226.0,,,653.0,1
Groundnut,2017-18,Netrakona,2021,185.0,,,181.0,1
Groundnut,2017-18,Nilphamari,2021,230.0,,,135.0,1
Groundnut,2017-18,Noakhali,2021,9450.0,,,4590.0,1
Groundnut,2017-18,Pabna,2021,1467.0,,,1229.0,1
Groundnut,2017-18,Panchagarh,2021,22421.0,,,15694.0,1
Groundnut,2017-18,Patuakhali,2021,648.0,,,345.0,1
Groundnut,2017-18,Pirojpur,2021,13.0,,,9.0,1
Groundnut,2017-18,Rajbari,2021,889.0,,,847.0,1
Groundnut,2017-18,Rajshahi,2021,256.0,,,229.0,1
Groundnut,2017-18,Rangamati,2021,52.0,,,30.0,1
Groundnut,2017-18,Rangpur,2021,218.0,,,130.0,1
Groundnut,2017-18,Satkhira,2021,0.0,,,0.0,1
Groundnut,2017-18,Shariatpur,2021,668.0,,,666.0,1
Groundnut,2017-18,Sherpur,2021,0.0,,,0.0,1
Groundnut,2017-18,Sirajganj,2021,1141.0,,,836.0,1
Groundnut,2017-18,Sunamganj,2021,2501.0,,,1867.0,1
Groundnut,2017-18,Sylhet,2021,43.0,,,35.0,1
Groundnut,2017-18,Tangail,2021,3172.0,,,1773.0,1
Groundnut,2017-18,Thakurgaon,2021,59.0,,,28.0,1
Groundnut,2018-19,Bagerhat,2021,38.0,,,25.0,1
Groundnut,2018-19,Bandarban,2021,194.0,,,130.0,1
Groundnut,2018-19,Barguna,2021,175.0,,,170.0,1
Groundnut,2018-19,Barishal,2021,40.0,,,35.0,1
Groundnut,2018-19,Bhola,2021,4707.0,,,3631.0,1
Groundnut,2018-19,Bogura,2021,1503.0,,,807.0,1
Groundnut,2018-19,Brahmanbaria,2021,400.0,,,301.0,1
Groundnut,2018-19,Chandpur,2021,265.0,,,152.0,1
Groundnut,2018-19,Chapainababganj,2021,0.0,,,0.0,1
Groundnut,2018-19,Chattogram,2021,2015.0,,,1800.0,1
Groundnut,2018-19,Chuadanga,2021,60.0,,,39.0,1
Groundnut,2018-19,Cox's Bazar,2021,1069.0,,,1308.0,1
Groundnut,2018-19,Cumilla,2021,321.0,,,120.0,1
Groundnut,2018-19,Dhaka,2021,500.0,,,325.0,1
Groundnut,2018-19,Dinajpur,2021,71.0,,,48.0,1
Groundnut,2018-19,Faridpur,2021,5509.0,,,6182.0,1
Groundnut,2018-19,Feni,2021,585.0,,,403.0,1
Groundnut,2018-19,Gaibandha,2021,1608.0,,,1579.0,1
Groundnut,2018-19,Gazipur,2021,219.0,,,71.0,1
Groundnut,2018-19,Gopalganj,2021,2133.0,,,1885.0,1
Groundnut,2018-19,Habiganj,2021,145.0,,,91.0,1
Groundnut,2018-19,Jamalpur,2021,1306.0,,,1220.0,1
Groundnut,2018-19,Jashore,2021,17.0,,,8.0,1
Groundnut,2018-19,Jhalokati,2021,20.0,,,9.0,1
Groundnut,2018-19,Jhenaidah,2021,737.0,,,882.0,1
Groundnut,2018-19,Joypurhat,2021,0.0,,,0.0,1
Groundnut,2018-19,Khagrachhari,2021,128.0,,,131.0,1
Groundnut,2018-19,Khulna,2021,0.0,,,0.0,1
Groundnut,2018-19,Kishoreganj,2021,2179.0,,,1813.0,1
Groundnut,2018-19,Kurigram,2021,2815.0,,,1787.0,1
Groundnut,2018-19,Kushtia,2021,601.0,,,364.0,1
Groundnut,2018-19,Lakshmipur,2021,6166.0,,,3014.0,1
Groundnut,2018-19,Lalmonirhat,2021,976.0,,,733.0,1
Groundnut,2018-19,Madaripur,2021,366.0,,,200.0,1
Groundnut,2018-19,Magura,2021,55.0,,,114.0,1
Groundnut,2018-19,Manikganj,2021,1901.0,,,1074.0,1
Groundnut,2018-19,Meherpur,2021,6.0,,,2.0,1
Groundnut,2018-19,Moulvibazar,2021,48.0,,,21.0,1
Groundnut,2018-19,Munshiganj,2021,167.0,,,119.0,1
Groundnut,2018-19,Mymensingh,2021,682.0,,,366.0,1
Groundnut,2018-19,Naogaon,2021,285.0,,,195.0,1
Groundnut,2018-19,Narail,2021,1059.0,,,1007.0,1
Groundnut,2018-19,Narayanganj,2021,525.0,,,273.0,1
Groundnut,2018-19,Narsingdi,2021,640.0,,,332.0,1
Groundnut,2018-19,Natore,2021,1224.0,,,651.0,1
Groundnut,2018-19,Netrakona,2021,187.0,,,186.0,1
Groundnut,2018-19,Nilphamari,2021,370.0,,,214.0,1
Groundnut,2018-19,Noakhali,2021,7814.0,,,4171.0,1
Groundnut,2018-19,Pabna,2021,1461.0,,,1206.0,1
Groundnut,2018-19,Panchagarh,2021,22174.0,,,15486.0,1
Groundnut,2018-19,Patuakhali,2021,650.0,,,370.0,1
Groundnut,2018-19,Pirojpur,2021,12.0,,,9.0,1
Groundnut,2018-19,Rajbari,2021,875.0,,,810.0,1
Groundnut,2018-19,Rajshahi,2021,278.0,,,239.0,1
Groundnut,2018-19,Rangamati,2021,91.0,,,58.0,1
Groundnut,2018-19,Rangpur,2021,231.0,,,182.0,1
Groundnut,2018-19,Satkhira,2021,0.0,,,0.0,1
Groundnut,2018-19,Shariatpur,2021,538.0,,,508.0,1
Groundnut,2018-19,Sherpur,2021,119.0,,,112.0,1
Groundnut,2018-19,Sirajganj,2021,3177.0,,,2205.0,1
Groundnut,2018-19,Sunamganj,2021,2502.0,,,1876.0,1
Groundnut,2018-19,Sylhet,2021,42.0,,,32.0,1
Groundnut,2018-19,Tangail,2021,3005.0,,,1672.0,1
Groundnut,2018-19,Thakurgaon,2021,145.0,,,79.0,1
Groundnut,2019-20,Bagerhat,2021,45.0,,,30.0,1
Groundnut,2019-20,Bandarban,2021,200.0,,,139.0,1
Groundnut,2019-20,Barguna,2021,186.0,,,168.0,1
Groundnut,2019-20,Barishal,2021,70.0,,,55.0,1
Groundnut,2019-20,Bhola,2021,4728.0,,,3614.0,1
Groundnut,2019-20,Bogura,2021,513.0,,,275.0,1
Groundnut,2019-20,Brahmanbaria,2021,347.0,,,211.0,1
Groundnut,2019-20,Chandpur,2021,267.0,,,152.0,1
Groundnut,2019-20,Chapainababganj,2021,0.0,,,0.0,1
Groundnut,2019-20,Chattogram,2021,1902.0,,,1728.0,1
Groundnut,2019-20,Chuadanga,2021,147.0,,,90.0,1
Groundnut,2019-20,Cox's Bazar,2021,989.0,,,1266.0,1
Groundnut,2019-20,Cumilla,2021,322.0,,,309.0,1
Groundnut,2019-20,Dhaka,2021,278.0,,,175.0,1
Groundnut,2019-20,Dinajpur,2021,114.0,,,83.0,1
Groundnut,2019-20,Faridpur,2021,5635.0,,,6219.0,1
Groundnut,2019-20,Feni,2021,1932.0,,,1386.0,1
Groundnut,2019-20,Gaibandha,2021,1728.0,,,1586.0,1
Groundnut,2019-20,Gazipur,2021,188.0,,,78.0,1
Groundnut,2019-20,Gopalganj,2021,1769.0,,,1572.0,1
Groundnut,2019-20,Habiganj,2021,82.0,,,47.0,1
Groundnut,2019-20,Jamalpur,2021,315.0,,,211.0,1
Groundnut,2019-20,Jashore,2021,15.0,,,7.0,1
Groundnut,2019-20,Jhalokati,2021,22.0,,,10.0,1
Groundnut,2019-20,Jhenaidah,2021,737.0,,,866.0,1
Groundnut,2019-20,Joypurhat,2021,0.0,,,0.0,1
Groundnut,2019-20,Khagrachhari,2021,128.0,,,134.0,1
Groundnut,2019-20,Khulna,2021,0.0,,,0.0,1
Groundnut,2019-20,Kishoreganj,2021,2100.0,,,2134.0,1
Groundnut,2019-20,Kurigram,2021,2739.0,,,1679.0,1
Groundnut,2019-20,Kushtia,2021,633.0,,,416.0,1
Groundnut,2019-20,Lakshmipur,2021,209.0,,,245.0,1
Groundnut,2019-20,Lalmonirhat,2021,1752.0,,,1471.0,1
Groundnut,2019-20,Madaripur,2021,317.0,,,250.0,1
Groundnut,2019-20,Magura,2021,63.0,,,134.0,1
Groundnut,2019-20,Manikganj,2021,1890.0,,,1108.0,1
Groundnut,2019-20,Meherpur,2021,27.0,,,17.0,1
Groundnut,2019-20,Moulvibazar,2021,50.0,,,24.0,1
Groundnut,2019-20,Munshiganj,2021,170.0,,,123.0,1
Groundnut,2019-20,Mymensingh,2021,680.0,,,364.0,1
Groundnut,2019-20,Naogaon,2021,301.0,,,206.0,1
Groundnut,2019-20,Narail,2021,1149.0,,,1101.0,1
Groundnut,2019-20,Narayanganj,2021,535.0,,,282.0,1
Groundnut,2019-20,Narsingdi,2021,603.0,,,322.0,1
Groundnut,2019-20,Natore,2021,135.0,,,92.0,1
Groundnut,2019-20,Netrakona,2021,150.0,,,97.0,1
Groundnut,2019-20,Nilphamari,2021,384.0,,,217.0,1
Groundnut,2019-20,Noakhali,2021,7676.0,,,4062.0,1
Groundnut,2019-20,Pabna,2021,1460.0,,,1210.0,1
Groundnut,2019-20,Panchagarh,2021,22625.0,,,15953.0,1
Groundnut,2019-20,Patuakhali,2021,1109.0,,,750.0,1
Groundnut,2019-20,Pirojpur,2021,13.0,,,9.0,1
Groundnut,2019-20,Rajbari,2021,876.0,,,887.0,1
Groundnut,2019-20,Rajshahi,2021,524.0,,,447.0,1
Groundnut,2019-20,Rangamati,2021,90.0,,,59.0,1
Groundnut,2019-20,Rangpur,2021,204.0,,,156.0,1
Groundnut,2019-20,Satkhira,2021,0.0,,,0.0,1
Groundnut,2019-20,Shariatpur,2021,672.0,,,678.0,1
Groundnut,2019-20,Sherpur,2021,110.0,,,105.0,1
Groundnut,2019-20,Sirajganj,2021,3244.0,,,2231.0,1
Groundnut,2019-20,Sunamganj,2021,2399.0,,,1852.0,1
Groundnut,2019-20,Sylhet,2021,43.0,,,43.0,1
Groundnut,2019-20,Tangail,2021,3009.0,,,1701.0,1
Groundnut,2019-20,Thakurgaon,2021,143.0,,,78.0,1
Jute,2018-19,Bagerhat,2021,2723.0,1102.0,1.986,2188.7,1
Jute,2018-19,Bandarban,2021,0.0,0.0,0.0,0.0,1
Jute,2018-19,Barguna,2021,0.0,0.0,0.0,0.0,1
Jute,2018-19,Barishal,2021,26735.0,10819.0,1.412,15280.0,1
Jute,2018-19,Bhola,2021,0.0,0.0,0.0,0.0,1
Jute,2018-19,Bogura,2021,17508.0,7085.0,2.255,15978.5,1
Jute,2018-19,Brahmanbaria,2021,6883.0,2785.0,2.175,6057.0,1
Jute,2018-19,Chandpur,2021,9700.0,3925.0,1.619,6353.5,1
Jute,2018-19,Chapainababganj,2021,2714.0,1098.0,2.224,2442.4,1
Jute,2018-19,Chattogram,2021,0.0,0.0,0.0,0.0,1
Jute,2018-19,Chuadanga,2021,56909.0,23030.0,2.354,54209.2,1
Jute,2018-19,Cox's Bazar,2021,0.0,0.0,0.0,0.0,1
Jute,2018-19,Cumilla,2021,1075.0,435.0,1.74,756.8,1
Jute,2018-19,Dhaka,2021,12062.0,4881.0,1.847,9016.7,1
Jute,2018-19,Dinajpur,2021,22690.0,9182.0,1.901,17455.6,1
Jute,2018-19,Faridpur,2021,199011.0,80535.0,1.874,150933.8,1
Jute,2018-19,Feni,2021,0.0,0.0,0.0,0.0,1
Jute,2018-19,Gaibandha,2021,32048.0,12969.0,2.233,28957.6,1
Jute,2018-19,Gazipur,2021,3923.0,1588.0,1.883,2989.6,1
Jute,2018-19,Gopalganj,2021,61079.0,24717.0,1.865,46101.9,1
Jute,2018-19,Habiganj,2021,883.0,357.0,1.842,658.1,1
Jute,2018-19,Jamalpur,2021,91785.0,37143.0,2.157,80103.2,1
Jute,2018-19,Jashore,2021,70066.0,28354.0,2.255,63945.3,1
Jute,2018-19,Jhalokati,2021,0.0,0.0,0.0,0.0,1
Jute,2018-19,Jhenaidah,2021,57343.0,23205.0,2.408,55871.2,1
Jute,2018-19,Joypurhat,2021,6964.0,2818.0,2.291,6457.1,1
Jute,2018-19,Khagrachhari,2021,0.0,0.0,0.0,0.0,1
Jute,2018-19,Khulna,2021,4820.0,1951.0,2.094,4084.0,1
Jute,2018-19,Kishoreganj,2021,38412.0,15544.0,1.802,28017.2,1
Jute,2018-19,Kurigram,2021,41839.0,16931.0,2.367,40081.9,1
Jute,2018-19,Kushtia,2021,105770.0,42803.0,2.39,102287.5,1
Jute,2018-19,Lakshmipur,2021,89.0,36.0,1.036,37.4,1
Jute,2018-19,Lalmonirhat,2021,10086.0,4082.0,2.43,9918.6,1
Jute,2018-19,Madaripur,2021,78133.0,31619.0,1.843,58265.3,1
Jute,2018-19,Magura,2021,97875.0,39608.0,1.771,70145.8,1
Jute,2018-19,Manikganj,2021,11137.0,4507.0,1.959,8830.5,1
Jute,2018-19,Meherpur,2021,63721.0,25786.0,2.3,59310.7,1
Jute,2018-19,Moulvibazar,2021,0.0,0.0,0.0,0.0,1
Jute,2018-19,Munshiganj,2021,7571.0,3064.0,1.645,5041.5,1
Jute,2018-19,Mymensingh,2021,15241.0,6168.0,1.677,10342.3,1
Jute,2018-19,Naogaon,2021,15072.0,6099.0,2.363,14411.6,1
Jute,2018-19,Narail,2021,53660.0,21715.0,2.358,51211.8,1
Jute,2018-19,Narayanganj,2021,1108.0,448.0,1.717,770.0,1
Jute,2018-19,Narsingdi,2021,6289.0,2545.0,2.049,5214.8,1
Jute,2018-19,Natore,2021,61767.0,24996.0,2.067,51664.3,1
Jute,2018-19,Netrakona,2021,13763.0,5570.0,2.56,14258.8,1
Jute,2018-19,Nilphamari,2021,25953.0,10503.0,2.197,23073.7,1
Jute,2018-19,Noakhali,2021,0.0,0.0,0.0,0.0,1
Jute,2018-19,Pabna,2021,112690.0,45603.0,2.21,100801.2,1
Jute,2018-19,Panchagarh,2021,27323.0,11057.0,1.879,20771.8,1
Jute,2018-19,Patuakhali,2021,0.0,0.0,0.0,0.0,1
Jute,2018-19,Pirojpur,2021,890.0,360.0,0.865,311.7,1
Jute,2018-19,Rajbari,2021,120134.0,48616.0,1.919,93291.7,1
Jute,2018-19,Rajshahi,2021,33892.0,13715.0,2.26,30992.9,1
Jute,2018-19,Rangamati,2021,0.0,0.0,0.0,0.0,1
Jute,2018-19,Rangpur,2021,29768.0,12046.0,2.417,29112.0,1
Jute,2018-19,Satkhira,2021,23589.0,9546.0,2.354,22469.9,1
Jute,2018-19,Shariatpur,2021,59272.0,23986.0,1.923,46136.0,1
Jute,2018-19,Sherpur,2021,4691.0,1898.0,1.403,2664.1,1
Jute,2018-19,Sirajganj,2021,35527.0,14377.0,2.044,29393.8,1
Jute,2018-19,Sunamganj,2021,2512.0,1017.0,0.919,934.4,1
Jute,2018-19,Sylhet,2021,1303.0,527.0,0.598,315.5,1
Jute,2018-19,Tangail,2021,44670.0,18077.0,1.986,35904.8,1
Jute,2018-19,Thakurgaon,2021,21811.0,8826.0,2.291,20222.2,1
Jute,2019-20,Bagerhat,2021,3404.0,1377.0,2.224,3063.1,1
Jute,2019-20,Bandarban,2021,0.0,0.0,0.0,0.0,1
Jute,2019-20,Barguna,2021,0.0,0.0,0.0,0.0,1
Jute,2019-20,Barishal,2021,33246.0,13454.0,1.143,15381.9,1
Jute,2019-20,Bhola,2021,0.0,0.0,0.0,0.0,1
Jute,2019-20,Bogura,2021,25333.0,10252.0,2.408,24683.1,1
Jute,2019-20,Brahmanbaria,2021,6081.0,2461.0,2.654,6531.7,1
Jute,2019-20,Chandpur,2021,10100.0,4087.0,1.78,7275.0,1
Jute,2019-20,Chapainababganj,2021,2726.0,1103.0,2.219,2448.4,1
Jute,2019-20,Chattogram,2021,0.0,0.0,0.0,0.0,1
Jute,2019-20,Chuadanga,2021,40729.0,16482.0,2.874,47369.1,1
Jute,2019-20,Cox's Bazar,2021,0.0,0.0,0.0,0.0,1
Jute,2019-20,Cumilla,2021,830.0,336.0,1.802,605.1,1
Jute,2019-20,Dhaka,2021,9673.0,3914.0,1.847,7230.6,1
Jute,2019-20,Dinajpur,2021,10804.0,4372.0,2.318,10134.7,1
Jute,2019-20,Faridpur,2021,203175.0,82220.0,1.968,161833.2,1
Jute,2019-20,Feni,2021,0.0,0.0,0.0,0.0,1
Jute,2019-20,Gaibandha,2021,29593.0,11976.0,2.349,28135.4,1
Jute,2019-20,Gazipur,2021,3604.0,1459.0,1.825,2661.7,1
Jute,2019-20,Gopalganj,2021,78265.0,31672.0,1.717,54387.5,1
Jute,2019-20,Habiganj,2021,988.0,400.0,2.48,991.8,1
Jute,2019-20,Jamalpur,2021,51825.0,20972.0,1.95,40903.7,1
Jute,2019-20,Jashore,2021,49599.0,20072.0,2.502,50215.7,1
Jute,2019-20,Jhalokati,2021,0.0,0.0,0.0,0.0,1
Jute,2019-20,Jhenaidah,2021,50321.0,20364.0,2.793,56881.4,1
Jute,2019-20,Joypurhat,2021,4290.0,1736.0,2.47,4288.9,1
Jute,2019-20,Khagrachhari,2021,0.0,0.0,0.0,0.0,1
Jute,2019-20,Khulna,2021,3185.0,1289.0,2.018,2600.6,1
Jute,2019-20,Kishoreganj,2021,37944.0,15355.0,1.892,29052.5,1
Jute,2019-20,Kurigram,2021,43274.0,17512.0,2.412,42241.8,1
Jute,2019-20,Kushtia,2021,91845.0,37168.0,2.574,95653.4,1
Jute,2019-20,Lakshmipur,2021,47.0,19.0,1.489,28.3,1
Jute,2019-20,Lalmonirhat,2021,14194.0,5744.0,2.547,14628.1,1
Jute,2019-20,Madaripur,2021,84729.0,34288.0,1.735,59494.4,1
Jute,2019-20,Magura,2021,81292.0,32897.0,2.094,68880.8,1
Jute,2019-20,Manikganj,2021,7774.0,3146.0,1.574,4951.0,1
Jute,2019-20,Meherpur,2021,48072.0,19454.0,2.775,53990.4,1
Jute,2019-20,Moulvibazar,2021,0.0,0.0,0.0,0.0,1
Jute,2019-20,Munshiganj,2021,4924.0,1993.0,1.237,2466.0,1
Jute,2019-20,Mymensingh,2021,14788.0,5984.0,1.856,11108.1,1
Jute,2019-20,Naogaon,2021,12632.0,5112.0,2.766,14141.3,1
Jute,2019-20,Narail,2021,50604.0,20478.0,2.565,52518.7,1
Jute,2019-20,Narayanganj,2021,7592.0,3072.0,2.13,6543.1,1
Jute,2019-20,Narsingdi,2021,6642.0,2688.0,2.089,5615.9,1
Jute,2019-20,Natore,2021,57912.0,23436.0,2.058,48229.7,1
Jute,2019-20,Netrakona,2021,13004.0,5262.0,1.95,10263.5,1
Jute,2019-20,Nilphamari,2021,21135.0,8553.0,2.524,21589.5,1
Jute,2019-20,Noakhali,2021,0.0,0.0,0.0,0.0,1
Jute,2019-20,Pabna,2021,101974.0,41267.0,2.394,98801.5,1
Jute,2019-20,Panchagarh,2021,21852.0,8843.0,2.103,18595.1,1
Jute,2019-20,Patuakhali,2021,0.0,0.0,0.0,0.0,1
Jute,2019-20,Pirojpur,2021,860.0,348.0,1.282,446.3,1
Jute,2019-20,Rajbari,2021,118368.0,47901.0,1.865,89343.1,1
Jute,2019-20,Rajshahi,2021,34434.0,13935.0,2.475,34487.4,1
Jute,2019-20,Rangamati,2021,0.0,0.0,0.0,0.0,1
Jute,2019-20,Rangpur,2021,21135.0,8553.0,2.515,21512.8,1
Jute,2019-20,Satkhira,2021,24303.0,9835.0,2.322,22841.5,1
Jute,2019-20,Shariatpur,2021,47819.0,19351.0,1.506,29152.3,1
Jute,2019-20,Sherpur,2021,3178.0,1286.0,1.874,2410.2,1
Jute,2019-20,Sirajganj,2021,29534.0,11952.0,2.094,25024.9,1
Jute,2019-20,Sunamganj,2021,1339.0,542.0,1.376,745.7,1
Jute,2019-20,Sylhet,2021,0.0,0.0,0.0,0.0,1
Jute,2019-20,Tangail,2021,34317.0,13887.0,1.766,24532.3,1
Jute,2019-20,Thakurgaon,2021,23809.0,9635.0,2.367,22809.2,1
Lentil,2017-18,Bagerhat,2021,1486.0,,,479.0,1
Lentil,2017-18,Bandarban,2021,27.0,,,10.0,1
Lentil,2017-18,Barguna,2021,151.0,,,76.0,1
Lentil,2017-18,Barishal,2021,4212.0,,,1685.0,1
Lentil,2017-18,Bhola,2021,1649.0,,,968.0,1
Lentil,2017-18,Bogura,2021,1073.0,,,434.0,1
Lentil,2017-18,Brahmanbaria,2021,2990.0,,,578.0,1
Lentil,2017-18,Chandpur,2021,529.0,,,213.0,1
Lentil,2017-18,Chapainababganj,2021,4470.0,,,1053.0,1
Lentil,2017-18,Chattogram,2021,201.0,,,44.0,1
Lentil,2017-18,Chuadanga,2021,4340.0,,,1751.0,1
Lentil,2017-18,Cox's Bazar,2021,0.0,,,0.0,1
Lentil,2017-18,Cumilla,2021,929.0,,,349.0,1
Lentil,2017-18,Dhaka,2021,772.0,,,300.0,1
Lentil,2017-18,Dinajpur,2021,277.0,,,95.0,1
Lentil,2017-18,Faridpur,2021,33145.0,,,14745.0,1
Lentil,2017-18,Feni,2021,2707.0,,,936.0,1
Lentil,2017-18,Gaibandha,2021,1358.0,,,1017.0,1
Lentil,2017-18,Gazipur,2021,136.0,,,35.0,1
Lentil,2017-18,Gopalganj,2021,10320.0,,,3831.0,1
Lentil,2017-18,Habiganj,2021,250.0,,,113.0,1
Lentil,2017-18,Jamalpur,2021,808.0,,,253.0,1
Lentil,2017-18,Jashore,2021,25401.0,,,11999.0,1
Lentil,2017-18,Jhalokati,2021,680.0,,,265.0,1
Lentil,2017-18,Jhenaidah,2021,28601.0,,,16383.0,1
Lentil,2017-18,Joypurhat,2021,326.0,,,154.0,1
Lentil,2017-18,Khagrachhari,2021,76.0,,,15.0,1
Lentil,2017-18,Khulna,2021,161.0,,,51.0,1
Lentil,2017-18,Kishoreganj,2021,292.0,,,217.0,1
Lentil,2017-18,Kurigram,2021,1347.0,,,502.0,1
Lentil,2017-18,Kushtia,2021,21172.0,,,13687.0,1
Lentil,2017-18,Lakshmipur,2021,70.0,,,13.0,1
Lentil,2017-18,Lalmonirhat,2021,117.0,,,48.0,1
Lentil,2017-18,Madaripur,2021,11285.0,,,4916.0,1
Lentil,2017-18,Magura,2021,40304.0,,,14796.0,1
Lentil,2017-18,Manikganj,2021,2263.0,,,822.0,1
Lentil,2017-18,Meherpur,2021,17637.0,,,9391.0,1
Lentil,2017-18,Moulvibazar,2021,77.0,,,35.0,1
Lentil,2017-18,Munshiganj,2021,75.0,,,27.0,1
Lentil,2017-18,Mymensingh,2021,701.0,,,362.0,1
Lentil,2017-18,Naogaon,2021,453.0,,,217.0,1
Lentil,2017-18,Narail,2021,12979.0,,,5872.0,1
Lentil,2017-18,Narayanganj,2021,384.0,,,113.0,1
Lentil,2017-18,Narsingdi,2021,50.0,,,16.0,1
Lentil,2017-18,Natore,2021,37553.0,,,15086.0,1
Lentil,2017-18,Netrakona,2021,154.0,,,51.0,1
Lentil,2017-18,Nilphamari,2021,34.0,,,13.0,1
Lentil,2017-18,Noakhali,2021,247.0,,,51.0,1
Lentil,2017-18,Pabna,2021,27154.0,,,13277.0,1
Lentil,2017-18,Panchagarh,2021,186.0,,,71.0,1
Lentil,2017-18,Patuakhali,2021,692.0,,,321.0,1
Lentil,2017-18,Pirojpur,2021,67.0,,,31.0,1
Lentil,2017-18,Rajbari,2021,18659.0,,,8710.0,1
Lentil,2017-18,Rajshahi,2021,48052.0,,,23544.0,1
Lentil,2017-18,Rangamati,2021,69.0,,,27.0,1
Lentil,2017-18,Rangpur,2021,218.0,,,108.0,1
Lentil,2017-18,Satkhira,2021,839.0,,,230.0,1
Lentil,2017-18,Shariatpur,2021,5787.0,,,2843.0,1
Lentil,2017-18,Sherpur,2021,124.0,,,44.0,1
Lentil,2017-18,Sirajganj,2021,6206.0,,,2524.0,1
Lentil,2017-18,Sunamganj,2021,0.0,,,0.0,1
Lentil,2017-18,Sylhet,2021,0.0,,,0.0,1
Lentil,2017-18,Tangail,2021,2782.0,,,729.0,1
Lentil,2017-18,Thakurgaon,2021,295.0,,,107.0,1
Lentil,2018-19,Bagerhat,2021,1502.0,,,495.0,1
Lentil,2018-19,Bandarban,2021,26.0,,,11.0,1
Lentil,2018-19,Barguna,2021,69.0,,,48.0,1
Lentil,2018-19,Barishal,2021,4283.0,,,1832.0,1
Lentil,2018-19,Bhola,2021,1720.0,,,997.0,1
Lentil,2018-19,Bogura,2021,1110.0,,,449.0,1
Lentil,2018-19,Brahmanbaria,2021,3037.0,,,589.0,1
Lentil,2018-19,Chandpur,2021,524.0,,,208.0,1
Lentil,2018-19,Chapainababganj,2021,4748.0,,,1428.0,1
Lentil,2018-19,Chattogram,2021,204.0,,,79.0,1
Lentil,2018-19,Chuadanga,2021,4470.0,,,1833.0,1
Lentil,2018-19,Cox's Bazar,2021,0.0,,,0.0,1
Lentil,2018-19,Cumilla,2021,731.0,,,292.0,1
Lentil,2018-19,Dhaka,2021,300.0,,,303.0,1
Lentil,2018-19,Dinajpur,2021,246.0,,,85.0,1
Lentil,2018-19,Faridpur,2021,41725.0,,,28745.0,1
Lentil,2018-19,Feni,2021,916.0,,,388.0,1
Lentil,2018-19,Gaibandha,2021,1280.0,,,886.0,1
Lentil,2018-19,Gazipur,2021,206.0,,,79.0,1
Lentil,2018-19,Gopalganj,2021,10281.0,,,3729.0,1
Lentil,2018-19,Habiganj,2021,267.0,,,109.0,1
Lentil,2018-19,Jamalpur,2021,879.0,,,309.0,1
Lentil,2018-19,Jashore,2021,25529.0,,,11905.0,1
Lentil,2018-19,Jhalokati,2021,694.0,,,297.0,1
Lentil,2018-19,Jhenaidah,2021,27963.0,,,15987.0,1
Lentil,2018-19,Joypurhat,2021,340.0,,,158.0,1
Lentil,2018-19,Khagrachhari,2021,79.0,,,15.0,1
Lentil,2018-19,Khulna,2021,226.0,,,77.0,1
Lentil,2018-19,Kishoreganj,2021,262.0,,,90.0,1
Lentil,2018-19,Kurigram,2021,1379.0,,,526.0,1
Lentil,2018-19,Kushtia,2021,21154.0,,,12577.0,1
Lentil,2018-19,Lakshmipur,2021,67.0,,,13.0,1
Lentil,2018-19,Lalmonirhat,2021,120.0,,,50.0,1
Lentil,2018-19,Madaripur,2021,12746.0,,,5684.0,1
Lentil,2018-19,Magura,2021,8395.0,,,4036.0,1
Lentil,2018-19,Manikganj,2021,2261.0,,,828.0,1
Lentil,2018-19,Meherpur,2021,14790.0,,,7699.0,1
Lentil,2018-19,Moulvibazar,2021,77.0,,,37.0,1
Lentil,2018-19,Munshiganj,2021,44.0,,,15.0,1
Lentil,2018-19,Mymensingh,2021,720.0,,,372.0,1
Lentil,2018-19,Naogaon,2021,442.0,,,212.0,1
Lentil,2018-19,Narail,2021,12415.0,,,5584.0,1
Lentil,2018-19,Narayanganj,2021,388.0,,,118.0,1
Lentil,2018-19,Narsingdi,2021,58.0,,,29.0,1
Lentil,2018-19,Natore,2021,37118.0,,,15100.0,1
Lentil,2018-19,Netrakona,2021,147.0,,,53.0,1
Lentil,2018-19,Nilphamari,2021,23.0,,,7.0,1
Lentil,2018-19,Noakhali,2021,148.0,,,27.0,1
Lentil,2018-19,Pabna,2021,26804.0,,,12136.0,1
Lentil,2018-19,Panchagarh,2021,192.0,,,75.0,1
Lentil,2018-19,Patuakhali,2021,712.0,,,325.0,1
Lentil,2018-19,Pirojpur,2021,68.0,,,33.0,1
Lentil,2018-19,Rajbari,2021,17345.0,,,8923.0,1
Lentil,2018-19,Rajshahi,2021,44071.0,,,22627.0,1
Lentil,2018-19,Rangamati,2021,74.0,,,28.0,1
Lentil,2018-19,Rangpur,2021,220.0,,,113.0,1
Lentil,2018-19,Satkhira,2021,884.0,,,287.0,1
Lentil,2018-19,Shariatpur,2021,5523.0,,,2855.0,1
Lentil,2018-19,Sherpur,2021,139.0,,,49.0,1
Lentil,2018-19,Sirajganj,2021,6743.0,,,2665.0,1
Lentil,2018-19,Sunamganj,2021,0.0,,,0.0,1
Lentil,2018-19,Sylhet,2021,9.0,,,9.0,1
Lentil,2018-19,Tangail,2021,2740.0,,,759.0,1
Lentil,2018-19,Thakurgaon,2021,297.0,,,110.0,1
Lentil,2019-20,Bagerhat,2021,1498.0,,,503.0,1
Lentil,2019-20,Bandarban,2021,25.0,,,9.0,1
Lentil,2019-20,Barguna,2021,69.0,,,47.0,1
Lentil,2019-20,Barishal,2021,4500.0,,,2200.0,1
Lentil,2019-20,Bhola,2021,1577.0,,,731.0,1
Lentil,2019-20,Bogura,2021,897.0,,,374.0,1
Lentil,2019-20,Brahmanbaria,2021,3046.0,,,1097.0,1
Lentil,2019-20,Chandpur,2021,518.0,,,205.0,1
Lentil,2019-20,Chapainababganj,2021,5138.0,,,1617.0,1
Lentil,2019-20,Chattogram,2021,265.0,,,80.0,1
Lentil,2019-20,Chuadanga,2021,4457.0,,,1824.0,1
Lentil,2019-20,Cox's Bazar,2021,0.0,,,0.0,1
Lentil,2019-20,Cumilla,2021,712.0,,,260.0,1
Lentil,2019-20,Dhaka,2021,757.0,,,303.0,1
Lentil,2019-20,Dinajpur,2021,215.0,,,76.0,1
Lentil,2019-20,Faridpur,2021,41586.0,,,28478.0,1
Lentil,2019-20,Feni,2021,1375.0,,,674.0,1
Lentil,2019-20,Gaibandha,2021,1315.0,,,976.0,1
Lentil,2019-20,Gazipur,2021,211.0,,,82.0,1
Lentil,2019-20,Gopalganj,2021,9704.0,,,3681.0,1
Lentil,2019-20,Habiganj,2021,252.0,,,118.0,1
Lentil,2019-20,Jamalpur,2021,847.0,,,296.0,1
Lentil,2019-20,Jashore,2021,25327.0,,,12150.0,1
Lentil,2019-20,Jhalokati,2021,663.0,,,304.0,1
Lentil,2019-20,Jhenaidah,2021,29748.0,,,17040.0,1
Lentil,2019-20,Joypurhat,2021,342.0,,,180.0,1
Lentil,2019-20,Khagrachhari,2021,102.0,,,31.0,1
Lentil,2019-20,Khulna,2021,221.0,,,70.0,1
Lentil,2019-20,Kishoreganj,2021,268.0,,,92.0,1
Lentil,2019-20,Kurigram,2021,1370.0,,,522.0,1
Lentil,2019-20,Kushtia,2021,21137.0,,,12417.0,1
Lentil,2019-20,Lakshmipur,2021,60.0,,,21.0,1
Lentil,2019-20,Lalmonirhat,2021,117.0,,,53.0,1
Lentil,2019-20,Madaripur,2021,11427.0,,,5400.0,1
Lentil,2019-20,Magura,2021,8445.0,,,4103.0,1
Lentil,2019-20,Manikganj,2021,2255.0,,,831.0,1
Lentil,2019-20,Meherpur,2021,13827.0,,,7133.0,1
Lentil,2019-20,Moulvibazar,2021,79.0,,,42.0,1
Lentil,2019-20,Munshiganj,2021,39.0,,,14.0,1
Lentil,2019-20,Mymensingh,2021,722.0,,,376.0,1
Lentil,2019-20,Naogaon,2021,444.0,,,225.0,1
Lentil,2019-20,Narail,2021,13838.0,,,6282.0,1
Lentil,2019-20,Narayanganj,2021,255.0,,,75.0,1
Lentil,2019-20,Narsingdi,2021,48.0,,,14.0,1
Lentil,2019-20,Natore,2021,34464.0,,,14825.0,1
Lentil,2019-20,Netrakona,2021,123.0,,,55.0,1
Lentil,2019-20,Nilphamari,2021,24.0,,,8.0,1
Lentil,2019-20,Noakhali,2021,109.0,,,35.0,1
Lentil,2019-20,Pabna,2021,26805.0,,,13136.0,1
Lentil,2019-20,Panchagarh,2021,196.0,,,77.0,1
Lentil,2019-20,Patuakhali,2021,614.0,,,221.0,1
Lentil,2019-20,Pirojpur,2021,71.0,,,35.0,1
Lentil,2019-20,Rajbari,2021,20729.0,,,9988.0,1
Lentil,2019-20,Rajshahi,2021,39310.0,,,20803.0,1
Lentil,2019-20,Rangamati,2021,75.0,,,29.0,1
Lentil,2019-20,Rangpur,2021,217.0,,,114.0,1
Lentil,2019-20,Satkhira,2021,797.0,,,272.0,1
Lentil,2019-20,Shariatpur,2021,5550.0,,,2813.0,1
Lentil,2019-20,Sherpur,2021,128.0,,,50.0,1
Lentil,2019-20,Sirajganj,2021,7160.0,,,3022.0,1
Lentil,2019-20,Sunamganj,2021,0.0,,,0.0,1
Lentil,2019-20,Sylhet,2021,15.0,,,10.0,1
Lentil,2019-20,Tangail,2021,2725.0,,,745.0,1
Lentil,2019-20,Thakurgaon,2021,299.0,,,110.0,1
Maize,2017-18,Bagerhat,2021,354.0,,,654.0,1
Maize,2017-18,Bandarban,2021,749.0,,,582.0,1
Maize,2017-18,Barguna,2021,128.0,,,228.0,1
Maize,2017-18,Barishal,2021,322.0,,,559.0,1
Maize,2017-18,Bhola,2021,390.0,,,633.0,1
Maize,2017-18,Bogura,2021,13798.0,,,37721.0,1
Maize,2017-18,Brahmanbaria,2021,75.0,,,7.0,1
Maize,2017-18,Chandpur,2021,16986.0,,,32345.0,1
Maize,2017-18,Chapainababganj,2021,14153.0,,,38862.0,1
Maize,2017-18,Chattogram,2021,63.0,,,143.0,1
Maize,2017-18,Chuadanga,2021,111093.0,,,437740.0,1
Maize,2017-18,Cox's Bazar,2021,0.0,,,0.0,1
Maize,2017-18,Cumilla,2021,19856.0,,,38783.0,1
Maize,2017-18,Dhaka,2021,11341.0,,,32256.0,1
Maize,2017-18,Dinajpur,2021,152687.0,,,498295.0,1
Maize,2017-18,Faridpur,2021,903.0,,,2378.0,1
Maize,2017-18,Feni,2021,90.0,,,207.0,1
Maize,2017-18,Gaibandha,2021,27744.0,,,88643.0,1
Maize,2017-18,Gazipur,2021,42.0,,,82.0,1
Maize,2017-18,Gopalganj,2021,81.0,,,259.0,1
Maize,2017-18,Habiganj,2021,16.0,,,28.0,1
Maize,2017-18,Jamalpur,2021,20742.0,,,82570.0,1
Maize,2017-18,Jashore,2021,868.0,,,2642.0,1
Maize,2017-18,Jhalokati,2021,140.0,,,247.0,1
Maize,2017-18,Jhenaidah,2021,36928.0,,,135062.0,1
Maize,2017-18,Joypurhat,2021,859.0,,,2158.0,1
Maize,2017-18,Khagrachhari,2021,1295.0,,,2443.0,1
Maize,2017-18,Khulna,2021,54.0,,,99.0,1
Maize,2017-18,Kishoreganj,2021,9307.0,,,2553.0,1
Maize,2017-18,Kurigram,2021,19552.0,,,57366.0,1
Maize,2017-18,Kushtia,2021,16018.0,,,59848.0,1
Maize,2017-18,Lakshmipur,2021,0.0,,,0.0,1
Maize,2017-18,Lalmonirhat,2021,77555.0,,,250864.0,1
Maize,2017-18,Madaripur,2021,153.0,,,523.0,1
Maize,2017-18,Magura,2021,118.0,,,218.0,1
Maize,2017-18,Manikganj,2021,52148.0,,,140675.0,1
Maize,2017-18,Meherpur,2021,21034.0,,,100678.0,1
Maize,2017-18,Moulvibazar,2021,9.0,,,17.0,1
Maize,2017-18,Munshiganj,2021,2250.0,,,4400.0,1
Maize,2017-18,Mymensingh,2021,288.0,,,753.0,1
Maize,2017-18,Naogaon,2021,17942.0,,,65428.0,1
Maize,2017-18,Narail,2021,0.0,,,0.0,1
Maize,2017-18,Narayanganj,2021,67.0,,,214.0,1
Maize,2017-18,Narsingdi,2021,38.0,,,2752.0,1
Maize,2017-18,Natore,2021,14246.0,,,44230.0,1
Maize,2017-18,Netrakona,2021,0.0,,,0.0,1
Maize,2017-18,Nilphamari,2021,52964.0,,,180901.0,1
Maize,2017-18,Noakhali,2021,0.0,,,0.0,1
Maize,2017-18,Pabna,2021,1808.0,,,4850.0,1
Maize,2017-18,Panchagarh,2021,46950.0,,,178980.0,1
Maize,2017-18,Patuakhali,2021,114.0,,,188.0,1
Maize,2017-18,Pirojpur,2021,625.0,,,1192.0,1
Maize,2017-18,Rajbari,2021,269.0,,,789.0,1
Maize,2017-18,Rajshahi,2021,33003.0,,,87143.0,1
Maize,2017-18,Rangamati,2021,1201.0,,,1775.0,1
Maize,2017-18,Rangpur,2021,61893.0,,,282888.0,1
Maize,2017-18,Satkhira,2021,157.0,,,5290.0,1
Maize,2017-18,Shariatpur,2021,53.0,,,110.0,1
Maize,2017-18,Sherpur,2021,1548.0,,,3477.0,1
Maize,2017-18,Sirajganj,2021,23171.0,,,78474.0,1
Maize,2017-18,Sunamganj,2021,0.0,,,0.0,1
Maize,2017-18,Sylhet,2021,29.0,,,28.0,1
Maize,2017-18,Tangail,2021,5439.0,,,14470.0,1
Maize,2017-18,Thakurgaon,2021,97876.0,,,281402.0,1
Maize,2018-19,Bagerhat,2021,388.0,,,827.0,1
Maize,2018-19,Bandarban,2021,750.0,,,585.0,1
Maize,2018-19,Barguna,2021,124.0,,,160.0,1
Maize,2018-19,Barishal,2021,320.0,,,554.0,1
Maize,2018-19,Bhola,2021,1005.0,,,1528.0,1
Maize,2018-19,Bogura,2021,14884.0,,,40763.0,1
Maize,2018-19,Brahmanbaria,2021,41.0,,,69.0,1
Maize,2018-19,Chandpur,2021,17794.0,,,53814.0,1
Maize,2018-19,Chapainababganj,2021,14959.0,,,40700.0,1
Maize,2018-19,Chattogram,2021,60.0,,,141.0,1
Maize,2018-19,Chuadanga,2021,116673.0,,,419932.0,1
Maize,2018-19,Cox's Bazar,2021,0.0,,,0.0,1
Maize,2018-19,Cumilla,2021,19731.0,,,37410.0,1
Maize,2018-19,Dhaka,2021,11432.0,,,26711.0,1
Maize,2018-19,Dinajpur,2021,162283.0,,,556322.0,1
Maize,2018-19,Faridpur,2021,648.0,,,1283.0,1
Maize,2018-19,Feni,2021,194.0,,,572.0,1
Maize,2018-19,Gaibandha,2021,32532.0,,,105238.0,1
Maize,2018-19,Gazipur,2021,18.0,,,36.0,1
Maize,2018-19,Gopalganj,2021,106.0,,,321.0,1
Maize,2018-19,Habiganj,2021,16.0,,,29.0,1
Maize,2018-19,Jamalpur,2021,25418.0,,,102588.0,1
Maize,2018-19,Jashore,2021,1028.0,,,3169.0,1
Maize,2018-19,Jhalokati,2021,140.0,,,248.0,1
Maize,2018-19,Jhenaidah,2021,42808.0,,,136509.0,1
Maize,2018-19,Joypurhat,2021,945.0,,,2328.0,1
Maize,2018-19,Khagrachhari,2021,1432.0,,,2710.0,1
Maize,2018-19,Khulna,2021,61.0,,,148.0,1
Maize,2018-19,Kishoreganj,2021,9499.0,,,27592.0,1
Maize,2018-19,Kurigram,2021,24451.0,,,73137.0,1
Maize,2018-19,Kushtia,2021,18438.0,,,69302.0,1
Maize,2018-19,Lakshmipur,2021,0.0,,,0.0,1
Maize,2018-19,Lalmonirhat,2021,86116.0,,,287725.0,1
Maize,2018-19,Madaripur,2021,413.0,,,4445.0,1
Maize,2018-19,Magura,2021,91.0,,,209.0,1
Maize,2018-19,Manikganj,2021,52651.0,,,153038.0,1
Maize,2018-19,Meherpur,2021,27614.0,,,123403.0,1
Maize,2018-19,Moulvibazar,2021,2.0,,,6.0,1
Maize,2018-19,Munshiganj,2021,6159.0,,,3617.0,1
Maize,2018-19,Mymensingh,2021,286.0,,,753.0,1
Maize,2018-19,Naogaon,2021,17241.0,,,63028.0,1
Maize,2018-19,Narail,2021,0.0,,,0.0,1
Maize,2018-19,Narayanganj,2021,67.0,,,212.0,1
Maize,2018-19,Narsingdi,2021,35.0,,,94.0,1
Maize,2018-19,Natore,2021,31320.0,,,73486.0,1
Maize,2018-19,Netrakona,2021,0.0,,,0.0,1
Maize,2018-19,Nilphamari,2021,52380.0,,,192352.0,1
Maize,2018-19,Noakhali,2021,54.0,,,57.0,1
Maize,2018-19,Pabna,2021,1824.0,,,4989.0,1
Maize,2018-19,Panchagarh,2021,52176.0,,,199756.0,1
Maize,2018-19,Patuakhali,2021,115.0,,,190.0,1
Maize,2018-19,Pirojpur,2021,580.0,,,1041.0,1
Maize,2018-19,Rajbari,2021,314.0,,,864.0,1
Maize,2018-19,Rajshahi,2021,36917.0,,,102765.0,1
Maize,2018-19,Rangamati,2021,1048.0,,,1735.0,1
Maize,2018-19,Rangpur,2021,62871.0,,,189163.0,1
Maize,2018-19,Satkhira,2021,110.0,,,302.0,1
Maize,2018-19,Shariatpur,2021,110.0,,,226.0,1
Maize,2018-19,Sherpur,2021,2144.0,,,4946.0,1
Maize,2018-19,Sirajganj,2021,25357.0,,,93630.0,1
Maize,2018-19,Sunamganj,2021,0.0,,,0.0,1
Maize,2018-19,Sylhet,2021,29.0,,,28.0,1
Maize,2018-19,Tangail,2021,7970.0,,,21014.0,1
Maize,2018-19,Thakurgaon,2021,115712.0,,,341521.0,1
Maize,2019-20,Bagerhat,2021,418.0,,,946.0,1
Maize,2019-20,Bandarban,2021,772.0,,,1096.0,1
Maize,2019-20,Barguna,2021,125.0,,,162.0,1
Maize,2019-20,Barishal,2021,650.0,,,1255.0,1
Maize,2019-20,Bhola,2021,1898.0,,,3424.0,1
Maize,2019-20,Bogura,2021,18354.0,,,55008.0,1
Maize,2019-20,Brahmanbaria,2021,120.0,,,165.0,1
Maize,2019-20,Chandpur,2021,13216.0,,,26035.0,1
Maize,2019-20,Chapainababganj,2021,16534.0,,,44864.0,1
Maize,2019-20,Chattogram,2021,65.0,,,170.0,1
Maize,2019-20,Chuadanga,2021,119442.0,,,503345.0,1
Maize,2019-20,Cox's Bazar,2021,200.0,,,425.0,1
Maize,2019-20,Cumilla,2021,23069.0,,,52734.0,1
Maize,2019-20,Dhaka,2021,11749.0,,,33201.0,1
Maize,2019-20,Dinajpur,2021,164966.0,,,627850.0,1
Maize,2019-20,Faridpur,2021,1552.0,,,3514.0,1
Maize,2019-20,Feni,2021,318.0,,,1007.0,1
Maize,2019-20,Gaibandha,2021,34451.0,,,110988.0,1
Maize,2019-20,Gazipur,2021,5.8,,,10.08,1
Maize,2019-20,Gopalganj,2021,99.0,,,284.0,1
Maize,2019-20,Habiganj,2021,35.0,,,62.0,1
Maize,2019-20,Jamalpur,2021,25431.0,,,102856.3,1
Maize,2019-20,Jashore,2021,1186.0,,,3719.0,1
Maize,2019-20,Jhalokati,2021,1093.0,,,2391.0,1
Maize,2019-20,Jhenaidah,2021,42964.0,,,167104.0,1
Maize,2019-20,Joypurhat,2021,1011.0,,,3028.0,1
Maize,2019-20,Khagrachhari,2021,1471.0,,,2600.0,1
Maize,2019-20,Khulna,2021,159.0,,,414.0,1
Maize,2019-20,Kishoreganj,2021,10334.0,,,28086.0,1
Maize,2019-20,Kurigram,2021,23871.0,,,71010.0,1
Maize,2019-20,Kushtia,2021,24062.0,,,96150.0,1
Maize,2019-20,Lakshmipur,2021,0.0,,,0.0,1
Maize,2019-20,Lalmonirhat,2021,82708.0,,,275695.0,1
Maize,2019-20,Madaripur,2021,583.0,,,2270.0,1
Maize,2019-20,Magura,2021,93.0,,,206.0,1
Maize,2019-20,Manikganj,2021,53903.0,,,162558.0,1
Maize,2019-20,Meherpur,2021,28332.0,,,129200.0,1
Maize,2019-20,Moulvibazar,2021,3.0,,,8.0,1
Maize,2019-20,Munshiganj,2021,10342.0,,,22680.0,1
Maize,2019-20,Mymensingh,2021,280.0,,,1154.0,1
Maize,2019-20,Naogaon,2021,17799.0,,,64762.0,1
Maize,2019-20,Narail,2021,310.0,,,1102.0,1
Maize,2019-20,Narayanganj,2021,68.0,,,215.0,1
Maize,2019-20,Narsingdi,2021,36.0,,,95.0,1
Maize,2019-20,Natore,2021,31324.0,,,67848.0,1
Maize,2019-20,Netrakona,2021,0.0,,,0.0,1
Maize,2019-20,Nilphamari,2021,61535.0,,,252637.0,1
Maize,2019-20,Noakhali,2021,84.0,,,185.0,1
Maize,2019-20,Pabna,2021,1752.0,,,4596.0,1
Maize,2019-20,Panchagarh,2021,67389.0,,,278152.0,1
Maize,2019-20,Patuakhali,2021,111.0,,,153.0,1
Maize,2019-20,Pirojpur,2021,600.0,,,1077.0,1
Maize,2019-20,Rajbari,2021,714.0,,,2159.0,1
Maize,2019-20,Rajshahi,2021,38235.0,,,100897.0,1
Maize,2019-20,Rangamati,2021,1017.0,,,1669.0,1
Maize,2019-20,Rangpur,2021,68757.0,,,212037.0,1
Maize,2019-20,Satkhira,2021,133.0,,,385.0,1
Maize,2019-20,Shariatpur,2021,30.0,,,77.0,1
Maize,2019-20,Sherpur,2021,2149.0,,,9459.0,1
Maize,2019-20,Sirajganj,2021,28895.0,,,98667.0,1
Maize,2019-20,Sunamganj,2021,0.0,,,0.0,1
Maize,2019-20,Sylhet,2021,0.0,,,0.0,1
Maize,2019-20,Tangail,2021,6740.0,,,16992.0,1
Maize,2019-20,Thakurgaon,2021,122051.0,,,363978.0,1
Mung,2017-18,Bagerhat,2021,489.0,,,134.0,1
Mung,2017-18,Bandarban,2021,48.0,,,18.0,1
Mung,2017-18,Barguna,2021,2650.0,,,823.0,1
Mung,2017-18,Barishal,2021,9585.0,,,3380.0,1
Mung,2017-18,Bhola,2021,24261.0,,,9833.0,1
Mung,2017-18,Bogura,2021,17.0,,,5.0,1
Mung,2017-18,Brahmanbaria,2021,36.0,,,18.0,1
Mung,2017-18,Chandpur,2021,154.0,,,60.0,1
Mung,2017-18,Chapainababganj,2021,55.0,,,17.0,1
Mung,2017-18,Chattogram,2021,1641.0,,,488.0,1
Mung,2017-18,Chuadanga,2021,606.0,,,400.0,1
Mung,2017-18,Cox's Bazar,2021,0.0,,,0.0,1
Mung,2017-18,Cumilla,2021,5.0,,,3.0,1
Mung,2017-18,Dhaka,2021,62.0,,,37.0,1
Mung,2017-18,Dinajpur,2021,42.0,,,17.0,1
Mung,2017-18,Faridpur,2021,950.0,,,328.0,1
Mung,2017-18,Feni,2021,440.0,,,110.0,1
Mung,2017-18,Gaibandha,2021,130.0,,,56.0,1
Mung,2017-18,Gazipur,2021,87.0,,,22.0,1
Mung,2017-18,Gopalganj,2021,230.0,,,97.0,1
Mung,2017-18,Habiganj,2021,0.0,,,0.0,1
Mung,2017-18,Jamalpur,2021,92.0,,,31.0,1
Mung,2017-18,Jashore,2021,1740.0,,,678.0,1
Mung,2017-18,Jhalokati,2021,1247.0,,,310.0,1
Mung,2017-18,Jhenaidah,2021,1600.0,,,680.0,1
Mung,2017-18,Joypurhat,2021,20.0,,,6.0,1
Mung,2017-18,Khagrachhari,2021,0.0,,,0.0,1
Mung,2017-18,Khulna,2021,86.0,,,24.0,1
Mung,2017-18,Kishoreganj,2021,263.0,,,98.0,1
Mung,2017-18,Kurigram,2021,138.0,,,50.0,1
Mung,2017-18,Kushtia,2021,162.0,,,85.0,1
Mung,2017-18,Lakshmipur,2021,1589.0,,,390.0,1
Mung,2017-18,Lalmonirhat,2021,65.0,,,35.0,1
Mung,2017-18,Madaripur,2021,485.0,,,157.0,1
Mung,2017-18,Magura,2021,121.0,,,38.0,1
Mung,2017-18,Manikganj,2021,253.0,,,77.0,1
Mung,2017-18,Meherpur,2021,70.0,,,26.0,1
Mung,2017-18,Moulvibazar,2021,11.0,,,3.0,1
Mung,2017-18,Munshiganj,2021,48.0,,,14.0,1
Mung,2017-18,Mymensingh,2021,198.0,,,81.0,1
Mung,2017-18,Naogaon,2021,163.0,,,73.0,1
Mung,2017-18,Narail,2021,546.0,,,171.0,1
Mung,2017-18,Narayanganj,2021,29.0,,,12.0,1
Mung,2017-18,Narsingdi,2021,17.0,,,10.0,1
Mung,2017-18,Natore,2021,15879.0,,,5062.0,1
Mung,2017-18,Netrakona,2021,18.0,,,5.0,1
Mung,2017-18,Nilphamari,2021,0.0,,,0.0,1
Mung,2017-18,Noakhali,2021,2149.0,,,534.0,1
Mung,2017-18,Pabna,2021,503.0,,,202.0,1
Mung,2017-18,Panchagarh,2021,232.0,,,102.0,1
Mung,2017-18,Patuakhali,2021,12607.0,,,4629.0,1
Mung,2017-18,Pirojpur,2021,591.0,,,208.0,1
Mung,2017-18,Rajbari,2021,153.0,,,60.0,1
Mung,2017-18,Rajshahi,2021,9577.0,,,4198.0,1
Mung,2017-18,Rangamati,2021,0.0,,,0.0,1
Mung,2017-18,Rangpur,2021,78.0,,,35.0,1
Mung,2017-18,Satkhira,2021,23.0,,,6.0,1
Mung,2017-18,Shariatpur,2021,231.0,,,111.0,1
Mung,2017-18,Sherpur,2021,10.0,,,3.0,1
Mung,2017-18,Sirajganj,2021,0.0,,,0.0,1
Mung,2017-18,Sunamganj,2021,0.0,,,0.0,1
Mung,2017-18,Sylhet,2021,6.0,,,2.0,1
Mung,2017-18,Tangail,2021,0.0,,,0.0,1
Mung,2017-18,Thakurgaon,2021,167.0,,,50.0,1
Mung,2018-19,Bagerhat,2021,514.0,,,146.0,1
Mung,2018-19,Bandarban,2021,45.0,,,17.0,1
Mung,2018-19,Barguna,2021,17770.0,,,2100.0,1
Mung,2018-19,Barishal,2021,9584.0,,,3452.0,1
Mung,2018-19,Bhola,2021,24062.0,,,8948.0,1
Mung,2018-19,Bogura,2021,14.0,,,4.0,1
Mung,2018-19,Brahmanbaria,2021,33.0,,,16.0,1
Mung,2018-19,Chandpur,2021,157.0,,,62.0,1
Mung,2018-19,Chapainababganj,2021,31.0,,,9.0,1
Mung,2018-19,Chattogram,2021,1649.0,,,489.0,1
Mung,2018-19,Chuadanga,2021,596.0,,,393.0,1
Mung,2018-19,Cox's Bazar,2021,0.0,,,0.0,1
Mung,2018-19,Cumilla,2021,4.0,,,3.0,1
Mung,2018-19,Dhaka,2021,60.0,,,33.0,1
Mung,2018-19,Dinajpur,2021,31.0,,,8.0,1
Mung,2018-19,Faridpur,2021,942.0,,,320.0,1
Mung,2018-19,Feni,2021,404.0,,,118.0,1
Mung,2018-19,Gaibandha,2021,128.0,,,56.0,1
Mung,2018-19,Gazipur,2021,132.0,,,35.0,1
Mung,2018-19,Gopalganj,2021,230.0,,,98.0,1
Mung,2018-19,Habiganj,2021,0.0,,,0.0,1
Mung,2018-19,Jamalpur,2021,94.0,,,32.0,1
Mung,2018-19,Jashore,2021,1693.0,,,652.0,1
Mung,2018-19,Jhalokati,2021,1248.0,,,400.0,1
Mung,2018-19,Jhenaidah,2021,1639.0,,,696.0,1
Mung,2018-19,Joypurhat,2021,20.0,,,6.0,1
Mung,2018-19,Khagrachhari,2021,0.0,,,0.0,1
Mung,2018-19,Khulna,2021,229.0,,,67.0,1
Mung,2018-19,Kishoreganj,2021,232.0,,,88.0,1
Mung,2018-19,Kurigram,2021,140.0,,,50.0,1
Mung,2018-19,Kushtia,2021,162.0,,,84.0,1
Mung,2018-19,Lakshmipur,2021,1557.0,,,383.0,1
Mung,2018-19,Lalmonirhat,2021,65.0,,,36.0,1
Mung,2018-19,Madaripur,2021,481.0,,,155.0,1
Mung,2018-19,Magura,2021,132.0,,,43.0,1
Mung,2018-19,Manikganj,2021,255.0,,,79.0,1
Mung,2018-19,Meherpur,2021,53.0,,,19.0,1
Mung,2018-19,Moulvibazar,2021,12.0,,,4.0,1
Mung,2018-19,Munshiganj,2021,5.0,,,2.0,1
Mung,2018-19,Mymensingh,2021,156.0,,,56.0,1
Mung,2018-19,Naogaon,2021,164.0,,,78.0,1
Mung,2018-19,Narail,2021,398.0,,,158.0,1
Mung,2018-19,Narayanganj,2021,30.0,,,12.0,1
Mung,2018-19,Narsingdi,2021,0.0,,,0.0,1
Mung,2018-19,Natore,2021,10731.0,,,4305.0,1
Mung,2018-19,Netrakona,2021,19.0,,,6.0,1
Mung,2018-19,Nilphamari,2021,10.0,,,7.0,1
Mung,2018-19,Noakhali,2021,1880.0,,,456.0,1
Mung,2018-19,Pabna,2021,516.0,,,207.0,1
Mung,2018-19,Panchagarh,2021,248.0,,,114.0,1
Mung,2018-19,Patuakhali,2021,12610.0,,,4690.0,1
Mung,2018-19,Pirojpur,2021,557.0,,,194.0,1
Mung,2018-19,Rajbari,2021,188.0,,,73.0,1
Mung,2018-19,Rajshahi,2021,9696.0,,,4293.0,1
Mung,2018-19,Rangamati,2021,0.0,,,0.0,1
Mung,2018-19,Rangpur,2021,75.0,,,33.0,1
Mung,2018-19,Satkhira,2021,23.0,,,6.0,1
Mung,2018-19,Shariatpur,2021,228.0,,,110.0,1
Mung,2018-19,Sherpur,2021,9.0,,,3.0,1
Mung,2018-19,Sirajganj,2021,0.0,,,0.0,1
Mung,2018-19,Sunamganj,2021,0.0,,,0.0,1
Mung,2018-19,Sylhet,2021,0.0,,,0.0,1
Mung,2018-19,Tangail,2021,0.0,,,0.0,1
Mung,2018-19,Thakurgaon,2021,168.0,,,51.0,1
Mung,2019-20,Bagerhat,2021,506.0,,,141.0,1
Mung,2019-20,Bandarban,2021,49.0,,,18.0,1
Mung,2019-20,Barguna,2021,17730.0,,,2100.0,1
Mung,2019-20,Barishal,2021,12200.0,,,4800.0,1
Mung,2019-20,Bhola,2021,25232.0,,,9846.0,1
Mung,2019-20,Bogura,2021,10.0,,,4.0,1
Mung,2019-20,Brahmanbaria,2021,23.0,,,8.0,1
Mung,2019-20,Chandpur,2021,163.0,,,64.0,1
Mung,2019-20,Chapainababganj,2021,28.0,,,8.0,1
Mung,2019-20,Chattogram,2021,1560.0,,,469.0,1
Mung,2019-20,Chuadanga,2021,1381.0,,,789.0,1
Mung,2019-20,Cox's Bazar,2021,0.0,,,0.0,1
Mung,2019-20,Cumilla,2021,3.0,,,2.0,1
Mung,2019-20,Dhaka,2021,62.0,,,38.0,1
Mung,2019-20,Dinajpur,2021,40.0,,,10.0,1
Mung,2019-20,Faridpur,2021,957.0,,,332.0,1
Mung,2019-20,Feni,2021,1379.0,,,710.0,1
Mung,2019-20,Gaibandha,2021,134.0,,,60.0,1
Mung,2019-20,Gazipur,2021,87.0,,,24.0,1
Mung,2019-20,Gopalganj,2021,140.0,,,58.0,1
Mung,2019-20,Habiganj,2021,0.0,,,0.0,1
Mung,2019-20,Jamalpur,2021,91.0,,,33.0,1
Mung,2019-20,Jashore,2021,1676.0,,,641.0,1
Mung,2019-20,Jhalokati,2021,2281.0,,,625.0,1
Mung,2019-20,Jhenaidah,2021,1669.0,,,707.0,1
Mung,2019-20,Joypurhat,2021,20.0,,,6.0,1
Mung,2019-20,Khagrachhari,2021,0.0,,,0.0,1
Mung,2019-20,Khulna,2021,216.0,,,59.0,1
Mung,2019-20,Kishoreganj,2021,249.0,,,89.0,1
Mung,2019-20,Kurigram,2021,142.0,,,51.0,1
Mung,2019-20,Kushtia,2021,154.0,,,81.0,1
Mung,2019-20,Lakshmipur,2021,1577.0,,,388.0,1
Mung,2019-20,Lalmonirhat,2021,69.0,,,39.0,1
Mung,2019-20,Madaripur,2021,480.0,,,154.0,1
Mung,2019-20,Magura,2021,126.0,,,42.0,1
Mung,2019-20,Manikganj,2021,257.0,,,82.0,1
Mung,2019-20,Meherpur,2021,55.0,,,20.0,1
Mung,2019-20,Moulvibazar,2021,12.0,,,5.0,1
Mung,2019-20,Munshiganj,2021,140.0,,,58.0,1
Mung,2019-20,Mymensingh,2021,160.0,,,60.0,1
Mung,2019-20,Naogaon,2021,158.0,,,75.0,1
Mung,2019-20,Narail,2021,341.0,,,143.0,1
Mung,2019-20,Narayanganj,2021,32.0,,,14.0,1
Mung,2019-20,Narsingdi,2021,28.0,,,9.0,1
Mung,2019-20,Natore,2021,11465.0,,,3949.0,1
Mung,2019-20,Netrakona,2021,18.0,,,8.0,1
Mung,2019-20,Nilphamari,2021,10.0,,,7.0,1
Mung,2019-20,Noakhali,2021,1399.0,,,312.0,1
Mung,2019-20,Pabna,2021,457.0,,,190.0,1
Mung,2019-20,Panchagarh,2021,256.0,,,117.0,1
Mung,2019-20,Patuakhali,2021,12578.0,,,4650.0,1
Mung,2019-20,Pirojpur,2021,549.0,,,186.0,1
Mung,2019-20,Rajbari,2021,151.0,,,60.0,1
Mung,2019-20,Rajshahi,2021,9692.0,,,4484.0,1
Mung,2019-20,Rangamati,2021,0.0,,,0.0,1
Mung,2019-20,Rangpur,2021,76.0,,,32.0,1
Mung,2019-20,Satkhira,2021,22.0,,,6.0,1
Mung,2019-20,Shariatpur,2021,246.0,,,120.0,1
Mung,2019-20,Sherpur,2021,11.0,,,4.0,1
Mung,2019-20,Sirajganj,2021,8.0,,,4.0,1
Mung,2019-20,Sunamganj,2021,0.0,,,0.0,1
Mung,2019-20,Sylhet,2021,0.0,,,0.0,1
Mung,2019-20,Tangail,2021,19.0,,,12.0,1
Mung,2019-20,Thakurgaon,2021,168.0,,,51.0,1
Mustard,2017-18,Bagerhat,2021,1690.0,,,640.0,1
Mustard,2017-18,Bandarban,2021,308.0,,,79.0,1
Mustard,2017-18,Barguna,2021,92.0,,,53.0,1
Mustard,2017-18,Barishal,2021,1838.0,,,753.0,1
Mustard,2017-18,Bhola,2021,2117.0,,,1035.0,1
Mustard,2017-18,Bogura,2021,39995.0,,,19309.0,1
Mustard,2017-18,Brahmanbaria,2021,19525.0,,,15208.0,1
Mustard,2017-18,Chandpur,2021,3918.0,,,1826.0,1
Mustard,2017-18,Chapainababganj,2021,19111.0,,,6519.0,1
Mustard,2017-18,Chattogram,2021,794.0,,,210.0,1
Mustard,2017-18,Chuadanga,2021,4428.0,,,3631.0,1
Mustard,2017-18,Cox's Bazar,2021,381.0,,,204.0,1
Mustard,2017-18,Cumilla,2021,7422.0,,,3592.0,1
Mustard,2017-18,Dhaka,2021,24270.0,,,10025.0,1
Mustard,2017-18,Dinajpur,2021,30499.0,,,16379.0,1
Mustard,2017-18,Faridpur,2021,19719.0,,,6325.0,1
Mustard,2017-18,Feni,2021,547.0,,,177.0,1
Mustard,2017-18,Gaibandha,2021,4771.0,,,2040.0,1
Mustard,2017-18,Gazipur,2021,3949.0,,,1529.0,1
Mustard,2017-18,Gopalganj,2021,9082.0,,,3188.0,1
Mustard,2017-18,Habiganj,2021,1972.0,,,805.0,1
Mustard,2017-18,Jamalpur,2021,23034.0,,,9512.0,1
Mustard,2017-18,Jashore,2021,22034.0,,,8578.0,1
Mustard,2017-18,Jhalokati,2021,568.0,,,208.0,1
Mustard,2017-18,Jhenaidah,2021,7568.0,,,3545.0,1
Mustard,2017-18,Joypurhat,2021,5771.0,,,4793.0,1
Mustard,2017-18,Khagrachhari,2021,352.0,,,122.0,1
Mustard,2017-18,Khulna,2021,703.0,,,251.0,1
Mustard,2017-18,Kishoreganj,2021,1664.0,,,641.0,1
Mustard,2017-18,Kurigram,2021,10262.0,,,5916.0,1
Mustard,2017-18,Kushtia,2021,6575.0,,,3924.0,1
Mustard,2017-18,Lakshmipur,2021,223.0,,,68.0,1
Mustard,2017-18,Lalmonirhat,2021,1925.0,,,1011.0,1
Mustard,2017-18,Madaripur,2021,16348.0,,,7307.0,1
Mustard,2017-18,Magura,2021,11566.0,,,4416.0,1
Mustard,2017-18,Manikganj,2021,46183.0,,,19782.0,1
Mustard,2017-18,Meherpur,2021,13130.0,,,7483.0,1
Mustard,2017-18,Moulvibazar,2021,736.0,,,2243.0,1
Mustard,2017-18,Munshiganj,2021,5378.0,,,2461.0,1
Mustard,2017-18,Mymensingh,2021,5892.0,,,1306.0,1
Mustard,2017-18,Naogaon,2021,53833.0,,,28455.0,1
Mustard,2017-18,Narail,2021,6221.0,,,2485.0,1
Mustard,2017-18,Narayanganj,2021,1818.0,,,700.0,1
Mustard,2017-18,Narsingdi,2021,3860.0,,,1425.0,1
Mustard,2017-18,Natore,2021,5476.0,,,2157.0,1
Mustard,2017-18,Netrakona,2021,2314.0,,,1146.0,1
Mustard,2017-18,Nilphamari,2021,2210.0,,,1321.0,1
Mustard,2017-18,Noakhali,2021,41.0,,,8.0,1
Mustard,2017-18,Pabna,2021,38815.0,,,14141.0,1
Mustard,2017-18,Panchagarh,2021,2686.0,,,1245.0,1
Mustard,2017-18,Patuakhali,2021,98.0,,,52.0,1
Mustard,2017-18,Pirojpur,2021,97.0,,,32.0,1
Mustard,2017-18,Rajbari,2021,2665.0,,,1146.0,1
Mustard,2017-18,Rajshahi,2021,37535.0,,,19989.0,1
Mustard,2017-18,Rangamati,2021,502.0,,,259.0,1
Mustard,2017-18,Rangpur,2021,4720.0,,,2258.0,1
Mustard,2017-18,Satkhira,2021,13269.0,,,6981.0,1
Mustard,2017-18,Shariatpur,2021,12194.0,,,6156.0,1
Mustard,2017-18,Sherpur,2021,5284.0,,,2406.0,1
Mustard,2017-18,Sirajganj,2021,120576.0,,,52726.0,1
Mustard,2017-18,Sunamganj,2021,1301.0,,,478.0,1
Mustard,2017-18,Sylhet,2021,2475.0,,,1779.0,1
Mustard,2017-18,Tangail,2021,55961.0,,,23198.0,1
Mustard,2017-18,Thakurgaon,2021,9583.0,,,3900.0,1
Mustard,2018-19,Bagerhat,2021,1733.0,,,664.0,1
Mustard,2018-19,Bandarban,2021,308.0,,,79.0,1
Mustard,2018-19,Barguna,2021,95.0,,,50.0,1
Mustard,2018-19,Barishal,2021,1840.0,,,760.0,1
Mustard,2018-19,Bhola,2021,2114.0,,,1100.0,1
Mustard,2018-19,Bogura,2021,39972.0,,,19295.0,1
Mustard,2018-19,Brahmanbaria,2021,24003.0,,,15929.0,1
Mustard,2018-19,Chandpur,2021,3871.0,,,1710.0,1
Mustard,2018-19,Chapainababganj,2021,15675.0,,,5075.0,1
Mustard,2018-19,Chattogram,2021,792.0,,,207.0,1
Mustard,2018-19,Chuadanga,2021,4283.0,,,2706.0,1
Mustard,2018-19,Cox's Bazar,2021,300.0,,,76.0,1
Mustard,2018-19,Cumilla,2021,7016.0,,,3348.0,1
Mustard,2018-19,Dhaka,2021,28890.0,,,13086.0,1
Mustard,2018-19,Dinajpur,2021,29668.0,,,16222.0,1
Mustard,2018-19,Faridpur,2021,19669.0,,,6325.0,1
Mustard,2018-19,Feni,2021,671.0,,,239.0,1
Mustard,2018-19,Gaibandha,2021,3948.0,,,1780.0,1
Mustard,2018-19,Gazipur,2021,2637.0,,,1231.0,1
Mustard,2018-19,Gopalganj,2021,9007.0,,,3181.0,1
Mustard,2018-19,Habiganj,2021,541.0,,,270.0,1
Mustard,2018-19,Jamalpur,2021,23396.0,,,9620.0,1
Mustard,2018-19,Jashore,2021,2889.0,,,824.0,1
Mustard,2018-19,Jhalokati,2021,552.0,,,184.0,1
Mustard,2018-19,Jhenaidah,2021,1980.0,,,1147.0,1
Mustard,2018-19,Joypurhat,2021,5678.0,,,4142.0,1
Mustard,2018-19,Khagrachhari,2021,365.0,,,136.0,1
Mustard,2018-19,Khulna,2021,353.0,,,120.0,1
Mustard,2018-19,Kishoreganj,2021,1654.0,,,637.0,1
Mustard,2018-19,Kurigram,2021,10205.0,,,4870.0,1
Mustard,2018-19,Kushtia,2021,5912.0,,,3740.0,1
Mustard,2018-19,Lakshmipur,2021,223.0,,,68.0,1
Mustard,2018-19,Lalmonirhat,2021,1153.0,,,741.0,1
Mustard,2018-19,Madaripur,2021,16052.0,,,7461.0,1
Mustard,2018-19,Magura,2021,10365.0,,,3946.0,1
Mustard,2018-19,Manikganj,2021,37126.0,,,15216.0,1
Mustard,2018-19,Meherpur,2021,12211.0,,,7304.0,1
Mustard,2018-19,Moulvibazar,2021,736.0,,,2245.0,1
Mustard,2018-19,Munshiganj,2021,3963.0,,,1842.0,1
Mustard,2018-19,Mymensingh,2021,2892.0,,,1306.0,1
Mustard,2018-19,Naogaon,2021,53429.0,,,28546.0,1
Mustard,2018-19,Narail,2021,8054.0,,,3202.0,1
Mustard,2018-19,Narayanganj,2021,1816.0,,,695.0,1
Mustard,2018-19,Narsingdi,2021,2653.0,,,1260.0,1
Mustard,2018-19,Natore,2021,5927.0,,,2313.0,1
Mustard,2018-19,Netrakona,2021,2369.0,,,1080.0,1
Mustard,2018-19,Nilphamari,2021,2442.0,,,1319.0,1
Mustard,2018-19,Noakhali,2021,39.0,,,9.0,1
Mustard,2018-19,Pabna,2021,40157.0,,,14747.0,1
Mustard,2018-19,Panchagarh,2021,2568.0,,,1215.0,1
Mustard,2018-19,Patuakhali,2021,100.0,,,50.0,1
Mustard,2018-19,Pirojpur,2021,94.0,,,31.0,1
Mustard,2018-19,Rajbari,2021,2689.0,,,1157.0,1
Mustard,2018-19,Rajshahi,2021,36652.0,,,19506.0,1
Mustard,2018-19,Rangamati,2021,338.0,,,217.0,1
Mustard,2018-19,Rangpur,2021,4687.0,,,2237.0,1
Mustard,2018-19,Satkhira,2021,13341.0,,,6748.0,1
Mustard,2018-19,Shariatpur,2021,10820.0,,,5435.0,1
Mustard,2018-19,Sherpur,2021,5517.0,,,2567.0,1
Mustard,2018-19,Sirajganj,2021,122920.0,,,53793.0,1
Mustard,2018-19,Sunamganj,2021,1302.0,,,478.0,1
Mustard,2018-19,Sylhet,2021,1737.0,,,965.0,1
Mustard,2018-19,Tangail,2021,5410.0,,,2168.0,1
Mustard,2018-19,Thakurgaon,2021,7443.0,,,3120.0,1
Mustard,2019-20,Bagerhat,2021,1676.0,,,636.0,1
Mustard,2019-20,Bandarban,2021,322.0,,,83.0,1
Mustard,2019-20,Barguna,2021,90.0,,,60.0,1
Mustard,2019-20,Barishal,2021,2015.0,,,1058.0,1
Mustard,2019-20,Bhola,2021,2132.0,,,1115.0,1
Mustard,2019-20,Bogura,2021,42579.0,,,23078.0,1
Mustard,2019-20,Brahmanbaria,2021,28488.0,,,13052.0,1
Mustard,2019-20,Chandpur,2021,3918.0,,,1826.0,1
Mustard,2019-20,Chapainababganj,2021,24157.0,,,7409.0,1
Mustard,2019-20,Chattogram,2021,1114.0,,,361.0,1
Mustard,2019-20,Chuadanga,2021,4287.0,,,2745.0,1
Mustard,2019-20,Cox's Bazar,2021,0.0,,,0.0,1
Mustard,2019-20,Cumilla,2021,7523.0,,,3484.0,1
Mustard,2019-20,Dhaka,2021,18788.0,,,8239.0,1
Mustard,2019-20,Dinajpur,2021,31341.0,,,18149.0,1
Mustard,2019-20,Faridpur,2021,19977.0,,,6346.0,1
Mustard,2019-20,Feni,2021,1201.0,,,299.0,1
Mustard,2019-20,Gaibandha,2021,5490.0,,,2451.0,1
Mustard,2019-20,Gazipur,2021,3400.0,,,907.0,1
Mustard,2019-20,Gopalganj,2021,8335.0,,,3289.0,1
Mustard,2019-20,Habiganj,2021,543.0,,,271.0,1
Mustard,2019-20,Jamalpur,2021,20189.0,,,8755.0,1
Mustard,2019-20,Jashore,2021,2808.0,,,798.0,1
Mustard,2019-20,Jhalokati,2021,543.0,,,182.0,1
Mustard,2019-20,Jhenaidah,2021,6910.0,,,3627.0,1
Mustard,2019-20,Joypurhat,2021,16151.0,,,10400.0,1
Mustard,2019-20,Khagrachhari,2021,364.0,,,137.0,1
Mustard,2019-20,Khulna,2021,350.0,,,118.0,1
Mustard,2019-20,Kishoreganj,2021,1796.0,,,706.0,1
Mustard,2019-20,Kurigram,2021,10138.0,,,4878.0,1
Mustard,2019-20,Kushtia,2021,4969.0,,,3186.0,1
Mustard,2019-20,Lakshmipur,2021,213.0,,,59.0,1
Mustard,2019-20,Lalmonirhat,2021,1195.0,,,756.0,1
Mustard,2019-20,Madaripur,2021,16072.0,,,7185.0,1
Mustard,2019-20,Magura,2021,10122.0,,,4786.0,1
Mustard,2019-20,Manikganj,2021,44922.0,,,20341.0,1
Mustard,2019-20,Meherpur,2021,12467.0,,,7197.0,1
Mustard,2019-20,Moulvibazar,2021,739.0,,,354.0,1
Mustard,2019-20,Munshiganj,2021,4002.0,,,1867.0,1
Mustard,2019-20,Mymensingh,2021,2995.0,,,1320.0,1
Mustard,2019-20,Naogaon,2021,49397.0,,,28668.0,1
Mustard,2019-20,Narail,2021,11106.0,,,4404.0,1
Mustard,2019-20,Narayanganj,2021,1821.0,,,706.0,1
Mustard,2019-20,Narsingdi,2021,653.0,,,259.0,1
Mustard,2019-20,Natore,2021,5722.0,,,2302.0,1
Mustard,2019-20,Netrakona,2021,2370.0,,,1220.0,1
Mustard,2019-20,Nilphamari,2021,2422.0,,,1454.0,1
Mustard,2019-20,Noakhali,2021,20.0,,,4.0,1
Mustard,2019-20,Pabna,2021,40383.0,,,15131.0,1
Mustard,2019-20,Panchagarh,2021,2855.0,,,1385.0,1
Mustard,2019-20,Patuakhali,2021,99.0,,,45.0,1
Mustard,2019-20,Pirojpur,2021,96.0,,,34.0,1
Mustard,2019-20,Rajbari,2021,3895.0,,,2170.0,1
Mustard,2019-20,Rajshahi,2021,41064.0,,,22994.0,1
Mustard,2019-20,Rangamati,2021,447.0,,,200.0,1
Mustard,2019-20,Rangpur,2021,4479.0,,,2178.0,1
Mustard,2019-20,Satkhira,2021,13709.0,,,6817.0,1
Mustard,2019-20,Shariatpur,2021,10903.0,,,5481.0,1
Mustard,2019-20,Sherpur,2021,5251.0,,,2357.0,1
Mustard,2019-20,Sirajganj,2021,120467.0,,,52700.0,1
Mustard,2019-20,Sunamganj,2021,1305.0,,,497.0,1
Mustard,2019-20,Sylhet,2021,1341.0,,,968.0,1
Mustard,2019-20,Tangail,2021,64919.0,,,28537.0,1
Mustard,2019-20,Thakurgaon,2021,14810.0,,,6228.0,1
Onion,2017-18,Bagerhat,2021,345.0,,,752.0,1
Onion,2017-18,Bandarban,2021,119.0,,,179.0,1
Onion,2017-18,Barguna,2021,108.0,,,128.0,1
Onion,2017-18,Barishal,2021,564.0,,,625.0,1
Onion,2017-18,Bhola,2021,1372.0,,,2648.0,1
Onion,2017-18,Bogura,2021,4721.0,,,10824.0,1
Onion,2017-18,Brahmanbaria,2021,354.0,,,1012.0,1
Onion,2017-18,Chandpur,2021,1672.0,,,4336.0,1
Onion,2017-18,Chapainababganj,2021,6440.0,,,23500.0,1
Onion,2017-18,Chattogram,2021,172.0,,,248.0,1
Onion,2017-18,Chuadanga,2021,1603.0,,,9244.0,1
Onion,2017-18,Cox's Bazar,2021,76.0,,,132.0,1
Onion,2017-18,Cumilla,2021,298.0,,,874.0,1
Onion,2017-18,Dhaka,2021,1243.0,,,4168.0,1
Onion,2017-18,Dinajpur,2021,5480.0,,,17257.0,1
Onion,2017-18,Faridpur,2021,67859.0,,,265501.0,1
Onion,2017-18,Feni,2021,33.0,,,26.0,1
Onion,2017-18,Gaibandha,2021,2310.0,,,5574.0,1
Onion,2017-18,Gazipur,2021,423.0,,,829.0,1
Onion,2017-18,Gopalganj,2021,4974.0,,,14478.0,1
Onion,2017-18,Habiganj,2021,225.0,,,633.0,1
Onion,2017-18,Jamalpur,2021,3742.0,,,10891.0,1
Onion,2017-18,Jashore,2021,3222.0,,,13481.0,1
Onion,2017-18,Jhalokati,2021,68.0,,,83.0,1
Onion,2017-18,Jhenaidah,2021,16078.0,,,83520.0,1
Onion,2017-18,Joypurhat,2021,1722.0,,,5362.0,1
Onion,2017-18,Khagrachhari,2021,49.0,,,79.0,1
Onion,2017-18,Khulna,2021,336.0,,,656.0,1
Onion,2017-18,Kishoreganj,2021,1299.0,,,4048.0,1
Onion,2017-18,Kurigram,2021,1110.0,,,2367.0,1
Onion,2017-18,Kushtia,2021,25389.0,,,128084.0,1
Onion,2017-18,Lakshmipur,2021,470.0,,,788.0,1
Onion,2017-18,Lalmonirhat,2021,1166.0,,,3657.0,1
Onion,2017-18,Madaripur,2021,9631.0,,,52262.0,1
Onion,2017-18,Magura,2021,13939.0,,,55612.0,1
Onion,2017-18,Manikganj,2021,18115.0,,,48014.0,1
Onion,2017-18,Meherpur,2021,4350.0,,,50621.0,1
Onion,2017-18,Moulvibazar,2021,81.0,,,161.0,1
Onion,2017-18,Munshiganj,2021,542.0,,,981.0,1
Onion,2017-18,Mymensingh,2021,1437.0,,,3830.0,1
Onion,2017-18,Naogaon,2021,6613.0,,,24775.0,1
Onion,2017-18,Narail,2021,1341.0,,,4367.0,1
Onion,2017-18,Narayanganj,2021,644.0,,,1387.0,1
Onion,2017-18,Narsingdi,2021,338.0,,,601.0,1
Onion,2017-18,Natore,2021,7586.0,,,24674.0,1
Onion,2017-18,Netrakona,2021,804.0,,,2135.0,1
Onion,2017-18,Nilphamari,2021,2260.0,,,7702.0,1
Onion,2017-18,Noakhali,2021,368.0,,,534.0,1
Onion,2017-18,Pabna,2021,104644.0,,,432046.0,1
Onion,2017-18,Panchagarh,2021,3040.0,,,10011.0,1
Onion,2017-18,Patuakhali,2021,102.0,,,118.0,1
Onion,2017-18,Pirojpur,2021,53.0,,,67.0,1
Onion,2017-18,Rajbari,2021,65800.0,,,221339.0,1
Onion,2017-18,Rajshahi,2021,26500.0,,,123750.0,1
Onion,2017-18,Rangamati,2021,109.0,,,171.0,1
Onion,2017-18,Rangpur,2021,4783.0,,,15980.0,1
Onion,2017-18,Satkhira,2021,1015.0,,,3313.0,1
Onion,2017-18,Shariatpur,2021,6072.0,,,23251.0,1
Onion,2017-18,Sherpur,2021,1210.0,,,3488.0,1
Onion,2017-18,Sirajganj,2021,1271.0,,,3246.0,1
Onion,2017-18,Sunamganj,2021,320.0,,,816.0,1
Onion,2017-18,Sylhet,2021,141.0,,,162.0,1
Onion,2017-18,Tangail,2021,1996.0,,,4143.0,1
Onion,2017-18,Thakurgaon,2021,958.0,,,2173.0,1
Onion,2018-19,Bagerhat,2021,310.0,,,664.0,1
Onion,2018-19,Bandarban,2021,119.0,,,181.0,1
Onion,2018-19,Barguna,2021,108.0,,,128.0,1
Onion,2018-19,Barishal,2021,596.0,,,675.0,1
Onion,2018-19,Bhola,2021,1487.0,,,2806.0,1
Onion,2018-19,Bogura,2021,4654.0,,,10686.0,1
Onion,2018-19,Brahmanbaria,2021,1250.0,,,2468.0,1
Onion,2018-19,Chandpur,2021,1661.0,,,4308.0,1
Onion,2018-19,Chapainababganj,2021,6478.0,,,23015.0,1
Onion,2018-19,Chattogram,2021,166.0,,,241.0,1
Onion,2018-19,Chuadanga,2021,1770.0,,,10061.0,1
Onion,2018-19,Cox's Bazar,2021,78.0,,,141.0,1
Onion,2018-19,Cumilla,2021,323.0,,,880.0,1
Onion,2018-19,Dhaka,2021,1243.0,,,4168.0,1
Onion,2018-19,Dinajpur,2021,5276.0,,,16531.0,1
Onion,2018-19,Faridpur,2021,65932.0,,,264025.0,1
Onion,2018-19,Feni,2021,30.0,,,29.0,1
Onion,2018-19,Gaibandha,2021,2187.0,,,5063.0,1
Onion,2018-19,Gazipur,2021,424.0,,,840.0,1
Onion,2018-19,Gopalganj,2021,4974.0,,,14478.0,1
Onion,2018-19,Habiganj,2021,223.0,,,644.0,1
Onion,2018-19,Jamalpur,2021,3791.0,,,11101.0,1
Onion,2018-19,Jashore,2021,3159.0,,,13016.0,1
Onion,2018-19,Jhalokati,2021,67.0,,,110.0,1
Onion,2018-19,Jhenaidah,2021,16330.0,,,85540.0,1
Onion,2018-19,Joypurhat,2021,1718.0,,,5347.0,1
Onion,2018-19,Khagrachhari,2021,53.0,,,84.0,1
Onion,2018-19,Khulna,2021,4181.0,,,49013.0,1
Onion,2018-19,Kishoreganj,2021,1266.0,,,3868.0,1
Onion,2018-19,Kurigram,2021,1157.0,,,2520.0,1
Onion,2018-19,Kushtia,2021,24987.0,,,151477.0,1
Onion,2018-19,Lakshmipur,2021,435.0,,,800.0,1
Onion,2018-19,Lalmonirhat,2021,1164.0,,,3675.0,1
Onion,2018-19,Madaripur,2021,8519.0,,,45940.0,1
Onion,2018-19,Magura,2021,8851.0,,,38502.0,1
Onion,2018-19,Manikganj,2021,17835.0,,,47039.0,1
Onion,2018-19,Meherpur,2021,4181.0,,,49013.0,1
Onion,2018-19,Moulvibazar,2021,80.0,,,161.0,1
Onion,2018-19,Munshiganj,2021,544.0,,,999.0,1
Onion,2018-19,Mymensingh,2021,1419.0,,,3765.0,1
Onion,2018-19,Naogaon,2021,6676.0,,,24947.0,1
Onion,2018-19,Narail,2021,1362.0,,,4164.0,1
Onion,2018-19,Narayanganj,2021,652.0,,,1407.0,1
Onion,2018-19,Narsingdi,2021,330.0,,,598.0,1
Onion,2018-19,Natore,2021,7516.0,,,24814.0,1
Onion,2018-19,Netrakona,2021,804.0,,,2135.0,1
Onion,2018-19,Nilphamari,2021,2307.0,,,9103.0,1
Onion,2018-19,Noakhali,2021,309.0,,,432.0,1
Onion,2018-19,Pabna,2021,104956.0,,,446410.0,1
Onion,2018-19,Panchagarh,2021,3056.0,,,10020.0,1
Onion,2018-19,Patuakhali,2021,105.0,,,63.0,1
Onion,2018-19,Pirojpur,2021,50.0,,,57.0,1
Onion,2018-19,Rajbari,2021,53976.0,,,182485.0,1
Onion,2018-19,Rajshahi,2021,27148.0,,,163482.0,1
Onion,2018-19,Rangamati,2021,109.0,,,193.0,1
Onion,2018-19,Rangpur,2021,4865.0,,,16491.0,1
Onion,2018-19,Satkhira,2021,1004.0,,,3239.0,1
Onion,2018-19,Shariatpur,2021,6014.0,,,24127.0,1
Onion,2018-19,Sherpur,2021,1250.0,,,3564.0,1
Onion,2018-19,Sirajganj,2021,1279.0,,,3826.0,1
Onion,2018-19,Sunamganj,2021,250.0,,,770.0,1
Onion,2018-19,Sylhet,2021,124.0,,,108.0,1
Onion,2018-19,Tangail,2021,2022.0,,,4170.0,1
Onion,2018-19,Thakurgaon,2021,967.0,,,2261.0,1
Onion,2019-20,Bagerhat,2021,322.0,,,714.0,1
Onion,2019-20,Bandarban,2021,121.0,,,184.0,1
Onion,2019-20,Barguna,2021,109.0,,,158.0,1
Onion,2019-20,Barishal,2021,550.0,,,850.0,1
Onion,2019-20,Bhola,2021,1535.0,,,3412.0,1
Onion,2019-20,Bogura,2021,4779.0,,,12903.0,1
Onion,2019-20,Brahmanbaria,2021,1093.0,,,3029.0,1
Onion,2019-20,Chandpur,2021,1692.0,,,4388.0,1
Onion,2019-20,Chapainababganj,2021,7034.0,,,24982.0,1
Onion,2019-20,Chattogram,2021,171.0,,,245.0,1
Onion,2019-20,Chuadanga,2021,1669.0,,,10379.0,1
Onion,2019-20,Cox's Bazar,2021,64.0,,,99.0,1
Onion,2019-20,Cumilla,2021,341.0,,,954.0,1
Onion,2019-20,Dhaka,2021,1220.0,,,4367.0,1
Onion,2019-20,Dinajpur,2021,5174.0,,,16029.0,1
Onion,2019-20,Faridpur,2021,65991.0,,,265150.0,1
Onion,2019-20,Feni,2021,25.0,,,41.0,1
Onion,2019-20,Gaibandha,2021,2718.0,,,6089.0,1
Onion,2019-20,Gazipur,2021,434.0,,,861.0,1
Onion,2019-20,Gopalganj,2021,4895.0,,,12006.0,1
Onion,2019-20,Habiganj,2021,144.0,,,359.0,1
Onion,2019-20,Jamalpur,2021,3651.0,,,10600.0,1
Onion,2019-20,Jashore,2021,2796.0,,,11549.0,1
Onion,2019-20,Jhalokati,2021,84.0,,,128.0,1
Onion,2019-20,Jhenaidah,2021,18043.0,,,95781.0,1
Onion,2019-20,Joypurhat,2021,1861.0,,,5389.0,1
Onion,2019-20,Khagrachhari,2021,52.0,,,85.0,1
Onion,2019-20,Khulna,2021,3070.0,,,20139.0,1
Onion,2019-20,Kishoreganj,2021,1265.0,,,3996.0,1
Onion,2019-20,Kurigram,2021,1096.0,,,2561.0,1
Onion,2019-20,Kushtia,2021,26101.0,,,132536.0,1
Onion,2019-20,Lakshmipur,2021,429.0,,,720.0,1
Onion,2019-20,Lalmonirhat,2021,1230.0,,,3904.0,1
Onion,2019-20,Madaripur,2021,8997.0,,,29889.0,1
Onion,2019-20,Magura,2021,14416.0,,,59187.0,1
Onion,2019-20,Manikganj,2021,18131.0,,,59189.0,1
Onion,2019-20,Meherpur,2021,5089.0,,,49317.0,1
Onion,2019-20,Moulvibazar,2021,85.0,,,173.0,1
Onion,2019-20,Munshiganj,2021,561.0,,,992.0,1
Onion,2019-20,Mymensingh,2021,1430.0,,,3780.0,1
Onion,2019-20,Naogaon,2021,6736.0,,,25331.0,1
Onion,2019-20,Narail,2021,1269.0,,,3849.0,1
Onion,2019-20,Narayanganj,2021,644.0,,,1389.0,1
Onion,2019-20,Narsingdi,2021,326.0,,,872.0,1
Onion,2019-20,Natore,2021,11689.0,,,39250.0,1
Onion,2019-20,Netrakona,2021,780.0,,,2105.0,1
Onion,2019-20,Nilphamari,2021,2623.0,,,9839.0,1
Onion,2019-20,Noakhali,2021,286.0,,,388.0,1
Onion,2019-20,Pabna,2021,105139.0,,,494163.0,1
Onion,2019-20,Panchagarh,2021,3285.0,,,11188.0,1
Onion,2019-20,Patuakhali,2021,99.0,,,136.0,1
Onion,2019-20,Pirojpur,2021,54.0,,,83.0,1
Onion,2019-20,Rajbari,2021,66816.0,,,251861.0,1
Onion,2019-20,Rajshahi,2021,31176.0,,,195452.0,1
Onion,2019-20,Rangamati,2021,104.0,,,194.0,1
Onion,2019-20,Rangpur,2021,4945.0,,,16712.0,1
Onion,2019-20,Satkhira,2021,954.0,,,3079.0,1
Onion,2019-20,Shariatpur,2021,6090.0,,,24500.0,1
Onion,2019-20,Sherpur,2021,1279.0,,,3528.0,1
Onion,2019-20,Sirajganj,2021,1692.0,,,5520.0,1
Onion,2019-20,Sunamganj,2021,214.0,,,473.0,1
Onion,2019-20,Sylhet,2021,131.0,,,246.0,1
Onion,2019-20,Tangail,2021,2032.0,,,4240.0,1
Onion,2019-20,Thakurgaon,2021,978.0,,,2288.0,1
Potato,2018-19,Bagerhat,2021,1835.0,743.0,14.859,11034.0,1
Potato,2018-19,Bandarban,2021,1393.0,564.0,10.24,5772.0,1
Potato,2018-19,Barguna,2021,1930.0,781.0,22.052,17223.0,1
Potato,2018-19,Barishal,2021,2862.0,1158.0,19.988,23150.0,1
Potato,2018-19,Bhola,2021,12968.0,5248.0,18.534,97266.0,1
Potato,2018-19,Bogura,2021,145057.0,58701.0,20.187,1184989.0,1
Potato,2018-19,Brahmanbaria,2021,3362.0,1360.0,12.718,17303.0,1
Potato,2018-19,Chandpur,2021,15254.0,6173.0,18.998,117275.0,1
Potato,2018-19,Chapainababganj,2021,2839.0,1149.0,16.895,19410.0,1
Potato,2018-19,Chattogram,2021,9740.0,3941.0,12.803,50463.0,1
Potato,2018-19,Chuadanga,2021,6177.0,2500.0,21.545,53857.0,1
Potato,2018-19,Cox's Bazar,2021,4239.0,1716.0,11.097,19038.0,1
Potato,2018-19,Cumilla,2021,26820.0,10853.0,20.109,218252.0,1
Potato,2018-19,Dhaka,2021,4713.0,1907.0,24.34,46423.0,1
Potato,2018-19,Dinajpur,2021,119517.0,48366.0,19.76,955699.0,1
Potato,2018-19,Faridpur,2021,665.0,269.0,23.649,6364.0,1
Potato,2018-19,Feni,2021,697.0,282.0,15.166,4280.0,1
Potato,2018-19,Gaibandha,2021,20534.0,8310.0,16.889,140338.0,1
Potato,2018-19,Gazipur,2021,357.0,145.0,14.26,2062.0,1
Potato,2018-19,Gopalganj,2021,847.0,343.0,23.727,8128.0,1
Potato,2018-19,Habiganj,2021,4187.0,1694.0,13.326,22579.0,1
Potato,2018-19,Jamalpur,2021,12181.0,4929.0,18.413,90766.0,1
Potato,2018-19,Jashore,2021,6931.0,2805.0,20.809,58366.0,1
Potato,2018-19,Jhalokati,2021,835.0,338.0,18.638,6298.0,1
Potato,2018-19,Jhenaidah,2021,4100.0,1659.0,20.055,33274.0,1
Potato,2018-19,Joypurhat,2021,94669.0,38310.0,24.251,929055.0,1
Potato,2018-19,Khagrachhari,2021,1366.0,553.0,10.679,5905.0,1
Potato,2018-19,Khulna,2021,1195.0,484.0,15.583,7538.0,1
Potato,2018-19,Kishoreganj,2021,13278.0,5373.0,14.068,75591.0,1
Potato,2018-19,Kurigram,2021,13330.0,5394.0,26.017,140342.0,1
Potato,2018-19,Kushtia,2021,5542.0,2243.0,21.681,48624.0,1
Potato,2018-19,Lakshmipur,2021,700.0,283.0,15.155,4293.0,1
Potato,2018-19,Lalmonirhat,2021,11573.0,4683.0,19.05,89216.0,1
Potato,2018-19,Madaripur,2021,1515.0,613.0,26.45,16213.0,1
Potato,2018-19,Magura,2021,64.0,26.0,15.075,390.0,1
Potato,2018-19,Manikganj,2021,4372.0,1769.0,19.471,34449.0,1
Potato,2018-19,Meherpur,2021,2977.0,1205.0,22.932,27626.0,1
Potato,2018-19,Moulvibazar,2021,4913.0,1988.0,11.727,23315.0,1
Potato,2018-19,Munshiganj,2021,81938.0,33159.0,32.846,1089112.0,1
Potato,2018-19,Mymensingh,2021,9203.0,3724.0,9.899,36866.0,1
Potato,2018-19,Naogaon,2021,53122.0,21497.0,17.01,365669.0,1
Potato,2018-19,Narail,2021,61.0,25.0,19.586,483.0,1
Potato,2018-19,Narayanganj,2021,7335.0,2968.0,25.767,76487.0,1
Potato,2018-19,Narsingdi,2021,3317.0,1342.0,16.114,21630.0,1
Potato,2018-19,Natore,2021,1718.0,695.0,19.804,13766.0,1
Potato,2018-19,Netrakona,2021,3910.0,1582.0,9.468,14981.0,1
Potato,2018-19,Nilphamari,2021,55301.0,22379.0,19.681,440433.0,1
Potato,2018-19,Noakhali,2021,447.0,181.0,16.763,3034.0,1
Potato,2018-19,Pabna,2021,2063.0,835.0,14.657,12236.0,1
Potato,2018-19,Panchagarh,2021,22982.0,9300.0,20.237,188211.0,1
Potato,2018-19,Patuakhali,2021,1414.0,572.0,20.534,11750.0,1
Potato,2018-19,Pirojpur,2021,2290.0,927.0,19.333,17917.0,1
Potato,2018-19,Rajbari,2021,525.0,212.0,17.544,3727.0,1
Potato,2018-19,Rajshahi,2021,92686.0,37508.0,26.555,996019.0,1
Potato,2018-19,Rangamati,2021,173.0,70.0,14.51,1016.0,1
Potato,2018-19,Rangpur,2021,124495.0,50380.0,20.036,1009426.0,1
Potato,2018-19,Satkhira,2021,6099.0,2468.0,14.806,36544.0,1
Potato,2018-19,Shariatpur,2021,4711.0,1906.0,29.952,57102.0,1
Potato,2018-19,Sherpur,2021,11547.0,4673.0,16.849,78731.0,1
Potato,2018-19,Sirajganj,2021,7179.0,2905.0,13.019,37823.0,1
Potato,2018-19,Sunamganj,2021,3926.0,1589.0,12.901,20497.0,1
Potato,2018-19,Sylhet,2021,2372.0,960.0,11.645,11178.0,1
Potato,2018-19,Tangail,2021,7991.0,3234.0,13.634,44088.0,1
Potato,2018-19,Thakurgaon,2021,58434.0,23647.0,19.207,454189.0,1
Potato,2019-20,Bagerhat,2021,819.0,331.0,16.69,5532.0,1
Potato,2019-20,Bandarban,2021,1424.0,576.0,9.232,5320.0,1
Potato,2019-20,Barguna,2021,1273.0,515.0,18.277,9416.0,1
Potato,2019-20,Barishal,2021,1339.0,542.0,19.947,10809.0,1
Potato,2019-20,Bhola,2021,15055.0,6093.0,20.686,126032.0,1
Potato,2019-20,Bogura,2021,143461.0,58058.0,20.151,1169947.0,1
Potato,2019-20,Brahmanbaria,2021,4192.0,1696.0,14.0,23750.0,1
Potato,2019-20,Chandpur,2021,25501.0,10320.0,19.71,203406.0,1
Potato,2019-20,Chapainababganj,2021,2761.0,1117.0,17.056,19058.0,1
Potato,2019-20,Chattogram,2021,8784.0,3555.0,11.277,40090.0,1
Potato,2019-20,Chuadanga,2021,5398.0,2185.0,21.68,47361.0,1
Potato,2019-20,Cox's Bazar,2021,4629.0,1873.0,12.404,23235.0,1
Potato,2019-20,Cumilla,2021,26390.0,10680.0,17.435,186208.0,1
Potato,2019-20,Dhaka,2021,3998.0,1618.0,20.937,33871.0,1
Potato,2019-20,Dinajpur,2021,115732.0,46836.0,20.065,939764.0,1
Potato,2019-20,Faridpur,2021,857.0,347.0,24.346,8444.0,1
Potato,2019-20,Feni,2021,704.0,285.0,16.525,4705.0,1
Potato,2019-20,Gaibandha,2021,21622.0,8750.0,18.054,157977.0,1
Potato,2019-20,Gazipur,2021,170.0,69.0,11.915,818.0,1
Potato,2019-20,Gopalganj,2021,675.0,273.0,24.482,6688.0,1
Potato,2019-20,Habiganj,2021,3813.0,1543.0,13.838,21353.0,1
Potato,2019-20,Jamalpur,2021,13631.0,5516.0,18.529,102213.0,1
Potato,2019-20,Jashore,2021,5933.0,2401.0,21.823,52397.0,1
Potato,2019-20,Jhalokati,2021,855.0,346.0,18.583,6430.0,1
Potato,2019-20,Jhenaidah,2021,4203.0,1701.0,21.993,37408.0,1
Potato,2019-20,Joypurhat,2021,94421.0,38212.0,24.348,930380.0,1
Potato,2019-20,Khagrachhari,2021,1352.0,547.0,11.434,6258.0,1
Potato,2019-20,Khulna,2021,1314.0,532.0,16.994,9037.0,1
Potato,2019-20,Kishoreganj,2021,14293.0,5784.0,13.488,78021.0,1
Potato,2019-20,Kurigram,2021,13036.0,5276.0,25.988,137102.0,1
Potato,2019-20,Kushtia,2021,6286.0,2544.0,21.289,54157.0,1
Potato,2019-20,Lakshmipur,2021,609.0,246.0,16.61,4094.0,1
Potato,2019-20,Lalmonirhat,2021,11947.0,4835.0,18.984,91785.0,1
Potato,2019-20,Madaripur,2021,1880.0,761.0,29.514,22459.0,1
Potato,2019-20,Magura,2021,68.0,27.0,16.11,440.0,1
Potato,2019-20,Manikganj,2021,4617.0,1868.0,20.972,39185.0,1
Potato,2019-20,Meherpur,2021,3056.0,1237.0,23.344,28871.0,1
Potato,2019-20,Moulvibazar,2021,4806.0,1945.0,11.301,21979.0,1
Potato,2019-20,Munshiganj,2021,88802.0,35938.0,31.901,1146437.0,1
Potato,2019-20,Mymensingh,2021,9686.0,3920.0,10.165,39845.0,1
Potato,2019-20,Naogaon,2021,52294.0,21163.0,16.106,340861.0,1
Potato,2019-20,Narail,2021,125.0,51.0,20.712,1048.0,1
Potato,2019-20,Narayanganj,2021,6177.0,2500.0,26.387,65966.0,1
Potato,2019-20,Narsingdi,2021,3651.0,1477.0,15.588,23029.0,1
Potato,2019-20,Natore,2021,1095.4,443.0,22.473,9962.0,1
Potato,2019-20,Netrakona,2021,3819.0,1546.0,10.31,15934.0,1
Potato,2019-20,Nilphamari,2021,54071.0,21882.0,19.085,417616.0,1
Potato,2019-20,Noakhali,2021,431.0,174.0,20.97,3656.0,1
Potato,2019-20,Pabna,2021,2061.0,834.0,13.829,11539.0,1
Potato,2019-20,Panchagarh,2021,24384.0,9868.0,19.66,194009.0,1
Potato,2019-20,Patuakhali,2021,1069.0,433.0,20.567,8898.0,1
Potato,2019-20,Pirojpur,2021,2224.0,900.0,16.715,15044.0,1
Potato,2019-20,Rajbari,2021,427.0,173.0,18.944,3274.0,1
Potato,2019-20,Rajshahi,2021,90166.0,36490.0,23.921,872871.0,1
Potato,2019-20,Rangamati,2021,348.0,141.0,11.277,1588.0,1
Potato,2019-20,Rangpur,2021,123373.0,49928.0,19.669,982022.0,1
Potato,2019-20,Satkhira,2021,6571.0,2659.0,16.547,44002.0,1
Potato,2019-20,Shariatpur,2021,4582.0,1854.0,27.495,50984.0,1
Potato,2019-20,Sherpur,2021,12287.0,4972.0,16.412,81608.0,1
Potato,2019-20,Sirajganj,2021,7543.5,3053.0,13.999,42735.0,1
Potato,2019-20,Sunamganj,2021,4009.0,1622.0,16.664,27036.0,1
Potato,2019-20,Sylhet,2021,1939.0,785.0,13.104,10283.0,1
Potato,2019-20,Tangail,2021,8835.0,3575.0,13.879,49624.0,1
Potato,2019-20,Thakurgaon,2021,59041.0,23894.0,20.079,479752.0,1
Sugarcane,2017-18,Bagerhat,2021,2181.0,,,24922.0,1
Sugarcane,2017-18,Bandarban,2021,206.0,,,854.0,1
Sugarcane,2017-18,Barguna,2021,124.0,,,207.0,1
Sugarcane,2017-18,Barishal,2021,1074.0,,,13379.0,1
Sugarcane,2017-18,Bhola,2021,897.0,,,4964.0,1
Sugarcane,2017-18,Bogura,2021,751.0,,,14746.0,1
Sugarcane,2017-18,Brahmanbaria,2021,28.0,,,45.0,1
Sugarcane,2017-18,Chandpur,2021,1428.0,,,14130.0,1
Sugarcane,2017-18,Chapainababganj,2021,3190.0,,,33123.0,1
Sugarcane,2017-18,Chattogram,2021,2834.0,,,13431.0,1
Sugarcane,2017-18,Chuadanga,2021,4968.0,,,119537.0,1
Sugarcane,2017-18,Cox's Bazar,2021,754.0,,,4100.0,1
Sugarcane,2017-18,Cumilla,2021,980.0,,,5770.0,1
Sugarcane,2017-18,Dhaka,2021,166.0,,,904.0,1
Sugarcane,2017-18,Dinajpur,2021,5626.0,,,80118.0,1
Sugarcane,2017-18,Faridpur,2021,9800.0,,,154760.0,1
Sugarcane,2017-18,Feni,2021,256.0,,,3356.0,1
Sugarcane,2017-18,Gaibandha,2021,5968.0,,,152293.0,1
Sugarcane,2017-18,Gazipur,2021,2999.0,,,26040.0,1
Sugarcane,2017-18,Gopalganj,2021,1746.0,,,23046.0,1
Sugarcane,2017-18,Habiganj,2021,2425.0,,,7185.0,1
Sugarcane,2017-18,Jamalpur,2021,12310.0,,,225997.0,1
Sugarcane,2017-18,Jashore,2021,954.0,,,17168.0,1
Sugarcane,2017-18,Jhalokati,2021,299.0,,,1374.0,1
Sugarcane,2017-18,Jhenaidah,2021,3345.0,,,81434.0,1
Sugarcane,2017-18,Joypurhat,2021,2207.0,,,46859.0,1
Sugarcane,2017-18,Khagrachhari,2021,607.0,,,5488.0,1
Sugarcane,2017-18,Khulna,2021,101.0,,,7452.0,1
Sugarcane,2017-18,Kishoreganj,2021,61.0,,,529.0,1
Sugarcane,2017-18,Kurigram,2021,708.0,,,10895.0,1
Sugarcane,2017-18,Kushtia,2021,8970.0,,,183162.0,1
Sugarcane,2017-18,Lakshmipur,2021,332.0,,,3600.0,1
Sugarcane,2017-18,Lalmonirhat,2021,263.0,,,3527.0,1
Sugarcane,2017-18,Madaripur,2021,1252.0,,,24168.0,1
Sugarcane,2017-18,Magura,2021,343.0,,,4537.0,1
Sugarcane,2017-18,Manikganj,2021,4602.0,,,28369.0,1
Sugarcane,2017-18,Meherpur,2021,927.0,,,16863.0,1
Sugarcane,2017-18,Moulvibazar,2021,137.0,,,408.0,1
Sugarcane,2017-18,Munshiganj,2021,298.0,,,2108.0,1
Sugarcane,2017-18,Mymensingh,2021,5680.0,,,85530.0,1
Sugarcane,2017-18,Naogaon,2021,1410.0,,,27744.0,1
Sugarcane,2017-18,Narail,2021,1683.0,,,26477.0,1
Sugarcane,2017-18,Narayanganj,2021,137.0,,,720.0,1
Sugarcane,2017-18,Narsingdi,2021,124.0,,,1527.0,1
Sugarcane,2017-18,Natore,2021,60685.0,,,1189958.0,1
Sugarcane,2017-18,Netrakona,2021,60.0,,,726.0,1
Sugarcane,2017-18,Nilphamari,2021,183.0,,,4420.0,1
Sugarcane,2017-18,Noakhali,2021,309.0,,,1502.0,1
Sugarcane,2017-18,Pabna,2021,8356.0,,,159821.0,1
Sugarcane,2017-18,Panchagarh,2021,10057.0,,,94924.0,1
Sugarcane,2017-18,Patuakhali,2021,90.0,,,162.0,1
Sugarcane,2017-18,Pirojpur,2021,380.0,,,1885.0,1
Sugarcane,2017-18,Rajbari,2021,3139.0,,,55215.0,1
Sugarcane,2017-18,Rajshahi,2021,24731.0,,,463103.0,1
Sugarcane,2017-18,Rangamati,2021,561.0,,,9502.0,1
Sugarcane,2017-18,Rangpur,2021,4739.0,,,103063.0,1
Sugarcane,2017-18,Satkhira,2021,343.0,,,6656.0,1
Sugarcane,2017-18,Shariatpur,2021,1080.0,,,13946.0,1
Sugarcane,2017-18,Sherpur,2021,205.0,,,4353.0,1
Sugarcane,2017-18,Sirajganj,2021,2774.0,,,48541.0,1
Sugarcane,2017-18,Sunamganj,2021,327.0,,,2883.0,1
Sugarcane,2017-18,Sylhet,2021,18.0,,,150.0,1
Sugarcane,2017-18,Tangail,2021,3541.0,,,60419.0,1
Sugarcane,2017-18,Thakurgaon,2021,10660.0,,,138700.0,1
Sugarcane,2018-19,Bagerhat,2021,1538.0,,,7065.0,1
Sugarcane,2018-19,Bandarban,2021,210.0,,,779.0,1
Sugarcane,2018-19,Barguna,2021,119.0,,,498.0,1
Sugarcane,2018-19,Barishal,2021,1076.0,,,8838.0,1
Sugarcane,2018-19,Bhola,2021,894.0,,,5073.0,1
Sugarcane,2018-19,Bogura,2021,670.0,,,13233.0,1
Sugarcane,2018-19,Brahmanbaria,2021,39.0,,,51.0,1
Sugarcane,2018-19,Chandpur,2021,1428.0,,,12365.0,1
Sugarcane,2018-19,Chapainababganj,2021,3664.0,,,62815.0,1
Sugarcane,2018-19,Chattogram,2021,2828.0,,,13258.0,1
Sugarcane,2018-19,Chuadanga,2021,4883.0,,,118388.0,1
Sugarcane,2018-19,Cox's Bazar,2021,755.0,,,4100.0,1
Sugarcane,2018-19,Cumilla,2021,929.0,,,5313.0,1
Sugarcane,2018-19,Dhaka,2021,145.0,,,849.0,1
Sugarcane,2018-19,Dinajpur,2021,4640.0,,,67785.0,1
Sugarcane,2018-19,Faridpur,2021,10239.0,,,159212.0,1
Sugarcane,2018-19,Feni,2021,258.0,,,3301.0,1
Sugarcane,2018-19,Gaibandha,2021,5964.0,,,153298.0,1
Sugarcane,2018-19,Gazipur,2021,3004.0,,,26032.0,1
Sugarcane,2018-19,Gopalganj,2021,1746.0,,,23046.0,1
Sugarcane,2018-19,Habiganj,2021,2434.0,,,7128.0,1
Sugarcane,2018-19,Jamalpur,2021,12513.0,,,231028.0,1
Sugarcane,2018-19,Jashore,2021,948.0,,,17070.0,1
Sugarcane,2018-19,Jhalokati,2021,300.0,,,1897.0,1
Sugarcane,2018-19,Jhenaidah,2021,1980.0,,,40211.0,1
Sugarcane,2018-19,Joypurhat,2021,2206.0,,,46846.0,1
Sugarcane,2018-19,Khagrachhari,2021,612.0,,,5500.0,1
Sugarcane,2018-19,Khulna,2021,99.0,,,1473.0,1
Sugarcane,2018-19,Kishoreganj,2021,60.0,,,548.0,1
Sugarcane,2018-19,Kurigram,2021,711.0,,,10568.0,1
Sugarcane,2018-19,Kushtia,2021,8885.0,,,170305.0,1
Sugarcane,2018-19,Lakshmipur,2021,340.0,,,3712.0,1
Sugarcane,2018-19,Lalmonirhat,2021,277.0,,,3541.0,1
Sugarcane,2018-19,Madaripur,2021,261.0,,,5585.0,1
Sugarcane,2018-19,Magura,2021,294.0,,,3746.0,1
Sugarcane,2018-19,Manikganj,2021,4586.0,,,28167.0,1
Sugarcane,2018-19,Meherpur,2021,930.0,,,16956.0,1
Sugarcane,2018-19,Moulvibazar,2021,128.0,,,384.0,1
Sugarcane,2018-19,Munshiganj,2021,296.0,,,2237.0,1
Sugarcane,2018-19,Mymensingh,2021,5624.0,,,84238.0,1
Sugarcane,2018-19,Naogaon,2021,1242.0,,,24823.0,1
Sugarcane,2018-19,Narail,2021,1779.0,,,27541.0,1
Sugarcane,2018-19,Narayanganj,2021,146.0,,,814.0,1
Sugarcane,2018-19,Narsingdi,2021,129.0,,,1507.0,1
Sugarcane,2018-19,Natore,2021,60480.0,,,1185036.0,1
Sugarcane,2018-19,Netrakona,2021,63.0,,,734.0,1
Sugarcane,2018-19,Nilphamari,2021,190.0,,,5013.0,1
Sugarcane,2018-19,Noakhali,2021,226.0,,,1443.0,1
Sugarcane,2018-19,Pabna,2021,8355.0,,,24046.0,1
Sugarcane,2018-19,Panchagarh,2021,9705.0,,,125130.0,1
Sugarcane,2018-19,Patuakhali,2021,87.0,,,345.0,1
Sugarcane,2018-19,Pirojpur,2021,378.0,,,1884.0,1
Sugarcane,2018-19,Rajbari,2021,3268.0,,,57790.0,1
Sugarcane,2018-19,Rajshahi,2021,24649.0,,,448486.0,1
Sugarcane,2018-19,Rangamati,2021,570.0,,,8349.0,1
Sugarcane,2018-19,Rangpur,2021,4082.0,,,90700.0,1
Sugarcane,2018-19,Satkhira,2021,310.0,,,5907.0,1
Sugarcane,2018-19,Shariatpur,2021,1069.0,,,13702.0,1
Sugarcane,2018-19,Sherpur,2021,224.0,,,4790.0,1
Sugarcane,2018-19,Sirajganj,2021,2758.0,,,47918.0,1
Sugarcane,2018-19,Sunamganj,2021,330.0,,,3011.0,1
Sugarcane,2018-19,Sylhet,2021,20.0,,,154.0,1
Sugarcane,2018-19,Tangail,2021,3435.0,,,58267.0,1
Sugarcane,2018-19,Thakurgaon,2021,10776.0,,,134902.0,1
Sugarcane,2019-20,Bagerhat,2021,1367.0,,,14454.0,1
Sugarcane,2019-20,Bandarban,2021,214.0,,,896.0,1
Sugarcane,2019-20,Barguna,2021,114.0,,,365.0,1
Sugarcane,2019-20,Barishal,2021,1210.0,,,6500.0,1
Sugarcane,2019-20,Bhola,2021,945.0,,,7583.0,1
Sugarcane,2019-20,Bogura,2021,274.41,,,6169.04,1
Sugarcane,2019-20,Brahmanbaria,2021,40.0,,,154.0,1
Sugarcane,2019-20,Chandpur,2021,1319.0,,,10214.0,1
Sugarcane,2019-20,Chapainababganj,2021,3485.0,,,59997.0,1
Sugarcane,2019-20,Chattogram,2021,1994.0,,,19153.0,1
Sugarcane,2019-20,Chuadanga,2021,4820.0,,,117087.0,1
Sugarcane,2019-20,Cox's Bazar,2021,791.0,,,4250.0,1
Sugarcane,2019-20,Cumilla,2021,897.0,,,5614.0,1
Sugarcane,2019-20,Dhaka,2021,135.0,,,899.0,1
Sugarcane,2019-20,Dinajpur,2021,4287.0,,,60476.0,1
Sugarcane,2019-20,Faridpur,2021,6499.0,,,103193.0,1
Sugarcane,2019-20,Feni,2021,203.0,,,2621.0,1
Sugarcane,2019-20,Gaibandha,2021,6128.0,,,154035.0,1
Sugarcane,2019-20,Gazipur,2021,2836.0,,,24569.0,1
Sugarcane,2019-20,Gopalganj,2021,1105.0,,,14802.0,1
Sugarcane,2019-20,Habiganj,2021,2559.0,,,7108.0,1
Sugarcane,2019-20,Jamalpur,2021,11251.0,,,232932.0,1
Sugarcane,2019-20,Jashore,2021,899.0,,,15800.0,1
Sugarcane,2019-20,Jhalokati,2021,300.0,,,1893.0,1
Sugarcane,2019-20,Jhenaidah,2021,2711.0,,,58898.0,1
Sugarcane,2019-20,Joypurhat,2021,2212.0,,,46993.0,1
Sugarcane,2019-20,Khagrachhari,2021,631.0,,,5686.0,1
Sugarcane,2019-20,Khulna,2021,86.0,,,1490.0,1
Sugarcane,2019-20,Kishoreganj,2021,148.0,,,1930.0,1
Sugarcane,2019-20,Kurigram,2021,694.0,,,10284.0,1
Sugarcane,2019-20,Kushtia,2021,8667.0,,,168757.0,1
Sugarcane,2019-20,Lakshmipur,2021,342.0,,,3753.0,1
Sugarcane,2019-20,Lalmonirhat,2021,298.0,,,3962.0,1
Sugarcane,2019-20,Madaripur,2021,904.0,,,17202.0,1
Sugarcane,2019-20,Magura,2021,245.0,,,3138.0,1
Sugarcane,2019-20,Manikganj,2021,4591.0,,,19643.0,1
Sugarcane,2019-20,Meherpur,2021,720.0,,,13062.0,1
Sugarcane,2019-20,Moulvibazar,2021,49.0,,,90.0,1
Sugarcane,2019-20,Munshiganj,2021,307.0,,,2527.0,1
Sugarcane,2019-20,Mymensingh,2021,5642.0,,,84381.0,1
Sugarcane,2019-20,Naogaon,2021,1058.0,,,20799.0,1
Sugarcane,2019-20,Narail,2021,1690.0,,,25966.0,1
Sugarcane,2019-20,Narayanganj,2021,127.0,,,664.0,1
Sugarcane,2019-20,Narsingdi,2021,183.0,,,1596.0,1
Sugarcane,2019-20,Natore,2021,60454.0,,,1184233.0,1
Sugarcane,2019-20,Netrakona,2021,69.0,,,851.0,1
Sugarcane,2019-20,Nilphamari,2021,296.0,,,7958.0,1
Sugarcane,2019-20,Noakhali,2021,197.0,,,963.0,1
Sugarcane,2019-20,Pabna,2021,8200.0,,,156497.0,1
Sugarcane,2019-20,Panchagarh,2021,7497.0,,,76774.0,1
Sugarcane,2019-20,Patuakhali,2021,66.0,,,309.0,1
Sugarcane,2019-20,Pirojpur,2021,395.0,,,2979.0,1
Sugarcane,2019-20,Rajbari,2021,2174.0,,,39160.0,1
Sugarcane,2019-20,Rajshahi,2021,25414.0,,,472220.0,1
Sugarcane,2019-20,Rangamati,2021,551.0,,,7399.0,1
Sugarcane,2019-20,Rangpur,2021,4617.0,,,106350.0,1
Sugarcane,2019-20,Satkhira,2021,256.0,,,4910.0,1
Sugarcane,2019-20,Shariatpur,2021,939.0,,,11612.0,1
Sugarcane,2019-20,Sherpur,2021,240.0,,,5079.0,1
Sugarcane,2019-20,Sirajganj,2021,2349.0,,,39580.0,1
Sugarcane,2019-20,Sunamganj,2021,333.0,,,3022.0,1
Sugarcane,2019-20,Sylhet,2021,19.0,,,138.0,1
Sugarcane,2019-20,Tangail,2021,2927.0,,,51066.0,1
Sugarcane,2019-20,Thakurgaon,2021,11026.0,,,150266.0,1
Wheat,2018-19,Bagerhat,2021,416.0,168.0,2.472,416.0,1
Wheat,2018-19,Bandarban,2021,0.0,0.0,0.0,0.0,1
Wheat,2018-19,Barishal,2021,1326.0,537.0,2.032,1090.0,1
Wheat,2018-19,Bhola,2021,3604.0,1458.0,3.491,5092.0,1
Wheat,2018-19,Bogura,2021,6461.0,2615.0,2.628,6871.0,1
Wheat,2018-19,Brahmanbaria,2021,2928.0,1185.0,2.197,2603.0,1
Wheat,2018-19,Chandpur,2021,985.0,399.0,2.513,1002.0,1
Wheat,2018-19,Chapainababganj,2021,63391.0,25653.0,3.489,89490.0,1
Wheat,2018-19,Chattogram,2021,0.0,0.0,0.0,0.0,1
Wheat,2018-19,Chuadanga,2021,4653.0,1883.0,2.725,5131.0,1
Wheat,2018-19,Cox's Bazar,2021,0.0,0.0,0.0,0.0,1
Wheat,2018-19,Cumilla,2021,3492.0,1413.0,2.616,3696.0,1
Wheat,2018-19,Dhaka,2021,758.0,307.0,2.679,822.0,1
Wheat,2018-19,Dinajpur,2021,18485.0,7480.0,2.822,21107.0,1
Wheat,2018-19,Faridpur,2021,63762.0,25803.0,3.076,79375.0,1
Wheat,2018-19,Feni,2021,141.0,57.0,2.578,147.0,1
Wheat,2018-19,Gaibandha,2021,8374.0,3389.0,2.665,9030.0,1
Wheat,2018-19,Gazipur,2021,135.0,55.0,1.866,102.0,1
Wheat,2018-19,Gopalganj,2021,17982.0,7277.0,2.723,19814.0,1
Wheat,2018-19,Habiganj,2021,1206.0,488.0,1.833,894.0,1
Wheat,2018-19,Jamalpur,2021,10167.0,4114.0,2.953,12148.0,1
Wheat,2018-19,Jashore,2021,480.0,194.0,2.695,524.0,1
Wheat,2018-19,Jhalokati,2021,191.0,77.0,2.931,227.0,1
Wheat,2018-19,Jhenaidah,2021,8379.0,3391.0,2.869,9727.0,1
Wheat,2018-19,Joypurhat,2021,5733.0,2320.0,2.587,6003.0,1
Wheat,2018-19,Khagrachhari,2021,0.0,0.0,0.0,0.0,1
Wheat,2018-19,Khulna,2021,428.0,173.0,1.825,316.0,1
Wheat,2018-19,Kishoreganj,2021,2628.0,1063.0,2.315,2462.0,1
Wheat,2018-19,Kurigram,2021,20133.0,8147.0,3.052,24868.0,1
Wheat,2018-19,Kushtia,2021,23079.0,9340.0,3.541,33072.0,1
Wheat,2018-19,Lakshmipur,2021,0.0,0.0,0.0,0.0,1
Wheat,2018-19,Lalmonirhat,2021,3901.0,1579.0,2.822,4454.0,1
Wheat,2018-19,Madaripur,2021,10989.0,4447.0,3.317,14750.0,1
Wheat,2018-19,Magura,2021,9014.0,3648.0,2.654,9680.0,1
Wheat,2018-19,Manikganj,2021,1599.0,647.0,2.694,1744.0,1
Wheat,2018-19,Meherpur,2021,19659.0,7956.0,3.724,29624.0,1
Wheat,2018-19,Moulvibazar,2021,91.0,37.0,2.23,82.0,1
Wheat,2018-19,Munshiganj,2021,0.0,0.0,0.0,0.0,1
Wheat,2018-19,Mymensingh,2021,3226.0,1305.0,2.252,2941.0,1
Wheat,2018-19,Naogaon,2021,58630.0,23726.0,3.227,76554.0,1
Wheat,2018-19,Narail,2021,3750.0,1518.0,2.765,4197.0,1
Wheat,2018-19,Narayanganj,2021,0.0,0.0,0.0,0.0,1
Wheat,2018-19,Narsingdi,2021,1263.0,511.0,2.336,1194.0,1
Wheat,2018-19,Natore,2021,52861.0,21392.0,2.858,61129.0,1
Wheat,2018-19,Netrakona,2021,3810.0,1542.0,2.311,3563.0,1
Wheat,2018-19,Nilphamari,2021,12101.0,4897.0,2.975,14567.0,1
Wheat,2018-19,Noakhali,2021,5.0,2.0,1.938,4.0,1
Wheat,2018-19,Pabna,2021,63068.0,25522.0,2.883,73591.0,1
Wheat,2018-19,Panchagarh,2021,40286.0,16303.0,3.336,54391.0,1
Wheat,2018-19,Patuakhali,2021,0.0,0.0,0.0,0.0,1
Wheat,2018-19,Pirojpur,2021,32.0,13.0,2.475,32.0,1
Wheat,2018-19,Rajbari,2021,31676.0,12819.0,2.802,35921.0,1
Wheat,2018-19,Rajshahi,2021,61157.0,24749.0,2.97,73507.0,1
Wheat,2018-19,Rangamati,2021,0.0,0.0,0.0,0.0,1
Wheat,2018-19,Rangpur,2021,4192.0,1696.0,2.955,5014.0,1
Wheat,2018-19,Satkhira,2021,2171.0,879.0,2.882,2532.0,1
Wheat,2018-19,Shariatpur,2021,9917.0,4013.0,3.239,13001.0,1
Wheat,2018-19,Sherpur,2021,2561.0,1036.0,2.573,2666.0,1
Wheat,2018-19,Sirajganj,2021,14653.0,5930.0,2.777,16469.0,1
Wheat,2018-19,Sunamganj,2021,1349.0,546.0,2.603,1421.0,1
Wheat,2018-19,Sylhet,2021,435.0,176.0,1.757,309.0,1
Wheat,2018-19,Tangail,2021,10380.0,4200.0,2.897,12169.0,1
Wheat,2018-19,Thakurgaon,2021,124138.0,50236.0,3.288,165193.0,1
Wheat,2019-20,Bagerhat,2021,2205.0,892.0,1.877,1675.0,1
Wheat,2019-20,Bandarban,2021,0.0,0.0,0.0,0.0,1
Wheat,2019-20,Barishal,2021,1052.0,426.0,2.354,1002.0,1
Wheat,2019-20,Bhola,2021,4830.0,1955.0,3.15,6157.0,1
Wheat,2019-20,Bogura,2021,6555.0,2653.0,2.875,7627.0,1
Wheat,2019-20,Brahmanbaria,2021,2928.0,1185.0,2.285,2707.0,1
Wheat,2019-20,Chandpur,2021,979.0,396.0,2.556,1013.0,1
Wheat,2019-20,Chapainababganj,2021,64099.0,25939.0,3.449,89461.0,1
Wheat,2019-20,Chattogram,2021,0.0,0.0,0.0,0.0,1
Wheat,2019-20,Chuadanga,2021,2824.0,1143.0,2.642,3019.0,1
Wheat,2019-20,Cox's Bazar,2021,0.0,0.0,0.0,0.0,1
Wheat,2019-20,Cumilla,2021,1232.0,498.0,2.545,1269.0,1
Wheat,2019-20,Dhaka,2021,372.0,150.0,2.498,376.0,1
Wheat,2019-20,Dinajpur,2021,16320.0,6604.0,2.851,18830.0,1
Wheat,2019-20,Faridpur,2021,56919.0,23034.0,2.437,56133.0,1
Wheat,2019-20,Feni,2021,144.0,58.0,2.52,147.0,1
Wheat,2019-20,Gaibandha,2021,7952.0,3218.0,2.545,8189.0,1
Wheat,2019-20,Gazipur,2021,134.0,54.0,1.866,101.0,1
Wheat,2019-20,Gopalganj,2021,16678.0,6749.0,2.895,19542.0,1
Wheat,2019-20,Habiganj,2021,722.0,292.0,1.833,536.0,1
Wheat,2019-20,Jamalpur,2021,9753.0,3947.0,2.939,11599.0,1
Wheat,2019-20,Jashore,2021,933.0,378.0,2.823,1066.0,1
Wheat,2019-20,Jhalokati,2021,40.0,16.0,3.072,50.0,1
Wheat,2019-20,Jhenaidah,2021,10310.0,4172.0,3.367,14047.0,1
Wheat,2019-20,Joypurhat,2021,5743.0,2324.0,2.794,6493.0,1
Wheat,2019-20,Khagrachhari,2021,0.0,0.0,0.0,0.0,1
Wheat,2019-20,Khulna,2021,460.0,186.0,2.242,417.0,1
Wheat,2019-20,Kishoreganj,2021,2471.0,1000.0,2.22,2220.0,1
Wheat,2019-20,Kurigram,2021,20750.0,8397.0,3.037,25506.0,1
Wheat,2019-20,Kushtia,2021,28147.0,11390.0,3.784,43098.0,1
Wheat,2019-20,Lakshmipur,2021,0.0,0.0,0.0,0.0,1
Wheat,2019-20,Lalmonirhat,2021,3457.0,1399.0,2.848,3985.0,1
Wheat,2019-20,Madaripur,2021,10658.0,4313.0,2.954,12738.0,1
Wheat,2019-20,Magura,2021,10574.0,4279.0,2.785,11916.0,1
Wheat,2019-20,Manikganj,2021,873.0,353.0,2.933,1036.0,1
Wheat,2019-20,Meherpur,2021,28856.0,11677.0,3.628,42363.0,1
Wheat,2019-20,Moulvibazar,2021,83.0,34.0,2.258,76.0,1
Wheat,2019-20,Munshiganj,2021,0.0,0.0,0.0,0.0,1
Wheat,2019-20,Mymensingh,2021,3296.0,1334.0,2.493,3326.0,1
Wheat,2019-20,Naogaon,2021,53783.0,21765.0,3.286,71530.0,1
Wheat,2019-20,Narail,2021,3522.0,1425.0,2.948,4202.0,1
Wheat,2019-20,Narayanganj,2021,5.0,2.0,2.081,4.0,1
Wheat,2019-20,Narsingdi,2021,830.0,336.0,2.244,754.0,1
Wheat,2019-20,Natore,2021,54380.0,22006.0,2.93,64489.0,1
Wheat,2019-20,Netrakona,2021,3162.0,1280.0,2.389,3057.0,1
Wheat,2019-20,Nilphamari,2021,12843.0,5197.0,3.08,16007.0,1
Wheat,2019-20,Noakhali,2021,3.0,1.0,1.938,2.0,1
Wheat,2019-20,Pabna,2021,64118.0,25947.0,2.955,76683.0,1
Wheat,2019-20,Panchagarh,2021,43785.0,17719.0,3.144,55716.0,1
Wheat,2019-20,Patuakhali,2021,0.0,0.0,0.0,0.0,1
Wheat,2019-20,Pirojpur,2021,46.0,19.0,1.537,29.0,1
Wheat,2019-20,Rajbari,2021,29423.0,11907.0,2.657,31631.0,1
Wheat,2019-20,Rajshahi,2021,65098.0,26344.0,3.074,80990.0,1
Wheat,2019-20,Rangamati,2021,0.0,0.0,0.0,0.0,1
Wheat,2019-20,Rangpur,2021,4377.0,1771.0,3.287,5823.0,1
Wheat,2019-20,Satkhira,2021,1802.0,729.0,2.882,2102.0,1
Wheat,2019-20,Shariatpur,2021,10003.0,4048.0,3.105,12568.0,1
Wheat,2019-20,Sherpur,2021,1652.0,669.0,2.821,1886.0,1
Wheat,2019-20,Sirajganj,2021,14114.0,5712.0,2.723,15552.0,1
Wheat,2019-20,Sunamganj,2021,854.0,346.0,2.726,942.0,1
Wheat,2019-20,Sylhet,2021,490.0,198.0,1.813,359.0,1
Wheat,2019-20,Tangail,2021,10986.0,4446.0,2.619,11642.0,1
Wheat,2019-20,Thakurgaon,2021,123457.0,49960.0,3.516,175669.0,1
