crop,crop_year,district,edition,area_acres,area_ha,yield_mt_per_ha,production_mt,n_tables
Aman,2020-21,Bagerhat,2022,177321.0,71758.0,2.103,150905.0,1
Aman,2020-21,Bandarban,2022,25646.0,10378.0,2.905,30154.0,1
Aman,2020-21,Barguna,2022,231401.0,93643.0,1.904,178315.0,1
Aman,2020-21,Barishal,2022,302665.0,122482.0,1.871,229149.0,1
Aman,2020-21,Bhola,2022,388575.0,157248.0,2.72,427686.0,1
Aman,2020-21,Bogura,2022,443007.0,179275.0,2.947,528275.0,1
Aman,2020-21,Brahmanbaria,2022,174588.0,70652.0,2.507,177143.0,1
Aman,2020-21,Chandpur,2022,90004.0,36423.0,1.928,70243.0,1
Aman,2020-21,Chapainababganj,2022,140665.0,56924.0,2.786,158565.0,1
Aman,2020-21,Chattogram,2022,444857.0,180024.0,2.417,435070.0,1
Aman,2020-21,Chuadanga,2022,85718.0,34688.0,2.71,94005.0,1
Aman,2020-21,Cox's Bazar,2022,181306.0,73371.0,2.744,201325.0,1
Aman,2020-21,Cumilla,2022,327517.0,132539.0,2.248,297925.0,1
Aman,2020-21,Dhaka,2022,18702.0,7568.0,2.385,18052.0,1
Aman,2020-21,Dinajpur,2022,645472.0,261208.0,2.666,696412.0,1
Aman,2020-21,Faridpur,2022,191856.0,77640.0,2.57,199564.0,1
Aman,2020-21,Feni,2022,163129.0,66015.0,2.971,196106.0,1
Aman,2020-21,Gaibandha,2022,293991.0,118972.0,2.784,331227.0,1
Aman,2020-21,Gazipur,2022,112432.0,45499.0,2.93,133334.0,1
Aman,2020-21,Gopalganj,2022,59993.0,24278.0,1.858,45111.0,1
Aman,2020-21,Habiganj,2022,245464.0,99334.0,2.631,261337.0,1
Aman,2020-21,Jamalpur,2022,265787.0,107558.0,2.356,253428.0,1
Aman,2020-21,Jashore,2022,338887.0,137140.0,2.834,388688.0,1
Aman,2020-21,Jhalokati,2022,116665.0,47212.0,1.963,92688.0,1
Aman,2020-21,Jhenaidah,2022,252930.0,102355.0,3.384,346395.0,1
Aman,2020-21,Joypurhat,2022,170726.0,69089.0,2.812,194274.0,1
Aman,2020-21,Khagrachhari,2022,66694.0,26990.0,3.223,86994.0,1
Aman,2020-21,Khulna,2022,237461.0,96095.0,2.77,266182.0,1
Aman,2020-21,Kishoreganj,2022,186328.0,75403.0,2.862,215828.0,1
Aman,2020-21,Kurigram,2022,283509.0,114730.0,2.723,312446.0,1
Aman,2020-21,Kushtia,2022,225972.0,91446.0,2.966,271251.0,1
Aman,2020-21,Lakshmipur,2022,185213.0,74952.0,2.603,195078.0,1
Aman,2020-21,Lalmonirhat,2022,189950.0,76869.0,2.82,216764.0,1
Aman,2020-21,Madaripur,2022,40746.0,16500.0,2.05,33832.0,1
Aman,2020-21,Magura,2022,143430.0,58043.0,2.626,152415.0,1
Aman,2020-21,Manikganj,2022,19457.0,7874.0,2.273,17897.0,1
Aman,2020-21,Meherpur,2022,82524.0,33396.0,3.161,105565.0,1
Aman,2020-21,Moulvibazar,2022,251081.0,101607.0,2.917,296432.0,1
Aman,2020-21,Munshiganj,2022,41822.0,16924.0,0.972,16453.0,1
Aman,2020-21,Mymensingh,2022,663734.0,268599.0,2.4,644590.0,1
Aman,2020-21,Naogaon,2022,468054.0,190458.0,2.66,506606.0,1
Aman,2020-21,Narail,2022,85229.0,34490.0,2.639,91033.0,1
Aman,2020-21,Narayanganj,2022,19756.0,7995.0,1.355,10831.0,1
Aman,2020-21,Narsingdi,2022,97752.0,39558.0,2.568,101595.0,1
Aman,2020-21,Natore,2022,182696.0,74244.0,2.755,204517.0,1
Aman,2020-21,Netrakona,2022,301949.0,122192.0,2.696,329444.0,1
Aman,2020-21,Nilphamari,2022,279580.0,112642.0,2.739,308476.0,1
Aman,2020-21,Noakhali,2022,382971.0,155025.0,2.553,395848.0,1
Aman,2020-21,Pabna,2022,221929.0,89810.0,2.142,192384.0,1
Aman,2020-21,Panchagarh,2022,246162.0,99616.0,3.08,306853.0,1
Aman,2020-21,Patuakhali,2022,431833.0,174753.0,1.852,323592.0,1
Aman,2020-21,Pirojpur,2022,155038.0,62740.0,1.594,99988.0,1
Aman,2020-21,Rajbari,2022,117377.0,47500.0,2.258,107247.0,1
Aman,2020-21,Rajshahi,2022,182555.0,73876.0,3.148,232548.0,1
Aman,2020-21,Rangamati,2022,23990.0,9708.0,2.963,28765.0,1
Aman,2020-21,Rangpur,2022,405055.0,163917.0,2.699,442446.0,1
Aman,2020-21,Satkhira,2022,207744.0,84069.0,2.739,230274.0,1
Aman,2020-21,Shariatpur,2022,32898.0,13313.0,1.733,23078.0,1
Aman,2020-21,Sherpur,2022,202388.0,81902.0,2.354,192829.0,1
Aman,2020-21,Sirajganj,2022,200166.0,81003.0,2.729,221083.0,1
Aman,2020-21,Sunamganj,2022,198587.0,96885.0,2.142,207494.0,1
Aman,2020-21,Sylhet,2022,336140.0,136028.0,2.619,356207.0,1
Aman,2020-21,Tangail,2022,249183.0,100839.0,2.059,207672.0,1
Aman,2020-21,Thakurgaon,2022,322836.0,130645.0,2.678,349856.0,1
Aman,2021-22,Bagerhat,2022,176310.0,71367.0,2.21,157754.0,1
Aman,2021-22,Bandarban,2022,24635.0,9974.0,2.753,27455.0,1
Aman,2021-22,Barguna,2022,231852.0,93850.0,2.07,194271.0,1
Aman,2021-22,Barishal,2022,300640.0,121687.0,1.914,232967.0,1
Aman,2021-22,Bhola,2022,413366.0,167346.0,2.888,483326.0,1
Aman,2021-22,Bogura,2022,445635.0,180346.0,3.074,554378.0,1
Aman,2021-22,Brahmanbaria,2022,174096.0,70474.0,2.479,174681.0,1
Aman,2021-22,Chandpur,2022,105017.0,42500.0,1.744,74129.0,1
Aman,2021-22,Chapainababganj,2022,142001.0,57467.0,2.846,163578.0,1
Aman,2021-22,Chattogram,2022,445835.0,180489.0,2.461,444143.0,1
Aman,2021-22,Chuadanga,2022,82851.0,33543.0,2.728,91510.0,1
Aman,2021-22,Cox's Bazar,2022,183516.0,74297.0,2.806,208441.0,1
Aman,2021-22,Cumilla,2022,313671.0,126985.0,2.432,308845.0,1
Aman,2021-22,Dhaka,2022,18598.0,7528.0,2.316,17437.0,1
Aman,2021-22,Dinajpur,2022,642284.0,259929.0,2.793,725866.0,1
Aman,2021-22,Faridpur,2022,202637.0,82033.0,2.71,222346.0,1
Aman,2021-22,Feni,2022,162866.0,65935.0,2.985,196830.0,1
Aman,2021-22,Gaibandha,2022,306564.0,124065.0,2.48,307710.0,1
Aman,2021-22,Gazipur,2022,108468.0,43912.0,2.997,131623.0,1
Aman,2021-22,Gopalganj,2022,56699.0,22950.0,1.759,40366.0,1
Aman,2021-22,Habiganj,2022,239978.0,97118.0,2.348,228037.0,1
Aman,2021-22,Jamalpur,2022,265851.0,107588.0,2.404,258595.0,1
Aman,2021-22,Jashore,2022,339795.0,137568.0,2.859,393267.0,1
Aman,2021-22,Jhalokati,2022,116760.0,47257.0,1.925,90990.0,1
Aman,2021-22,Jhenaidah,2022,253361.0,102575.0,3.408,349542.0,1
Aman,2021-22,Joypurhat,2022,168769.0,68300.0,2.886,197141.0,1
Aman,2021-22,Khagrachhari,2022,67542.0,27344.0,3.046,83300.0,1
Aman,2021-22,Khulna,2022,237733.0,96238.0,2.505,241087.0,1
Aman,2021-22,Kishoreganj,2022,187274.0,75818.0,2.747,208251.0,1
Aman,2021-22,Kurigram,2022,290358.0,117506.0,2.79,327842.0,1
Aman,2021-22,Kushtia,2022,218893.0,88620.0,3.011,266835.0,1
Aman,2021-22,Lakshmipur,2022,187521.0,75916.0,2.69,204188.0,1
Aman,2021-22,Lalmonirhat,2022,212729.0,86125.0,2.848,245313.0,1
Aman,2021-22,Madaripur,2022,43330.0,17538.0,1.933,33902.0,1
Aman,2021-22,Magura,2022,142443.0,57669.0,2.622,151223.0,1
Aman,2021-22,Manikganj,2022,83496.0,33794.0,1.442,48722.0,1
Aman,2021-22,Meherpur,2022,63909.0,25874.0,3.063,79248.0,1
Aman,2021-22,Moulvibazar,2022,249890.0,101129.0,2.93,296319.0,1
Aman,2021-22,Munshiganj,2022,49161.0,19895.0,1.033,20553.0,1
Aman,2021-22,Mymensingh,2022,657852.0,266229.0,2.585,688148.0,1
Aman,2021-22,Naogaon,2022,482970.0,195533.0,2.777,543087.0,1
Aman,2021-22,Narail,2022,103288.0,41814.0,2.69,112480.0,1
Aman,2021-22,Narayanganj,2022,18146.0,7345.0,1.454,10682.0,1
Aman,2021-22,Narsingdi,2022,95894.0,38821.0,2.723,105696.0,1
Aman,2021-22,Natore,2022,209602.0,84859.0,2.793,237011.0,1
Aman,2021-22,Netrakona,2022,321724.0,130200.0,2.713,353269.0,1
Aman,2021-22,Nilphamari,2022,277162.0,112166.0,2.723,305469.0,1
Aman,2021-22,Noakhali,2022,372889.0,150955.0,2.623,395982.0,1
Aman,2021-22,Pabna,2022,222516.0,90051.0,2.178,196169.0,1
Aman,2021-22,Panchagarh,2022,246585.0,99792.0,3.083,307689.0,1
Aman,2021-22,Patuakhali,2022,464161.0,187884.0,2.065,388012.0,1
Aman,2021-22,Pirojpur,2022,156529.0,63350.0,1.432,90716.0,1
Aman,2021-22,Rajbari,2022,106509.0,43120.0,2.283,98458.0,1
Aman,2021-22,Rajshahi,2022,183585.0,74296.0,3.238,240574.0,1
Aman,2021-22,Rangamati,2022,23686.0,9589.0,2.929,28090.0,1
Aman,2021-22,Rangpur,2022,406013.0,164311.0,2.823,463811.0,1
Aman,2021-22,Satkhira,2022,217139.0,87910.0,3.032,266546.0,1
Aman,2021-22,Shariatpur,2022,29278.0,11849.0,1.496,17727.0,1
Aman,2021-22,Sherpur,2022,224973.0,91045.0,2.459,223878.0,1
Aman,2021-22,Sirajganj,2022,202611.0,82029.0,2.607,213848.0,1
Aman,2021-22,Sunamganj,2022,200275.0,81050.0,2.378,192731.0,1
Aman,2021-22,Sylhet,2022,347060.0,140453.0,2.633,369801.0,1
Aman,2021-22,Tangail,2022,266370.0,107827.0,2.157,232632.0,1
Aman,2021-22,Thakurgaon,2022,338635.0,137099.0,2.873,393874.0,1
Aus,2020-21,Bagerhat,2022,14355.0,5809.0,2.765,16061.0,1
Aus,2020-21,Bandarban,2022,30323.0,12271.0,1.994,24465.0,1
Aus,2020-21,Barguna,2022,136821.0,55368.0,2.53,140059.0,1
Aus,2020-21,Barishal,2022,44719.0,18097.0,1.896,33829.0,1
Aus,2020-21,Bhola,2022,225181.0,91126.0,1.939,176699.0,1
Aus,2020-21,Bogura,2022,79878.0,32325.0,2.42,78226.0,1
Aus,2020-21,Brahmanbaria,2022,28171.0,11400.0,2.58,29411.0,1
Aus,2020-21,Chandpur,2022,26157.0,10585.0,2.578,27283.0,1
Aus,2020-21,Chapainababganj,2022,112725.0,45617.0,2.701,123224.0,1
Aus,2020-21,Chattogram,2022,87232.0,35301.0,2.887,101908.0,1
Aus,2020-21,Chuadanga,2022,105578.0,42725.0,2.689,114888.0,1
Aus,2020-21,Cox's Bazar,2022,7479.0,3027.0,2.63,7961.0,1
Aus,2020-21,Cumilla,2022,194395.0,78668.0,2.35,184858.0,1
Aus,2020-21,Dhaka,2022,1454.0,588.0,1.954,1149.0,1
Aus,2020-21,Dinajpur,2022,28663.0,11599.0,2.093,24277.0,1
Aus,2020-21,Faridpur,2022,21437.0,8675.0,1.546,13413.0,1
Aus,2020-21,Feni,2022,27313.0,11053.0,2.21,24428.0,1
Aus,2020-21,Gaibandha,2022,34902.0,14124.0,2.099,29653.0,1
Aus,2020-21,Gazipur,2022,3943.0,1596.0,3.226,5147.0,1
Aus,2020-21,Gopalganj,2022,9664.0,3911.0,3.54,13842.0,1
Aus,2020-21,Habiganj,2022,191786.0,77612.0,2.682,208130.0,1
Aus,2020-21,Jamalpur,2022,9975.0,4037.0,2.269,9157.0,1
Aus,2020-21,Jashore,2022,41981.0,16989.0,3.119,52983.0,1
Aus,2020-21,Jhalokati,2022,39679.0,16057.0,2.646,42484.0,1
Aus,2020-21,Jhenaidah,2022,87423.0,35378.0,3.024,106970.0,1
Aus,2020-21,Joypurhat,2022,1038.0,420.0,2.333,980.0,1
Aus,2020-21,Khagrachhari,2022,11154.0,4514.0,2.494,11256.0,1
Aus,2020-21,Khulna,2022,9017.0,3649.0,1.354,4942.0,1
Aus,2020-21,Kishoreganj,2022,66014.0,26714.0,2.595,69329.0,1
Aus,2020-21,Kurigram,2022,16357.0,6619.0,2.085,13802.0,1
Aus,2020-21,Kushtia,2022,67774.0,27427.0,2.885,79121.0,1
Aus,2020-21,Lakshmipur,2022,80238.0,32470.0,2.188,71060.0,1
Aus,2020-21,Lalmonirhat,2022,27851.0,11271.0,2.502,28204.0,1
Aus,2020-21,Madaripur,2022,4854.0,1964.0,1.692,3324.0,1
Aus,2020-21,Magura,2022,14520.0,5876.0,2.063,12123.0,1
Aus,2020-21,Manikganj,2022,8158.0,3301.0,2.11,6967.0,1
Aus,2020-21,Meherpur,2022,51464.0,20826.0,3.075,64047.0,1
Aus,2020-21,Moulvibazar,2022,129959.0,52592.0,2.993,157404.0,1
Aus,2020-21,Munshiganj,2022,447.0,181.0,2.216,401.0,1
Aus,2020-21,Mymensingh,2022,58364.0,23619.0,2.311,54574.0,1
Aus,2020-21,Naogaon,2022,158927.0,64314.0,2.663,171272.0,1
Aus,2020-21,Narail,2022,22828.0,9238.0,2.076,19174.0,1
Aus,2020-21,Narayanganj,2022,6054.0,2450.0,2.305,5646.0,1
Aus,2020-21,Narsingdi,2022,3735.0,1512.0,2.693,4071.0,1
Aus,2020-21,Natore,2022,24015.0,9718.0,2.845,27651.0,1
Aus,2020-21,Netrakona,2022,3609.0,1461.0,2.376,3470.0,1
Aus,2020-21,Nilphamari,2022,4312.0,1745.0,2.043,3565.0,1
Aus,2020-21,Noakhali,2022,99075.0,40094.0,2.146,86027.0,1
Aus,2020-21,Pabna,2022,59351.0,24018.0,2.096,50334.0,1
Aus,2020-21,Panchagarh,2022,6020.0,2436.0,2.539,6185.0,1
Aus,2020-21,Patuakhali,2022,83287.0,33705.0,2.513,84711.0,1
Aus,2020-21,Pirojpur,2022,33909.0,13722.0,2.344,32164.0,1
Aus,2020-21,Rajbari,2022,6411.0,2594.0,1.729,4485.0,1
Aus,2020-21,Rajshahi,2022,108931.0,44082.0,2.846,125445.0,1
Aus,2020-21,Rangamati,2022,14523.0,5877.0,1.547,9091.0,1
Aus,2020-21,Rangpur,2022,63967.0,25886.0,2.743,71011.0,1
Aus,2020-21,Satkhira,2022,19706.0,7975.0,2.825,22530.0,1
Aus,2020-21,Shariatpur,2022,30842.0,12481.0,2.429,30321.0,1
Aus,2020-21,Sherpur,2022,12847.0,5199.0,2.345,12190.0,1
Aus,2020-21,Sirajganj,2022,25932.0,10494.0,2.58,27070.0,1
Aus,2020-21,Sunamganj,2022,50522.0,20445.0,2.69,55001.0,1
Aus,2020-21,Sylhet,2022,183424.0,74228.0,2.65,196721.0,1
Aus,2020-21,Tangail,2022,2964.0,1199.0,2.142,2569.0,1
Aus,2020-21,Thakurgaon,2022,61148.0,24745.0,2.666,65964.0,1
Aus,2021-22,Bagerhat,2022,11900.0,4816.0,2.366,11392.0,1
Aus,2021-22,Bandarban,2022,30461.0,12327.0,1.892,23318.0,1
Aus,2021-22,Barguna,2022,115929.0,46916.0,2.319,108783.0,1
Aus,2021-22,Barishal,2022,29100.0,11777.0,1.64,19318.0,1
Aus,2021-22,Bhola,2022,205166.0,83030.0,2.178,180850.0,1
Aus,2021-22,Bogura,2022,45372.0,18362.0,2.605,47837.0,1
Aus,2021-22,Brahmanbaria,2022,28942.0,11713.0,2.584,30267.0,1
Aus,2021-22,Chandpur,2022,23876.0,9663.0,2.666,25762.0,1
Aus,2021-22,Chapainababganj,2022,104554.0,42312.0,2.929,123948.0,1
Aus,2021-22,Chattogram,2022,82397.0,33345.0,2.663,88815.0,1
Aus,2021-22,Chuadanga,2022,97540.0,39474.0,2.848,112404.0,1
Aus,2021-22,Cox's Bazar,2022,4976.0,2014.0,2.84,5718.0,1
Aus,2021-22,Cumilla,2022,183224.0,74150.0,2.618,194110.0,1
Aus,2021-22,Dhaka,2022,1771.0,717.0,2.569,1842.0,1
Aus,2021-22,Dinajpur,2022,26319.0,10651.0,2.741,29197.0,1
Aus,2021-22,Faridpur,2022,20190.0,8171.0,1.47,12010.0,1
Aus,2021-22,Feni,2022,26305.0,10645.0,2.276,24231.0,1
Aus,2021-22,Gaibandha,2022,33688.0,13633.0,2.503,34126.0,1
Aus,2021-22,Gazipur,2022,3805.0,1540.0,3.145,4843.0,1
Aus,2021-22,Gopalganj,2022,6611.0,2675.0,2.247,6013.0,1
Aus,2021-22,Habiganj,2022,117456.0,47534.0,2.666,126720.0,1
Aus,2021-22,Jamalpur,2022,9300.0,3764.0,2.223,8367.0,1
Aus,2021-22,Jashore,2022,37305.0,15097.0,3.208,48436.0,1
Aus,2021-22,Jhalokati,2022,32944.0,13332.0,2.561,34140.0,1
Aus,2021-22,Jhenaidah,2022,88826.0,35947.0,3.123,112268.0,1
Aus,2021-22,Joypurhat,2022,1045.0,423.0,2.287,967.0,1
Aus,2021-22,Khagrachhari,2022,8029.0,3249.0,2.137,6944.0,1
Aus,2021-22,Khulna,2022,7680.0,3108.0,1.345,4179.0,1
Aus,2021-22,Kishoreganj,2022,63128.0,25548.0,2.628,67140.0,1
Aus,2021-22,Kurigram,2022,17819.0,7211.0,2.575,18571.0,1
Aus,2021-22,Kushtia,2022,67396.0,27275.0,2.881,78586.0,1
Aus,2021-22,Lakshmipur,2022,65347.0,26446.0,2.357,62330.0,1
Aus,2021-22,Lalmonirhat,2022,26594.0,10762.0,2.92,31428.0,1
Aus,2021-22,Madaripur,2022,3111.0,1259.0,1.842,2319.0,1
Aus,2021-22,Magura,2022,12635.0,5113.0,2.024,10352.0,1
Aus,2021-22,Manikganj,2022,7193.0,2911.0,2.385,6942.0,1
Aus,2021-22,Meherpur,2022,48761.0,19733.0,2.073,40898.0,1
Aus,2021-22,Moulvibazar,2022,117337.0,47486.0,2.855,135557.0,1
Aus,2021-22,Munshiganj,2022,411.0,166.0,2.662,443.0,1
Aus,2021-22,Mymensingh,2022,47650.0,19284.0,2.75,53022.0,1
Aus,2021-22,Naogaon,2022,164064.0,66396.0,2.949,195779.0,1
Aus,2021-22,Narail,2022,18252.0,7386.0,1.869,13805.0,1
Aus,2021-22,Narayanganj,2022,4474.0,1811.0,2.047,3706.0,1
Aus,2021-22,Narsingdi,2022,2562.0,1037.0,2.614,2710.0,1
Aus,2021-22,Natore,2022,21822.0,8831.0,2.633,23255.0,1
Aus,2021-22,Netrakona,2022,1615.0,654.0,2.446,1599.0,1
Aus,2021-22,Nilphamari,2022,4182.0,1692.0,2.601,4402.0,1
Aus,2021-22,Noakhali,2022,89169.0,36086.0,2.51,90574.0,1
Aus,2021-22,Pabna,2022,54458.0,22039.0,2.024,44603.0,1
Aus,2021-22,Panchagarh,2022,6580.0,2663.0,2.587,6890.0,1
Aus,2021-22,Patuakhali,2022,73516.0,29752.0,2.48,73795.0,1
Aus,2021-22,Pirojpur,2022,30645.0,12402.0,2.199,27266.0,1
Aus,2021-22,Rajbari,2022,6126.0,2479.0,1.676,4156.0,1
Aus,2021-22,Rajshahi,2022,112145.0,45384.0,2.946,133706.0,1
Aus,2021-22,Rangamati,2022,13561.0,5488.0,1.457,7996.0,1
Aus,2021-22,Rangpur,2022,61065.0,24713.0,2.759,68177.0,1
Aus,2021-22,Satkhira,2022,16181.0,6548.0,2.866,18766.0,1
Aus,2021-22,Shariatpur,2022,23775.0,9622.0,2.429,23371.0,1
Aus,2021-22,Sherpur,2022,9411.0,3809.0,2.532,9643.0,1
Aus,2021-22,Sirajganj,2022,19009.0,7693.0,2.085,16043.0,1
Aus,2021-22,Sunamganj,2022,47641.0,19280.0,2.667,51413.0,1
Aus,2021-22,Sylhet,2022,163120.0,66014.0,2.765,182533.0,1
Aus,2021-22,Tangail,2022,4280.0,1732.0,1.817,3147.0,1
Aus,2021-22,Thakurgaon,2022,54340.0,21991.0,2.689,59127.0,1
Boro,2020-21,Bagerhat,2022,145439.0,58856.0,4.57,268754.0,1
Boro,2020-21,Bandarban,2022,15427.0,6243.0,3.86,24116.0,1
Boro,2020-21,Barguna,2022,17220.0,6969.0,3.25,22680.0,1
Boro,2020-21,Barishal,2022,130120.0,52657.0,3.99,209855.0,1
Boro,2020-21,Bhola,2022,93653.0,37899.0,3.83,145049.0,1
Boro,2020-21,Bogura,2022,457983.0,185336.0,3.884,719759.0,1
Boro,2020-21,Brahmanbaria,2022,276814.0,112020.0,4.61,516316.0,1
Boro,2020-21,Chandpur,2022,150393.0,60861.0,4.1,249509.0,1
Boro,2020-21,Chapainababganj,2022,118339.0,47889.0,4.455,213342.0,1
Boro,2020-21,Chattogram,2022,155621.0,62977.0,4.01,252243.0,1
Boro,2020-21,Chuadanga,2022,82100.0,33224.0,3.77,125157.0,1
Boro,2020-21,Cox's Bazar,2022,128735.0,52096.0,3.96,206041.0,1
Boro,2020-21,Cumilla,2022,369206.0,149410.0,4.41,658933.0,1
Boro,2020-21,Dhaka,2022,110401.0,44677.0,4.61,205831.0,1
Boro,2020-21,Dinajpur,2022,429961.0,173996.0,4.091,711737.0,1
Boro,2020-21,Faridpur,2022,56903.0,23027.0,4.62,106298.0,1
Boro,2020-21,Feni,2022,66737.0,27007.0,3.65,98612.0,1
Boro,2020-21,Gaibandha,2022,321264.0,130008.0,4.029,523837.0,1
Boro,2020-21,Gazipur,2022,146748.0,59386.0,4.34,257662.0,1
Boro,2020-21,Gopalganj,2022,183726.0,74350.0,4.93,366425.0,1
Boro,2020-21,Habiganj,2022,295677.0,119654.0,3.657,437550.0,1
Boro,2020-21,Jamalpur,2022,322186.0,130382.0,4.23,551535.0,1
Boro,2020-21,Jashore,2022,388502.0,157218.0,4.47,703045.0,1
Boro,2020-21,Jhalokati,2022,26405.0,10686.0,3.75,40037.0,1
Boro,2020-21,Jhenaidah,2022,197602.0,79965.0,4.25,339889.0,1
Boro,2020-21,Joypurhat,2022,169581.0,68626.0,4.066,279023.0,1
Boro,2020-21,Khagrachhari,2022,26856.0,10868.0,3.83,41588.0,1
Boro,2020-21,Khulna,2022,142077.0,57495.0,4.23,243273.0,1
Boro,2020-21,Kishoreganj,2022,403798.0,163408.0,4.25,694537.0,1
Boro,2020-21,Kurigram,2022,276736.0,111989.0,3.971,444758.0,1
Boro,2020-21,Kushtia,2022,86620.0,35053.0,4.26,149437.0,1
Boro,2020-21,Lakshmipur,2022,76552.0,30979.0,3.88,120280.0,1
Boro,2020-21,Lalmonirhat,2022,114112.0,46179.0,4.156,191901.0,1
Boro,2020-21,Madaripur,2022,80650.0,32637.0,4.26,138886.0,1
Boro,2020-21,Magura,2022,86301.0,34924.0,3.79,132515.0,1
Boro,2020-21,Manikganj,2022,118316.0,47880.0,4.84,231520.0,1
Boro,2020-21,Meherpur,2022,47938.0,19399.0,3.97,77060.0,1
Boro,2020-21,Moulvibazar,2022,138015.0,55852.0,3.244,181159.0,1
Boro,2020-21,Munshiganj,2022,56700.0,22945.0,4.42,101346.0,1
Boro,2020-21,Mymensingh,2022,645176.0,261089.0,4.126,1077242.0,1
Boro,2020-21,Naogaon,2022,458122.0,185392.0,4.416,818693.0,1
Boro,2020-21,Narail,2022,116842.0,47283.0,4.57,216119.0,1
Boro,2020-21,Narayanganj,2022,49627.0,20083.0,4.3,86422.0,1
Boro,2020-21,Narsingdi,2022,132083.0,53451.0,3.96,211748.0,1
Boro,2020-21,Natore,2022,148250.0,59994.0,4.306,258336.0,1
Boro,2020-21,Netrakona,2022,449438.0,181878.0,4.123,749905.0,1
Boro,2020-21,Nilphamari,2022,204505.0,82759.0,4.356,360529.0,1
Boro,2020-21,Noakhali,2022,166632.0,67432.0,4.63,312364.0,1
Boro,2020-21,Pabna,2022,134501.0,54430.0,4.319,235085.0,1
Boro,2020-21,Panchagarh,2022,77506.0,31365.0,3.832,120184.0,1
Boro,2020-21,Patuakhali,2022,2655.0,1074.0,3.27,3517.0,1
Boro,2020-21,Pirojpur,2022,56336.0,22798.0,4.23,96361.0,1
Boro,2020-21,Rajbari,2022,32310.0,13075.0,4.25,55573.0,1
Boro,2020-21,Rajshahi,2022,161465.0,65341.0,4.06,265300.0,1
Boro,2020-21,Rangamati,2022,17437.0,7056.0,3.99,28175.0,1
Boro,2020-21,Rangpur,2022,326394.0,132084.0,4.441,586599.0,1
Boro,2020-21,Satkhira,2022,185546.0,75086.0,3.94,295593.0,1
Boro,2020-21,Shariatpur,2022,64104.0,25941.0,4.65,120574.0,1
Boro,2020-21,Sherpur,2022,225451.0,91235.0,4.134,377149.0,1
Boro,2020-21,Sirajganj,2022,347176.0,140495.0,4.228,593982.0,1
Boro,2020-21,Sunamganj,2022,546442.0,221133.0,3.708,819988.0,1
Boro,2020-21,Sylhet,2022,204408.0,82719.0,3.028,250496.0,1
Boro,2020-21,Tangail,2022,420470.0,170155.0,4.32,735536.0,1
Boro,2020-21,Thakurgaon,2022,144862.0,58622.0,3.895,228318.0,1
Boro,2021-22,Bagerhat,2022,144097.0,58315.0,4.601,268314.0,1
Boro,2021-22,Bandarban,2022,15428.0,6244.0,3.921,24483.0,1
Boro,2021-22,Barguna,2022,20117.0,8141.0,3.65,29714.0,1
Boro,2021-22,Barishal,2022,130771.0,52944.0,4.061,214990.0,1
Boro,2021-22,Bhola,2022,97801.0,39580.0,4.237,167712.0,1
Boro,2021-22,Bogura,2022,461170.0,186633.0,3.858,720121.0,1
Boro,2021-22,Brahmanbaria,2022,273611.0,110729.0,3.937,435989.0,1
Boro,2021-22,Chandpur,2022,152641.0,61773.0,4.41,272417.0,1
Boro,2021-22,Chapainababganj,2022,124889.0,50562.0,4.463,225685.0,1
Boro,2021-22,Chattogram,2022,156181.0,63206.0,4.003,253044.0,1
Boro,2021-22,Chuadanga,2022,86311.0,34930.0,3.999,139693.0,1
Boro,2021-22,Cox's Bazar,2022,128936.0,52180.0,4.175,217873.0,1
Boro,2021-22,Cumilla,2022,371053.0,150224.0,4.189,629280.0,1
Boro,2021-22,Dhaka,2022,103505.0,41888.0,5.014,210018.0,1
Boro,2021-22,Dinajpur,2022,425926.0,172370.0,4.076,702653.0,1
Boro,2021-22,Faridpur,2022,57157.0,23131.0,4.428,102413.0,1
Boro,2021-22,Feni,2022,72569.0,29368.0,3.451,101359.0,1
Boro,2021-22,Gaibandha,2022,314754.0,127379.0,4.017,511704.0,1
Boro,2021-22,Gazipur,2022,142459.0,57676.0,4.296,247769.0,1
Boro,2021-22,Gopalganj,2022,189515.0,76727.0,5.047,387234.0,1
Boro,2021-22,Habiganj,2022,301859.0,122161.0,3.779,461591.0,1
Boro,2021-22,Jamalpur,2022,319474.0,129289.0,4.059,524828.0,1
Boro,2021-22,Jashore,2022,388152.0,157083.0,4.462,700934.0,1
Boro,2021-22,Jhalokati,2022,26701.0,10806.0,3.364,36347.0,1
Boro,2021-22,Jhenaidah,2022,210787.0,85339.0,4.567,389737.0,1
Boro,2021-22,Joypurhat,2022,168643.0,68249.0,3.853,262958.0,1
Boro,2021-22,Khagrachhari,2022,26931.0,10899.0,3.744,40803.0,1
Boro,2021-22,Khulna,2022,147880.0,59870.0,4.015,240362.0,1
Boro,2021-22,Kishoreganj,2022,404788.0,163815.0,4.095,670800.0,1
Boro,2021-22,Kurigram,2022,277400.0,112308.0,4.397,493847.0,1
Boro,2021-22,Kushtia,2022,87914.0,35578.0,4.05,144077.0,1
Boro,2021-22,Lakshmipur,2022,78854.0,31925.0,3.875,123692.0,1
Boro,2021-22,Lalmonirhat,2022,116608.0,47191.0,4.189,197689.0,1
Boro,2021-22,Madaripur,2022,79724.0,32264.0,4.531,146174.0,1
Boro,2021-22,Magura,2022,90027.0,36448.0,3.777,137675.0,1
Boro,2021-22,Manikganj,2022,116930.0,47321.0,4.669,220923.0,1
Boro,2021-22,Meherpur,2022,48832.0,19762.0,4.079,80617.0,1
Boro,2021-22,Moulvibazar,2022,140959.0,57045.0,4.012,228871.0,1
Boro,2021-22,Munshiganj,2022,58671.0,23744.0,4.452,105703.0,1
Boro,2021-22,Mymensingh,2022,643575.0,260451.0,3.932,1024213.0,1
Boro,2021-22,Naogaon,2022,465879.0,188539.0,4.477,844068.0,1
Boro,2021-22,Narail,2022,120152.0,48625.0,4.504,219006.0,1
Boro,2021-22,Narayanganj,2022,48062.0,19451.0,3.986,77533.0,1
Boro,2021-22,Narsingdi,2022,134037.0,54266.0,3.833,208025.0,1
Boro,2021-22,Natore,2022,148159.0,59959.0,4.285,256899.0,1
Boro,2021-22,Netrakona,2022,446323.0,180624.0,4.101,740659.0,1
Boro,2021-22,Nilphamari,2022,201724.0,81637.0,4.331,353538.0,1
Boro,2021-22,Noakhali,2022,172539.0,69848.0,4.779,333812.0,1
Boro,2021-22,Pabna,2022,134567.0,54458.0,4.145,225720.0,1
Boro,2021-22,Panchagarh,2022,78848.0,31909.0,4.013,128067.0,1
Boro,2021-22,Patuakhali,2022,2684.0,1086.0,3.034,3296.0,1
Boro,2021-22,Pirojpur,2022,56349.0,22804.0,4.169,95071.0,1
Boro,2021-22,Rajbari,2022,31865.0,12895.0,4.457,57469.0,1
Boro,2021-22,Rajshahi,2022,162610.0,65807.0,4.111,270507.0,1
Boro,2021-22,Rangamati,2022,17963.0,7270.0,4.299,31254.0,1
Boro,2021-22,Rangpur,2022,321878.0,130262.0,4.576,596092.0,1
Boro,2021-22,Satkhira,2022,193680.0,78381.0,3.728,292194.0,1
Boro,2021-22,Shariatpur,2022,65086.0,26340.0,4.433,116768.0,1
Boro,2021-22,Sherpur,2022,218822.0,88556.0,4.544,402440.0,1
Boro,2021-22,Sirajganj,2022,347326.0,140561.0,4.485,630375.0,1
Boro,2021-22,Sunamganj,2022,549588.0,222415.0,4.382,974600.0,1
Boro,2021-22,Sylhet,2022,202650.0,82011.0,3.387,277760.0,1
Boro,2021-22,Tangail,2022,420016.0,169978.0,4.213,716202.0,1
Boro,2021-22,Thakurgaon,2022,151556.0,61334.0,3.918,240282.0,1
Chili,2019-20,Bagerhat,2022,262.0,,,106.0,1
Chili,2019-20,Bandarban,2022,498.0,,,309.0,1
Chili,2019-20,Barguna,2022,0.0,,,0.0,1
Chili,2019-20,Barishal,2022,0.0,,,0.0,1
Chili,2019-20,Bhola,2022,0.0,,,0.0,1
Chili,2019-20,Bogura,2022,915.0,,,1440.0,1
Chili,2019-20,Brahmanbaria,2022,149.0,,,42.0,1
Chili,2019-20,Chandpur,2022,0.0,,,0.0,1
Chili,2019-20,Chapainababganj,2022,185.0,,,49.0,1
Chili,2019-20,Chattogram,2022,265.0,,,197.0,1
Chili,2019-20,Chuadanga,2022,1918.0,,,2978.0,1
Chili,2019-20,Cox's Bazar,2022,31.0,,,47.0,1
Chili,2019-20,Cumilla,2022,103.0,,,80.0,1
Chili,2019-20,Dhaka,2022,390.0,,,927.0,1
Chili,2019-20,Dinajpur,2022,1200.0,,,1014.0,1
Chili,2019-20,Faridpur,2022,4091.0,,,4966.0,1
Chili,2019-20,Feni,2022,2.0,,,1.0,1
Chili,2019-20,Gaibandha,2022,608.0,,,330.0,1
Chili,2019-20,Gazipur,2022,218.0,,,87.0,1
Chili,2019-20,Gopalganj,2022,267.0,,,456.0,1
Chili,2019-20,Habiganj,2022,215.0,,,187.0,1
Chili,2019-20,Jamalpur,2022,663.0,,,231.0,1
Chili,2019-20,Jashore,2022,1044.0,,,585.0,1
Chili,2019-20,Jhalokati,2022,0.0,,,0.0,1
Chili,2019-20,Jhenaidah,2022,2074.0,,,4161.0,1
Chili,2019-20,Joypurhat,2022,229.0,,,265.0,1
Chili,2019-20,Khagrachhari,2022,481.0,,,164.0,1
Chili,2019-20,Khulna,2022,312.0,,,452.0,1
Chili,2019-20,Kishoreganj,2022,23.0,,,7.0,1
Chili,2019-20,Kurigram,2022,392.0,,,325.0,1
Chili,2019-20,Kushtia,2022,1360.0,,,2083.0,1
Chili,2019-20,Lakshmipur,2022,0.0,,,0.0,1
Chili,2019-20,Lalmonirhat,2022,407.0,,,321.0,1
Chili,2019-20,Madaripur,2022,522.0,,,168.0,1
Chili,2019-20,Magura,2022,427.0,,,212.0,1
Chili,2019-20,Manikganj,2022,617.0,,,277.0,1
Chili,2019-20,Meherpur,2022,3270.0,,,1270.0,1
Chili,2019-20,Moulvibazar,2022,105.0,,,55.0,1
Chili,2019-20,Munshiganj,2022,250.0,,,108.0,1
Chili,2019-20,Mymensingh,2022,854.0,,,742.0,1
Chili,2019-20,Naogaon,2022,121.0,,,860.0,1
Chili,2019-20,Narail,2022,395.0,,,599.0,1
Chili,2019-20,Narayanganj,2022,165.0,,,61.0,1
Chili,2019-20,Narsingdi,2022,212.0,,,127.0,1
Chili,2019-20,Natore,2022,531.0,,,271.0,1
Chili,2019-20,Netrakona,2022,854.0,,,742.0,1
Chili,2019-20,Nilphamari,2022,936.0,,,617.0,1
Chili,2019-20,Noakhali,2022,0.0,,,0.0,1
Chili,2019-20,Pabna,2022,7403.0,,,4633.0,1
Chili,2019-20,Panchagarh,2022,2022.0,,,1383.0,1
Chili,2019-20,Patuakhali,2022,0.0,,,0.0,1
Chili,2019-20,Pirojpur,2022,0.0,,,0.0,1
Chili,2019-20,Rajbari,2022,2955.0,,,2948.0,1
Chili,2019-20,Rajshahi,2022,2047.0,,,5547.0,1
Chili,2019-20,Rangamati,2022,953.0,,,399.0,1
Chili,2019-20,Rangpur,2022,1106.0,,,572.0,1
Chili,2019-20,Satkhira,2022,549.0,,,677.0,1
Chili,2019-20,Shariatpur,2022,201.0,,,207.0,1
Chili,2019-20,Sherpur,2022,390.0,,,151.0,1
Chili,2019-20,Sirajganj,2022,234.0,,,152.0,1
Chili,2019-20,Sunamganj,2022,0.0,,,0.0,1
Chili,2019-20,Sylhet,2022,38.0,,,22.0,1
Chili,2019-20,Tangail,2022,741.0,,,266.0,1
Chili,2019-20,Thakurgaon,2022,1076.0,,,768.0,1
Chili,2020-21,Bagerhat,2022,263.4,,,105.63,1
Chili,2020-21,Bandarban,2022,506.0,,,314.55,1
Chili,2020-21,Barguna,2022,0.0,,,0.0,1
Chili,2020-21,Barishal,2022,0.0,,,0.0,1
Chili,2020-21,Bhola,2022,0.0,,,0.0,1
Chili,2020-21,Bogura,2022,839.38,,,1354.56,1
Chili,2020-21,Brahmanbaria,2022,160.97,,,60.19,1
Chili,2020-21,Chandpur,2022,0.0,,,0.0,1
Chili,2020-21,Chapainababganj,2022,192.27,,,302.41,1
Chili,2020-21,Chattogram,2022,146.75,,,194.92,1
Chili,2020-21,Chuadanga,2022,1931.0,,,3401.67,1
Chili,2020-21,Cox's Bazar,2022,54.84,,,56.41,1
Chili,2020-21,Cumilla,2022,101.4,,,78.61,1
Chili,2020-21,Dhaka,2022,323.7,,,723.31,1
Chili,2020-21,Dinajpur,2022,1325.0,,,3277.0,1
Chili,2020-21,Faridpur,2022,4076.0,,,4923.35,1
Chili,2020-21,Feni,2022,1.97,,,0.31,1
Chili,2020-21,Gaibandha,2022,620.0,,,1293.0,1
Chili,2020-21,Gazipur,2022,233.95,,,100.5,1
Chili,2020-21,Gopalganj,2022,281.25,,,489.89,1
Chili,2020-21,Habiganj,2022,268.6,,,246.0,1
Chili,2020-21,Jamalpur,2022,618.0,,,1001.0,1
Chili,2020-21,Jashore,2022,1026.0,,,561.8,1
Chili,2020-21,Jhalokati,2022,0.0,,,0.0,1
Chili,2020-21,Jhenaidah,2022,3114.0,,,5681.0,1
Chili,2020-21,Joypurhat,2022,252.54,,,989.61,1
Chili,2020-21,Khagrachhari,2022,489.5,,,181.88,1
Chili,2020-21,Khulna,2022,317.03,,,540.85,1
Chili,2020-21,Kishoreganj,2022,195.42,,,442.04,1
Chili,2020-21,Kurigram,2022,358.0,,,864.0,1
Chili,2020-21,Kushtia,2022,2467.0,,,8336.0,1
Chili,2020-21,Lakshmipur,2022,14.0,,,42.0,1
Chili,2020-21,Lalmonirhat,2022,275.0,,,884.0,1
Chili,2020-21,Madaripur,2022,322.0,,,482.13,1
Chili,2020-21,Magura,2022,428.7,,,213.25,1
Chili,2020-21,Manikganj,2022,557.0,,,1880.69,1
Chili,2020-21,Meherpur,2022,3213.0,,,2559.49,1
Chili,2020-21,Moulvibazar,2022,110.67,,,53.83,1
Chili,2020-21,Munshiganj,2022,400.0,,,227.16,1
Chili,2020-21,Mymensingh,2022,788.0,,,1265.0,1
Chili,2020-21,Naogaon,2022,1186.8,,,883.62,1
Chili,2020-21,Narail,2022,374.0,,,558.61,1
Chili,2020-21,Narayanganj,2022,162.97,,,62.88,1
Chili,2020-21,Narsingdi,2022,176.68,,,131.35,1
Chili,2020-21,Natore,2022,492.0,,,688.71,1
Chili,2020-21,Netrakona,2022,200.0,,,330.0,1
Chili,2020-21,Nilphamari,2022,925.0,,,3404.0,1
Chili,2020-21,Noakhali,2022,0.0,,,0.0,1
Chili,2020-21,Pabna,2022,7848.0,,,23152.0,1
Chili,2020-21,Panchagarh,2022,2437.0,,,6212.0,1
Chili,2020-21,Patuakhali,2022,0.0,,,0.0,1
Chili,2020-21,Pirojpur,2022,0.0,,,0.0,1
Chili,2020-21,Rajbari,2022,3001.0,,,3296.16,1
Chili,2020-21,Rajshahi,2022,2214.99,,,6883.44,1
Chili,2020-21,Rangamati,2022,970.2,,,399.03,1
Chili,2020-21,Rangpur,2022,1130.0,,,2402.0,1
Chili,2020-21,Satkhira,2022,542.8,,,634.14,1
Chili,2020-21,Shariatpur,2022,137.6,,,472.0,1
Chili,2020-21,Sherpur,2022,380.0,,,684.0,1
Chili,2020-21,Sirajganj,2022,334.55,,,1002.13,1
Chili,2020-21,Sunamganj,2022,70.0,,,49.0,1
Chili,2020-21,Sylhet,2022,65.0,,,81.0,1
Chili,2020-21,Tangail,2022,664.85,,,205.19,1
Chili,2020-21,Thakurgaon,2022,1086.0,,,4467.0,1
Chili,2021-22,Bagerhat,2022,310.6,,,537.6,1
Chili,2021-22,Bandarban,2022,510.0,,,1392.25,1
Chili,2021-22,Barguna,2022,0.0,,,0.0,1
Chili,2021-22,Barishal,2022,0.0,,,0.0,1
Chili,2021-22,Bhola,2022,0.0,,,0.0,1
Chili,2021-22,Bogura,2022,873.29,,,2653.0,1
Chili,2021-22,Brahmanbaria,2022,150.7,,,414.14,1
Chili,2021-22,Chandpur,2022,0.0,,,0.0,1
Chili,2021-22,Chapainababganj,2022,219.8,,,481.22,1
Chili,2021-22,Chattogram,2022,151.2,,,444.2,1
Chili,2021-22,Chuadanga,2022,1893.0,,,3251.1,1
Chili,2021-22,Cox's Bazar,2022,58.03,,,149.36,1
Chili,2021-22,Cumilla,2022,113.96,,,277.61,1
Chili,2021-22,Dhaka,2022,417.2,,,996.17,1
Chili,2021-22,Dinajpur,2022,1233.0,,,4750.0,1
Chili,2021-22,Faridpur,2022,4051.73,,,4898.69,1
Chili,2021-22,Feni,2022,2.53,,,7.56,1
Chili,2021-22,Gaibandha,2022,621.0,,,1231.0,1
Chili,2021-22,Gazipur,2022,378.47,,,170.09,1
Chili,2021-22,Gopalganj,2022,258.12,,,775.78,1
Chili,2021-22,Habiganj,2022,297.37,,,319.0,1
Chili,2021-22,Jamalpur,2022,627.0,,,1033.0,1
Chili,2021-22,Jashore,2022,1027.0,,,841.6,1
Chili,2021-22,Jhalokati,2022,0.0,,,0.0,1
Chili,2021-22,Jhenaidah,2022,1979.0,,,4174.0,1
Chili,2021-22,Joypurhat,2022,174.71,,,693.5,1
Chili,2021-22,Khagrachhari,2022,483.5,,,1291.18,1
Chili,2021-22,Khulna,2022,310.6,,,537.6,1
Chili,2021-22,Kishoreganj,2022,211.42,,,520.29,1
Chili,2021-22,Kurigram,2022,401.51,,,1179.0,1
Chili,2021-22,Kushtia,2022,3679.0,,,12373.0,1
Chili,2021-22,Lakshmipur,2022,87.3,,,255.39,1
Chili,2021-22,Lalmonirhat,2022,306.5,,,925.49,1
Chili,2021-22,Madaripur,2022,299.74,,,1110.84,1
Chili,2021-22,Magura,2022,430.5,,,214.76,1
Chili,2021-22,Manikganj,2022,647.55,,,1951.63,1
Chili,2021-22,Meherpur,2022,3178.0,,,8312.0,1
Chili,2021-22,Moulvibazar,2022,111.59,,,55.02,1
Chili,2021-22,Munshiganj,2022,311.5,,,419.6,1
Chili,2021-22,Mymensingh,2022,838.0,,,1455.0,1
Chili,2021-22,Naogaon,2022,1178.61,,,3840.29,1
Chili,2021-22,Narail,2022,369.0,,,554.7,1
Chili,2021-22,Narayanganj,2022,218.0,,,92.09,1
Chili,2021-22,Narsingdi,2022,172.1,,,141.63,1
Chili,2021-22,Natore,2022,561.0,,,1036.0,1
Chili,2021-22,Netrakona,2022,188.0,,,297.0,1
Chili,2021-22,Nilphamari,2022,1021.78,,,3919.39,1
Chili,2021-22,Noakhali,2022,0.0,,,0.0,1
Chili,2021-22,Pabna,2022,7991.0,,,29055.1,1
Chili,2021-22,Panchagarh,2022,1555.0,,,4697.75,1
Chili,2021-22,Patuakhali,2022,0.0,,,0.0,1
Chili,2021-22,Pirojpur,2022,0.0,,,0.0,1
Chili,2021-22,Rajbari,2022,2767.0,,,6449.2,1
Chili,2021-22,Rajshahi,2022,2206.97,,,7559.83,1
Chili,2021-22,Rangamati,2022,968.35,,,2655.36,1
Chili,2021-22,Rangpur,2022,1134.0,,,2287.0,1
Chili,2021-22,Satkhira,2022,519.0,,,630.0,1
Chili,2021-22,Shariatpur,2022,192.0,,,540.0,1
Chili,2021-22,Sherpur,2022,382.0,,,568.0,1
Chili,2021-22,Sirajganj,2022,312.25,,,881.34,1
Chili,2021-22,Sunamganj,2022,72.0,,,50.2,1
Chili,2021-22,Sylhet,2022,73.0,,,83.0,1
Chili,2021-22,Tangail,2022,675.7,,,875.44,1
Chili,2021-22,Thakurgaon,2022,1090.0,,,2297.25,1
Garlic,2019-20,Bagerhat,2022,151.0,,,201.0,1
Garlic,2019-20,Bandarban,2022,70.0,,,134.0,1
Garlic,2019-20,Barguna,2022,45.0,,,43.0,1
Garlic,2019-20,Barishal,2022,320.0,,,450.0,1
Garlic,2019-20,Bhola,2022,1406.0,,,2458.0,1
Garlic,2019-20,Bogura,2022,846.0,,,1463.0,1
Garlic,2019-20,Brahmanbaria,2022,874.0,,,1211.0,1
Garlic,2019-20,Chandpur,2022,1078.0,,,1767.0,1
Garlic,2019-20,Chapainababganj,2022,6051.0,,,10859.0,1
Garlic,2019-20,Chattogram,2022,118.0,,,119.0,1
Garlic,2019-20,Chuadanga,2022,780.0,,,2242.0,1
Garlic,2019-20,Cox's Bazar,2022,25.8,,,30.3,1
Garlic,2019-20,Cumilla,2022,684.0,,,1294.0,1
Garlic,2019-20,Dhaka,2022,1853.0,,,6519.0,1
Garlic,2019-20,Dinajpur,2022,10984.0,,,33750.0,1
Garlic,2019-20,Faridpur,2022,5767.0,,,8259.0,1
Garlic,2019-20,Feni,2022,27.0,,,63.0,1
Garlic,2019-20,Gaibandha,2022,745.0,,,1017.0,1
Garlic,2019-20,Gazipur,2022,369.0,,,293.0,1
Garlic,2019-20,Gopalganj,2022,324.3,,,809.58,1
Garlic,2019-20,Habiganj,2022,110.0,,,205.9,1
Garlic,2019-20,Jamalpur,2022,1319.0,,,2579.0,1
Garlic,2019-20,Jashore,2022,1249.0,,,3608.0,1
Garlic,2019-20,Jhalokati,2022,28.0,,,25.0,1
Garlic,2019-20,Jhenaidah,2022,3806.0,,,10816.0,1
Garlic,2019-20,Joypurhat,2022,308.0,,,744.0,1
Garlic,2019-20,Khagrachhari,2022,44.0,,,44.0,1
Garlic,2019-20,Khulna,2022,131.0,,,229.0,1
Garlic,2019-20,Kishoreganj,2022,951.0,,,2197.0,1
Garlic,2019-20,Kurigram,2022,586.0,,,821.0,1
Garlic,2019-20,Kushtia,2022,5963.0,,,16448.0,1
Garlic,2019-20,Lakshmipur,2022,210.0,,,180.0,1
Garlic,2019-20,Lalmonirhat,2022,629.0,,,1180.0,1
Garlic,2019-20,Madaripur,2022,7503.0,,,27199.0,1
Garlic,2019-20,Magura,2022,2437.0,,,7631.0,1
Garlic,2019-20,Manikganj,2022,1505.0,,,2186.0,1
Garlic,2019-20,Meherpur,2022,1299.0,,,3629.0,1
Garlic,2019-20,Moulvibazar,2022,69.0,,,111.0,1
Garlic,2019-20,Munshiganj,2022,272.15,,,331.24,1
Garlic,2019-20,Mymensingh,2022,1016.0,,,2151.0,1
Garlic,2019-20,Naogaon,2022,2873.0,,,7319.0,1
Garlic,2019-20,Narail,2022,363.0,,,907.0,1
Garlic,2019-20,Narayanganj,2022,168.57,,,169.54,1
Garlic,2019-20,Narsingdi,2022,211.0,,,226.0,1
Garlic,2019-20,Natore,2022,53704.0,,,155990.0,1
Garlic,2019-20,Netrakona,2022,755.0,,,1526.0,1
Garlic,2019-20,Nilphamari,2022,1317.0,,,3742.0,1
Garlic,2019-20,Noakhali,2022,204.0,,,293.0,1
Garlic,2019-20,Pabna,2022,23692.0,,,65095.0,1
Garlic,2019-20,Panchagarh,2022,1524.0,,,4031.0,1
Garlic,2019-20,Patuakhali,2022,301.0,,,310.0,1
Garlic,2019-20,Pirojpur,2022,59.0,,,68.0,1
Garlic,2019-20,Rajbari,2022,14182.0,,,35631.0,1
Garlic,2019-20,Rajshahi,2022,10896.0,,,34628.0,1
Garlic,2019-20,Rangamati,2022,50.0,,,80.0,1
Garlic,2019-20,Rangpur,2022,2250.0,,,4741.0,1
Garlic,2019-20,Satkhira,2022,623.0,,,1588.0,1
Garlic,2019-20,Shariatpur,2022,2669.0,,,6423.0,1
Garlic,2019-20,Sherpur,2022,448.0,,,806.0,1
Garlic,2019-20,Sirajganj,2022,1319.0,,,2855.0,1
Garlic,2019-20,Sunamganj,2022,168.0,,,381.0,1
Garlic,2019-20,Sylhet,2022,51.0,,,39.0,1
Garlic,2019-20,Tangail,2022,1266.0,,,1782.0,1
Garlic,2019-20,Thakurgaon,2022,731.0,,,1520.0,1
Garlic,2020-21,Bagerhat,2022,149.0,,,202.0,1
Garlic,2020-21,Bandarban,2022,72.0,,,137.0,1
Garlic,2020-21,Barguna,2022,32.0,,,33.0,1
Garlic,2020-21,Barishal,2022,328.0,,,454.0,1
Garlic,2020-21,Bhola,2022,1359.0,,,2472.0,1
Garlic,2020-21,Bogura,2022,856.0,,,1484.0,1
Garlic,2020-21,Brahmanbaria,2022,809.0,,,1259.0,1
Garlic,2020-21,Chandpur,2022,1069.0,,,1890.0,1
Garlic,2020-21,Chapainababganj,2022,6068.0,,,10939.0,1
Garlic,2020-21,Chattogram,2022,94.61,,,98.19,1
Garlic,2020-21,Chuadanga,2022,796.0,,,2365.0,1
Garlic,2020-21,Cox's Bazar,2022,12.29,,,9.09,1
Garlic,2020-21,Cumilla,2022,698.65,,,1322.4,1
Garlic,2020-21,Dhaka,2022,1673.0,,,4302.0,1
Garlic,2020-21,Dinajpur,2022,11051.0,,,34417.0,1
Garlic,2020-21,Faridpur,2022,5801.0,,,9073.0,1
Garlic,2020-21,Feni,2022,28.42,,,63.85,1
Garlic,2020-21,Gaibandha,2022,729.0,,,911.0,1
Garlic,2020-21,Gazipur,2022,358.0,,,277.0,1
Garlic,2020-21,Gopalganj,2022,403.0,,,1106.0,1
Garlic,2020-21,Habiganj,2022,93.0,,,191.0,1
Garlic,2020-21,Jamalpur,2022,1207.0,,,2372.0,1
Garlic,2020-21,Jashore,2022,1320.0,,,3704.0,1
Garlic,2020-21,Jhalokati,2022,27.0,,,22.0,1
Garlic,2020-21,Jhenaidah,2022,3936.0,,,11234.0,1
Garlic,2020-21,Joypurhat,2022,304.0,,,776.0,1
Garlic,2020-21,Khagrachhari,2022,48.3,,,45.3,1
Garlic,2020-21,Khulna,2022,133.0,,,228.0,1
Garlic,2020-21,Kishoreganj,2022,1062.0,,,2688.0,1
Garlic,2020-21,Kurigram,2022,588.0,,,830.0,1
Garlic,2020-21,Kushtia,2022,3518.0,,,9278.0,1
Garlic,2020-21,Lakshmipur,2022,213.0,,,204.0,1
Garlic,2020-21,Lalmonirhat,2022,623.0,,,1183.0,1
Garlic,2020-21,Madaripur,2022,7523.0,,,22549.0,1
Garlic,2020-21,Magura,2022,2649.0,,,8568.0,1
Garlic,2020-21,Manikganj,2022,1543.0,,,2251.0,1
Garlic,2020-21,Meherpur,2022,1553.0,,,5821.0,1
Garlic,2020-21,Moulvibazar,2022,55.0,,,98.0,1
Garlic,2020-21,Munshiganj,2022,277.0,,,415.0,1
Garlic,2020-21,Mymensingh,2022,1020.0,,,2166.0,1
Garlic,2020-21,Naogaon,2022,2762.0,,,7434.0,1
Garlic,2020-21,Narail,2022,353.0,,,889.0,1
Garlic,2020-21,Narayanganj,2022,170.0,,,171.0,1
Garlic,2020-21,Narsingdi,2022,163.0,,,184.0,1
Garlic,2020-21,Natore,2022,48842.0,,,147635.0,1
Garlic,2020-21,Netrakona,2022,735.0,,,1766.0,1
Garlic,2020-21,Nilphamari,2022,1231.0,,,3418.0,1
Garlic,2020-21,Noakhali,2022,272.6,,,588.82,1
Garlic,2020-21,Pabna,2022,24559.0,,,69484.0,1
Garlic,2020-21,Panchagarh,2022,1667.0,,,4632.0,1
Garlic,2020-21,Patuakhali,2022,305.0,,,250.0,1
Garlic,2020-21,Pirojpur,2022,66.0,,,82.0,1
Garlic,2020-21,Rajbari,2022,14460.0,,,36782.0,1
Garlic,2020-21,Rajshahi,2022,12373.0,,,51674.0,1
Garlic,2020-21,Rangamati,2022,49.88,,,82.13,1
Garlic,2020-21,Rangpur,2022,2077.0,,,4077.0,1
Garlic,2020-21,Satkhira,2022,647.0,,,1677.74,1
Garlic,2020-21,Shariatpur,2022,2835.0,,,7881.0,1
Garlic,2020-21,Sherpur,2022,449.0,,,828.0,1
Garlic,2020-21,Sirajganj,2022,2060.0,,,4520.0,1
Garlic,2020-21,Sunamganj,2022,197.0,,,536.0,1
Garlic,2020-21,Sylhet,2022,108.0,,,156.0,1
Garlic,2020-21,Tangail,2022,2835.0,,,7881.0,1
Garlic,2020-21,Thakurgaon,2022,739.0,,,1545.0,1
Garlic,2021-22,Bagerhat,2022,157.0,,,212.51,1
Garlic,2021-22,Bandarban,2022,72.85,,,139.0,1
Garlic,2021-22,Barguna,2022,32.0,,,31.0,1
Garlic,2021-22,Barishal,2022,395.0,,,258.0,1
Garlic,2021-22,Bhola,2022,1608.0,,,3852.0,1
Garlic,2021-22,Bogura,2022,978.13,,,1703.53,1
Garlic,2021-22,Brahmanbaria,2022,805.27,,,1651.74,1
Garlic,2021-22,Chandpur,2022,1042.2,,,1999.43,1
Garlic,2021-22,Chapainababganj,2022,6095.9,,,11190.14,1
Garlic,2021-22,Chattogram,2022,101.28,,,112.99,1
Garlic,2021-22,Chuadanga,2022,770.5,,,2290.21,1
Garlic,2021-22,Cox's Bazar,2022,11.61,,,8.76,1
Garlic,2021-22,Cumilla,2022,698.8,,,1321.1,1
Garlic,2021-22,Dhaka,2022,1614.08,,,4333.96,1
Garlic,2021-22,Dinajpur,2022,11120.0,,,29361.0,1
Garlic,2021-22,Faridpur,2022,6006.3,,,10142.75,1
Garlic,2021-22,Feni,2022,29.0,,,64.11,1
Garlic,2021-22,Gaibandha,2022,755.0,,,1277.11,1
Garlic,2021-22,Gazipur,2022,274.69,,,286.38,1
Garlic,2021-22,Gopalganj,2022,450.75,,,1336.58,1
Garlic,2021-22,Habiganj,2022,70.0,,,136.64,1
Garlic,2021-22,Jamalpur,2022,1205.0,,,2368.0,1
Garlic,2021-22,Jashore,2022,1394.0,,,4105.93,1
Garlic,2021-22,Jhalokati,2022,31.0,,,27.0,1
Garlic,2021-22,Jhenaidah,2022,3898.0,,,11130.36,1
Garlic,2021-22,Joypurhat,2022,306.24,,,814.16,1
Garlic,2021-22,Khagrachhari,2022,55.9,,,51.13,1
Garlic,2021-22,Khulna,2022,128.0,,,220.36,1
Garlic,2021-22,Kishoreganj,2022,1035.97,,,2674.38,1
Garlic,2021-22,Kurigram,2022,622.5,,,950.72,1
Garlic,2021-22,Kushtia,2022,3570.0,,,9903.0,1
Garlic,2021-22,Lakshmipur,2022,215.0,,,228.0,1
Garlic,2021-22,Lalmonirhat,2022,657.25,,,1222.27,1
Garlic,2021-22,Madaripur,2022,7541.2,,,21780.85,1
Garlic,2021-22,Magura,2022,2524.0,,,8017.12,1
Garlic,2021-22,Manikganj,2022,1602.5,,,3085.61,1
Garlic,2021-22,Meherpur,2022,1456.0,,,5531.76,1
Garlic,2021-22,Moulvibazar,2022,51.0,,,86.94,1
Garlic,2021-22,Munshiganj,2022,283.65,,,366.5,1
Garlic,2021-22,Mymensingh,2022,1027.0,,,2268.0,1
Garlic,2021-22,Naogaon,2022,2596.09,,,7756.65,1
Garlic,2021-22,Narail,2022,370.0,,,938.1,1
Garlic,2021-22,Narayanganj,2022,169.14,,,143.77,1
Garlic,2021-22,Narsingdi,2022,213.21,,,241.42,1
Garlic,2021-22,Natore,2022,48686.75,,,167382.32,1
Garlic,2021-22,Netrakona,2022,675.0,,,1690.0,1
Garlic,2021-22,Nilphamari,2022,1297.0,,,3498.0,1
Garlic,2021-22,Noakhali,2022,318.2,,,541.61,1
Garlic,2021-22,Pabna,2022,24458.5,,,72037.0,1
Garlic,2021-22,Panchagarh,2022,1892.0,,,5801.9,1
Garlic,2021-22,Patuakhali,2022,299.0,,,236.0,1
Garlic,2021-22,Pirojpur,2022,83.0,,,99.0,1
Garlic,2021-22,Rajbari,2022,12466.0,,,37326.7,1
Garlic,2021-22,Rajshahi,2022,13613.7,,,59367.15,1
Garlic,2021-22,Rangamati,2022,52.08,,,85.43,1
Garlic,2021-22,Rangpur,2022,2269.0,,,4796.0,1
Garlic,2021-22,Satkhira,2022,645.21,,,1674.07,1
Garlic,2021-22,Shariatpur,2022,2846.0,,,7287.0,1
Garlic,2021-22,Sherpur,2022,454.0,,,846.0,1
Garlic,2021-22,Sirajganj,2022,2053.44,,,4433.4,1
Garlic,2021-22,Sunamganj,2022,199.0,,,544.0,1
Garlic,2021-22,Sylhet,2022,115.0,,,181.0,1
Garlic,2021-22,Tangail,2022,1231.05,,,1824.35,1
Garlic,2021-22,Thakurgaon,2022,740.62,,,1547.26,1
Gram,2019-20,Bagerhat,2022,8.0,,,3.0,1
Gram,2019-20,Bandarban,2022,8.0,,,4.0,1
Gram,2019-20,Barguna,2022,42.0,,,15.0,1
Gram,2019-20,Barishal,2022,905.0,,,390.0,1
Gram,2019-20,Bhola,2022,83.0,,,52.0,1
Gram,2019-20,Bogura,2022,10.0,,,4.0,1
Gram,2019-20,Brahmanbaria,2022,0.0,,,0.0,1
Gram,2019-20,Chandpur,2022,0.0,,,0.0,1
Gram,2019-20,Chapainababganj,2022,1786.0,,,688.0,1
Gram,2019-20,Chattogram,2022,26.0,,,8.0,1
Gram,2019-20,Chuadanga,2022,134.0,,,47.0,1
Gram,2019-20,Cox's Bazar,2022,0.0,,,0.0,1
Gram,2019-20,Cumilla,2022,0.0,,,0.0,1
Gram,2019-20,Dhaka,2022,6.0,,,2.0,1
Gram,2019-20,Dinajpur,2022,9.0,,,3.0,1
Gram,2019-20,Faridpur,2022,218.0,,,87.0,1
Gram,2019-20,Feni,2022,37.0,,,17.0,1
Gram,2019-20,Gaibandha,2022,30.0,,,17.0,1
Gram,2019-20,Gazipur,2022,48.0,,,21.0,1
Gram,2019-20,Gopalganj,2022,0.0,,,0.0,1
Gram,2019-20,Habiganj,2022,0.0,,,0.0,1
Gram,2019-20,Jamalpur,2022,88.0,,,35.0,1
Gram,2019-20,Jashore,2022,248.0,,,106.0,1
Gram,2019-20,Jhalokati,2022,228.0,,,86.0,1
Gram,2019-20,Jhenaidah,2022,89.0,,,44.0,1
Gram,2019-20,Joypurhat,2022,18.0,,,8.0,1
Gram,2019-20,Khagrachhari,2022,0.0,,,0.0,1
Gram,2019-20,Khulna,2022,4.0,,,1.0,1
Gram,2019-20,Kishoreganj,2022,8.0,,,3.0,1
Gram,2019-20,Kurigram,2022,242.0,,,103.0,1
Gram,2019-20,Kushtia,2022,160.0,,,77.0,1
Gram,2019-20,Lakshmipur,2022,14.0,,,4.0,1
Gram,2019-20,Lalmonirhat,2022,11.0,,,9.0,1
Gram,2019-20,Madaripur,2022,1118.0,,,349.0,1
Gram,2019-20,Magura,2022,267.0,,,103.0,1
Gram,2019-20,Manikganj,2022,4.0,,,2.0,1
Gram,2019-20,Meherpur,2022,15.0,,,6.0,1
Gram,2019-20,Moulvibazar,2022,1.75,,,1.09,1
Gram,2019-20,Munshiganj,2022,0.0,,,0.0,1
Gram,2019-20,Mymensingh,2022,57.0,,,29.0,1
Gram,2019-20,Naogaon,2022,208.0,,,77.0,1
Gram,2019-20,Narail,2022,38.0,,,17.0,1
Gram,2019-20,Narayanganj,2022,0.0,,,0.0,1
Gram,2019-20,Narsingdi,2022,5.0,,,2.0,1
Gram,2019-20,Natore,2022,71.0,,,28.0,1
Gram,2019-20,Netrakona,2022,0.0,,,0.0,1
Gram,2019-20,Nilphamari,2022,0.0,,,0.0,1
Gram,2019-20,Noakhali,2022,74.0,,,26.0,1
Gram,2019-20,Pabna,2022,155.0,,,100.0,1
Gram,2019-20,Panchagarh,2022,44.0,,,16.0,1
Gram,2019-20,Patuakhali,2022,1234.0,,,525.0,1
Gram,2019-20,Pirojpur,2022,0.0,,,0.0,1
Gram,2019-20,Rajbari,2022,57.0,,,28.0,1
Gram,2019-20,Rajshahi,2022,3088.0,,,1532.0,1
Gram,2019-20,Rangamati,2022,0.0,,,0.0,1
Gram,2019-20,Rangpur,2022,25.0,,,10.0,1
Gram,2019-20,Satkhira,2022,2.0,,,1.0,1
Gram,2019-20,Shariatpur,2022,291.0,,,159.0,1
Gram,2019-20,Sherpur,2022,60.0,,,41.0,1
Gram,2019-20,Sirajganj,2022,45.0,,,20.0,1
Gram,2019-20,Sunamganj,2022,0.0,,,0.0,1
Gram,2019-20,Sylhet,2022,0.0,,,0.0,1
Gram,2019-20,Tangail,2022,3.0,,,1.0,1
Gram,2019-20,Thakurgaon,2022,80.0,,,35.0,1
Gram,2020-21,Bagerhat,2022,7.0,,,2.2,1
Gram,2020-21,Bandarban,2022,7.0,,,3.54,1
Gram,2020-21,Barguna,2022,42.0,,,15.3,1
Gram,2020-21,Barishal,2022,959.0,,,383.0,1
Gram,2020-21,Bhola,2022,74.0,,,51.0,1
Gram,2020-21,Bogura,2022,8.85,,,3.04,1
Gram,2020-21,Brahmanbaria,2022,0.0,,,0.0,1
Gram,2020-21,Chandpur,2022,0.0,,,0.0,1
Gram,2020-21,Chapainababganj,2022,1798.25,,,687.23,1
Gram,2020-21,Chattogram,2022,26.32,,,8.46,1
Gram,2020-21,Chuadanga,2022,144.0,,,53.14,1
Gram,2020-21,Cox's Bazar,2022,0.0,,,0.0,1
Gram,2020-21,Cumilla,2022,0.0,,,0.0,1
Gram,2020-21,Dhaka,2022,7.25,,,2.03,1
Gram,2020-21,Dinajpur,2022,9.3,,,3.13,1
Gram,2020-21,Faridpur,2022,210.11,,,85.32,1
Gram,2020-21,Feni,2022,38.52,,,17.81,1
Gram,2020-21,Gaibandha,2022,31.0,,,18.0,1
Gram,2020-21,Gazipur,2022,38.86,,,19.63,1
Gram,2020-21,Gopalganj,2022,103.0,,,20.27,1
Gram,2020-21,Habiganj,2022,0.0,,,0.0,1
Gram,2020-21,Jamalpur,2022,90.0,,,34.0,1
Gram,2020-21,Jashore,2022,234.4,,,104.55,1
Gram,2020-21,Jhalokati,2022,255.0,,,95.0,1
Gram,2020-21,Jhenaidah,2022,89.86,,,45.41,1
Gram,2020-21,Joypurhat,2022,0.0,,,0.0,1
Gram,2020-21,Khagrachhari,2022,0.0,,,0.0,1
Gram,2020-21,Khulna,2022,3.0,,,1.23,1
Gram,2020-21,Kishoreganj,2022,5.77,,,1.82,1
Gram,2020-21,Kurigram,2022,242.63,,,106.23,1
Gram,2020-21,Kushtia,2022,164.0,,,79.0,1
Gram,2020-21,Lakshmipur,2022,11.95,,,6.0,1
Gram,2020-21,Lalmonirhat,2022,11.0,,,9.27,1
Gram,2020-21,Madaripur,2022,965.2,,,402.59,1
Gram,2020-21,Magura,2022,257.65,,,75.85,1
Gram,2020-21,Manikganj,2022,4.0,,,1.53,1
Gram,2020-21,Meherpur,2022,16.2,,,6.84,1
Gram,2020-21,Moulvibazar,2022,1.8,,,1.17,1
Gram,2020-21,Munshiganj,2022,0.0,,,0.0,1
Gram,2020-21,Mymensingh,2022,45.0,,,23.0,1
Gram,2020-21,Naogaon,2022,190.9,,,71.17,1
Gram,2020-21,Narail,2022,43.0,,,19.45,1
Gram,2020-21,Narayanganj,2022,0.0,,,0.0,1
Gram,2020-21,Narsingdi,2022,3.0,,,5.0,1
Gram,2020-21,Natore,2022,66.0,,,27.29,1
Gram,2020-21,Netrakona,2022,0.0,,,0.0,1
Gram,2020-21,Nilphamari,2022,0.0,,,0.0,1
Gram,2020-21,Noakhali,2022,7.6,,,1.14,1
Gram,2020-21,Pabna,2022,161.24,,,104.37,1
Gram,2020-21,Panchagarh,2022,40.0,,,13.0,1
Gram,2020-21,Patuakhali,2022,1242.0,,,540.0,1
Gram,2020-21,Pirojpur,2022,0.0,,,0.0,1
Gram,2020-21,Rajbari,2022,61.0,,,31.0,1
Gram,2020-21,Rajshahi,2022,3101.01,,,1519.24,1
Gram,2020-21,Rangamati,2022,0.0,,,0.0,1
Gram,2020-21,Rangpur,2022,24.76,,,11.0,1
Gram,2020-21,Satkhira,2022,0.0,,,0.0,1
Gram,2020-21,Shariatpur,2022,273.0,,,192.0,1
Gram,2020-21,Sherpur,2022,58.0,,,40.0,1
Gram,2020-21,Sirajganj,2022,52.3,,,27.81,1
Gram,2020-21,Sunamganj,2022,0.0,,,0.0,1
Gram,2020-21,Sylhet,2022,7.0,,,2.66,1
Gram,2020-21,Tangail,2022,3.64,,,1.05,1
Gram,2020-21,Thakurgaon,2022,82.0,,,36.0,1
Gram,2021-22,Bagerhat,2022,6.7,,,2.14,1
Gram,2021-22,Bandarban,2022,7.0,,,4.0,1
Gram,2021-22,Barguna,2022,42.0,,,14.0,1
Gram,2021-22,Barishal,2022,850.0,,,370.0,1
Gram,2021-22,Bhola,2022,81.0,,,53.0,1
Gram,2021-22,Bogura,2022,13.52,,,5.41,1
Gram,2021-22,Brahmanbaria,2022,0.0,,,0.0,1
Gram,2021-22,Chandpur,2022,0.0,,,0.0,1
Gram,2021-22,Chapainababganj,2022,1788.05,,,729.13,1
Gram,2021-22,Chattogram,2022,27.0,,,9.0,1
Gram,2021-22,Chuadanga,2022,137.0,,,51.94,1
Gram,2021-22,Cox's Bazar,2022,0.0,,,0.0,1
Gram,2021-22,Cumilla,2022,0.0,,,0.0,1
Gram,2021-22,Dhaka,2022,0.0,,,0.0,1
Gram,2021-22,Dinajpur,2022,7.2,,,2.3,1
Gram,2021-22,Faridpur,2022,199.3,,,79.38,1
Gram,2021-22,Feni,2022,40.0,,,18.0,1
Gram,2021-22,Gaibandha,2022,32.0,,,18.94,1
Gram,2021-22,Gazipur,2022,37.34,,,18.82,1
Gram,2021-22,Gopalganj,2022,104.05,,,41.04,1
Gram,2021-22,Habiganj,2022,0.0,,,0.0,1
Gram,2021-22,Jamalpur,2022,63.0,,,27.0,1
Gram,2021-22,Jashore,2022,222.8,,,99.56,1
Gram,2021-22,Jhalokati,2022,270.0,,,102.0,1
Gram,2021-22,Jhenaidah,2022,81.91,,,41.92,1
Gram,2021-22,Joypurhat,2022,0.0,,,0.0,1
Gram,2021-22,Khagrachhari,2022,0.0,,,0.0,1
Gram,2021-22,Khulna,2022,3.3,,,1.34,1
Gram,2021-22,Kishoreganj,2022,4.13,,,1.37,1
Gram,2021-22,Kurigram,2022,248.45,,,110.81,1
Gram,2021-22,Kushtia,2022,140.0,,,68.0,1
Gram,2021-22,Lakshmipur,2022,13.0,,,5.0,1
Gram,2021-22,Lalmonirhat,2022,12.0,,,10.49,1
Gram,2021-22,Madaripur,2022,890.47,,,345.57,1
Gram,2021-22,Magura,2022,251.7,,,73.39,1
Gram,2021-22,Manikganj,2022,5.6,,,2.29,1
Gram,2021-22,Meherpur,2022,19.0,,,7.83,1
Gram,2021-22,Moulvibazar,2022,2.0,,,1.25,1
Gram,2021-22,Munshiganj,2022,0.0,,,0.0,1
Gram,2021-22,Mymensingh,2022,19.0,,,10.0,1
Gram,2021-22,Naogaon,2022,136.25,,,52.62,1
Gram,2021-22,Narail,2022,39.0,,,17.38,1
Gram,2021-22,Narayanganj,2022,0.0,,,0.0,1
Gram,2021-22,Narsingdi,2022,4.21,,,1.43,1
Gram,2021-22,Natore,2022,45.0,,,21.23,1
Gram,2021-22,Netrakona,2022,0.0,,,0.0,1
Gram,2021-22,Nilphamari,2022,0.0,,,0.0,1
Gram,2021-22,Noakhali,2022,9.0,,,1.0,1
Gram,2021-22,Pabna,2022,165.6,,,108.0,1
Gram,2021-22,Panchagarh,2022,40.0,,,11.5,1
Gram,2021-22,Patuakhali,2022,1248.0,,,348.0,1
Gram,2021-22,Pirojpur,2022,0.0,,,0.0,1
Gram,2021-22,Rajbari,2022,47.0,,,30.0,1
Gram,2021-22,Rajshahi,2022,3084.2,,,1788.74,1
Gram,2021-22,Rangamati,2022,27.0,,,9.0,1
Gram,2021-22,Rangpur,2022,24.0,,,9.0,1
Gram,2021-22,Satkhira,2022,0.0,,,0.0,1
Gram,2021-22,Shariatpur,2022,26.0,,,13.0,1
Gram,2021-22,Sherpur,2022,58.0,,,40.0,1
Gram,2021-22,Sirajganj,2022,45.82,,,29.34,1
Gram,2021-22,Sunamganj,2022,0.0,,,0.0,1
Gram,2021-22,Sylhet,2022,6.0,,,2.56,1
Gram,2021-22,Tangail,2022,3.56,,,1.02,1
Gram,2021-22,Thakurgaon,2022,85.5,,,37.88,1
Groundnut,2019-20,Bagerhat,2022,45.0,,,30.0,1
Groundnut,2019-20,Bandarban,2022,200.0,,,139.0,1
Groundnut,2019-20,Barguna,2022,186.0,,,168.0,1
Groundnut,2019-20,Barishal,2022,70.0,,,55.0,1
Groundnut,2019-20,Bhola,2022,4728.0,,,3614.0,1
Groundnut,2019-20,Bogura,2022,513.0,,,275.0,1
Groundnut,2019-20,Brahmanbaria,2022,347.0,,,211.0,1
Groundnut,2019-20,Chandpur,2022,267.0,,,152.0,1
Groundnut,2019-20,Chapainababganj,2022,0.0,,,0.0,1
Groundnut,2019-20,Chattogram,2022,1902.0,,,1728.0,1
Groundnut,2019-20,Chuadanga,2022,147.0,,,90.0,1
Groundnut,2019-20,Cox's Bazar,2022,989.0,,,1266.0,1
Groundnut,2019-20,Cumilla,2022,322.0,,,309.0,1
Groundnut,2019-20,Dhaka,2022,278.0,,,175.0,1
Groundnut,2019-20,Dinajpur,2022,114.0,,,83.0,1
Groundnut,2019-20,Faridpur,2022,5635.0,,,6219.0,1
Groundnut,2019-20,Feni,2022,1932.0,,,1386.0,1
Groundnut,2019-20,Gaibandha,2022,1728.0,,,1586.0,1
Groundnut,2019-20,Gazipur,2022,188.0,,,78.0,1
Groundnut,2019-20,Gopalganj,2022,1769.0,,,1572.0,1
Groundnut,2019-20,Habiganj,2022,82.0,,,47.0,1
Groundnut,2019-20,Jamalpur,2022,315.0,,,211.0,1
Groundnut,2019-20,Jashore,2022,15.0,,,7.0,1
Groundnut,2019-20,Jhalokati,2022,22.0,,,10.0,1
Groundnut,2019-20,Jhenaidah,2022,737.0,,,866.0,1
Groundnut,2019-20,Joypurhat,2022,0.0,,,0.0,1
Groundnut,2019-20,Khagrachhari,2022,128.0,,,134.0,1
Groundnut,2019-20,Khulna,2022,0.0,,,0.0,1
Groundnut,2019-20,Kishoreganj,2022,2100.0,,,2134.0,1
Groundnut,2019-20,Kurigram,2022,2739.0,,,1679.0,1
Groundnut,2019-20,Kushtia,2022,633.0,,,416.0,1
Groundnut,2019-20,Lakshmipur,2022,209.0,,,245.0,1
Groundnut,2019-20,Lalmonirhat,2022,1752.0,,,1471.0,1
Groundnut,2019-20,Madaripur,2022,317.0,,,250.0,1
Groundnut,2019-20,Magura,2022,63.0,,,134.0,1
Groundnut,2019-20,Manikganj,2022,1890.0,,,1108.0,1
Groundnut,2019-20,Meherpur,2022,27.0,,,17.0,1
Groundnut,2019-20,Moulvibazar,2022,50.0,,,24.0,1
Groundnut,2019-20,Munshiganj,2022,170.0,,,123.0,1
Groundnut,2019-20,Mymensingh,2022,680.0,,,364.0,1
Groundnut,2019-20,Naogaon,2022,301.0,,,206.0,1
Groundnut,2019-20,Narail,2022,1149.0,,,1101.0,1
Groundnut,2019-20,Narayanganj,2022,535.0,,,282.0,1
Groundnut,2019-20,Narsingdi,2022,603.0,,,322.0,1
Groundnut,2019-20,Natore,2022,135.0,,,92.0,1
Groundnut,2019-20,Netrakona,2022,150.0,,,97.0,1
Groundnut,2019-20,Nilphamari,2022,384.0,,,217.0,1
Groundnut,2019-20,Noakhali,2022,7676.0,,,4062.0,1
Groundnut,2019-20,Pabna,2022,1460.0,,,1210.0,1
Groundnut,2019-20,Panchagarh,2022,22625.0,,,15953.0,1
Groundnut,2019-20,Patuakhali,2022,1109.0,,,750.0,1
Groundnut,2019-20,Pirojpur,2022,13.0,,,9.0,1
Groundnut,2019-20,Rajbari,2022,876.0,,,887.0,1
Groundnut,2019-20,Rajshahi,2022,524.0,,,447.0,1
Groundnut,2019-20,Rangamati,2022,90.0,,,59.0,1
Groundnut,2019-20,Rangpur,2022,204.0,,,156.0,1
Groundnut,2019-20,Satkhira,2022,0.0,,,0.0,1
Groundnut,2019-20,Shariatpur,2022,672.0,,,678.0,1
Groundnut,2019-20,Sherpur,2022,110.0,,,105.0,1
Groundnut,2019-20,Sirajganj,2022,3244.0,,,2231.0,1
Groundnut,2019-20,Sunamganj,2022,2399.0,,,1852.0,1
Groundnut,2019-20,Sylhet,2022,43.0,,,43.0,1
Groundnut,2019-20,Tangail,2022,3009.0,,,1701.0,1
Groundnut,2019-20,Thakurgaon,2022,143.0,,,78.0,1
Groundnut,2020-21,Bagerhat,2022,55.0,,,33.25,1
Groundnut,2020-21,Bandarban,2022,213.0,,,148.0,1
Groundnut,2020-21,Barguna,2022,189.0,,,245.0,1
Groundnut,2020-21,Barishal,2022,77.0,,,68.0,1
Groundnut,2020-21,Bhola,2022,4716.0,,,3713.0,1
Groundnut,2020-21,Bogura,2022,535.0,,,296.0,1
Groundnut,2020-21,Brahmanbaria,2022,392.0,,,235.0,1
Groundnut,2020-21,Chandpur,2022,332.92,,,157.0,1
Groundnut,2020-21,Chapainababganj,2022,0.0,,,0.0,1
Groundnut,2020-21,Chattogram,2022,1905.0,,,1783.17,1
Groundnut,2020-21,Chuadanga,2022,131.0,,,82.0,1
Groundnut,2020-21,Cox's Bazar,2022,626.0,,,1284.94,1
Groundnut,2020-21,Cumilla,2022,719.0,,,310.0,1
Groundnut,2020-21,Dhaka,2022,261.0,,,175.0,1
Groundnut,2020-21,Dinajpur,2022,103.0,,,75.0,1
Groundnut,2020-21,Faridpur,2022,5476.0,,,6162.0,1
Groundnut,2020-21,Feni,2022,1943.0,,,1390.0,1
Groundnut,2020-21,Gaibandha,2022,1724.0,,,1576.0,1
Groundnut,2020-21,Gazipur,2022,144.74,,,65.2,1
Groundnut,2020-21,Gopalganj,2022,1504.0,,,1338.18,1
Groundnut,2020-21,Habiganj,2022,88.0,,,45.9,1
Groundnut,2020-21,Jamalpur,2022,304.0,,,204.0,1
Groundnut,2020-21,Jashore,2022,17.0,,,9.0,1
Groundnut,2020-21,Jhalokati,2022,25.0,,,11.0,1
Groundnut,2020-21,Jhenaidah,2022,739.85,,,869.82,1
Groundnut,2020-21,Joypurhat,2022,0.0,,,0.0,1
Groundnut,2020-21,Khagrachhari,2022,129.0,,,136.0,1
Groundnut,2020-21,Khulna,2022,2.5,,,0.88,1
Groundnut,2020-21,Kishoreganj,2022,2137.41,,,1650.45,1
Groundnut,2020-21,Kurigram,2022,3612.0,,,2351.0,1
Groundnut,2020-21,Kushtia,2022,640.0,,,415.0,1
Groundnut,2020-21,Lakshmipur,2022,211.0,,,250.0,1
Groundnut,2020-21,Lalmonirhat,2022,1129.0,,,915.0,1
Groundnut,2020-21,Madaripur,2022,320.0,,,252.5,1
Groundnut,2020-21,Magura,2022,87.25,,,177.75,1
Groundnut,2020-21,Manikganj,2022,2121.0,,,1474.0,1
Groundnut,2020-21,Meherpur,2022,21.0,,,18.0,1
Groundnut,2020-21,Moulvibazar,2022,45.0,,,31.0,1
Groundnut,2020-21,Munshiganj,2022,154.5,,,113.25,1
Groundnut,2020-21,Mymensingh,2022,687.0,,,389.0,1
Groundnut,2020-21,Naogaon,2022,807.0,,,229.81,1
Groundnut,2020-21,Narail,2022,1054.0,,,961.0,1
Groundnut,2020-21,Narayanganj,2022,538.15,,,285.09,1
Groundnut,2020-21,Narsingdi,2022,566.0,,,301.0,1
Groundnut,2020-21,Natore,2022,1182.0,,,570.0,1
Groundnut,2020-21,Netrakona,2022,313.0,,,253.0,1
Groundnut,2020-21,Nilphamari,2022,340.0,,,207.0,1
Groundnut,2020-21,Noakhali,2022,11244.0,,,7607.0,1
Groundnut,2020-21,Pabna,2022,1337.0,,,1153.37,1
Groundnut,2020-21,Panchagarh,2022,22382.0,,,16882.0,1
Groundnut,2020-21,Patuakhali,2022,1204.0,,,499.0,1
Groundnut,2020-21,Pirojpur,2022,13.0,,,9.0,1
Groundnut,2020-21,Rajbari,2022,839.0,,,866.0,1
Groundnut,2020-21,Rajshahi,2022,733.64,,,634.32,1
Groundnut,2020-21,Rangamati,2022,546.92,,,54.87,1
Groundnut,2020-21,Rangpur,2022,275.0,,,210.0,1
Groundnut,2020-21,Satkhira,2022,0.0,,,0.0,1
Groundnut,2020-21,Shariatpur,2022,652.0,,,679.0,1
Groundnut,2020-21,Sherpur,2022,165.0,,,237.0,1
Groundnut,2020-21,Sirajganj,2022,3315.2,,,2507.82,1
Groundnut,2020-21,Sunamganj,2022,3104.0,,,2289.0,1
Groundnut,2020-21,Sylhet,2022,23.0,,,22.2,1
Groundnut,2020-21,Tangail,2022,3013.0,,,1760.64,1
Groundnut,2020-21,Thakurgaon,2022,141.0,,,77.0,1
Groundnut,2021-22,Bagerhat,2022,54.5,,,35.56,1
Groundnut,2021-22,Bandarban,2022,216.0,,,150.05,1
Groundnut,2021-22,Barguna,2022,183.0,,,245.0,1
Groundnut,2021-22,Barishal,2022,83.0,,,62.0,1
Groundnut,2021-22,Bhola,2022,4698.0,,,3655.39,1
Groundnut,2021-22,Bogura,2022,1194.5,,,645.42,1
Groundnut,2021-22,Brahmanbaria,2022,459.6,,,274.71,1
Groundnut,2021-22,Chandpur,2022,258.74,,,170.85,1
Groundnut,2021-22,Chapainababganj,2022,0.0,,,0.0,1
Groundnut,2021-22,Chattogram,2022,2192.88,,,2031.82,1
Groundnut,2021-22,Chuadanga,2022,121.1,,,69.77,1
Groundnut,2021-22,Cox's Bazar,2022,1051.51,,,1363.44,1
Groundnut,2021-22,Cumilla,2022,319.4,,,306.93,1
Groundnut,2021-22,Dhaka,2022,265.0,,,178.65,1
Groundnut,2021-22,Dinajpur,2022,148.2,,,107.75,1
Groundnut,2021-22,Faridpur,2022,5676.55,,,6309.67,1
Groundnut,2021-22,Feni,2022,1932.52,,,1386.9,1
Groundnut,2021-22,Gaibandha,2022,1602.0,,,1492.09,1
Groundnut,2021-22,Gazipur,2022,103.47,,,49.21,1
Groundnut,2021-22,Gopalganj,2022,1304.45,,,1111.05,1
Groundnut,2021-22,Habiganj,2022,72.0,,,41.16,1
Groundnut,2021-22,Jamalpur,2022,989.0,,,680.0,1
Groundnut,2021-22,Jashore,2022,17.0,,,9.0,1
Groundnut,2021-22,Jhalokati,2022,135.0,,,90.0,1
Groundnut,2021-22,Jhenaidah,2022,739.0,,,869.4,1
Groundnut,2021-22,Joypurhat,2022,0.0,,,0.0,1
Groundnut,2021-22,Khagrachhari,2022,131.2,,,140.21,1
Groundnut,2021-22,Khulna,2022,5.0,,,3.6,1
Groundnut,2021-22,Kishoreganj,2022,2115.41,,,1604.22,1
Groundnut,2021-22,Kurigram,2022,3941.0,,,2613.47,1
Groundnut,2021-22,Kushtia,2022,653.0,,,418.0,1
Groundnut,2021-22,Lakshmipur,2022,5767.0,,,2765.05,1
Groundnut,2021-22,Lalmonirhat,2022,1134.0,,,926.76,1
Groundnut,2021-22,Madaripur,2022,339.98,,,258.1,1
Groundnut,2021-22,Magura,2022,85.5,,,173.25,1
Groundnut,2021-22,Manikganj,2022,2713.0,,,1469.32,1
Groundnut,2021-22,Meherpur,2022,33.0,,,26.0,1
Groundnut,2021-22,Moulvibazar,2022,44.0,,,28.22,1
Groundnut,2021-22,Munshiganj,2022,183.1,,,126.89,1
Groundnut,2021-22,Mymensingh,2022,671.0,,,447.0,1
Groundnut,2021-22,Naogaon,2022,568.4,,,414.06,1
Groundnut,2021-22,Narail,2022,1218.0,,,1082.35,1
Groundnut,2021-22,Narayanganj,2022,530.46,,,276.99,1
Groundnut,2021-22,Narsingdi,2022,646.83,,,337.7,1
Groundnut,2021-22,Natore,2022,1360.5,,,1232.85,1
Groundnut,2021-22,Netrakona,2022,295.0,,,308.0,1
Groundnut,2021-22,Nilphamari,2022,347.45,,,216.6,1
Groundnut,2021-22,Noakhali,2022,17701.0,,,12121.51,1
Groundnut,2021-22,Pabna,2022,1368.5,,,1162.89,1
Groundnut,2021-22,Panchagarh,2022,20400.0,,,15312.84,1
Groundnut,2021-22,Patuakhali,2022,1213.0,,,608.0,1
Groundnut,2021-22,Pirojpur,2022,12.0,,,7.0,1
Groundnut,2021-22,Rajbari,2022,813.0,,,882.0,1
Groundnut,2021-22,Rajshahi,2022,745.37,,,655.5,1
Groundnut,2021-22,Rangamati,2022,82.4,,,64.01,1
Groundnut,2021-22,Rangpur,2022,270.0,,,207.0,1
Groundnut,2021-22,Satkhira,2022,0.0,,,0.0,1
Groundnut,2021-22,Shariatpur,2022,656.5,,,707.0,1
Groundnut,2021-22,Sherpur,2022,158.0,,,224.0,1
Groundnut,2021-22,Sirajganj,2022,3500.98,,,2685.59,1
Groundnut,2021-22,Sunamganj,2022,2899.0,,,2169.0,1
Groundnut,2021-22,Sylhet,2022,27.2,,,29.0,1
Groundnut,2021-22,Tangail,2022,2912.8,,,1630.47,1
Groundnut,2021-22,Thakurgaon,2022,145.0,,,78.4,1
Jute,2020-21,Bagerhat,2022,3603.0,1458.0,2.273,3314.7,1
Jute,2020-21,Bandarban,2022,0.0,0.0,0.0,0.0,1
Jute,2020-21,Barguna,2022,0.0,0.0,0.0,0.0,1
Jute,2020-21,Barishal,2022,33909.0,13722.0,1.08,14827.5,1
Jute,2020-21,Bhola,2022,0.0,0.0,0.0,0.0,1
Jute,2020-21,Bogura,2022,18175.0,7355.0,2.453,18037.9,1
Jute,2020-21,Brahmanbaria,2022,5559.0,2249.0,2.39,5375.5,1
Jute,2020-21,Chandpur,2022,12001.0,4857.0,1.762,8557.4,1
Jute,2020-21,Chapainababganj,2022,3099.0,1254.0,2.251,2822.7,1
Jute,2020-21,Chattogram,2022,0.0,0.0,0.0,0.0,1
Jute,2020-21,Chuadanga,2022,43540.0,17620.0,2.542,44792.5,1
Jute,2020-21,Cox's Bazar,2022,0.0,0.0,0.0,0.0,1
Jute,2020-21,Cumilla,2022,818.0,331.0,1.959,648.8,1
Jute,2020-21,Dhaka,2022,7754.0,3138.0,1.977,6204.0,1
Jute,2020-21,Dinajpur,2022,9383.0,3797.0,2.309,8767.5,1
Jute,2020-21,Faridpur,2022,209824.0,84911.0,1.578,134008.0,1
Jute,2020-21,Feni,2022,0.0,0.0,0.0,0.0,1
Jute,2020-21,Gaibandha,2022,32621.0,13201.0,1.941,25628.2,1
Jute,2020-21,Gazipur,2022,3712.0,1502.0,1.56,2343.8,1
Jute,2020-21,Gopalganj,2022,59408.0,24041.0,2.448,58853.3,1
Jute,2020-21,Habiganj,2022,745.0,301.0,2.43,732.7,1
Jute,2020-21,Jamalpur,2022,60887.0,24640.0,1.758,43305.6,1
Jute,2020-21,Jashore,2022,57823.0,23400.0,2.349,54975.0,1
Jute,2020-21,Jhalokati,2022,0.0,0.0,0.0,0.0,1
Jute,2020-21,Jhenaidah,2022,53557.0,21673.0,2.565,55583.4,1
Jute,2020-21,Joypurhat,2022,4339.0,1756.0,2.426,4259.1,1
Jute,2020-21,Khagrachhari,2022,0.0,0.0,0.0,0.0,1
Jute,2020-21,Khulna,2022,3181.0,1287.0,2.309,2972.4,1
Jute,2020-21,Kishoreganj,2022,40682.0,16463.0,2.044,33658.6,1
Jute,2020-21,Kurigram,2022,46093.0,18653.0,2.26,42150.1,1
Jute,2020-21,Kushtia,2022,98413.0,39826.0,2.251,89637.3,1
Jute,2020-21,Lakshmipur,2022,484.0,196.0,1.722,337.3,1
Jute,2020-21,Lalmonirhat,2022,8165.0,3304.0,2.6,8592.5,1
Jute,2020-21,Madaripur,2022,78336.0,31701.0,1.888,59838.0,1
Jute,2020-21,Magura,2022,85406.0,34562.0,1.847,63843.8,1
Jute,2020-21,Manikganj,2022,8914.0,3607.0,1.852,6679.7,1
Jute,2020-21,Meherpur,2022,48911.0,19793.0,2.878,56973.8,1
Jute,2020-21,Moulvibazar,2022,0.0,0.0,0.0,0.0,1
Jute,2020-21,Munshiganj,2022,7320.0,2962.0,1.749,5179.7,1
Jute,2020-21,Mymensingh,2022,13251.0,5362.0,1.766,9472.8,1
Jute,2020-21,Naogaon,2022,13828.0,5596.0,2.614,14627.1,1
Jute,2020-21,Narail,2022,52484.0,21239.0,2.278,48375.4,1
Jute,2020-21,Narayanganj,2022,720.0,291.0,2.161,629.2,1
Jute,2020-21,Narsingdi,2022,6636.0,2685.0,2.193,5887.7,1
Jute,2020-21,Natore,2022,59968.0,24268.0,1.847,44828.0,1
Jute,2020-21,Netrakona,2022,11562.0,4679.0,1.919,8978.6,1
Jute,2020-21,Nilphamari,2022,17177.0,6951.0,2.399,16673.8,1
Jute,2020-21,Noakhali,2022,0.0,0.0,0.0,0.0,1
Jute,2020-21,Pabna,2022,102319.0,41406.0,2.246,93009.4,1
Jute,2020-21,Panchagarh,2022,21056.0,8521.0,2.215,18872.8,1
Jute,2020-21,Patuakhali,2022,0.0,0.0,0.0,0.0,1
Jute,2020-21,Rajbari,2022,118952.0,48137.0,1.825,87841.5,1
Jute,2020-21,Rajshahi,2022,35401.0,14326.0,2.399,34363.8,1
Jute,2020-21,Rangamati,2022,0.0,0.0,0.0,0.0,1
Jute,2020-21,Rangpur,2022,19997.0,8092.0,2.869,23220.9,1
Jute,2020-21,Satkhira,2022,25378.0,10270.0,2.228,22884.8,1
Jute,2020-21,Shariatpur,2022,57084.0,23101.0,1.834,42361.5,1
Jute,2020-21,Sherpur,2022,3302.0,1336.0,2.399,3205.3,1
Jute,2020-21,Sirajganj,2022,28308.0,11456.0,1.856,21263.9,1
Jute,2020-21,Sunamganj,2022,821.0,332.0,2.148,713.6,1
Jute,2020-21,Sylhet,2022,0.0,0.0,0.0,0.0,1
Jute,2020-21,Tangail,2022,35993.0,14566.0,1.888,27493.6,1
Jute,2020-21,Thakurgaon,2022,13914.0,5631.0,2.426,13657.9,1
Lentil,2019-20,Bagerhat,2022,1498.0,,,503.0,1
Lentil,2019-20,Bandarban,2022,25.0,,,9.0,1
Lentil,2019-20,Barguna,2022,69.0,,,47.0,1
Lentil,2019-20,Barishal,2022,4500.0,,,2200.0,1
Lentil,2019-20,Bhola,2022,1577.0,,,731.0,1
Lentil,2019-20,Bogura,2022,897.0,,,374.0,1
Lentil,2019-20,Brahmanbaria,2022,3046.0,,,1097.0,1
Lentil,2019-20,Chandpur,2022,518.0,,,205.0,1
Lentil,2019-20,Chapainababganj,2022,5138.0,,,1617.0,1
Lentil,2019-20,Chattogram,2022,265.0,,,80.0,1
Lentil,2019-20,Chuadanga,2022,4457.0,,,1824.0,1
Lentil,2019-20,Cox's Bazar,2022,0.0,,,0.0,1
Lentil,2019-20,Cumilla,2022,712.0,,,260.0,1
Lentil,2019-20,Dhaka,2022,757.0,,,303.0,1
Lentil,2019-20,Dinajpur,2022,215.0,,,76.0,1
Lentil,2019-20,Faridpur,2022,41586.0,,,28478.0,1
Lentil,2019-20,Feni,2022,1375.0,,,674.0,1
Lentil,2019-20,Gaibandha,2022,1315.0,,,976.0,1
Lentil,2019-20,Gazipur,2022,211.0,,,82.0,1
Lentil,2019-20,Gopalganj,2022,9704.0,,,3681.0,1
Lentil,2019-20,Habiganj,2022,252.0,,,118.0,1
Lentil,2019-20,Jamalpur,2022,847.0,,,296.0,1
Lentil,2019-20,Jashore,2022,25327.0,,,12150.0,1
Lentil,2019-20,Jhalokati,2022,663.0,,,304.0,1
Lentil,2019-20,Jhenaidah,2022,29748.0,,,17040.0,1
Lentil,2019-20,Joypurhat,2022,342.0,,,180.0,1
Lentil,2019-20,Khagrachhari,2022,102.0,,,31.0,1
Lentil,2019-20,Khulna,2022,221.0,,,70.0,1
Lentil,2019-20,Kishoreganj,2022,268.0,,,92.0,1
Lentil,2019-20,Kurigram,2022,1370.0,,,522.0,1
Lentil,2019-20,Kushtia,2022,21137.0,,,12417.0,1
Lentil,2019-20,Lakshmipur,2022,60.0,,,21.0,1
Lentil,2019-20,Lalmonirhat,2022,117.0,,,53.0,1
Lentil,2019-20,Madaripur,2022,11427.0,,,5400.0,1
Lentil,2019-20,Magura,2022,8445.0,,,4103.0,1
Lentil,2019-20,Manikganj,2022,2255.0,,,831.0,1
Lentil,2019-20,Meherpur,2022,13827.0,,,7133.0,1
Lentil,2019-20,Moulvibazar,2022,79.0,,,42.0,1
Lentil,2019-20,Munshiganj,2022,39.0,,,14.0,1
Lentil,2019-20,Mymensingh,2022,722.0,,,376.0,1
Lentil,2019-20,Naogaon,2022,444.0,,,225.0,1
Lentil,2019-20,Narail,2022,13838.0,,,6282.0,1
Lentil,2019-20,Narayanganj,2022,255.0,,,75.0,1
Lentil,2019-20,Narsingdi,2022,48.0,,,14.0,1
Lentil,2019-20,Natore,2022,34464.0,,,14825.0,1
Lentil,2019-20,Netrakona,2022,123.0,,,55.0,1
Lentil,2019-20,Nilphamari,2022,24.0,,,8.0,1
Lentil,2019-20,Noakhali,2022,109.0,,,35.0,1
Lentil,2019-20,Pabna,2022,26805.0,,,13136.0,1
Lentil,2019-20,Panchagarh,2022,196.0,,,77.0,1
Lentil,2019-20,Patuakhali,2022,614.0,,,221.0,1
Lentil,2019-20,Pirojpur,2022,71.0,,,35.0,1
Lentil,2019-20,Rajbari,2022,20729.0,,,9988.0,1
Lentil,2019-20,Rajshahi,2022,39310.0,,,20803.0,1
Lentil,2019-20,Rangamati,2022,75.0,,,29.0,1
Lentil,2019-20,Rangpur,2022,217.0,,,114.0,1
Lentil,2019-20,Satkhira,2022,797.0,,,272.0,1
Lentil,2019-20,Shariatpur,2022,5550.0,,,2813.0,1
Lentil,2019-20,Sherpur,2022,128.0,,,50.0,1
Lentil,2019-20,Sirajganj,2022,7160.0,,,3022.0,1
Lentil,2019-20,Sunamganj,2022,0.0,,,0.0,1
Lentil,2019-20,Sylhet,2022,15.0,,,10.0,1
Lentil,2019-20,Tangail,2022,2725.0,,,745.0,1
Lentil,2019-20,Thakurgaon,2022,299.0,,,110.0,1
Lentil,2020-21,Bagerhat,2022,1449.0,,,491.0,1
Lentil,2020-21,Bandarban,2022,27.0,,,10.0,1
Lentil,2020-21,Barguna,2022,177.0,,,65.0,1
Lentil,2020-21,Barishal,2022,4293.0,,,1866.0,1
Lentil,2020-21,Bhola,2022,1584.0,,,725.0,1
Lentil,2020-21,Bogura,2022,923.0,,,391.0,1
Lentil,2020-21,Brahmanbaria,2022,2861.0,,,867.0,1
Lentil,2020-21,Chandpur,2022,551.0,,,218.0,1
Lentil,2020-21,Chapainababganj,2022,5307.0,,,1608.0,1
Lentil,2020-21,Chattogram,2022,256.0,,,59.0,1
Lentil,2020-21,Chuadanga,2022,4477.0,,,1851.0,1
Lentil,2020-21,Cox's Bazar,2022,0.0,,,0.0,1
Lentil,2020-21,Cumilla,2022,960.0,,,257.0,1
Lentil,2020-21,Dhaka,2022,617.0,,,272.0,1
Lentil,2020-21,Dinajpur,2022,100.0,,,38.0,1
Lentil,2020-21,Faridpur,2022,41417.0,,,28646.0,1
Lentil,2020-21,Feni,2022,1122.0,,,513.0,1
Lentil,2020-21,Gaibandha,2022,1296.0,,,963.0,1
Lentil,2020-21,Gazipur,2022,172.0,,,68.0,1
Lentil,2020-21,Gopalganj,2022,9399.0,,,3819.0,1
Lentil,2020-21,Habiganj,2022,40.0,,,9.0,1
Lentil,2020-21,Jamalpur,2022,765.0,,,266.0,1
Lentil,2020-21,Jashore,2022,24551.0,,,11898.0,1
Lentil,2020-21,Jhalokati,2022,683.0,,,321.0,1
Lentil,2020-21,Jhenaidah,2022,29147.0,,,16486.0,1
Lentil,2020-21,Joypurhat,2022,333.0,,,163.0,1
Lentil,2020-21,Khagrachhari,2022,67.0,,,17.0,1
Lentil,2020-21,Khulna,2022,225.0,,,71.0,1
Lentil,2020-21,Kishoreganj,2022,260.0,,,100.0,1
Lentil,2020-21,Kurigram,2022,1411.0,,,537.0,1
Lentil,2020-21,Kushtia,2022,21146.0,,,12532.0,1
Lentil,2020-21,Lakshmipur,2022,64.0,,,18.0,1
Lentil,2020-21,Lalmonirhat,2022,104.0,,,43.0,1
Lentil,2020-21,Madaripur,2022,11427.0,,,5400.0,1
Lentil,2020-21,Magura,2022,32570.0,,,11610.0,1
Lentil,2020-21,Manikganj,2022,2235.0,,,1006.0,1
Lentil,2020-21,Meherpur,2022,14079.0,,,7374.0,1
Lentil,2020-21,Moulvibazar,2022,70.0,,,30.0,1
Lentil,2020-21,Munshiganj,2022,40.0,,,14.0,1
Lentil,2020-21,Mymensingh,2022,728.0,,,375.0,1
Lentil,2020-21,Naogaon,2022,432.0,,,216.0,1
Lentil,2020-21,Narail,2022,13887.0,,,6774.0,1
Lentil,2020-21,Narayanganj,2022,247.0,,,71.0,1
Lentil,2020-21,Narsingdi,2022,48.0,,,14.0,1
Lentil,2020-21,Natore,2022,30860.0,,,18460.0,1
Lentil,2020-21,Netrakona,2022,92.0,,,36.0,1
Lentil,2020-21,Nilphamari,2022,21.0,,,9.0,1
Lentil,2020-21,Noakhali,2022,86.0,,,30.0,1
Lentil,2020-21,Pabna,2022,26691.0,,,13309.0,1
Lentil,2020-21,Panchagarh,2022,179.0,,,60.0,1
Lentil,2020-21,Patuakhali,2022,602.0,,,219.0,1
Lentil,2020-21,Pirojpur,2022,77.0,,,40.0,1
Lentil,2020-21,Rajbari,2022,17356.0,,,8979.0,1
Lentil,2020-21,Rajshahi,2022,36337.0,,,18993.0,1
Lentil,2020-21,Rangamati,2022,72.0,,,25.0,1
Lentil,2020-21,Rangpur,2022,215.0,,,113.0,1
Lentil,2020-21,Satkhira,2022,766.0,,,277.0,1
Lentil,2020-21,Shariatpur,2022,5433.0,,,2784.0,1
Lentil,2020-21,Sherpur,2022,133.0,,,46.0,1
Lentil,2020-21,Sirajganj,2022,7010.0,,,3097.0,1
Lentil,2020-21,Sunamganj,2022,0.0,,,0.0,1
Lentil,2020-21,Sylhet,2022,42.0,,,22.0,1
Lentil,2020-21,Tangail,2022,2716.0,,,747.0,1
Lentil,2020-21,Thakurgaon,2022,464.0,,,182.0,1
Lentil,2021-22,Bagerhat,2022,1504.0,,,490.55,1
Lentil,2021-22,Bandarban,2022,27.6,,,10.27,1
Lentil,2021-22,Barguna,2022,177.0,,,63.0,1
Lentil,2021-22,Barishal,2022,3316.0,,,1802.0,1
Lentil,2021-22,Bhola,2022,1478.0,,,671.0,1
Lentil,2021-22,Bogura,2022,615.34,,,250.15,1
Lentil,2021-22,Brahmanbaria,2022,2834.34,,,879.54,1
Lentil,2021-22,Chandpur,2022,570.75,,,281.78,1
Lentil,2021-22,Chapainababganj,2022,5335.0,,,2462.32,1
Lentil,2021-22,Chattogram,2022,263.13,,,82.47,1
Lentil,2021-22,Chuadanga,2022,4464.0,,,1850.88,1
Lentil,2021-22,Cox's Bazar,2022,0.0,,,0.0,1
Lentil,2021-22,Cumilla,2022,692.3,,,261.06,1
Lentil,2021-22,Dhaka,2022,591.94,,,269.55,1
Lentil,2021-22,Dinajpur,2022,108.15,,,49.74,1
Lentil,2021-22,Faridpur,2022,38893.0,,,27077.7,1
Lentil,2021-22,Feni,2022,1124.25,,,515.45,1
Lentil,2021-22,Gaibandha,2022,1376.0,,,922.84,1
Lentil,2021-22,Gazipur,2022,164.6,,,64.53,1
Lentil,2021-22,Gopalganj,2022,9902.4,,,4244.18,1
Lentil,2021-22,Habiganj,2022,38.0,,,14.8,1
Lentil,2021-22,Jamalpur,2022,744.0,,,258.0,1
Lentil,2021-22,Jashore,2022,24815.0,,,11509.64,1
Lentil,2021-22,Jhalokati,2022,689.0,,,335.0,1
Lentil,2021-22,Jhenaidah,2022,28380.0,,,15970.0,1
Lentil,2021-22,Joypurhat,2022,330.69,,,160.94,1
Lentil,2021-22,Khagrachhari,2022,79.0,,,25.0,1
Lentil,2021-22,Khulna,2022,218.77,,,72.05,1
Lentil,2021-22,Kishoreganj,2022,253.36,,,103.39,1
Lentil,2021-22,Kurigram,2022,1398.71,,,555.53,1
Lentil,2021-22,Kushtia,2022,25958.0,,,15254.0,1
Lentil,2021-22,Lakshmipur,2022,65.8,,,23.0,1
Lentil,2021-22,Lalmonirhat,2022,122.0,,,51.35,1
Lentil,2021-22,Madaripur,2022,12072.0,,,5668.11,1
Lentil,2021-22,Magura,2022,31799.0,,,11362.4,1
Lentil,2021-22,Manikganj,2022,1978.77,,,895.07,1
Lentil,2021-22,Meherpur,2022,12646.0,,,6468.35,1
Lentil,2021-22,Moulvibazar,2022,71.49,,,30.08,1
Lentil,2021-22,Munshiganj,2022,34.5,,,12.87,1
Lentil,2021-22,Mymensingh,2022,722.0,,,389.0,1
Lentil,2021-22,Naogaon,2022,445.21,,,225.17,1
Lentil,2021-22,Narail,2022,13744.0,,,6596.17,1
Lentil,2021-22,Narayanganj,2022,238.12,,,67.7,1
Lentil,2021-22,Narsingdi,2022,48.12,,,14.5,1
Lentil,2021-22,Natore,2022,31026.0,,,15859.01,1
Lentil,2021-22,Netrakona,2022,59.0,,,24.0,1
Lentil,2021-22,Nilphamari,2022,21.44,,,8.66,1
Lentil,2021-22,Noakhali,2022,86.6,,,31.98,1
Lentil,2021-22,Pabna,2022,26602.0,,,13342.0,1
Lentil,2021-22,Panchagarh,2022,168.0,,,58.73,1
Lentil,2021-22,Patuakhali,2022,588.0,,,209.84,1
Lentil,2021-22,Pirojpur,2022,79.0,,,43.0,1
Lentil,2021-22,Rajbari,2022,15900.0,,,15420.0,1
Lentil,2021-22,Rajshahi,2022,35388.3,,,20041.9,1
Lentil,2021-22,Rangamati,2022,74.35,,,27.63,1
Lentil,2021-22,Rangpur,2022,211.0,,,111.0,1
Lentil,2021-22,Satkhira,2022,767.08,,,272.91,1
Lentil,2021-22,Shariatpur,2022,5514.0,,,2852.0,1
Lentil,2021-22,Sherpur,2022,138.0,,,49.0,1
Lentil,2021-22,Sirajganj,2022,6929.98,,,3169.14,1
Lentil,2021-22,Sunamganj,2022,0.0,,,0.0,1
Lentil,2021-22,Sylhet,2022,50.0,,,29.5,1
Lentil,2021-22,Tangail,2022,2718.01,,,773.79,1
Lentil,2021-22,Thakurgaon,2022,296.0,,,108.39,1
Maize,2019-20,Bagerhat,2022,418.0,,,946.0,1
Maize,2019-20,Bandarban,2022,772.0,,,1096.0,1
Maize,2019-20,Barguna,2022,125.0,,,162.0,1
Maize,2019-20,Barishal,2022,650.0,,,1255.0,1
Maize,2019-20,Bhola,2022,1898.0,,,3424.0,1
Maize,2019-20,Bogura,2022,18354.0,,,55008.0,1
Maize,2019-20,Brahmanbaria,2022,120.0,,,165.0,1
Maize,2019-20,Chandpur,2022,13216.0,,,26035.0,1
Maize,2019-20,Chapainababganj,2022,16534.0,,,44864.0,1
Maize,2019-20,Chattogram,2022,65.0,,,170.0,1
Maize,2019-20,Chuadanga,2022,119442.0,,,503345.0,1
Maize,2019-20,Cox's Bazar,2022,200.0,,,425.0,1
Maize,2019-20,Cumilla,2022,23069.0,,,52734.0,1
Maize,2019-20,Dhaka,2022,11749.0,,,33201.0,1
Maize,2019-20,Dinajpur,2022,164966.0,,,627850.0,1
Maize,2019-20,Faridpur,2022,1552.0,,,3514.0,1
Maize,2019-20,Feni,2022,318.0,,,1007.0,1
Maize,2019-20,Gaibandha,2022,34451.0,,,110988.0,1
Maize,2019-20,Gazipur,2022,5.8,,,10.08,1
Maize,2019-20,Gopalganj,2022,99.0,,,284.0,1
Maize,2019-20,Habiganj,2022,35.0,,,62.0,1
Maize,2019-20,Jamalpur,2022,25431.0,,,102856.3,1
Maize,2019-20,Jashore,2022,1186.0,,,3719.0,1
Maize,2019-20,Jhalokati,2022,1093.0,,,2391.0,1
Maize,2019-20,Jhenaidah,2022,42964.0,,,167104.0,1
Maize,2019-20,Joypurhat,2022,1011.0,,,3028.0,1
Maize,2019-20,Khagrachhari,2022,1471.0,,,2600.0,1
Maize,2019-20,Khulna,2022,159.0,,,414.0,1
Maize,2019-20,Kishoreganj,2022,10334.0,,,28086.0,1
Maize,2019-20,Kurigram,2022,23871.0,,,71010.0,1
Maize,2019-20,Kushtia,2022,24062.0,,,96150.0,1
Maize,2019-20,Lakshmipur,2022,0.0,,,0.0,1
Maize,2019-20,Lalmonirhat,2022,82708.0,,,275695.0,1
Maize,2019-20,Madaripur,2022,583.0,,,2270.0,1
Maize,2019-20,Magura,2022,93.0,,,206.0,1
Maize,2019-20,Manikganj,2022,53903.0,,,162558.0,1
Maize,2019-20,Meherpur,2022,28332.0,,,129200.0,1
Maize,2019-20,Moulvibazar,2022,3.0,,,8.0,1
Maize,2019-20,Munshiganj,2022,10342.0,,,22680.0,1
Maize,2019-20,Mymensingh,2022,280.0,,,1154.0,1
Maize,2019-20,Naogaon,2022,17799.0,,,64762.0,1
Maize,2019-20,Narail,2022,310.0,,,1102.0,1
Maize,2019-20,Narayanganj,2022,68.0,,,215.0,1
Maize,2019-20,Narsingdi,2022,36.0,,,95.0,1
Maize,2019-20,Natore,2022,31324.0,,,67848.0,1
Maize,2019-20,Netrakona,2022,0.0,,,0.0,1
Maize,2019-20,Nilphamari,2022,61535.0,,,252637.0,1
Maize,2019-20,Noakhali,2022,84.0,,,185.0,1
Maize,2019-20,Pabna,2022,1752.0,,,4596.0,1
Maize,2019-20,Panchagarh,2022,67389.0,,,278152.0,1
Maize,2019-20,Patuakhali,2022,111.0,,,153.0,1
Maize,2019-20,Pirojpur,2022,600.0,,,1077.0,1
Maize,2019-20,Rajbari,2022,714.0,,,2159.0,1
Maize,2019-20,Rajshahi,2022,38235.0,,,100897.0,1
Maize,2019-20,Rangamati,2022,1017.0,,,1669.0,1
Maize,2019-20,Rangpur,2022,68757.0,,,212037.0,1
Maize,2019-20,Satkhira,2022,133.0,,,385.0,1
Maize,2019-20,Shariatpur,2022,30.0,,,77.0,1
Maize,2019-20,Sherpur,2022,2149.0,,,9459.0,1
Maize,2019-20,Sirajganj,2022,28895.0,,,98667.0,1
Maize,2019-20,Sunamganj,2022,0.0,,,0.0,1
Maize,2019-20,Sylhet,2022,0.0,,,0.0,1
Maize,2019-20,Tangail,2022,6740.0,,,16992.0,1
Maize,2019-20,Thakurgaon,2022,122051.0,,,363978.0,1
Maize,2020-21,Bagerhat,2022,421.5,,,946.17,1
Maize,2020-21,Bandarban,2022,785.0,,,942.1,1
Maize,2020-21,Barguna,2022,126.0,,,181.0,1
Maize,2020-21,Barishal,2022,660.0,,,1320.0,1
Maize,2020-21,Bhola,2022,1954.0,,,5254.0,1
Maize,2020-21,Bogura,2022,18583.94,,,56351.71,1
Maize,2020-21,Brahmanbaria,2022,266.9,,,406.04,1
Maize,2020-21,Chandpur,2022,13729.0,,,38511.69,1
Maize,2020-21,Chapainababganj,2022,16946.89,,,46085.11,1
Maize,2020-21,Chattogram,2022,66.0,,,171.87,1
Maize,2020-21,Chuadanga,2022,117936.0,,,517263.0,1
Maize,2020-21,Cox's Bazar,2022,200.35,,,424.94,1
Maize,2020-21,Cumilla,2022,23305.0,,,57115.5,1
Maize,2020-21,Dhaka,2022,16502.0,,,44431.9,1
Maize,2020-21,Dinajpur,2022,166533.0,,,584980.0,1
Maize,2020-21,Faridpur,2022,1550.5,,,3495.0,1
Maize,2020-21,Feni,2022,350.92,,,1017.24,1
Maize,2020-21,Gaibandha,2022,34201.0,,,109955.0,1
Maize,2020-21,Gazipur,2022,346.12,,,790.72,1
Maize,2020-21,Gopalganj,2022,115.6,,,328.79,1
Maize,2020-21,Habiganj,2022,27.8,,,39.1,1
Maize,2020-21,Jamalpur,2022,27695.0,,,113758.0,1
Maize,2020-21,Jashore,2022,1470.0,,,4790.0,1
Maize,2020-21,Jhalokati,2022,1095.0,,,2404.0,1
Maize,2020-21,Jhenaidah,2022,43241.0,,,172060.5,1
Maize,2020-21,Joypurhat,2022,817.58,,,2828.0,1
Maize,2020-21,Khagrachhari,2022,1474.75,,,2626.0,1
Maize,2020-21,Khulna,2022,213.4,,,602.37,1
Maize,2020-21,Kishoreganj,2022,13926.74,,,43161.0,1
Maize,2020-21,Kurigram,2022,22775.0,,,74910.97,1
Maize,2020-21,Kushtia,2022,24560.0,,,97640.0,1
Maize,2020-21,Lakshmipur,2022,0.0,,,0.0,1
Maize,2020-21,Lalmonirhat,2022,88661.0,,,309114.0,1
Maize,2020-21,Madaripur,2022,568.6,,,2153.58,1
Maize,2020-21,Magura,2022,155.97,,,512.39,1
Maize,2020-21,Manikganj,2022,53305.0,,,161477.8,1
Maize,2020-21,Meherpur,2022,28300.0,,,124916.2,1
Maize,2020-21,Moulvibazar,2022,2.61,,,7.83,1
Maize,2020-21,Munshiganj,2022,11305.01,,,25151.79,1
Maize,2020-21,Mymensingh,2022,290.0,,,1015.0,1
Maize,2020-21,Naogaon,2022,17238.18,,,61452.66,1
Maize,2020-21,Narail,2022,301.0,,,1061.0,1
Maize,2020-21,Narayanganj,2022,65.72,,,209.47,1
Maize,2020-21,Narsingdi,2022,39.14,,,101.12,1
Maize,2020-21,Natore,2022,32698.0,,,91676.73,1
Maize,2020-21,Netrakona,2022,0.0,,,0.0,1
Maize,2020-21,Nilphamari,2022,59987.0,,,251708.0,1
Maize,2020-21,Noakhali,2022,256.85,,,798.11,1
Maize,2020-21,Pabna,2022,1800.0,,,5069.24,1
Maize,2020-21,Panchagarh,2022,67218.0,,,280577.8,1
Maize,2020-21,Patuakhali,2022,112.0,,,167.0,1
Maize,2020-21,Pirojpur,2022,533.0,,,995.0,1
Maize,2020-21,Rajbari,2022,729.0,,,2164.0,1
Maize,2020-21,Rajshahi,2022,39921.5,,,117973.9,1
Maize,2020-21,Rangamati,2022,1054.05,,,1846.6,1
Maize,2020-21,Rangpur,2022,67401.0,,,215831.0,1
Maize,2020-21,Satkhira,2022,156.07,,,445.16,1
Maize,2020-21,Shariatpur,2022,32.5,,,99.15,1
Maize,2020-21,Sherpur,2022,2058.0,,,5235.0,1
Maize,2020-21,Sirajganj,2022,30542.06,,,105040.2,1
Maize,2020-21,Sunamganj,2022,15.0,,,31.5,1
Maize,2020-21,Sylhet,2022,29.0,,,53.99,1
Maize,2020-21,Tangail,2022,7685.25,,,22529.5,1
Maize,2020-21,Thakurgaon,2022,121315.0,,,342232.0,1
Maize,2021-22,Bagerhat,2022,404.0,,,915.45,1
Maize,2021-22,Bandarban,2022,790.5,,,896.0,1
Maize,2021-22,Barguna,2022,127.0,,,180.0,1
Maize,2021-22,Barishal,2022,1094.0,,,2459.0,1
Maize,2021-22,Bhola,2022,1940.0,,,4966.0,1
Maize,2021-22,Bogura,2022,17303.97,,,57541.06,1
Maize,2021-22,Brahmanbaria,2022,282.3,,,496.09,1
Maize,2021-22,Chandpur,2022,14229.15,,,39309.58,1
Maize,2021-22,Chapainababganj,2022,17433.02,,,47600.25,1
Maize,2021-22,Chattogram,2022,110.0,,,248.0,1
Maize,2021-22,Chuadanga,2022,115476.0,,,488723.0,1
Maize,2021-22,Cox's Bazar,2022,200.0,,,425.0,1
Maize,2021-22,Cumilla,2022,23309.0,,,57116.0,1
Maize,2021-22,Dhaka,2022,13258.0,,,37938.93,1
Maize,2021-22,Dinajpur,2022,172578.0,,,630047.0,1
Maize,2021-22,Faridpur,2022,800.0,,,1856.35,1
Maize,2021-22,Feni,2022,355.13,,,1021.99,1
Maize,2021-22,Gaibandha,2022,27327.0,,,89609.2,1
Maize,2021-22,Gazipur,2022,227.57,,,675.27,1
Maize,2021-22,Gopalganj,2022,108.37,,,303.11,1
Maize,2021-22,Habiganj,2022,55.5,,,105.32,1
Maize,2021-22,Jamalpur,2022,28583.0,,,121457.0,1
Maize,2021-22,Jashore,2022,1229.0,,,4157.0,1
Maize,2021-22,Jhalokati,2022,1078.0,,,1874.0,1
Maize,2021-22,Jhenaidah,2022,46036.0,,,179301.0,1
Maize,2021-22,Joypurhat,2022,862.74,,,3229.0,1
Maize,2021-22,Khagrachhari,2022,1524.06,,,2880.37,1
Maize,2021-22,Khulna,2022,207.17,,,624.7,1
Maize,2021-22,Kishoreganj,2022,15318.29,,,51557.96,1
Maize,2021-22,Kurigram,2022,22435.0,,,79414.25,1
Maize,2021-22,Kushtia,2022,23802.0,,,95423.0,1
Maize,2021-22,Lakshmipur,2022,292.0,,,599.0,1
Maize,2021-22,Lalmonirhat,2022,83662.25,,,308095.6,1
Maize,2021-22,Madaripur,2022,584.0,,,2205.75,1
Maize,2021-22,Magura,2022,175.19,,,519.42,1
Maize,2021-22,Manikganj,2022,53512.73,,,164449.2,1
Maize,2021-22,Meherpur,2022,27321.0,,,125421.2,1
Maize,2021-22,Moulvibazar,2022,2.96,,,8.88,1
Maize,2021-22,Munshiganj,2022,10318.01,,,24361.7,1
Maize,2021-22,Mymensingh,2022,333.0,,,1164.0,1
Maize,2021-22,Naogaon,2022,17123.68,,,70374.92,1
Maize,2021-22,Narail,2022,258.0,,,912.0,1
Maize,2021-22,Narayanganj,2022,145.07,,,461.92,1
Maize,2021-22,Narsingdi,2022,41.7,,,106.67,1
Maize,2021-22,Natore,2022,29392.64,,,95659.45,1
Maize,2021-22,Netrakona,2022,91.0,,,241.0,1
Maize,2021-22,Nilphamari,2022,64587.0,,,274655.2,1
Maize,2021-22,Noakhali,2022,387.0,,,1203.0,1
Maize,2021-22,Pabna,2022,1783.25,,,4983.3,1
Maize,2021-22,Panchagarh,2022,74407.0,,,314901.5,1
Maize,2021-22,Patuakhali,2022,0.0,,,0.0,1
Maize,2021-22,Pirojpur,2022,642.0,,,1186.0,1
Maize,2021-22,Rajbari,2022,311.0,,,895.0,1
Maize,2021-22,Rajshahi,2022,39810.63,,,117917.9,1
Maize,2021-22,Rangamati,2022,1013.85,,,1886.51,1
Maize,2021-22,Rangpur,2022,65164.0,,,210176.0,1
Maize,2021-22,Satkhira,2022,145.08,,,414.59,1
Maize,2021-22,Shariatpur,2022,67.7,,,185.0,1
Maize,2021-22,Sherpur,2022,2157.0,,,5454.0,1
Maize,2021-22,Sirajganj,2022,31222.46,,,118228.8,1
Maize,2021-22,Sunamganj,2022,16.0,,,14.0,1
Maize,2021-22,Sylhet,2022,29.0,,,25.43,1
Maize,2021-22,Tangail,2022,8630.94,,,22300.82,1
Maize,2021-22,Thakurgaon,2022,119588.0,,,390486.1,1
Mung,2019-20,Bagerhat,2022,506.0,,,141.0,1
Mung,2019-20,Bandarban,2022,49.0,,,18.0,1
Mung,2019-20,Barguna,2022,17730.0,,,2100.0,1
Mung,2019-20,Barishal,2022,12200.0,,,4800.0,1
Mung,2019-20,Bhola,2022,25232.0,,,9846.0,1
Mung,2019-20,Bogura,2022,10.0,,,4.0,1
Mung,2019-20,Brahmanbaria,2022,23.0,,,8.0,1
Mung,2019-20,Chandpur,2022,163.0,,,64.0,1
Mung,2019-20,Chapainababganj,2022,28.0,,,8.0,1
Mung,2019-20,Chattogram,2022,1560.0,,,469.0,1
Mung,2019-20,Chuadanga,2022,1381.0,,,789.0,1
Mung,2019-20,Cox's Bazar,2022,0.0,,,0.0,1
Mung,2019-20,Cumilla,2022,3.0,,,2.0,1
Mung,2019-20,Dhaka,2022,62.0,,,38.0,1
Mung,2019-20,Dinajpur,2022,40.0,,,10.0,1
Mung,2019-20,Faridpur,2022,957.0,,,332.0,1
Mung,2019-20,Feni,2022,1379.0,,,710.0,1
Mung,2019-20,Gaibandha,2022,134.0,,,60.0,1
Mung,2019-20,Gazipur,2022,87.0,,,24.0,1
Mung,2019-20,Gopalganj,2022,140.0,,,58.0,1
Mung,2019-20,Habiganj,2022,0.0,,,0.0,1
Mung,2019-20,Jamalpur,2022,91.0,,,33.0,1
Mung,2019-20,Jashore,2022,1676.0,,,641.0,1
Mung,2019-20,Jhalokati,2022,2281.0,,,625.0,1
Mung,2019-20,Jhenaidah,2022,1669.0,,,707.0,1
Mung,2019-20,Joypurhat,2022,20.0,,,6.0,1
Mung,2019-20,Khagrachhari,2022,0.0,,,0.0,1
Mung,2019-20,Khulna,2022,216.0,,,59.0,1
Mung,2019-20,Kishoreganj,2022,249.0,,,89.0,1
Mung,2019-20,Kurigram,2022,142.0,,,51.0,1
Mung,2019-20,Kushtia,2022,154.0,,,81.0,1
Mung,2019-20,Lakshmipur,2022,1577.0,,,388.0,1
Mung,2019-20,Lalmonirhat,2022,69.0,,,39.0,1
Mung,2019-20,Madaripur,2022,480.0,,,154.0,1
Mung,2019-20,Magura,2022,126.0,,,42.0,1
Mung,2019-20,Manikganj,2022,257.0,,,82.0,1
Mung,2019-20,Meherpur,2022,55.0,,,20.0,1
Mung,2019-20,Moulvibazar,2022,12.0,,,5.0,1
Mung,2019-20,Munshiganj,2022,140.0,,,58.0,1
Mung,2019-20,Mymensingh,2022,160.0,,,60.0,1
Mung,2019-20,Naogaon,2022,158.0,,,75.0,1
Mung,2019-20,Narail,2022,341.0,,,143.0,1
Mung,2019-20,Narayanganj,2022,32.0,,,14.0,1
Mung,2019-20,Narsingdi,2022,28.0,,,9.0,1
Mung,2019-20,Natore,2022,11465.0,,,3949.0,1
Mung,2019-20,Netrakona,2022,18.0,,,8.0,1
Mung,2019-20,Nilphamari,2022,10.0,,,7.0,1
Mung,2019-20,Noakhali,2022,1399.0,,,312.0,1
Mung,2019-20,Pabna,2022,457.0,,,190.0,1
Mung,2019-20,Panchagarh,2022,256.0,,,117.0,1
Mung,2019-20,Patuakhali,2022,12578.0,,,4650.0,1
Mung,2019-20,Pirojpur,2022,549.0,,,186.0,1
Mung,2019-20,Rajbari,2022,151.0,,,60.0,1
Mung,2019-20,Rajshahi,2022,9692.0,,,4484.0,1
Mung,2019-20,Rangamati,2022,0.0,,,0.0,1
Mung,2019-20,Rangpur,2022,76.0,,,32.0,1
Mung,2019-20,Satkhira,2022,22.0,,,6.0,1
Mung,2019-20,Shariatpur,2022,246.0,,,120.0,1
Mung,2019-20,Sherpur,2022,11.0,,,4.0,1
Mung,2019-20,Sirajganj,2022,8.0,,,4.0,1
Mung,2019-20,Sunamganj,2022,0.0,,,0.0,1
Mung,2019-20,Sylhet,2022,0.0,,,0.0,1
Mung,2019-20,Tangail,2022,19.0,,,12.0,1
Mung,2019-20,Thakurgaon,2022,168.0,,,51.0,1
Mung,2020-21,Bagerhat,2022,475.3,,,130.24,1
Mung,2020-21,Bandarban,2022,50.6,,,19.07,1
Mung,2020-21,Barguna,2022,13617.0,,,4786.0,1
Mung,2020-21,Barishal,2022,12212.0,,,5055.0,1
Mung,2020-21,Bhola,2022,25459.0,,,9303.0,1
Mung,2020-21,Bogura,2022,11.5,,,4.2,1
Mung,2020-21,Brahmanbaria,2022,21.7,,,7.44,1
Mung,2020-21,Chandpur,2022,167.9,,,71.42,1
Mung,2020-21,Chapainababganj,2022,26.0,,,7.33,1
Mung,2020-21,Chattogram,2022,1678.35,,,505.77,1
Mung,2020-21,Chuadanga,2022,1387.5,,,791.81,1
Mung,2020-21,Cox's Bazar,2022,0.0,,,0.0,1
Mung,2020-21,Cumilla,2022,3.0,,,2.0,1
Mung,2020-21,Dhaka,2022,61.7,,,37.6,1
Mung,2020-21,Dinajpur,2022,38.0,,,12.0,1
Mung,2020-21,Faridpur,2022,960.7,,,350.65,1
Mung,2020-21,Feni,2022,1381.11,,,722.0,1
Mung,2020-21,Gaibandha,2022,133.5,,,54.28,1
Mung,2020-21,Gazipur,2022,132.6,,,35.3,1
Mung,2020-21,Gopalganj,2022,169.6,,,67.3,1
Mung,2020-21,Habiganj,2022,0.0,,,0.0,1
Mung,2020-21,Jamalpur,2022,87.0,,,33.0,1
Mung,2020-21,Jashore,2022,1638.0,,,636.0,1
Mung,2020-21,Jhalokati,2022,2269.0,,,769.0,1
Mung,2020-21,Jhenaidah,2022,1654.0,,,706.0,1
Mung,2020-21,Joypurhat,2022,18.69,,,5.77,1
Mung,2020-21,Khagrachhari,2022,0.0,,,0.0,1
Mung,2020-21,Khulna,2022,217.25,,,61.67,1
Mung,2020-21,Kishoreganj,2022,233.9,,,86.2,1
Mung,2020-21,Kurigram,2022,125.0,,,46.0,1
Mung,2020-21,Kushtia,2022,157.0,,,84.0,1
Mung,2020-21,Lakshmipur,2022,1542.0,,,393.0,1
Mung,2020-21,Lalmonirhat,2022,118.0,,,38.0,1
Mung,2020-21,Madaripur,2022,480.5,,,154.1,1
Mung,2020-21,Magura,2022,129.0,,,29.49,1
Mung,2020-21,Manikganj,2022,268.7,,,81.2,1
Mung,2020-21,Meherpur,2022,78.0,,,73.34,1
Mung,2020-21,Moulvibazar,2022,11.35,,,3.29,1
Mung,2020-21,Munshiganj,2022,0.0,,,0.0,1
Mung,2020-21,Mymensingh,2022,154.0,,,58.0,1
Mung,2020-21,Naogaon,2022,158.06,,,76.97,1
Mung,2020-21,Narail,2022,385.0,,,153.23,1
Mung,2020-21,Narayanganj,2022,29.5,,,12.4,1
Mung,2020-21,Narsingdi,2022,28.2,,,8.9,1
Mung,2020-21,Natore,2022,10616.8,,,3964.95,1
Mung,2020-21,Netrakona,2022,33.0,,,10.0,1
Mung,2020-21,Nilphamari,2022,11.0,,,5.0,1
Mung,2020-21,Noakhali,2022,7793.96,,,2566.57,1
Mung,2020-21,Pabna,2022,462.7,,,194.38,1
Mung,2020-21,Panchagarh,2022,246.0,,,140.0,1
Mung,2020-21,Patuakhali,2022,12559.0,,,4613.57,1
Mung,2020-21,Pirojpur,2022,602.0,,,213.0,1
Mung,2020-21,Rajbari,2022,150.5,,,60.3,1
Mung,2020-21,Rajshahi,2022,8557.1,,,3746.2,1
Mung,2020-21,Rangamati,2022,0.0,,,0.0,1
Mung,2020-21,Rangpur,2022,46.0,,,20.0,1
Mung,2020-21,Satkhira,2022,30.0,,,8.87,1
Mung,2020-21,Shariatpur,2022,215.0,,,108.3,1
Mung,2020-21,Sherpur,2022,11.0,,,4.0,1
Mung,2020-21,Sirajganj,2022,19.0,,,6.49,1
Mung,2020-21,Sunamganj,2022,0.0,,,0.0,1
Mung,2020-21,Sylhet,2022,9.0,,,2.16,1
Mung,2020-21,Tangail,2022,2.5,,,1.5,1
Mung,2020-21,Thakurgaon,2022,171.0,,,52.0,1
Mung,2021-22,Bagerhat,2022,483.5,,,144.38,1
Mung,2021-22,Bandarban,2022,51.55,,,19.4,1
Mung,2021-22,Barguna,2022,13627.0,,,4781.0,1
Mung,2021-22,Barishal,2022,13105.0,,,5590.0,1
Mung,2021-22,Bhola,2022,25653.0,,,10117.0,1
Mung,2021-22,Bogura,2022,7.3,,,5.26,1
Mung,2021-22,Brahmanbaria,2022,15.25,,,4.18,1
Mung,2021-22,Chandpur,2022,175.98,,,76.55,1
Mung,2021-22,Chapainababganj,2022,28.0,,,8.28,1
Mung,2021-22,Chattogram,2022,1665.34,,,504.0,1
Mung,2021-22,Chuadanga,2022,1388.0,,,787.44,1
Mung,2021-22,Cox's Bazar,2022,0.0,,,0.0,1
Mung,2021-22,Cumilla,2022,3.3,,,1.9,1
Mung,2021-22,Dhaka,2022,74.0,,,51.33,1
Mung,2021-22,Dinajpur,2022,32.0,,,10.0,1
Mung,2021-22,Faridpur,2022,988.5,,,353.25,1
Mung,2021-22,Feni,2022,1382.31,,,724.42,1
Mung,2021-22,Gaibandha,2022,126.0,,,50.25,1
Mung,2021-22,Gazipur,2022,48.06,,,14.36,1
Mung,2021-22,Gopalganj,2022,193.65,,,76.41,1
Mung,2021-22,Habiganj,2022,0.0,,,0.0,1
Mung,2021-22,Jamalpur,2022,90.0,,,36.0,1
Mung,2021-22,Jashore,2022,1642.0,,,635.32,1
Mung,2021-22,Jhalokati,2022,2295.0,,,703.0,1
Mung,2021-22,Jhenaidah,2022,1645.0,,,714.0,1
Mung,2021-22,Joypurhat,2022,23.05,,,7.24,1
Mung,2021-22,Khagrachhari,2022,0.0,,,0.0,1
Mung,2021-22,Khulna,2022,206.05,,,57.96,1
Mung,2021-22,Kishoreganj,2022,195.64,,,71.56,1
Mung,2021-22,Kurigram,2022,148.4,,,96.22,1
Mung,2021-22,Kushtia,2022,153.0,,,83.0,1
Mung,2021-22,Lakshmipur,2022,1503.0,,,382.0,1
Mung,2021-22,Lalmonirhat,2022,72.95,,,41.32,1
Mung,2021-22,Madaripur,2022,408.61,,,132.76,1
Mung,2021-22,Magura,2022,132.6,,,44.58,1
Mung,2021-22,Manikganj,2022,271.5,,,82.07,1
Mung,2021-22,Meherpur,2022,77.0,,,30.8,1
Mung,2021-22,Moulvibazar,2022,13.2,,,4.1,1
Mung,2021-22,Munshiganj,2022,0.0,,,0.0,1
Mung,2021-22,Mymensingh,2022,155.0,,,62.0,1
Mung,2021-22,Naogaon,2022,132.94,,,74.81,1
Mung,2021-22,Narail,2022,357.0,,,145.46,1
Mung,2021-22,Narayanganj,2022,27.5,,,11.45,1
Mung,2021-22,Narsingdi,2022,23.14,,,7.08,1
Mung,2021-22,Natore,2022,10599.4,,,4032.87,1
Mung,2021-22,Netrakona,2022,0.0,,,0.0,1
Mung,2021-22,Nilphamari,2022,10.75,,,3.72,1
Mung,2021-22,Noakhali,2022,12730.0,,,4172.23,1
Mung,2021-22,Pabna,2022,466.5,,,196.85,1
Mung,2021-22,Panchagarh,2022,231.0,,,127.16,1
Mung,2021-22,Patuakhali,2022,12575.0,,,2617.0,1
Mung,2021-22,Pirojpur,2022,624.0,,,196.0,1
Mung,2021-22,Rajbari,2022,134.0,,,60.0,1
Mung,2021-22,Rajshahi,2022,7520.1,,,3237.71,1
Mung,2021-22,Rangamati,2022,0.0,,,0.0,1
Mung,2021-22,Rangpur,2022,45.0,,,19.0,1
Mung,2021-22,Satkhira,2022,22.81,,,6.91,1
Mung,2021-22,Shariatpur,2022,192.0,,,94.0,1
Mung,2021-22,Sherpur,2022,11.0,,,4.0,1
Mung,2021-22,Sirajganj,2022,8.75,,,2.8,1
Mung,2021-22,Sunamganj,2022,0.0,,,0.0,1
Mung,2021-22,Sylhet,2022,12.0,,,3.25,1
Mung,2021-22,Tangail,2022,2.51,,,1.53,1
Mung,2021-22,Thakurgaon,2022,104.0,,,31.31,1
Mustard,2019-20,Bagerhat,2022,1676.0,,,636.0,1
Mustard,2019-20,Bandarban,2022,322.0,,,83.0,1
Mustard,2019-20,Barguna,2022,90.0,,,60.0,1
Mustard,2019-20,Barishal,2022,2015.0,,,1058.0,1
Mustard,2019-20,Bhola,2022,2132.0,,,1115.0,1
Mustard,2019-20,Bogura,2022,42579.0,,,23078.0,1
Mustard,2019-20,Brahmanbaria,2022,28488.0,,,13052.0,1
Mustard,2019-20,Chandpur,2022,3918.0,,,1826.0,1
Mustard,2019-20,Chapainababganj,2022,24157.0,,,7409.0,1
Mustard,2019-20,Chattogram,2022,1114.0,,,361.0,1
Mustard,2019-20,Chuadanga,2022,4287.0,,,2745.0,1
Mustard,2019-20,Cox's Bazar,2022,0.0,,,0.0,1
Mustard,2019-20,Cumilla,2022,7523.0,,,3484.0,1
Mustard,2019-20,Dhaka,2022,18788.0,,,8239.0,1
Mustard,2019-20,Dinajpur,2022,31341.0,,,18149.0,1
Mustard,2019-20,Faridpur,2022,19977.0,,,6346.0,1
Mustard,2019-20,Feni,2022,1201.0,,,299.0,1
Mustard,2019-20,Gaibandha,2022,5490.0,,,2451.0,1
Mustard,2019-20,Gazipur,2022,3400.0,,,907.0,1
Mustard,2019-20,Gopalganj,2022,8335.0,,,3289.0,1
Mustard,2019-20,Habiganj,2022,543.0,,,271.0,1
Mustard,2019-20,Jamalpur,2022,20189.0,,,8755.0,1
Mustard,2019-20,Jashore,2022,2808.0,,,798.0,1
Mustard,2019-20,Jhalokati,2022,543.0,,,182.0,1
Mustard,2019-20,Jhenaidah,2022,6910.0,,,3627.0,1
Mustard,2019-20,Joypurhat,2022,16151.0,,,10400.0,1
Mustard,2019-20,Khagrachhari,2022,364.0,,,137.0,1
Mustard,2019-20,Khulna,2022,350.0,,,118.0,1
Mustard,2019-20,Kishoreganj,2022,1796.0,,,706.0,1
Mustard,2019-20,Kurigram,2022,10138.0,,,4878.0,1
Mustard,2019-20,Kushtia,2022,4969.0,,,3186.0,1
Mustard,2019-20,Lakshmipur,2022,213.0,,,59.0,1
Mustard,2019-20,Lalmonirhat,2022,1195.0,,,756.0,1
Mustard,2019-20,Madaripur,2022,16072.0,,,7185.0,1
Mustard,2019-20,Magura,2022,10122.0,,,4786.0,1
Mustard,2019-20,Manikganj,2022,44922.0,,,20341.0,1
Mustard,2019-20,Meherpur,2022,12467.0,,,7197.0,1
Mustard,2019-20,Moulvibazar,2022,739.0,,,354.0,1
Mustard,2019-20,Munshiganj,2022,4002.0,,,1867.0,1
Mustard,2019-20,Mymensingh,2022,2995.0,,,1320.0,1
Mustard,2019-20,Naogaon,2022,49397.0,,,28668.0,1
Mustard,2019-20,Narail,2022,11106.0,,,4404.0,1
Mustard,2019-20,Narayanganj,2022,1821.0,,,706.0,1
Mustard,2019-20,Narsingdi,2022,653.0,,,259.0,1
Mustard,2019-20,Natore,2022,5722.0,,,2302.0,1
Mustard,2019-20,Netrakona,2022,2370.0,,,1220.0,1
Mustard,2019-20,Nilphamari,2022,2422.0,,,1454.0,1
Mustard,2019-20,Noakhali,2022,20.0,,,4.0,1
Mustard,2019-20,Pabna,2022,40383.0,,,15131.0,1
Mustard,2019-20,Panchagarh,2022,2855.0,,,1385.0,1
Mustard,2019-20,Patuakhali,2022,99.0,,,45.0,1
Mustard,2019-20,Pirojpur,2022,96.0,,,34.0,1
Mustard,2019-20,Rajbari,2022,3895.0,,,2170.0,1
Mustard,2019-20,Rajshahi,2022,41064.0,,,22994.0,1
Mustard,2019-20,Rangamati,2022,447.0,,,200.0,1
Mustard,2019-20,Rangpur,2022,4479.0,,,2178.0,1
Mustard,2019-20,Satkhira,2022,13709.0,,,6817.0,1
Mustard,2019-20,Shariatpur,2022,10903.0,,,5481.0,1
Mustard,2019-20,Sherpur,2022,5251.0,,,2357.0,1
Mustard,2019-20,Sirajganj,2022,120467.0,,,52700.0,1
Mustard,2019-20,Sunamganj,2022,1305.0,,,497.0,1
Mustard,2019-20,Sylhet,2022,1341.0,,,968.0,1
Mustard,2019-20,Tangail,2022,64919.0,,,28537.0,1
Mustard,2019-20,Thakurgaon,2022,14810.0,,,6228.0,1
Mustard,2020-21,Bagerhat,2022,1465.53,,,373.89,1
Mustard,2020-21,Bandarban,2022,325.0,,,87.7,1
Mustard,2020-21,Barguna,2022,91.0,,,55.0,1
Mustard,2020-21,Barishal,2022,2026.0,,,1036.0,1
Mustard,2020-21,Bhola,2022,2129.0,,,1110.0,1
Mustard,2020-21,Bogura,2022,42687.0,,,23205.84,1
Mustard,2020-21,Brahmanbaria,2022,28980.4,,,13316.5,1
Mustard,2020-21,Chandpur,2022,3856.0,,,1696.64,1
Mustard,2020-21,Chapainababganj,2022,24786.0,,,8846.0,1
Mustard,2020-21,Chattogram,2022,1034.03,,,344.23,1
Mustard,2020-21,Chuadanga,2022,4295.0,,,2730.69,1
Mustard,2020-21,Cox's Bazar,2022,0.0,,,0.0,1
Mustard,2020-21,Cumilla,2022,7590.85,,,3545.8,1
Mustard,2020-21,Dhaka,2022,26402.45,,,12790.85,1
Mustard,2020-21,Dinajpur,2022,28839.0,,,15877.0,1
Mustard,2020-21,Faridpur,2022,19943.0,,,6423.0,1
Mustard,2020-21,Feni,2022,1207.0,,,303.98,1
Mustard,2020-21,Gaibandha,2022,4913.0,,,2176.0,1
Mustard,2020-21,Gazipur,2022,3474.9,,,928.4,1
Mustard,2020-21,Gopalganj,2022,6334.15,,,2842.46,1
Mustard,2020-21,Habiganj,2022,542.0,,,272.49,1
Mustard,2020-21,Jamalpur,2022,29425.0,,,12946.0,1
Mustard,2020-21,Jashore,2022,25420.0,,,19269.0,1
Mustard,2020-21,Jhalokati,2022,412.0,,,144.0,1
Mustard,2020-21,Jhenaidah,2022,6818.0,,,3614.56,1
Mustard,2020-21,Joypurhat,2022,15883.78,,,11697.0,1
Mustard,2020-21,Khagrachhari,2022,371.0,,,160.87,1
Mustard,2020-21,Khulna,2022,441.9,,,149.59,1
Mustard,2020-21,Kishoreganj,2022,2513.99,,,1108.24,1
Mustard,2020-21,Kurigram,2022,9275.0,,,4200.0,1
Mustard,2020-21,Kushtia,2022,3328.0,,,1921.63,1
Mustard,2020-21,Lakshmipur,2022,236.0,,,74.0,1
Mustard,2020-21,Lalmonirhat,2022,1133.0,,,729.0,1
Mustard,2020-21,Madaripur,2022,16235.0,,,7557.78,1
Mustard,2020-21,Magura,2022,9553.5,,,4870.37,1
Mustard,2020-21,Manikganj,2022,45293.1,,,22280.94,1
Mustard,2020-21,Meherpur,2022,11893.0,,,7323.61,1
Mustard,2020-21,Moulvibazar,2022,736.0,,,357.72,1
Mustard,2020-21,Munshiganj,2022,5416.0,,,2551.28,1
Mustard,2020-21,Mymensingh,2022,2976.0,,,1315.0,1
Mustard,2020-21,Naogaon,2022,55702.0,,,31919.0,1
Mustard,2020-21,Narail,2022,11027.0,,,4372.2,1
Mustard,2020-21,Narayanganj,2022,1596.5,,,598.17,1
Mustard,2020-21,Narsingdi,2022,756.99,,,293.73,1
Mustard,2020-21,Natore,2022,4171.0,,,2198.0,1
Mustard,2020-21,Netrakona,2022,2461.0,,,1150.0,1
Mustard,2020-21,Nilphamari,2022,2327.0,,,1273.0,1
Mustard,2020-21,Noakhali,2022,38.4,,,6.72,1
Mustard,2020-21,Pabna,2022,43686.0,,,18714.0,1
Mustard,2020-21,Panchagarh,2022,4241.0,,,1457.0,1
Mustard,2020-21,Patuakhali,2022,112.0,,,36.0,1
Mustard,2020-21,Pirojpur,2022,101.0,,,35.0,1
Mustard,2020-21,Rajbari,2022,4012.0,,,1922.0,1
Mustard,2020-21,Rajshahi,2022,40975.0,,,23017.86,1
Mustard,2020-21,Rangamati,2022,423.6,,,196.6,1
Mustard,2020-21,Rangpur,2022,4351.0,,,2069.0,1
Mustard,2020-21,Satkhira,2022,11778.0,,,6292.4,1
Mustard,2020-21,Shariatpur,2022,10417.0,,,4375.0,1
Mustard,2020-21,Sherpur,2022,4523.0,,,2182.0,1
Mustard,2020-21,Sirajganj,2022,127853.0,,,55278.0,1
Mustard,2020-21,Sunamganj,2022,1294.0,,,525.0,1
Mustard,2020-21,Sylhet,2022,1624.5,,,941.97,1
Mustard,2020-21,Tangail,2022,67761.97,,,31350.57,1
Mustard,2020-21,Thakurgaon,2022,14774.0,,,6158.0,1
Mustard,2021-22,Bagerhat,2022,1391.6,,,558.16,1
Mustard,2021-22,Bandarban,2022,331.0,,,87.04,1
Mustard,2021-22,Barguna,2022,92.0,,,50.0,1
Mustard,2021-22,Barishal,2022,1960.0,,,790.0,1
Mustard,2021-22,Bhola,2022,2206.0,,,1023.13,1
Mustard,2021-22,Bogura,2022,37312.0,,,22540.0,1
Mustard,2021-22,Brahmanbaria,2022,29429.9,,,13922.27,1
Mustard,2021-22,Chandpur,2022,3844.23,,,2480.34,1
Mustard,2021-22,Chapainababganj,2022,26568.0,,,13148.76,1
Mustard,2021-22,Chattogram,2022,1264.48,,,426.34,1
Mustard,2021-22,Chuadanga,2022,5593.0,,,3535.34,1
Mustard,2021-22,Cox's Bazar,2022,0.0,,,0.0,1
Mustard,2021-22,Cumilla,2022,7586.85,,,3537.3,1
Mustard,2021-22,Dhaka,2022,25372.0,,,12439.21,1
Mustard,2021-22,Dinajpur,2022,30219.0,,,15980.0,1
Mustard,2021-22,Faridpur,2022,19857.0,,,6458.41,1
Mustard,2021-22,Feni,2022,1207.56,,,310.79,1
Mustard,2021-22,Gaibandha,2022,4873.0,,,2191.0,1
Mustard,2021-22,Gazipur,2022,3963.5,,,1032.77,1
Mustard,2021-22,Gopalganj,2022,8153.9,,,3028.66,1
Mustard,2021-22,Habiganj,2022,930.71,,,514.94,1
Mustard,2021-22,Jamalpur,2022,13275.0,,,5270.0,1
Mustard,2021-22,Jashore,2022,23043.0,,,10099.99,1
Mustard,2021-22,Jhalokati,2022,423.0,,,150.0,1
Mustard,2021-22,Jhenaidah,2022,6133.0,,,3076.01,1
Mustard,2021-22,Joypurhat,2022,18310.0,,,11882.0,1
Mustard,2021-22,Khagrachhari,2022,372.9,,,159.9,1
Mustard,2021-22,Khulna,2022,459.44,,,153.0,1
Mustard,2021-22,Kishoreganj,2022,2484.93,,,1067.94,1
Mustard,2021-22,Kurigram,2022,9560.9,,,4614.57,1
Mustard,2021-22,Kushtia,2022,6541.0,,,3960.0,1
Mustard,2021-22,Lakshmipur,2022,340.0,,,121.96,1
Mustard,2021-22,Lalmonirhat,2022,1131.5,,,753.21,1
Mustard,2021-22,Madaripur,2022,16241.48,,,7449.47,1
Mustard,2021-22,Magura,2022,11422.23,,,4511.2,1
Mustard,2021-22,Manikganj,2022,48821.3,,,22653.81,1
Mustard,2021-22,Meherpur,2022,9827.0,,,5714.27,1
Mustard,2021-22,Moulvibazar,2022,621.26,,,300.65,1
Mustard,2021-22,Munshiganj,2022,5470.5,,,2881.93,1
Mustard,2021-22,Mymensingh,2022,2967.0,,,1352.0,1
Mustard,2021-22,Naogaon,2022,66666.0,,,42592.0,1
Mustard,2021-22,Narail,2022,10542.0,,,4065.74,1
Mustard,2021-22,Narayanganj,2022,1509.48,,,560.44,1
Mustard,2021-22,Narsingdi,2022,757.64,,,294.49,1
Mustard,2021-22,Natore,2022,4690.85,,,2596.39,1
Mustard,2021-22,Netrakona,2022,2924.0,,,1584.0,1
Mustard,2021-22,Nilphamari,2022,2344.6,,,1415.95,1
Mustard,2021-22,Noakhali,2022,210.0,,,79.26,1
Mustard,2021-22,Pabna,2022,43535.0,,,20890.0,1
Mustard,2021-22,Panchagarh,2022,3204.0,,,1634.14,1
Mustard,2021-22,Patuakhali,2022,117.0,,,27.64,1
Mustard,2021-22,Pirojpur,2022,103.0,,,36.0,1
Mustard,2021-22,Rajbari,2022,4018.0,,,2287.0,1
Mustard,2021-22,Rajshahi,2022,42736.0,,,24188.0,1
Mustard,2021-22,Rangamati,2022,416.89,,,183.74,1
Mustard,2021-22,Rangpur,2022,4719.0,,,2371.0,1
Mustard,2021-22,Satkhira,2022,11659.91,,,6156.2,1
Mustard,2021-22,Shariatpur,2022,10463.0,,,4634.0,1
Mustard,2021-22,Sherpur,2022,4629.0,,,2502.0,1
Mustard,2021-22,Sirajganj,2022,125842.0,,,62567.0,1
Mustard,2021-22,Sunamganj,2022,1244.0,,,510.0,1
Mustard,2021-22,Sylhet,2022,1864.5,,,1144.21,1
Mustard,2021-22,Tangail,2022,66804.01,,,28818.79,1
Mustard,2021-22,Thakurgaon,2022,16634.0,,,8294.7,1
Onion,2019-20,Bagerhat,2022,322.0,,,714.0,1
Onion,2019-20,Bandarban,2022,121.0,,,184.0,1
Onion,2019-20,Barguna,2022,109.0,,,158.0,1
Onion,2019-20,Barishal,2022,550.0,,,850.0,1
Onion,2019-20,Bhola,2022,1535.0,,,3412.0,1
Onion,2019-20,Bogura,2022,4779.0,,,12903.0,1
Onion,2019-20,Brahmanbaria,2022,1093.0,,,3029.0,1
Onion,2019-20,Chandpur,2022,1692.0,,,4388.0,1
Onion,2019-20,Chapainababganj,2022,7034.0,,,24982.0,1
Onion,2019-20,Chattogram,2022,171.0,,,245.0,1
Onion,2019-20,Chuadanga,2022,1669.0,,,10379.0,1
Onion,2019-20,Cox's Bazar,2022,64.0,,,99.0,1
Onion,2019-20,Cumilla,2022,341.0,,,954.0,1
Onion,2019-20,Dhaka,2022,1220.0,,,4367.0,1
Onion,2019-20,Dinajpur,2022,5174.0,,,16029.0,1
Onion,2019-20,Faridpur,2022,65991.0,,,265150.0,1
Onion,2019-20,Feni,2022,25.0,,,41.0,1
Onion,2019-20,Gaibandha,2022,2718.0,,,6089.0,1
Onion,2019-20,Gazipur,2022,434.0,,,861.0,1
Onion,2019-20,Gopalganj,2022,4895.0,,,12006.0,1
Onion,2019-20,Habiganj,2022,144.0,,,359.0,1
Onion,2019-20,Jamalpur,2022,3651.0,,,10600.0,1
Onion,2019-20,Jashore,2022,2796.0,,,11549.0,1
Onion,2019-20,Jhalokati,2022,84.0,,,128.0,1
Onion,2019-20,Jhenaidah,2022,18043.0,,,95781.0,1
Onion,2019-20,Joypurhat,2022,1861.0,,,5389.0,1
Onion,2019-20,Khagrachhari,2022,52.0,,,85.0,1
Onion,2019-20,Khulna,2022,3070.0,,,20139.0,1
Onion,2019-20,Kishoreganj,2022,1265.0,,,3996.0,1
Onion,2019-20,Kurigram,2022,1096.0,,,2561.0,1
Onion,2019-20,Kushtia,2022,26101.0,,,132536.0,1
Onion,2019-20,Lakshmipur,2022,429.0,,,720.0,1
Onion,2019-20,Lalmonirhat,2022,1230.0,,,3904.0,1
Onion,2019-20,Madaripur,2022,8997.0,,,29889.0,1
Onion,2019-20,Magura,2022,14416.0,,,59187.0,1
Onion,2019-20,Manikganj,2022,18131.0,,,59189.0,1
Onion,2019-20,Meherpur,2022,5089.0,,,49317.0,1
Onion,2019-20,Moulvibazar,2022,85.0,,,173.0,1
Onion,2019-20,Munshiganj,2022,561.0,,,992.0,1
Onion,2019-20,Mymensingh,2022,1430.0,,,3780.0,1
Onion,2019-20,Naogaon,2022,6736.0,,,25331.0,1
Onion,2019-20,Narail,2022,1269.0,,,3849.0,1
Onion,2019-20,Narayanganj,2022,644.0,,,1389.0,1
Onion,2019-20,Narsingdi,2022,326.0,,,872.0,1
Onion,2019-20,Natore,2022,11689.0,,,39250.0,1
Onion,2019-20,Netrakona,2022,780.0,,,2105.0,1
Onion,2019-20,Nilphamari,2022,2623.0,,,9839.0,1
Onion,2019-20,Noakhali,2022,286.0,,,388.0,1
Onion,2019-20,Pabna,2022,105139.0,,,494163.0,1
Onion,2019-20,Panchagarh,2022,3285.0,,,11188.0,1
Onion,2019-20,Patuakhali,2022,99.0,,,136.0,1
Onion,2019-20,Pirojpur,2022,54.0,,,83.0,1
Onion,2019-20,Rajbari,2022,66816.0,,,251861.0,1
Onion,2019-20,Rajshahi,2022,31176.0,,,195452.0,1
Onion,2019-20,Rangamati,2022,104.0,,,194.0,1
Onion,2019-20,Rangpur,2022,4945.0,,,16712.0,1
Onion,2019-20,Satkhira,2022,954.0,,,3079.0,1
Onion,2019-20,Shariatpur,2022,6090.0,,,24500.0,1
Onion,2019-20,Sherpur,2022,1279.0,,,3528.0,1
Onion,2019-20,Sirajganj,2022,1692.0,,,5520.0,1
Onion,2019-20,Sunamganj,2022,214.0,,,473.0,1
Onion,2019-20,Sylhet,2022,131.0,,,246.0,1
Onion,2019-20,Tangail,2022,2032.0,,,4240.0,1
Onion,2019-20,Thakurgaon,2022,978.0,,,2288.0,1
Onion,2020-21,Bagerhat,2022,328.86,,,741.39,1
Onion,2020-21,Bandarban,2022,127.0,,,192.93,1
Onion,2020-21,Barguna,2022,104.0,,,124.0,1
Onion,2020-21,Barishal,2022,560.0,,,879.0,1
Onion,2020-21,Bhola,2022,1581.06,,,3588.0,1
Onion,2020-21,Bogura,2022,4797.0,,,13039.74,1
Onion,2020-21,Brahmanbaria,2022,1097.52,,,2967.5,1
Onion,2020-21,Chandpur,2022,1796.15,,,4605.71,1
Onion,2020-21,Chapainababganj,2022,7211.0,,,25980.53,1
Onion,2020-21,Chattogram,2022,173.82,,,248.58,1
Onion,2020-21,Chuadanga,2022,1699.0,,,9860.38,1
Onion,2020-21,Cox's Bazar,2022,61.14,,,84.8,1
Onion,2020-21,Cumilla,2022,349.0,,,982.7,1
Onion,2020-21,Dhaka,2022,1147.99,,,4112.9,1
Onion,2020-21,Dinajpur,2022,5344.0,,,16778.0,1
Onion,2020-21,Faridpur,2022,82105.0,,,445503.0,1
Onion,2020-21,Feni,2022,25.52,,,43.0,1
Onion,2020-21,Gaibandha,2022,2684.0,,,6528.0,1
Onion,2020-21,Gazipur,2022,495.23,,,971.56,1
Onion,2020-21,Gopalganj,2022,4917.27,,,12780.86,1
Onion,2020-21,Habiganj,2022,156.46,,,389.8,1
Onion,2020-21,Jamalpur,2022,3740.0,,,10854.0,1
Onion,2020-21,Jashore,2022,3093.0,,,12841.38,1
Onion,2020-21,Jhalokati,2022,90.0,,,136.0,1
Onion,2020-21,Jhenaidah,2022,18557.0,,,101477.38,1
Onion,2020-21,Joypurhat,2022,1877.84,,,7781.64,1
Onion,2020-21,Khagrachhari,2022,54.9,,,82.17,1
Onion,2020-21,Khulna,2022,307.13,,,981.42,1
Onion,2020-21,Kishoreganj,2022,1324.66,,,4272.25,1
Onion,2020-21,Kurigram,2022,1103.0,,,2575.0,1
Onion,2020-21,Kushtia,2022,26182.0,,,134234.0,1
Onion,2020-21,Lakshmipur,2022,436.0,,,802.0,1
Onion,2020-21,Lalmonirhat,2022,1241.0,,,3923.0,1
Onion,2020-21,Madaripur,2022,8838.3,,,36891.26,1
Onion,2020-21,Magura,2022,14096.0,,,57080.19,1
Onion,2020-21,Manikganj,2022,18285.55,,,61037.85,1
Onion,2020-21,Meherpur,2022,4929.0,,,52143.79,1
Onion,2020-21,Moulvibazar,2022,90.32,,,206.29,1
Onion,2020-21,Munshiganj,2022,482.0,,,1415.96,1
Onion,2020-21,Mymensingh,2022,1442.0,,,3855.0,1
Onion,2020-21,Naogaon,2022,6817.33,,,26473.94,1
Onion,2020-21,Narail,2022,1493.0,,,4785.1,1
Onion,2020-21,Narayanganj,2022,648.96,,,1404.46,1
Onion,2020-21,Narsingdi,2022,317.16,,,854.48,1
Onion,2020-21,Natore,2022,11652.0,,,64204.0,1
Onion,2020-21,Netrakona,2022,770.0,,,2353.0,1
Onion,2020-21,Nilphamari,2022,2556.0,,,10027.0,1
Onion,2020-21,Noakhali,2022,483.45,,,1654.37,1
Onion,2020-21,Pabna,2022,105918.0,,,509226.0,1
Onion,2020-21,Panchagarh,2022,3521.0,,,12744.0,1
Onion,2020-21,Patuakhali,2022,102.0,,,178.25,1
Onion,2020-21,Pirojpur,2022,60.0,,,70.0,1
Onion,2020-21,Rajbari,2022,67515.0,,,277033.0,1
Onion,2020-21,Rajshahi,2022,36170.5,,,249340.5,1
Onion,2020-21,Rangamati,2022,114.9,,,226.93,1
Onion,2020-21,Rangpur,2022,4980.0,,,16831.0,1
Onion,2020-21,Satkhira,2022,972.49,,,3228.36,1
Onion,2020-21,Shariatpur,2022,6555.0,,,27869.0,1
Onion,2020-21,Sherpur,2022,1278.0,,,3544.0,1
Onion,2020-21,Sirajganj,2022,1585.9,,,5236.34,1
Onion,2020-21,Sunamganj,2022,321.0,,,889.0,1
Onion,2020-21,Sylhet,2022,313.7,,,1016.96,1
Onion,2020-21,Tangail,2022,2045.8,,,4265.43,1
Onion,2020-21,Thakurgaon,2022,984.0,,,2306.0,1
Onion,2021-22,Bagerhat,2022,341.0,,,769.51,1
Onion,2021-22,Bandarban,2022,133.1,,,203.9,1
Onion,2021-22,Barguna,2022,100.0,,,117.0,1
Onion,2021-22,Barishal,2022,520.0,,,690.0,1
Onion,2021-22,Bhola,2022,1608.0,,,3852.0,1
Onion,2021-22,Bogura,2022,4774.4,,,13051.0,1
Onion,2021-22,Brahmanbaria,2022,1067.79,,,3075.17,1
Onion,2021-22,Chandpur,2022,1933.85,,,5047.1,1
Onion,2021-22,Chapainababganj,2022,7076.5,,,25641.02,1
Onion,2021-22,Chattogram,2022,182.36,,,271.85,1
Onion,2021-22,Chuadanga,2022,1809.5,,,10275.71,1
Onion,2021-22,Cox's Bazar,2022,59.55,,,83.57,1
Onion,2021-22,Cumilla,2022,698.8,,,1321.1,1
Onion,2021-22,Dhaka,2022,1134.55,,,4201.43,1
Onion,2021-22,Dinajpur,2022,5360.0,,,18220.0,1
Onion,2021-22,Faridpur,2022,100291.0,,,544492.0,1
Onion,2021-22,Feni,2022,25.72,,,41.19,1
Onion,2021-22,Gaibandha,2022,2947.0,,,9000.42,1
Onion,2021-22,Gazipur,2022,502.59,,,988.92,1
Onion,2021-22,Gopalganj,2022,4936.65,,,10613.17,1
Onion,2021-22,Habiganj,2022,101.95,,,244.53,1
Onion,2021-22,Jamalpur,2022,4895.0,,,11362.0,1
Onion,2021-22,Jashore,2022,3126.0,,,13056.16,1
Onion,2021-22,Jhalokati,2022,100.0,,,154.0,1
Onion,2021-22,Jhenaidah,2022,19100.0,,,128388.75,1
Onion,2021-22,Joypurhat,2022,1857.81,,,8421.37,1
Onion,2021-22,Khagrachhari,2022,62.9,,,91.77,1
Onion,2021-22,Khulna,2022,289.04,,,888.24,1
Onion,2021-22,Kishoreganj,2022,1354.28,,,4806.72,1
Onion,2021-22,Kurigram,2022,1112.61,,,2730.9,1
Onion,2021-22,Kushtia,2022,26845.0,,,140098.0,1
Onion,2021-22,Lakshmipur,2022,436.0,,,802.0,1
Onion,2021-22,Lalmonirhat,2022,1283.0,,,4167.53,1
Onion,2021-22,Madaripur,2022,8867.5,,,39434.42,1
Onion,2021-22,Magura,2022,14565.0,,,58187.68,1
Onion,2021-22,Manikganj,2022,16757.95,,,59720.17,1
Onion,2021-22,Meherpur,2022,4909.0,,,56558.12,1
Onion,2021-22,Moulvibazar,2022,85.02,,,204.98,1
Onion,2021-22,Munshiganj,2022,489.6,,,1513.19,1
Onion,2021-22,Mymensingh,2022,1398.0,,,4014.0,1
Onion,2021-22,Naogaon,2022,6766.05,,,27312.87,1
Onion,2021-22,Narail,2022,1567.0,,,5076.21,1
Onion,2021-22,Narayanganj,2022,634.84,,,1374.87,1
Onion,2021-22,Narsingdi,2022,324.35,,,642.31,1
Onion,2021-22,Natore,2022,12107.0,,,74375.56,1
Onion,2021-22,Netrakona,2022,770.0,,,2370.0,1
Onion,2021-22,Nilphamari,2022,2747.0,,,11035.0,1
Onion,2021-22,Noakhali,2022,544.6,,,1956.19,1
Onion,2021-22,Pabna,2022,105914.0,,,513533.0,1
Onion,2021-22,Panchagarh,2022,4104.0,,,15685.51,1
Onion,2021-22,Patuakhali,2022,120.0,,,90.0,1
Onion,2021-22,Pirojpur,2022,79.0,,,96.0,1
Onion,2021-22,Rajbari,2022,70757.0,,,330006.1,1
Onion,2021-22,Rajshahi,2022,38663.5,,,278555.45,1
Onion,2021-22,Rangamati,2022,114.65,,,239.44,1
Onion,2021-22,Rangpur,2022,5019.0,,,17420.0,1
Onion,2021-22,Satkhira,2022,978.14,,,3289.88,1
Onion,2021-22,Shariatpur,2022,6601.0,,,28578.0,1
Onion,2021-22,Sherpur,2022,1292.0,,,3585.0,1
Onion,2021-22,Sirajganj,2022,1648.55,,,6221.66,1
Onion,2021-22,Sunamganj,2022,324.0,,,899.0,1
Onion,2021-22,Sylhet,2022,299.0,,,988.0,1
Onion,2021-22,Tangail,2022,2048.55,,,4608.12,1
Onion,2021-22,Thakurgaon,2022,995.8,,,2332.0,1
Potato,2020-21,Bagerhat,2022,908.0,367.0,15.602,5733.0,1
Potato,2020-21,Bandarban,2022,1516.0,613.0,9.339,5729.0,1
Potato,2020-21,Barguna,2022,1544.0,625.0,18.991,11866.0,1
Potato,2020-21,Barishal,2022,1530.0,619.0,20.085,12436.0,1
Potato,2020-21,Bhola,2022,14227.0,5757.0,20.736,119387.0,1
Potato,2020-21,Bogura,2022,147264.0,59595.0,20.648,1230501.0,1
Potato,2020-21,Brahmanbaria,2022,3554.0,1438.0,13.917,20016.0,1
Potato,2020-21,Chandpur,2022,24872.0,10065.0,20.862,209978.0,1
Potato,2020-21,Chapainababganj,2022,2868.0,1161.0,17.21,19975.0,1
Potato,2020-21,Chattogram,2022,8356.0,3382.0,14.137,47804.0,1
Potato,2020-21,Chuadanga,2022,7061.0,2857.0,21.605,61736.0,1
Potato,2020-21,Cox's Bazar,2022,3897.0,1577.0,10.199,16085.0,1
Potato,2020-21,Cumilla,2022,25449.0,10299.0,16.759,172598.0,1
Potato,2020-21,Dhaka,2022,3229.0,1307.0,20.988,27425.0,1
Potato,2020-21,Dinajpur,2022,108921.0,44078.0,19.031,838837.0,1
Potato,2020-21,Faridpur,2022,883.0,357.0,23.176,8282.0,1
Potato,2020-21,Feni,2022,731.0,296.0,17.378,5139.0,1
Potato,2020-21,Gaibandha,2022,21847.0,8841.0,18.176,160690.0,1
Potato,2020-21,Gazipur,2022,631.0,255.0,14.98,3825.0,1
Potato,2020-21,Gopalganj,2022,748.0,303.0,24.83,7516.0,1
Potato,2020-21,Habiganj,2022,3951.0,1599.0,13.787,22044.0,1
Potato,2020-21,Jamalpur,2022,11896.0,4814.0,18.948,91215.0,1
Potato,2020-21,Jashore,2022,4893.0,1980.0,23.435,46404.0,1
Potato,2020-21,Jhalokati,2022,1023.0,414.0,18.747,7761.0,1
Potato,2020-21,Jhenaidah,2022,4358.0,1764.0,21.759,38374.0,1
Potato,2020-21,Joypurhat,2022,97370.0,39404.0,24.188,953109.0,1
Potato,2020-21,Khagrachhari,2022,1518.0,614.0,11.393,7000.0,1
Potato,2020-21,Khulna,2022,1407.0,569.0,18.645,10616.0,1
Potato,2020-21,Kishoreganj,2022,13250.0,5362.0,17.674,94767.0,1
Potato,2020-21,Kurigram,2022,28838.0,11670.0,25.485,297411.0,1
Potato,2020-21,Kushtia,2022,5123.0,2073.0,20.99,43516.0,1
Potato,2020-21,Lakshmipur,2022,471.0,191.0,19.744,3763.0,1
Potato,2020-21,Lalmonirhat,2022,11942.0,4833.0,18.726,90497.0,1
Potato,2020-21,Madaripur,2022,1680.0,680.0,27.967,19014.0,1
Potato,2020-21,Magura,2022,75.0,30.0,13.271,403.0,1
Potato,2020-21,Manikganj,2022,3903.0,1579.0,18.641,29442.0,1
Potato,2020-21,Meherpur,2022,3221.0,1303.0,24.012,31299.0,1
Potato,2020-21,Moulvibazar,2022,5135.0,2078.0,11.559,24020.0,1
Potato,2020-21,Munshiganj,2022,88589.0,35850.0,31.805,1140215.0,1
Potato,2020-21,Mymensingh,2022,9893.0,4003.0,10.295,41217.0,1
Potato,2020-21,Naogaon,2022,53068.0,21475.0,15.976,343093.0,1
Potato,2020-21,Narail,2022,129.0,52.0,18.031,941.0,1
Potato,2020-21,Narayanganj,2022,5947.0,2407.0,25.856,62225.0,1
Potato,2020-21,Narsingdi,2022,3994.0,1616.0,11.634,18806.0,1
Potato,2020-21,Natore,2022,1163.0,471.0,24.208,11397.0,1
Potato,2020-21,Netrakona,2022,4599.0,1861.0,11.296,21023.0,1
Potato,2020-21,Nilphamari,2022,54895.0,22215.0,18.98,421631.0,1
Potato,2020-21,Noakhali,2022,484.0,196.0,21.459,4203.0,1
Potato,2020-21,Pabna,2022,1940.0,785.0,14.137,11098.0,1
Potato,2020-21,Panchagarh,2022,24408.0,9877.0,21.008,207504.0,1
Potato,2020-21,Patuakhali,2022,1064.0,431.0,21.68,9335.0,1
Potato,2020-21,Pirojpur,2022,2207.0,893.0,17.109,15280.0,1
Potato,2020-21,Rajbari,2022,424.0,172.0,17.544,3010.0,1
Potato,2020-21,Rajshahi,2022,90209.0,36506.0,25.199,919905.0,1
Potato,2020-21,Rangamati,2022,808.0,327.0,10.505,3433.0,1
Potato,2020-21,Rangpur,2022,127144.0,51452.0,19.795,1018493.0,1
Potato,2020-21,Satkhira,2022,5672.0,2295.0,17.644,40498.0,1
Potato,2020-21,Shariatpur,2022,5677.0,2297.0,27.761,63778.0,1
Potato,2020-21,Sherpur,2022,12575.0,5089.0,16.379,83350.0,1
Potato,2020-21,Sirajganj,2022,7065.0,2859.0,13.112,37489.0,1
Potato,2020-21,Sunamganj,2022,3927.0,1589.0,16.672,26495.0,1
Potato,2020-21,Sylhet,2022,2131.0,862.0,12.665,10922.0,1
Potato,2020-21,Tangail,2022,9172.0,3712.0,14.294,53054.0,1
Potato,2020-21,Thakurgaon,2022,60881.0,24637.0,21.213,522634.0,1
Potato,2021-22,Bagerhat,2022,890.0,360.0,17.511,6307.0,1
Potato,2021-22,Bandarban,2022,1538.0,622.0,9.898,6160.0,1
Potato,2021-22,Barguna,2022,2095.0,848.0,20.499,17380.0,1
Potato,2021-22,Barishal,2022,1674.0,677.0,19.807,13418.0,1
Potato,2021-22,Bhola,2022,133330.0,5395.0,22.648,122174.0,1
Potato,2021-22,Bogura,2022,145017.0,58688.0,20.067,1177688.0,1
Potato,2021-22,Brahmanbaria,2022,3002.0,1215.0,17.572,21348.0,1
Potato,2021-22,Chandpur,2022,19602.0,7933.0,20.749,164601.0,1
Potato,2021-22,Chapainababganj,2022,2314.0,936.0,18.109,16958.0,1
Potato,2021-22,Chattogram,2022,9028.0,3654.0,14.763,53939.0,1
Potato,2021-22,Chuadanga,2022,6419.0,2598.0,19.496,50645.0,1
Potato,2021-22,Cox's Bazar,2022,3946.0,1597.0,16.08,25679.0,1
Potato,2021-22,Cumilla,2022,25173.0,10187.0,15.756,160510.0,1
Potato,2021-22,Dhaka,2022,2109.0,854.0,18.37,15682.0,1
Potato,2021-22,Dinajpur,2022,114148.0,46195.0,20.414,943028.0,1
Potato,2021-22,Faridpur,2022,532.0,215.0,23.174,4992.0,1
Potato,2021-22,Feni,2022,726.0,294.0,15.104,4436.0,1
Potato,2021-22,Gaibandha,2022,22860.0,9251.0,20.667,191193.0,1
Potato,2021-22,Gazipur,2022,487.0,197.0,18.598,3667.0,1
Potato,2021-22,Gopalganj,2022,681.0,275.0,27.345,7531.0,1
Potato,2021-22,Habiganj,2022,4104.0,1661.0,10.503,17444.0,1
Potato,2021-22,Jamalpur,2022,12047.0,4875.0,22.416,109285.0,1
Potato,2021-22,Jashore,2022,3941.0,1595.0,22.534,35940.0,1
Potato,2021-22,Jhalokati,2022,1081.0,437.0,15.245,6669.0,1
Potato,2021-22,Jhenaidah,2022,3794.0,1535.0,22.158,34021.0,1
Potato,2021-22,Joypurhat,2022,98642.0,39920.0,24.943,995733.0,1
Potato,2021-22,Khagrachhari,2022,1572.0,636.0,12.261,7800.0,1
Potato,2021-22,Khulna,2022,1500.0,607.0,19.427,11796.0,1
Potato,2021-22,Kishoreganj,2022,14089.0,5702.0,18.223,103902.0,1
Potato,2021-22,Kurigram,2022,22440.0,9081.0,25.944,235605.0,1
Potato,2021-22,Kushtia,2022,4120.0,1667.0,21.552,35934.0,1
Potato,2021-22,Lakshmipur,2022,235.0,95.0,19.056,1812.0,1
Potato,2021-22,Lalmonirhat,2022,12082.0,4890.0,22.244,108761.0,1
Potato,2021-22,Madaripur,2022,830.0,336.0,24.82,8338.0,1
Potato,2021-22,Magura,2022,101.0,41.0,25.58,1042.0,1
Potato,2021-22,Manikganj,2022,3817.0,1545.0,20.141,31110.0,1
Potato,2021-22,Meherpur,2022,2964.0,1200.0,23.506,28196.0,1
Potato,2021-22,Moulvibazar,2022,5261.0,2129.0,15.087,32119.0,1
Potato,2021-22,Munshiganj,2022,85528.0,34613.0,32.115,1111577.0,1
Potato,2021-22,Mymensingh,2022,10098.0,4087.0,10.317,42161.0,1
Potato,2021-22,Naogaon,2022,53631.0,21704.0,17.029,369599.0,1
Potato,2021-22,Narail,2022,118.0,48.0,15.62,746.0,1
Potato,2021-22,Narayanganj,2022,4565.0,1847.0,25.738,47548.0,1
Potato,2021-22,Narsingdi,2022,3979.0,1610.0,13.833,22273.0,1
Potato,2021-22,Natore,2022,1797.0,727.0,21.273,15470.0,1
Potato,2021-22,Netrakona,2022,5447.0,2204.0,12.94,28525.0,1
Potato,2021-22,Nilphamari,2022,55064.0,22284.0,19.355,431319.0,1
Potato,2021-22,Noakhali,2022,574.0,232.0,20.273,4708.0,1
Potato,2021-22,Pabna,2022,1963.0,794.0,13.835,10991.0,1
Potato,2021-22,Panchagarh,2022,24238.0,9809.0,21.584,211716.0,1
Potato,2021-22,Patuakhali,2022,1142.0,462.0,16.209,7491.0,1
Potato,2021-22,Pirojpur,2022,2258.0,914.0,19.388,17717.0,1
Potato,2021-22,Rajbari,2022,355.0,144.0,18.046,2593.0,1
Potato,2021-22,Rajshahi,2022,91468.0,37017.0,24.933,922930.0,1
Potato,2021-22,Rangamati,2022,804.0,325.0,12.15,3951.0,1
Potato,2021-22,Rangpur,2022,120781.0,48879.0,22.835,1116144.0,1
Potato,2021-22,Satkhira,2022,5197.0,2103.0,22.308,46918.0,1
Potato,2021-22,Shariatpur,2022,5365.0,2171.0,28.606,62109.0,1
Potato,2021-22,Sherpur,2022,12784.0,5174.0,16.204,83833.0,1
Potato,2021-22,Sirajganj,2022,6899.0,2792.0,14.098,39357.0,1
Potato,2021-22,Sunamganj,2022,4354.0,1762.0,16.651,29339.0,1
Potato,2021-22,Sylhet,2022,2634.0,1066.0,18.562,19788.0,1
Potato,2021-22,Tangail,2022,9196.0,3721.0,12.943,48167.0,1
Potato,2021-22,Thakurgaon,2022,68144.0,27577.0,23.027,635019.0,1
Sugarcane,2019-20,Bagerhat,2022,1367.0,,,14454.0,1
Sugarcane,2019-20,Bandarban,2022,214.0,,,896.0,1
Sugarcane,2019-20,Barguna,2022,114.0,,,365.0,1
Sugarcane,2019-20,Barishal,2022,1210.0,,,6500.0,1
Sugarcane,2019-20,Bhola,2022,945.0,,,7583.0,1
Sugarcane,2019-20,Bogura,2022,274.41,,,6169.04,1
Sugarcane,2019-20,Brahmanbaria,2022,40.0,,,154.0,1
Sugarcane,2019-20,Chandpur,2022,1319.0,,,10214.0,1
Sugarcane,2019-20,Chapainababganj,2022,3485.0,,,59997.0,1
Sugarcane,2019-20,Chattogram,2022,1994.0,,,19153.0,1
Sugarcane,2019-20,Chuadanga,2022,4820.0,,,117087.0,1
Sugarcane,2019-20,Cox's Bazar,2022,791.0,,,4250.0,1
Sugarcane,2019-20,Cumilla,2022,897.0,,,5614.0,1
Sugarcane,2019-20,Dhaka,2022,135.0,,,899.0,1
Sugarcane,2019-20,Dinajpur,2022,4287.0,,,60476.0,1
Sugarcane,2019-20,Faridpur,2022,6499.0,,,103193.0,1
Sugarcane,2019-20,Feni,2022,203.0,,,2621.0,1
Sugarcane,2019-20,Gaibandha,2022,6128.0,,,154035.0,1
Sugarcane,2019-20,Gazipur,2022,2836.0,,,24569.0,1
Sugarcane,2019-20,Gopalganj,2022,1105.0,,,14802.0,1
Sugarcane,2019-20,Habiganj,2022,2559.0,,,7108.0,1
Sugarcane,2019-20,Jamalpur,2022,11251.0,,,232932.0,1
Sugarcane,2019-20,Jashore,2022,899.0,,,15800.0,1
Sugarcane,2019-20,Jhalokati,2022,300.0,,,1893.0,1
Sugarcane,2019-20,Jhenaidah,2022,2711.0,,,58898.0,1
Sugarcane,2019-20,Joypurhat,2022,2212.0,,,46993.0,1
Sugarcane,2019-20,Khagrachhari,2022,631.0,,,5686.0,1
Sugarcane,2019-20,Khulna,2022,86.0,,,1490.0,1
Sugarcane,2019-20,Kishoreganj,2022,148.0,,,1930.0,1
Sugarcane,2019-20,Kurigram,2022,694.0,,,10284.0,1
Sugarcane,2019-20,Kushtia,2022,8667.0,,,168757.0,1
Sugarcane,2019-20,Lakshmipur,2022,342.0,,,3753.0,1
Sugarcane,2019-20,Lalmonirhat,2022,298.0,,,3962.0,1
Sugarcane,2019-20,Madaripur,2022,904.0,,,17202.0,1
Sugarcane,2019-20,Magura,2022,245.0,,,3138.0,1
Sugarcane,2019-20,Manikganj,2022,4591.0,,,19643.0,1
Sugarcane,2019-20,Meherpur,2022,720.0,,,13062.0,1
Sugarcane,2019-20,Moulvibazar,2022,49.0,,,90.0,1
Sugarcane,2019-20,Munshiganj,2022,307.0,,,2527.0,1
Sugarcane,2019-20,Mymensingh,2022,5642.0,,,84381.0,1
Sugarcane,2019-20,Naogaon,2022,1058.0,,,20799.0,1
Sugarcane,2019-20,Narail,2022,1690.0,,,25966.0,1
Sugarcane,2019-20,Narayanganj,2022,127.0,,,664.0,1
Sugarcane,2019-20,Narsingdi,2022,183.0,,,1596.0,1
Sugarcane,2019-20,Natore,2022,60454.0,,,1184233.0,1
Sugarcane,2019-20,Netrakona,2022,69.0,,,851.0,1
Sugarcane,2019-20,Nilphamari,2022,296.0,,,7958.0,1
Sugarcane,2019-20,Noakhali,2022,197.0,,,963.0,1
Sugarcane,2019-20,Pabna,2022,8200.0,,,156497.0,1
Sugarcane,2019-20,Panchagarh,2022,7497.0,,,76774.0,1
Sugarcane,2019-20,Patuakhali,2022,66.0,,,309.0,1
Sugarcane,2019-20,Pirojpur,2022,395.0,,,2979.0,1
Sugarcane,2019-20,Rajbari,2022,2174.0,,,39160.0,1
Sugarcane,2019-20,Rajshahi,2022,25414.0,,,472220.0,1
Sugarcane,2019-20,Rangamati,2022,551.0,,,7399.0,1
Sugarcane,2019-20,Rangpur,2022,4617.0,,,106350.0,1
Sugarcane,2019-20,Satkhira,2022,256.0,,,4910.0,1
Sugarcane,2019-20,Shariatpur,2022,939.0,,,11612.0,1
Sugarcane,2019-20,Sherpur,2022,240.0,,,5079.0,1
Sugarcane,2019-20,Sirajganj,2022,2349.0,,,39580.0,1
Sugarcane,2019-20,Sunamganj,2022,333.0,,,3022.0,1
Sugarcane,2019-20,Sylhet,2022,19.0,,,138.0,1
Sugarcane,2019-20,Tangail,2022,2927.0,,,51066.0,1
Sugarcane,2019-20,Thakurgaon,2022,11026.0,,,150266.0,1
Sugarcane,2020-21,Bagerhat,2022,852.0,,,9133.76,1
Sugarcane,2020-21,Bandarban,2022,217.2,,,902.15,1
Sugarcane,2020-21,Barguna,2022,120.0,,,382.0,1
Sugarcane,2020-21,Barishal,2022,1222.0,,,6567.0,1
Sugarcane,2020-21,Bhola,2022,961.0,,,6070.0,1
Sugarcane,2020-21,Bogura,2022,283.74,,,6455.88,1
Sugarcane,2020-21,Brahmanbaria,2022,43.0,,,168.25,1
Sugarcane,2020-21,Chandpur,2022,1412.25,,,15535.77,1
Sugarcane,2020-21,Chapainababganj,2022,3456.25,,,59467.78,1
Sugarcane,2020-21,Chattogram,2022,1927.14,,,18034.06,1
Sugarcane,2020-21,Chuadanga,2022,4826.0,,,117131.0,1
Sugarcane,2020-21,Cox's Bazar,2022,613.38,,,3731.99,1
Sugarcane,2020-21,Cumilla,2022,894.31,,,5462.15,1
Sugarcane,2020-21,Dhaka,2022,139.04,,,988.27,1
Sugarcane,2020-21,Dinajpur,2022,3320.0,,,48206.0,1
Sugarcane,2020-21,Faridpur,2022,6528.31,,,102737.51,1
Sugarcane,2020-21,Feni,2022,208.52,,,2625.16,1
Sugarcane,2020-21,Gaibandha,2022,5821.0,,,143749.0,1
Sugarcane,2020-21,Gazipur,2022,3135.75,,,26831.75,1
Sugarcane,2020-21,Gopalganj,2022,734.0,,,9679.35,1
Sugarcane,2020-21,Habiganj,2022,2387.15,,,38088.86,1
Sugarcane,2020-21,Jamalpur,2022,10398.0,,,214070.0,1
Sugarcane,2020-21,Jashore,2022,481.0,,,8531.0,1
Sugarcane,2020-21,Jhalokati,2022,279.0,,,1928.0,1
Sugarcane,2020-21,Jhenaidah,2022,2670.0,,,59385.2,1
Sugarcane,2020-21,Joypurhat,2022,2208.8,,,43948.21,1
Sugarcane,2020-21,Khagrachhari,2022,641.3,,,5815.67,1
Sugarcane,2020-21,Khulna,2022,105.0,,,1459.07,1
Sugarcane,2020-21,Kishoreganj,2022,49.79,,,594.7,1
Sugarcane,2020-21,Kurigram,2022,703.0,,,10363.0,1
Sugarcane,2020-21,Kushtia,2022,8532.0,,,165376.0,1
Sugarcane,2020-21,Lakshmipur,2022,335.0,,,3712.0,1
Sugarcane,2020-21,Lalmonirhat,2022,289.0,,,3861.0,1
Sugarcane,2020-21,Madaripur,2022,843.0,,,15892.0,1
Sugarcane,2020-21,Magura,2022,246.8,,,3178.03,1
Sugarcane,2020-21,Manikganj,2022,4696.85,,,93178.46,1
Sugarcane,2020-21,Meherpur,2022,745.0,,,13486.47,1
Sugarcane,2020-21,Moulvibazar,2022,50.0,,,309.09,1
Sugarcane,2020-21,Munshiganj,2022,311.0,,,2516.49,1
Sugarcane,2020-21,Mymensingh,2022,5643.0,,,84397.0,1
Sugarcane,2020-21,Naogaon,2022,1022.0,,,20066.69,1
Sugarcane,2020-21,Narail,2022,1654.0,,,25776.0,1
Sugarcane,2020-21,Narayanganj,2022,124.31,,,620.62,1
Sugarcane,2020-21,Narsingdi,2022,188.6,,,1742.44,1
Sugarcane,2020-21,Natore,2022,53100.0,,,968007.92,1
Sugarcane,2020-21,Netrakona,2022,48.0,,,636.0,1
Sugarcane,2020-21,Nilphamari,2022,289.0,,,6680.0,1
Sugarcane,2020-21,Noakhali,2022,210.23,,,1848.8,1
Sugarcane,2020-21,Pabna,2022,8016.0,,,152795.98,1
Sugarcane,2020-21,Panchagarh,2022,6516.0,,,74890.0,1
Sugarcane,2020-21,Patuakhali,2022,68.0,,,286.45,1
Sugarcane,2020-21,Pirojpur,2022,361.0,,,2296.0,1
Sugarcane,2020-21,Rajbari,2022,3301.0,,,58261.0,1
Sugarcane,2020-21,Rajshahi,2022,17582.5,,,321008.13,1
Sugarcane,2020-21,Rangamati,2022,534.9,,,7738.59,1
Sugarcane,2020-21,Rangpur,2022,3134.0,,,72071.0,1
Sugarcane,2020-21,Satkhira,2022,281.35,,,4358.33,1
Sugarcane,2020-21,Shariatpur,2022,1052.0,,,15977.0,1
Sugarcane,2020-21,Sherpur,2022,238.0,,,5107.0,1
Sugarcane,2020-21,Sirajganj,2022,2358.5,,,38486.49,1
Sugarcane,2020-21,Sunamganj,2022,179.0,,,3153.0,1
Sugarcane,2020-21,Sylhet,2022,20.0,,,275.0,1
Sugarcane,2020-21,Tangail,2022,2895.45,,,50235.75,1
Sugarcane,2020-21,Thakurgaon,2022,10807.0,,,146279.0,1
Sugarcane,2021-22,Bagerhat,2022,582.0,,,6022.0,1
Sugarcane,2021-22,Bandarban,2022,219.0,,,904.7,1
Sugarcane,2021-22,Barguna,2022,120.0,,,1515.0,1
Sugarcane,2021-22,Barishal,2022,1280.0,,,6730.0,1
Sugarcane,2021-22,Bhola,2022,963.0,,,7351.0,1
Sugarcane,2021-22,Bogura,2022,283.83,,,6404.65,1
Sugarcane,2021-22,Brahmanbaria,2022,44.0,,,196.59,1
Sugarcane,2021-22,Chandpur,2022,1398.55,,,15363.57,1
Sugarcane,2021-22,Chapainababganj,2022,3413.0,,,59031.61,1
Sugarcane,2021-22,Chattogram,2022,1855.86,,,16782.03,1
Sugarcane,2021-22,Chuadanga,2022,4800.0,,,109175.0,1
Sugarcane,2021-22,Cox's Bazar,2022,492.91,,,2943.13,1
Sugarcane,2021-22,Cumilla,2022,882.0,,,5449.0,1
Sugarcane,2021-22,Dhaka,2022,135.13,,,1250.07,1
Sugarcane,2021-22,Dinajpur,2022,3662.0,,,49805.0,1
Sugarcane,2021-22,Faridpur,2022,6273.0,,,89497.33,1
Sugarcane,2021-22,Feni,2022,210.2,,,2631.93,1
Sugarcane,2021-22,Gaibandha,2022,5454.0,,,115951.0,1
Sugarcane,2021-22,Gazipur,2022,2962.9,,,25390.74,1
Sugarcane,2021-22,Gopalganj,2022,652.4,,,9482.04,1
Sugarcane,2021-22,Habiganj,2022,2297.5,,,36796.72,1
Sugarcane,2021-22,Jamalpur,2022,10187.0,,,213308.0,1
Sugarcane,2021-22,Jashore,2022,882.0,,,16417.0,1
Sugarcane,2021-22,Jhalokati,2022,296.0,,,3189.0,1
Sugarcane,2021-22,Jhenaidah,2022,2448.0,,,54215.0,1
Sugarcane,2021-22,Joypurhat,2022,2223.13,,,44076.5,1
Sugarcane,2021-22,Khagrachhari,2022,647.65,,,5845.93,1
Sugarcane,2021-22,Khulna,2022,88.0,,,1130.0,1
Sugarcane,2021-22,Kishoreganj,2022,47.47,,,509.23,1
Sugarcane,2021-22,Kurigram,2022,699.6,,,9809.21,1
Sugarcane,2021-22,Kushtia,2022,8428.0,,,164507.0,1
Sugarcane,2021-22,Lakshmipur,2022,323.4,,,3957.0,1
Sugarcane,2021-22,Lalmonirhat,2022,290.5,,,3843.82,1
Sugarcane,2021-22,Madaripur,2022,1033.4,,,19359.42,1
Sugarcane,2021-22,Magura,2022,243.0,,,3140.0,1
Sugarcane,2021-22,Manikganj,2022,3798.13,,,76072.1,1
Sugarcane,2021-22,Meherpur,2022,714.0,,,14227.0,1
Sugarcane,2021-22,Moulvibazar,2022,106.75,,,661.03,1
Sugarcane,2021-22,Munshiganj,2022,487.6,,,6266.35,1
Sugarcane,2021-22,Mymensingh,2022,5176.0,,,80881.0,1
Sugarcane,2021-22,Naogaon,2022,818.5,,,16758.35,1
Sugarcane,2021-22,Narail,2022,1705.0,,,26860.0,1
Sugarcane,2021-22,Narayanganj,2022,119.55,,,634.8,1
Sugarcane,2021-22,Narsingdi,2022,137.86,,,1631.15,1
Sugarcane,2021-22,Natore,2022,52293.7,,,965173.35,1
Sugarcane,2021-22,Netrakona,2022,47.0,,,607.0,1
Sugarcane,2021-22,Nilphamari,2022,285.7,,,6022.89,1
Sugarcane,2021-22,Noakhali,2022,212.13,,,2316.86,1
Sugarcane,2021-22,Pabna,2022,7951.0,,,151338.0,1
Sugarcane,2021-22,Panchagarh,2022,3614.0,,,40736.5,1
Sugarcane,2021-22,Patuakhali,2022,73.0,,,320.0,1
Sugarcane,2021-22,Pirojpur,2022,336.0,,,2361.0,1
Sugarcane,2021-22,Rajbari,2022,2632.0,,,47600.0,1
Sugarcane,2021-22,Rajshahi,2022,13565.35,,,251000.62,1
Sugarcane,2021-22,Rangamati,2022,525.3,,,7535.15,1
Sugarcane,2021-22,Rangpur,2022,959.0,,,20914.0,1
Sugarcane,2021-22,Satkhira,2022,278.0,,,5648.0,1
Sugarcane,2021-22,Shariatpur,2022,1034.0,,,14965.0,1
Sugarcane,2021-22,Sherpur,2022,241.0,,,5215.0,1
Sugarcane,2021-22,Sirajganj,2022,2188.46,,,38557.88,1
Sugarcane,2021-22,Sunamganj,2022,181.0,,,3190.0,1
Sugarcane,2021-22,Sylhet,2022,22.5,,,141.7,1
Sugarcane,2021-22,Tangail,2022,2869.25,,,48887.92,1
Sugarcane,2021-22,Thakurgaon,2022,10371.22,,,138925.6,1
Wheat,2020-21,Bagerhat,2022,259.0,105.0,1.905,200.0,1
Wheat,2020-21,Bandarban,2022,0.0,0.0,0.0,0.0,1
Wheat,2020-21,Barguna,2022,0.0,0.0,0.0,0.0,1
Wheat,2020-21,Barishal,2022,1800.0,728.0,2.328,1696.0,1
Wheat,2020-21,Bhola,2022,5670.0,2295.0,3.053,7005.0,1
Wheat,2020-21,Bogura,2022,6264.0,2535.0,2.929,7424.0,1
Wheat,2020-21,Brahmanbaria,2022,1898.0,768.0,1.793,1378.0,1
Wheat,2020-21,Chandpur,2022,107.0,43.0,2.701,117.0,1
Wheat,2020-21,Chapainababganj,2022,60134.0,24335.0,3.63,88327.0,1
Wheat,2020-21,Chattogram,2022,0.0,0.0,0.0,0.0,1
Wheat,2020-21,Chuadanga,2022,1869.0,756.0,3.718,2812.0,1
Wheat,2020-21,Cox's Bazar,2022,0.0,0.0,0.0,0.0,1
Wheat,2020-21,Cumilla,2022,1231.0,498.0,2.529,1259.0,1
Wheat,2020-21,Dhaka,2022,372.0,150.0,3.028,455.0,1
Wheat,2020-21,Dinajpur,2022,10237.0,4143.0,3.161,13095.0,1
Wheat,2020-21,Faridpur,2022,55341.0,22395.0,3.404,76226.0,1
Wheat,2020-21,Feni,2022,150.0,61.0,2.645,161.0,1
Wheat,2020-21,Gaibandha,2022,7317.0,2961.0,2.953,8743.0,1
Wheat,2020-21,Gazipur,2022,167.0,67.0,2.957,199.0,1
Wheat,2020-21,Gopalganj,2022,13291.0,5379.0,2.865,15409.0,1
Wheat,2020-21,Habiganj,2022,550.0,223.0,2.656,591.0,1
Wheat,2020-21,Jamalpur,2022,10623.0,4299.0,2.831,12169.0,1
Wheat,2020-21,Jashore,2022,1890.0,765.0,3.034,2320.0,1
Wheat,2020-21,Jhalokati,2022,160.0,65.0,3.079,199.0,1
Wheat,2020-21,Jhenaidah,2022,13261.0,5366.0,3.476,18652.0,1
Wheat,2020-21,Joypurhat,2022,5649.0,2286.0,2.711,6197.0,1
Wheat,2020-21,Khagrachhari,2022,0.0,0.0,0.0,0.0,1
Wheat,2020-21,Khulna,2022,497.0,201.0,2.571,517.0,1
Wheat,2020-21,Kishoreganj,2022,3030.0,1226.0,2.515,3084.0,1
Wheat,2020-21,Kurigram,2022,20932.0,8471.0,3.305,27995.0,1
Wheat,2020-21,Kushtia,2022,27399.0,11088.0,3.857,42760.0,1
Wheat,2020-21,Lakshmipur,2022,0.0,0.0,0.0,0.0,1
Wheat,2020-21,Lalmonirhat,2022,3302.0,1336.0,3.005,4016.0,1
Wheat,2020-21,Madaripur,2022,11787.0,4770.0,2.952,14079.0,1
Wheat,2020-21,Magura,2022,10947.0,4430.0,2.798,12394.0,1
Wheat,2020-21,Manikganj,2022,3993.0,1616.0,2.806,4534.0,1
Wheat,2020-21,Meherpur,2022,31854.0,12891.0,4.248,54755.0,1
Wheat,2020-21,Moulvibazar,2022,88.0,36.0,1.746,62.0,1
Wheat,2020-21,Munshiganj,2022,21.0,8.0,2.918,24.0,1
Wheat,2020-21,Mymensingh,2022,3247.0,1314.0,2.772,3642.0,1
Wheat,2020-21,Naogaon,2022,56124.0,22712.0,3.499,79462.0,1
Wheat,2020-21,Narail,2022,3717.0,1504.0,2.923,4397.0,1
Wheat,2020-21,Narayanganj,2022,140.0,56.0,1.901,107.0,1
Wheat,2020-21,Narsingdi,2022,241.0,98.0,2.232,218.0,1
Wheat,2020-21,Natore,2022,53757.0,21754.0,2.941,63971.0,1
Wheat,2020-21,Netrakona,2022,2005.0,811.0,2.145,1741.0,1
Wheat,2020-21,Nilphamari,2022,12475.0,5048.0,3.222,16265.0,1
Wheat,2020-21,Noakhali,2022,21.0,8.0,2.325,20.0,1
Wheat,2020-21,Pabna,2022,64976.0,26294.0,3.025,79528.0,1
Wheat,2020-21,Panchagarh,2022,44594.0,18046.0,3.297,59492.0,1
Wheat,2020-21,Patuakhali,2022,31.0,13.0,3.229,41.0,1
Wheat,2020-21,Pirojpur,2022,57.0,23.0,1.802,42.0,1
Wheat,2020-21,Rajbari,2022,29485.0,11932.0,2.619,31246.0,1
Wheat,2020-21,Rajshahi,2022,62433.0,25265.0,3.055,77184.0,1
Wheat,2020-21,Rangamati,2022,0.0,0.0,0.0,0.0,1
Wheat,2020-21,Rangpur,2022,4235.0,1714.0,4.15,7112.0,1
Wheat,2020-21,Satkhira,2022,1843.0,746.0,2.904,2165.0,1
Wheat,2020-21,Shariatpur,2022,10260.0,4152.0,3.245,13473.0,1
Wheat,2020-21,Sherpur,2022,2080.0,842.0,2.899,2440.0,1
Wheat,2020-21,Sirajganj,2022,13460.0,5447.0,2.84,15470.0,1
Wheat,2020-21,Sunamganj,2022,1172.0,474.0,1.751,830.0,1
Wheat,2020-21,Sylhet,2022,590.0,239.0,1.83,437.0,1
Wheat,2020-21,Tangail,2022,11985.0,4850.0,2.807,13613.0,1
Wheat,2020-21,Thakurgaon,2022,121790.0,49286.0,3.726,183617.0,1
Wheat,2021-22,Bagerhat,2022,265.0,107.0,2.499,268.0,1
Wheat,2021-22,Bandarban,2022,0.0,0.0,0.0,0.0,1
Wheat,2021-22,Barguna,2022,0.0,0.0,0.0,0.0,1
Wheat,2021-22,Barishal,2022,1207.0,489.0,2.39,1168.0,1
Wheat,2021-22,Bhola,2022,7010.0,2838.0,3.991,11327.0,1
Wheat,2021-22,Bogura,2022,6997.0,2833.0,2.676,7581.0,1
Wheat,2021-22,Brahmanbaria,2022,2038.0,825.0,2.438,2011.0,1
Wheat,2021-22,Chandpur,2022,125.0,51.0,2.094,106.0,1
Wheat,2021-22,Chapainababganj,2022,62082.0,25134.0,4.077,102475.0,1
Wheat,2021-22,Chattogram,2022,0.0,0.0,0.0,0.0,1
Wheat,2021-22,Chuadanga,2022,2221.0,899.0,3.408,3064.0,1
Wheat,2021-22,Cox's Bazar,2022,0.0,0.0,0.0,0.0,1
Wheat,2021-22,Cumilla,2022,1119.0,453.0,2.603,1179.0,1
Wheat,2021-22,Dhaka,2022,147.0,60.0,3.168,189.0,1
Wheat,2021-22,Dinajpur,2022,8175.0,3310.0,3.009,9957.0,1
Wheat,2021-22,Faridpur,2022,46223.0,18714.0,3.674,68756.0,1
Wheat,2021-22,Feni,2022,15.0,6.0,1.496,9.0,1
Wheat,2021-22,Gaibandha,2022,7770.0,3146.0,2.702,8501.0,1
Wheat,2021-22,Gazipur,2022,139.0,56.0,1.878,106.0,1
Wheat,2021-22,Gopalganj,2022,15145.0,6132.0,2.841,17418.0,1
Wheat,2021-22,Habiganj,2022,506.0,205.0,2.52,516.0,1
Wheat,2021-22,Jamalpur,2022,10363.0,4196.0,2.654,11135.0,1
Wheat,2021-22,Jashore,2022,1012.0,410.0,3.097,1269.0,1
Wheat,2021-22,Jhalokati,2022,292.0,118.0,2.862,338.0,1
Wheat,2021-22,Jhenaidah,2022,1016.0,4115.0,3.547,14595.0,1
Wheat,2021-22,Joypurhat,2022,5615.0,2273.0,2.475,5627.0,1
Wheat,2021-22,Khagrachhari,2022,0.0,0.0,0.0,0.0,1
Wheat,2021-22,Khulna,2022,546.0,221.0,2.719,601.0,1
Wheat,2021-22,Kishoreganj,2022,2682.0,1086.0,2.454,2665.0,1
Wheat,2021-22,Kurigram,2022,19950.0,8077.0,2.973,24015.0,1
Wheat,2021-22,Kushtia,2022,2761.0,11180.0,4.201,46961.0,1
Wheat,2021-22,Lakshmipur,2022,406.0,164.0,4.174,686.0,1
Wheat,2021-22,Lalmonirhat,2022,3292.0,1333.0,3.36,4479.0,1
Wheat,2021-22,Madaripur,2022,12056.0,4881.0,3.207,15652.0,1
Wheat,2021-22,Magura,2022,7398.0,7398.0,31.21,2.878,1
Wheat,2021-22,Manikganj,2022,770.0,312.0,2.85,888.0,1
Wheat,2021-22,Meherpur,2022,30176.0,12217.0,4.405,53819.0,1
Wheat,2021-22,Moulvibazar,2022,72.0,29.0,1.709,50.0,1
Wheat,2021-22,Munshiganj,2022,22.0,9.0,3.599,32.0,1
Wheat,2021-22,Mymensingh,2022,3232.0,1309.0,2.712,3548.0,1
Wheat,2021-22,Naogaon,2022,49131.0,19891.0,3.362,66877.0,1
Wheat,2021-22,Narail,2022,3524.0,1427.0,2.919,4165.0,1
Wheat,2021-22,Narayanganj,2022,66.0,27.0,2.69,72.0,1
Wheat,2021-22,Narsingdi,2022,238.0,96.0,2.335,225.0,1
Wheat,2021-22,Natore,2022,57173.0,23147.0,3.471,80353.0,1
Wheat,2021-22,Netrakona,2022,1821.0,737.0,2.592,1911.0,1
Wheat,2021-22,Nilphamari,2022,10827.0,4383.0,3.021,13244.0,1
Wheat,2021-22,Noakhali,2022,21.0,8.0,2.439,21.0,1
Wheat,2021-22,Pabna,2022,63065.0,25532.0,2.841,72532.0,1
Wheat,2021-22,Panchagarh,2022,52858.0,21400.0,3.548,75927.0,1
Wheat,2021-22,Patuakhali,2022,45.0,18.0,3.228,58.0,1
Wheat,2021-22,Pirojpur,2022,49.0,20.0,3.429,68.0,1
Wheat,2021-22,Rajbari,2022,28525.0,11549.0,3.157,36457.0,1
Wheat,2021-22,Rajshahi,2022,58025.0,23492.0,3.228,75831.0,1
Wheat,2021-22,Rangamati,2022,0.0,0.0,0.0,0.0,1
Wheat,2021-22,Rangpur,2022,4038.0,1635.0,3.026,4947.0,1
Wheat,2021-22,Satkhira,2022,1531.0,620.0,2.911,1804.0,1
Wheat,2021-22,Shariatpur,2022,10317.0,4177.0,3.219,13444.0,1
Wheat,2021-22,Sherpur,2022,1898.0,768.0,2.682,2061.0,1
Wheat,2021-22,Sirajganj,2022,12386.0,5015.0,2.963,14858.0,1
Wheat,2021-22,Sunamganj,2022,854.0,346.0,2.843,983.0,1
Wheat,2021-22,Sylhet,2022,574.0,232.0,2.236,520.0,1
Wheat,2021-22,Tangail,2022,11056.0,4476.0,2.689,12039.0,1
Wheat,2021-22,Thakurgaon,2022,11285.0,45689.0,3.892,177827.0,1
